--
-- PostgreSQL database dump
--

-- Dumped from database version 14.2 (Debian 14.2-1.pgdg110+1)
-- Dumped by pg_dump version 14.2

SET statement_timeout = 0;
SET lock_timeout = 0;
SET idle_in_transaction_session_timeout = 0;
SET client_encoding = 'UTF8';
SET standard_conforming_strings = on;
SELECT pg_catalog.set_config('search_path', '', false);
SET check_function_bodies = false;
SET xmloption = content;
SET client_min_messages = warning;
SET row_security = off;

--
-- Data for Name: ban_reasons; Type: TABLE DATA; Schema: upchieve; Owner: admin
--

COPY upchieve.ban_reasons (id, name, created_at, updated_at) FROM stdin;
1	non us signup	2022-04-20 22:08:11.830533+00	2022-04-20 22:08:11.830533+00
2	session reported	2022-04-20 22:08:11.836921+00	2022-04-20 22:08:11.836921+00
3	used banned ip	2022-04-20 22:08:11.842404+00	2022-04-20 22:08:11.842404+00
4	admin	2022-04-20 22:08:11.84687+00	2022-04-20 22:08:11.84687+00
5	banned service provider	2022-04-20 22:08:11.852816+00	2022-04-20 22:08:11.852816+00
\.


--
-- Data for Name: signup_sources; Type: TABLE DATA; Schema: upchieve; Owner: admin
--

COPY upchieve.signup_sources (id, name, created_at, updated_at) FROM stdin;
1	Web search	2022-04-20 22:08:11.859389+00	2022-04-20 22:08:11.859389+00
2	Social media	2022-04-20 22:08:11.865965+00	2022-04-20 22:08:11.865965+00
3	Friend / Classmate	2022-04-20 22:08:11.87162+00	2022-04-20 22:08:11.87162+00
4	School / Teacher	2022-04-20 22:08:11.87856+00	2022-04-20 22:08:11.87856+00
5	Parent / Relative	2022-04-20 22:08:11.884365+00	2022-04-20 22:08:11.884365+00
6	Other	2022-04-20 22:08:11.890502+00	2022-04-20 22:08:11.890502+00
\.


--
-- Data for Name: users; Type: TABLE DATA; Schema: upchieve; Owner: admin
--

COPY upchieve.users (id, verified, email_verified, phone_verified, email, password, password_reset_token, first_name, last_name, deactivated, last_activity_at, referral_code, referred_by, test_user, banned, ban_reason_id, time_tutored, signup_source_id, created_at, updated_at, phone, mongo_id) FROM stdin;
01804905-07a9-9997-38a4-6fab6f2c9ca1	t	f	f	volunteer1@upchieve.org	$2a$10$z.JMHnbX9IubnNZtqI.FOecTPVY1VTU1DJ6AJGIOT/x/OyAtdw3.y	\N	Partner	UPchieve	f	\N	B	\N	f	f	\N	25200000	\N	2022-04-20 22:08:28.438469+00	2022-04-20 22:08:28.438469+00	+12125551212	\N
01804905-07a9-4c9f-7e60-dee99cab993f	t	f	f	volunteer2@upchieve.org	$2a$10$z.JMHnbX9IubnNZtqI.FOecTPVY1VTU1DJ6AJGIOT/x/OyAtdw3.y	\N	Special Reporting	UPchieve	f	\N	C	\N	f	f	\N	25200000	\N	2022-04-20 22:08:28.450413+00	2022-04-20 22:08:28.450413+00	+12125551213	\N
01804905-07a9-76ad-15fd-748aa12f5a78	t	f	f	volunteer3@upchieve.org	$2a$10$z.JMHnbX9IubnNZtqI.FOecTPVY1VTU1DJ6AJGIOT/x/OyAtdw3.y	\N	Open Sign Up	UPchieve	f	\N	D	\N	f	f	\N	25200000	\N	2022-04-20 22:08:28.464138+00	2022-04-20 22:08:28.464138+00	+12125551214	\N
01804905-07a9-04b4-0d0a-1f8dd5d882e2	t	f	f	volunteer4@upchieve.org	$2a$10$z.JMHnbX9IubnNZtqI.FOecTPVY1VTU1DJ6AJGIOT/x/OyAtdw3.y	\N	Needs Onboarding	UPchieve	f	\N	E	\N	f	f	\N	0	\N	2022-04-20 22:08:28.474656+00	2022-04-20 22:08:28.474656+00	+12125551215	\N
01804905-07a9-959f-5689-01b40dd79336	t	f	f	volunteer5@upchieve.org	$2a$10$z.JMHnbX9IubnNZtqI.FOecTPVY1VTU1DJ6AJGIOT/x/OyAtdw3.y	\N	Needs Approval	UPchieve	f	\N	Z	\N	f	f	\N	0	\N	2022-04-20 22:08:28.481715+00	2022-04-20 22:08:28.481715+00	+12125551216	\N
01804905-07a9-f1df-6002-9b99321d7e7c	t	f	f	volunteer6@upchieve.org	$2a$10$z.JMHnbX9IubnNZtqI.FOecTPVY1VTU1DJ6AJGIOT/x/OyAtdw3.y	\N	Admin	UPchieve	f	\N	Y	\N	f	f	\N	0	\N	2022-04-20 22:08:28.492672+00	2022-04-20 22:08:28.492672+00	+12125551217	\N
01804905-0ad1-7d35-4c34-39f0ceab6073	t	f	f	student1@upchieve.org	$2a$10$z.JMHnbX9IubnNZtqI.FOecTPVY1VTU1DJ6AJGIOT/x/OyAtdw3.y	\N	Student	UPchieve	f	\N	A	\N	f	f	\N	\N	\N	2022-04-20 22:08:28.885896+00	2022-04-20 22:08:28.885896+00	\N	\N
01804905-0ad1-f79c-0fd6-031d9bcb4c2e	t	f	f	student2@upchieve.org	$2a$10$z.JMHnbX9IubnNZtqI.FOecTPVY1VTU1DJ6AJGIOT/x/OyAtdw3.y	\N	Student	UPchieve	f	\N	F	\N	f	f	\N	\N	\N	2022-04-20 22:08:28.898146+00	2022-04-20 22:08:28.898146+00	\N	\N
01804905-0ad1-ee7a-f97a-93defd5ddfde	t	f	f	student3@upchieve.org	$2a$10$z.JMHnbX9IubnNZtqI.FOecTPVY1VTU1DJ6AJGIOT/x/OyAtdw3.y	\N	Student	UPchieve	f	\N	G	\N	f	f	\N	\N	\N	2022-04-20 22:08:28.917828+00	2022-04-20 22:08:28.917828+00	\N	\N
\.


--
-- Data for Name: admin_profiles; Type: TABLE DATA; Schema: upchieve; Owner: admin
--

COPY upchieve.admin_profiles (user_id, created_at, updated_at) FROM stdin;
01804905-07a9-f1df-6002-9b99321d7e7c	2022-04-20 22:08:28.878631+00	2022-04-20 22:08:28.878631+00
\.


--
-- Data for Name: tool_types; Type: TABLE DATA; Schema: upchieve; Owner: admin
--

COPY upchieve.tool_types (id, name, created_at, updated_at) FROM stdin;
1	whiteboard	2022-04-20 22:08:12.084741+00	2022-04-20 22:08:12.084741+00
2	documenteditor	2022-04-20 22:08:12.091017+00	2022-04-20 22:08:12.091017+00
\.


--
-- Data for Name: topics; Type: TABLE DATA; Schema: upchieve; Owner: admin
--

COPY upchieve.topics (id, name, icon_link, color, dashboard_order, display_name, created_at, updated_at) FROM stdin;
1	math	\N	\N	1	Math	2022-04-20 22:08:12.054601+00	2022-04-20 22:08:12.054601+00
2	science	\N	\N	4	Science	2022-04-20 22:08:12.061144+00	2022-04-20 22:08:12.061144+00
3	college	\N	\N	3	College Counseling	2022-04-20 22:08:12.067085+00	2022-04-20 22:08:12.067085+00
4	sat	\N	\N	2	Standardized Testing	2022-04-20 22:08:12.072704+00	2022-04-20 22:08:12.072704+00
5	readingWriting	\N	\N	5	Reading and Writing	2022-04-20 22:08:12.078228+00	2022-04-20 22:08:12.078228+00
\.


--
-- Data for Name: subjects; Type: TABLE DATA; Schema: upchieve; Owner: admin
--

COPY upchieve.subjects (id, name, display_name, display_order, topic_id, tool_type_id, created_at, updated_at) FROM stdin;
1	prealgebra	Prealgebra	1	1	1	2022-04-20 22:08:12.097184+00	2022-04-20 22:08:12.097184+00
2	algebraOne	Algebra 1	2	1	1	2022-04-20 22:08:12.105305+00	2022-04-20 22:08:12.105305+00
3	algebraTwo	Algebra 2	3	1	1	2022-04-20 22:08:12.11175+00	2022-04-20 22:08:12.11175+00
4	geometry	Geometry	4	1	1	2022-04-20 22:08:12.118871+00	2022-04-20 22:08:12.118871+00
5	trigonometry	Trigonometry	5	1	1	2022-04-20 22:08:12.125103+00	2022-04-20 22:08:12.125103+00
6	precalculus	Precalculus	6	1	1	2022-04-20 22:08:12.136708+00	2022-04-20 22:08:12.136708+00
7	calculusAB	Calculus AB	7	1	1	2022-04-20 22:08:12.144102+00	2022-04-20 22:08:12.144102+00
8	calculusBC	Calculus BC	8	1	1	2022-04-20 22:08:12.149622+00	2022-04-20 22:08:12.149622+00
9	statistics	Statistics	9	1	1	2022-04-20 22:08:12.156859+00	2022-04-20 22:08:12.156859+00
10	biology	Biology	1	2	1	2022-04-20 22:08:12.162599+00	2022-04-20 22:08:12.162599+00
11	chemistry	Chemistry	2	2	1	2022-04-20 22:08:12.168827+00	2022-04-20 22:08:12.168827+00
12	physicsOne	Physics 1	3	2	1	2022-04-20 22:08:12.174767+00	2022-04-20 22:08:12.174767+00
13	physicsTwo	Physics 2	4	2	1	2022-04-20 22:08:12.181466+00	2022-04-20 22:08:12.181466+00
14	environmentalScience	Environmental Science	5	2	1	2022-04-20 22:08:12.188198+00	2022-04-20 22:08:12.188198+00
15	satMath	SAT Math	1	4	1	2022-04-20 22:08:12.194352+00	2022-04-20 22:08:12.194352+00
16	satReading	SAT Reading	2	4	2	2022-04-20 22:08:12.201092+00	2022-04-20 22:08:12.201092+00
17	essays	College Essays	2	3	2	2022-04-20 22:08:12.207531+00	2022-04-20 22:08:12.207531+00
18	planning	Planning	1	3	2	2022-04-20 22:08:12.213568+00	2022-04-20 22:08:12.213568+00
19	applications	Applications	3	3	2	2022-04-20 22:08:12.221549+00	2022-04-20 22:08:12.221549+00
20	humanitiesEssays	Humanities Essays	1	5	2	2022-04-20 22:08:12.227243+00	2022-04-20 22:08:12.227243+00
21	integratedMathOne	Integrated Math One	9	1	1	2022-04-20 22:08:12.23266+00	2022-04-20 22:08:12.23266+00
22	integratedMathTwo	Integrated Math Two	9	1	1	2022-04-20 22:08:12.238153+00	2022-04-20 22:08:12.238153+00
23	integratedMathThree	Integrated Math Three	9	1	1	2022-04-20 22:08:12.2446+00	2022-04-20 22:08:12.2446+00
24	integratedMathFour	Integrated Math Four	9	1	1	2022-04-20 22:08:12.250402+00	2022-04-20 22:08:12.250402+00
25	reading	Reading	2	5	2	2022-04-20 22:08:16.577954+00	2022-04-20 22:08:16.577954+00
\.


--
-- Data for Name: user_roles; Type: TABLE DATA; Schema: upchieve; Owner: admin
--

COPY upchieve.user_roles (id, name, created_at, updated_at) FROM stdin;
1	student	2022-04-20 22:08:11.813734+00	2022-04-20 22:08:11.813734+00
2	volunteer	2022-04-20 22:08:11.820268+00	2022-04-20 22:08:11.820268+00
3	admin	2022-04-20 22:08:11.825239+00	2022-04-20 22:08:11.825239+00
\.


--
-- Data for Name: sessions; Type: TABLE DATA; Schema: upchieve; Owner: admin
--

COPY upchieve.sessions (id, student_id, volunteer_id, subject_id, has_whiteboard_doc, quill_doc, volunteer_joined_at, ended_at, ended_by_role_id, reviewed, to_review, student_banned, time_tutored, created_at, updated_at, mongo_id) FROM stdin;
\.


--
-- Data for Name: assistments_data; Type: TABLE DATA; Schema: upchieve; Owner: admin
--

COPY upchieve.assistments_data (id, problem_id, assignment_id, student_id, session_id, sent, created_at, updated_at, sent_at, mongo_id) FROM stdin;
\.


--
-- Data for Name: sponsor_orgs; Type: TABLE DATA; Schema: upchieve; Owner: admin
--

COPY upchieve.sponsor_orgs (id, name, created_at, updated_at, key) FROM stdin;
\.


--
-- Data for Name: student_partner_orgs; Type: TABLE DATA; Schema: upchieve; Owner: admin
--

COPY upchieve.student_partner_orgs (id, key, name, signup_code, high_school_signup, college_signup, school_signup_required, created_at, updated_at) FROM stdin;
01804904-c7fd-6e21-8dfd-6f77fd075ff8	college-mentors	College Mentors	MENTORS	t	f	t	2022-04-20 22:08:11.938358+00	2022-04-20 22:08:11.938358+00
01804904-c7fe-c228-f7f7-6ed51262d9a7	community-org	Community Org	COMMUNITY	t	f	f	2022-04-20 22:08:11.947247+00	2022-04-20 22:08:11.947247+00
01804904-c7fe-73ec-5885-c98c4718edd0	school-helpers	School Helpers	SCHOOLHELPERS	f	f	f	2022-04-20 22:08:11.954527+00	2022-04-20 22:08:11.954527+00
\.


--
-- Data for Name: volunteer_partner_orgs; Type: TABLE DATA; Schema: upchieve; Owner: admin
--

COPY upchieve.volunteer_partner_orgs (id, key, name, receive_weekly_hour_summary_email, created_at, updated_at) FROM stdin;
01804904-c829-5940-6264-f0b6897819ba	big-telecom	Big Telecom	t	2022-04-20 22:08:11.978433+00	2022-04-20 22:08:11.978433+00
01804904-c829-60df-0127-e781f36f1605	health-co	Health Co	f	2022-04-20 22:08:11.984477+00	2022-04-20 22:08:11.984477+00
\.


--
-- Data for Name: associated_partners; Type: TABLE DATA; Schema: upchieve; Owner: admin
--

COPY upchieve.associated_partners (id, key, volunteer_partner_org_id, student_partner_org_id, student_sponsor_org_id, created_at, updated_at) FROM stdin;
\.


--
-- Data for Name: weekdays; Type: TABLE DATA; Schema: upchieve; Owner: admin
--

COPY upchieve.weekdays (id, day, created_at, updated_at) FROM stdin;
1	Sunday	2022-04-20 22:08:11.775466+00	2022-04-20 22:08:11.775466+00
2	Monday	2022-04-20 22:08:11.78186+00	2022-04-20 22:08:11.78186+00
3	Tuesday	2022-04-20 22:08:11.786264+00	2022-04-20 22:08:11.786264+00
4	Wednesday	2022-04-20 22:08:11.79185+00	2022-04-20 22:08:11.79185+00
5	Thursday	2022-04-20 22:08:11.798738+00	2022-04-20 22:08:11.798738+00
6	Friday	2022-04-20 22:08:11.80418+00	2022-04-20 22:08:11.80418+00
7	Saturday	2022-04-20 22:08:11.809115+00	2022-04-20 22:08:11.809115+00
\.


--
-- Data for Name: availabilities; Type: TABLE DATA; Schema: upchieve; Owner: admin
--

COPY upchieve.availabilities (id, user_id, weekday_id, available_start, available_end, timezone, created_at, updated_at) FROM stdin;
\.


--
-- Data for Name: availability_histories; Type: TABLE DATA; Schema: upchieve; Owner: admin
--

COPY upchieve.availability_histories (id, user_id, weekday_id, available_start, available_end, timezone, recorded_at, created_at, updated_at) FROM stdin;
\.


--
-- Data for Name: certifications; Type: TABLE DATA; Schema: upchieve; Owner: admin
--

COPY upchieve.certifications (id, name, created_at, updated_at) FROM stdin;
1	prealgebra	2022-04-20 22:08:15.593593+00	2022-04-20 22:08:15.593593+00
2	statistics	2022-04-20 22:08:15.600813+00	2022-04-20 22:08:15.600813+00
3	geometry	2022-04-20 22:08:15.605739+00	2022-04-20 22:08:15.605739+00
4	biology	2022-04-20 22:08:15.611402+00	2022-04-20 22:08:15.611402+00
5	chemistry	2022-04-20 22:08:15.616887+00	2022-04-20 22:08:15.616887+00
6	physicsOne	2022-04-20 22:08:15.623821+00	2022-04-20 22:08:15.623821+00
7	physicsTwo	2022-04-20 22:08:15.6296+00	2022-04-20 22:08:15.6296+00
8	environmentalScience	2022-04-20 22:08:15.637075+00	2022-04-20 22:08:15.637075+00
9	essays	2022-04-20 22:08:15.642943+00	2022-04-20 22:08:15.642943+00
10	applications	2022-04-20 22:08:15.647904+00	2022-04-20 22:08:15.647904+00
11	planning	2022-04-20 22:08:15.652423+00	2022-04-20 22:08:15.652423+00
12	satMath	2022-04-20 22:08:15.656869+00	2022-04-20 22:08:15.656869+00
13	satReading	2022-04-20 22:08:15.661663+00	2022-04-20 22:08:15.661663+00
14	collegeCounseling	2022-04-20 22:08:15.666937+00	2022-04-20 22:08:15.666937+00
15	humanitiesEssays	2022-04-20 22:08:15.672155+00	2022-04-20 22:08:15.672155+00
16	algebraOne	2022-04-20 22:08:15.677214+00	2022-04-20 22:08:15.677214+00
17	algebraTwo	2022-04-20 22:08:15.682872+00	2022-04-20 22:08:15.682872+00
18	trigonometry	2022-04-20 22:08:15.688517+00	2022-04-20 22:08:15.688517+00
19	precalculus	2022-04-20 22:08:15.693694+00	2022-04-20 22:08:15.693694+00
20	calculusAB	2022-04-20 22:08:15.698059+00	2022-04-20 22:08:15.698059+00
21	calculusBC	2022-04-20 22:08:15.702764+00	2022-04-20 22:08:15.702764+00
22	reading	2022-04-20 22:08:16.577954+00	2022-04-20 22:08:16.577954+00
\.


--
-- Data for Name: certification_subject_unlocks; Type: TABLE DATA; Schema: upchieve; Owner: admin
--

COPY upchieve.certification_subject_unlocks (subject_id, certification_id, created_at, updated_at) FROM stdin;
21	16	2022-04-20 22:08:15.938538+00	2022-04-20 22:08:15.938538+00
21	3	2022-04-20 22:08:15.946564+00	2022-04-20 22:08:15.946564+00
21	2	2022-04-20 22:08:15.952715+00	2022-04-20 22:08:15.952715+00
22	16	2022-04-20 22:08:15.957863+00	2022-04-20 22:08:15.957863+00
22	3	2022-04-20 22:08:15.963809+00	2022-04-20 22:08:15.963809+00
22	2	2022-04-20 22:08:15.970271+00	2022-04-20 22:08:15.970271+00
22	18	2022-04-20 22:08:15.975495+00	2022-04-20 22:08:15.975495+00
23	19	2022-04-20 22:08:15.980521+00	2022-04-20 22:08:15.980521+00
23	2	2022-04-20 22:08:15.986003+00	2022-04-20 22:08:15.986003+00
24	19	2022-04-20 22:08:15.991419+00	2022-04-20 22:08:15.991419+00
1	1	2022-04-20 22:08:15.995624+00	2022-04-20 22:08:15.995624+00
9	2	2022-04-20 22:08:16.0019+00	2022-04-20 22:08:16.0019+00
4	3	2022-04-20 22:08:16.008271+00	2022-04-20 22:08:16.008271+00
10	4	2022-04-20 22:08:16.014403+00	2022-04-20 22:08:16.014403+00
11	5	2022-04-20 22:08:16.019208+00	2022-04-20 22:08:16.019208+00
12	6	2022-04-20 22:08:16.024476+00	2022-04-20 22:08:16.024476+00
13	7	2022-04-20 22:08:16.030369+00	2022-04-20 22:08:16.030369+00
14	8	2022-04-20 22:08:16.035997+00	2022-04-20 22:08:16.035997+00
17	9	2022-04-20 22:08:16.042107+00	2022-04-20 22:08:16.042107+00
19	10	2022-04-20 22:08:16.04863+00	2022-04-20 22:08:16.04863+00
18	11	2022-04-20 22:08:16.052902+00	2022-04-20 22:08:16.052902+00
15	12	2022-04-20 22:08:16.058896+00	2022-04-20 22:08:16.058896+00
16	13	2022-04-20 22:08:16.06475+00	2022-04-20 22:08:16.06475+00
20	15	2022-04-20 22:08:16.072501+00	2022-04-20 22:08:16.072501+00
2	16	2022-04-20 22:08:16.080673+00	2022-04-20 22:08:16.080673+00
3	17	2022-04-20 22:08:16.093433+00	2022-04-20 22:08:16.093433+00
5	18	2022-04-20 22:08:16.099564+00	2022-04-20 22:08:16.099564+00
6	19	2022-04-20 22:08:16.108494+00	2022-04-20 22:08:16.108494+00
7	20	2022-04-20 22:08:16.114534+00	2022-04-20 22:08:16.114534+00
8	21	2022-04-20 22:08:16.120734+00	2022-04-20 22:08:16.120734+00
25	22	2022-04-20 22:08:16.577954+00	2022-04-20 22:08:16.577954+00
\.


--
-- Data for Name: us_states; Type: TABLE DATA; Schema: upchieve; Owner: admin
--

COPY upchieve.us_states (code, name, created_at, updated_at) FROM stdin;
AL	Alabama	2022-04-20 22:08:10.294688+00	2022-04-20 22:08:10.294688+00
AK	Alaska	2022-04-20 22:08:10.308539+00	2022-04-20 22:08:10.308539+00
AR	Arkansas	2022-04-20 22:08:10.314698+00	2022-04-20 22:08:10.314698+00
AZ	Arizona	2022-04-20 22:08:10.321238+00	2022-04-20 22:08:10.321238+00
CA	California	2022-04-20 22:08:10.326512+00	2022-04-20 22:08:10.326512+00
CO	Colorado	2022-04-20 22:08:10.331775+00	2022-04-20 22:08:10.331775+00
CT	Connecticut	2022-04-20 22:08:10.338333+00	2022-04-20 22:08:10.338333+00
DE	Delaware	2022-04-20 22:08:10.343408+00	2022-04-20 22:08:10.343408+00
DC	District of Columbia	2022-04-20 22:08:10.354298+00	2022-04-20 22:08:10.354298+00
FL	Florida	2022-04-20 22:08:10.364737+00	2022-04-20 22:08:10.364737+00
GA	Georgia	2022-04-20 22:08:10.371097+00	2022-04-20 22:08:10.371097+00
HI	Hawaii	2022-04-20 22:08:10.37653+00	2022-04-20 22:08:10.37653+00
ID	Idaho	2022-04-20 22:08:10.382121+00	2022-04-20 22:08:10.382121+00
IL	Illinois	2022-04-20 22:08:10.388359+00	2022-04-20 22:08:10.388359+00
IN	Indiana	2022-04-20 22:08:10.39351+00	2022-04-20 22:08:10.39351+00
IA	Iowa	2022-04-20 22:08:10.398484+00	2022-04-20 22:08:10.398484+00
KS	Kansas	2022-04-20 22:08:10.404924+00	2022-04-20 22:08:10.404924+00
KY	Kentucky	2022-04-20 22:08:10.412121+00	2022-04-20 22:08:10.412121+00
LA	Louisiana	2022-04-20 22:08:10.419088+00	2022-04-20 22:08:10.419088+00
ME	Maine	2022-04-20 22:08:10.42493+00	2022-04-20 22:08:10.42493+00
MD	Maryland	2022-04-20 22:08:10.430651+00	2022-04-20 22:08:10.430651+00
MA	Massachusetts	2022-04-20 22:08:10.435717+00	2022-04-20 22:08:10.435717+00
MI	Michigan	2022-04-20 22:08:10.440532+00	2022-04-20 22:08:10.440532+00
MN	Minnesota	2022-04-20 22:08:10.446154+00	2022-04-20 22:08:10.446154+00
MS	Mississippi	2022-04-20 22:08:10.451148+00	2022-04-20 22:08:10.451148+00
MO	Missouri	2022-04-20 22:08:10.455364+00	2022-04-20 22:08:10.455364+00
MT	Montana	2022-04-20 22:08:10.460381+00	2022-04-20 22:08:10.460381+00
NE	Nebraska	2022-04-20 22:08:10.464839+00	2022-04-20 22:08:10.464839+00
NV	Nevada	2022-04-20 22:08:10.469508+00	2022-04-20 22:08:10.469508+00
NH	New Hampshire	2022-04-20 22:08:10.474499+00	2022-04-20 22:08:10.474499+00
NJ	New Jersey	2022-04-20 22:08:10.47974+00	2022-04-20 22:08:10.47974+00
NM	New Mexico	2022-04-20 22:08:10.485911+00	2022-04-20 22:08:10.485911+00
NY	New York	2022-04-20 22:08:10.490145+00	2022-04-20 22:08:10.490145+00
NC	North Carolina	2022-04-20 22:08:10.494918+00	2022-04-20 22:08:10.494918+00
ND	North Dakota	2022-04-20 22:08:10.499454+00	2022-04-20 22:08:10.499454+00
OH	Ohio	2022-04-20 22:08:10.504342+00	2022-04-20 22:08:10.504342+00
OK	Oklahoma	2022-04-20 22:08:10.509836+00	2022-04-20 22:08:10.509836+00
OR	Oregon	2022-04-20 22:08:10.516365+00	2022-04-20 22:08:10.516365+00
PA	Pennsylvania	2022-04-20 22:08:10.522476+00	2022-04-20 22:08:10.522476+00
RI	Rhode Island	2022-04-20 22:08:10.527713+00	2022-04-20 22:08:10.527713+00
SC	South Carolina	2022-04-20 22:08:10.532706+00	2022-04-20 22:08:10.532706+00
SD	South Dakota	2022-04-20 22:08:10.537361+00	2022-04-20 22:08:10.537361+00
TN	Tennessee	2022-04-20 22:08:10.54236+00	2022-04-20 22:08:10.54236+00
TX	Texas	2022-04-20 22:08:10.546818+00	2022-04-20 22:08:10.546818+00
UT	Utah	2022-04-20 22:08:10.552553+00	2022-04-20 22:08:10.552553+00
VT	Vermont	2022-04-20 22:08:10.558159+00	2022-04-20 22:08:10.558159+00
VA	Virginia	2022-04-20 22:08:10.565677+00	2022-04-20 22:08:10.565677+00
WA	Washington	2022-04-20 22:08:10.571632+00	2022-04-20 22:08:10.571632+00
WV	West Virginia	2022-04-20 22:08:10.576885+00	2022-04-20 22:08:10.576885+00
WI	Wisconsin	2022-04-20 22:08:10.582378+00	2022-04-20 22:08:10.582378+00
WY	Wyoming	2022-04-20 22:08:10.589705+00	2022-04-20 22:08:10.589705+00
PR	Puerto Rico	2022-04-20 22:08:10.594616+00	2022-04-20 22:08:10.594616+00
GU	Guam	2022-04-20 22:08:10.599766+00	2022-04-20 22:08:10.599766+00
VI	Virgin Islands	2022-04-20 22:08:10.6068+00	2022-04-20 22:08:10.6068+00
AS	American Samoa	2022-04-20 22:08:10.612486+00	2022-04-20 22:08:10.612486+00
BI	Bureau of Indian Education	2022-04-20 22:08:10.618379+00	2022-04-20 22:08:10.618379+00
NA	NA	2022-04-20 22:08:10.624427+00	2022-04-20 22:08:10.624427+00
\.


--
-- Data for Name: cities; Type: TABLE DATA; Schema: upchieve; Owner: admin
--

COPY upchieve.cities (id, name, us_state_code, created_at, updated_at) FROM stdin;
1	Denver	CO	2022-04-20 22:08:28.355514+00	2022-04-20 22:08:28.355514+00
2	Brooklyn	NY	2022-04-20 22:08:28.37486+00	2022-04-20 22:08:28.37486+00
\.


--
-- Data for Name: contact_form_submissions; Type: TABLE DATA; Schema: upchieve; Owner: admin
--

COPY upchieve.contact_form_submissions (id, user_id, user_email, message, topic, created_at, updated_at) FROM stdin;
\.


--
-- Data for Name: feedbacks; Type: TABLE DATA; Schema: upchieve; Owner: admin
--

COPY upchieve.feedbacks (id, topic_id, subject_id, user_role_id, session_id, student_tutoring_feedback, student_counseling_feedback, volunteer_feedback, comment, user_id, legacy_feedbacks, created_at, updated_at, mongo_id) FROM stdin;
\.


--
-- Data for Name: grade_levels; Type: TABLE DATA; Schema: upchieve; Owner: admin
--

COPY upchieve.grade_levels (id, name, created_at, updated_at) FROM stdin;
1	8th	2022-04-20 22:08:11.895868+00	2022-04-20 22:08:11.895868+00
2	9th	2022-04-20 22:08:11.902606+00	2022-04-20 22:08:11.902606+00
3	10th	2022-04-20 22:08:11.907548+00	2022-04-20 22:08:11.907548+00
4	11th	2022-04-20 22:08:11.912104+00	2022-04-20 22:08:11.912104+00
5	12th	2022-04-20 22:08:11.918857+00	2022-04-20 22:08:11.918857+00
6	College	2022-04-20 22:08:11.924369+00	2022-04-20 22:08:11.924369+00
\.


--
-- Data for Name: ip_addresses; Type: TABLE DATA; Schema: upchieve; Owner: admin
--

COPY upchieve.ip_addresses (id, ip, status, created_at, updated_at, mongo_id) FROM stdin;
\.


--
-- Data for Name: postal_codes; Type: TABLE DATA; Schema: upchieve; Owner: admin
--

COPY upchieve.postal_codes (code, us_state_code, income, location, created_at, updated_at) FROM stdin;
00501	NY	0	(40.81,-73.04)	2022-04-20 22:08:10.921372+00	2022-04-20 22:08:10.921372+00
01010	MA	24915	(42.11,-72.2)	2022-04-20 22:08:10.939329+00	2022-04-20 22:08:10.939329+00
01011	MA	5853	(42.28,-72.98)	2022-04-20 22:08:11.110881+00	2022-04-20 22:08:11.110881+00
01009	MA	0	(42.2,-72.34)	2022-04-20 22:08:11.170889+00	2022-04-20 22:08:11.170889+00
01007	MA	103396	(42.27,-72.4)	2022-04-20 22:08:11.175483+00	2022-04-20 22:08:11.175483+00
01012	MA	4316	(42.4,-72.85)	2022-04-20 22:08:11.176762+00	2022-04-20 22:08:11.176762+00
01013	MA	79013	(42.15,-72.6)	2022-04-20 22:08:11.245615+00	2022-04-20 22:08:11.245615+00
01014	MA	0	(42.17,-72.57)	2022-04-20 22:08:11.25105+00	2022-04-20 22:08:11.25105+00
01020	MA	128543	(42.17,-72.57)	2022-04-20 22:08:11.252501+00	2022-04-20 22:08:11.252501+00
01004	MA	0	(42.37,-72.52)	2022-04-20 22:08:11.551689+00	2022-04-20 22:08:11.551689+00
01021	MA	0	(42.17,-72.57)	2022-04-20 22:08:11.557424+00	2022-04-20 22:08:11.557424+00
01022	MA	9070	(42.2,-72.54)	2022-04-20 22:08:11.55675+00	2022-04-20 22:08:11.55675+00
01026	MA	5097	(42.46,-72.9)	2022-04-20 22:08:11.559986+00	2022-04-20 22:08:11.559986+00
01008	MA	7667	(42.18,-72.93)	2022-04-20 22:08:11.559647+00	2022-04-20 22:08:11.559647+00
01003	MA	0	(42.39,-72.52)	2022-04-20 22:08:11.561245+00	2022-04-20 22:08:11.561245+00
01002	MA	147482	(42.37,-72.52)	2022-04-20 22:08:11.564493+00	2022-04-20 22:08:11.564493+00
01005	MA	24883	(42.42,-72.1)	2022-04-20 22:08:11.567718+00	2022-04-20 22:08:11.567718+00
00544	NY	0	(40.81,-73.04)	2022-04-20 22:08:11.571751+00	2022-04-20 22:08:11.571751+00
01028	MA	129755	(42.06,-72.51)	2022-04-20 22:08:11.599509+00	2022-04-20 22:08:11.599509+00
01029	MA	0	(42.17,-73.03)	2022-04-20 22:08:11.601514+00	2022-04-20 22:08:11.601514+00
01030	MA	68409	(42.06,-72.67)	2022-04-20 22:08:11.603284+00	2022-04-20 22:08:11.603284+00
01027	MA	105590	(42.26,-72.68)	2022-04-20 22:08:11.601774+00	2022-04-20 22:08:11.601774+00
01032	MA	2498	(42.46,-72.81)	2022-04-20 22:08:11.607886+00	2022-04-20 22:08:11.607886+00
01033	MA	39338	(42.26,-72.52)	2022-04-20 22:08:11.611605+00	2022-04-20 22:08:11.611605+00
01034	MA	12322	(42.06,-72.86)	2022-04-20 22:08:11.610414+00	2022-04-20 22:08:11.610414+00
01031	MA	4468	(42.33,-72.2)	2022-04-20 22:08:11.609516+00	2022-04-20 22:08:11.609516+00
01036	MA	38625	(42.06,-72.41)	2022-04-20 22:08:11.619626+00	2022-04-20 22:08:11.619626+00
01038	MA	18606	(42.37,-72.6)	2022-04-20 22:08:11.622344+00	2022-04-20 22:08:11.622344+00
01035	MA	36097	(42.35,-72.58)	2022-04-20 22:08:11.623909+00	2022-04-20 22:08:11.623909+00
01001	MA	91129	(42.06,-72.61)	2022-04-20 22:08:11.62344+00	2022-04-20 22:08:11.62344+00
01037	MA	0	(42.35,-72.2)	2022-04-20 22:08:11.625791+00	2022-04-20 22:08:11.625791+00
01040	MA	131177	(42.21,-72.64)	2022-04-20 22:08:11.625239+00	2022-04-20 22:08:11.625239+00
01041	MA	0	(42.21,-72.64)	2022-04-20 22:08:11.631765+00	2022-04-20 22:08:11.631765+00
01053	MA	11836	(42.35,-72.71)	2022-04-20 22:08:11.633128+00	2022-04-20 22:08:11.633128+00
01039	MA	11083	(42.39,-72.7)	2022-04-20 22:08:11.632101+00	2022-04-20 22:08:11.632101+00
01050	MA	12978	(42.23,-72.88)	2022-04-20 22:08:11.635474+00	2022-04-20 22:08:11.635474+00
01054	MA	16023	(42.45,-72.5)	2022-04-20 22:08:11.639774+00	2022-04-20 22:08:11.639774+00
01057	MA	50505	(42.09,-72.31)	2022-04-20 22:08:11.64531+00	2022-04-20 22:08:11.64531+00
01059	MA	0	(42.4,-72.52)	2022-04-20 22:08:11.64595+00	2022-04-20 22:08:11.64595+00
01060	MA	102735	(42.32,-72.63)	2022-04-20 22:08:11.644873+00	2022-04-20 22:08:11.644873+00
01056	MA	115904	(42.16,-72.48)	2022-04-20 22:08:11.642476+00	2022-04-20 22:08:11.642476+00
01063	MA	0	(42.32,-72.64)	2022-04-20 22:08:11.654017+00	2022-04-20 22:08:11.654017+00
01066	MA	0	(42.41,-72.66)	2022-04-20 22:08:11.65534+00	2022-04-20 22:08:11.65534+00
01068	MA	12012	(42.35,-72.05)	2022-04-20 22:08:11.657715+00	2022-04-20 22:08:11.657715+00
01069	MA	45510	(42.16,-72.32)	2022-04-20 22:08:11.658337+00	2022-04-20 22:08:11.658337+00
01061	MA	0	(42.32,-72.67)	2022-04-20 22:08:11.648949+00	2022-04-20 22:08:11.648949+00
01062	MA	83229	(42.32,-72.67)	2022-04-20 22:08:11.650438+00	2022-04-20 22:08:11.650438+00
01071	MA	8377	(42.18,-72.85)	2022-04-20 22:08:11.664329+00	2022-04-20 22:08:11.664329+00
01070	MA	3039	(42.51,-72.91)	2022-04-20 22:08:11.663273+00	2022-04-20 22:08:11.663273+00
01073	MA	47352	(42.23,-72.73)	2022-04-20 22:08:11.664645+00	2022-04-20 22:08:11.664645+00
01072	MA	9721	(42.45,-72.4)	2022-04-20 22:08:11.665772+00	2022-04-20 22:08:11.665772+00
01074	MA	0	(42.39,-72.09)	2022-04-20 22:08:11.667595+00	2022-04-20 22:08:11.667595+00
01075	MA	107068	(42.26,-72.56)	2022-04-20 22:08:11.673071+00	2022-04-20 22:08:11.673071+00
01079	MA	0	(42.2,-72.33)	2022-04-20 22:08:11.678824+00	2022-04-20 22:08:11.678824+00
01081	MA	8097	(42.06,-72.21)	2022-04-20 22:08:11.680826+00	2022-04-20 22:08:11.680826+00
01082	MA	46542	(42.25,-72.24)	2022-04-20 22:08:11.681924+00	2022-04-20 22:08:11.681924+00
01080	MA	8946	(42.18,-72.37)	2022-04-20 22:08:11.681806+00	2022-04-20 22:08:11.681806+00
01077	MA	66040	(42.05,-72.76)	2022-04-20 22:08:11.678954+00	2022-04-20 22:08:11.678954+00
01084	MA	0	(42.39,-72.88)	2022-04-20 22:08:11.684628+00	2022-04-20 22:08:11.684628+00
01083	MA	0	(42.21,-72.19)	2022-04-20 22:08:11.686136+00	2022-04-20 22:08:11.686136+00
01085	MA	212444	(42.13,-72.75)	2022-04-20 22:08:11.686918+00	2022-04-20 22:08:11.686918+00
01086	MA	0	(42.13,-72.79)	2022-04-20 22:08:11.687392+00	2022-04-20 22:08:11.687392+00
01088	MA	3453	(42.39,-72.64)	2022-04-20 22:08:11.696215+00	2022-04-20 22:08:11.696215+00
01089	MA	143418	(42.12,-72.65)	2022-04-20 22:08:11.696158+00	2022-04-20 22:08:11.696158+00
01090	MA	0	(42.12,-72.65)	2022-04-20 22:08:11.698362+00	2022-04-20 22:08:11.698362+00
01092	MA	0	(42.19,-72.24)	2022-04-20 22:08:11.702002+00	2022-04-20 22:08:11.702002+00
01097	MA	0	(42.18,-72.83)	2022-04-20 22:08:11.703589+00	2022-04-20 22:08:11.703589+00
01096	MA	16411	(42.4,-72.76)	2022-04-20 22:08:11.704165+00	2022-04-20 22:08:11.704165+00
01094	MA	0	(42.35,-72.14)	2022-04-20 22:08:11.703689+00	2022-04-20 22:08:11.703689+00
01093	MA	0	(42.44,-72.65)	2022-04-20 22:08:11.7014+00	2022-04-20 22:08:11.7014+00
01095	MA	133898	(42.13,-72.43)	2022-04-20 22:08:11.709535+00	2022-04-20 22:08:11.709535+00
01098	MA	6990	(42.41,-72.93)	2022-04-20 22:08:11.704925+00	2022-04-20 22:08:11.704925+00
01102	MA	0	(42.11,-72.53)	2022-04-20 22:08:11.708847+00	2022-04-20 22:08:11.708847+00
01104	MA	64690	(42.13,-72.57)	2022-04-20 22:08:11.710423+00	2022-04-20 22:08:11.710423+00
01103	MA	7500	(42.1,-72.59)	2022-04-20 22:08:11.711933+00	2022-04-20 22:08:11.711933+00
01101	MA	0	(42.11,-72.53)	2022-04-20 22:08:11.712302+00	2022-04-20 22:08:11.712302+00
01106	MA	215209	(42.04,-72.57)	2022-04-20 22:08:11.719925+00	2022-04-20 22:08:11.719925+00
01108	MA	73942	(42.08,-72.56)	2022-04-20 22:08:11.71993+00	2022-04-20 22:08:11.71993+00
01109	MA	66323	(42.11,-72.53)	2022-04-20 22:08:11.720887+00	2022-04-20 22:08:11.720887+00
01107	MA	22891	(42.12,-72.61)	2022-04-20 22:08:11.721754+00	2022-04-20 22:08:11.721754+00
01105	MA	17273	(42.1,-72.58)	2022-04-20 22:08:11.718702+00	2022-04-20 22:08:11.718702+00
01118	MA	66293	(42.09,-72.53)	2022-04-20 22:08:11.7294+00	2022-04-20 22:08:11.7294+00
01116	MA	0	(42.04,-72.57)	2022-04-20 22:08:11.729832+00	2022-04-20 22:08:11.729832+00
01115	MA	0	(42.11,-72.53)	2022-04-20 22:08:11.727721+00	2022-04-20 22:08:11.727721+00
01111	MA	0	(42.11,-72.53)	2022-04-20 22:08:11.726585+00	2022-04-20 22:08:11.726585+00
01119	MA	46384	(42.12,-72.51)	2022-04-20 22:08:11.734596+00	2022-04-20 22:08:11.734596+00
01128	MA	14775	(42.09,-72.49)	2022-04-20 22:08:11.734439+00	2022-04-20 22:08:11.734439+00
01129	MA	32342	(42.12,-72.49)	2022-04-20 22:08:11.737716+00	2022-04-20 22:08:11.737716+00
01138	MA	0	(42.11,-72.53)	2022-04-20 22:08:11.741431+00	2022-04-20 22:08:11.741431+00
01139	MA	0	(42.11,-72.53)	2022-04-20 22:08:11.742661+00	2022-04-20 22:08:11.742661+00
01144	MA	0	(42.11,-72.53)	2022-04-20 22:08:11.744555+00	2022-04-20 22:08:11.744555+00
01201	MA	213668	(42.45,-73.26)	2022-04-20 22:08:11.747228+00	2022-04-20 22:08:11.747228+00
01152	MA	0	(42.11,-72.53)	2022-04-20 22:08:11.746706+00	2022-04-20 22:08:11.746706+00
01199	MA	0	(42.12,-72.6)	2022-04-20 22:08:11.748899+00	2022-04-20 22:08:11.748899+00
01151	MA	24538	(42.15,-72.51)	2022-04-20 22:08:11.751392+00	2022-04-20 22:08:11.751392+00
01202	MA	0	(42.45,-73.26)	2022-04-20 22:08:11.752968+00	2022-04-20 22:08:11.752968+00
01203	MA	0	(42.45,-73.26)	2022-04-20 22:08:11.756526+00	2022-04-20 22:08:11.756526+00
01220	MA	34513	(42.62,-73.11)	2022-04-20 22:08:11.755536+00	2022-04-20 22:08:11.755536+00
01223	MA	14036	(42.33,-73.07)	2022-04-20 22:08:11.758559+00	2022-04-20 22:08:11.758559+00
01222	MA	3502	(42.05,-73.33)	2022-04-20 22:08:11.757944+00	2022-04-20 22:08:11.757944+00
00000	NA	0	(0,0)	2022-04-20 22:08:11.765994+00	2022-04-20 22:08:11.765994+00
\.


--
-- Data for Name: schools; Type: TABLE DATA; Schema: upchieve; Owner: admin
--

COPY upchieve.schools (id, name, approved, partner, city_id, created_at, updated_at, mongo_id, legacy_city_name) FROM stdin;
01804905-0780-0f47-68c1-6608cc5d195d	Unapproved School	f	f	1	2022-04-20 22:08:28.395232+00	2022-04-20 22:08:28.395232+00	\N	\N
01804905-0781-69ce-0148-b700bb253c6d	Approved School	t	f	1	2022-04-20 22:08:28.416868+00	2022-04-20 22:08:28.416868+00	\N	\N
01804905-0781-aeb9-afb1-01195e1c3fa2	Approved Partner School	t	t	2	2022-04-20 22:08:28.427237+00	2022-04-20 22:08:28.427237+00	\N	\N
\.


--
-- Data for Name: ineligible_students; Type: TABLE DATA; Schema: upchieve; Owner: admin
--

COPY upchieve.ineligible_students (id, email, postal_code, ip_address_id, school_id, grade_level_id, created_at, updated_at, mongo_id, referred_by) FROM stdin;
\.


--
-- Data for Name: legacy_availability_histories; Type: TABLE DATA; Schema: upchieve; Owner: admin
--

COPY upchieve.legacy_availability_histories (id, mongo_id, user_id, timezone, recorded_at, legacy_availability, created_at, updated_at) FROM stdin;
\.


--
-- Data for Name: notification_methods; Type: TABLE DATA; Schema: upchieve; Owner: admin
--

COPY upchieve.notification_methods (id, method, created_at, updated_at) FROM stdin;
1	sms	2022-04-20 22:08:16.228924+00	2022-04-20 22:08:16.228924+00
2	push	2022-04-20 22:08:16.234402+00	2022-04-20 22:08:16.234402+00
3	voice	2022-04-20 22:08:16.239338+00	2022-04-20 22:08:16.239338+00
4	email	2022-04-20 22:08:16.244391+00	2022-04-20 22:08:16.244391+00
\.


--
-- Data for Name: notification_priority_groups; Type: TABLE DATA; Schema: upchieve; Owner: admin
--

COPY upchieve.notification_priority_groups (id, name, priority, created_at, updated_at) FROM stdin;
1	follow-up	-1	2022-04-20 22:08:16.249717+00	2022-04-20 22:08:16.249717+00
11	LEGACY: Regular volunteers - not notified in the last 7 days	-1	2022-04-20 22:08:16.329129+00	2022-04-20 22:08:16.329129+00
12	LEGACY: Partner volunteers - not notified in the last 7 days	-1	2022-04-20 22:08:16.335323+00	2022-04-20 22:08:16.335323+00
13	LEGACY: Partner volunteers - not notified in the last 3 days	-1	2022-04-20 22:08:16.344356+00	2022-04-20 22:08:16.344356+00
14	LEGACY: All volunteers - not notified in the last 15 mins who don't have "high level subjects"	-1	2022-04-20 22:08:16.351907+00	2022-04-20 22:08:16.351907+00
15	LEGACY: Mizuho and Atlassian volunteers - Not notified in last 3 days	-1	2022-04-20 22:08:16.357805+00	2022-04-20 22:08:16.357805+00
16	LEGACY: null	-1	2022-04-20 22:08:16.363762+00	2022-04-20 22:08:16.363762+00
2	Partner volunteers - not notified in the last 3 days AND they don't have "high level subjects"	20	2022-04-20 22:08:16.257251+00	2022-04-20 22:08:16.553224+00
3	Regular volunteers - not notified in the last 3 days AND they don't have "high level subjects"	30	2022-04-20 22:08:16.262778+00	2022-04-20 22:08:16.553224+00
4	Partner volunteers - not notified in the last 24 hours AND they don't have "high level subjects"	40	2022-04-20 22:08:16.270389+00	2022-04-20 22:08:16.553224+00
5	Regular volunteers - not notified in the last 24 hours AND they don't have "high level subjects"	50	2022-04-20 22:08:16.276803+00	2022-04-20 22:08:16.553224+00
6	All volunteers - not notified in the last 24 hours	60	2022-04-20 22:08:16.286859+00	2022-04-20 22:08:16.553224+00
7	All volunteers - not notified in the last 60 mins	70	2022-04-20 22:08:16.300239+00	2022-04-20 22:08:16.553224+00
8	All volunteers - not notified in the last 15 mins	80	2022-04-20 22:08:16.308059+00	2022-04-20 22:08:16.553224+00
9	Verizon volunteers - not notified in the last 24 hours AND they don't have "high level subjects"	90	2022-04-20 22:08:16.315345+00	2022-04-20 22:08:16.553224+00
10	Verizon volunteers - not notified in the last 3 days AND they don't have "high level subjects"	100	2022-04-20 22:08:16.321999+00	2022-04-20 22:08:16.553224+00
17	Favorite volunteers - not notified in the last 15 mins	10	2022-04-20 22:08:16.553224+00	2022-04-20 22:08:16.553224+00
\.


--
-- Data for Name: notification_types; Type: TABLE DATA; Schema: upchieve; Owner: admin
--

COPY upchieve.notification_types (id, type, created_at, updated_at) FROM stdin;
1	initial	2022-04-20 22:08:16.217162+00	2022-04-20 22:08:16.217162+00
2	followup	2022-04-20 22:08:16.222699+00	2022-04-20 22:08:16.222699+00
\.


--
-- Data for Name: notifications; Type: TABLE DATA; Schema: upchieve; Owner: admin
--

COPY upchieve.notifications (id, user_id, sent_at, type_id, method_id, priority_group_id, successful, session_id, message_carrier_id, created_at, updated_at, mongo_id) FROM stdin;
\.


--
-- Data for Name: photo_id_statuses; Type: TABLE DATA; Schema: upchieve; Owner: admin
--

COPY upchieve.photo_id_statuses (id, name, created_at, updated_at) FROM stdin;
1	approved	2022-04-20 22:08:11.995622+00	2022-04-20 22:08:11.995622+00
2	submitted	2022-04-20 22:08:12.002721+00	2022-04-20 22:08:12.002721+00
3	rejected	2022-04-20 22:08:12.007572+00	2022-04-20 22:08:12.007572+00
4	empty	2022-04-20 22:08:12.012332+00	2022-04-20 22:08:12.012332+00
\.


--
-- Data for Name: pre_session_surveys; Type: TABLE DATA; Schema: upchieve; Owner: admin
--

COPY upchieve.pre_session_surveys (id, response_data, session_id, user_id, created_at, updated_at, mongo_id) FROM stdin;
\.


--
-- Data for Name: push_tokens; Type: TABLE DATA; Schema: upchieve; Owner: admin
--

COPY upchieve.push_tokens (id, user_id, token, created_at, updated_at) FROM stdin;
\.


--
-- Data for Name: quizzes; Type: TABLE DATA; Schema: upchieve; Owner: admin
--

COPY upchieve.quizzes (id, name, created_at, updated_at) FROM stdin;
1	prealgebra	2022-04-20 22:08:12.256073+00	2022-04-20 22:08:12.256073+00
2	statistics	2022-04-20 22:08:12.260812+00	2022-04-20 22:08:12.260812+00
3	geometry	2022-04-20 22:08:12.266117+00	2022-04-20 22:08:12.266117+00
4	biology	2022-04-20 22:08:12.2706+00	2022-04-20 22:08:12.2706+00
5	chemistry	2022-04-20 22:08:12.275891+00	2022-04-20 22:08:12.275891+00
6	physicsOne	2022-04-20 22:08:12.282185+00	2022-04-20 22:08:12.282185+00
7	physicsTwo	2022-04-20 22:08:12.291358+00	2022-04-20 22:08:12.291358+00
8	environmentalScience	2022-04-20 22:08:12.297056+00	2022-04-20 22:08:12.297056+00
9	essays	2022-04-20 22:08:12.302089+00	2022-04-20 22:08:12.302089+00
10	applications	2022-04-20 22:08:12.306469+00	2022-04-20 22:08:12.306469+00
11	planning	2022-04-20 22:08:12.312688+00	2022-04-20 22:08:12.312688+00
12	satMath	2022-04-20 22:08:12.318023+00	2022-04-20 22:08:12.318023+00
13	satReading	2022-04-20 22:08:12.32476+00	2022-04-20 22:08:12.32476+00
14	collegeCounseling	2022-04-20 22:08:12.330965+00	2022-04-20 22:08:12.330965+00
15	humanitiesEssays	2022-04-20 22:08:12.337452+00	2022-04-20 22:08:12.337452+00
16	algebraOne	2022-04-20 22:08:12.344892+00	2022-04-20 22:08:12.344892+00
17	algebraTwo	2022-04-20 22:08:12.350512+00	2022-04-20 22:08:12.350512+00
18	trigonometry	2022-04-20 22:08:12.355474+00	2022-04-20 22:08:12.355474+00
19	precalculus	2022-04-20 22:08:12.360657+00	2022-04-20 22:08:12.360657+00
20	calculusAB	2022-04-20 22:08:12.366422+00	2022-04-20 22:08:12.366422+00
21	calculusBC	2022-04-20 22:08:12.371723+00	2022-04-20 22:08:12.371723+00
22	upchieve101	2022-04-20 22:08:12.377699+00	2022-04-20 22:08:12.377699+00
23	reading	2022-04-20 22:08:12.38334+00	2022-04-20 22:08:12.38334+00
24	anatomy	2022-04-20 22:08:12.388826+00	2022-04-20 22:08:12.388826+00
\.


--
-- Data for Name: quiz_certification_grants; Type: TABLE DATA; Schema: upchieve; Owner: admin
--

COPY upchieve.quiz_certification_grants (quiz_id, certification_id, created_at, updated_at) FROM stdin;
1	1	2022-04-20 22:08:15.71167+00	2022-04-20 22:08:15.71167+00
2	2	2022-04-20 22:08:15.72151+00	2022-04-20 22:08:15.72151+00
3	3	2022-04-20 22:08:15.727472+00	2022-04-20 22:08:15.727472+00
4	4	2022-04-20 22:08:15.732827+00	2022-04-20 22:08:15.732827+00
5	5	2022-04-20 22:08:15.737647+00	2022-04-20 22:08:15.737647+00
6	6	2022-04-20 22:08:15.742628+00	2022-04-20 22:08:15.742628+00
7	7	2022-04-20 22:08:15.747646+00	2022-04-20 22:08:15.747646+00
8	8	2022-04-20 22:08:15.752269+00	2022-04-20 22:08:15.752269+00
9	9	2022-04-20 22:08:15.756927+00	2022-04-20 22:08:15.756927+00
10	10	2022-04-20 22:08:15.762789+00	2022-04-20 22:08:15.762789+00
11	11	2022-04-20 22:08:15.768415+00	2022-04-20 22:08:15.768415+00
12	12	2022-04-20 22:08:15.772544+00	2022-04-20 22:08:15.772544+00
13	13	2022-04-20 22:08:15.776591+00	2022-04-20 22:08:15.776591+00
14	11	2022-04-20 22:08:15.782089+00	2022-04-20 22:08:15.782089+00
14	10	2022-04-20 22:08:15.787812+00	2022-04-20 22:08:15.787812+00
15	15	2022-04-20 22:08:15.792809+00	2022-04-20 22:08:15.792809+00
17	16	2022-04-20 22:08:15.79814+00	2022-04-20 22:08:15.79814+00
17	17	2022-04-20 22:08:15.806444+00	2022-04-20 22:08:15.806444+00
17	1	2022-04-20 22:08:15.81356+00	2022-04-20 22:08:15.81356+00
16	16	2022-04-20 22:08:15.821396+00	2022-04-20 22:08:15.821396+00
16	1	2022-04-20 22:08:15.829703+00	2022-04-20 22:08:15.829703+00
18	18	2022-04-20 22:08:15.834899+00	2022-04-20 22:08:15.834899+00
19	16	2022-04-20 22:08:15.839915+00	2022-04-20 22:08:15.839915+00
19	17	2022-04-20 22:08:15.84471+00	2022-04-20 22:08:15.84471+00
19	1	2022-04-20 22:08:15.849825+00	2022-04-20 22:08:15.849825+00
19	18	2022-04-20 22:08:15.854654+00	2022-04-20 22:08:15.854654+00
19	19	2022-04-20 22:08:15.859461+00	2022-04-20 22:08:15.859461+00
20	16	2022-04-20 22:08:15.865242+00	2022-04-20 22:08:15.865242+00
20	17	2022-04-20 22:08:15.869482+00	2022-04-20 22:08:15.869482+00
20	1	2022-04-20 22:08:15.876547+00	2022-04-20 22:08:15.876547+00
20	18	2022-04-20 22:08:15.884287+00	2022-04-20 22:08:15.884287+00
20	19	2022-04-20 22:08:15.890371+00	2022-04-20 22:08:15.890371+00
20	20	2022-04-20 22:08:15.89521+00	2022-04-20 22:08:15.89521+00
21	16	2022-04-20 22:08:15.899806+00	2022-04-20 22:08:15.899806+00
21	17	2022-04-20 22:08:15.905045+00	2022-04-20 22:08:15.905045+00
21	1	2022-04-20 22:08:15.909681+00	2022-04-20 22:08:15.909681+00
21	18	2022-04-20 22:08:15.914635+00	2022-04-20 22:08:15.914635+00
21	19	2022-04-20 22:08:15.92184+00	2022-04-20 22:08:15.92184+00
21	20	2022-04-20 22:08:15.927833+00	2022-04-20 22:08:15.927833+00
21	21	2022-04-20 22:08:15.932698+00	2022-04-20 22:08:15.932698+00
23	22	2022-04-20 22:08:16.577954+00	2022-04-20 22:08:16.577954+00
\.


--
-- Data for Name: quiz_subcategories; Type: TABLE DATA; Schema: upchieve; Owner: admin
--

COPY upchieve.quiz_subcategories (id, name, quiz_id, created_at, updated_at) FROM stdin;
1	numbers	1	2022-04-20 22:08:12.400272+00	2022-04-20 22:08:12.400272+00
2	arithmetic properties	1	2022-04-20 22:08:12.406182+00	2022-04-20 22:08:12.406182+00
3	exponents	1	2022-04-20 22:08:12.411668+00	2022-04-20 22:08:12.411668+00
4	exponents and radicals	1	2022-04-20 22:08:12.417289+00	2022-04-20 22:08:12.417289+00
5	polynomials	1	2022-04-20 22:08:12.422674+00	2022-04-20 22:08:12.422674+00
6	fractions	1	2022-04-20 22:08:12.427478+00	2022-04-20 22:08:12.427478+00
7	linear equations	16	2022-04-20 22:08:12.432328+00	2022-04-20 22:08:12.432328+00
8	rational exponents and radicals	16	2022-04-20 22:08:12.439085+00	2022-04-20 22:08:12.439085+00
9	application of linear equations	16	2022-04-20 22:08:12.444447+00	2022-04-20 22:08:12.444447+00
10	two variable equations	16	2022-04-20 22:08:12.450186+00	2022-04-20 22:08:12.450186+00
11	rational expressions	16	2022-04-20 22:08:12.459155+00	2022-04-20 22:08:12.459155+00
12	complex numbers	16	2022-04-20 22:08:12.465216+00	2022-04-20 22:08:12.465216+00
13	functions_domain_range	17	2022-04-20 22:08:12.470018+00	2022-04-20 22:08:12.470018+00
14	higher_degree_polynomials	17	2022-04-20 22:08:12.475472+00	2022-04-20 22:08:12.475472+00
15	square_root_equations	17	2022-04-20 22:08:12.481105+00	2022-04-20 22:08:12.481105+00
16	roots_of_polynomials	17	2022-04-20 22:08:12.487155+00	2022-04-20 22:08:12.487155+00
17	multiply_polynomials_binomial	17	2022-04-20 22:08:12.492357+00	2022-04-20 22:08:12.492357+00
18	rational_radical_absolute	17	2022-04-20 22:08:12.498235+00	2022-04-20 22:08:12.498235+00
19	logarithms_properties	17	2022-04-20 22:08:12.50417+00	2022-04-20 22:08:12.50417+00
20	rational_expressions	17	2022-04-20 22:08:12.509807+00	2022-04-20 22:08:12.509807+00
21	systems_of_linear_equations	17	2022-04-20 22:08:12.515136+00	2022-04-20 22:08:12.515136+00
22	arithmetic_and_geometric_sequences	17	2022-04-20 22:08:12.521251+00	2022-04-20 22:08:12.521251+00
23	functions_domain	17	2022-04-20 22:08:12.526703+00	2022-04-20 22:08:12.526703+00
24	solving_linear_equations	17	2022-04-20 22:08:12.532954+00	2022-04-20 22:08:12.532954+00
25	function_transformations_shifts	17	2022-04-20 22:08:12.540358+00	2022-04-20 22:08:12.540358+00
26	graphing_quadratic_functions	17	2022-04-20 22:08:12.550399+00	2022-04-20 22:08:12.550399+00
27	exponential_functions_growth	17	2022-04-20 22:08:12.556559+00	2022-04-20 22:08:12.556559+00
28	rounding_and_scientific_notation	17	2022-04-20 22:08:12.564857+00	2022-04-20 22:08:12.564857+00
29	square root_equations_quadratic	17	2022-04-20 22:08:12.571585+00	2022-04-20 22:08:12.571585+00
30	advanced_factoring_techniques	17	2022-04-20 22:08:12.578426+00	2022-04-20 22:08:12.578426+00
31	congruence and similarity	3	2022-04-20 22:08:12.585105+00	2022-04-20 22:08:12.585105+00
32	vertices	3	2022-04-20 22:08:12.590974+00	2022-04-20 22:08:12.590974+00
33	angles	3	2022-04-20 22:08:12.59773+00	2022-04-20 22:08:12.59773+00
34	circles	3	2022-04-20 22:08:12.605395+00	2022-04-20 22:08:12.605395+00
35	triangles	3	2022-04-20 22:08:12.611493+00	2022-04-20 22:08:12.611493+00
36	rectangles	3	2022-04-20 22:08:12.61776+00	2022-04-20 22:08:12.61776+00
37	angles	18	2022-04-20 22:08:12.625101+00	2022-04-20 22:08:12.625101+00
38	triangles	18	2022-04-20 22:08:12.631179+00	2022-04-20 22:08:12.631179+00
39	right triangles	18	2022-04-20 22:08:12.637434+00	2022-04-20 22:08:12.637434+00
40	quadrants	18	2022-04-20 22:08:12.645359+00	2022-04-20 22:08:12.645359+00
41	radians	18	2022-04-20 22:08:12.653418+00	2022-04-20 22:08:12.653418+00
42	unit circles	18	2022-04-20 22:08:12.65972+00	2022-04-20 22:08:12.65972+00
43	inequalities	18	2022-04-20 22:08:12.667508+00	2022-04-20 22:08:12.667508+00
44	representing data numerically	2	2022-04-20 22:08:12.674424+00	2022-04-20 22:08:12.674424+00
45	representing data graphically	2	2022-04-20 22:08:12.679778+00	2022-04-20 22:08:12.679778+00
46	two means	2	2022-04-20 22:08:12.686634+00	2022-04-20 22:08:12.686634+00
47	two proportions	2	2022-04-20 22:08:12.69246+00	2022-04-20 22:08:12.69246+00
48	levels of measurement	2	2022-04-20 22:08:12.699193+00	2022-04-20 22:08:12.699193+00
49	types of sampling	2	2022-04-20 22:08:12.705789+00	2022-04-20 22:08:12.705789+00
50	finding probability	2	2022-04-20 22:08:12.712414+00	2022-04-20 22:08:12.712414+00
51	finding x from z score	2	2022-04-20 22:08:12.719487+00	2022-04-20 22:08:12.719487+00
52	z score	2	2022-04-20 22:08:12.726899+00	2022-04-20 22:08:12.726899+00
53	basic set operations	2	2022-04-20 22:08:12.732214+00	2022-04-20 22:08:12.732214+00
54	compound events	2	2022-04-20 22:08:12.741906+00	2022-04-20 22:08:12.741906+00
55	conditional probability	2	2022-04-20 22:08:12.752386+00	2022-04-20 22:08:12.752386+00
56	independent probability	2	2022-04-20 22:08:13.779012+00	2022-04-20 22:08:13.779012+00
57	permutations and combinations	2	2022-04-20 22:08:13.798098+00	2022-04-20 22:08:13.798098+00
58	random variables distributions	2	2022-04-20 22:08:13.829312+00	2022-04-20 22:08:13.829312+00
59	relationships between variables	2	2022-04-20 22:08:13.844591+00	2022-04-20 22:08:13.844591+00
60	confidence intervals	2	2022-04-20 22:08:13.859789+00	2022-04-20 22:08:13.859789+00
61	interpreting pvalue	2	2022-04-20 22:08:13.868489+00	2022-04-20 22:08:13.868489+00
62	finding the test statistic	2	2022-04-20 22:08:13.875403+00	2022-04-20 22:08:13.875403+00
63	rectangular coordinates	19	2022-04-20 22:08:13.882633+00	2022-04-20 22:08:13.882633+00
64	linear inequalities	19	2022-04-20 22:08:13.888128+00	2022-04-20 22:08:13.888128+00
65	functions	19	2022-04-20 22:08:13.895427+00	2022-04-20 22:08:13.895427+00
66	rational exponents	19	2022-04-20 22:08:13.902914+00	2022-04-20 22:08:13.902914+00
67	quadratic functions	19	2022-04-20 22:08:13.909102+00	2022-04-20 22:08:13.909102+00
68	logarithms and exponents	19	2022-04-20 22:08:13.914625+00	2022-04-20 22:08:13.914625+00
69	absolute extrema	20	2022-04-20 22:08:13.920695+00	2022-04-20 22:08:13.920695+00
70	antiderivatives	20	2022-04-20 22:08:13.927534+00	2022-04-20 22:08:13.927534+00
71	area between curves	20	2022-04-20 22:08:13.933619+00	2022-04-20 22:08:13.933619+00
72	chain rule	20	2022-04-20 22:08:13.939926+00	2022-04-20 22:08:13.939926+00
73	concavity	20	2022-04-20 22:08:13.946316+00	2022-04-20 22:08:13.946316+00
74	continuity	20	2022-04-20 22:08:13.952289+00	2022-04-20 22:08:13.952289+00
75	derivatives	20	2022-04-20 22:08:13.957707+00	2022-04-20 22:08:13.957707+00
76	differential equations	20	2022-04-20 22:08:13.963773+00	2022-04-20 22:08:13.963773+00
77	fundamental theorem	20	2022-04-20 22:08:13.968177+00	2022-04-20 22:08:13.968177+00
78	lhopitals rule	20	2022-04-20 22:08:13.972464+00	2022-04-20 22:08:13.972464+00
79	implicit differentiation	20	2022-04-20 22:08:13.977689+00	2022-04-20 22:08:13.977689+00
80	mean value theorem	20	2022-04-20 22:08:13.983747+00	2022-04-20 22:08:13.983747+00
81	optimization	20	2022-04-20 22:08:13.989417+00	2022-04-20 22:08:13.989417+00
82	reimann sums	20	2022-04-20 22:08:13.994652+00	2022-04-20 22:08:13.994652+00
83	related rates	20	2022-04-20 22:08:14.000119+00	2022-04-20 22:08:14.000119+00
84	relative extrema	20	2022-04-20 22:08:14.004937+00	2022-04-20 22:08:14.004937+00
85	absolute extrema	21	2022-04-20 22:08:14.009642+00	2022-04-20 22:08:14.009642+00
86	antiderivatives	21	2022-04-20 22:08:14.014632+00	2022-04-20 22:08:14.014632+00
87	area between curves	21	2022-04-20 22:08:14.022507+00	2022-04-20 22:08:14.022507+00
88	chain rule	21	2022-04-20 22:08:14.027551+00	2022-04-20 22:08:14.027551+00
89	derivatives	21	2022-04-20 22:08:14.032161+00	2022-04-20 22:08:14.032161+00
90	differential equations	21	2022-04-20 22:08:14.037154+00	2022-04-20 22:08:14.037154+00
91	fundamental theorem of calculus	21	2022-04-20 22:08:14.042815+00	2022-04-20 22:08:14.042815+00
92	implicit differentiation	21	2022-04-20 22:08:14.048617+00	2022-04-20 22:08:14.048617+00
93	infinite sequences	21	2022-04-20 22:08:14.054055+00	2022-04-20 22:08:14.054055+00
94	limits	21	2022-04-20 22:08:14.061961+00	2022-04-20 22:08:14.061961+00
95	integration by parts	21	2022-04-20 22:08:14.07126+00	2022-04-20 22:08:14.07126+00
96	mean value theorem	21	2022-04-20 22:08:14.077944+00	2022-04-20 22:08:14.077944+00
97	optimization	21	2022-04-20 22:08:14.083745+00	2022-04-20 22:08:14.083745+00
98	parametric	21	2022-04-20 22:08:14.089849+00	2022-04-20 22:08:14.089849+00
99	reimann sums	21	2022-04-20 22:08:14.095167+00	2022-04-20 22:08:14.095167+00
100	relative extrema	21	2022-04-20 22:08:14.10215+00	2022-04-20 22:08:14.10215+00
101	taylor polynomials	21	2022-04-20 22:08:14.108811+00	2022-04-20 22:08:14.108811+00
102	basic	9	2022-04-20 22:08:14.114796+00	2022-04-20 22:08:14.114796+00
103	commonapp	9	2022-04-20 22:08:14.120389+00	2022-04-20 22:08:14.120389+00
104	answer	9	2022-04-20 22:08:14.127056+00	2022-04-20 22:08:14.127056+00
105	dhistory	9	2022-04-20 22:08:14.132867+00	2022-04-20 22:08:14.132867+00
106	optional	9	2022-04-20 22:08:14.139056+00	2022-04-20 22:08:14.139056+00
107	supplemental	9	2022-04-20 22:08:14.145807+00	2022-04-20 22:08:14.145807+00
108	exam	11	2022-04-20 22:08:14.219536+00	2022-04-20 22:08:14.219536+00
109	type	11	2022-04-20 22:08:14.258137+00	2022-04-20 22:08:14.258137+00
110	LOR	11	2022-04-20 22:08:14.265792+00	2022-04-20 22:08:14.265792+00
111	basic	11	2022-04-20 22:08:14.272524+00	2022-04-20 22:08:14.272524+00
112	timeline	10	2022-04-20 22:08:14.277751+00	2022-04-20 22:08:14.277751+00
113	resume	10	2022-04-20 22:08:14.283764+00	2022-04-20 22:08:14.283764+00
114	schools	10	2022-04-20 22:08:14.3127+00	2022-04-20 22:08:14.3127+00
115	fees	10	2022-04-20 22:08:14.319565+00	2022-04-20 22:08:14.319565+00
116	FinAid	10	2022-04-20 22:08:14.326941+00	2022-04-20 22:08:14.326941+00
117	LOR	10	2022-04-20 22:08:14.33358+00	2022-04-20 22:08:14.33358+00
118	basic	10	2022-04-20 22:08:14.338589+00	2022-04-20 22:08:14.338589+00
119	biochemistry	4	2022-04-20 22:08:14.344984+00	2022-04-20 22:08:14.344984+00
120	the cell	4	2022-04-20 22:08:14.351802+00	2022-04-20 22:08:14.351802+00
121	cell division	4	2022-04-20 22:08:14.357542+00	2022-04-20 22:08:14.357542+00
122	cellular respiration	4	2022-04-20 22:08:14.362879+00	2022-04-20 22:08:14.362879+00
123	photosynthesis and plants	4	2022-04-20 22:08:14.370417+00	2022-04-20 22:08:14.370417+00
124	classical genetics	4	2022-04-20 22:08:14.376046+00	2022-04-20 22:08:14.376046+00
125	molecular genetics	4	2022-04-20 22:08:14.381537+00	2022-04-20 22:08:14.381537+00
126	animal behavior and physiology	4	2022-04-20 22:08:14.3878+00	2022-04-20 22:08:14.3878+00
127	ecology	4	2022-04-20 22:08:14.393759+00	2022-04-20 22:08:14.393759+00
128	human physiology and anatomy	4	2022-04-20 22:08:14.398589+00	2022-04-20 22:08:14.398589+00
129	evolution and taxonomy	4	2022-04-20 22:08:14.403923+00	2022-04-20 22:08:14.403923+00
130	chemical reactions	5	2022-04-20 22:08:14.408851+00	2022-04-20 22:08:14.408851+00
131	atoms, compounds, and ions	5	2022-04-20 22:08:14.413943+00	2022-04-20 22:08:14.413943+00
132	stoichiometry	5	2022-04-20 22:08:14.419675+00	2022-04-20 22:08:14.419675+00
133	electron structure of atoms	5	2022-04-20 22:08:14.425611+00	2022-04-20 22:08:14.425611+00
134	periodic table	5	2022-04-20 22:08:14.43077+00	2022-04-20 22:08:14.43077+00
135	chemical bonds	5	2022-04-20 22:08:14.436798+00	2022-04-20 22:08:14.436798+00
136	gases	5	2022-04-20 22:08:14.441555+00	2022-04-20 22:08:14.441555+00
137	states of matter and intermolecular forces	5	2022-04-20 22:08:14.447247+00	2022-04-20 22:08:14.447247+00
138	chemical equilibrium	5	2022-04-20 22:08:14.451906+00	2022-04-20 22:08:14.451906+00
139	acids and bases	5	2022-04-20 22:08:14.457049+00	2022-04-20 22:08:14.457049+00
140	buffers, titrations, and solubility equilibria	5	2022-04-20 22:08:14.461927+00	2022-04-20 22:08:14.461927+00
141	thermodynamics	5	2022-04-20 22:08:14.468078+00	2022-04-20 22:08:14.468078+00
142	redox reactions and electrochemistry	5	2022-04-20 22:08:14.472925+00	2022-04-20 22:08:14.472925+00
143	kinetics	5	2022-04-20 22:08:14.478862+00	2022-04-20 22:08:14.478862+00
144	nuclear chemistry	5	2022-04-20 22:08:14.485188+00	2022-04-20 22:08:14.485188+00
145	kinematics	5	2022-04-20 22:08:14.490786+00	2022-04-20 22:08:14.490786+00
146	kinematics	6	2022-04-20 22:08:14.497723+00	2022-04-20 22:08:14.497723+00
147	newton's laws	6	2022-04-20 22:08:14.512299+00	2022-04-20 22:08:14.512299+00
148	rotational mechanics	6	2022-04-20 22:08:14.518727+00	2022-04-20 22:08:14.518727+00
149	work and energy	6	2022-04-20 22:08:14.525103+00	2022-04-20 22:08:14.525103+00
150	momentum and collisions	6	2022-04-20 22:08:14.53276+00	2022-04-20 22:08:14.53276+00
151	thermodynamics	6	2022-04-20 22:08:14.539098+00	2022-04-20 22:08:14.539098+00
152	electrostatics	6	2022-04-20 22:08:14.5466+00	2022-04-20 22:08:14.5466+00
153	magnetism	6	2022-04-20 22:08:14.552476+00	2022-04-20 22:08:14.552476+00
154	waves and sound	6	2022-04-20 22:08:14.558545+00	2022-04-20 22:08:14.558545+00
155	refraction and reflection	6	2022-04-20 22:08:14.563778+00	2022-04-20 22:08:14.563778+00
156	gravity/gen relativity	6	2022-04-20 22:08:14.569516+00	2022-04-20 22:08:14.569516+00
157	Fluids - density and pressure	7	2022-04-20 22:08:14.575551+00	2022-04-20 22:08:14.575551+00
158	Fluids - dynamics	7	2022-04-20 22:08:14.582583+00	2022-04-20 22:08:14.582583+00
159	THD - Ideal Gases	7	2022-04-20 22:08:14.58991+00	2022-04-20 22:08:14.58991+00
160	thermodynamics	7	2022-04-20 22:08:14.595261+00	2022-04-20 22:08:14.595261+00
161	Electric Field	7	2022-04-20 22:08:14.602542+00	2022-04-20 22:08:14.602542+00
162	Electric Potential	7	2022-04-20 22:08:14.620389+00	2022-04-20 22:08:14.620389+00
163	Magnetic Fields	7	2022-04-20 22:08:14.626456+00	2022-04-20 22:08:14.626456+00
164	Magnetic Induction	7	2022-04-20 22:08:14.632351+00	2022-04-20 22:08:14.632351+00
165	Electromagnetic Waves	7	2022-04-20 22:08:14.638123+00	2022-04-20 22:08:14.638123+00
166	Optics - refraction and reflection	7	2022-04-20 22:08:14.644082+00	2022-04-20 22:08:14.644082+00
167	Quantum & Atomic Physics	7	2022-04-20 22:08:14.651675+00	2022-04-20 22:08:14.651675+00
168	dynamics 2	7	2022-04-20 22:08:14.659814+00	2022-04-20 22:08:14.659814+00
169	Electric Circuits	7	2022-04-20 22:08:14.667407+00	2022-04-20 22:08:14.667407+00
170	earth systems and resources	8	2022-04-20 22:08:14.67397+00	2022-04-20 22:08:14.67397+00
171	ecology	8	2022-04-20 22:08:14.679661+00	2022-04-20 22:08:14.679661+00
172	energy resources and consumption	8	2022-04-20 22:08:14.685641+00	2022-04-20 22:08:14.685641+00
173	global change	8	2022-04-20 22:08:14.692475+00	2022-04-20 22:08:14.692475+00
174	impact of human health and environment	8	2022-04-20 22:08:14.700271+00	2022-04-20 22:08:14.700271+00
175	interdependence of organisms	8	2022-04-20 22:08:14.716343+00	2022-04-20 22:08:14.716343+00
176	land and water resources and use	8	2022-04-20 22:08:14.722545+00	2022-04-20 22:08:14.722545+00
177	introduction to environmental science	8	2022-04-20 22:08:14.756885+00	2022-04-20 22:08:14.756885+00
178	natural biogeochemical cycles	8	2022-04-20 22:08:14.762677+00	2022-04-20 22:08:14.762677+00
179	pollution	8	2022-04-20 22:08:14.770901+00	2022-04-20 22:08:14.770901+00
180	populations	8	2022-04-20 22:08:14.776609+00	2022-04-20 22:08:14.776609+00
181	the atmosphere	8	2022-04-20 22:08:14.781981+00	2022-04-20 22:08:14.781981+00
182	upchieve	22	2022-04-20 22:08:14.787596+00	2022-04-20 22:08:14.787596+00
183	linear_equations	12	2022-04-20 22:08:14.793297+00	2022-04-20 22:08:14.793297+00
184	linear_inequalities	12	2022-04-20 22:08:14.799247+00	2022-04-20 22:08:14.799247+00
185	linear_functions	12	2022-04-20 22:08:14.805136+00	2022-04-20 22:08:14.805136+00
186	quadratic_problems	12	2022-04-20 22:08:14.810376+00	2022-04-20 22:08:14.810376+00
187	nonlinear_equations	12	2022-04-20 22:08:14.816113+00	2022-04-20 22:08:14.816113+00
188	rational_expressions	12	2022-04-20 22:08:14.823062+00	2022-04-20 22:08:14.823062+00
189	isolating_quantities	12	2022-04-20 22:08:14.833895+00	2022-04-20 22:08:14.833895+00
190	linear_systems	12	2022-04-20 22:08:14.840078+00	2022-04-20 22:08:14.840078+00
191	ratios_rates	12	2022-04-20 22:08:14.845939+00	2022-04-20 22:08:14.845939+00
192	units	12	2022-04-20 22:08:14.852789+00	2022-04-20 22:08:14.852789+00
193	percentages	12	2022-04-20 22:08:14.859214+00	2022-04-20 22:08:14.859214+00
194	linear_and_exponential	12	2022-04-20 22:08:14.868737+00	2022-04-20 22:08:14.868737+00
195	data_inferences	12	2022-04-20 22:08:14.875104+00	2022-04-20 22:08:14.875104+00
196	volume_word_problems	12	2022-04-20 22:08:14.880691+00	2022-04-20 22:08:14.880691+00
197	complex_numbers	12	2022-04-20 22:08:14.886259+00	2022-04-20 22:08:14.886259+00
198	circle_equations	12	2022-04-20 22:08:14.891652+00	2022-04-20 22:08:14.891652+00
199	table_data	12	2022-04-20 22:08:14.896974+00	2022-04-20 22:08:14.896974+00
200	scatterplots	12	2022-04-20 22:08:14.904347+00	2022-04-20 22:08:14.904347+00
201	graphs	12	2022-04-20 22:08:14.91229+00	2022-04-20 22:08:14.91229+00
202	shape_of_distributions	12	2022-04-20 22:08:14.918089+00	2022-04-20 22:08:14.918089+00
203	right_triangle_problems	12	2022-04-20 22:08:14.923532+00	2022-04-20 22:08:14.923532+00
204	congruence_and_similarity	12	2022-04-20 22:08:14.928956+00	2022-04-20 22:08:14.928956+00
205	explict_v_implicit	13	2022-04-20 22:08:14.93466+00	2022-04-20 22:08:14.93466+00
206	point_of_view	13	2022-04-20 22:08:14.941105+00	2022-04-20 22:08:14.941105+00
207	analyzing_relationships	13	2022-04-20 22:08:14.947185+00	2022-04-20 22:08:14.947185+00
208	citing_evidence	13	2022-04-20 22:08:14.952465+00	2022-04-20 22:08:14.952465+00
209	summarizing	13	2022-04-20 22:08:14.958731+00	2022-04-20 22:08:14.958731+00
210	analogical_reasoning	13	2022-04-20 22:08:14.963805+00	2022-04-20 22:08:14.963805+00
211	structure_passage	13	2022-04-20 22:08:14.968903+00	2022-04-20 22:08:14.968903+00
212	word_choice	13	2022-04-20 22:08:14.974154+00	2022-04-20 22:08:14.974154+00
213	graphs_and_data	13	2022-04-20 22:08:14.980407+00	2022-04-20 22:08:14.980407+00
214	purpose_of_text	13	2022-04-20 22:08:14.985647+00	2022-04-20 22:08:14.985647+00
215	analyzing_arguments	13	2022-04-20 22:08:14.990515+00	2022-04-20 22:08:14.990515+00
216	connecting_texts	13	2022-04-20 22:08:14.999068+00	2022-04-20 22:08:14.999068+00
217	history_passages	13	2022-04-20 22:08:15.003857+00	2022-04-20 22:08:15.003857+00
218	strategies	13	2022-04-20 22:08:15.009525+00	2022-04-20 22:08:15.009525+00
219	types_of_essays	15	2022-04-20 22:08:15.016426+00	2022-04-20 22:08:15.016426+00
220	essay_structure	15	2022-04-20 22:08:15.024706+00	2022-04-20 22:08:15.024706+00
221	point_of_view	15	2022-04-20 22:08:15.030217+00	2022-04-20 22:08:15.030217+00
222	persuasive_techniques	15	2022-04-20 22:08:15.037874+00	2022-04-20 22:08:15.037874+00
223	citations	15	2022-04-20 22:08:15.045705+00	2022-04-20 22:08:15.045705+00
224	independent_and_dependent_clauses	15	2022-04-20 22:08:15.052928+00	2022-04-20 22:08:15.052928+00
225	punctuation	15	2022-04-20 22:08:15.061765+00	2022-04-20 22:08:15.061765+00
226	verb_tense	15	2022-04-20 22:08:15.069786+00	2022-04-20 22:08:15.069786+00
227	subject_verb_agreement	15	2022-04-20 22:08:15.077813+00	2022-04-20 22:08:15.077813+00
228	specificity_and_coherence	15	2022-04-20 22:08:15.08566+00	2022-04-20 22:08:15.08566+00
229	plagiarism	15	2022-04-20 22:08:15.093985+00	2022-04-20 22:08:15.093985+00
230	nonnvarying_sentence_length	15	2022-04-20 22:08:15.100746+00	2022-04-20 22:08:15.100746+00
231	wordiness	15	2022-04-20 22:08:15.110005+00	2022-04-20 22:08:15.110005+00
232	grammatical_errors	15	2022-04-20 22:08:15.11928+00	2022-04-20 22:08:15.11928+00
233	common_requests	15	2022-04-20 22:08:15.166207+00	2022-04-20 22:08:15.166207+00
234	inference	13	2022-04-20 22:08:15.170671+00	2022-04-20 22:08:15.170671+00
235	integumentary	24	2022-04-20 22:08:15.17516+00	2022-04-20 22:08:15.17516+00
236	little_detail	13	2022-04-20 22:08:15.180739+00	2022-04-20 22:08:15.180739+00
237	lymphatic	24	2022-04-20 22:08:15.186028+00	2022-04-20 22:08:15.186028+00
238	muscular	24	2022-04-20 22:08:15.191049+00	2022-04-20 22:08:15.191049+00
239	nervous	24	2022-04-20 22:08:15.196727+00	2022-04-20 22:08:15.196727+00
240	probingqs	23	2022-04-20 22:08:15.202298+00	2022-04-20 22:08:15.202298+00
241	questions	23	2022-04-20 22:08:15.207352+00	2022-04-20 22:08:15.207352+00
242	reproductive	24	2022-04-20 22:08:15.214739+00	2022-04-20 22:08:15.214739+00
243	respiratory	24	2022-04-20 22:08:15.220348+00	2022-04-20 22:08:15.220348+00
244	sense_organs	24	2022-04-20 22:08:15.226603+00	2022-04-20 22:08:15.226603+00
245	skeletal	24	2022-04-20 22:08:15.231974+00	2022-04-20 22:08:15.231974+00
246	texttype	23	2022-04-20 22:08:15.237919+00	2022-04-20 22:08:15.237919+00
247	tissues	24	2022-04-20 22:08:15.244034+00	2022-04-20 22:08:15.244034+00
248	urinary	24	2022-04-20 22:08:15.250138+00	2022-04-20 22:08:15.250138+00
249	vocab_in_context	13	2022-04-20 22:08:15.258176+00	2022-04-20 22:08:15.258176+00
250	vocabulary	23	2022-04-20 22:08:15.264757+00	2022-04-20 22:08:15.264757+00
251	activatebk	23	2022-04-20 22:08:15.279066+00	2022-04-20 22:08:15.279066+00
252	author_technique	13	2022-04-20 22:08:15.285618+00	2022-04-20 22:08:15.285618+00
253	backgroundknowledge	23	2022-04-20 22:08:15.291935+00	2022-04-20 22:08:15.291935+00
254	big_picture	13	2022-04-20 22:08:15.299514+00	2022-04-20 22:08:15.299514+00
255	cells	24	2022-04-20 22:08:15.306197+00	2022-04-20 22:08:15.306197+00
256	circulatory_system	24	2022-04-20 22:08:15.322125+00	2022-04-20 22:08:15.322125+00
257	comprehensionsupport	23	2022-04-20 22:08:15.333099+00	2022-04-20 22:08:15.333099+00
258	context	23	2022-04-20 22:08:15.341422+00	2022-04-20 22:08:15.341422+00
259	corrections	23	2022-04-20 22:08:15.347903+00	2022-04-20 22:08:15.347903+00
260	digestive	24	2022-04-20 22:08:15.354139+00	2022-04-20 22:08:15.354139+00
261	editing	23	2022-04-20 22:08:15.361708+00	2022-04-20 22:08:15.361708+00
262	endocrine	24	2022-04-20 22:08:15.368333+00	2022-04-20 22:08:15.368333+00
263	evidence_support	13	2022-04-20 22:08:15.374853+00	2022-04-20 22:08:15.374853+00
264	function	13	2022-04-20 22:08:15.380738+00	2022-04-20 22:08:15.380738+00
265	strategies	12	2022-04-20 22:08:15.386313+00	2022-04-20 22:08:15.386313+00
266	unit circle	18	2022-04-20 22:08:15.391684+00	2022-04-20 22:08:15.391684+00
267	dynamics 1	6	2022-04-20 22:08:15.397721+00	2022-04-20 22:08:15.397721+00
268	energy 1	6	2022-04-20 22:08:15.403705+00	2022-04-20 22:08:15.403705+00
269	dynamics 2	6	2022-04-20 22:08:15.409704+00	2022-04-20 22:08:15.409704+00
270	energy 2	6	2022-04-20 22:08:15.415142+00	2022-04-20 22:08:15.415142+00
271	pythagorean theorem	18	2022-04-20 22:08:15.420839+00	2022-04-20 22:08:15.420839+00
272	degrees and radians	18	2022-04-20 22:08:15.426455+00	2022-04-20 22:08:15.426455+00
273	graphing trig functions	18	2022-04-20 22:08:15.432138+00	2022-04-20 22:08:15.432138+00
274	inverse trig functions	18	2022-04-20 22:08:15.440197+00	2022-04-20 22:08:15.440197+00
275	trigonometric identities	18	2022-04-20 22:08:15.448651+00	2022-04-20 22:08:15.448651+00
276	complex numbers	19	2022-04-20 22:08:15.453571+00	2022-04-20 22:08:15.453571+00
277	conic sections	19	2022-04-20 22:08:15.460204+00	2022-04-20 22:08:15.460204+00
278	graphing exponential functions	19	2022-04-20 22:08:15.466121+00	2022-04-20 22:08:15.466121+00
279	graphing polynomials	19	2022-04-20 22:08:15.47036+00	2022-04-20 22:08:15.47036+00
280	graphing rational functions	19	2022-04-20 22:08:15.474937+00	2022-04-20 22:08:15.474937+00
281	logarithms	19	2022-04-20 22:08:15.479931+00	2022-04-20 22:08:15.479931+00
282	inverse functions	19	2022-04-20 22:08:15.485326+00	2022-04-20 22:08:15.485326+00
283	polynomial division	19	2022-04-20 22:08:15.490088+00	2022-04-20 22:08:15.490088+00
284	rational expressions	19	2022-04-20 22:08:15.494661+00	2022-04-20 22:08:15.494661+00
285	sequences series	19	2022-04-20 22:08:15.50103+00	2022-04-20 22:08:15.50103+00
286	exponential logarithmic equations	19	2022-04-20 22:08:15.505754+00	2022-04-20 22:08:15.505754+00
287	other equations	19	2022-04-20 22:08:15.511908+00	2022-04-20 22:08:15.511908+00
288	quadratic and absolute	19	2022-04-20 22:08:15.51788+00	2022-04-20 22:08:15.51788+00
289	solving quadratic equations	19	2022-04-20 22:08:15.525677+00	2022-04-20 22:08:15.525677+00
290	transformations functions	19	2022-04-20 22:08:15.531139+00	2022-04-20 22:08:15.531139+00
291	vectors	19	2022-04-20 22:08:15.536782+00	2022-04-20 22:08:15.536782+00
292	trig functions	18	2022-04-20 22:08:15.542882+00	2022-04-20 22:08:15.542882+00
293	random variables and distributions	2	2022-04-20 22:08:15.548445+00	2022-04-20 22:08:15.548445+00
294	kinematics 2	6	2022-04-20 22:08:15.553585+00	2022-04-20 22:08:15.553585+00
295	DC Circuits	6	2022-04-20 22:08:15.562059+00	2022-04-20 22:08:15.562059+00
296	rotational motion	6	2022-04-20 22:08:15.56923+00	2022-04-20 22:08:15.56923+00
297	polynomials	12	2022-04-20 22:08:15.575848+00	2022-04-20 22:08:15.575848+00
298	functions	12	2022-04-20 22:08:15.581886+00	2022-04-20 22:08:15.581886+00
299	angles	12	2022-04-20 22:08:15.587806+00	2022-04-20 22:08:15.587806+00
\.


--
-- Data for Name: quiz_questions; Type: TABLE DATA; Schema: upchieve; Owner: admin
--

COPY upchieve.quiz_questions (id, question_text, possible_answers, correct_answer, quiz_subcategory_id, image_source, created_at, updated_at, mongo_id) FROM stdin;
\.


--
-- Data for Name: report_reasons; Type: TABLE DATA; Schema: upchieve; Owner: admin
--

COPY upchieve.report_reasons (id, reason, created_at, updated_at) FROM stdin;
1	This student was extremely rude or inappropriate	2022-04-20 22:08:16.190136+00	2022-04-20 22:08:16.190136+00
2	I am worried for the immediate safety of this student	2022-04-20 22:08:16.195584+00	2022-04-20 22:08:16.195584+00
3	LEGACY: Student was unresponsive	2022-04-20 22:08:16.200618+00	2022-04-20 22:08:16.200618+00
4	LEGACY: Technical issue	2022-04-20 22:08:16.206637+00	2022-04-20 22:08:16.206637+00
5	LEGACY: Other	2022-04-20 22:08:16.211759+00	2022-04-20 22:08:16.211759+00
\.


--
-- Data for Name: required_email_domains; Type: TABLE DATA; Schema: upchieve; Owner: admin
--

COPY upchieve.required_email_domains (id, domain, volunteer_partner_org_id, created_at, updated_at) FROM stdin;
01804904-c834-4a68-8cac-86971b23f046	mailtrap.com	01804904-c829-5940-6264-f0b6897819ba	2022-04-20 22:08:11.989696+00	2022-04-20 22:08:11.989696+00
\.


--
-- Data for Name: school_nces_metadata; Type: TABLE DATA; Schema: upchieve; Owner: admin
--

COPY upchieve.school_nces_metadata (school_id, created_at, updated_at, school_year, fipst, statename, st, sch_name, lea_name, state_agency_no, "union", st_leaid, leaid, st_schid, ncessch, schid, mstreet1, mstreet2, mstreet3, mcity, mstate, mzip, mzip4, lstreet1, lstreet2, lstreet3, lcity, lzip, lzip4, phone, website, sy_status, sy_status_text, updated_status, updated_status_text, effective_date, sch_type, sch_type_text, recon_status, out_of_state_flag, charter_text, chartauth1, chartauthn1, chartauth2, chartauthn2, nogrades, g_pk_offered, g_kg_offered, g_1_offered, g_2_offered, g_3_offered, g_4_offered, g_5_offered, g_6_offered, g_7_offered, g_8_offered, g_9_offered, g_10_offered, g_11_offered, g_12_offered, g_13_offered, g_ug_offered, g_ae_offered, gslo, gshi, level, igoffered) FROM stdin;
\.


--
-- Data for Name: schools_sponsor_orgs; Type: TABLE DATA; Schema: upchieve; Owner: admin
--

COPY upchieve.schools_sponsor_orgs (school_id, sponsor_org_id, created_at, updated_at) FROM stdin;
\.


--
-- Data for Name: session_failed_joins; Type: TABLE DATA; Schema: upchieve; Owner: admin
--

COPY upchieve.session_failed_joins (session_id, user_id, created_at, updated_at) FROM stdin;
\.


--
-- Data for Name: session_flags; Type: TABLE DATA; Schema: upchieve; Owner: admin
--

COPY upchieve.session_flags (id, name, created_at, updated_at) FROM stdin;
1	Absent student	2022-04-20 22:08:16.126914+00	2022-04-20 22:08:16.126914+00
2	Absent volunteer	2022-04-20 22:08:16.133509+00	2022-04-20 22:08:16.133509+00
3	Low session rating from coach	2022-04-20 22:08:16.138777+00	2022-04-20 22:08:16.138777+00
4	Low session rating from student	2022-04-20 22:08:16.143794+00	2022-04-20 22:08:16.143794+00
5	Low coach rating from student	2022-04-20 22:08:16.148815+00	2022-04-20 22:08:16.148815+00
6	Reported	2022-04-20 22:08:16.153909+00	2022-04-20 22:08:16.153909+00
7	Only looking for answers	2022-04-20 22:08:16.158996+00	2022-04-20 22:08:16.158996+00
8	Rude or inappropriate	2022-04-20 22:08:16.163899+00	2022-04-20 22:08:16.163899+00
9	Comment from student	2022-04-20 22:08:16.169535+00	2022-04-20 22:08:16.169535+00
10	Comment from volunteer	2022-04-20 22:08:16.174372+00	2022-04-20 22:08:16.174372+00
11	Has been unmatched	2022-04-20 22:08:16.179119+00	2022-04-20 22:08:16.179119+00
12	Has had technical issues	2022-04-20 22:08:16.184206+00	2022-04-20 22:08:16.184206+00
\.


--
-- Data for Name: session_messages; Type: TABLE DATA; Schema: upchieve; Owner: admin
--

COPY upchieve.session_messages (id, sender_id, contents, session_id, created_at, updated_at, mongo_id) FROM stdin;
\.


--
-- Data for Name: session_photos; Type: TABLE DATA; Schema: upchieve; Owner: admin
--

COPY upchieve.session_photos (session_id, photo_key, created_at, updated_at) FROM stdin;
\.


--
-- Data for Name: session_reports; Type: TABLE DATA; Schema: upchieve; Owner: admin
--

COPY upchieve.session_reports (id, report_reason_id, report_message, reporting_user_id, session_id, reported_user_id, created_at, updated_at) FROM stdin;
\.


--
-- Data for Name: session_review_reasons; Type: TABLE DATA; Schema: upchieve; Owner: admin
--

COPY upchieve.session_review_reasons (session_id, session_flag_id, created_at, updated_at) FROM stdin;
\.


--
-- Data for Name: sessions_session_flags; Type: TABLE DATA; Schema: upchieve; Owner: admin
--

COPY upchieve.sessions_session_flags (session_id, session_flag_id, created_at, updated_at) FROM stdin;
\.


--
-- Data for Name: student_favorite_volunteers; Type: TABLE DATA; Schema: upchieve; Owner: admin
--

COPY upchieve.student_favorite_volunteers (student_id, volunteer_id, created_at, updated_at) FROM stdin;
\.


--
-- Data for Name: student_partner_org_sites; Type: TABLE DATA; Schema: upchieve; Owner: admin
--

COPY upchieve.student_partner_org_sites (id, name, student_partner_org_id, created_at, updated_at) FROM stdin;
01804904-c817-cc29-64fd-94ad1c045d6d	Brooklyn	01804904-c7fd-6e21-8dfd-6f77fd075ff8	2022-04-20 22:08:11.960674+00	2022-04-20 22:08:11.960674+00
01804904-c817-b63d-6984-f5314c87f833	Denver	01804904-c7fd-6e21-8dfd-6f77fd075ff8	2022-04-20 22:08:11.967806+00	2022-04-20 22:08:11.967806+00
01804904-c817-b6af-eede-50e43792e0ea	Oakland	01804904-c7fd-6e21-8dfd-6f77fd075ff8	2022-04-20 22:08:11.97326+00	2022-04-20 22:08:11.97326+00
\.


--
-- Data for Name: student_partner_orgs_sponsor_orgs; Type: TABLE DATA; Schema: upchieve; Owner: admin
--

COPY upchieve.student_partner_orgs_sponsor_orgs (student_partner_org_id, sponsor_org_id, created_at, updated_at) FROM stdin;
\.


--
-- Data for Name: student_profiles; Type: TABLE DATA; Schema: upchieve; Owner: admin
--

COPY upchieve.student_profiles (user_id, college, school_id, postal_code, grade_level_id, student_partner_org_user_id, student_partner_org_id, student_partner_org_site_id, created_at, updated_at) FROM stdin;
01804905-0ad1-7d35-4c34-39f0ceab6073	\N	01804905-0781-69ce-0148-b700bb253c6d	\N	\N	\N	\N	\N	2022-04-20 22:08:28.927016+00	2022-04-20 22:08:28.927016+00
01804905-0ad1-f79c-0fd6-031d9bcb4c2e	\N	01804905-0781-aeb9-afb1-01195e1c3fa2	\N	\N	\N	\N	\N	2022-04-20 22:08:28.935405+00	2022-04-20 22:08:28.935405+00
01804905-0ad1-ee7a-f97a-93defd5ddfde	\N	\N	\N	\N	\N	\N	\N	2022-04-20 22:08:28.943976+00	2022-04-20 22:08:28.943976+00
\.


--
-- Data for Name: training_courses; Type: TABLE DATA; Schema: upchieve; Owner: admin
--

COPY upchieve.training_courses (id, name, created_at, updated_at) FROM stdin;
1	upchieve101	2022-04-20 22:08:12.017881+00	2022-04-20 22:08:12.017881+00
\.


--
-- Data for Name: user_actions; Type: TABLE DATA; Schema: upchieve; Owner: admin
--

COPY upchieve.user_actions (id, user_id, session_id, action_type, action, ip_address_id, device, browser, browser_version, operating_system, operating_system_version, quiz_subcategory, quiz_category, created_at, updated_at, mongo_id, reference_email, volunteer_id, ban_reason) FROM stdin;
\.


--
-- Data for Name: user_product_flags; Type: TABLE DATA; Schema: upchieve; Owner: admin
--

COPY upchieve.user_product_flags (user_id, sent_ready_to_coach_email, sent_hour_summary_intro_email, sent_inactive_thirty_day_email, sent_inactive_sixty_day_email, sent_inactive_ninety_day_email, gates_qualified, created_at, updated_at, in_gates_study) FROM stdin;
\.


--
-- Data for Name: user_session_metrics; Type: TABLE DATA; Schema: upchieve; Owner: admin
--

COPY upchieve.user_session_metrics (user_id, absent_student, absent_volunteer, low_session_rating_from_coach, low_session_rating_from_student, low_coach_rating_from_student, reported, only_looking_for_answers, rude_or_inappropriate, comment_from_student, comment_from_volunteer, has_been_unmatched, has_had_technical_issues, created_at, updated_at) FROM stdin;
\.


--
-- Data for Name: users_certifications; Type: TABLE DATA; Schema: upchieve; Owner: admin
--

COPY upchieve.users_certifications (user_id, certification_id, created_at, updated_at) FROM stdin;
01804905-07a9-9997-38a4-6fab6f2c9ca1	1	2022-04-20 22:08:28.56167+00	2022-04-20 22:08:28.56167+00
01804905-07a9-9997-38a4-6fab6f2c9ca1	16	2022-04-20 22:08:28.570875+00	2022-04-20 22:08:28.570875+00
01804905-07a9-9997-38a4-6fab6f2c9ca1	17	2022-04-20 22:08:28.577405+00	2022-04-20 22:08:28.577405+00
01804905-07a9-9997-38a4-6fab6f2c9ca1	11	2022-04-20 22:08:28.586944+00	2022-04-20 22:08:28.586944+00
01804905-07a9-9997-38a4-6fab6f2c9ca1	4	2022-04-20 22:08:28.594037+00	2022-04-20 22:08:28.594037+00
01804905-07a9-9997-38a4-6fab6f2c9ca1	20	2022-04-20 22:08:28.602469+00	2022-04-20 22:08:28.602469+00
01804905-07a9-9997-38a4-6fab6f2c9ca1	5	2022-04-20 22:08:28.613082+00	2022-04-20 22:08:28.613082+00
01804905-07a9-9997-38a4-6fab6f2c9ca1	9	2022-04-20 22:08:28.623957+00	2022-04-20 22:08:28.623957+00
01804905-07a9-9997-38a4-6fab6f2c9ca1	3	2022-04-20 22:08:28.632617+00	2022-04-20 22:08:28.632617+00
01804905-07a9-9997-38a4-6fab6f2c9ca1	6	2022-04-20 22:08:28.643896+00	2022-04-20 22:08:28.643896+00
01804905-07a9-9997-38a4-6fab6f2c9ca1	19	2022-04-20 22:08:28.653339+00	2022-04-20 22:08:28.653339+00
01804905-07a9-9997-38a4-6fab6f2c9ca1	18	2022-04-20 22:08:28.665949+00	2022-04-20 22:08:28.665949+00
01804905-07a9-9997-38a4-6fab6f2c9ca1	15	2022-04-20 22:08:28.678914+00	2022-04-20 22:08:28.678914+00
01804905-07a9-4c9f-7e60-dee99cab993f	1	2022-04-20 22:08:28.690226+00	2022-04-20 22:08:28.690226+00
01804905-07a9-4c9f-7e60-dee99cab993f	16	2022-04-20 22:08:28.698857+00	2022-04-20 22:08:28.698857+00
01804905-07a9-4c9f-7e60-dee99cab993f	17	2022-04-20 22:08:28.706849+00	2022-04-20 22:08:28.706849+00
01804905-07a9-4c9f-7e60-dee99cab993f	10	2022-04-20 22:08:28.71422+00	2022-04-20 22:08:28.71422+00
01804905-07a9-4c9f-7e60-dee99cab993f	4	2022-04-20 22:08:28.725185+00	2022-04-20 22:08:28.725185+00
01804905-07a9-4c9f-7e60-dee99cab993f	20	2022-04-20 22:08:28.733584+00	2022-04-20 22:08:28.733584+00
01804905-07a9-4c9f-7e60-dee99cab993f	5	2022-04-20 22:08:28.741037+00	2022-04-20 22:08:28.741037+00
01804905-07a9-4c9f-7e60-dee99cab993f	9	2022-04-20 22:08:28.748356+00	2022-04-20 22:08:28.748356+00
01804905-07a9-4c9f-7e60-dee99cab993f	3	2022-04-20 22:08:28.755359+00	2022-04-20 22:08:28.755359+00
01804905-07a9-4c9f-7e60-dee99cab993f	6	2022-04-20 22:08:28.764193+00	2022-04-20 22:08:28.764193+00
01804905-07a9-4c9f-7e60-dee99cab993f	11	2022-04-20 22:08:28.769429+00	2022-04-20 22:08:28.769429+00
01804905-07a9-4c9f-7e60-dee99cab993f	19	2022-04-20 22:08:28.777855+00	2022-04-20 22:08:28.777855+00
01804905-07a9-4c9f-7e60-dee99cab993f	18	2022-04-20 22:08:28.787546+00	2022-04-20 22:08:28.787546+00
01804905-07a9-76ad-15fd-748aa12f5a78	1	2022-04-20 22:08:28.800646+00	2022-04-20 22:08:28.800646+00
01804905-07a9-76ad-15fd-748aa12f5a78	16	2022-04-20 22:08:28.812788+00	2022-04-20 22:08:28.812788+00
01804905-07a9-76ad-15fd-748aa12f5a78	17	2022-04-20 22:08:28.825616+00	2022-04-20 22:08:28.825616+00
01804905-07a9-76ad-15fd-748aa12f5a78	10	2022-04-20 22:08:28.835891+00	2022-04-20 22:08:28.835891+00
01804905-07a9-76ad-15fd-748aa12f5a78	4	2022-04-20 22:08:28.845669+00	2022-04-20 22:08:28.845669+00
01804905-07a9-76ad-15fd-748aa12f5a78	20	2022-04-20 22:08:28.85979+00	2022-04-20 22:08:28.85979+00
01804905-07a9-76ad-15fd-748aa12f5a78	5	2022-04-20 22:08:28.870768+00	2022-04-20 22:08:28.870768+00
01804905-07a9-76ad-15fd-748aa12f5a78	9	2022-04-20 22:08:28.882648+00	2022-04-20 22:08:28.882648+00
01804905-07a9-76ad-15fd-748aa12f5a78	3	2022-04-20 22:08:28.893534+00	2022-04-20 22:08:28.893534+00
01804905-07a9-76ad-15fd-748aa12f5a78	6	2022-04-20 22:08:28.901111+00	2022-04-20 22:08:28.901111+00
01804905-07a9-76ad-15fd-748aa12f5a78	11	2022-04-20 22:08:28.911324+00	2022-04-20 22:08:28.911324+00
01804905-07a9-76ad-15fd-748aa12f5a78	19	2022-04-20 22:08:28.920616+00	2022-04-20 22:08:28.920616+00
01804905-07a9-76ad-15fd-748aa12f5a78	18	2022-04-20 22:08:28.932153+00	2022-04-20 22:08:28.932153+00
\.


--
-- Data for Name: users_ip_addresses; Type: TABLE DATA; Schema: upchieve; Owner: admin
--

COPY upchieve.users_ip_addresses (id, ip_address_id, user_id, created_at, updated_at) FROM stdin;
\.


--
-- Data for Name: users_quizzes; Type: TABLE DATA; Schema: upchieve; Owner: admin
--

COPY upchieve.users_quizzes (user_id, quiz_id, attempts, passed, created_at, updated_at) FROM stdin;
01804905-07a9-9997-38a4-6fab6f2c9ca1	1	1	t	2022-04-20 22:08:28.938256+00	2022-04-20 22:08:28.938256+00
01804905-07a9-9997-38a4-6fab6f2c9ca1	16	1	t	2022-04-20 22:08:28.949973+00	2022-04-20 22:08:28.949973+00
01804905-07a9-9997-38a4-6fab6f2c9ca1	17	1	t	2022-04-20 22:08:28.960641+00	2022-04-20 22:08:28.960641+00
01804905-07a9-9997-38a4-6fab6f2c9ca1	10	1	t	2022-04-20 22:08:28.966765+00	2022-04-20 22:08:28.966765+00
01804905-07a9-9997-38a4-6fab6f2c9ca1	4	1	t	2022-04-20 22:08:28.974551+00	2022-04-20 22:08:28.974551+00
01804905-07a9-9997-38a4-6fab6f2c9ca1	20	1	t	2022-04-20 22:08:28.98373+00	2022-04-20 22:08:28.98373+00
01804905-07a9-9997-38a4-6fab6f2c9ca1	5	1	t	2022-04-20 22:08:28.992487+00	2022-04-20 22:08:28.992487+00
01804905-07a9-9997-38a4-6fab6f2c9ca1	9	1	t	2022-04-20 22:08:29.000204+00	2022-04-20 22:08:29.000204+00
01804905-07a9-9997-38a4-6fab6f2c9ca1	3	1	t	2022-04-20 22:08:29.009182+00	2022-04-20 22:08:29.009182+00
01804905-07a9-9997-38a4-6fab6f2c9ca1	6	1	t	2022-04-20 22:08:28.649516+00	2022-04-20 22:08:28.649516+00
01804905-07a9-9997-38a4-6fab6f2c9ca1	11	1	t	2022-04-20 22:08:28.654941+00	2022-04-20 22:08:28.654941+00
01804905-07a9-9997-38a4-6fab6f2c9ca1	19	1	t	2022-04-20 22:08:28.6609+00	2022-04-20 22:08:28.6609+00
01804905-07a9-9997-38a4-6fab6f2c9ca1	18	1	t	2022-04-20 22:08:28.668179+00	2022-04-20 22:08:28.668179+00
01804905-07a9-9997-38a4-6fab6f2c9ca1	15	1	t	2022-04-20 22:08:28.674537+00	2022-04-20 22:08:28.674537+00
01804905-07a9-4c9f-7e60-dee99cab993f	1	1	t	2022-04-20 22:08:28.680259+00	2022-04-20 22:08:28.680259+00
01804905-07a9-4c9f-7e60-dee99cab993f	16	1	t	2022-04-20 22:08:28.686208+00	2022-04-20 22:08:28.686208+00
01804905-07a9-4c9f-7e60-dee99cab993f	17	1	t	2022-04-20 22:08:28.694201+00	2022-04-20 22:08:28.694201+00
01804905-07a9-4c9f-7e60-dee99cab993f	10	1	t	2022-04-20 22:08:28.700612+00	2022-04-20 22:08:28.700612+00
01804905-07a9-4c9f-7e60-dee99cab993f	4	1	t	2022-04-20 22:08:28.708085+00	2022-04-20 22:08:28.708085+00
01804905-07a9-4c9f-7e60-dee99cab993f	20	1	t	2022-04-20 22:08:28.716454+00	2022-04-20 22:08:28.716454+00
01804905-07a9-4c9f-7e60-dee99cab993f	5	1	t	2022-04-20 22:08:28.724586+00	2022-04-20 22:08:28.724586+00
01804905-07a9-4c9f-7e60-dee99cab993f	9	1	t	2022-04-20 22:08:28.729916+00	2022-04-20 22:08:28.729916+00
01804905-07a9-4c9f-7e60-dee99cab993f	3	1	t	2022-04-20 22:08:28.735619+00	2022-04-20 22:08:28.735619+00
01804905-07a9-4c9f-7e60-dee99cab993f	6	1	t	2022-04-20 22:08:28.744466+00	2022-04-20 22:08:28.744466+00
01804905-07a9-4c9f-7e60-dee99cab993f	11	1	t	2022-04-20 22:08:28.749278+00	2022-04-20 22:08:28.749278+00
01804905-07a9-4c9f-7e60-dee99cab993f	19	1	t	2022-04-20 22:08:28.755125+00	2022-04-20 22:08:28.755125+00
01804905-07a9-4c9f-7e60-dee99cab993f	18	1	t	2022-04-20 22:08:28.762157+00	2022-04-20 22:08:28.762157+00
01804905-07a9-76ad-15fd-748aa12f5a78	1	1	t	2022-04-20 22:08:28.769024+00	2022-04-20 22:08:28.769024+00
01804905-07a9-76ad-15fd-748aa12f5a78	16	1	t	2022-04-20 22:08:28.776223+00	2022-04-20 22:08:28.776223+00
01804905-07a9-76ad-15fd-748aa12f5a78	17	1	t	2022-04-20 22:08:28.784975+00	2022-04-20 22:08:28.784975+00
01804905-07a9-76ad-15fd-748aa12f5a78	10	1	t	2022-04-20 22:08:28.793054+00	2022-04-20 22:08:28.793054+00
01804905-07a9-76ad-15fd-748aa12f5a78	4	1	t	2022-04-20 22:08:28.799951+00	2022-04-20 22:08:28.799951+00
01804905-07a9-76ad-15fd-748aa12f5a78	20	1	t	2022-04-20 22:08:28.806531+00	2022-04-20 22:08:28.806531+00
01804905-07a9-76ad-15fd-748aa12f5a78	5	1	t	2022-04-20 22:08:28.812802+00	2022-04-20 22:08:28.812802+00
01804905-07a9-76ad-15fd-748aa12f5a78	9	1	t	2022-04-20 22:08:28.819926+00	2022-04-20 22:08:28.819926+00
01804905-07a9-76ad-15fd-748aa12f5a78	3	1	t	2022-04-20 22:08:28.833345+00	2022-04-20 22:08:28.833345+00
01804905-07a9-76ad-15fd-748aa12f5a78	6	1	t	2022-04-20 22:08:28.847884+00	2022-04-20 22:08:28.847884+00
01804905-07a9-76ad-15fd-748aa12f5a78	11	1	t	2022-04-20 22:08:28.853762+00	2022-04-20 22:08:28.853762+00
01804905-07a9-76ad-15fd-748aa12f5a78	19	1	t	2022-04-20 22:08:28.864153+00	2022-04-20 22:08:28.864153+00
01804905-07a9-76ad-15fd-748aa12f5a78	18	1	t	2022-04-20 22:08:28.870781+00	2022-04-20 22:08:28.870781+00
\.


--
-- Data for Name: users_roles; Type: TABLE DATA; Schema: upchieve; Owner: admin
--

COPY upchieve.users_roles (user_id, role_id, created_at, updated_at) FROM stdin;
\.


--
-- Data for Name: users_training_courses; Type: TABLE DATA; Schema: upchieve; Owner: admin
--

COPY upchieve.users_training_courses (user_id, training_course_id, complete, progress, completed_materials, created_at, updated_at) FROM stdin;
\.


--
-- Data for Name: volunteer_occupations; Type: TABLE DATA; Schema: upchieve; Owner: admin
--

COPY upchieve.volunteer_occupations (user_id, occupation, created_at, updated_at) FROM stdin;
\.


--
-- Data for Name: volunteer_profiles; Type: TABLE DATA; Schema: upchieve; Owner: admin
--

COPY upchieve.volunteer_profiles (user_id, volunteer_partner_org_id, timezone, approved, onboarded, photo_id_s3_key, photo_id_status, linkedin_url, college, company, languages, experience, city, state, country, created_at, updated_at, total_volunteer_hours, elapsed_availability) FROM stdin;
01804905-07a9-9997-38a4-6fab6f2c9ca1	\N	America/New_York	t	t	\N	\N	\N	Volunteer College	\N	\N	\N	\N	\N	\N	2022-04-20 22:08:28.505684+00	2022-04-20 22:08:28.505684+00	\N	\N
01804905-07a9-4c9f-7e60-dee99cab993f	\N	America/New_York	t	t	\N	\N	\N	Volunteer College	\N	\N	\N	\N	\N	\N	2022-04-20 22:08:28.51548+00	2022-04-20 22:08:28.51548+00	\N	\N
01804905-07a9-76ad-15fd-748aa12f5a78	\N	America/Denver	t	t	\N	\N	\N	Volunteer College	\N	\N	\N	\N	\N	\N	2022-04-20 22:08:28.529833+00	2022-04-20 22:08:28.529833+00	\N	\N
01804905-07a9-04b4-0d0a-1f8dd5d882e2	\N	America/New_York	t	f	\N	\N	\N	Volunteer College	\N	\N	\N	\N	\N	\N	2022-04-20 22:08:28.537738+00	2022-04-20 22:08:28.537738+00	\N	\N
01804905-07a9-959f-5689-01b40dd79336	\N	America/New_York	f	f	\N	\N	\N	Volunteer College	\N	\N	\N	\N	\N	\N	2022-04-20 22:08:28.544966+00	2022-04-20 22:08:28.544966+00	\N	\N
01804905-07a9-f1df-6002-9b99321d7e7c	\N	America/New_York	t	t	\N	\N	\N		\N	\N	\N	\N	\N	\N	2022-04-20 22:08:28.552821+00	2022-04-20 22:08:28.552821+00	\N	\N
\.


--
-- Data for Name: volunteer_reference_statuses; Type: TABLE DATA; Schema: upchieve; Owner: admin
--

COPY upchieve.volunteer_reference_statuses (id, name, created_at, updated_at) FROM stdin;
1	sent	2022-04-20 22:08:12.023258+00	2022-04-20 22:08:12.023258+00
2	submitted	2022-04-20 22:08:12.028584+00	2022-04-20 22:08:12.028584+00
3	approved	2022-04-20 22:08:12.033642+00	2022-04-20 22:08:12.033642+00
4	rejected	2022-04-20 22:08:12.039018+00	2022-04-20 22:08:12.039018+00
5	removed	2022-04-20 22:08:12.044042+00	2022-04-20 22:08:12.044042+00
6	unsent	2022-04-20 22:08:12.049435+00	2022-04-20 22:08:12.049435+00
\.


--
-- Data for Name: volunteer_references; Type: TABLE DATA; Schema: upchieve; Owner: admin
--

COPY upchieve.volunteer_references (id, user_id, first_name, last_name, email, status_id, sent_at, affiliation, relationship_length, patient, positive_role_model, agreeable_and_approachable, communicates_effectively, rejection_reason, additional_info, created_at, updated_at, trustworthy_with_children) FROM stdin;
\.


--
-- Name: ban_reasons_id_seq; Type: SEQUENCE SET; Schema: upchieve; Owner: admin
--

SELECT pg_catalog.setval('upchieve.ban_reasons_id_seq', 5, true);


--
-- Name: certifications_id_seq; Type: SEQUENCE SET; Schema: upchieve; Owner: admin
--

SELECT pg_catalog.setval('upchieve.certifications_id_seq', 22, true);


--
-- Name: cities_id_seq; Type: SEQUENCE SET; Schema: upchieve; Owner: admin
--

SELECT pg_catalog.setval('upchieve.cities_id_seq', 2, true);


--
-- Name: grade_levels_id_seq; Type: SEQUENCE SET; Schema: upchieve; Owner: admin
--

SELECT pg_catalog.setval('upchieve.grade_levels_id_seq', 6, true);


--
-- Name: ip_addresses_id_seq; Type: SEQUENCE SET; Schema: upchieve; Owner: admin
--

SELECT pg_catalog.setval('upchieve.ip_addresses_id_seq', 1, false);


--
-- Name: notification_methods_id_seq; Type: SEQUENCE SET; Schema: upchieve; Owner: admin
--

SELECT pg_catalog.setval('upchieve.notification_methods_id_seq', 4, true);


--
-- Name: notification_priority_groups_id_seq; Type: SEQUENCE SET; Schema: upchieve; Owner: admin
--

SELECT pg_catalog.setval('upchieve.notification_priority_groups_id_seq', 17, true);


--
-- Name: notification_types_id_seq; Type: SEQUENCE SET; Schema: upchieve; Owner: admin
--

SELECT pg_catalog.setval('upchieve.notification_types_id_seq', 2, true);


--
-- Name: photo_id_statuses_id_seq; Type: SEQUENCE SET; Schema: upchieve; Owner: admin
--

SELECT pg_catalog.setval('upchieve.photo_id_statuses_id_seq', 4, true);


--
-- Name: quiz_questions_id_seq; Type: SEQUENCE SET; Schema: upchieve; Owner: admin
--

SELECT pg_catalog.setval('upchieve.quiz_questions_id_seq', 1, false);


--
-- Name: quiz_subcategories_id_seq; Type: SEQUENCE SET; Schema: upchieve; Owner: admin
--

SELECT pg_catalog.setval('upchieve.quiz_subcategories_id_seq', 299, true);


--
-- Name: quizzes_id_seq; Type: SEQUENCE SET; Schema: upchieve; Owner: admin
--

SELECT pg_catalog.setval('upchieve.quizzes_id_seq', 24, true);


--
-- Name: report_reasons_id_seq; Type: SEQUENCE SET; Schema: upchieve; Owner: admin
--

SELECT pg_catalog.setval('upchieve.report_reasons_id_seq', 5, true);


--
-- Name: session_flags_id_seq; Type: SEQUENCE SET; Schema: upchieve; Owner: admin
--

SELECT pg_catalog.setval('upchieve.session_flags_id_seq', 12, true);


--
-- Name: signup_sources_id_seq; Type: SEQUENCE SET; Schema: upchieve; Owner: admin
--

SELECT pg_catalog.setval('upchieve.signup_sources_id_seq', 6, true);


--
-- Name: subjects_id_seq; Type: SEQUENCE SET; Schema: upchieve; Owner: admin
--

SELECT pg_catalog.setval('upchieve.subjects_id_seq', 25, true);


--
-- Name: tool_types_id_seq; Type: SEQUENCE SET; Schema: upchieve; Owner: admin
--

SELECT pg_catalog.setval('upchieve.tool_types_id_seq', 2, true);


--
-- Name: topics_id_seq; Type: SEQUENCE SET; Schema: upchieve; Owner: admin
--

SELECT pg_catalog.setval('upchieve.topics_id_seq', 5, true);


--
-- Name: training_courses_id_seq; Type: SEQUENCE SET; Schema: upchieve; Owner: admin
--

SELECT pg_catalog.setval('upchieve.training_courses_id_seq', 1, true);


--
-- Name: user_actions_id_seq; Type: SEQUENCE SET; Schema: upchieve; Owner: admin
--

SELECT pg_catalog.setval('upchieve.user_actions_id_seq', 1, false);


--
-- Name: user_roles_id_seq; Type: SEQUENCE SET; Schema: upchieve; Owner: admin
--

SELECT pg_catalog.setval('upchieve.user_roles_id_seq', 3, true);


--
-- Name: volunteer_reference_statuses_id_seq; Type: SEQUENCE SET; Schema: upchieve; Owner: admin
--

SELECT pg_catalog.setval('upchieve.volunteer_reference_statuses_id_seq', 6, true);


--
-- Name: weekdays_id_seq; Type: SEQUENCE SET; Schema: upchieve; Owner: admin
--

SELECT pg_catalog.setval('upchieve.weekdays_id_seq', 1, false);


--
-- PostgreSQL database dump complete
--

