--
-- PostgreSQL database dump
--

-- Dumped from database version 14.2 (Debian 14.2-1.pgdg110+1)
-- Dumped by pg_dump version 14.2

SET statement_timeout = 0;
SET lock_timeout = 0;
SET idle_in_transaction_session_timeout = 0;
SET client_encoding = 'UTF8';
SET standard_conforming_strings = on;
SELECT pg_catalog.set_config('search_path', '', false);
SET check_function_bodies = false;
SET xmloption = content;
SET client_min_messages = warning;
SET row_security = off;

--
-- Data for Name: ban_reasons; Type: TABLE DATA; Schema: upchieve; Owner: admin
--

COPY upchieve.ban_reasons (id, name, created_at, updated_at) FROM stdin;
1	non us signup	2022-10-06 20:14:30.652176+00	2022-10-06 20:14:30.652176+00
2	session reported	2022-10-06 20:14:30.654301+00	2022-10-06 20:14:30.654301+00
3	used banned ip	2022-10-06 20:14:30.65612+00	2022-10-06 20:14:30.65612+00
4	admin	2022-10-06 20:14:30.657534+00	2022-10-06 20:14:30.657534+00
5	banned service provider	2022-10-06 20:14:30.659049+00	2022-10-06 20:14:30.659049+00
\.


--
-- Data for Name: signup_sources; Type: TABLE DATA; Schema: upchieve; Owner: admin
--

COPY upchieve.signup_sources (id, name, created_at, updated_at) FROM stdin;
1	Web search	2022-10-06 20:14:30.660697+00	2022-10-06 20:14:30.660697+00
2	Social media	2022-10-06 20:14:30.662449+00	2022-10-06 20:14:30.662449+00
3	Friend / Classmate	2022-10-06 20:14:30.663997+00	2022-10-06 20:14:30.663997+00
4	School / Teacher	2022-10-06 20:14:30.666097+00	2022-10-06 20:14:30.666097+00
5	Parent / Relative	2022-10-06 20:14:30.667774+00	2022-10-06 20:14:30.667774+00
6	Other	2022-10-06 20:14:30.66944+00	2022-10-06 20:14:30.66944+00
7	Roster	2022-10-06 20:14:32.196158+00	2022-10-06 20:14:32.196158+00
\.


--
-- Data for Name: users; Type: TABLE DATA; Schema: upchieve; Owner: admin
--

COPY upchieve.users (id, verified, email_verified, phone_verified, email, password, password_reset_token, first_name, last_name, deactivated, last_activity_at, referral_code, referred_by, test_user, banned, ban_reason_id, time_tutored, signup_source_id, created_at, updated_at, phone, mongo_id) FROM stdin;
0183aeef-81ac-594f-221c-1d95d1be18b0	t	f	f	volunteer1@upchieve.org	$2a$10$z.JMHnbX9IubnNZtqI.FOecTPVY1VTU1DJ6AJGIOT/x/OyAtdw3.y	\N	Partner	UPchieve	f	\N	B	\N	f	f	\N	25200000	\N	2022-10-06 20:14:35.454192+00	2022-10-06 20:14:35.454192+00	+12125551212	\N
0183aeef-81ac-8e5c-ec5e-9d156ae83644	t	f	f	volunteer2@upchieve.org	$2a$10$z.JMHnbX9IubnNZtqI.FOecTPVY1VTU1DJ6AJGIOT/x/OyAtdw3.y	\N	Special Reporting	UPchieve	f	\N	C	\N	f	f	\N	25200000	\N	2022-10-06 20:14:35.459001+00	2022-10-06 20:14:35.459001+00	+12125551213	\N
0183aeef-81ac-c7a6-e8b8-f9410a6b162d	t	f	f	volunteer3@upchieve.org	$2a$10$z.JMHnbX9IubnNZtqI.FOecTPVY1VTU1DJ6AJGIOT/x/OyAtdw3.y	\N	Open Sign Up	UPchieve	f	\N	D	\N	f	f	\N	25200000	\N	2022-10-06 20:14:35.462334+00	2022-10-06 20:14:35.462334+00	+12125551214	\N
0183aeef-81ac-0e1d-6d26-1e3623b1ac26	t	f	f	volunteer4@upchieve.org	$2a$10$z.JMHnbX9IubnNZtqI.FOecTPVY1VTU1DJ6AJGIOT/x/OyAtdw3.y	\N	Needs Onboarding	UPchieve	f	\N	E	\N	f	f	\N	0	\N	2022-10-06 20:14:35.465637+00	2022-10-06 20:14:35.465637+00	+12125551215	\N
0183aeef-81ac-9bfd-52eb-4c3e582a9100	t	f	f	volunteer5@upchieve.org	$2a$10$z.JMHnbX9IubnNZtqI.FOecTPVY1VTU1DJ6AJGIOT/x/OyAtdw3.y	\N	Needs Approval	UPchieve	f	\N	Z	\N	f	f	\N	0	\N	2022-10-06 20:14:35.468977+00	2022-10-06 20:14:35.468977+00	+12125551216	\N
0183aeef-81ac-992d-8825-879168113c54	t	f	f	volunteer6@upchieve.org	$2a$10$z.JMHnbX9IubnNZtqI.FOecTPVY1VTU1DJ6AJGIOT/x/OyAtdw3.y	\N	Admin	UPchieve	f	\N	Y	\N	f	f	\N	0	\N	2022-10-06 20:14:35.472189+00	2022-10-06 20:14:35.472189+00	+12125551217	\N
0183aeef-831a-276e-6711-7d76c1cd666e	t	f	f	student1@upchieve.org	$2a$10$z.JMHnbX9IubnNZtqI.FOecTPVY1VTU1DJ6AJGIOT/x/OyAtdw3.y	\N	Student	UPchieve	f	\N	A	\N	f	f	\N	\N	\N	2022-10-06 20:14:35.820088+00	2022-10-06 20:14:35.820088+00	\N	\N
0183aeef-831a-912c-1c33-6475d9710b8d	t	f	f	student2@upchieve.org	$2a$10$z.JMHnbX9IubnNZtqI.FOecTPVY1VTU1DJ6AJGIOT/x/OyAtdw3.y	\N	Student	UPchieve	f	\N	F	\N	f	f	\N	\N	\N	2022-10-06 20:14:35.824112+00	2022-10-06 20:14:35.824112+00	\N	\N
0183aeef-831a-df8e-c365-3c8230f3cdef	t	f	f	student3@upchieve.org	$2a$10$z.JMHnbX9IubnNZtqI.FOecTPVY1VTU1DJ6AJGIOT/x/OyAtdw3.y	\N	Student	UPchieve	f	\N	G	\N	f	f	\N	\N	\N	2022-10-06 20:14:35.828973+00	2022-10-06 20:14:35.828973+00	\N	\N
\.


--
-- Data for Name: admin_profiles; Type: TABLE DATA; Schema: upchieve; Owner: admin
--

COPY upchieve.admin_profiles (user_id, created_at, updated_at) FROM stdin;
0183aeef-81ac-992d-8825-879168113c54	2022-10-06 20:14:35.817725+00	2022-10-06 20:14:35.817725+00
\.


--
-- Data for Name: tool_types; Type: TABLE DATA; Schema: upchieve; Owner: admin
--

COPY upchieve.tool_types (id, name, created_at, updated_at) FROM stdin;
1	whiteboard	2022-10-06 20:14:30.709729+00	2022-10-06 20:14:30.709729+00
2	documenteditor	2022-10-06 20:14:30.711972+00	2022-10-06 20:14:30.711972+00
\.


--
-- Data for Name: topics; Type: TABLE DATA; Schema: upchieve; Owner: admin
--

COPY upchieve.topics (id, name, icon_link, color, dashboard_order, display_name, created_at, updated_at) FROM stdin;
1	math	\N	\N	1	Math	2022-10-06 20:14:30.700659+00	2022-10-06 20:14:30.700659+00
2	science	\N	\N	4	Science	2022-10-06 20:14:30.702892+00	2022-10-06 20:14:30.702892+00
3	college	\N	\N	3	College Counseling	2022-10-06 20:14:30.704671+00	2022-10-06 20:14:30.704671+00
4	sat	\N	\N	2	Standardized Testing	2022-10-06 20:14:30.706363+00	2022-10-06 20:14:30.706363+00
5	readingWriting	\N	\N	5	Reading and Writing	2022-10-06 20:14:30.707978+00	2022-10-06 20:14:30.707978+00
6	socialStudies	\N	\N	6	Social Studies	2022-10-06 20:14:32.046812+00	2022-10-06 20:14:32.046812+00
\.


--
-- Data for Name: subjects; Type: TABLE DATA; Schema: upchieve; Owner: admin
--

COPY upchieve.subjects (id, name, display_name, display_order, topic_id, tool_type_id, created_at, updated_at) FROM stdin;
1	prealgebra	Prealgebra	1	1	1	2022-10-06 20:14:30.714202+00	2022-10-06 20:14:30.714202+00
2	algebraOne	Algebra 1	2	1	1	2022-10-06 20:14:30.716989+00	2022-10-06 20:14:30.716989+00
3	algebraTwo	Algebra 2	3	1	1	2022-10-06 20:14:30.719133+00	2022-10-06 20:14:30.719133+00
4	geometry	Geometry	4	1	1	2022-10-06 20:14:30.721608+00	2022-10-06 20:14:30.721608+00
5	trigonometry	Trigonometry	5	1	1	2022-10-06 20:14:30.723565+00	2022-10-06 20:14:30.723565+00
6	precalculus	Precalculus	6	1	1	2022-10-06 20:14:30.725436+00	2022-10-06 20:14:30.725436+00
7	calculusAB	Calculus AB	7	1	1	2022-10-06 20:14:30.727298+00	2022-10-06 20:14:30.727298+00
8	calculusBC	Calculus BC	8	1	1	2022-10-06 20:14:30.729062+00	2022-10-06 20:14:30.729062+00
9	statistics	Statistics	9	1	1	2022-10-06 20:14:30.731005+00	2022-10-06 20:14:30.731005+00
10	biology	Biology	1	2	1	2022-10-06 20:14:30.733428+00	2022-10-06 20:14:30.733428+00
11	chemistry	Chemistry	2	2	1	2022-10-06 20:14:30.735813+00	2022-10-06 20:14:30.735813+00
12	physicsOne	Physics 1	3	2	1	2022-10-06 20:14:30.73752+00	2022-10-06 20:14:30.73752+00
13	physicsTwo	Physics 2	4	2	1	2022-10-06 20:14:30.73956+00	2022-10-06 20:14:30.73956+00
14	environmentalScience	Environmental Science	5	2	1	2022-10-06 20:14:30.741561+00	2022-10-06 20:14:30.741561+00
15	satMath	SAT Math	1	4	1	2022-10-06 20:14:30.743337+00	2022-10-06 20:14:30.743337+00
16	satReading	SAT Reading	2	4	2	2022-10-06 20:14:30.745322+00	2022-10-06 20:14:30.745322+00
17	essays	College Essays	2	3	2	2022-10-06 20:14:30.747358+00	2022-10-06 20:14:30.747358+00
18	planning	Planning	1	3	2	2022-10-06 20:14:30.749347+00	2022-10-06 20:14:30.749347+00
19	applications	Applications	3	3	2	2022-10-06 20:14:30.751292+00	2022-10-06 20:14:30.751292+00
20	humanitiesEssays	Humanities Essays	1	5	2	2022-10-06 20:14:30.75322+00	2022-10-06 20:14:30.75322+00
21	integratedMathOne	Integrated Math One	9	1	1	2022-10-06 20:14:30.755052+00	2022-10-06 20:14:30.755052+00
22	integratedMathTwo	Integrated Math Two	9	1	1	2022-10-06 20:14:30.757001+00	2022-10-06 20:14:30.757001+00
23	integratedMathThree	Integrated Math Three	9	1	1	2022-10-06 20:14:30.758718+00	2022-10-06 20:14:30.758718+00
24	integratedMathFour	Integrated Math Four	9	1	1	2022-10-06 20:14:30.760592+00	2022-10-06 20:14:30.760592+00
25	reading	Reading	2	5	2	2022-10-06 20:14:31.94086+00	2022-10-06 20:14:31.94086+00
26	usHistory	U.S. History	1	6	2	2022-10-06 20:14:32.046812+00	2022-10-06 20:14:32.046812+00
\.


--
-- Data for Name: user_roles; Type: TABLE DATA; Schema: upchieve; Owner: admin
--

COPY upchieve.user_roles (id, name, created_at, updated_at) FROM stdin;
1	student	2022-10-06 20:14:30.646327+00	2022-10-06 20:14:30.646327+00
2	volunteer	2022-10-06 20:14:30.648472+00	2022-10-06 20:14:30.648472+00
3	admin	2022-10-06 20:14:30.650326+00	2022-10-06 20:14:30.650326+00
\.


--
-- Data for Name: sessions; Type: TABLE DATA; Schema: upchieve; Owner: admin
--

COPY upchieve.sessions (id, student_id, volunteer_id, subject_id, has_whiteboard_doc, quill_doc, volunteer_joined_at, ended_at, ended_by_role_id, reviewed, to_review, student_banned, time_tutored, created_at, updated_at, mongo_id) FROM stdin;
\.


--
-- Data for Name: assistments_data; Type: TABLE DATA; Schema: upchieve; Owner: admin
--

COPY upchieve.assistments_data (id, problem_id, assignment_id, student_id, session_id, sent, created_at, updated_at, sent_at, mongo_id) FROM stdin;
\.


--
-- Data for Name: sponsor_orgs; Type: TABLE DATA; Schema: upchieve; Owner: admin
--

COPY upchieve.sponsor_orgs (id, name, created_at, updated_at, key) FROM stdin;
0183aeef-819b-3689-d955-64ebef90117f	Only Sponsors Schools	2022-10-06 20:14:35.437059+00	2022-10-06 20:14:35.437059+00	onlySponsorsSchools
0183aeef-819b-eb75-88d7-be79bed3b8eb	Only Sponsors Partner Orgs	2022-10-06 20:14:35.43874+00	2022-10-06 20:14:35.43874+00	onlySponsorsPartnerOrgs
0183aeef-819b-8015-f2c2-05e240add04d	Sponsors Both	2022-10-06 20:14:35.440199+00	2022-10-06 20:14:35.440199+00	sponsorsBoth
\.


--
-- Data for Name: student_partner_orgs; Type: TABLE DATA; Schema: upchieve; Owner: admin
--

COPY upchieve.student_partner_orgs (id, key, name, signup_code, high_school_signup, college_signup, school_signup_required, created_at, updated_at, school_id) FROM stdin;
0183aeef-8110-f7e7-91a8-78c4cffe6742	college-mentors	College Mentors	MENTORS	t	f	t	2022-10-06 20:14:35.361271+00	2022-10-06 20:14:35.361271+00	\N
0183aeef-8110-8eb5-14e7-c1ef266e5c20	community-org	Community Org	COMMUNITY	t	f	f	2022-10-06 20:14:35.370698+00	2022-10-06 20:14:35.370698+00	\N
0183aeef-8110-0bd3-dacd-f8388d5bdf80	school-helpers	School Helpers	SCHOOLHELPERS	f	f	f	2022-10-06 20:14:35.375199+00	2022-10-06 20:14:35.375199+00	\N
0183aeef-8110-9c8f-ad2b-943adb95d69f	college-learners	College Learners	COLLEGELEARNERS	f	t	t	2022-10-06 20:14:35.379561+00	2022-10-06 20:14:35.379561+00	\N
0183aeef-8110-d94d-d08f-52cb77354f73	all-the-students	All The Students	ALLTHESTUDENTS	t	t	t	2022-10-06 20:14:35.384193+00	2022-10-06 20:14:35.384193+00	\N
\.


--
-- Data for Name: volunteer_partner_orgs; Type: TABLE DATA; Schema: upchieve; Owner: admin
--

COPY upchieve.volunteer_partner_orgs (id, key, name, receive_weekly_hour_summary_email, created_at, updated_at) FROM stdin;
0183aeef-8179-d36a-44e0-b310bfe2cbe8	big-telecom	Big Telecom	t	2022-10-06 20:14:35.410878+00	2022-10-06 20:14:35.410878+00
0183aeef-8179-c5ba-4383-23163033dc33	health-co	Health Co	f	2022-10-06 20:14:35.415202+00	2022-10-06 20:14:35.415202+00
\.


--
-- Data for Name: associated_partners; Type: TABLE DATA; Schema: upchieve; Owner: admin
--

COPY upchieve.associated_partners (id, key, volunteer_partner_org_id, student_partner_org_id, student_sponsor_org_id, created_at, updated_at) FROM stdin;
0183aeef-81a7-f1f5-0e2f-95e6da3544d8	associatedWithSponsorOrg	0183aeef-8179-d36a-44e0-b310bfe2cbe8	\N	0183aeef-819b-3689-d955-64ebef90117f	2022-10-06 20:14:35.448999+00	2022-10-06 20:14:35.448999+00
0183aeef-81a7-daba-31c6-fc4cfb3df390	associatedWithPartnerOrg	0183aeef-8179-d36a-44e0-b310bfe2cbe8	0183aeef-8110-f7e7-91a8-78c4cffe6742	\N	2022-10-06 20:14:35.45149+00	2022-10-06 20:14:35.45149+00
\.


--
-- Data for Name: weekdays; Type: TABLE DATA; Schema: upchieve; Owner: admin
--

COPY upchieve.weekdays (id, day, created_at, updated_at) FROM stdin;
1	Sunday	2022-10-06 20:14:30.634351+00	2022-10-06 20:14:30.634351+00
2	Monday	2022-10-06 20:14:30.636533+00	2022-10-06 20:14:30.636533+00
3	Tuesday	2022-10-06 20:14:30.638038+00	2022-10-06 20:14:30.638038+00
4	Wednesday	2022-10-06 20:14:30.639492+00	2022-10-06 20:14:30.639492+00
5	Thursday	2022-10-06 20:14:30.641003+00	2022-10-06 20:14:30.641003+00
6	Friday	2022-10-06 20:14:30.642633+00	2022-10-06 20:14:30.642633+00
7	Saturday	2022-10-06 20:14:30.64462+00	2022-10-06 20:14:30.64462+00
\.


--
-- Data for Name: availabilities; Type: TABLE DATA; Schema: upchieve; Owner: admin
--

COPY upchieve.availabilities (id, user_id, weekday_id, available_start, available_end, timezone, created_at, updated_at) FROM stdin;
\.


--
-- Data for Name: availability_histories; Type: TABLE DATA; Schema: upchieve; Owner: admin
--

COPY upchieve.availability_histories (id, user_id, weekday_id, available_start, available_end, timezone, recorded_at, created_at, updated_at) FROM stdin;
\.


--
-- Data for Name: certifications; Type: TABLE DATA; Schema: upchieve; Owner: admin
--

COPY upchieve.certifications (id, name, created_at, updated_at) FROM stdin;
1	prealgebra	2022-10-06 20:14:31.549699+00	2022-10-06 20:14:31.549699+00
2	statistics	2022-10-06 20:14:31.551935+00	2022-10-06 20:14:31.551935+00
3	geometry	2022-10-06 20:14:31.553661+00	2022-10-06 20:14:31.553661+00
4	biology	2022-10-06 20:14:31.555407+00	2022-10-06 20:14:31.555407+00
5	chemistry	2022-10-06 20:14:31.557245+00	2022-10-06 20:14:31.557245+00
6	physicsOne	2022-10-06 20:14:31.558784+00	2022-10-06 20:14:31.558784+00
7	physicsTwo	2022-10-06 20:14:31.560226+00	2022-10-06 20:14:31.560226+00
8	environmentalScience	2022-10-06 20:14:31.561801+00	2022-10-06 20:14:31.561801+00
9	essays	2022-10-06 20:14:31.564831+00	2022-10-06 20:14:31.564831+00
10	applications	2022-10-06 20:14:31.567351+00	2022-10-06 20:14:31.567351+00
11	planning	2022-10-06 20:14:31.569436+00	2022-10-06 20:14:31.569436+00
12	satMath	2022-10-06 20:14:31.57136+00	2022-10-06 20:14:31.57136+00
13	satReading	2022-10-06 20:14:31.573026+00	2022-10-06 20:14:31.573026+00
14	collegeCounseling	2022-10-06 20:14:31.574531+00	2022-10-06 20:14:31.574531+00
15	humanitiesEssays	2022-10-06 20:14:31.576073+00	2022-10-06 20:14:31.576073+00
16	algebraOne	2022-10-06 20:14:31.57788+00	2022-10-06 20:14:31.57788+00
17	algebraTwo	2022-10-06 20:14:31.57939+00	2022-10-06 20:14:31.57939+00
18	trigonometry	2022-10-06 20:14:31.581149+00	2022-10-06 20:14:31.581149+00
19	precalculus	2022-10-06 20:14:31.582981+00	2022-10-06 20:14:31.582981+00
20	calculusAB	2022-10-06 20:14:31.584506+00	2022-10-06 20:14:31.584506+00
21	calculusBC	2022-10-06 20:14:31.586364+00	2022-10-06 20:14:31.586364+00
22	reading	2022-10-06 20:14:31.94086+00	2022-10-06 20:14:31.94086+00
23	usHistory	2022-10-06 20:14:32.046812+00	2022-10-06 20:14:32.046812+00
\.


--
-- Data for Name: certification_subject_unlocks; Type: TABLE DATA; Schema: upchieve; Owner: admin
--

COPY upchieve.certification_subject_unlocks (subject_id, certification_id, created_at, updated_at) FROM stdin;
21	16	2022-10-06 20:14:31.66038+00	2022-10-06 20:14:31.66038+00
21	3	2022-10-06 20:14:31.6623+00	2022-10-06 20:14:31.6623+00
21	2	2022-10-06 20:14:31.663817+00	2022-10-06 20:14:31.663817+00
22	16	2022-10-06 20:14:31.665649+00	2022-10-06 20:14:31.665649+00
22	3	2022-10-06 20:14:31.667761+00	2022-10-06 20:14:31.667761+00
22	2	2022-10-06 20:14:31.670285+00	2022-10-06 20:14:31.670285+00
22	18	2022-10-06 20:14:31.67245+00	2022-10-06 20:14:31.67245+00
23	19	2022-10-06 20:14:31.674092+00	2022-10-06 20:14:31.674092+00
23	2	2022-10-06 20:14:31.675659+00	2022-10-06 20:14:31.675659+00
24	19	2022-10-06 20:14:31.677104+00	2022-10-06 20:14:31.677104+00
1	1	2022-10-06 20:14:31.678672+00	2022-10-06 20:14:31.678672+00
9	2	2022-10-06 20:14:31.680482+00	2022-10-06 20:14:31.680482+00
4	3	2022-10-06 20:14:31.682216+00	2022-10-06 20:14:31.682216+00
10	4	2022-10-06 20:14:31.68429+00	2022-10-06 20:14:31.68429+00
11	5	2022-10-06 20:14:31.687054+00	2022-10-06 20:14:31.687054+00
12	6	2022-10-06 20:14:31.688894+00	2022-10-06 20:14:31.688894+00
13	7	2022-10-06 20:14:31.690982+00	2022-10-06 20:14:31.690982+00
14	8	2022-10-06 20:14:31.692683+00	2022-10-06 20:14:31.692683+00
17	9	2022-10-06 20:14:31.694275+00	2022-10-06 20:14:31.694275+00
19	10	2022-10-06 20:14:31.695954+00	2022-10-06 20:14:31.695954+00
18	11	2022-10-06 20:14:31.698201+00	2022-10-06 20:14:31.698201+00
15	12	2022-10-06 20:14:31.700074+00	2022-10-06 20:14:31.700074+00
16	13	2022-10-06 20:14:31.702106+00	2022-10-06 20:14:31.702106+00
20	15	2022-10-06 20:14:31.704036+00	2022-10-06 20:14:31.704036+00
2	16	2022-10-06 20:14:31.706245+00	2022-10-06 20:14:31.706245+00
3	17	2022-10-06 20:14:31.708221+00	2022-10-06 20:14:31.708221+00
5	18	2022-10-06 20:14:31.710233+00	2022-10-06 20:14:31.710233+00
6	19	2022-10-06 20:14:31.712485+00	2022-10-06 20:14:31.712485+00
7	20	2022-10-06 20:14:31.714673+00	2022-10-06 20:14:31.714673+00
8	21	2022-10-06 20:14:31.717071+00	2022-10-06 20:14:31.717071+00
25	22	2022-10-06 20:14:31.94086+00	2022-10-06 20:14:31.94086+00
26	23	2022-10-06 20:14:32.046812+00	2022-10-06 20:14:32.046812+00
\.


--
-- Data for Name: us_states; Type: TABLE DATA; Schema: upchieve; Owner: admin
--

COPY upchieve.us_states (code, name, created_at, updated_at) FROM stdin;
AL	Alabama	2022-10-06 20:14:29.894282+00	2022-10-06 20:14:29.894282+00
AK	Alaska	2022-10-06 20:14:29.902286+00	2022-10-06 20:14:29.902286+00
AR	Arkansas	2022-10-06 20:14:29.905826+00	2022-10-06 20:14:29.905826+00
AZ	Arizona	2022-10-06 20:14:29.90805+00	2022-10-06 20:14:29.90805+00
CA	California	2022-10-06 20:14:29.910573+00	2022-10-06 20:14:29.910573+00
CO	Colorado	2022-10-06 20:14:29.912803+00	2022-10-06 20:14:29.912803+00
CT	Connecticut	2022-10-06 20:14:29.914953+00	2022-10-06 20:14:29.914953+00
DE	Delaware	2022-10-06 20:14:29.916861+00	2022-10-06 20:14:29.916861+00
DC	District of Columbia	2022-10-06 20:14:29.918705+00	2022-10-06 20:14:29.918705+00
FL	Florida	2022-10-06 20:14:29.920752+00	2022-10-06 20:14:29.920752+00
GA	Georgia	2022-10-06 20:14:29.922631+00	2022-10-06 20:14:29.922631+00
HI	Hawaii	2022-10-06 20:14:29.924285+00	2022-10-06 20:14:29.924285+00
ID	Idaho	2022-10-06 20:14:29.926003+00	2022-10-06 20:14:29.926003+00
IL	Illinois	2022-10-06 20:14:29.927736+00	2022-10-06 20:14:29.927736+00
IN	Indiana	2022-10-06 20:14:29.929543+00	2022-10-06 20:14:29.929543+00
IA	Iowa	2022-10-06 20:14:29.931452+00	2022-10-06 20:14:29.931452+00
KS	Kansas	2022-10-06 20:14:29.933238+00	2022-10-06 20:14:29.933238+00
KY	Kentucky	2022-10-06 20:14:29.935336+00	2022-10-06 20:14:29.935336+00
LA	Louisiana	2022-10-06 20:14:29.937071+00	2022-10-06 20:14:29.937071+00
ME	Maine	2022-10-06 20:14:29.939024+00	2022-10-06 20:14:29.939024+00
MD	Maryland	2022-10-06 20:14:29.940793+00	2022-10-06 20:14:29.940793+00
MA	Massachusetts	2022-10-06 20:14:29.942599+00	2022-10-06 20:14:29.942599+00
MI	Michigan	2022-10-06 20:14:29.944222+00	2022-10-06 20:14:29.944222+00
MN	Minnesota	2022-10-06 20:14:29.946133+00	2022-10-06 20:14:29.946133+00
MS	Mississippi	2022-10-06 20:14:29.948082+00	2022-10-06 20:14:29.948082+00
MO	Missouri	2022-10-06 20:14:29.950081+00	2022-10-06 20:14:29.950081+00
MT	Montana	2022-10-06 20:14:29.951973+00	2022-10-06 20:14:29.951973+00
NE	Nebraska	2022-10-06 20:14:29.953806+00	2022-10-06 20:14:29.953806+00
NV	Nevada	2022-10-06 20:14:29.955418+00	2022-10-06 20:14:29.955418+00
NH	New Hampshire	2022-10-06 20:14:29.957032+00	2022-10-06 20:14:29.957032+00
NJ	New Jersey	2022-10-06 20:14:29.958935+00	2022-10-06 20:14:29.958935+00
NM	New Mexico	2022-10-06 20:14:29.960617+00	2022-10-06 20:14:29.960617+00
NY	New York	2022-10-06 20:14:29.962512+00	2022-10-06 20:14:29.962512+00
NC	North Carolina	2022-10-06 20:14:29.964439+00	2022-10-06 20:14:29.964439+00
ND	North Dakota	2022-10-06 20:14:29.966296+00	2022-10-06 20:14:29.966296+00
OH	Ohio	2022-10-06 20:14:29.968431+00	2022-10-06 20:14:29.968431+00
OK	Oklahoma	2022-10-06 20:14:29.970288+00	2022-10-06 20:14:29.970288+00
OR	Oregon	2022-10-06 20:14:29.971985+00	2022-10-06 20:14:29.971985+00
PA	Pennsylvania	2022-10-06 20:14:29.97374+00	2022-10-06 20:14:29.97374+00
RI	Rhode Island	2022-10-06 20:14:29.975402+00	2022-10-06 20:14:29.975402+00
SC	South Carolina	2022-10-06 20:14:29.977088+00	2022-10-06 20:14:29.977088+00
SD	South Dakota	2022-10-06 20:14:29.979074+00	2022-10-06 20:14:29.979074+00
TN	Tennessee	2022-10-06 20:14:29.981172+00	2022-10-06 20:14:29.981172+00
TX	Texas	2022-10-06 20:14:29.983204+00	2022-10-06 20:14:29.983204+00
UT	Utah	2022-10-06 20:14:29.985183+00	2022-10-06 20:14:29.985183+00
VT	Vermont	2022-10-06 20:14:29.987065+00	2022-10-06 20:14:29.987065+00
VA	Virginia	2022-10-06 20:14:29.990393+00	2022-10-06 20:14:29.990393+00
WA	Washington	2022-10-06 20:14:29.992151+00	2022-10-06 20:14:29.992151+00
WV	West Virginia	2022-10-06 20:14:29.994113+00	2022-10-06 20:14:29.994113+00
WI	Wisconsin	2022-10-06 20:14:29.996282+00	2022-10-06 20:14:29.996282+00
WY	Wyoming	2022-10-06 20:14:29.998323+00	2022-10-06 20:14:29.998323+00
PR	Puerto Rico	2022-10-06 20:14:30.000408+00	2022-10-06 20:14:30.000408+00
GU	Guam	2022-10-06 20:14:30.002389+00	2022-10-06 20:14:30.002389+00
VI	Virgin Islands	2022-10-06 20:14:30.004263+00	2022-10-06 20:14:30.004263+00
AS	American Samoa	2022-10-06 20:14:30.006106+00	2022-10-06 20:14:30.006106+00
BI	Bureau of Indian Education	2022-10-06 20:14:30.007971+00	2022-10-06 20:14:30.007971+00
NA	NA	2022-10-06 20:14:30.009649+00	2022-10-06 20:14:30.009649+00
AE	U.S. Armed Forced - Europe	2022-10-06 20:14:31.953646+00	2022-10-06 20:14:31.953646+00
AA	U.S. Armed Forced - Americas	2022-10-06 20:14:31.953646+00	2022-10-06 20:14:31.953646+00
AP	U.S. Armed Forced - Pacific	2022-10-06 20:14:31.953646+00	2022-10-06 20:14:31.953646+00
PW	Palau	2022-10-06 20:14:31.953646+00	2022-10-06 20:14:31.953646+00
FM	Micronesia	2022-10-06 20:14:31.953646+00	2022-10-06 20:14:31.953646+00
MP	Norther Mariana Islands	2022-10-06 20:14:31.953646+00	2022-10-06 20:14:31.953646+00
MH	Marshall Islands	2022-10-06 20:14:31.953646+00	2022-10-06 20:14:31.953646+00
\.


--
-- Data for Name: cities; Type: TABLE DATA; Schema: upchieve; Owner: admin
--

COPY upchieve.cities (id, name, us_state_code, created_at, updated_at) FROM stdin;
1	Denver	CO	2022-10-06 20:14:35.423986+00	2022-10-06 20:14:35.423986+00
2	Brooklyn	NY	2022-10-06 20:14:35.427136+00	2022-10-06 20:14:35.427136+00
\.


--
-- Data for Name: contact_form_submissions; Type: TABLE DATA; Schema: upchieve; Owner: admin
--

COPY upchieve.contact_form_submissions (id, user_id, user_email, message, topic, created_at, updated_at) FROM stdin;
\.


--
-- Data for Name: feedbacks; Type: TABLE DATA; Schema: upchieve; Owner: admin
--

COPY upchieve.feedbacks (id, topic_id, subject_id, user_role_id, session_id, student_tutoring_feedback, student_counseling_feedback, volunteer_feedback, comment, user_id, legacy_feedbacks, created_at, updated_at, mongo_id) FROM stdin;
\.


--
-- Data for Name: grade_levels; Type: TABLE DATA; Schema: upchieve; Owner: admin
--

COPY upchieve.grade_levels (id, name, created_at, updated_at) FROM stdin;
1	8th	2022-10-06 20:14:30.671113+00	2022-10-06 20:14:30.671113+00
2	9th	2022-10-06 20:14:30.672945+00	2022-10-06 20:14:30.672945+00
3	10th	2022-10-06 20:14:30.674441+00	2022-10-06 20:14:30.674441+00
4	11th	2022-10-06 20:14:30.675962+00	2022-10-06 20:14:30.675962+00
5	12th	2022-10-06 20:14:30.67794+00	2022-10-06 20:14:30.67794+00
6	College	2022-10-06 20:14:30.679544+00	2022-10-06 20:14:30.679544+00
\.


--
-- Data for Name: ip_addresses; Type: TABLE DATA; Schema: upchieve; Owner: admin
--

COPY upchieve.ip_addresses (id, ip, status, created_at, updated_at, mongo_id) FROM stdin;
\.


--
-- Data for Name: postal_codes; Type: TABLE DATA; Schema: upchieve; Owner: admin
--

COPY upchieve.postal_codes (code, us_state_code, income, location, created_at, updated_at) FROM stdin;
00501	NY	1000000	(40.81,-73.04)	2022-10-06 20:14:30.271266+00	2022-10-06 20:14:30.271266+00
01010	MA	100038	(42.11,-72.2)	2022-10-06 20:14:30.276123+00	2022-10-06 20:14:30.276123+00
01011	MA	77656	(42.28,-72.98)	2022-10-06 20:14:30.279998+00	2022-10-06 20:14:30.279998+00
01012	MA	76500	(42.4,-72.85)	2022-10-06 20:14:30.45846+00	2022-10-06 20:14:30.45846+00
01001	MA	88816	(42.06,-72.61)	2022-10-06 20:14:30.484922+00	2022-10-06 20:14:30.484922+00
01002	MA	97319	(42.37,-72.52)	2022-10-06 20:14:30.48448+00	2022-10-06 20:14:30.48448+00
01004	MA	1000000	(42.37,-72.52)	2022-10-06 20:14:30.485177+00	2022-10-06 20:14:30.485177+00
01005	MA	103825	(42.42,-72.1)	2022-10-06 20:14:30.511569+00	2022-10-06 20:14:30.511569+00
01013	MA	56117	(42.15,-72.6)	2022-10-06 20:14:30.566886+00	2022-10-06 20:14:30.566886+00
01014	MA	1000000	(42.17,-72.57)	2022-10-06 20:14:30.568087+00	2022-10-06 20:14:30.568087+00
01020	MA	70955	(42.17,-72.57)	2022-10-06 20:14:30.568633+00	2022-10-06 20:14:30.568633+00
01021	MA	1000000	(42.17,-72.57)	2022-10-06 20:14:30.569489+00	2022-10-06 20:14:30.569489+00
01007	MA	105997	(42.27,-72.4)	2022-10-06 20:14:30.570276+00	2022-10-06 20:14:30.570276+00
01022	MA	54023	(42.2,-72.54)	2022-10-06 20:14:30.571178+00	2022-10-06 20:14:30.571178+00
00544	NY	1000000	(40.81,-73.04)	2022-10-06 20:14:30.568861+00	2022-10-06 20:14:30.568861+00
01009	MA	1000000	(42.2,-72.34)	2022-10-06 20:14:30.572031+00	2022-10-06 20:14:30.572031+00
01003	MA	1000000	(42.39,-72.52)	2022-10-06 20:14:30.573828+00	2022-10-06 20:14:30.573828+00
01026	MA	73333	(42.46,-72.9)	2022-10-06 20:14:30.58155+00	2022-10-06 20:14:30.58155+00
01027	MA	87883	(42.26,-72.68)	2022-10-06 20:14:30.582382+00	2022-10-06 20:14:30.582382+00
01028	MA	106591	(42.06,-72.51)	2022-10-06 20:14:30.583222+00	2022-10-06 20:14:30.583222+00
01029	MA	1000000	(42.17,-73.03)	2022-10-06 20:14:30.584646+00	2022-10-06 20:14:30.584646+00
01030	MA	96719	(42.06,-72.67)	2022-10-06 20:14:30.585078+00	2022-10-06 20:14:30.585078+00
01031	MA	86000	(42.33,-72.2)	2022-10-06 20:14:30.585993+00	2022-10-06 20:14:30.585993+00
01032	MA	110714	(42.46,-72.81)	2022-10-06 20:14:30.58634+00	2022-10-06 20:14:30.58634+00
01033	MA	114279	(42.26,-72.52)	2022-10-06 20:14:30.58714+00	2022-10-06 20:14:30.58714+00
01034	MA	100000	(42.06,-72.86)	2022-10-06 20:14:30.588468+00	2022-10-06 20:14:30.588468+00
01035	MA	102083	(42.35,-72.58)	2022-10-06 20:14:30.588347+00	2022-10-06 20:14:30.588347+00
01036	MA	109886	(42.06,-72.41)	2022-10-06 20:14:30.588972+00	2022-10-06 20:14:30.588972+00
01037	MA	106691	(42.35,-72.2)	2022-10-06 20:14:30.589558+00	2022-10-06 20:14:30.589558+00
01038	MA	94408	(42.37,-72.6)	2022-10-06 20:14:30.59086+00	2022-10-06 20:14:30.59086+00
01008	MA	90417	(42.18,-72.93)	2022-10-06 20:14:30.587836+00	2022-10-06 20:14:30.587836+00
01039	MA	117143	(42.39,-72.7)	2022-10-06 20:14:30.591363+00	2022-10-06 20:14:30.591363+00
01040	MA	49481	(42.21,-72.64)	2022-10-06 20:14:30.592399+00	2022-10-06 20:14:30.592399+00
01041	MA	1000000	(42.21,-72.64)	2022-10-06 20:14:30.592893+00	2022-10-06 20:14:30.592893+00
01050	MA	84625	(42.23,-72.88)	2022-10-06 20:14:30.593454+00	2022-10-06 20:14:30.593454+00
01053	MA	89286	(42.35,-72.71)	2022-10-06 20:14:30.594143+00	2022-10-06 20:14:30.594143+00
01054	MA	98942	(42.45,-72.5)	2022-10-06 20:14:30.595144+00	2022-10-06 20:14:30.595144+00
01056	MA	86864	(42.16,-72.48)	2022-10-06 20:14:30.595343+00	2022-10-06 20:14:30.595343+00
01060	MA	99420	(42.32,-72.63)	2022-10-06 20:14:30.597342+00	2022-10-06 20:14:30.597342+00
01061	MA	1000000	(42.32,-72.67)	2022-10-06 20:14:30.597912+00	2022-10-06 20:14:30.597912+00
01059	MA	1000000	(42.4,-72.52)	2022-10-06 20:14:30.597143+00	2022-10-06 20:14:30.597143+00
01057	MA	104514	(42.09,-72.31)	2022-10-06 20:14:30.598971+00	2022-10-06 20:14:30.598971+00
01062	MA	96455	(42.32,-72.67)	2022-10-06 20:14:30.599157+00	2022-10-06 20:14:30.599157+00
01063	MA	1000000	(42.32,-72.64)	2022-10-06 20:14:30.600333+00	2022-10-06 20:14:30.600333+00
01066	MA	1000000	(42.41,-72.66)	2022-10-06 20:14:30.600423+00	2022-10-06 20:14:30.600423+00
01068	MA	95104	(42.35,-72.05)	2022-10-06 20:14:30.601251+00	2022-10-06 20:14:30.601251+00
01069	MA	91395	(42.16,-72.32)	2022-10-06 20:14:30.602067+00	2022-10-06 20:14:30.602067+00
01070	MA	73333	(42.51,-72.91)	2022-10-06 20:14:30.603479+00	2022-10-06 20:14:30.603479+00
01071	MA	80208	(42.18,-72.85)	2022-10-06 20:14:30.603378+00	2022-10-06 20:14:30.603378+00
01072	MA	95000	(42.45,-72.4)	2022-10-06 20:14:30.604051+00	2022-10-06 20:14:30.604051+00
01073	MA	132333	(42.23,-72.73)	2022-10-06 20:14:30.605077+00	2022-10-06 20:14:30.605077+00
01074	MA	56414	(42.39,-72.09)	2022-10-06 20:14:30.606039+00	2022-10-06 20:14:30.606039+00
01079	MA	1000000	(42.2,-72.33)	2022-10-06 20:14:30.607496+00	2022-10-06 20:14:30.607496+00
01075	MA	92183	(42.26,-72.56)	2022-10-06 20:14:30.60701+00	2022-10-06 20:14:30.60701+00
01080	MA	68375	(42.18,-72.37)	2022-10-06 20:14:30.608372+00	2022-10-06 20:14:30.608372+00
01081	MA	75078	(42.06,-72.21)	2022-10-06 20:14:30.608611+00	2022-10-06 20:14:30.608611+00
01082	MA	78563	(42.25,-72.24)	2022-10-06 20:14:30.609196+00	2022-10-06 20:14:30.609196+00
01077	MA	95882	(42.05,-72.76)	2022-10-06 20:14:30.609191+00	2022-10-06 20:14:30.609191+00
01083	MA	91271	(42.21,-72.19)	2022-10-06 20:14:30.610431+00	2022-10-06 20:14:30.610431+00
01085	MA	87144	(42.13,-72.75)	2022-10-06 20:14:30.611554+00	2022-10-06 20:14:30.611554+00
01084	MA	76250	(42.39,-72.88)	2022-10-06 20:14:30.611652+00	2022-10-06 20:14:30.611652+00
01086	MA	1000000	(42.13,-72.79)	2022-10-06 20:14:30.612423+00	2022-10-06 20:14:30.612423+00
01088	MA	59922	(42.39,-72.64)	2022-10-06 20:14:30.613862+00	2022-10-06 20:14:30.613862+00
01090	MA	1000000	(42.12,-72.65)	2022-10-06 20:14:30.614259+00	2022-10-06 20:14:30.614259+00
01089	MA	73658	(42.12,-72.65)	2022-10-06 20:14:30.614592+00	2022-10-06 20:14:30.614592+00
01092	MA	90509	(42.19,-72.24)	2022-10-06 20:14:30.614753+00	2022-10-06 20:14:30.614753+00
01093	MA	107813	(42.44,-72.65)	2022-10-06 20:14:30.614486+00	2022-10-06 20:14:30.614486+00
01095	MA	121547	(42.13,-72.43)	2022-10-06 20:14:30.615413+00	2022-10-06 20:14:30.615413+00
01098	MA	96607	(42.41,-72.93)	2022-10-06 20:14:30.615833+00	2022-10-06 20:14:30.615833+00
01094	MA	1000000	(42.35,-72.14)	2022-10-06 20:14:30.615181+00	2022-10-06 20:14:30.615181+00
01101	MA	1000000	(42.11,-72.53)	2022-10-06 20:14:30.616974+00	2022-10-06 20:14:30.616974+00
01102	MA	1000000	(42.11,-72.53)	2022-10-06 20:14:30.617409+00	2022-10-06 20:14:30.617409+00
01103	MA	31071	(42.1,-72.59)	2022-10-06 20:14:30.617988+00	2022-10-06 20:14:30.617988+00
01097	MA	1000000	(42.18,-72.83)	2022-10-06 20:14:30.617529+00	2022-10-06 20:14:30.617529+00
01105	MA	25322	(42.1,-72.58)	2022-10-06 20:14:30.61825+00	2022-10-06 20:14:30.61825+00
01096	MA	100556	(42.4,-72.76)	2022-10-06 20:14:30.61838+00	2022-10-06 20:14:30.61838+00
01104	MA	43384	(42.13,-72.57)	2022-10-06 20:14:30.618059+00	2022-10-06 20:14:30.618059+00
01106	MA	141886	(42.04,-72.57)	2022-10-06 20:14:30.619169+00	2022-10-06 20:14:30.619169+00
01107	MA	34904	(42.12,-72.61)	2022-10-06 20:14:30.619667+00	2022-10-06 20:14:30.619667+00
01109	MA	39954	(42.11,-72.53)	2022-10-06 20:14:30.620212+00	2022-10-06 20:14:30.620212+00
01111	MA	1000000	(42.11,-72.53)	2022-10-06 20:14:30.620722+00	2022-10-06 20:14:30.620722+00
01115	MA	1000000	(42.11,-72.53)	2022-10-06 20:14:30.621527+00	2022-10-06 20:14:30.621527+00
01108	MA	48065	(42.08,-72.56)	2022-10-06 20:14:30.619872+00	2022-10-06 20:14:30.619872+00
01119	MA	55224	(42.12,-72.51)	2022-10-06 20:14:30.622758+00	2022-10-06 20:14:30.622758+00
01118	MA	74258	(42.09,-72.53)	2022-10-06 20:14:30.622432+00	2022-10-06 20:14:30.622432+00
01128	MA	93194	(42.09,-72.49)	2022-10-06 20:14:30.623059+00	2022-10-06 20:14:30.623059+00
01129	MA	75574	(42.12,-72.49)	2022-10-06 20:14:30.623042+00	2022-10-06 20:14:30.623042+00
01116	MA	1000000	(42.04,-72.57)	2022-10-06 20:14:30.622749+00	2022-10-06 20:14:30.622749+00
01138	MA	1000000	(42.11,-72.53)	2022-10-06 20:14:30.623368+00	2022-10-06 20:14:30.623368+00
01139	MA	1000000	(42.11,-72.53)	2022-10-06 20:14:30.624215+00	2022-10-06 20:14:30.624215+00
01144	MA	1000000	(42.11,-72.53)	2022-10-06 20:14:30.624956+00	2022-10-06 20:14:30.624956+00
01151	MA	43988	(42.15,-72.51)	2022-10-06 20:14:30.625618+00	2022-10-06 20:14:30.625618+00
01152	MA	1000000	(42.11,-72.53)	2022-10-06 20:14:30.626055+00	2022-10-06 20:14:30.626055+00
01199	MA	1000000	(42.12,-72.6)	2022-10-06 20:14:30.626046+00	2022-10-06 20:14:30.626046+00
01202	MA	1000000	(42.45,-73.26)	2022-10-06 20:14:30.627274+00	2022-10-06 20:14:30.627274+00
01203	MA	1000000	(42.45,-73.26)	2022-10-06 20:14:30.627513+00	2022-10-06 20:14:30.627513+00
01222	MA	81944	(42.05,-73.33)	2022-10-06 20:14:30.627714+00	2022-10-06 20:14:30.627714+00
01201	MA	71969	(42.45,-73.26)	2022-10-06 20:14:30.626658+00	2022-10-06 20:14:30.626658+00
01220	MA	71845	(42.62,-73.11)	2022-10-06 20:14:30.628251+00	2022-10-06 20:14:30.628251+00
01223	MA	86122	(42.33,-73.07)	2022-10-06 20:14:30.629133+00	2022-10-06 20:14:30.629133+00
00000	NA	0	(0,0)	2022-10-06 20:14:30.632102+00	2022-10-06 20:14:30.632102+00
9001	AE	1000000	(0,0)	2022-10-06 20:14:31.953646+00	2022-10-06 20:14:31.953646+00
9002	AE	1000000	(0,0)	2022-10-06 20:14:31.953646+00	2022-10-06 20:14:31.953646+00
9003	AE	1000000	(0,0)	2022-10-06 20:14:31.953646+00	2022-10-06 20:14:31.953646+00
9004	AE	1000000	(0,0)	2022-10-06 20:14:31.953646+00	2022-10-06 20:14:31.953646+00
9005	AE	1000000	(0,0)	2022-10-06 20:14:31.953646+00	2022-10-06 20:14:31.953646+00
9006	AE	1000000	(0,0)	2022-10-06 20:14:31.953646+00	2022-10-06 20:14:31.953646+00
9008	AE	1000000	(0,0)	2022-10-06 20:14:31.953646+00	2022-10-06 20:14:31.953646+00
9009	AE	1000000	(0,0)	2022-10-06 20:14:31.953646+00	2022-10-06 20:14:31.953646+00
9010	AE	1000000	(0,0)	2022-10-06 20:14:31.953646+00	2022-10-06 20:14:31.953646+00
9011	AE	1000000	(0,0)	2022-10-06 20:14:31.953646+00	2022-10-06 20:14:31.953646+00
9012	AE	1000000	(0,0)	2022-10-06 20:14:31.953646+00	2022-10-06 20:14:31.953646+00
9013	AE	1000000	(0,0)	2022-10-06 20:14:31.953646+00	2022-10-06 20:14:31.953646+00
9014	AE	1000000	(0,0)	2022-10-06 20:14:31.953646+00	2022-10-06 20:14:31.953646+00
9015	AE	1000000	(0,0)	2022-10-06 20:14:31.953646+00	2022-10-06 20:14:31.953646+00
9016	AE	1000000	(0,0)	2022-10-06 20:14:31.953646+00	2022-10-06 20:14:31.953646+00
9017	AE	1000000	(0,0)	2022-10-06 20:14:31.953646+00	2022-10-06 20:14:31.953646+00
9018	AE	1000000	(0,0)	2022-10-06 20:14:31.953646+00	2022-10-06 20:14:31.953646+00
9020	AE	1000000	(0,0)	2022-10-06 20:14:31.953646+00	2022-10-06 20:14:31.953646+00
9021	AE	1000000	(0,0)	2022-10-06 20:14:31.953646+00	2022-10-06 20:14:31.953646+00
9034	AE	1000000	(0,0)	2022-10-06 20:14:31.953646+00	2022-10-06 20:14:31.953646+00
9044	AE	1000000	(0,0)	2022-10-06 20:14:31.953646+00	2022-10-06 20:14:31.953646+00
9046	AE	1000000	(0,0)	2022-10-06 20:14:31.953646+00	2022-10-06 20:14:31.953646+00
9049	AE	1000000	(0,0)	2022-10-06 20:14:31.953646+00	2022-10-06 20:14:31.953646+00
9053	AE	1000000	(0,0)	2022-10-06 20:14:31.953646+00	2022-10-06 20:14:31.953646+00
9055	AE	1000000	(0,0)	2022-10-06 20:14:31.953646+00	2022-10-06 20:14:31.953646+00
9060	AE	1000000	(0,0)	2022-10-06 20:14:31.953646+00	2022-10-06 20:14:31.953646+00
9067	AE	1000000	(0,0)	2022-10-06 20:14:31.953646+00	2022-10-06 20:14:31.953646+00
9068	AE	1000000	(0,0)	2022-10-06 20:14:31.953646+00	2022-10-06 20:14:31.953646+00
9069	AE	1000000	(0,0)	2022-10-06 20:14:31.953646+00	2022-10-06 20:14:31.953646+00
9079	AE	1000000	(0,0)	2022-10-06 20:14:31.953646+00	2022-10-06 20:14:31.953646+00
9094	AE	1000000	(0,0)	2022-10-06 20:14:31.953646+00	2022-10-06 20:14:31.953646+00
9095	AE	1000000	(0,0)	2022-10-06 20:14:31.953646+00	2022-10-06 20:14:31.953646+00
9096	AE	1000000	(0,0)	2022-10-06 20:14:31.953646+00	2022-10-06 20:14:31.953646+00
9103	AE	1000000	(0,0)	2022-10-06 20:14:31.953646+00	2022-10-06 20:14:31.953646+00
9104	AE	1000000	(0,0)	2022-10-06 20:14:31.953646+00	2022-10-06 20:14:31.953646+00
9107	AE	1000000	(0,0)	2022-10-06 20:14:31.953646+00	2022-10-06 20:14:31.953646+00
9112	AE	1000000	(0,0)	2022-10-06 20:14:31.953646+00	2022-10-06 20:14:31.953646+00
9113	AE	1000000	(0,0)	2022-10-06 20:14:31.953646+00	2022-10-06 20:14:31.953646+00
9114	AE	1000000	(0,0)	2022-10-06 20:14:31.953646+00	2022-10-06 20:14:31.953646+00
9115	AE	1000000	(0,0)	2022-10-06 20:14:31.953646+00	2022-10-06 20:14:31.953646+00
9116	AE	1000000	(0,0)	2022-10-06 20:14:31.953646+00	2022-10-06 20:14:31.953646+00
9123	AE	1000000	(0,0)	2022-10-06 20:14:31.953646+00	2022-10-06 20:14:31.953646+00
9125	AE	1000000	(0,0)	2022-10-06 20:14:31.953646+00	2022-10-06 20:14:31.953646+00
9126	AE	1000000	(0,0)	2022-10-06 20:14:31.953646+00	2022-10-06 20:14:31.953646+00
9128	AE	1000000	(0,0)	2022-10-06 20:14:31.953646+00	2022-10-06 20:14:31.953646+00
9131	AE	1000000	(0,0)	2022-10-06 20:14:31.953646+00	2022-10-06 20:14:31.953646+00
9135	AE	1000000	(0,0)	2022-10-06 20:14:31.953646+00	2022-10-06 20:14:31.953646+00
9136	AE	1000000	(0,0)	2022-10-06 20:14:31.953646+00	2022-10-06 20:14:31.953646+00
9138	AE	1000000	(0,0)	2022-10-06 20:14:31.953646+00	2022-10-06 20:14:31.953646+00
9139	AE	1000000	(0,0)	2022-10-06 20:14:31.953646+00	2022-10-06 20:14:31.953646+00
9140	AE	1000000	(0,0)	2022-10-06 20:14:31.953646+00	2022-10-06 20:14:31.953646+00
9142	AE	1000000	(0,0)	2022-10-06 20:14:31.953646+00	2022-10-06 20:14:31.953646+00
9154	AE	1000000	(0,0)	2022-10-06 20:14:31.953646+00	2022-10-06 20:14:31.953646+00
9160	AE	1000000	(0,0)	2022-10-06 20:14:31.953646+00	2022-10-06 20:14:31.953646+00
9170	AE	1000000	(0,0)	2022-10-06 20:14:31.953646+00	2022-10-06 20:14:31.953646+00
9171	AE	1000000	(0,0)	2022-10-06 20:14:31.953646+00	2022-10-06 20:14:31.953646+00
9172	AE	1000000	(0,0)	2022-10-06 20:14:31.953646+00	2022-10-06 20:14:31.953646+00
9173	AE	1000000	(0,0)	2022-10-06 20:14:31.953646+00	2022-10-06 20:14:31.953646+00
9174	AE	1000000	(0,0)	2022-10-06 20:14:31.953646+00	2022-10-06 20:14:31.953646+00
9175	AE	1000000	(0,0)	2022-10-06 20:14:31.953646+00	2022-10-06 20:14:31.953646+00
9176	AE	1000000	(0,0)	2022-10-06 20:14:31.953646+00	2022-10-06 20:14:31.953646+00
9177	AE	1000000	(0,0)	2022-10-06 20:14:31.953646+00	2022-10-06 20:14:31.953646+00
9178	AE	1000000	(0,0)	2022-10-06 20:14:31.953646+00	2022-10-06 20:14:31.953646+00
9180	AE	1000000	(0,0)	2022-10-06 20:14:31.953646+00	2022-10-06 20:14:31.953646+00
9186	AE	1000000	(0,0)	2022-10-06 20:14:31.953646+00	2022-10-06 20:14:31.953646+00
9203	AE	1000000	(0,0)	2022-10-06 20:14:31.953646+00	2022-10-06 20:14:31.953646+00
9204	AE	1000000	(0,0)	2022-10-06 20:14:31.953646+00	2022-10-06 20:14:31.953646+00
9211	AE	1000000	(0,0)	2022-10-06 20:14:31.953646+00	2022-10-06 20:14:31.953646+00
9213	AE	1000000	(0,0)	2022-10-06 20:14:31.953646+00	2022-10-06 20:14:31.953646+00
9214	AE	1000000	(0,0)	2022-10-06 20:14:31.953646+00	2022-10-06 20:14:31.953646+00
9216	AE	1000000	(0,0)	2022-10-06 20:14:31.953646+00	2022-10-06 20:14:31.953646+00
9226	AE	1000000	(0,0)	2022-10-06 20:14:31.953646+00	2022-10-06 20:14:31.953646+00
9227	AE	1000000	(0,0)	2022-10-06 20:14:31.953646+00	2022-10-06 20:14:31.953646+00
9240	AE	1000000	(0,0)	2022-10-06 20:14:31.953646+00	2022-10-06 20:14:31.953646+00
9241	AE	1000000	(0,0)	2022-10-06 20:14:31.953646+00	2022-10-06 20:14:31.953646+00
9242	AE	1000000	(0,0)	2022-10-06 20:14:31.953646+00	2022-10-06 20:14:31.953646+00
9250	AE	1000000	(0,0)	2022-10-06 20:14:31.953646+00	2022-10-06 20:14:31.953646+00
9261	AE	1000000	(0,0)	2022-10-06 20:14:31.953646+00	2022-10-06 20:14:31.953646+00
9263	AE	1000000	(0,0)	2022-10-06 20:14:31.953646+00	2022-10-06 20:14:31.953646+00
9264	AE	1000000	(0,0)	2022-10-06 20:14:31.953646+00	2022-10-06 20:14:31.953646+00
9265	AE	1000000	(0,0)	2022-10-06 20:14:31.953646+00	2022-10-06 20:14:31.953646+00
9266	AE	1000000	(0,0)	2022-10-06 20:14:31.953646+00	2022-10-06 20:14:31.953646+00
9276	AE	1000000	(0,0)	2022-10-06 20:14:31.953646+00	2022-10-06 20:14:31.953646+00
9277	AE	1000000	(0,0)	2022-10-06 20:14:31.953646+00	2022-10-06 20:14:31.953646+00
9278	AE	1000000	(0,0)	2022-10-06 20:14:31.953646+00	2022-10-06 20:14:31.953646+00
9279	AE	1000000	(0,0)	2022-10-06 20:14:31.953646+00	2022-10-06 20:14:31.953646+00
9283	AE	1000000	(0,0)	2022-10-06 20:14:31.953646+00	2022-10-06 20:14:31.953646+00
9285	AE	1000000	(0,0)	2022-10-06 20:14:31.953646+00	2022-10-06 20:14:31.953646+00
9287	AE	1000000	(0,0)	2022-10-06 20:14:31.953646+00	2022-10-06 20:14:31.953646+00
9289	AE	1000000	(0,0)	2022-10-06 20:14:31.953646+00	2022-10-06 20:14:31.953646+00
9290	AE	1000000	(0,0)	2022-10-06 20:14:31.953646+00	2022-10-06 20:14:31.953646+00
9291	AE	1000000	(0,0)	2022-10-06 20:14:31.953646+00	2022-10-06 20:14:31.953646+00
9292	AE	1000000	(0,0)	2022-10-06 20:14:31.953646+00	2022-10-06 20:14:31.953646+00
9301	AE	1000000	(0,0)	2022-10-06 20:14:31.953646+00	2022-10-06 20:14:31.953646+00
9302	AE	1000000	(0,0)	2022-10-06 20:14:31.953646+00	2022-10-06 20:14:31.953646+00
9304	AE	1000000	(0,0)	2022-10-06 20:14:31.953646+00	2022-10-06 20:14:31.953646+00
9305	AE	1000000	(0,0)	2022-10-06 20:14:31.953646+00	2022-10-06 20:14:31.953646+00
9306	AE	1000000	(0,0)	2022-10-06 20:14:31.953646+00	2022-10-06 20:14:31.953646+00
9307	AE	1000000	(0,0)	2022-10-06 20:14:31.953646+00	2022-10-06 20:14:31.953646+00
9309	AE	1000000	(0,0)	2022-10-06 20:14:31.953646+00	2022-10-06 20:14:31.953646+00
9310	AE	1000000	(0,0)	2022-10-06 20:14:31.953646+00	2022-10-06 20:14:31.953646+00
9311	AE	1000000	(0,0)	2022-10-06 20:14:31.953646+00	2022-10-06 20:14:31.953646+00
9312	AE	1000000	(0,0)	2022-10-06 20:14:31.953646+00	2022-10-06 20:14:31.953646+00
9313	AE	1000000	(0,0)	2022-10-06 20:14:31.953646+00	2022-10-06 20:14:31.953646+00
9315	AE	1000000	(0,0)	2022-10-06 20:14:31.953646+00	2022-10-06 20:14:31.953646+00
9316	AE	1000000	(0,0)	2022-10-06 20:14:31.953646+00	2022-10-06 20:14:31.953646+00
9317	AE	1000000	(0,0)	2022-10-06 20:14:31.953646+00	2022-10-06 20:14:31.953646+00
9318	AE	1000000	(0,0)	2022-10-06 20:14:31.953646+00	2022-10-06 20:14:31.953646+00
9319	AE	1000000	(0,0)	2022-10-06 20:14:31.953646+00	2022-10-06 20:14:31.953646+00
9320	AE	1000000	(0,0)	2022-10-06 20:14:31.953646+00	2022-10-06 20:14:31.953646+00
9321	AE	1000000	(0,0)	2022-10-06 20:14:31.953646+00	2022-10-06 20:14:31.953646+00
9322	AE	1000000	(0,0)	2022-10-06 20:14:31.953646+00	2022-10-06 20:14:31.953646+00
9323	AE	1000000	(-44.25,33.53)	2022-10-06 20:14:31.953646+00	2022-10-06 20:14:31.953646+00
9330	AE	1000000	(0,0)	2022-10-06 20:14:31.953646+00	2022-10-06 20:14:31.953646+00
9333	AE	1000000	(0,0)	2022-10-06 20:14:31.953646+00	2022-10-06 20:14:31.953646+00
9337	AE	1000000	(0,0)	2022-10-06 20:14:31.953646+00	2022-10-06 20:14:31.953646+00
9340	AE	1000000	(0,0)	2022-10-06 20:14:31.953646+00	2022-10-06 20:14:31.953646+00
9343	AE	1000000	(0,0)	2022-10-06 20:14:31.953646+00	2022-10-06 20:14:31.953646+00
9347	AE	1000000	(0,0)	2022-10-06 20:14:31.953646+00	2022-10-06 20:14:31.953646+00
9348	AE	1000000	(0,0)	2022-10-06 20:14:31.953646+00	2022-10-06 20:14:31.953646+00
9351	AE	1000000	(0,0)	2022-10-06 20:14:31.953646+00	2022-10-06 20:14:31.953646+00
9352	AE	1000000	(0,0)	2022-10-06 20:14:31.953646+00	2022-10-06 20:14:31.953646+00
9354	AE	1000000	(0,0)	2022-10-06 20:14:31.953646+00	2022-10-06 20:14:31.953646+00
9355	AE	1000000	(0,0)	2022-10-06 20:14:31.953646+00	2022-10-06 20:14:31.953646+00
9356	AE	1000000	(0,0)	2022-10-06 20:14:31.953646+00	2022-10-06 20:14:31.953646+00
9357	AE	1000000	(0,0)	2022-10-06 20:14:31.953646+00	2022-10-06 20:14:31.953646+00
9363	AE	1000000	(0,0)	2022-10-06 20:14:31.953646+00	2022-10-06 20:14:31.953646+00
9365	AE	1000000	(0,0)	2022-10-06 20:14:31.953646+00	2022-10-06 20:14:31.953646+00
9366	AE	1000000	(0,0)	2022-10-06 20:14:31.953646+00	2022-10-06 20:14:31.953646+00
9378	AE	1000000	(0,0)	2022-10-06 20:14:31.953646+00	2022-10-06 20:14:31.953646+00
9381	AE	1000000	(0,0)	2022-10-06 20:14:31.953646+00	2022-10-06 20:14:31.953646+00
9401	AE	1000000	(0,0)	2022-10-06 20:14:31.953646+00	2022-10-06 20:14:31.953646+00
9403	AE	1000000	(0,0)	2022-10-06 20:14:31.953646+00	2022-10-06 20:14:31.953646+00
9410	AE	1000000	(0,0)	2022-10-06 20:14:31.953646+00	2022-10-06 20:14:31.953646+00
9421	AE	1000000	(0,0)	2022-10-06 20:14:31.953646+00	2022-10-06 20:14:31.953646+00
9447	AE	1000000	(0,0)	2022-10-06 20:14:31.953646+00	2022-10-06 20:14:31.953646+00
9454	AE	1000000	(0,0)	2022-10-06 20:14:31.953646+00	2022-10-06 20:14:31.953646+00
9456	AE	1000000	(0,0)	2022-10-06 20:14:31.953646+00	2022-10-06 20:14:31.953646+00
9459	AE	1000000	(0,0)	2022-10-06 20:14:31.953646+00	2022-10-06 20:14:31.953646+00
9461	AE	1000000	(0,0)	2022-10-06 20:14:31.953646+00	2022-10-06 20:14:31.953646+00
9463	AE	1000000	(0,0)	2022-10-06 20:14:31.953646+00	2022-10-06 20:14:31.953646+00
9464	AE	1000000	(0,0)	2022-10-06 20:14:31.953646+00	2022-10-06 20:14:31.953646+00
9467	AE	1000000	(0,0)	2022-10-06 20:14:31.953646+00	2022-10-06 20:14:31.953646+00
9468	AE	1000000	(0,0)	2022-10-06 20:14:31.953646+00	2022-10-06 20:14:31.953646+00
9469	AE	1000000	(0,0)	2022-10-06 20:14:31.953646+00	2022-10-06 20:14:31.953646+00
9470	AE	1000000	(0,0)	2022-10-06 20:14:31.953646+00	2022-10-06 20:14:31.953646+00
9487	AE	1000000	(0,0)	2022-10-06 20:14:31.953646+00	2022-10-06 20:14:31.953646+00
9488	AE	1000000	(0,0)	2022-10-06 20:14:31.953646+00	2022-10-06 20:14:31.953646+00
9489	AE	1000000	(0,0)	2022-10-06 20:14:31.953646+00	2022-10-06 20:14:31.953646+00
9490	AE	1000000	(0,0)	2022-10-06 20:14:31.953646+00	2022-10-06 20:14:31.953646+00
9491	AE	1000000	(0,0)	2022-10-06 20:14:31.953646+00	2022-10-06 20:14:31.953646+00
9494	AE	1000000	(0,0)	2022-10-06 20:14:31.953646+00	2022-10-06 20:14:31.953646+00
9496	AE	1000000	(0,0)	2022-10-06 20:14:31.953646+00	2022-10-06 20:14:31.953646+00
9497	AE	1000000	(0,0)	2022-10-06 20:14:31.953646+00	2022-10-06 20:14:31.953646+00
9498	AE	1000000	(0,0)	2022-10-06 20:14:31.953646+00	2022-10-06 20:14:31.953646+00
9501	AE	1000000	(0,0)	2022-10-06 20:14:31.953646+00	2022-10-06 20:14:31.953646+00
9502	AE	1000000	(0,0)	2022-10-06 20:14:31.953646+00	2022-10-06 20:14:31.953646+00
9503	AE	1000000	(0,0)	2022-10-06 20:14:31.953646+00	2022-10-06 20:14:31.953646+00
9504	AE	1000000	(0,0)	2022-10-06 20:14:31.953646+00	2022-10-06 20:14:31.953646+00
9505	AE	1000000	(0,0)	2022-10-06 20:14:31.953646+00	2022-10-06 20:14:31.953646+00
9506	AE	1000000	(0,0)	2022-10-06 20:14:31.953646+00	2022-10-06 20:14:31.953646+00
9507	AE	1000000	(0,0)	2022-10-06 20:14:31.953646+00	2022-10-06 20:14:31.953646+00
9508	AE	1000000	(0,0)	2022-10-06 20:14:31.953646+00	2022-10-06 20:14:31.953646+00
9509	AE	1000000	(0,0)	2022-10-06 20:14:31.953646+00	2022-10-06 20:14:31.953646+00
9510	AE	1000000	(0,0)	2022-10-06 20:14:31.953646+00	2022-10-06 20:14:31.953646+00
9511	AE	1000000	(0,0)	2022-10-06 20:14:31.953646+00	2022-10-06 20:14:31.953646+00
9512	AE	1000000	(0,0)	2022-10-06 20:14:31.953646+00	2022-10-06 20:14:31.953646+00
9513	AE	1000000	(0,0)	2022-10-06 20:14:31.953646+00	2022-10-06 20:14:31.953646+00
9514	AE	1000000	(0,0)	2022-10-06 20:14:31.953646+00	2022-10-06 20:14:31.953646+00
9517	AE	1000000	(0,0)	2022-10-06 20:14:31.953646+00	2022-10-06 20:14:31.953646+00
9520	AE	1000000	(0,0)	2022-10-06 20:14:31.953646+00	2022-10-06 20:14:31.953646+00
9522	AE	1000000	(0,0)	2022-10-06 20:14:31.953646+00	2022-10-06 20:14:31.953646+00
9523	AE	1000000	(0,0)	2022-10-06 20:14:31.953646+00	2022-10-06 20:14:31.953646+00
9524	AE	1000000	(0,0)	2022-10-06 20:14:31.953646+00	2022-10-06 20:14:31.953646+00
9532	AE	1000000	(0,0)	2022-10-06 20:14:31.953646+00	2022-10-06 20:14:31.953646+00
9533	AE	1000000	(0,0)	2022-10-06 20:14:31.953646+00	2022-10-06 20:14:31.953646+00
9534	AE	1000000	(0,0)	2022-10-06 20:14:31.953646+00	2022-10-06 20:14:31.953646+00
9541	AE	1000000	(0,0)	2022-10-06 20:14:31.953646+00	2022-10-06 20:14:31.953646+00
9542	AE	1000000	(0,0)	2022-10-06 20:14:31.953646+00	2022-10-06 20:14:31.953646+00
9543	AE	1000000	(0,0)	2022-10-06 20:14:31.953646+00	2022-10-06 20:14:31.953646+00
9544	AE	1000000	(0,0)	2022-10-06 20:14:31.953646+00	2022-10-06 20:14:31.953646+00
9545	AE	1000000	(0,0)	2022-10-06 20:14:31.953646+00	2022-10-06 20:14:31.953646+00
9550	AE	1000000	(0,0)	2022-10-06 20:14:31.953646+00	2022-10-06 20:14:31.953646+00
9554	AE	1000000	(0,0)	2022-10-06 20:14:31.953646+00	2022-10-06 20:14:31.953646+00
9556	AE	1000000	(0,0)	2022-10-06 20:14:31.953646+00	2022-10-06 20:14:31.953646+00
9564	AE	1000000	(0,0)	2022-10-06 20:14:31.953646+00	2022-10-06 20:14:31.953646+00
9565	AE	1000000	(0,0)	2022-10-06 20:14:31.953646+00	2022-10-06 20:14:31.953646+00
9566	AE	1000000	(0,0)	2022-10-06 20:14:31.953646+00	2022-10-06 20:14:31.953646+00
9567	AE	1000000	(0,0)	2022-10-06 20:14:31.953646+00	2022-10-06 20:14:31.953646+00
9568	AE	1000000	(0,0)	2022-10-06 20:14:31.953646+00	2022-10-06 20:14:31.953646+00
9569	AE	1000000	(0,0)	2022-10-06 20:14:31.953646+00	2022-10-06 20:14:31.953646+00
9570	AE	1000000	(0,0)	2022-10-06 20:14:31.953646+00	2022-10-06 20:14:31.953646+00
9573	AE	1000000	(0,0)	2022-10-06 20:14:31.953646+00	2022-10-06 20:14:31.953646+00
9574	AE	1000000	(0,0)	2022-10-06 20:14:31.953646+00	2022-10-06 20:14:31.953646+00
9575	AE	1000000	(0,0)	2022-10-06 20:14:31.953646+00	2022-10-06 20:14:31.953646+00
9576	AE	1000000	(0,0)	2022-10-06 20:14:31.953646+00	2022-10-06 20:14:31.953646+00
9577	AE	1000000	(0,0)	2022-10-06 20:14:31.953646+00	2022-10-06 20:14:31.953646+00
9578	AE	1000000	(0,0)	2022-10-06 20:14:31.953646+00	2022-10-06 20:14:31.953646+00
9579	AE	1000000	(0,0)	2022-10-06 20:14:31.953646+00	2022-10-06 20:14:31.953646+00
9581	AE	1000000	(0,0)	2022-10-06 20:14:31.953646+00	2022-10-06 20:14:31.953646+00
9582	AE	1000000	(0,0)	2022-10-06 20:14:31.953646+00	2022-10-06 20:14:31.953646+00
9583	AE	1000000	(0,0)	2022-10-06 20:14:31.953646+00	2022-10-06 20:14:31.953646+00
9586	AE	1000000	(0,0)	2022-10-06 20:14:31.953646+00	2022-10-06 20:14:31.953646+00
9587	AE	1000000	(0,0)	2022-10-06 20:14:31.953646+00	2022-10-06 20:14:31.953646+00
9588	AE	1000000	(0,0)	2022-10-06 20:14:31.953646+00	2022-10-06 20:14:31.953646+00
9589	AE	1000000	(0,0)	2022-10-06 20:14:31.953646+00	2022-10-06 20:14:31.953646+00
9590	AE	1000000	(0,0)	2022-10-06 20:14:31.953646+00	2022-10-06 20:14:31.953646+00
9591	AE	1000000	(0,0)	2022-10-06 20:14:31.953646+00	2022-10-06 20:14:31.953646+00
9592	AE	1000000	(0,0)	2022-10-06 20:14:31.953646+00	2022-10-06 20:14:31.953646+00
9593	AE	1000000	(0,0)	2022-10-06 20:14:31.953646+00	2022-10-06 20:14:31.953646+00
9594	AE	1000000	(0,0)	2022-10-06 20:14:31.953646+00	2022-10-06 20:14:31.953646+00
9595	AE	1000000	(0,0)	2022-10-06 20:14:31.953646+00	2022-10-06 20:14:31.953646+00
9596	AE	1000000	(0,0)	2022-10-06 20:14:31.953646+00	2022-10-06 20:14:31.953646+00
9599	AE	1000000	(0,0)	2022-10-06 20:14:31.953646+00	2022-10-06 20:14:31.953646+00
9600	AE	1000000	(0,0)	2022-10-06 20:14:31.953646+00	2022-10-06 20:14:31.953646+00
9601	AE	1000000	(0,0)	2022-10-06 20:14:31.953646+00	2022-10-06 20:14:31.953646+00
9602	AE	1000000	(0,0)	2022-10-06 20:14:31.953646+00	2022-10-06 20:14:31.953646+00
9603	AE	1000000	(0,0)	2022-10-06 20:14:31.953646+00	2022-10-06 20:14:31.953646+00
9604	AE	1000000	(0,0)	2022-10-06 20:14:31.953646+00	2022-10-06 20:14:31.953646+00
9605	AE	1000000	(0,0)	2022-10-06 20:14:31.953646+00	2022-10-06 20:14:31.953646+00
9606	AE	1000000	(0,0)	2022-10-06 20:14:31.953646+00	2022-10-06 20:14:31.953646+00
9607	AE	1000000	(0,0)	2022-10-06 20:14:31.953646+00	2022-10-06 20:14:31.953646+00
9608	AE	1000000	(0,0)	2022-10-06 20:14:31.953646+00	2022-10-06 20:14:31.953646+00
9609	AE	1000000	(0,0)	2022-10-06 20:14:31.953646+00	2022-10-06 20:14:31.953646+00
9610	AE	1000000	(0,0)	2022-10-06 20:14:31.953646+00	2022-10-06 20:14:31.953646+00
9613	AE	1000000	(0,0)	2022-10-06 20:14:31.953646+00	2022-10-06 20:14:31.953646+00
9614	AE	1000000	(0,0)	2022-10-06 20:14:31.953646+00	2022-10-06 20:14:31.953646+00
9617	AE	1000000	(0,0)	2022-10-06 20:14:31.953646+00	2022-10-06 20:14:31.953646+00
9618	AE	1000000	(0,0)	2022-10-06 20:14:31.953646+00	2022-10-06 20:14:31.953646+00
9620	AE	1000000	(0,0)	2022-10-06 20:14:31.953646+00	2022-10-06 20:14:31.953646+00
9621	AE	1000000	(0,0)	2022-10-06 20:14:31.953646+00	2022-10-06 20:14:31.953646+00
9622	AE	1000000	(0,0)	2022-10-06 20:14:31.953646+00	2022-10-06 20:14:31.953646+00
9623	AE	1000000	(0,0)	2022-10-06 20:14:31.953646+00	2022-10-06 20:14:31.953646+00
9624	AE	1000000	(0,0)	2022-10-06 20:14:31.953646+00	2022-10-06 20:14:31.953646+00
9625	AE	1000000	(0,0)	2022-10-06 20:14:31.953646+00	2022-10-06 20:14:31.953646+00
9626	AE	1000000	(0,0)	2022-10-06 20:14:31.953646+00	2022-10-06 20:14:31.953646+00
9627	AE	1000000	(0,0)	2022-10-06 20:14:31.953646+00	2022-10-06 20:14:31.953646+00
9630	AE	1000000	(0,0)	2022-10-06 20:14:31.953646+00	2022-10-06 20:14:31.953646+00
9631	AE	1000000	(0,0)	2022-10-06 20:14:31.953646+00	2022-10-06 20:14:31.953646+00
9633	AE	1000000	(0,0)	2022-10-06 20:14:31.953646+00	2022-10-06 20:14:31.953646+00
9634	AE	1000000	(0,0)	2022-10-06 20:14:31.953646+00	2022-10-06 20:14:31.953646+00
9636	AE	1000000	(0,0)	2022-10-06 20:14:31.953646+00	2022-10-06 20:14:31.953646+00
9642	AE	1000000	(0,0)	2022-10-06 20:14:31.953646+00	2022-10-06 20:14:31.953646+00
9643	AE	1000000	(0,0)	2022-10-06 20:14:31.953646+00	2022-10-06 20:14:31.953646+00
9645	AE	1000000	(0,0)	2022-10-06 20:14:31.953646+00	2022-10-06 20:14:31.953646+00
9647	AE	1000000	(0,0)	2022-10-06 20:14:31.953646+00	2022-10-06 20:14:31.953646+00
9648	AE	1000000	(0,0)	2022-10-06 20:14:31.953646+00	2022-10-06 20:14:31.953646+00
9649	AE	1000000	(0,0)	2022-10-06 20:14:31.953646+00	2022-10-06 20:14:31.953646+00
9701	AE	1000000	(0,0)	2022-10-06 20:14:31.953646+00	2022-10-06 20:14:31.953646+00
9702	AE	1000000	(0,0)	2022-10-06 20:14:31.953646+00	2022-10-06 20:14:31.953646+00
9703	AE	1000000	(0,0)	2022-10-06 20:14:31.953646+00	2022-10-06 20:14:31.953646+00
9704	AE	1000000	(0,0)	2022-10-06 20:14:31.953646+00	2022-10-06 20:14:31.953646+00
9705	AE	1000000	(0,0)	2022-10-06 20:14:31.953646+00	2022-10-06 20:14:31.953646+00
9706	AE	1000000	(0,0)	2022-10-06 20:14:31.953646+00	2022-10-06 20:14:31.953646+00
9707	AE	1000000	(0,0)	2022-10-06 20:14:31.953646+00	2022-10-06 20:14:31.953646+00
9708	AE	1000000	(0,0)	2022-10-06 20:14:31.953646+00	2022-10-06 20:14:31.953646+00
9709	AE	1000000	(0,0)	2022-10-06 20:14:31.953646+00	2022-10-06 20:14:31.953646+00
9710	AE	1000000	(0,0)	2022-10-06 20:14:31.953646+00	2022-10-06 20:14:31.953646+00
9711	AE	1000000	(0,0)	2022-10-06 20:14:31.953646+00	2022-10-06 20:14:31.953646+00
9712	AE	1000000	(0,0)	2022-10-06 20:14:31.953646+00	2022-10-06 20:14:31.953646+00
9714	AE	1000000	(0,0)	2022-10-06 20:14:31.953646+00	2022-10-06 20:14:31.953646+00
9715	AE	1000000	(0,0)	2022-10-06 20:14:31.953646+00	2022-10-06 20:14:31.953646+00
9716	AE	1000000	(0,0)	2022-10-06 20:14:31.953646+00	2022-10-06 20:14:31.953646+00
9717	AE	1000000	(0,0)	2022-10-06 20:14:31.953646+00	2022-10-06 20:14:31.953646+00
9718	AE	1000000	(0,0)	2022-10-06 20:14:31.953646+00	2022-10-06 20:14:31.953646+00
9719	AE	1000000	(0,0)	2022-10-06 20:14:31.953646+00	2022-10-06 20:14:31.953646+00
9720	AE	1000000	(0,0)	2022-10-06 20:14:31.953646+00	2022-10-06 20:14:31.953646+00
9722	AE	1000000	(0,0)	2022-10-06 20:14:31.953646+00	2022-10-06 20:14:31.953646+00
9723	AE	1000000	(0,0)	2022-10-06 20:14:31.953646+00	2022-10-06 20:14:31.953646+00
9724	AE	1000000	(0,0)	2022-10-06 20:14:31.953646+00	2022-10-06 20:14:31.953646+00
9725	AE	1000000	(0,0)	2022-10-06 20:14:31.953646+00	2022-10-06 20:14:31.953646+00
9726	AE	1000000	(0,0)	2022-10-06 20:14:31.953646+00	2022-10-06 20:14:31.953646+00
9727	AE	1000000	(0,0)	2022-10-06 20:14:31.953646+00	2022-10-06 20:14:31.953646+00
9728	AE	1000000	(0,0)	2022-10-06 20:14:31.953646+00	2022-10-06 20:14:31.953646+00
9729	AE	1000000	(0,0)	2022-10-06 20:14:31.953646+00	2022-10-06 20:14:31.953646+00
9730	AE	1000000	(0,0)	2022-10-06 20:14:31.953646+00	2022-10-06 20:14:31.953646+00
9731	AE	1000000	(0,0)	2022-10-06 20:14:31.953646+00	2022-10-06 20:14:31.953646+00
9732	AE	1000000	(0,0)	2022-10-06 20:14:31.953646+00	2022-10-06 20:14:31.953646+00
9733	AE	1000000	(0,0)	2022-10-06 20:14:31.953646+00	2022-10-06 20:14:31.953646+00
9734	AE	1000000	(0,0)	2022-10-06 20:14:31.953646+00	2022-10-06 20:14:31.953646+00
9735	AE	1000000	(0,0)	2022-10-06 20:14:31.953646+00	2022-10-06 20:14:31.953646+00
9736	AE	1000000	(0,0)	2022-10-06 20:14:31.953646+00	2022-10-06 20:14:31.953646+00
9737	AE	1000000	(0,0)	2022-10-06 20:14:31.953646+00	2022-10-06 20:14:31.953646+00
9738	AE	1000000	(0,0)	2022-10-06 20:14:31.953646+00	2022-10-06 20:14:31.953646+00
9739	AE	1000000	(0,0)	2022-10-06 20:14:31.953646+00	2022-10-06 20:14:31.953646+00
9741	AE	1000000	(0,0)	2022-10-06 20:14:31.953646+00	2022-10-06 20:14:31.953646+00
9742	AE	1000000	(0,0)	2022-10-06 20:14:31.953646+00	2022-10-06 20:14:31.953646+00
9743	AE	1000000	(0,0)	2022-10-06 20:14:31.953646+00	2022-10-06 20:14:31.953646+00
9744	AE	1000000	(0,0)	2022-10-06 20:14:31.953646+00	2022-10-06 20:14:31.953646+00
9745	AE	1000000	(0,0)	2022-10-06 20:14:31.953646+00	2022-10-06 20:14:31.953646+00
9748	AE	1000000	(0,0)	2022-10-06 20:14:31.953646+00	2022-10-06 20:14:31.953646+00
9749	AE	1000000	(0,0)	2022-10-06 20:14:31.953646+00	2022-10-06 20:14:31.953646+00
9750	AE	1000000	(0,0)	2022-10-06 20:14:31.953646+00	2022-10-06 20:14:31.953646+00
9751	AE	1000000	(0,0)	2022-10-06 20:14:31.953646+00	2022-10-06 20:14:31.953646+00
9752	AE	1000000	(0,0)	2022-10-06 20:14:31.953646+00	2022-10-06 20:14:31.953646+00
9753	AE	1000000	(0,0)	2022-10-06 20:14:31.953646+00	2022-10-06 20:14:31.953646+00
9754	AE	1000000	(0,0)	2022-10-06 20:14:31.953646+00	2022-10-06 20:14:31.953646+00
9755	AE	1000000	(0,0)	2022-10-06 20:14:31.953646+00	2022-10-06 20:14:31.953646+00
9756	AE	1000000	(0,0)	2022-10-06 20:14:31.953646+00	2022-10-06 20:14:31.953646+00
9758	AE	1000000	(0,0)	2022-10-06 20:14:31.953646+00	2022-10-06 20:14:31.953646+00
9759	AE	1000000	(0,0)	2022-10-06 20:14:31.953646+00	2022-10-06 20:14:31.953646+00
9760	AE	1000000	(0,0)	2022-10-06 20:14:31.953646+00	2022-10-06 20:14:31.953646+00
9761	AE	1000000	(0,0)	2022-10-06 20:14:31.953646+00	2022-10-06 20:14:31.953646+00
9762	AE	1000000	(0,0)	2022-10-06 20:14:31.953646+00	2022-10-06 20:14:31.953646+00
9769	AE	1000000	(0,0)	2022-10-06 20:14:31.953646+00	2022-10-06 20:14:31.953646+00
9777	AE	1000000	(0,0)	2022-10-06 20:14:31.953646+00	2022-10-06 20:14:31.953646+00
9780	AE	1000000	(0,0)	2022-10-06 20:14:31.953646+00	2022-10-06 20:14:31.953646+00
9789	AE	1000000	(0,0)	2022-10-06 20:14:31.953646+00	2022-10-06 20:14:31.953646+00
9800	AE	1000000	(0,0)	2022-10-06 20:14:31.953646+00	2022-10-06 20:14:31.953646+00
9801	AE	1000000	(0,0)	2022-10-06 20:14:31.953646+00	2022-10-06 20:14:31.953646+00
9802	AE	1000000	(0,0)	2022-10-06 20:14:31.953646+00	2022-10-06 20:14:31.953646+00
9803	AE	1000000	(0,0)	2022-10-06 20:14:31.953646+00	2022-10-06 20:14:31.953646+00
9804	AE	1000000	(0,0)	2022-10-06 20:14:31.953646+00	2022-10-06 20:14:31.953646+00
9805	AE	1000000	(0,0)	2022-10-06 20:14:31.953646+00	2022-10-06 20:14:31.953646+00
9806	AE	1000000	(0,0)	2022-10-06 20:14:31.953646+00	2022-10-06 20:14:31.953646+00
9807	AE	1000000	(0,0)	2022-10-06 20:14:31.953646+00	2022-10-06 20:14:31.953646+00
9808	AE	1000000	(0,0)	2022-10-06 20:14:31.953646+00	2022-10-06 20:14:31.953646+00
9809	AE	1000000	(0,0)	2022-10-06 20:14:31.953646+00	2022-10-06 20:14:31.953646+00
9810	AE	1000000	(0,0)	2022-10-06 20:14:31.953646+00	2022-10-06 20:14:31.953646+00
9811	AE	1000000	(0,0)	2022-10-06 20:14:31.953646+00	2022-10-06 20:14:31.953646+00
9812	AE	1000000	(0,0)	2022-10-06 20:14:31.953646+00	2022-10-06 20:14:31.953646+00
9813	AE	1000000	(0,0)	2022-10-06 20:14:31.953646+00	2022-10-06 20:14:31.953646+00
9814	AE	1000000	(0,0)	2022-10-06 20:14:31.953646+00	2022-10-06 20:14:31.953646+00
9815	AE	1000000	(0,0)	2022-10-06 20:14:31.953646+00	2022-10-06 20:14:31.953646+00
9816	AE	1000000	(0,0)	2022-10-06 20:14:31.953646+00	2022-10-06 20:14:31.953646+00
9817	AE	1000000	(0,0)	2022-10-06 20:14:31.953646+00	2022-10-06 20:14:31.953646+00
9818	AE	1000000	(0,0)	2022-10-06 20:14:31.953646+00	2022-10-06 20:14:31.953646+00
9820	AE	1000000	(0,0)	2022-10-06 20:14:31.953646+00	2022-10-06 20:14:31.953646+00
9821	AE	1000000	(0,0)	2022-10-06 20:14:31.953646+00	2022-10-06 20:14:31.953646+00
9822	AE	1000000	(0,0)	2022-10-06 20:14:31.953646+00	2022-10-06 20:14:31.953646+00
9823	AE	1000000	(0,0)	2022-10-06 20:14:31.953646+00	2022-10-06 20:14:31.953646+00
9824	AE	1000000	(0,0)	2022-10-06 20:14:31.953646+00	2022-10-06 20:14:31.953646+00
9825	AE	1000000	(0,0)	2022-10-06 20:14:31.953646+00	2022-10-06 20:14:31.953646+00
9826	AE	1000000	(0,0)	2022-10-06 20:14:31.953646+00	2022-10-06 20:14:31.953646+00
9827	AE	1000000	(0,0)	2022-10-06 20:14:31.953646+00	2022-10-06 20:14:31.953646+00
9828	AE	1000000	(0,0)	2022-10-06 20:14:31.953646+00	2022-10-06 20:14:31.953646+00
9829	AE	1000000	(0,0)	2022-10-06 20:14:31.953646+00	2022-10-06 20:14:31.953646+00
9830	AE	1000000	(0,0)	2022-10-06 20:14:31.953646+00	2022-10-06 20:14:31.953646+00
9831	AE	1000000	(0,0)	2022-10-06 20:14:31.953646+00	2022-10-06 20:14:31.953646+00
9832	AE	1000000	(0,0)	2022-10-06 20:14:31.953646+00	2022-10-06 20:14:31.953646+00
9833	AE	1000000	(0,0)	2022-10-06 20:14:31.953646+00	2022-10-06 20:14:31.953646+00
9834	AE	1000000	(0,0)	2022-10-06 20:14:31.953646+00	2022-10-06 20:14:31.953646+00
9836	AE	1000000	(0,0)	2022-10-06 20:14:31.953646+00	2022-10-06 20:14:31.953646+00
9837	AE	1000000	(0,0)	2022-10-06 20:14:31.953646+00	2022-10-06 20:14:31.953646+00
9838	AE	1000000	(0,0)	2022-10-06 20:14:31.953646+00	2022-10-06 20:14:31.953646+00
9839	AE	1000000	(0,0)	2022-10-06 20:14:31.953646+00	2022-10-06 20:14:31.953646+00
9841	AE	1000000	(0,0)	2022-10-06 20:14:31.953646+00	2022-10-06 20:14:31.953646+00
9842	AE	1000000	(0,0)	2022-10-06 20:14:31.953646+00	2022-10-06 20:14:31.953646+00
9844	AE	1000000	(0,0)	2022-10-06 20:14:31.953646+00	2022-10-06 20:14:31.953646+00
9845	AE	1000000	(0,0)	2022-10-06 20:14:31.953646+00	2022-10-06 20:14:31.953646+00
9846	AE	1000000	(0,0)	2022-10-06 20:14:31.953646+00	2022-10-06 20:14:31.953646+00
9847	AE	1000000	(0,0)	2022-10-06 20:14:31.953646+00	2022-10-06 20:14:31.953646+00
9848	AE	1000000	(0,0)	2022-10-06 20:14:31.953646+00	2022-10-06 20:14:31.953646+00
9851	AE	1000000	(0,0)	2022-10-06 20:14:31.953646+00	2022-10-06 20:14:31.953646+00
9852	AE	1000000	(0,0)	2022-10-06 20:14:31.953646+00	2022-10-06 20:14:31.953646+00
9853	AE	1000000	(0,0)	2022-10-06 20:14:31.953646+00	2022-10-06 20:14:31.953646+00
9854	AE	1000000	(0,0)	2022-10-06 20:14:31.953646+00	2022-10-06 20:14:31.953646+00
9855	AE	1000000	(0,0)	2022-10-06 20:14:31.953646+00	2022-10-06 20:14:31.953646+00
9856	AE	1000000	(0,0)	2022-10-06 20:14:31.953646+00	2022-10-06 20:14:31.953646+00
9857	AE	1000000	(0,0)	2022-10-06 20:14:31.953646+00	2022-10-06 20:14:31.953646+00
9858	AE	1000000	(0,0)	2022-10-06 20:14:31.953646+00	2022-10-06 20:14:31.953646+00
9859	AE	1000000	(0,0)	2022-10-06 20:14:31.953646+00	2022-10-06 20:14:31.953646+00
9860	AE	1000000	(0,0)	2022-10-06 20:14:31.953646+00	2022-10-06 20:14:31.953646+00
9861	AE	1000000	(0,0)	2022-10-06 20:14:31.953646+00	2022-10-06 20:14:31.953646+00
9862	AE	1000000	(0,0)	2022-10-06 20:14:31.953646+00	2022-10-06 20:14:31.953646+00
9863	AE	1000000	(0,0)	2022-10-06 20:14:31.953646+00	2022-10-06 20:14:31.953646+00
9864	AE	1000000	(0,0)	2022-10-06 20:14:31.953646+00	2022-10-06 20:14:31.953646+00
9865	AE	1000000	(0,0)	2022-10-06 20:14:31.953646+00	2022-10-06 20:14:31.953646+00
9867	AE	1000000	(0,0)	2022-10-06 20:14:31.953646+00	2022-10-06 20:14:31.953646+00
9868	AE	1000000	(0,0)	2022-10-06 20:14:31.953646+00	2022-10-06 20:14:31.953646+00
9869	AE	1000000	(0,0)	2022-10-06 20:14:31.953646+00	2022-10-06 20:14:31.953646+00
9870	AE	1000000	(0,0)	2022-10-06 20:14:31.953646+00	2022-10-06 20:14:31.953646+00
9873	AE	1000000	(0,0)	2022-10-06 20:14:31.953646+00	2022-10-06 20:14:31.953646+00
9874	AE	1000000	(0,0)	2022-10-06 20:14:31.953646+00	2022-10-06 20:14:31.953646+00
9875	AE	1000000	(0,0)	2022-10-06 20:14:31.953646+00	2022-10-06 20:14:31.953646+00
9876	AE	1000000	(0,0)	2022-10-06 20:14:31.953646+00	2022-10-06 20:14:31.953646+00
9877	AE	1000000	(0,0)	2022-10-06 20:14:31.953646+00	2022-10-06 20:14:31.953646+00
9880	AE	1000000	(0,0)	2022-10-06 20:14:31.953646+00	2022-10-06 20:14:31.953646+00
9890	AE	1000000	(0,0)	2022-10-06 20:14:31.953646+00	2022-10-06 20:14:31.953646+00
9892	AE	1000000	(0,0)	2022-10-06 20:14:31.953646+00	2022-10-06 20:14:31.953646+00
9895	AE	1000000	(0,0)	2022-10-06 20:14:31.953646+00	2022-10-06 20:14:31.953646+00
9898	AE	1000000	(0,0)	2022-10-06 20:14:31.953646+00	2022-10-06 20:14:31.953646+00
9901	AE	1000000	(0,0)	2022-10-06 20:14:31.953646+00	2022-10-06 20:14:31.953646+00
9902	AE	1000000	(0,0)	2022-10-06 20:14:31.953646+00	2022-10-06 20:14:31.953646+00
9903	AE	1000000	(0,0)	2022-10-06 20:14:31.953646+00	2022-10-06 20:14:31.953646+00
9904	AE	1000000	(0,0)	2022-10-06 20:14:31.953646+00	2022-10-06 20:14:31.953646+00
9908	AE	1000000	(0,0)	2022-10-06 20:14:31.953646+00	2022-10-06 20:14:31.953646+00
9909	AE	1000000	(0,0)	2022-10-06 20:14:31.953646+00	2022-10-06 20:14:31.953646+00
9910	AE	1000000	(0,0)	2022-10-06 20:14:31.953646+00	2022-10-06 20:14:31.953646+00
9974	AE	1000000	(0,0)	2022-10-06 20:14:31.953646+00	2022-10-06 20:14:31.953646+00
9975	AE	1000000	(0,0)	2022-10-06 20:14:31.953646+00	2022-10-06 20:14:31.953646+00
9976	AE	1000000	(0,0)	2022-10-06 20:14:31.953646+00	2022-10-06 20:14:31.953646+00
9977	AE	1000000	(0,0)	2022-10-06 20:14:31.953646+00	2022-10-06 20:14:31.953646+00
34001	AA	1000000	(0,0)	2022-10-06 20:14:31.953646+00	2022-10-06 20:14:31.953646+00
34002	AA	1000000	(0,0)	2022-10-06 20:14:31.953646+00	2022-10-06 20:14:31.953646+00
34004	AA	1000000	(0,0)	2022-10-06 20:14:31.953646+00	2022-10-06 20:14:31.953646+00
34007	AA	1000000	(0,0)	2022-10-06 20:14:31.953646+00	2022-10-06 20:14:31.953646+00
34008	AA	1000000	(0,0)	2022-10-06 20:14:31.953646+00	2022-10-06 20:14:31.953646+00
34011	AA	1000000	(0,0)	2022-10-06 20:14:31.953646+00	2022-10-06 20:14:31.953646+00
34020	AA	1000000	(0,0)	2022-10-06 20:14:31.953646+00	2022-10-06 20:14:31.953646+00
34021	AA	1000000	(0,0)	2022-10-06 20:14:31.953646+00	2022-10-06 20:14:31.953646+00
34022	AA	1000000	(0,0)	2022-10-06 20:14:31.953646+00	2022-10-06 20:14:31.953646+00
34023	AA	1000000	(0,0)	2022-10-06 20:14:31.953646+00	2022-10-06 20:14:31.953646+00
34024	AA	1000000	(0,0)	2022-10-06 20:14:31.953646+00	2022-10-06 20:14:31.953646+00
34025	AA	1000000	(0,0)	2022-10-06 20:14:31.953646+00	2022-10-06 20:14:31.953646+00
34030	AA	1000000	(0,0)	2022-10-06 20:14:31.953646+00	2022-10-06 20:14:31.953646+00
34031	AA	1000000	(0,0)	2022-10-06 20:14:31.953646+00	2022-10-06 20:14:31.953646+00
34032	AA	1000000	(0,0)	2022-10-06 20:14:31.953646+00	2022-10-06 20:14:31.953646+00
34033	AA	1000000	(0,0)	2022-10-06 20:14:31.953646+00	2022-10-06 20:14:31.953646+00
34034	AA	1000000	(0,0)	2022-10-06 20:14:31.953646+00	2022-10-06 20:14:31.953646+00
34035	AA	1000000	(0,0)	2022-10-06 20:14:31.953646+00	2022-10-06 20:14:31.953646+00
34036	AA	1000000	(0,0)	2022-10-06 20:14:31.953646+00	2022-10-06 20:14:31.953646+00
34037	AA	1000000	(0,0)	2022-10-06 20:14:31.953646+00	2022-10-06 20:14:31.953646+00
34038	AA	1000000	(0,0)	2022-10-06 20:14:31.953646+00	2022-10-06 20:14:31.953646+00
34039	AA	1000000	(0,0)	2022-10-06 20:14:31.953646+00	2022-10-06 20:14:31.953646+00
34041	AA	1000000	(0,0)	2022-10-06 20:14:31.953646+00	2022-10-06 20:14:31.953646+00
34042	AA	1000000	(0,0)	2022-10-06 20:14:31.953646+00	2022-10-06 20:14:31.953646+00
34044	AA	1000000	(0,0)	2022-10-06 20:14:31.953646+00	2022-10-06 20:14:31.953646+00
34050	AA	1000000	(0,0)	2022-10-06 20:14:31.953646+00	2022-10-06 20:14:31.953646+00
34051	AA	1000000	(0,0)	2022-10-06 20:14:31.953646+00	2022-10-06 20:14:31.953646+00
34052	AA	1000000	(0,0)	2022-10-06 20:14:31.953646+00	2022-10-06 20:14:31.953646+00
34053	AA	1000000	(0,0)	2022-10-06 20:14:31.953646+00	2022-10-06 20:14:31.953646+00
34054	AA	1000000	(0,0)	2022-10-06 20:14:31.953646+00	2022-10-06 20:14:31.953646+00
34055	AA	1000000	(0,0)	2022-10-06 20:14:31.953646+00	2022-10-06 20:14:31.953646+00
34058	AA	1000000	(0,0)	2022-10-06 20:14:31.953646+00	2022-10-06 20:14:31.953646+00
34060	AA	1000000	(0,0)	2022-10-06 20:14:31.953646+00	2022-10-06 20:14:31.953646+00
34066	AA	1000000	(0,0)	2022-10-06 20:14:31.953646+00	2022-10-06 20:14:31.953646+00
34067	AA	1000000	(0,0)	2022-10-06 20:14:31.953646+00	2022-10-06 20:14:31.953646+00
34068	AA	1000000	(0,0)	2022-10-06 20:14:31.953646+00	2022-10-06 20:14:31.953646+00
34069	AA	1000000	(0,0)	2022-10-06 20:14:31.953646+00	2022-10-06 20:14:31.953646+00
34078	AA	1000000	(0,0)	2022-10-06 20:14:31.953646+00	2022-10-06 20:14:31.953646+00
34080	AA	1000000	(0,0)	2022-10-06 20:14:31.953646+00	2022-10-06 20:14:31.953646+00
34081	AA	1000000	(0,0)	2022-10-06 20:14:31.953646+00	2022-10-06 20:14:31.953646+00
34082	AA	1000000	(0,0)	2022-10-06 20:14:31.953646+00	2022-10-06 20:14:31.953646+00
34083	AA	1000000	(0,0)	2022-10-06 20:14:31.953646+00	2022-10-06 20:14:31.953646+00
34084	AA	1000000	(0,0)	2022-10-06 20:14:31.953646+00	2022-10-06 20:14:31.953646+00
34085	AA	1000000	(0,0)	2022-10-06 20:14:31.953646+00	2022-10-06 20:14:31.953646+00
34086	AA	1000000	(0,0)	2022-10-06 20:14:31.953646+00	2022-10-06 20:14:31.953646+00
34087	AA	1000000	(0,0)	2022-10-06 20:14:31.953646+00	2022-10-06 20:14:31.953646+00
34088	AA	1000000	(0,0)	2022-10-06 20:14:31.953646+00	2022-10-06 20:14:31.953646+00
34089	AA	1000000	(0,0)	2022-10-06 20:14:31.953646+00	2022-10-06 20:14:31.953646+00
34090	AA	1000000	(0,0)	2022-10-06 20:14:31.953646+00	2022-10-06 20:14:31.953646+00
34091	AA	1000000	(0,0)	2022-10-06 20:14:31.953646+00	2022-10-06 20:14:31.953646+00
34092	AA	1000000	(0,0)	2022-10-06 20:14:31.953646+00	2022-10-06 20:14:31.953646+00
34093	AA	1000000	(0,0)	2022-10-06 20:14:31.953646+00	2022-10-06 20:14:31.953646+00
34094	AA	1000000	(0,0)	2022-10-06 20:14:31.953646+00	2022-10-06 20:14:31.953646+00
34095	AA	1000000	(0,0)	2022-10-06 20:14:31.953646+00	2022-10-06 20:14:31.953646+00
96201	AP	1000000	(0,0)	2022-10-06 20:14:31.953646+00	2022-10-06 20:14:31.953646+00
96202	AP	1000000	(0,0)	2022-10-06 20:14:31.953646+00	2022-10-06 20:14:31.953646+00
96203	AP	1000000	(0,0)	2022-10-06 20:14:31.953646+00	2022-10-06 20:14:31.953646+00
96204	AP	1000000	(0,0)	2022-10-06 20:14:31.953646+00	2022-10-06 20:14:31.953646+00
96205	AP	1000000	(0,0)	2022-10-06 20:14:31.953646+00	2022-10-06 20:14:31.953646+00
96206	AP	1000000	(0,0)	2022-10-06 20:14:31.953646+00	2022-10-06 20:14:31.953646+00
96207	AP	1000000	(0,0)	2022-10-06 20:14:31.953646+00	2022-10-06 20:14:31.953646+00
96208	AP	1000000	(0,0)	2022-10-06 20:14:31.953646+00	2022-10-06 20:14:31.953646+00
96209	AP	1000000	(0,0)	2022-10-06 20:14:31.953646+00	2022-10-06 20:14:31.953646+00
96210	AP	1000000	(0,0)	2022-10-06 20:14:31.953646+00	2022-10-06 20:14:31.953646+00
96212	AP	1000000	(0,0)	2022-10-06 20:14:31.953646+00	2022-10-06 20:14:31.953646+00
96213	AP	1000000	(0,0)	2022-10-06 20:14:31.953646+00	2022-10-06 20:14:31.953646+00
96214	AP	1000000	(0,0)	2022-10-06 20:14:31.953646+00	2022-10-06 20:14:31.953646+00
96218	AP	1000000	(0,0)	2022-10-06 20:14:31.953646+00	2022-10-06 20:14:31.953646+00
96224	AP	1000000	(0,0)	2022-10-06 20:14:31.953646+00	2022-10-06 20:14:31.953646+00
96251	AP	1000000	(0,0)	2022-10-06 20:14:31.953646+00	2022-10-06 20:14:31.953646+00
96257	AP	1000000	(0,0)	2022-10-06 20:14:31.953646+00	2022-10-06 20:14:31.953646+00
96258	AP	1000000	(0,0)	2022-10-06 20:14:31.953646+00	2022-10-06 20:14:31.953646+00
96260	AP	1000000	(0,0)	2022-10-06 20:14:31.953646+00	2022-10-06 20:14:31.953646+00
96262	AP	1000000	(0,0)	2022-10-06 20:14:31.953646+00	2022-10-06 20:14:31.953646+00
96264	AP	1000000	(0,0)	2022-10-06 20:14:31.953646+00	2022-10-06 20:14:31.953646+00
96266	AP	1000000	(0,0)	2022-10-06 20:14:31.953646+00	2022-10-06 20:14:31.953646+00
96267	AP	1000000	(0,0)	2022-10-06 20:14:31.953646+00	2022-10-06 20:14:31.953646+00
96269	AP	1000000	(0,0)	2022-10-06 20:14:31.953646+00	2022-10-06 20:14:31.953646+00
96271	AP	1000000	(0,0)	2022-10-06 20:14:31.953646+00	2022-10-06 20:14:31.953646+00
96273	AP	1000000	(0,0)	2022-10-06 20:14:31.953646+00	2022-10-06 20:14:31.953646+00
96275	AP	1000000	(0,0)	2022-10-06 20:14:31.953646+00	2022-10-06 20:14:31.953646+00
96276	AP	1000000	(0,0)	2022-10-06 20:14:31.953646+00	2022-10-06 20:14:31.953646+00
96278	AP	1000000	(0,0)	2022-10-06 20:14:31.953646+00	2022-10-06 20:14:31.953646+00
96283	AP	1000000	(0,0)	2022-10-06 20:14:31.953646+00	2022-10-06 20:14:31.953646+00
96284	AP	1000000	(0,0)	2022-10-06 20:14:31.953646+00	2022-10-06 20:14:31.953646+00
96297	AP	1000000	(0,0)	2022-10-06 20:14:31.953646+00	2022-10-06 20:14:31.953646+00
96301	AP	1000000	(0,0)	2022-10-06 20:14:31.953646+00	2022-10-06 20:14:31.953646+00
96303	AP	1000000	(0,0)	2022-10-06 20:14:31.953646+00	2022-10-06 20:14:31.953646+00
96306	AP	1000000	(0,0)	2022-10-06 20:14:31.953646+00	2022-10-06 20:14:31.953646+00
96309	AP	1000000	(0,0)	2022-10-06 20:14:31.953646+00	2022-10-06 20:14:31.953646+00
96310	AP	1000000	(0,0)	2022-10-06 20:14:31.953646+00	2022-10-06 20:14:31.953646+00
96311	AP	1000000	(0,0)	2022-10-06 20:14:31.953646+00	2022-10-06 20:14:31.953646+00
96315	AP	1000000	(0,0)	2022-10-06 20:14:31.953646+00	2022-10-06 20:14:31.953646+00
96319	AP	1000000	(0,0)	2022-10-06 20:14:31.953646+00	2022-10-06 20:14:31.953646+00
96321	AP	1000000	(0,0)	2022-10-06 20:14:31.953646+00	2022-10-06 20:14:31.953646+00
96322	AP	1000000	(0,0)	2022-10-06 20:14:31.953646+00	2022-10-06 20:14:31.953646+00
96323	AP	1000000	(0,0)	2022-10-06 20:14:31.953646+00	2022-10-06 20:14:31.953646+00
96326	AP	1000000	(0,0)	2022-10-06 20:14:31.953646+00	2022-10-06 20:14:31.953646+00
96328	AP	1000000	(0,0)	2022-10-06 20:14:31.953646+00	2022-10-06 20:14:31.953646+00
96330	AP	1000000	(0,0)	2022-10-06 20:14:31.953646+00	2022-10-06 20:14:31.953646+00
96331	AP	1000000	(0,0)	2022-10-06 20:14:31.953646+00	2022-10-06 20:14:31.953646+00
96336	AP	1000000	(0,0)	2022-10-06 20:14:31.953646+00	2022-10-06 20:14:31.953646+00
96337	AP	1000000	(0,0)	2022-10-06 20:14:31.953646+00	2022-10-06 20:14:31.953646+00
96338	AP	1000000	(0,0)	2022-10-06 20:14:31.953646+00	2022-10-06 20:14:31.953646+00
96339	AP	1000000	(0,0)	2022-10-06 20:14:31.953646+00	2022-10-06 20:14:31.953646+00
96343	AP	1000000	(0,0)	2022-10-06 20:14:31.953646+00	2022-10-06 20:14:31.953646+00
96346	AP	1000000	(0,0)	2022-10-06 20:14:31.953646+00	2022-10-06 20:14:31.953646+00
96347	AP	1000000	(0,0)	2022-10-06 20:14:31.953646+00	2022-10-06 20:14:31.953646+00
96349	AP	1000000	(0,0)	2022-10-06 20:14:31.953646+00	2022-10-06 20:14:31.953646+00
96350	AP	1000000	(0,0)	2022-10-06 20:14:31.953646+00	2022-10-06 20:14:31.953646+00
96351	AP	1000000	(0,0)	2022-10-06 20:14:31.953646+00	2022-10-06 20:14:31.953646+00
96362	AP	1000000	(0,0)	2022-10-06 20:14:31.953646+00	2022-10-06 20:14:31.953646+00
96365	AP	1000000	(0,0)	2022-10-06 20:14:31.953646+00	2022-10-06 20:14:31.953646+00
96367	AP	1000000	(0,0)	2022-10-06 20:14:31.953646+00	2022-10-06 20:14:31.953646+00
96368	AP	1000000	(0,0)	2022-10-06 20:14:31.953646+00	2022-10-06 20:14:31.953646+00
96370	AP	1000000	(0,0)	2022-10-06 20:14:31.953646+00	2022-10-06 20:14:31.953646+00
96371	AP	1000000	(0,0)	2022-10-06 20:14:31.953646+00	2022-10-06 20:14:31.953646+00
96372	AP	1000000	(0,0)	2022-10-06 20:14:31.953646+00	2022-10-06 20:14:31.953646+00
96373	AP	1000000	(0,0)	2022-10-06 20:14:31.953646+00	2022-10-06 20:14:31.953646+00
96374	AP	1000000	(0,0)	2022-10-06 20:14:31.953646+00	2022-10-06 20:14:31.953646+00
96375	AP	1000000	(0,0)	2022-10-06 20:14:31.953646+00	2022-10-06 20:14:31.953646+00
96376	AP	1000000	(0,0)	2022-10-06 20:14:31.953646+00	2022-10-06 20:14:31.953646+00
96377	AP	1000000	(0,0)	2022-10-06 20:14:31.953646+00	2022-10-06 20:14:31.953646+00
96378	AP	1000000	(0,0)	2022-10-06 20:14:31.953646+00	2022-10-06 20:14:31.953646+00
96379	AP	1000000	(0,0)	2022-10-06 20:14:31.953646+00	2022-10-06 20:14:31.953646+00
96380	AP	1000000	(0,0)	2022-10-06 20:14:31.953646+00	2022-10-06 20:14:31.953646+00
96382	AP	1000000	(0,0)	2022-10-06 20:14:31.953646+00	2022-10-06 20:14:31.953646+00
96384	AP	1000000	(0,0)	2022-10-06 20:14:31.953646+00	2022-10-06 20:14:31.953646+00
96385	AP	1000000	(0,0)	2022-10-06 20:14:31.953646+00	2022-10-06 20:14:31.953646+00
96386	AP	1000000	(0,0)	2022-10-06 20:14:31.953646+00	2022-10-06 20:14:31.953646+00
96387	AP	1000000	(0,0)	2022-10-06 20:14:31.953646+00	2022-10-06 20:14:31.953646+00
96388	AP	1000000	(0,0)	2022-10-06 20:14:31.953646+00	2022-10-06 20:14:31.953646+00
96389	AP	1000000	(0,0)	2022-10-06 20:14:31.953646+00	2022-10-06 20:14:31.953646+00
96401	AP	1000000	(0,0)	2022-10-06 20:14:31.953646+00	2022-10-06 20:14:31.953646+00
96502	AP	1000000	(0,0)	2022-10-06 20:14:31.953646+00	2022-10-06 20:14:31.953646+00
96504	AP	1000000	(0,0)	2022-10-06 20:14:31.953646+00	2022-10-06 20:14:31.953646+00
96505	AP	1000000	(0,0)	2022-10-06 20:14:31.953646+00	2022-10-06 20:14:31.953646+00
96507	AP	1000000	(0,0)	2022-10-06 20:14:31.953646+00	2022-10-06 20:14:31.953646+00
96510	AP	1000000	(0,0)	2022-10-06 20:14:31.953646+00	2022-10-06 20:14:31.953646+00
96511	AP	1000000	(0,0)	2022-10-06 20:14:31.953646+00	2022-10-06 20:14:31.953646+00
96515	AP	1000000	(0,0)	2022-10-06 20:14:31.953646+00	2022-10-06 20:14:31.953646+00
96516	AP	1000000	(0,0)	2022-10-06 20:14:31.953646+00	2022-10-06 20:14:31.953646+00
96517	AP	1000000	(0,0)	2022-10-06 20:14:31.953646+00	2022-10-06 20:14:31.953646+00
96520	AP	1000000	(0,0)	2022-10-06 20:14:31.953646+00	2022-10-06 20:14:31.953646+00
96521	AP	1000000	(0,0)	2022-10-06 20:14:31.953646+00	2022-10-06 20:14:31.953646+00
96522	AP	1000000	(0,0)	2022-10-06 20:14:31.953646+00	2022-10-06 20:14:31.953646+00
96530	AP	1000000	(0,0)	2022-10-06 20:14:31.953646+00	2022-10-06 20:14:31.953646+00
96531	AP	1000000	(0,0)	2022-10-06 20:14:31.953646+00	2022-10-06 20:14:31.953646+00
96532	AP	1000000	(0,0)	2022-10-06 20:14:31.953646+00	2022-10-06 20:14:31.953646+00
96534	AP	1000000	(0,0)	2022-10-06 20:14:31.953646+00	2022-10-06 20:14:31.953646+00
96535	AP	1000000	(0,0)	2022-10-06 20:14:31.953646+00	2022-10-06 20:14:31.953646+00
96537	AP	1000000	(0,0)	2022-10-06 20:14:31.953646+00	2022-10-06 20:14:31.953646+00
96539	AP	1000000	(0,0)	2022-10-06 20:14:31.953646+00	2022-10-06 20:14:31.953646+00
96540	AP	1000000	(0,0)	2022-10-06 20:14:31.953646+00	2022-10-06 20:14:31.953646+00
96542	AP	1000000	(0,0)	2022-10-06 20:14:31.953646+00	2022-10-06 20:14:31.953646+00
96543	AP	1000000	(0,0)	2022-10-06 20:14:31.953646+00	2022-10-06 20:14:31.953646+00
96546	AP	1000000	(0,0)	2022-10-06 20:14:31.953646+00	2022-10-06 20:14:31.953646+00
96548	AP	1000000	(0,0)	2022-10-06 20:14:31.953646+00	2022-10-06 20:14:31.953646+00
96549	AP	1000000	(0,0)	2022-10-06 20:14:31.953646+00	2022-10-06 20:14:31.953646+00
96550	AP	1000000	(0,0)	2022-10-06 20:14:31.953646+00	2022-10-06 20:14:31.953646+00
96551	AP	1000000	(0,0)	2022-10-06 20:14:31.953646+00	2022-10-06 20:14:31.953646+00
96552	AP	1000000	(0,0)	2022-10-06 20:14:31.953646+00	2022-10-06 20:14:31.953646+00
96553	AP	1000000	(0,0)	2022-10-06 20:14:31.953646+00	2022-10-06 20:14:31.953646+00
96554	AP	1000000	(0,0)	2022-10-06 20:14:31.953646+00	2022-10-06 20:14:31.953646+00
96555	AP	1000000	(0,0)	2022-10-06 20:14:31.953646+00	2022-10-06 20:14:31.953646+00
96557	AP	1000000	(0,0)	2022-10-06 20:14:31.953646+00	2022-10-06 20:14:31.953646+00
96562	AP	1000000	(0,0)	2022-10-06 20:14:31.953646+00	2022-10-06 20:14:31.953646+00
96577	AP	1000000	(0,0)	2022-10-06 20:14:31.953646+00	2022-10-06 20:14:31.953646+00
96578	AP	1000000	(0,0)	2022-10-06 20:14:31.953646+00	2022-10-06 20:14:31.953646+00
96595	AP	1000000	(0,0)	2022-10-06 20:14:31.953646+00	2022-10-06 20:14:31.953646+00
96598	AP	1000000	(0,0)	2022-10-06 20:14:31.953646+00	2022-10-06 20:14:31.953646+00
96599	AP	1000000	(0,0)	2022-10-06 20:14:31.953646+00	2022-10-06 20:14:31.953646+00
96601	AP	1000000	(0,0)	2022-10-06 20:14:31.953646+00	2022-10-06 20:14:31.953646+00
96602	AP	1000000	(0,0)	2022-10-06 20:14:31.953646+00	2022-10-06 20:14:31.953646+00
96603	AP	1000000	(0,0)	2022-10-06 20:14:31.953646+00	2022-10-06 20:14:31.953646+00
96604	AP	1000000	(0,0)	2022-10-06 20:14:31.953646+00	2022-10-06 20:14:31.953646+00
96605	AP	1000000	(0,0)	2022-10-06 20:14:31.953646+00	2022-10-06 20:14:31.953646+00
96606	AP	1000000	(0,0)	2022-10-06 20:14:31.953646+00	2022-10-06 20:14:31.953646+00
96607	AP	1000000	(0,0)	2022-10-06 20:14:31.953646+00	2022-10-06 20:14:31.953646+00
96608	AP	1000000	(0,0)	2022-10-06 20:14:31.953646+00	2022-10-06 20:14:31.953646+00
96609	AP	1000000	(0,0)	2022-10-06 20:14:31.953646+00	2022-10-06 20:14:31.953646+00
96610	AP	1000000	(0,0)	2022-10-06 20:14:31.953646+00	2022-10-06 20:14:31.953646+00
96611	AP	1000000	(0,0)	2022-10-06 20:14:31.953646+00	2022-10-06 20:14:31.953646+00
96612	AP	1000000	(0,0)	2022-10-06 20:14:31.953646+00	2022-10-06 20:14:31.953646+00
96613	AP	1000000	(0,0)	2022-10-06 20:14:31.953646+00	2022-10-06 20:14:31.953646+00
96615	AP	1000000	(0,0)	2022-10-06 20:14:31.953646+00	2022-10-06 20:14:31.953646+00
96616	AP	1000000	(0,0)	2022-10-06 20:14:31.953646+00	2022-10-06 20:14:31.953646+00
96617	AP	1000000	(0,0)	2022-10-06 20:14:31.953646+00	2022-10-06 20:14:31.953646+00
96619	AP	1000000	(0,0)	2022-10-06 20:14:31.953646+00	2022-10-06 20:14:31.953646+00
96620	AP	1000000	(0,0)	2022-10-06 20:14:31.953646+00	2022-10-06 20:14:31.953646+00
96628	AP	1000000	(0,0)	2022-10-06 20:14:31.953646+00	2022-10-06 20:14:31.953646+00
96629	AP	1000000	(0,0)	2022-10-06 20:14:31.953646+00	2022-10-06 20:14:31.953646+00
96632	AP	1000000	(0,0)	2022-10-06 20:14:31.953646+00	2022-10-06 20:14:31.953646+00
96633	AP	1000000	(0,0)	2022-10-06 20:14:31.953646+00	2022-10-06 20:14:31.953646+00
96641	AP	1000000	(0,0)	2022-10-06 20:14:31.953646+00	2022-10-06 20:14:31.953646+00
96642	AP	1000000	(0,0)	2022-10-06 20:14:31.953646+00	2022-10-06 20:14:31.953646+00
96643	AP	1000000	(0,0)	2022-10-06 20:14:31.953646+00	2022-10-06 20:14:31.953646+00
96644	AP	1000000	(0,0)	2022-10-06 20:14:31.953646+00	2022-10-06 20:14:31.953646+00
96645	AP	1000000	(0,0)	2022-10-06 20:14:31.953646+00	2022-10-06 20:14:31.953646+00
96649	AP	1000000	(0,0)	2022-10-06 20:14:31.953646+00	2022-10-06 20:14:31.953646+00
96650	AP	1000000	(0,0)	2022-10-06 20:14:31.953646+00	2022-10-06 20:14:31.953646+00
96657	AP	1000000	(0,0)	2022-10-06 20:14:31.953646+00	2022-10-06 20:14:31.953646+00
96660	AP	1000000	(0,0)	2022-10-06 20:14:31.953646+00	2022-10-06 20:14:31.953646+00
96661	AP	1000000	(0,0)	2022-10-06 20:14:31.953646+00	2022-10-06 20:14:31.953646+00
96662	AP	1000000	(0,0)	2022-10-06 20:14:31.953646+00	2022-10-06 20:14:31.953646+00
96663	AP	1000000	(0,0)	2022-10-06 20:14:31.953646+00	2022-10-06 20:14:31.953646+00
96664	AP	1000000	(0,0)	2022-10-06 20:14:31.953646+00	2022-10-06 20:14:31.953646+00
96665	AP	1000000	(0,0)	2022-10-06 20:14:31.953646+00	2022-10-06 20:14:31.953646+00
96666	AP	1000000	(0,0)	2022-10-06 20:14:31.953646+00	2022-10-06 20:14:31.953646+00
96667	AP	1000000	(0,0)	2022-10-06 20:14:31.953646+00	2022-10-06 20:14:31.953646+00
96668	AP	1000000	(0,0)	2022-10-06 20:14:31.953646+00	2022-10-06 20:14:31.953646+00
96669	AP	1000000	(0,0)	2022-10-06 20:14:31.953646+00	2022-10-06 20:14:31.953646+00
96670	AP	1000000	(0,0)	2022-10-06 20:14:31.953646+00	2022-10-06 20:14:31.953646+00
96671	AP	1000000	(0,0)	2022-10-06 20:14:31.953646+00	2022-10-06 20:14:31.953646+00
96672	AP	1000000	(0,0)	2022-10-06 20:14:31.953646+00	2022-10-06 20:14:31.953646+00
96673	AP	1000000	(0,0)	2022-10-06 20:14:31.953646+00	2022-10-06 20:14:31.953646+00
96674	AP	1000000	(0,0)	2022-10-06 20:14:31.953646+00	2022-10-06 20:14:31.953646+00
96675	AP	1000000	(0,0)	2022-10-06 20:14:31.953646+00	2022-10-06 20:14:31.953646+00
96677	AP	1000000	(0,0)	2022-10-06 20:14:31.953646+00	2022-10-06 20:14:31.953646+00
96678	AP	1000000	(0,0)	2022-10-06 20:14:31.953646+00	2022-10-06 20:14:31.953646+00
96679	AP	1000000	(0,0)	2022-10-06 20:14:31.953646+00	2022-10-06 20:14:31.953646+00
96681	AP	1000000	(0,0)	2022-10-06 20:14:31.953646+00	2022-10-06 20:14:31.953646+00
96682	AP	1000000	(0,0)	2022-10-06 20:14:31.953646+00	2022-10-06 20:14:31.953646+00
96683	AP	1000000	(0,0)	2022-10-06 20:14:31.953646+00	2022-10-06 20:14:31.953646+00
96686	AP	1000000	(0,0)	2022-10-06 20:14:31.953646+00	2022-10-06 20:14:31.953646+00
96691	AP	1000000	(0,0)	2022-10-06 20:14:31.953646+00	2022-10-06 20:14:31.953646+00
96692	AP	1000000	(0,0)	2022-10-06 20:14:31.953646+00	2022-10-06 20:14:31.953646+00
96693	AP	1000000	(0,0)	2022-10-06 20:14:31.953646+00	2022-10-06 20:14:31.953646+00
96694	AP	1000000	(0,0)	2022-10-06 20:14:31.953646+00	2022-10-06 20:14:31.953646+00
96695	AP	1000000	(0,0)	2022-10-06 20:14:31.953646+00	2022-10-06 20:14:31.953646+00
96696	AP	1000000	(0,0)	2022-10-06 20:14:31.953646+00	2022-10-06 20:14:31.953646+00
96698	AP	1000000	(0,0)	2022-10-06 20:14:31.953646+00	2022-10-06 20:14:31.953646+00
601	PR	16001	(18.16,-66.72)	2022-10-06 20:14:31.953646+00	2022-10-06 20:14:31.953646+00
602	PR	19801	(18.38,-67.18)	2022-10-06 20:14:31.953646+00	2022-10-06 20:14:31.953646+00
603	PR	18973	(18.43,-67.15)	2022-10-06 20:14:31.953646+00	2022-10-06 20:14:31.953646+00
604	PR	0	(18.43,-67.15)	2022-10-06 20:14:31.953646+00	2022-10-06 20:14:31.953646+00
605	PR	0	(18.43,-67.15)	2022-10-06 20:14:31.953646+00	2022-10-06 20:14:31.953646+00
606	PR	15298	(18.18,-66.98)	2022-10-06 20:14:31.953646+00	2022-10-06 20:14:31.953646+00
610	PR	23612	(18.28,-67.14)	2022-10-06 20:14:31.953646+00	2022-10-06 20:14:31.953646+00
611	PR	0	(18.28,-66.79)	2022-10-06 20:14:31.953646+00	2022-10-06 20:14:31.953646+00
612	PR	24339	(18.45,-66.73)	2022-10-06 20:14:31.953646+00	2022-10-06 20:14:31.953646+00
613	PR	0	(18.45,-66.73)	2022-10-06 20:14:31.953646+00	2022-10-06 20:14:31.953646+00
614	PR	0	(18.45,-66.73)	2022-10-06 20:14:31.953646+00	2022-10-06 20:14:31.953646+00
616	PR	20805	(18.42,-66.67)	2022-10-06 20:14:31.953646+00	2022-10-06 20:14:31.953646+00
617	PR	19838	(18.45,-66.56)	2022-10-06 20:14:31.953646+00	2022-10-06 20:14:31.953646+00
622	PR	17290	(17.99,-67.15)	2022-10-06 20:14:31.953646+00	2022-10-06 20:14:31.953646+00
623	PR	20448	(18.08,-67.14)	2022-10-06 20:14:31.953646+00	2022-10-06 20:14:31.953646+00
624	PR	19342	(18.06,-66.72)	2022-10-06 20:14:31.953646+00	2022-10-06 20:14:31.953646+00
627	PR	20616	(18.48,-66.84)	2022-10-06 20:14:31.953646+00	2022-10-06 20:14:31.953646+00
631	PR	12188	(18.19,-66.82)	2022-10-06 20:14:31.953646+00	2022-10-06 20:14:31.953646+00
636	PR	0	(18.15,-67.06)	2022-10-06 20:14:31.953646+00	2022-10-06 20:14:31.953646+00
637	PR	22106	(18.08,-66.96)	2022-10-06 20:14:31.953646+00	2022-10-06 20:14:31.953646+00
638	PR	18914	(18.33,-66.47)	2022-10-06 20:14:31.953646+00	2022-10-06 20:14:31.953646+00
641	PR	19972	(18.27,-66.7)	2022-10-06 20:14:31.953646+00	2022-10-06 20:14:31.953646+00
646	PR	37357	(18.47,-66.27)	2022-10-06 20:14:31.953646+00	2022-10-06 20:14:31.953646+00
647	PR	17659	(17.96,-66.94)	2022-10-06 20:14:31.953646+00	2022-10-06 20:14:31.953646+00
650	PR	22310	(18.36,-66.56)	2022-10-06 20:14:31.953646+00	2022-10-06 20:14:31.953646+00
652	PR	24154	(18.45,-66.6)	2022-10-06 20:14:31.953646+00	2022-10-06 20:14:31.953646+00
653	PR	15234	(17.99,-66.89)	2022-10-06 20:14:31.953646+00	2022-10-06 20:14:31.953646+00
656	PR	19699	(18.02,-66.79)	2022-10-06 20:14:31.953646+00	2022-10-06 20:14:31.953646+00
659	PR	23679	(18.48,-66.82)	2022-10-06 20:14:31.953646+00	2022-10-06 20:14:31.953646+00
660	PR	23658	(18.14,-67.12)	2022-10-06 20:14:31.953646+00	2022-10-06 20:14:31.953646+00
662	PR	18840	(18.5,-67.02)	2022-10-06 20:14:31.953646+00	2022-10-06 20:14:31.953646+00
664	PR	17403	(18.22,-66.59)	2022-10-06 20:14:31.953646+00	2022-10-06 20:14:31.953646+00
667	PR	16166	(18.04,-67.06)	2022-10-06 20:14:31.953646+00	2022-10-06 20:14:31.953646+00
669	PR	19540	(18.29,-66.88)	2022-10-06 20:14:31.953646+00	2022-10-06 20:14:31.953646+00
670	PR	17861	(18.27,-67.06)	2022-10-06 20:14:31.953646+00	2022-10-06 20:14:31.953646+00
674	PR	23424	(18.43,-66.48)	2022-10-06 20:14:31.953646+00	2022-10-06 20:14:31.953646+00
676	PR	18630	(18.39,-67.11)	2022-10-06 20:14:31.953646+00	2022-10-06 20:14:31.953646+00
677	PR	29440	(18.34,-67.25)	2022-10-06 20:14:31.953646+00	2022-10-06 20:14:31.953646+00
678	PR	20992	(18.47,-66.93)	2022-10-06 20:14:31.953646+00	2022-10-06 20:14:31.953646+00
680	PR	20674	(18.2,-67.14)	2022-10-06 20:14:31.953646+00	2022-10-06 20:14:31.953646+00
681	PR	0	(18.2,-67.14)	2022-10-06 20:14:31.953646+00	2022-10-06 20:14:31.953646+00
682	PR	20240	(18.22,-67.16)	2022-10-06 20:14:31.953646+00	2022-10-06 20:14:31.953646+00
683	PR	21870	(18.08,-67.04)	2022-10-06 20:14:31.953646+00	2022-10-06 20:14:31.953646+00
685	PR	18690	(18.33,-66.99)	2022-10-06 20:14:31.953646+00	2022-10-06 20:14:31.953646+00
687	PR	22147	(18.32,-66.4)	2022-10-06 20:14:31.953646+00	2022-10-06 20:14:31.953646+00
688	PR	20520	(18.38,-66.62)	2022-10-06 20:14:31.953646+00	2022-10-06 20:14:31.953646+00
690	PR	22042	(18.49,-67.09)	2022-10-06 20:14:31.953646+00	2022-10-06 20:14:31.953646+00
692	PR	23253	(18.41,-66.32)	2022-10-06 20:14:31.953646+00	2022-10-06 20:14:31.953646+00
693	PR	24677	(18.44,-66.39)	2022-10-06 20:14:31.953646+00	2022-10-06 20:14:31.953646+00
694	PR	0	(18.48,-66.39)	2022-10-06 20:14:31.953646+00	2022-10-06 20:14:31.953646+00
698	PR	20794	(18.03,-66.86)	2022-10-06 20:14:31.953646+00	2022-10-06 20:14:31.953646+00
703	PR	21940	(18.25,-66.1)	2022-10-06 20:14:31.953646+00	2022-10-06 20:14:31.953646+00
704	PR	20742	(17.96,-66.22)	2022-10-06 20:14:31.953646+00	2022-10-06 20:14:31.953646+00
705	PR	23627	(18.14,-66.26)	2022-10-06 20:14:31.953646+00	2022-10-06 20:14:31.953646+00
707	PR	23232	(18,-65.9)	2022-10-06 20:14:31.953646+00	2022-10-06 20:14:31.953646+00
714	PR	19524	(17.97,-66.06)	2022-10-06 20:14:31.953646+00	2022-10-06 20:14:31.953646+00
715	PR	13750	(18.01,-66.56)	2022-10-06 20:14:31.953646+00	2022-10-06 20:14:31.953646+00
716	PR	21350	(17.98,-66.6)	2022-10-06 20:14:31.953646+00	2022-10-06 20:14:31.953646+00
717	PR	16926	(18,-66.61)	2022-10-06 20:14:31.953646+00	2022-10-06 20:14:31.953646+00
718	PR	21011	(18.21,-65.73)	2022-10-06 20:14:31.953646+00	2022-10-06 20:14:31.953646+00
719	PR	23625	(18.3,-66.24)	2022-10-06 20:14:31.953646+00	2022-10-06 20:14:31.953646+00
720	PR	16709	(18.22,-66.39)	2022-10-06 20:14:31.953646+00	2022-10-06 20:14:31.953646+00
721	PR	0	(18.37,-65.77)	2022-10-06 20:14:31.953646+00	2022-10-06 20:14:31.953646+00
723	PR	19915	(18,-66.01)	2022-10-06 20:14:31.953646+00	2022-10-06 20:14:31.953646+00
725	PR	26273	(18.23,-66.03)	2022-10-06 20:14:31.953646+00	2022-10-06 20:14:31.953646+00
726	PR	0	(18.23,-66.03)	2022-10-06 20:14:31.953646+00	2022-10-06 20:14:31.953646+00
727	PR	37017	(18.22,-66.07)	2022-10-06 20:14:31.953646+00	2022-10-06 20:14:31.953646+00
728	PR	22100	(17.99,-66.66)	2022-10-06 20:14:31.953646+00	2022-10-06 20:14:31.953646+00
729	PR	26701	(18.37,-65.9)	2022-10-06 20:14:31.953646+00	2022-10-06 20:14:31.953646+00
730	PR	19328	(18.03,-66.62)	2022-10-06 20:14:31.953646+00	2022-10-06 20:14:31.953646+00
731	PR	19853	(18.11,-66.63)	2022-10-06 20:14:31.953646+00	2022-10-06 20:14:31.953646+00
732	PR	0	(17.98,-66.6)	2022-10-06 20:14:31.953646+00	2022-10-06 20:14:31.953646+00
733	PR	0	(17.98,-66.6)	2022-10-06 20:14:31.953646+00	2022-10-06 20:14:31.953646+00
734	PR	0	(17.98,-66.6)	2022-10-06 20:14:31.953646+00	2022-10-06 20:14:31.953646+00
735	PR	22403	(18.25,-65.68)	2022-10-06 20:14:31.953646+00	2022-10-06 20:14:31.953646+00
736	PR	25507	(18.11,-66.16)	2022-10-06 20:14:31.953646+00	2022-10-06 20:14:31.953646+00
737	PR	0	(18.11,-66.16)	2022-10-06 20:14:31.953646+00	2022-10-06 20:14:31.953646+00
738	PR	24045	(18.33,-65.65)	2022-10-06 20:14:31.953646+00	2022-10-06 20:14:31.953646+00
739	PR	22474	(18.17,-66.15)	2022-10-06 20:14:31.953646+00	2022-10-06 20:14:31.953646+00
740	PR	15061	(18.33,-65.63)	2022-10-06 20:14:31.953646+00	2022-10-06 20:14:31.953646+00
741	PR	25750	(18.16,-65.75)	2022-10-06 20:14:31.953646+00	2022-10-06 20:14:31.953646+00
742	PR	0	(18.27,-65.65)	2022-10-06 20:14:31.953646+00	2022-10-06 20:14:31.953646+00
744	PR	0	(18.22,-65.79)	2022-10-06 20:14:31.953646+00	2022-10-06 20:14:31.953646+00
745	PR	27260	(18.38,-65.83)	2022-10-06 20:14:31.953646+00	2022-10-06 20:14:31.953646+00
751	PR	21315	(17.97,-66.29)	2022-10-06 20:14:31.953646+00	2022-10-06 20:14:31.953646+00
754	PR	23476	(18.19,-65.96)	2022-10-06 20:14:31.953646+00	2022-10-06 20:14:31.953646+00
757	PR	23965	(17.97,-66.4)	2022-10-06 20:14:31.953646+00	2022-10-06 20:14:31.953646+00
765	PR	22301	(18.13,-65.44)	2022-10-06 20:14:31.953646+00	2022-10-06 20:14:31.953646+00
766	PR	23195	(18.13,-66.48)	2022-10-06 20:14:31.953646+00	2022-10-06 20:14:31.953646+00
767	PR	20785	(18.04,-65.87)	2022-10-06 20:14:31.953646+00	2022-10-06 20:14:31.953646+00
769	PR	24221	(18.08,-66.36)	2022-10-06 20:14:31.953646+00	2022-10-06 20:14:31.953646+00
771	PR	25175	(18.18,-65.86)	2022-10-06 20:14:31.953646+00	2022-10-06 20:14:31.953646+00
772	PR	20101	(18.43,-65.88)	2022-10-06 20:14:31.953646+00	2022-10-06 20:14:31.953646+00
773	PR	25135	(18.37,-65.71)	2022-10-06 20:14:31.953646+00	2022-10-06 20:14:31.953646+00
775	PR	33625	(18.33,-65.3)	2022-10-06 20:14:31.953646+00	2022-10-06 20:14:31.953646+00
777	PR	21426	(18.22,-65.91)	2022-10-06 20:14:31.953646+00	2022-10-06 20:14:31.953646+00
778	PR	39044	(18.25,-65.97)	2022-10-06 20:14:31.953646+00	2022-10-06 20:14:31.953646+00
780	PR	23592	(18.09,-66.57)	2022-10-06 20:14:31.953646+00	2022-10-06 20:14:31.953646+00
782	PR	16700	(18.22,-66.22)	2022-10-06 20:14:31.953646+00	2022-10-06 20:14:31.953646+00
783	PR	17808	(18.34,-66.31)	2022-10-06 20:14:31.953646+00	2022-10-06 20:14:31.953646+00
784	PR	21116	(17.97,-66.11)	2022-10-06 20:14:31.953646+00	2022-10-06 20:14:31.953646+00
785	PR	0	(17.97,-66.11)	2022-10-06 20:14:31.953646+00	2022-10-06 20:14:31.953646+00
786	PR	37552	(18.16,-66.23)	2022-10-06 20:14:31.953646+00	2022-10-06 20:14:31.953646+00
791	PR	25582	(18.15,-65.81)	2022-10-06 20:14:31.953646+00	2022-10-06 20:14:31.953646+00
792	PR	0	(18.15,-65.81)	2022-10-06 20:14:31.953646+00	2022-10-06 20:14:31.953646+00
794	PR	19682	(18.18,-66.3)	2022-10-06 20:14:31.953646+00	2022-10-06 20:14:31.953646+00
795	PR	23528	(18.05,-66.5)	2022-10-06 20:14:31.953646+00	2022-10-06 20:14:31.953646+00
801	VI	0	(18.35,-64.93)	2022-10-06 20:14:31.953646+00	2022-10-06 20:14:31.953646+00
802	VI	0	(18.35,-64.93)	2022-10-06 20:14:31.953646+00	2022-10-06 20:14:31.953646+00
803	VI	0	(18.35,-64.93)	2022-10-06 20:14:31.953646+00	2022-10-06 20:14:31.953646+00
804	VI	0	(18.35,-64.93)	2022-10-06 20:14:31.953646+00	2022-10-06 20:14:31.953646+00
805	VI	0	(18.34,-64.93)	2022-10-06 20:14:31.953646+00	2022-10-06 20:14:31.953646+00
820	VI	0	(17.74,-64.7)	2022-10-06 20:14:31.953646+00	2022-10-06 20:14:31.953646+00
821	VI	0	(17.74,-64.7)	2022-10-06 20:14:31.953646+00	2022-10-06 20:14:31.953646+00
822	VI	0	(17.74,-64.7)	2022-10-06 20:14:31.953646+00	2022-10-06 20:14:31.953646+00
823	VI	0	(17.74,-64.7)	2022-10-06 20:14:31.953646+00	2022-10-06 20:14:31.953646+00
824	VI	0	(17.74,-64.7)	2022-10-06 20:14:31.953646+00	2022-10-06 20:14:31.953646+00
830	VI	0	(18.33,-64.79)	2022-10-06 20:14:31.953646+00	2022-10-06 20:14:31.953646+00
831	VI	0	(18.33,-64.79)	2022-10-06 20:14:31.953646+00	2022-10-06 20:14:31.953646+00
840	VI	0	(17.71,-64.88)	2022-10-06 20:14:31.953646+00	2022-10-06 20:14:31.953646+00
841	VI	0	(17.71,-64.88)	2022-10-06 20:14:31.953646+00	2022-10-06 20:14:31.953646+00
850	VI	0	(17.76,-64.82)	2022-10-06 20:14:31.953646+00	2022-10-06 20:14:31.953646+00
851	VI	0	(17.73,-64.8)	2022-10-06 20:14:31.953646+00	2022-10-06 20:14:31.953646+00
901	PR	40839	(18.47,-66.1)	2022-10-06 20:14:31.953646+00	2022-10-06 20:14:31.953646+00
902	PR	0	(18.4,-66.06)	2022-10-06 20:14:31.953646+00	2022-10-06 20:14:31.953646+00
906	PR	0	(18.46,-66.09)	2022-10-06 20:14:31.953646+00	2022-10-06 20:14:31.953646+00
907	PR	54813	(18.45,-66.08)	2022-10-06 20:14:31.953646+00	2022-10-06 20:14:31.953646+00
908	PR	0	(18.4,-66.06)	2022-10-06 20:14:31.953646+00	2022-10-06 20:14:31.953646+00
909	PR	24201	(18.44,-66.07)	2022-10-06 20:14:31.953646+00	2022-10-06 20:14:31.953646+00
910	PR	0	(18.4,-66.06)	2022-10-06 20:14:31.953646+00	2022-10-06 20:14:31.953646+00
911	PR	52912	(18.45,-66.06)	2022-10-06 20:14:31.953646+00	2022-10-06 20:14:31.953646+00
912	PR	28107	(18.45,-66.06)	2022-10-06 20:14:31.953646+00	2022-10-06 20:14:31.953646+00
913	PR	4506	(18.45,-66.04)	2022-10-06 20:14:31.953646+00	2022-10-06 20:14:31.953646+00
914	PR	0	(18.4,-66.06)	2022-10-06 20:14:31.953646+00	2022-10-06 20:14:31.953646+00
915	PR	15508	(18.44,-66.05)	2022-10-06 20:14:31.953646+00	2022-10-06 20:14:31.953646+00
916	PR	0	(18.4,-66.06)	2022-10-06 20:14:31.953646+00	2022-10-06 20:14:31.953646+00
917	PR	21911	(18.42,-66.05)	2022-10-06 20:14:31.953646+00	2022-10-06 20:14:31.953646+00
918	PR	43022	(18.42,-66.07)	2022-10-06 20:14:31.953646+00	2022-10-06 20:14:31.953646+00
919	PR	0	(18.4,-66.06)	2022-10-06 20:14:31.953646+00	2022-10-06 20:14:31.953646+00
920	PR	33612	(18.41,-66.09)	2022-10-06 20:14:31.953646+00	2022-10-06 20:14:31.953646+00
921	PR	23803	(18.39,-66.09)	2022-10-06 20:14:31.953646+00	2022-10-06 20:14:31.953646+00
922	PR	0	(18.4,-66.06)	2022-10-06 20:14:31.953646+00	2022-10-06 20:14:31.953646+00
923	PR	18466	(18.41,-66.04)	2022-10-06 20:14:31.953646+00	2022-10-06 20:14:31.953646+00
924	PR	20848	(18.4,-66.01)	2022-10-06 20:14:31.953646+00	2022-10-06 20:14:31.953646+00
925	PR	17024	(18.4,-66.05)	2022-10-06 20:14:31.953646+00	2022-10-06 20:14:31.953646+00
926	PR	45197	(18.35,-66.05)	2022-10-06 20:14:31.953646+00	2022-10-06 20:14:31.953646+00
927	PR	51667	(18.4,-66.06)	2022-10-06 20:14:31.953646+00	2022-10-06 20:14:31.953646+00
928	PR	0	(18.4,-66.06)	2022-10-06 20:14:31.953646+00	2022-10-06 20:14:31.953646+00
929	PR	0	(18.4,-66.06)	2022-10-06 20:14:31.953646+00	2022-10-06 20:14:31.953646+00
930	PR	0	(18.4,-66.06)	2022-10-06 20:14:31.953646+00	2022-10-06 20:14:31.953646+00
931	PR	0	(18.4,-66.06)	2022-10-06 20:14:31.953646+00	2022-10-06 20:14:31.953646+00
933	PR	0	(18.4,-66.06)	2022-10-06 20:14:31.953646+00	2022-10-06 20:14:31.953646+00
934	PR	0	(18.41,-66.12)	2022-10-06 20:14:31.953646+00	2022-10-06 20:14:31.953646+00
935	PR	0	(18.4,-66.06)	2022-10-06 20:14:31.953646+00	2022-10-06 20:14:31.953646+00
936	PR	0	(18.4,-66.07)	2022-10-06 20:14:31.953646+00	2022-10-06 20:14:31.953646+00
937	PR	0	(18.4,-66.06)	2022-10-06 20:14:31.953646+00	2022-10-06 20:14:31.953646+00
939	PR	0	(18.4,-66.06)	2022-10-06 20:14:31.953646+00	2022-10-06 20:14:31.953646+00
940	PR	0	(18.4,-66.06)	2022-10-06 20:14:31.953646+00	2022-10-06 20:14:31.953646+00
949	PR	32175	(18.44,-66.25)	2022-10-06 20:14:31.953646+00	2022-10-06 20:14:31.953646+00
950	PR	0	(18.46,-66.23)	2022-10-06 20:14:31.953646+00	2022-10-06 20:14:31.953646+00
951	PR	0	(18.43,-66.25)	2022-10-06 20:14:31.953646+00	2022-10-06 20:14:31.953646+00
952	PR	18679	(18.42,-66.19)	2022-10-06 20:14:31.953646+00	2022-10-06 20:14:31.953646+00
953	PR	34545	(18.39,-66.25)	2022-10-06 20:14:31.953646+00	2022-10-06 20:14:31.953646+00
954	PR	0	(18.39,-66.25)	2022-10-06 20:14:31.953646+00	2022-10-06 20:14:31.953646+00
955	PR	0	(18.4,-66.06)	2022-10-06 20:14:31.953646+00	2022-10-06 20:14:31.953646+00
956	PR	27862	(18.32,-66.17)	2022-10-06 20:14:31.953646+00	2022-10-06 20:14:31.953646+00
957	PR	30522	(18.37,-66.19)	2022-10-06 20:14:31.953646+00	2022-10-06 20:14:31.953646+00
958	PR	0	(18.28,-66.13)	2022-10-06 20:14:31.953646+00	2022-10-06 20:14:31.953646+00
959	PR	36643	(18.39,-66.15)	2022-10-06 20:14:31.953646+00	2022-10-06 20:14:31.953646+00
960	PR	0	(18.42,-66.15)	2022-10-06 20:14:31.953646+00	2022-10-06 20:14:31.953646+00
961	PR	36292	(18.41,-66.17)	2022-10-06 20:14:31.953646+00	2022-10-06 20:14:31.953646+00
962	PR	18520	(18.44,-66.15)	2022-10-06 20:14:31.953646+00	2022-10-06 20:14:31.953646+00
963	PR	0	(18.43,-66.11)	2022-10-06 20:14:31.953646+00	2022-10-06 20:14:31.953646+00
965	PR	19460	(18.43,-66.11)	2022-10-06 20:14:31.953646+00	2022-10-06 20:14:31.953646+00
966	PR	65114	(18.4,-66.12)	2022-10-06 20:14:31.953646+00	2022-10-06 20:14:31.953646+00
968	PR	88869	(18.41,-66.1)	2022-10-06 20:14:31.953646+00	2022-10-06 20:14:31.953646+00
969	PR	58539	(18.38,-66.11)	2022-10-06 20:14:31.953646+00	2022-10-06 20:14:31.953646+00
970	PR	0	(18.38,-66.11)	2022-10-06 20:14:31.953646+00	2022-10-06 20:14:31.953646+00
971	PR	29418	(18.32,-66.12)	2022-10-06 20:14:31.953646+00	2022-10-06 20:14:31.953646+00
975	PR	0	(18.4,-66.06)	2022-10-06 20:14:31.953646+00	2022-10-06 20:14:31.953646+00
976	PR	39346	(18.36,-66.01)	2022-10-06 20:14:31.953646+00	2022-10-06 20:14:31.953646+00
977	PR	0	(18.36,-66.01)	2022-10-06 20:14:31.953646+00	2022-10-06 20:14:31.953646+00
978	PR	0	(18.37,-66.01)	2022-10-06 20:14:31.953646+00	2022-10-06 20:14:31.953646+00
979	PR	47639	(18.44,-66.03)	2022-10-06 20:14:31.953646+00	2022-10-06 20:14:31.953646+00
981	PR	0	(18.4,-65.98)	2022-10-06 20:14:31.953646+00	2022-10-06 20:14:31.953646+00
982	PR	28143	(18.41,-65.99)	2022-10-06 20:14:31.953646+00	2022-10-06 20:14:31.953646+00
983	PR	30010	(18.4,-65.98)	2022-10-06 20:14:31.953646+00	2022-10-06 20:14:31.953646+00
984	PR	0	(18.4,-65.98)	2022-10-06 20:14:31.953646+00	2022-10-06 20:14:31.953646+00
985	PR	31349	(18.41,-65.95)	2022-10-06 20:14:31.953646+00	2022-10-06 20:14:31.953646+00
986	PR	0	(18.4,-65.98)	2022-10-06 20:14:31.953646+00	2022-10-06 20:14:31.953646+00
987	PR	37438	(18.34,-65.94)	2022-10-06 20:14:31.953646+00	2022-10-06 20:14:31.953646+00
988	PR	0	(18.4,-65.98)	2022-10-06 20:14:31.953646+00	2022-10-06 20:14:31.953646+00
96799	AS	0	(-14.27,-170.7)	2022-10-06 20:14:31.953646+00	2022-10-06 20:14:31.953646+00
96910	GU	0	(13.47,144.74)	2022-10-06 20:14:31.953646+00	2022-10-06 20:14:31.953646+00
96912	GU	0	(13.51,144.83)	2022-10-06 20:14:31.953646+00	2022-10-06 20:14:31.953646+00
96913	GU	0	(13.46,144.79)	2022-10-06 20:14:31.953646+00	2022-10-06 20:14:31.953646+00
96915	GU	0	(13.38,144.66)	2022-10-06 20:14:31.953646+00	2022-10-06 20:14:31.953646+00
96916	GU	0	(13.26,144.66)	2022-10-06 20:14:31.953646+00	2022-10-06 20:14:31.953646+00
96917	GU	0	(13.27,144.74)	2022-10-06 20:14:31.953646+00	2022-10-06 20:14:31.953646+00
96919	GU	0	(13.46,144.74)	2022-10-06 20:14:31.953646+00	2022-10-06 20:14:31.953646+00
96921	GU	0	(13.46,144.79)	2022-10-06 20:14:31.953646+00	2022-10-06 20:14:31.953646+00
96923	GU	0	(13.43,144.79)	2022-10-06 20:14:31.953646+00	2022-10-06 20:14:31.953646+00
96928	GU	0	(13.38,144.65)	2022-10-06 20:14:31.953646+00	2022-10-06 20:14:31.953646+00
96929	GU	0	(13.53,144.88)	2022-10-06 20:14:31.953646+00	2022-10-06 20:14:31.953646+00
96931	GU	0	(13.48,144.77)	2022-10-06 20:14:31.953646+00	2022-10-06 20:14:31.953646+00
96932	GU	0	(13.47,144.74)	2022-10-06 20:14:31.953646+00	2022-10-06 20:14:31.953646+00
96939	PW	0	(7.51,134.58)	2022-10-06 20:14:31.953646+00	2022-10-06 20:14:31.953646+00
96940	PW	0	(7.5,134.5)	2022-10-06 20:14:31.953646+00	2022-10-06 20:14:31.953646+00
96941	FM	0	(6.85,158.26)	2022-10-06 20:14:31.953646+00	2022-10-06 20:14:31.953646+00
96942	FM	0	(7.33,151.8)	2022-10-06 20:14:31.953646+00	2022-10-06 20:14:31.953646+00
96943	FM	0	(9.5,138.14)	2022-10-06 20:14:31.953646+00	2022-10-06 20:14:31.953646+00
96944	FM	0	(5.29,162.97)	2022-10-06 20:14:31.953646+00	2022-10-06 20:14:31.953646+00
96950	MP	0	(15.17,145.75)	2022-10-06 20:14:31.953646+00	2022-10-06 20:14:31.953646+00
96951	MP	0	(14.15,145.21)	2022-10-06 20:14:31.953646+00	2022-10-06 20:14:31.953646+00
96952	MP	0	(15,145.63)	2022-10-06 20:14:31.953646+00	2022-10-06 20:14:31.953646+00
96960	MH	0	(7.11,171.18)	2022-10-06 20:14:31.953646+00	2022-10-06 20:14:31.953646+00
96970	MH	0	(8.78,167.73)	2022-10-06 20:14:31.953646+00	2022-10-06 20:14:31.953646+00
\.


--
-- Data for Name: schools; Type: TABLE DATA; Schema: upchieve; Owner: admin
--

COPY upchieve.schools (id, name, approved, partner, city_id, created_at, updated_at, mongo_id, legacy_city_name) FROM stdin;
0183aeef-8193-1c99-2005-e5e4f8c05500	Unapproved School	f	f	1	2022-10-06 20:14:35.429071+00	2022-10-06 20:14:35.429071+00	\N	\N
0183aeef-8193-05ab-6c9c-33aafbc8befb	Approved School	t	f	1	2022-10-06 20:14:35.431916+00	2022-10-06 20:14:35.431916+00	\N	\N
0183aeef-8193-65ab-06a9-8732fc391e14	Approved Partner School	t	t	2	2022-10-06 20:14:35.433531+00	2022-10-06 20:14:35.433531+00	\N	\N
0183aeef-8193-47f7-7e3d-0c6687b3faec	Another Approved Partner School	t	t	2	2022-10-06 20:14:35.435213+00	2022-10-06 20:14:35.435213+00	\N	\N
\.


--
-- Data for Name: ineligible_students; Type: TABLE DATA; Schema: upchieve; Owner: admin
--

COPY upchieve.ineligible_students (id, email, postal_code, ip_address_id, school_id, grade_level_id, created_at, updated_at, mongo_id, referred_by) FROM stdin;
\.


--
-- Data for Name: legacy_availability_histories; Type: TABLE DATA; Schema: upchieve; Owner: admin
--

COPY upchieve.legacy_availability_histories (id, mongo_id, user_id, timezone, recorded_at, legacy_availability, created_at, updated_at) FROM stdin;
\.


--
-- Data for Name: notification_methods; Type: TABLE DATA; Schema: upchieve; Owner: admin
--

COPY upchieve.notification_methods (id, method, created_at, updated_at) FROM stdin;
1	sms	2022-10-06 20:14:31.757337+00	2022-10-06 20:14:31.757337+00
2	push	2022-10-06 20:14:31.759607+00	2022-10-06 20:14:31.759607+00
3	voice	2022-10-06 20:14:31.761272+00	2022-10-06 20:14:31.761272+00
4	email	2022-10-06 20:14:31.762828+00	2022-10-06 20:14:31.762828+00
\.


--
-- Data for Name: notification_priority_groups; Type: TABLE DATA; Schema: upchieve; Owner: admin
--

COPY upchieve.notification_priority_groups (id, name, priority, created_at, updated_at) FROM stdin;
1	follow-up	-1	2022-10-06 20:14:31.764664+00	2022-10-06 20:14:31.764664+00
11	LEGACY: Regular volunteers - not notified in the last 7 days	-1	2022-10-06 20:14:31.783611+00	2022-10-06 20:14:31.783611+00
12	LEGACY: Partner volunteers - not notified in the last 7 days	-1	2022-10-06 20:14:31.785653+00	2022-10-06 20:14:31.785653+00
13	LEGACY: Partner volunteers - not notified in the last 3 days	-1	2022-10-06 20:14:31.787682+00	2022-10-06 20:14:31.787682+00
14	LEGACY: All volunteers - not notified in the last 15 mins who don't have "high level subjects"	-1	2022-10-06 20:14:31.789663+00	2022-10-06 20:14:31.789663+00
15	LEGACY: Mizuho and Atlassian volunteers - Not notified in last 3 days	-1	2022-10-06 20:14:31.791713+00	2022-10-06 20:14:31.791713+00
16	LEGACY: null	-1	2022-10-06 20:14:31.793414+00	2022-10-06 20:14:31.793414+00
2	Partner volunteers - not notified in the last 3 days AND they don't have "high level subjects"	20	2022-10-06 20:14:31.766697+00	2022-10-06 20:14:31.926424+00
3	Regular volunteers - not notified in the last 3 days AND they don't have "high level subjects"	30	2022-10-06 20:14:31.768714+00	2022-10-06 20:14:31.926424+00
4	Partner volunteers - not notified in the last 24 hours AND they don't have "high level subjects"	40	2022-10-06 20:14:31.771002+00	2022-10-06 20:14:31.926424+00
5	Regular volunteers - not notified in the last 24 hours AND they don't have "high level subjects"	50	2022-10-06 20:14:31.773022+00	2022-10-06 20:14:31.926424+00
6	All volunteers - not notified in the last 24 hours	60	2022-10-06 20:14:31.774703+00	2022-10-06 20:14:31.926424+00
7	All volunteers - not notified in the last 60 mins	70	2022-10-06 20:14:31.776304+00	2022-10-06 20:14:31.926424+00
8	All volunteers - not notified in the last 15 mins	80	2022-10-06 20:14:31.777923+00	2022-10-06 20:14:31.926424+00
9	Verizon volunteers - not notified in the last 24 hours AND they don't have "high level subjects"	90	2022-10-06 20:14:31.779558+00	2022-10-06 20:14:31.926424+00
10	Verizon volunteers - not notified in the last 3 days AND they don't have "high level subjects"	100	2022-10-06 20:14:31.781707+00	2022-10-06 20:14:31.926424+00
17	Favorite volunteers - not notified in the last 15 mins	10	2022-10-06 20:14:31.926424+00	2022-10-06 20:14:31.926424+00
18	Associated partner volunteers - not notified in the last 24 hours AND they don't have "high level subjects"	85	2022-10-06 20:14:31.995203+00	2022-10-06 20:14:31.995203+00
19	Associated partner volunteers - not notified in the last 3 days AND they don't have "high level subjects"	95	2022-10-06 20:14:31.995203+00	2022-10-06 20:14:31.995203+00
\.


--
-- Data for Name: notification_types; Type: TABLE DATA; Schema: upchieve; Owner: admin
--

COPY upchieve.notification_types (id, type, created_at, updated_at) FROM stdin;
1	initial	2022-10-06 20:14:31.75332+00	2022-10-06 20:14:31.75332+00
2	followup	2022-10-06 20:14:31.755389+00	2022-10-06 20:14:31.755389+00
\.


--
-- Data for Name: notifications; Type: TABLE DATA; Schema: upchieve; Owner: admin
--

COPY upchieve.notifications (id, user_id, sent_at, type_id, method_id, priority_group_id, successful, session_id, message_carrier_id, created_at, updated_at, mongo_id) FROM stdin;
\.


--
-- Data for Name: photo_id_statuses; Type: TABLE DATA; Schema: upchieve; Owner: admin
--

COPY upchieve.photo_id_statuses (id, name, created_at, updated_at) FROM stdin;
1	approved	2022-10-06 20:14:30.681397+00	2022-10-06 20:14:30.681397+00
2	submitted	2022-10-06 20:14:30.683444+00	2022-10-06 20:14:30.683444+00
3	rejected	2022-10-06 20:14:30.685004+00	2022-10-06 20:14:30.685004+00
4	empty	2022-10-06 20:14:30.686657+00	2022-10-06 20:14:30.686657+00
\.


--
-- Data for Name: pre_session_surveys; Type: TABLE DATA; Schema: upchieve; Owner: admin
--

COPY upchieve.pre_session_surveys (id, response_data, session_id, user_id, created_at, updated_at, mongo_id) FROM stdin;
\.


--
-- Data for Name: push_tokens; Type: TABLE DATA; Schema: upchieve; Owner: admin
--

COPY upchieve.push_tokens (id, user_id, token, created_at, updated_at) FROM stdin;
\.


--
-- Data for Name: question_tags; Type: TABLE DATA; Schema: upchieve; Owner: admin
--

COPY upchieve.question_tags (id, name, created_at, updated_at) FROM stdin;
\.


--
-- Data for Name: question_types; Type: TABLE DATA; Schema: upchieve; Owner: admin
--

COPY upchieve.question_types (id, name, created_at, updated_at) FROM stdin;
1	multiple choice	2022-10-06 20:14:32.0054+00	2022-10-06 20:14:32.0054+00
2	check box	2022-10-06 20:14:32.0054+00	2022-10-06 20:14:32.0054+00
3	free response	2022-10-06 20:14:32.0054+00	2022-10-06 20:14:32.0054+00
\.


--
-- Data for Name: quizzes; Type: TABLE DATA; Schema: upchieve; Owner: admin
--

COPY upchieve.quizzes (id, name, created_at, updated_at) FROM stdin;
1	prealgebra	2022-10-06 20:14:30.762492+00	2022-10-06 20:14:30.762492+00
2	statistics	2022-10-06 20:14:30.764338+00	2022-10-06 20:14:30.764338+00
3	geometry	2022-10-06 20:14:30.766451+00	2022-10-06 20:14:30.766451+00
4	biology	2022-10-06 20:14:30.768366+00	2022-10-06 20:14:30.768366+00
5	chemistry	2022-10-06 20:14:30.770311+00	2022-10-06 20:14:30.770311+00
6	physicsOne	2022-10-06 20:14:30.771832+00	2022-10-06 20:14:30.771832+00
7	physicsTwo	2022-10-06 20:14:30.774052+00	2022-10-06 20:14:30.774052+00
8	environmentalScience	2022-10-06 20:14:30.775727+00	2022-10-06 20:14:30.775727+00
9	essays	2022-10-06 20:14:30.777635+00	2022-10-06 20:14:30.777635+00
10	applications	2022-10-06 20:14:30.779446+00	2022-10-06 20:14:30.779446+00
11	planning	2022-10-06 20:14:30.781379+00	2022-10-06 20:14:30.781379+00
12	satMath	2022-10-06 20:14:30.783326+00	2022-10-06 20:14:30.783326+00
13	satReading	2022-10-06 20:14:30.78536+00	2022-10-06 20:14:30.78536+00
14	collegeCounseling	2022-10-06 20:14:30.787379+00	2022-10-06 20:14:30.787379+00
15	humanitiesEssays	2022-10-06 20:14:30.78928+00	2022-10-06 20:14:30.78928+00
16	algebraOne	2022-10-06 20:14:30.790771+00	2022-10-06 20:14:30.790771+00
17	algebraTwo	2022-10-06 20:14:30.792331+00	2022-10-06 20:14:30.792331+00
18	trigonometry	2022-10-06 20:14:30.793897+00	2022-10-06 20:14:30.793897+00
19	precalculus	2022-10-06 20:14:30.795391+00	2022-10-06 20:14:30.795391+00
20	calculusAB	2022-10-06 20:14:30.796945+00	2022-10-06 20:14:30.796945+00
21	calculusBC	2022-10-06 20:14:30.798817+00	2022-10-06 20:14:30.798817+00
22	upchieve101	2022-10-06 20:14:30.800433+00	2022-10-06 20:14:30.800433+00
23	reading	2022-10-06 20:14:30.802318+00	2022-10-06 20:14:30.802318+00
24	anatomy	2022-10-06 20:14:30.804027+00	2022-10-06 20:14:30.804027+00
25	usHistory	2022-10-06 20:14:32.046812+00	2022-10-06 20:14:32.046812+00
\.


--
-- Data for Name: quiz_certification_grants; Type: TABLE DATA; Schema: upchieve; Owner: admin
--

COPY upchieve.quiz_certification_grants (quiz_id, certification_id, created_at, updated_at) FROM stdin;
1	1	2022-10-06 20:14:31.589753+00	2022-10-06 20:14:31.589753+00
2	2	2022-10-06 20:14:31.59217+00	2022-10-06 20:14:31.59217+00
3	3	2022-10-06 20:14:31.593891+00	2022-10-06 20:14:31.593891+00
4	4	2022-10-06 20:14:31.595697+00	2022-10-06 20:14:31.595697+00
5	5	2022-10-06 20:14:31.597317+00	2022-10-06 20:14:31.597317+00
6	6	2022-10-06 20:14:31.599464+00	2022-10-06 20:14:31.599464+00
7	7	2022-10-06 20:14:31.602069+00	2022-10-06 20:14:31.602069+00
8	8	2022-10-06 20:14:31.604023+00	2022-10-06 20:14:31.604023+00
9	9	2022-10-06 20:14:31.605622+00	2022-10-06 20:14:31.605622+00
10	10	2022-10-06 20:14:31.60717+00	2022-10-06 20:14:31.60717+00
11	11	2022-10-06 20:14:31.608824+00	2022-10-06 20:14:31.608824+00
12	12	2022-10-06 20:14:31.610715+00	2022-10-06 20:14:31.610715+00
13	13	2022-10-06 20:14:31.612684+00	2022-10-06 20:14:31.612684+00
14	11	2022-10-06 20:14:31.614563+00	2022-10-06 20:14:31.614563+00
14	10	2022-10-06 20:14:31.616502+00	2022-10-06 20:14:31.616502+00
15	15	2022-10-06 20:14:31.618537+00	2022-10-06 20:14:31.618537+00
17	16	2022-10-06 20:14:31.620314+00	2022-10-06 20:14:31.620314+00
17	17	2022-10-06 20:14:31.621959+00	2022-10-06 20:14:31.621959+00
17	1	2022-10-06 20:14:31.623859+00	2022-10-06 20:14:31.623859+00
16	16	2022-10-06 20:14:31.625808+00	2022-10-06 20:14:31.625808+00
16	1	2022-10-06 20:14:31.627689+00	2022-10-06 20:14:31.627689+00
18	18	2022-10-06 20:14:31.629322+00	2022-10-06 20:14:31.629322+00
19	16	2022-10-06 20:14:31.630964+00	2022-10-06 20:14:31.630964+00
19	17	2022-10-06 20:14:31.632919+00	2022-10-06 20:14:31.632919+00
19	1	2022-10-06 20:14:31.634636+00	2022-10-06 20:14:31.634636+00
19	18	2022-10-06 20:14:31.636442+00	2022-10-06 20:14:31.636442+00
19	19	2022-10-06 20:14:31.637934+00	2022-10-06 20:14:31.637934+00
20	16	2022-10-06 20:14:31.639351+00	2022-10-06 20:14:31.639351+00
20	17	2022-10-06 20:14:31.640806+00	2022-10-06 20:14:31.640806+00
20	1	2022-10-06 20:14:31.642102+00	2022-10-06 20:14:31.642102+00
20	18	2022-10-06 20:14:31.643425+00	2022-10-06 20:14:31.643425+00
20	19	2022-10-06 20:14:31.645101+00	2022-10-06 20:14:31.645101+00
20	20	2022-10-06 20:14:31.646978+00	2022-10-06 20:14:31.646978+00
21	16	2022-10-06 20:14:31.648627+00	2022-10-06 20:14:31.648627+00
21	17	2022-10-06 20:14:31.650365+00	2022-10-06 20:14:31.650365+00
21	1	2022-10-06 20:14:31.652138+00	2022-10-06 20:14:31.652138+00
21	18	2022-10-06 20:14:31.653775+00	2022-10-06 20:14:31.653775+00
21	19	2022-10-06 20:14:31.655274+00	2022-10-06 20:14:31.655274+00
21	20	2022-10-06 20:14:31.657074+00	2022-10-06 20:14:31.657074+00
21	21	2022-10-06 20:14:31.65867+00	2022-10-06 20:14:31.65867+00
23	22	2022-10-06 20:14:31.94086+00	2022-10-06 20:14:31.94086+00
25	23	2022-10-06 20:14:32.046812+00	2022-10-06 20:14:32.046812+00
\.


--
-- Data for Name: quiz_subcategories; Type: TABLE DATA; Schema: upchieve; Owner: admin
--

COPY upchieve.quiz_subcategories (id, name, quiz_id, created_at, updated_at) FROM stdin;
1	numbers	1	2022-10-06 20:14:30.80798+00	2022-10-06 20:14:30.80798+00
2	arithmetic properties	1	2022-10-06 20:14:30.809979+00	2022-10-06 20:14:30.809979+00
3	exponents	1	2022-10-06 20:14:30.812364+00	2022-10-06 20:14:30.812364+00
4	exponents and radicals	1	2022-10-06 20:14:30.815256+00	2022-10-06 20:14:30.815256+00
5	polynomials	1	2022-10-06 20:14:30.81736+00	2022-10-06 20:14:30.81736+00
6	fractions	1	2022-10-06 20:14:30.819381+00	2022-10-06 20:14:30.819381+00
7	linear equations	16	2022-10-06 20:14:30.821106+00	2022-10-06 20:14:30.821106+00
8	rational exponents and radicals	16	2022-10-06 20:14:30.822834+00	2022-10-06 20:14:30.822834+00
9	application of linear equations	16	2022-10-06 20:14:30.824441+00	2022-10-06 20:14:30.824441+00
10	two variable equations	16	2022-10-06 20:14:30.826174+00	2022-10-06 20:14:30.826174+00
11	rational expressions	16	2022-10-06 20:14:30.827888+00	2022-10-06 20:14:30.827888+00
12	complex numbers	16	2022-10-06 20:14:30.829596+00	2022-10-06 20:14:30.829596+00
13	functions_domain_range	17	2022-10-06 20:14:30.833705+00	2022-10-06 20:14:30.833705+00
14	higher_degree_polynomials	17	2022-10-06 20:14:30.837025+00	2022-10-06 20:14:30.837025+00
15	square_root_equations	17	2022-10-06 20:14:30.83912+00	2022-10-06 20:14:30.83912+00
16	roots_of_polynomials	17	2022-10-06 20:14:30.840823+00	2022-10-06 20:14:30.840823+00
17	multiply_polynomials_binomial	17	2022-10-06 20:14:30.842693+00	2022-10-06 20:14:30.842693+00
18	rational_radical_absolute	17	2022-10-06 20:14:30.844469+00	2022-10-06 20:14:30.844469+00
19	logarithms_properties	17	2022-10-06 20:14:30.846415+00	2022-10-06 20:14:30.846415+00
20	rational_expressions	17	2022-10-06 20:14:30.849716+00	2022-10-06 20:14:30.849716+00
21	systems_of_linear_equations	17	2022-10-06 20:14:30.853004+00	2022-10-06 20:14:30.853004+00
22	arithmetic_and_geometric_sequences	17	2022-10-06 20:14:30.855192+00	2022-10-06 20:14:30.855192+00
23	functions_domain	17	2022-10-06 20:14:30.856949+00	2022-10-06 20:14:30.856949+00
24	solving_linear_equations	17	2022-10-06 20:14:30.858794+00	2022-10-06 20:14:30.858794+00
25	function_transformations_shifts	17	2022-10-06 20:14:30.86057+00	2022-10-06 20:14:30.86057+00
26	graphing_quadratic_functions	17	2022-10-06 20:14:30.862439+00	2022-10-06 20:14:30.862439+00
27	exponential_functions_growth	17	2022-10-06 20:14:30.864323+00	2022-10-06 20:14:30.864323+00
28	rounding_and_scientific_notation	17	2022-10-06 20:14:30.866124+00	2022-10-06 20:14:30.866124+00
29	square root_equations_quadratic	17	2022-10-06 20:14:30.867954+00	2022-10-06 20:14:30.867954+00
30	advanced_factoring_techniques	17	2022-10-06 20:14:30.8699+00	2022-10-06 20:14:30.8699+00
31	congruence and similarity	3	2022-10-06 20:14:30.871592+00	2022-10-06 20:14:30.871592+00
32	vertices	3	2022-10-06 20:14:30.873514+00	2022-10-06 20:14:30.873514+00
33	angles	3	2022-10-06 20:14:30.875414+00	2022-10-06 20:14:30.875414+00
34	circles	3	2022-10-06 20:14:30.877126+00	2022-10-06 20:14:30.877126+00
35	triangles	3	2022-10-06 20:14:30.8789+00	2022-10-06 20:14:30.8789+00
36	rectangles	3	2022-10-06 20:14:30.880669+00	2022-10-06 20:14:30.880669+00
37	angles	18	2022-10-06 20:14:30.882736+00	2022-10-06 20:14:30.882736+00
38	triangles	18	2022-10-06 20:14:30.884506+00	2022-10-06 20:14:30.884506+00
39	right triangles	18	2022-10-06 20:14:30.886342+00	2022-10-06 20:14:30.886342+00
40	quadrants	18	2022-10-06 20:14:30.888077+00	2022-10-06 20:14:30.888077+00
41	radians	18	2022-10-06 20:14:30.890582+00	2022-10-06 20:14:30.890582+00
42	unit circles	18	2022-10-06 20:14:30.892887+00	2022-10-06 20:14:30.892887+00
43	inequalities	18	2022-10-06 20:14:30.895125+00	2022-10-06 20:14:30.895125+00
44	representing data numerically	2	2022-10-06 20:14:30.89724+00	2022-10-06 20:14:30.89724+00
45	representing data graphically	2	2022-10-06 20:14:30.89914+00	2022-10-06 20:14:30.89914+00
46	two means	2	2022-10-06 20:14:30.901112+00	2022-10-06 20:14:30.901112+00
47	two proportions	2	2022-10-06 20:14:30.903102+00	2022-10-06 20:14:30.903102+00
48	levels of measurement	2	2022-10-06 20:14:30.904999+00	2022-10-06 20:14:30.904999+00
49	types of sampling	2	2022-10-06 20:14:30.907085+00	2022-10-06 20:14:30.907085+00
50	finding probability	2	2022-10-06 20:14:30.909055+00	2022-10-06 20:14:30.909055+00
51	finding x from z score	2	2022-10-06 20:14:30.910983+00	2022-10-06 20:14:30.910983+00
52	z score	2	2022-10-06 20:14:30.91305+00	2022-10-06 20:14:30.91305+00
53	basic set operations	2	2022-10-06 20:14:30.914809+00	2022-10-06 20:14:30.914809+00
54	compound events	2	2022-10-06 20:14:30.917085+00	2022-10-06 20:14:30.917085+00
55	conditional probability	2	2022-10-06 20:14:30.919609+00	2022-10-06 20:14:30.919609+00
56	independent probability	2	2022-10-06 20:14:30.921738+00	2022-10-06 20:14:30.921738+00
57	permutations and combinations	2	2022-10-06 20:14:30.923656+00	2022-10-06 20:14:30.923656+00
58	random variables distributions	2	2022-10-06 20:14:30.927428+00	2022-10-06 20:14:30.927428+00
59	relationships between variables	2	2022-10-06 20:14:30.930162+00	2022-10-06 20:14:30.930162+00
60	confidence intervals	2	2022-10-06 20:14:30.932325+00	2022-10-06 20:14:30.932325+00
61	interpreting pvalue	2	2022-10-06 20:14:30.934438+00	2022-10-06 20:14:30.934438+00
62	finding the test statistic	2	2022-10-06 20:14:30.937405+00	2022-10-06 20:14:30.937405+00
63	rectangular coordinates	19	2022-10-06 20:14:30.939655+00	2022-10-06 20:14:30.939655+00
64	linear inequalities	19	2022-10-06 20:14:30.942017+00	2022-10-06 20:14:30.942017+00
65	functions	19	2022-10-06 20:14:30.944123+00	2022-10-06 20:14:30.944123+00
66	rational exponents	19	2022-10-06 20:14:30.946498+00	2022-10-06 20:14:30.946498+00
67	quadratic functions	19	2022-10-06 20:14:30.948949+00	2022-10-06 20:14:30.948949+00
68	logarithms and exponents	19	2022-10-06 20:14:30.951162+00	2022-10-06 20:14:30.951162+00
69	absolute extrema	20	2022-10-06 20:14:30.952932+00	2022-10-06 20:14:30.952932+00
70	antiderivatives	20	2022-10-06 20:14:30.954739+00	2022-10-06 20:14:30.954739+00
71	area between curves	20	2022-10-06 20:14:30.956901+00	2022-10-06 20:14:30.956901+00
72	chain rule	20	2022-10-06 20:14:30.958704+00	2022-10-06 20:14:30.958704+00
73	concavity	20	2022-10-06 20:14:30.960659+00	2022-10-06 20:14:30.960659+00
74	continuity	20	2022-10-06 20:14:30.963377+00	2022-10-06 20:14:30.963377+00
75	derivatives	20	2022-10-06 20:14:30.965208+00	2022-10-06 20:14:30.965208+00
76	differential equations	20	2022-10-06 20:14:31.008541+00	2022-10-06 20:14:31.008541+00
77	fundamental theorem	20	2022-10-06 20:14:31.036591+00	2022-10-06 20:14:31.036591+00
78	lhopitals rule	20	2022-10-06 20:14:31.040203+00	2022-10-06 20:14:31.040203+00
79	implicit differentiation	20	2022-10-06 20:14:31.042479+00	2022-10-06 20:14:31.042479+00
80	mean value theorem	20	2022-10-06 20:14:31.044802+00	2022-10-06 20:14:31.044802+00
81	optimization	20	2022-10-06 20:14:31.0483+00	2022-10-06 20:14:31.0483+00
82	reimann sums	20	2022-10-06 20:14:31.054019+00	2022-10-06 20:14:31.054019+00
83	related rates	20	2022-10-06 20:14:31.056425+00	2022-10-06 20:14:31.056425+00
84	relative extrema	20	2022-10-06 20:14:31.059159+00	2022-10-06 20:14:31.059159+00
85	absolute extrema	21	2022-10-06 20:14:31.062083+00	2022-10-06 20:14:31.062083+00
86	antiderivatives	21	2022-10-06 20:14:31.064888+00	2022-10-06 20:14:31.064888+00
87	area between curves	21	2022-10-06 20:14:31.067371+00	2022-10-06 20:14:31.067371+00
88	chain rule	21	2022-10-06 20:14:31.070049+00	2022-10-06 20:14:31.070049+00
89	derivatives	21	2022-10-06 20:14:31.072507+00	2022-10-06 20:14:31.072507+00
90	differential equations	21	2022-10-06 20:14:31.074793+00	2022-10-06 20:14:31.074793+00
91	fundamental theorem of calculus	21	2022-10-06 20:14:31.07733+00	2022-10-06 20:14:31.07733+00
92	implicit differentiation	21	2022-10-06 20:14:31.080103+00	2022-10-06 20:14:31.080103+00
93	infinite sequences	21	2022-10-06 20:14:31.082485+00	2022-10-06 20:14:31.082485+00
94	limits	21	2022-10-06 20:14:31.084726+00	2022-10-06 20:14:31.084726+00
95	integration by parts	21	2022-10-06 20:14:31.087207+00	2022-10-06 20:14:31.087207+00
96	mean value theorem	21	2022-10-06 20:14:31.089245+00	2022-10-06 20:14:31.089245+00
97	optimization	21	2022-10-06 20:14:31.091243+00	2022-10-06 20:14:31.091243+00
98	parametric	21	2022-10-06 20:14:31.09335+00	2022-10-06 20:14:31.09335+00
99	reimann sums	21	2022-10-06 20:14:31.095358+00	2022-10-06 20:14:31.095358+00
100	relative extrema	21	2022-10-06 20:14:31.097438+00	2022-10-06 20:14:31.097438+00
101	taylor polynomials	21	2022-10-06 20:14:31.099381+00	2022-10-06 20:14:31.099381+00
102	basic	9	2022-10-06 20:14:31.10135+00	2022-10-06 20:14:31.10135+00
103	commonapp	9	2022-10-06 20:14:31.103311+00	2022-10-06 20:14:31.103311+00
104	answer	9	2022-10-06 20:14:31.105385+00	2022-10-06 20:14:31.105385+00
105	dhistory	9	2022-10-06 20:14:31.107316+00	2022-10-06 20:14:31.107316+00
106	optional	9	2022-10-06 20:14:31.109299+00	2022-10-06 20:14:31.109299+00
107	supplemental	9	2022-10-06 20:14:31.111427+00	2022-10-06 20:14:31.111427+00
108	exam	11	2022-10-06 20:14:31.113395+00	2022-10-06 20:14:31.113395+00
109	type	11	2022-10-06 20:14:31.115614+00	2022-10-06 20:14:31.115614+00
110	LOR	11	2022-10-06 20:14:31.118203+00	2022-10-06 20:14:31.118203+00
111	basic	11	2022-10-06 20:14:31.120229+00	2022-10-06 20:14:31.120229+00
112	timeline	10	2022-10-06 20:14:31.122077+00	2022-10-06 20:14:31.122077+00
113	resume	10	2022-10-06 20:14:31.124138+00	2022-10-06 20:14:31.124138+00
114	schools	10	2022-10-06 20:14:31.125923+00	2022-10-06 20:14:31.125923+00
115	fees	10	2022-10-06 20:14:31.12798+00	2022-10-06 20:14:31.12798+00
116	FinAid	10	2022-10-06 20:14:31.13005+00	2022-10-06 20:14:31.13005+00
117	LOR	10	2022-10-06 20:14:31.132015+00	2022-10-06 20:14:31.132015+00
118	basic	10	2022-10-06 20:14:31.134012+00	2022-10-06 20:14:31.134012+00
119	biochemistry	4	2022-10-06 20:14:31.13632+00	2022-10-06 20:14:31.13632+00
120	the cell	4	2022-10-06 20:14:31.138465+00	2022-10-06 20:14:31.138465+00
121	cell division	4	2022-10-06 20:14:31.140606+00	2022-10-06 20:14:31.140606+00
122	cellular respiration	4	2022-10-06 20:14:31.142481+00	2022-10-06 20:14:31.142481+00
123	photosynthesis and plants	4	2022-10-06 20:14:31.144115+00	2022-10-06 20:14:31.144115+00
124	classical genetics	4	2022-10-06 20:14:31.145987+00	2022-10-06 20:14:31.145987+00
125	molecular genetics	4	2022-10-06 20:14:31.147823+00	2022-10-06 20:14:31.147823+00
126	animal behavior and physiology	4	2022-10-06 20:14:31.150279+00	2022-10-06 20:14:31.150279+00
127	ecology	4	2022-10-06 20:14:31.152814+00	2022-10-06 20:14:31.152814+00
128	human physiology and anatomy	4	2022-10-06 20:14:31.155209+00	2022-10-06 20:14:31.155209+00
129	evolution and taxonomy	4	2022-10-06 20:14:31.157164+00	2022-10-06 20:14:31.157164+00
130	chemical reactions	5	2022-10-06 20:14:31.158914+00	2022-10-06 20:14:31.158914+00
131	atoms, compounds, and ions	5	2022-10-06 20:14:31.160809+00	2022-10-06 20:14:31.160809+00
132	stoichiometry	5	2022-10-06 20:14:31.162833+00	2022-10-06 20:14:31.162833+00
133	electron structure of atoms	5	2022-10-06 20:14:31.16522+00	2022-10-06 20:14:31.16522+00
134	periodic table	5	2022-10-06 20:14:31.167311+00	2022-10-06 20:14:31.167311+00
135	chemical bonds	5	2022-10-06 20:14:31.169918+00	2022-10-06 20:14:31.169918+00
136	gases	5	2022-10-06 20:14:31.172387+00	2022-10-06 20:14:31.172387+00
137	states of matter and intermolecular forces	5	2022-10-06 20:14:31.174527+00	2022-10-06 20:14:31.174527+00
138	chemical equilibrium	5	2022-10-06 20:14:31.176583+00	2022-10-06 20:14:31.176583+00
139	acids and bases	5	2022-10-06 20:14:31.17853+00	2022-10-06 20:14:31.17853+00
140	buffers, titrations, and solubility equilibria	5	2022-10-06 20:14:31.180629+00	2022-10-06 20:14:31.180629+00
141	thermodynamics	5	2022-10-06 20:14:31.182803+00	2022-10-06 20:14:31.182803+00
142	redox reactions and electrochemistry	5	2022-10-06 20:14:31.185321+00	2022-10-06 20:14:31.185321+00
143	kinetics	5	2022-10-06 20:14:31.187637+00	2022-10-06 20:14:31.187637+00
144	nuclear chemistry	5	2022-10-06 20:14:31.190315+00	2022-10-06 20:14:31.190315+00
145	kinematics	5	2022-10-06 20:14:31.192801+00	2022-10-06 20:14:31.192801+00
146	kinematics	6	2022-10-06 20:14:31.196368+00	2022-10-06 20:14:31.196368+00
147	newton's laws	6	2022-10-06 20:14:31.199534+00	2022-10-06 20:14:31.199534+00
148	rotational mechanics	6	2022-10-06 20:14:31.202228+00	2022-10-06 20:14:31.202228+00
149	work and energy	6	2022-10-06 20:14:31.205111+00	2022-10-06 20:14:31.205111+00
150	momentum and collisions	6	2022-10-06 20:14:31.20764+00	2022-10-06 20:14:31.20764+00
151	thermodynamics	6	2022-10-06 20:14:31.210105+00	2022-10-06 20:14:31.210105+00
152	electrostatics	6	2022-10-06 20:14:31.213054+00	2022-10-06 20:14:31.213054+00
153	magnetism	6	2022-10-06 20:14:31.216843+00	2022-10-06 20:14:31.216843+00
154	waves and sound	6	2022-10-06 20:14:31.221262+00	2022-10-06 20:14:31.221262+00
155	refraction and reflection	6	2022-10-06 20:14:31.223928+00	2022-10-06 20:14:31.223928+00
156	gravity/gen relativity	6	2022-10-06 20:14:31.227498+00	2022-10-06 20:14:31.227498+00
157	Fluids - density and pressure	7	2022-10-06 20:14:31.230674+00	2022-10-06 20:14:31.230674+00
158	Fluids - dynamics	7	2022-10-06 20:14:31.233464+00	2022-10-06 20:14:31.233464+00
159	THD - Ideal Gases	7	2022-10-06 20:14:31.236206+00	2022-10-06 20:14:31.236206+00
160	thermodynamics	7	2022-10-06 20:14:31.239721+00	2022-10-06 20:14:31.239721+00
161	Electric Field	7	2022-10-06 20:14:31.243462+00	2022-10-06 20:14:31.243462+00
162	Electric Potential	7	2022-10-06 20:14:31.246533+00	2022-10-06 20:14:31.246533+00
163	Magnetic Fields	7	2022-10-06 20:14:31.249489+00	2022-10-06 20:14:31.249489+00
164	Magnetic Induction	7	2022-10-06 20:14:31.252315+00	2022-10-06 20:14:31.252315+00
165	Electromagnetic Waves	7	2022-10-06 20:14:31.256048+00	2022-10-06 20:14:31.256048+00
166	Optics - refraction and reflection	7	2022-10-06 20:14:31.258907+00	2022-10-06 20:14:31.258907+00
167	Quantum & Atomic Physics	7	2022-10-06 20:14:31.261357+00	2022-10-06 20:14:31.261357+00
168	dynamics 2	7	2022-10-06 20:14:31.264075+00	2022-10-06 20:14:31.264075+00
169	Electric Circuits	7	2022-10-06 20:14:31.266819+00	2022-10-06 20:14:31.266819+00
170	earth systems and resources	8	2022-10-06 20:14:31.269268+00	2022-10-06 20:14:31.269268+00
171	ecology	8	2022-10-06 20:14:31.272149+00	2022-10-06 20:14:31.272149+00
172	energy resources and consumption	8	2022-10-06 20:14:31.275104+00	2022-10-06 20:14:31.275104+00
173	global change	8	2022-10-06 20:14:31.277912+00	2022-10-06 20:14:31.277912+00
174	impact of human health and environment	8	2022-10-06 20:14:31.280238+00	2022-10-06 20:14:31.280238+00
175	interdependence of organisms	8	2022-10-06 20:14:31.282865+00	2022-10-06 20:14:31.282865+00
176	land and water resources and use	8	2022-10-06 20:14:31.285158+00	2022-10-06 20:14:31.285158+00
177	introduction to environmental science	8	2022-10-06 20:14:31.288453+00	2022-10-06 20:14:31.288453+00
178	natural biogeochemical cycles	8	2022-10-06 20:14:31.291037+00	2022-10-06 20:14:31.291037+00
179	pollution	8	2022-10-06 20:14:31.293478+00	2022-10-06 20:14:31.293478+00
180	populations	8	2022-10-06 20:14:31.296191+00	2022-10-06 20:14:31.296191+00
181	the atmosphere	8	2022-10-06 20:14:31.298656+00	2022-10-06 20:14:31.298656+00
182	upchieve	22	2022-10-06 20:14:31.300863+00	2022-10-06 20:14:31.300863+00
183	linear_equations	12	2022-10-06 20:14:31.303144+00	2022-10-06 20:14:31.303144+00
184	linear_inequalities	12	2022-10-06 20:14:31.305251+00	2022-10-06 20:14:31.305251+00
185	linear_functions	12	2022-10-06 20:14:31.307707+00	2022-10-06 20:14:31.307707+00
186	quadratic_problems	12	2022-10-06 20:14:31.309569+00	2022-10-06 20:14:31.309569+00
187	nonlinear_equations	12	2022-10-06 20:14:31.311466+00	2022-10-06 20:14:31.311466+00
188	rational_expressions	12	2022-10-06 20:14:31.313404+00	2022-10-06 20:14:31.313404+00
189	isolating_quantities	12	2022-10-06 20:14:31.315958+00	2022-10-06 20:14:31.315958+00
190	linear_systems	12	2022-10-06 20:14:31.318133+00	2022-10-06 20:14:31.318133+00
191	ratios_rates	12	2022-10-06 20:14:31.320599+00	2022-10-06 20:14:31.320599+00
192	units	12	2022-10-06 20:14:31.322889+00	2022-10-06 20:14:31.322889+00
193	percentages	12	2022-10-06 20:14:31.32471+00	2022-10-06 20:14:31.32471+00
194	linear_and_exponential	12	2022-10-06 20:14:31.326677+00	2022-10-06 20:14:31.326677+00
195	data_inferences	12	2022-10-06 20:14:31.328325+00	2022-10-06 20:14:31.328325+00
196	volume_word_problems	12	2022-10-06 20:14:31.330965+00	2022-10-06 20:14:31.330965+00
197	complex_numbers	12	2022-10-06 20:14:31.332953+00	2022-10-06 20:14:31.332953+00
198	circle_equations	12	2022-10-06 20:14:31.335142+00	2022-10-06 20:14:31.335142+00
199	table_data	12	2022-10-06 20:14:31.337334+00	2022-10-06 20:14:31.337334+00
200	scatterplots	12	2022-10-06 20:14:31.339232+00	2022-10-06 20:14:31.339232+00
201	graphs	12	2022-10-06 20:14:31.341492+00	2022-10-06 20:14:31.341492+00
202	shape_of_distributions	12	2022-10-06 20:14:31.34339+00	2022-10-06 20:14:31.34339+00
203	right_triangle_problems	12	2022-10-06 20:14:31.345561+00	2022-10-06 20:14:31.345561+00
204	congruence_and_similarity	12	2022-10-06 20:14:31.34748+00	2022-10-06 20:14:31.34748+00
205	explict_v_implicit	13	2022-10-06 20:14:31.349522+00	2022-10-06 20:14:31.349522+00
206	point_of_view	13	2022-10-06 20:14:31.352029+00	2022-10-06 20:14:31.352029+00
207	analyzing_relationships	13	2022-10-06 20:14:31.354293+00	2022-10-06 20:14:31.354293+00
208	citing_evidence	13	2022-10-06 20:14:31.356442+00	2022-10-06 20:14:31.356442+00
209	summarizing	13	2022-10-06 20:14:31.358693+00	2022-10-06 20:14:31.358693+00
210	analogical_reasoning	13	2022-10-06 20:14:31.360581+00	2022-10-06 20:14:31.360581+00
211	structure_passage	13	2022-10-06 20:14:31.362832+00	2022-10-06 20:14:31.362832+00
212	word_choice	13	2022-10-06 20:14:31.365122+00	2022-10-06 20:14:31.365122+00
213	graphs_and_data	13	2022-10-06 20:14:31.367494+00	2022-10-06 20:14:31.367494+00
214	purpose_of_text	13	2022-10-06 20:14:31.369549+00	2022-10-06 20:14:31.369549+00
215	analyzing_arguments	13	2022-10-06 20:14:31.371411+00	2022-10-06 20:14:31.371411+00
216	connecting_texts	13	2022-10-06 20:14:31.373448+00	2022-10-06 20:14:31.373448+00
217	history_passages	13	2022-10-06 20:14:31.375503+00	2022-10-06 20:14:31.375503+00
218	strategies	13	2022-10-06 20:14:31.377192+00	2022-10-06 20:14:31.377192+00
219	types_of_essays	15	2022-10-06 20:14:31.379069+00	2022-10-06 20:14:31.379069+00
220	essay_structure	15	2022-10-06 20:14:31.380843+00	2022-10-06 20:14:31.380843+00
221	point_of_view	15	2022-10-06 20:14:31.382588+00	2022-10-06 20:14:31.382588+00
222	persuasive_techniques	15	2022-10-06 20:14:31.385005+00	2022-10-06 20:14:31.385005+00
223	citations	15	2022-10-06 20:14:31.387388+00	2022-10-06 20:14:31.387388+00
224	independent_and_dependent_clauses	15	2022-10-06 20:14:31.389703+00	2022-10-06 20:14:31.389703+00
225	punctuation	15	2022-10-06 20:14:31.391306+00	2022-10-06 20:14:31.391306+00
226	verb_tense	15	2022-10-06 20:14:31.393312+00	2022-10-06 20:14:31.393312+00
227	subject_verb_agreement	15	2022-10-06 20:14:31.394945+00	2022-10-06 20:14:31.394945+00
228	specificity_and_coherence	15	2022-10-06 20:14:31.39747+00	2022-10-06 20:14:31.39747+00
229	plagiarism	15	2022-10-06 20:14:31.399448+00	2022-10-06 20:14:31.399448+00
230	nonnvarying_sentence_length	15	2022-10-06 20:14:31.402144+00	2022-10-06 20:14:31.402144+00
231	wordiness	15	2022-10-06 20:14:31.403945+00	2022-10-06 20:14:31.403945+00
232	grammatical_errors	15	2022-10-06 20:14:31.405655+00	2022-10-06 20:14:31.405655+00
233	common_requests	15	2022-10-06 20:14:31.407589+00	2022-10-06 20:14:31.407589+00
234	inference	13	2022-10-06 20:14:31.409627+00	2022-10-06 20:14:31.409627+00
235	integumentary	24	2022-10-06 20:14:31.411423+00	2022-10-06 20:14:31.411423+00
236	little_detail	13	2022-10-06 20:14:31.413097+00	2022-10-06 20:14:31.413097+00
237	lymphatic	24	2022-10-06 20:14:31.415139+00	2022-10-06 20:14:31.415139+00
238	muscular	24	2022-10-06 20:14:31.417264+00	2022-10-06 20:14:31.417264+00
239	nervous	24	2022-10-06 20:14:31.419679+00	2022-10-06 20:14:31.419679+00
240	probingqs	23	2022-10-06 20:14:31.421689+00	2022-10-06 20:14:31.421689+00
241	questions	23	2022-10-06 20:14:31.423638+00	2022-10-06 20:14:31.423638+00
242	reproductive	24	2022-10-06 20:14:31.42534+00	2022-10-06 20:14:31.42534+00
243	respiratory	24	2022-10-06 20:14:31.427234+00	2022-10-06 20:14:31.427234+00
244	sense_organs	24	2022-10-06 20:14:31.428799+00	2022-10-06 20:14:31.428799+00
245	skeletal	24	2022-10-06 20:14:31.430849+00	2022-10-06 20:14:31.430849+00
246	texttype	23	2022-10-06 20:14:31.432864+00	2022-10-06 20:14:31.432864+00
247	tissues	24	2022-10-06 20:14:31.435171+00	2022-10-06 20:14:31.435171+00
248	urinary	24	2022-10-06 20:14:31.436973+00	2022-10-06 20:14:31.436973+00
249	vocab_in_context	13	2022-10-06 20:14:31.439071+00	2022-10-06 20:14:31.439071+00
250	vocabulary	23	2022-10-06 20:14:31.440835+00	2022-10-06 20:14:31.440835+00
251	activatebk	23	2022-10-06 20:14:31.442675+00	2022-10-06 20:14:31.442675+00
252	author_technique	13	2022-10-06 20:14:31.444246+00	2022-10-06 20:14:31.444246+00
253	backgroundknowledge	23	2022-10-06 20:14:31.446099+00	2022-10-06 20:14:31.446099+00
254	big_picture	13	2022-10-06 20:14:31.44784+00	2022-10-06 20:14:31.44784+00
255	cells	24	2022-10-06 20:14:31.449641+00	2022-10-06 20:14:31.449641+00
256	circulatory_system	24	2022-10-06 20:14:31.451326+00	2022-10-06 20:14:31.451326+00
257	comprehensionsupport	23	2022-10-06 20:14:31.454079+00	2022-10-06 20:14:31.454079+00
258	context	23	2022-10-06 20:14:31.456089+00	2022-10-06 20:14:31.456089+00
259	corrections	23	2022-10-06 20:14:31.457786+00	2022-10-06 20:14:31.457786+00
260	digestive	24	2022-10-06 20:14:31.460299+00	2022-10-06 20:14:31.460299+00
261	editing	23	2022-10-06 20:14:31.462478+00	2022-10-06 20:14:31.462478+00
262	endocrine	24	2022-10-06 20:14:31.464831+00	2022-10-06 20:14:31.464831+00
263	evidence_support	13	2022-10-06 20:14:31.467363+00	2022-10-06 20:14:31.467363+00
264	function	13	2022-10-06 20:14:31.469265+00	2022-10-06 20:14:31.469265+00
265	strategies	12	2022-10-06 20:14:31.47138+00	2022-10-06 20:14:31.47138+00
266	unit circle	18	2022-10-06 20:14:31.472951+00	2022-10-06 20:14:31.472951+00
267	dynamics 1	6	2022-10-06 20:14:31.474786+00	2022-10-06 20:14:31.474786+00
268	energy 1	6	2022-10-06 20:14:31.476898+00	2022-10-06 20:14:31.476898+00
269	dynamics 2	6	2022-10-06 20:14:31.478828+00	2022-10-06 20:14:31.478828+00
270	energy 2	6	2022-10-06 20:14:31.480522+00	2022-10-06 20:14:31.480522+00
271	pythagorean theorem	18	2022-10-06 20:14:31.48237+00	2022-10-06 20:14:31.48237+00
272	degrees and radians	18	2022-10-06 20:14:31.48446+00	2022-10-06 20:14:31.48446+00
273	graphing trig functions	18	2022-10-06 20:14:31.486484+00	2022-10-06 20:14:31.486484+00
274	inverse trig functions	18	2022-10-06 20:14:31.488694+00	2022-10-06 20:14:31.488694+00
275	trigonometric identities	18	2022-10-06 20:14:31.490501+00	2022-10-06 20:14:31.490501+00
276	complex numbers	19	2022-10-06 20:14:31.492135+00	2022-10-06 20:14:31.492135+00
277	conic sections	19	2022-10-06 20:14:31.493919+00	2022-10-06 20:14:31.493919+00
278	graphing exponential functions	19	2022-10-06 20:14:31.495521+00	2022-10-06 20:14:31.495521+00
279	graphing polynomials	19	2022-10-06 20:14:31.497243+00	2022-10-06 20:14:31.497243+00
280	graphing rational functions	19	2022-10-06 20:14:31.499841+00	2022-10-06 20:14:31.499841+00
281	logarithms	19	2022-10-06 20:14:31.502595+00	2022-10-06 20:14:31.502595+00
282	inverse functions	19	2022-10-06 20:14:31.513685+00	2022-10-06 20:14:31.513685+00
283	polynomial division	19	2022-10-06 20:14:31.5158+00	2022-10-06 20:14:31.5158+00
284	rational expressions	19	2022-10-06 20:14:31.517979+00	2022-10-06 20:14:31.517979+00
285	sequences series	19	2022-10-06 20:14:31.520546+00	2022-10-06 20:14:31.520546+00
286	exponential logarithmic equations	19	2022-10-06 20:14:31.522921+00	2022-10-06 20:14:31.522921+00
287	other equations	19	2022-10-06 20:14:31.524687+00	2022-10-06 20:14:31.524687+00
288	quadratic and absolute	19	2022-10-06 20:14:31.526796+00	2022-10-06 20:14:31.526796+00
289	solving quadratic equations	19	2022-10-06 20:14:31.528629+00	2022-10-06 20:14:31.528629+00
290	transformations functions	19	2022-10-06 20:14:31.530309+00	2022-10-06 20:14:31.530309+00
291	vectors	19	2022-10-06 20:14:31.532327+00	2022-10-06 20:14:31.532327+00
292	trig functions	18	2022-10-06 20:14:31.534568+00	2022-10-06 20:14:31.534568+00
293	random variables and distributions	2	2022-10-06 20:14:31.536459+00	2022-10-06 20:14:31.536459+00
294	kinematics 2	6	2022-10-06 20:14:31.538385+00	2022-10-06 20:14:31.538385+00
295	DC Circuits	6	2022-10-06 20:14:31.540282+00	2022-10-06 20:14:31.540282+00
296	rotational motion	6	2022-10-06 20:14:31.542078+00	2022-10-06 20:14:31.542078+00
297	polynomials	12	2022-10-06 20:14:31.54409+00	2022-10-06 20:14:31.54409+00
298	functions	12	2022-10-06 20:14:31.545971+00	2022-10-06 20:14:31.545971+00
299	angles	12	2022-10-06 20:14:31.547658+00	2022-10-06 20:14:31.547658+00
\.


--
-- Data for Name: quiz_questions; Type: TABLE DATA; Schema: upchieve; Owner: admin
--

COPY upchieve.quiz_questions (id, question_text, possible_answers, correct_answer, quiz_subcategory_id, image_source, created_at, updated_at, mongo_id) FROM stdin;
\.


--
-- Data for Name: report_reasons; Type: TABLE DATA; Schema: upchieve; Owner: admin
--

COPY upchieve.report_reasons (id, reason, created_at, updated_at) FROM stdin;
1	This student was extremely rude or inappropriate	2022-10-06 20:14:31.742416+00	2022-10-06 20:14:31.742416+00
2	I am worried for the immediate safety of this student	2022-10-06 20:14:31.744379+00	2022-10-06 20:14:31.744379+00
3	LEGACY: Student was unresponsive	2022-10-06 20:14:31.746217+00	2022-10-06 20:14:31.746217+00
4	LEGACY: Technical issue	2022-10-06 20:14:31.748559+00	2022-10-06 20:14:31.748559+00
5	LEGACY: Other	2022-10-06 20:14:31.750559+00	2022-10-06 20:14:31.750559+00
\.


--
-- Data for Name: required_email_domains; Type: TABLE DATA; Schema: upchieve; Owner: admin
--

COPY upchieve.required_email_domains (id, domain, volunteer_partner_org_id, created_at, updated_at) FROM stdin;
0183aeef-8187-dd2c-d309-8f30b8ce7da0	mailtrap.com	0183aeef-8179-d36a-44e0-b310bfe2cbe8	2022-10-06 20:14:35.417393+00	2022-10-06 20:14:35.417393+00
\.


--
-- Data for Name: school_nces_metadata; Type: TABLE DATA; Schema: upchieve; Owner: admin
--

COPY upchieve.school_nces_metadata (school_id, created_at, updated_at, school_year, fipst, statename, st, sch_name, lea_name, state_agency_no, "union", st_leaid, leaid, st_schid, ncessch, schid, mstreet1, mstreet2, mstreet3, mcity, mstate, mzip, mzip4, lstreet1, lstreet2, lstreet3, lcity, lzip, lzip4, phone, website, sy_status, sy_status_text, updated_status, updated_status_text, effective_date, sch_type, sch_type_text, recon_status, out_of_state_flag, charter_text, chartauth1, chartauthn1, chartauth2, chartauthn2, nogrades, g_pk_offered, g_kg_offered, g_1_offered, g_2_offered, g_3_offered, g_4_offered, g_5_offered, g_6_offered, g_7_offered, g_8_offered, g_9_offered, g_10_offered, g_11_offered, g_12_offered, g_13_offered, g_ug_offered, g_ae_offered, gslo, gshi, level, igoffered) FROM stdin;
\.


--
-- Data for Name: schools_sponsor_orgs; Type: TABLE DATA; Schema: upchieve; Owner: admin
--

COPY upchieve.schools_sponsor_orgs (school_id, sponsor_org_id, created_at, updated_at) FROM stdin;
0183aeef-8193-65ab-06a9-8732fc391e14	0183aeef-819b-3689-d955-64ebef90117f	2022-10-06 20:14:35.441749+00	2022-10-06 20:14:35.441749+00
0183aeef-8193-47f7-7e3d-0c6687b3faec	0183aeef-819b-8015-f2c2-05e240add04d	2022-10-06 20:14:35.44365+00	2022-10-06 20:14:35.44365+00
\.


--
-- Data for Name: schools_sponsor_orgs_instances; Type: TABLE DATA; Schema: upchieve; Owner: admin
--

COPY upchieve.schools_sponsor_orgs_instances (school_id, sponsor_org_id, deactivated_on, created_at, updated_at) FROM stdin;
\.


--
-- Data for Name: session_failed_joins; Type: TABLE DATA; Schema: upchieve; Owner: admin
--

COPY upchieve.session_failed_joins (session_id, user_id, created_at, updated_at) FROM stdin;
\.


--
-- Data for Name: session_flags; Type: TABLE DATA; Schema: upchieve; Owner: admin
--

COPY upchieve.session_flags (id, name, created_at, updated_at) FROM stdin;
1	Absent student	2022-10-06 20:14:31.719193+00	2022-10-06 20:14:31.719193+00
2	Absent volunteer	2022-10-06 20:14:31.721557+00	2022-10-06 20:14:31.721557+00
3	Low session rating from coach	2022-10-06 20:14:31.724239+00	2022-10-06 20:14:31.724239+00
4	Low session rating from student	2022-10-06 20:14:31.725985+00	2022-10-06 20:14:31.725985+00
5	Low coach rating from student	2022-10-06 20:14:31.727686+00	2022-10-06 20:14:31.727686+00
6	Reported	2022-10-06 20:14:31.729359+00	2022-10-06 20:14:31.729359+00
9	Comment from student	2022-10-06 20:14:31.734579+00	2022-10-06 20:14:31.734579+00
10	Comment from volunteer	2022-10-06 20:14:31.736684+00	2022-10-06 20:14:31.736684+00
11	Has been unmatched	2022-10-06 20:14:31.738794+00	2022-10-06 20:14:31.738794+00
12	Has had technical issues	2022-10-06 20:14:31.740584+00	2022-10-06 20:14:31.740584+00
7	Pressuring coach	2022-10-06 20:14:31.731014+00	2022-10-06 20:14:32.189623+00
8	Mean or inappropriate	2022-10-06 20:14:31.732611+00	2022-10-06 20:14:32.189623+00
13	PII	2022-10-06 20:14:32.189623+00	2022-10-06 20:14:32.189623+00
14	Graded assignment	2022-10-06 20:14:32.189623+00	2022-10-06 20:14:32.189623+00
15	Coach uncomfortable	2022-10-06 20:14:32.189623+00	2022-10-06 20:14:32.189623+00
16	Student in distress	2022-10-06 20:14:32.189623+00	2022-10-06 20:14:32.189623+00
\.


--
-- Data for Name: session_messages; Type: TABLE DATA; Schema: upchieve; Owner: admin
--

COPY upchieve.session_messages (id, sender_id, contents, session_id, created_at, updated_at, mongo_id) FROM stdin;
\.


--
-- Data for Name: session_photos; Type: TABLE DATA; Schema: upchieve; Owner: admin
--

COPY upchieve.session_photos (session_id, photo_key, created_at, updated_at) FROM stdin;
\.


--
-- Data for Name: session_reports; Type: TABLE DATA; Schema: upchieve; Owner: admin
--

COPY upchieve.session_reports (id, report_reason_id, report_message, reporting_user_id, session_id, reported_user_id, created_at, updated_at) FROM stdin;
\.


--
-- Data for Name: session_review_reasons; Type: TABLE DATA; Schema: upchieve; Owner: admin
--

COPY upchieve.session_review_reasons (session_id, session_flag_id, created_at, updated_at) FROM stdin;
\.


--
-- Data for Name: sessions_session_flags; Type: TABLE DATA; Schema: upchieve; Owner: admin
--

COPY upchieve.sessions_session_flags (session_id, session_flag_id, created_at, updated_at) FROM stdin;
\.


--
-- Data for Name: sponsor_orgs_upchieve_instances; Type: TABLE DATA; Schema: upchieve; Owner: admin
--

COPY upchieve.sponsor_orgs_upchieve_instances (id, sponsor_org_id, deactivated_on, created_at, updated_at) FROM stdin;
\.


--
-- Data for Name: sponsor_orgs_volunteer_partner_orgs_instances; Type: TABLE DATA; Schema: upchieve; Owner: admin
--

COPY upchieve.sponsor_orgs_volunteer_partner_orgs_instances (sponsor_org_id, volunteer_partner_org_id, deactivated_on, created_at, updated_at) FROM stdin;
\.


--
-- Data for Name: student_favorite_volunteers; Type: TABLE DATA; Schema: upchieve; Owner: admin
--

COPY upchieve.student_favorite_volunteers (student_id, volunteer_id, created_at, updated_at) FROM stdin;
\.


--
-- Data for Name: student_partner_org_sites; Type: TABLE DATA; Schema: upchieve; Owner: admin
--

COPY upchieve.student_partner_org_sites (id, name, student_partner_org_id, created_at, updated_at) FROM stdin;
0183aeef-816b-e6b7-3a9c-2f1ce578248b	Brooklyn	0183aeef-8110-f7e7-91a8-78c4cffe6742	2022-10-06 20:14:35.389097+00	2022-10-06 20:14:35.389097+00
0183aeef-816b-5f3e-cae0-b75e41709a13	Denver	0183aeef-8110-f7e7-91a8-78c4cffe6742	2022-10-06 20:14:35.393724+00	2022-10-06 20:14:35.393724+00
0183aeef-816b-9da5-7bd0-d2ad2879bb69	Oakland	0183aeef-8110-f7e7-91a8-78c4cffe6742	2022-10-06 20:14:35.399036+00	2022-10-06 20:14:35.399036+00
\.


--
-- Data for Name: student_partner_orgs_sponsor_orgs; Type: TABLE DATA; Schema: upchieve; Owner: admin
--

COPY upchieve.student_partner_orgs_sponsor_orgs (student_partner_org_id, sponsor_org_id, created_at, updated_at) FROM stdin;
0183aeef-8110-8eb5-14e7-c1ef266e5c20	0183aeef-819b-eb75-88d7-be79bed3b8eb	2022-10-06 20:14:35.445292+00	2022-10-06 20:14:35.445292+00
0183aeef-8110-0bd3-dacd-f8388d5bdf80	0183aeef-819b-8015-f2c2-05e240add04d	2022-10-06 20:14:35.44716+00	2022-10-06 20:14:35.44716+00
\.


--
-- Data for Name: student_partner_orgs_sponsor_orgs_instances; Type: TABLE DATA; Schema: upchieve; Owner: admin
--

COPY upchieve.student_partner_orgs_sponsor_orgs_instances (student_partner_org_id, sponsor_org_id, deactivated_on, created_at, updated_at) FROM stdin;
\.


--
-- Data for Name: student_partner_orgs_upchieve_instances; Type: TABLE DATA; Schema: upchieve; Owner: admin
--

COPY upchieve.student_partner_orgs_upchieve_instances (id, student_partner_org_id, deactivated_on, created_at, updated_at) FROM stdin;
\.


--
-- Data for Name: student_partner_orgs_volunteer_partner_orgs_instances; Type: TABLE DATA; Schema: upchieve; Owner: admin
--

COPY upchieve.student_partner_orgs_volunteer_partner_orgs_instances (student_partner_org_id, volunteer_partner_org_id, deactivated_on, created_at, updated_at) FROM stdin;
\.


--
-- Data for Name: student_profiles; Type: TABLE DATA; Schema: upchieve; Owner: admin
--

COPY upchieve.student_profiles (user_id, college, school_id, postal_code, grade_level_id, student_partner_org_user_id, student_partner_org_id, student_partner_org_site_id, created_at, updated_at) FROM stdin;
0183aeef-831a-276e-6711-7d76c1cd666e	\N	0183aeef-8193-05ab-6c9c-33aafbc8befb	\N	\N	\N	\N	\N	2022-10-06 20:14:35.833924+00	2022-10-06 20:14:35.833924+00
0183aeef-831a-912c-1c33-6475d9710b8d	\N	0183aeef-8193-65ab-06a9-8732fc391e14	\N	\N	\N	0183aeef-8110-f7e7-91a8-78c4cffe6742	\N	2022-10-06 20:14:35.836957+00	2022-10-06 20:14:35.836957+00
0183aeef-831a-df8e-c365-3c8230f3cdef	\N	\N	\N	\N	\N	0183aeef-8110-0bd3-dacd-f8388d5bdf80	\N	2022-10-06 20:14:35.839146+00	2022-10-06 20:14:35.839146+00
\.


--
-- Data for Name: survey_questions; Type: TABLE DATA; Schema: upchieve; Owner: admin
--

COPY upchieve.survey_questions (id, question_type_id, question_text, created_at, updated_at, response_display_text, replacement_column_1, replacement_column_2) FROM stdin;
7	1	Sorry to hear that, what happened?	2022-10-06 20:14:32.07429+00	2022-10-06 20:14:32.07429+00	\N	\N	\N
9	1	Overall, how supportive was your coach today?	2022-10-06 20:14:32.07429+00	2022-10-06 20:14:32.07429+00	\N	\N	\N
10	1	Overall, how much did your coach push you to do your best work today?	2022-10-06 20:14:32.07429+00	2022-10-06 20:14:32.07429+00	\N	\N	\N
11	3	This can be about the web app, the Academic Coach who helped you, the services UPchieve offers, etc.	2022-10-06 20:14:32.07429+00	2022-10-06 20:14:32.07429+00	\N	\N	\N
1	1	What is your primary goal for today's session?	2022-10-06 20:14:32.0054+00	2022-10-06 20:14:32.107731+00	Their goal for the session:	\N	\N
2	1	Where are you in the process of reaching your goal?	2022-10-06 20:14:32.0054+00	2022-10-06 20:14:32.107731+00	How much progress they've made towards their goal:	\N	\N
3	1	Overall, how do you feel about applying to college?	2022-10-06 20:14:32.0054+00	2022-10-06 20:14:32.107731+00	How they feel about applying to college:	\N	\N
4	1	How well do you understand the topic you want to talk about today?	2022-10-06 20:14:32.0054+00	2022-10-06 20:14:32.107731+00	How well they understand the topic:	\N	\N
17	1	Were there any student safety, academic integrity, or community guideline issues during this session?	2022-10-06 20:14:32.118243+00	2022-10-06 20:14:32.118243+00	\N	\N	\N
18	1	Please select all that apply	2022-10-06 20:14:32.118243+00	2022-10-06 20:14:32.118243+00	\N	\N	\N
19	3	This can be about the web app, the student you helped, technical issues, etc.	2022-10-06 20:14:32.118243+00	2022-10-06 20:14:32.118243+00	\N	\N	\N
13	1	%s's goal for this session was to %s. Were you able to help them achieve their goal?	2022-10-06 20:14:32.118243+00	2022-10-06 20:14:32.16698+00	\N	student_name	student_goal
6	1	Your goal for this session was to %s. Did UPchieve help you achieve your goal?	2022-10-06 20:14:32.07429+00	2022-10-06 20:14:32.16698+00	\N	student_goal	\N
8	1	Would you like to favorite your coach %s?	2022-10-06 20:14:32.07429+00	2022-10-06 20:14:32.16698+00	\N	coach_name	\N
14	1	How do you think %s feels about %s at the end of this session?	2022-10-06 20:14:32.118243+00	2022-10-06 20:14:32.16698+00	\N	student_name	subject_name
15	1	How do you think %s feels about the %s at the end of this session?	2022-10-06 20:14:32.118243+00	2022-10-06 20:14:32.16698+00	\N	student_name	subject_name
16	1	How do you think %s feels about applying to college at the end of this session?	2022-10-06 20:14:32.118243+00	2022-10-06 20:14:32.16698+00	\N	student_name	\N
12	1	Overall, how do you feel about the %s section?	2022-10-06 20:14:32.107731+00	2022-10-06 20:14:32.16698+00	How they feel about %s:	subject_name	\N
5	1	Overall, how do you feel about %s?	2022-10-06 20:14:32.0054+00	2022-10-06 20:14:32.16698+00	How they feel about %s:	subject_name	\N
\.


--
-- Data for Name: survey_questions_question_tags; Type: TABLE DATA; Schema: upchieve; Owner: admin
--

COPY upchieve.survey_questions_question_tags (id, survey_question_id, question_tag_id, created_at, updated_at) FROM stdin;
\.


--
-- Data for Name: survey_response_choices; Type: TABLE DATA; Schema: upchieve; Owner: admin
--

COPY upchieve.survey_response_choices (id, score, choice_text, created_at, updated_at, display_image) FROM stdin;
1	0	Solve a specific question	2022-10-06 20:14:32.0054+00	2022-10-06 20:14:32.0054+00	\N
2	0	Complete a homework assignment	2022-10-06 20:14:32.0054+00	2022-10-06 20:14:32.0054+00	\N
3	0	Prepare for a quiz/test	2022-10-06 20:14:32.0054+00	2022-10-06 20:14:32.0054+00	\N
4	0	Check my answers	2022-10-06 20:14:32.0054+00	2022-10-06 20:14:32.0054+00	\N
7	0	Brainstorm or research an essay topic	2022-10-06 20:14:32.0054+00	2022-10-06 20:14:32.0054+00	\N
8	0	Develop a thesis statement	2022-10-06 20:14:32.0054+00	2022-10-06 20:14:32.0054+00	\N
9	0	Create an essay outline	2022-10-06 20:14:32.0054+00	2022-10-06 20:14:32.0054+00	\N
10	0	Revise essay structure and ideas	2022-10-06 20:14:32.0054+00	2022-10-06 20:14:32.0054+00	\N
11	0	Edit grammar	2022-10-06 20:14:32.0054+00	2022-10-06 20:14:32.0054+00	\N
12	0	Improve my understanding of a text	2022-10-06 20:14:32.0054+00	2022-10-06 20:14:32.0054+00	\N
13	0	Answer questions based on a text	2022-10-06 20:14:32.0054+00	2022-10-06 20:14:32.0054+00	\N
14	0	Revise my response(s) to reading questions	2022-10-06 20:14:32.0054+00	2022-10-06 20:14:32.0054+00	\N
15	0	Understand college requirements	2022-10-06 20:14:32.0054+00	2022-10-06 20:14:32.0054+00	\N
16	0	Pick classes or extracurricular activities	2022-10-06 20:14:32.0054+00	2022-10-06 20:14:32.0054+00	\N
17	0	Research majors or careers	2022-10-06 20:14:32.0054+00	2022-10-06 20:14:32.0054+00	\N
18	0	Select colleges to apply to	2022-10-06 20:14:32.0054+00	2022-10-06 20:14:32.0054+00	\N
19	0	Learn about financial aid and scholarships	2022-10-06 20:14:32.0054+00	2022-10-06 20:14:32.0054+00	\N
20	0	Select a prompt and brainstorm topics	2022-10-06 20:14:32.0054+00	2022-10-06 20:14:32.0054+00	\N
21	0	Create an outline	2022-10-06 20:14:32.0054+00	2022-10-06 20:14:32.0054+00	\N
22	0	Understand the parts of an application	2022-10-06 20:14:32.0054+00	2022-10-06 20:14:32.0054+00	\N
23	0	Create an application timeline	2022-10-06 20:14:32.0054+00	2022-10-06 20:14:32.0054+00	\N
24	0	Work on an application	2022-10-06 20:14:32.0054+00	2022-10-06 20:14:32.0054+00	\N
25	0	Prepare for an interview	2022-10-06 20:14:32.0054+00	2022-10-06 20:14:32.0054+00	\N
26	0	Complete financial aid applications	2022-10-06 20:14:32.0054+00	2022-10-06 20:14:32.0054+00	\N
27	0	Learn more about the exam	2022-10-06 20:14:32.0054+00	2022-10-06 20:14:32.0054+00	\N
28	0	Work on a practice question(s)	2022-10-06 20:14:32.0054+00	2022-10-06 20:14:32.0054+00	\N
29	0	Learn test taking strategies	2022-10-06 20:14:32.0054+00	2022-10-06 20:14:32.0054+00	\N
31	1	I haven't started on this yet	2022-10-06 20:14:32.0054+00	2022-10-06 20:14:32.0054+00	\N
32	2	I've done some work on this	2022-10-06 20:14:32.0054+00	2022-10-06 20:14:32.0054+00	\N
50	5	Extremely	2022-10-06 20:14:32.07429+00	2022-10-06 20:14:32.07429+00	\N
52	0	Rude coach	2022-10-06 20:14:32.07429+00	2022-10-06 20:14:32.07429+00	\N
53	0	Coach didn't know topic	2022-10-06 20:14:32.07429+00	2022-10-06 20:14:32.07429+00	\N
54	0	Coach slow to respond	2022-10-06 20:14:32.07429+00	2022-10-06 20:14:32.07429+00	\N
55	0	Ran out of time	2022-10-06 20:14:32.07429+00	2022-10-06 20:14:32.07429+00	\N
56	0	Tech issue	2022-10-06 20:14:32.07429+00	2022-10-06 20:14:32.07429+00	\N
58	0	Yes	2022-10-06 20:14:32.07429+00	2022-10-06 20:14:32.07429+00	\N
59	0	Maybe later	2022-10-06 20:14:32.07429+00	2022-10-06 20:14:32.07429+00	\N
5	0	Deepen my understanding of a topic	2022-10-06 20:14:32.0054+00	2022-10-06 20:14:32.085895+00	\N
30	0	Deepen my understanding of a concept	2022-10-06 20:14:32.0054+00	2022-10-06 20:14:32.085895+00	\N
60	0	I'm curious and want to learn something new	2022-10-06 20:14:32.092098+00	2022-10-06 20:14:32.092098+00	\N
61	3	Neutral	2022-10-06 20:14:32.099204+00	2022-10-06 20:14:32.099204+00	https://cdn.upchieve.org/site-images/emojis/neutral-emoji.svg
35	1	Stressed	2022-10-06 20:14:32.0054+00	2022-10-06 20:14:32.099204+00	https://cdn.upchieve.org/site-images/emojis/stressed-emoji.svg
36	2	Nervous	2022-10-06 20:14:32.0054+00	2022-10-06 20:14:32.099204+00	https://cdn.upchieve.org/site-images/emojis/nervous-emoji.svg
37	4	Optimistic	2022-10-06 20:14:32.0054+00	2022-10-06 20:14:32.099204+00	https://cdn.upchieve.org/site-images/emojis/optimistic-emoji.svg
38	5	Confident	2022-10-06 20:14:32.0054+00	2022-10-06 20:14:32.099204+00	https://cdn.upchieve.org/site-images/emojis/confident-emoji.svg
44	2	Sorta but not really	2022-10-06 20:14:32.07429+00	2022-10-06 20:14:32.182115+00	https://cdn.upchieve.org/site-images/star.svg
40	2	A little	2022-10-06 20:14:32.0054+00	2022-10-06 20:14:32.107731+00	\N
41	3	A medium amount	2022-10-06 20:14:32.0054+00	2022-10-06 20:14:32.107731+00	\N
42	4	Really well	2022-10-06 20:14:32.0054+00	2022-10-06 20:14:32.107731+00	\N
62	5	Almost perfectly	2022-10-06 20:14:32.107731+00	2022-10-06 20:14:32.107731+00	\N
33	3	I'm finishing this up	2022-10-06 20:14:32.0054+00	2022-10-06 20:14:32.107731+00	\N
34	4	I've completed this	2022-10-06 20:14:32.0054+00	2022-10-06 20:14:32.107731+00	\N
64	0	No	2022-10-06 20:14:32.118243+00	2022-10-06 20:14:32.118243+00	\N
65	0	I didn't know topic	2022-10-06 20:14:32.118243+00	2022-10-06 20:14:32.118243+00	\N
66	0	Wrong subject	2022-10-06 20:14:32.118243+00	2022-10-06 20:14:32.118243+00	\N
67	0	Student participation	2022-10-06 20:14:32.118243+00	2022-10-06 20:14:32.118243+00	\N
68	0	Other	2022-10-06 20:14:32.132151+00	2022-10-06 20:14:32.132151+00	\N
70	0	Answer US History text questions	2022-10-06 20:14:32.132151+00	2022-10-06 20:14:32.132151+00	\N
71	0	Develop a thesis statement or essay topic	2022-10-06 20:14:32.132151+00	2022-10-06 20:14:32.132151+00	\N
72	0	Student shared their email, last name, or other personally identifiable information	2022-10-06 20:14:32.149347+00	2022-10-06 20:14:32.149347+00	\N
73	0	Student is in severe emotional distress and/or unsafe	2022-10-06 20:14:32.149347+00	2022-10-06 20:14:32.149347+00	\N
74	0	Student was pressuring me to do their work for them	2022-10-06 20:14:32.149347+00	2022-10-06 20:14:32.149347+00	\N
75	0	Student was working on a quiz or exam	2022-10-06 20:14:32.149347+00	2022-10-06 20:14:32.149347+00	\N
76	0	Student was mean or inappropriate	2022-10-06 20:14:32.149347+00	2022-10-06 20:14:32.149347+00	\N
77	0	Student made me feel uncomfortable	2022-10-06 20:14:32.149347+00	2022-10-06 20:14:32.149347+00	\N
78	0	Other (please provide details below)	2022-10-06 20:14:32.149347+00	2022-10-06 20:14:32.149347+00	\N
79	0	Your thoughts	2022-10-06 20:14:32.149347+00	2022-10-06 20:14:32.149347+00	\N
45	3	I guess so	2022-10-06 20:14:32.07429+00	2022-10-06 20:14:32.182115+00	https://cdn.upchieve.org/site-images/star.svg
46	4	I'm def closer to my goal	2022-10-06 20:14:32.07429+00	2022-10-06 20:14:32.182115+00	https://cdn.upchieve.org/site-images/star.svg
47	5	GOAL ACHIEVED	2022-10-06 20:14:32.07429+00	2022-10-06 20:14:32.182115+00	https://cdn.upchieve.org/site-images/star.svg
48	3	Somewhat	2022-10-06 20:14:32.07429+00	2022-10-06 20:14:32.182115+00	https://cdn.upchieve.org/site-images/star.svg
49	4	Mostly	2022-10-06 20:14:32.07429+00	2022-10-06 20:14:32.182115+00	https://cdn.upchieve.org/site-images/star.svg
51	5	A lot	2022-10-06 20:14:32.07429+00	2022-10-06 20:14:32.182115+00	https://cdn.upchieve.org/site-images/star.svg
69	1	Not at all	2022-10-06 20:14:32.132151+00	2022-10-06 20:14:32.182115+00	https://cdn.upchieve.org/site-images/star.svg
\.


--
-- Data for Name: surveys; Type: TABLE DATA; Schema: upchieve; Owner: admin
--

COPY upchieve.surveys (id, name, created_at, updated_at, role_id) FROM stdin;
1	STEM Pre-Session Survey	2022-10-06 20:14:32.0054+00	2022-10-06 20:14:32.174027+00	1
2	Humanities Essays Pre-Session Survey	2022-10-06 20:14:32.0054+00	2022-10-06 20:14:32.174027+00	1
3	Reading Pre-Session Survey	2022-10-06 20:14:32.0054+00	2022-10-06 20:14:32.174027+00	1
4	College Planning Pre-Session Survey	2022-10-06 20:14:32.0054+00	2022-10-06 20:14:32.174027+00	1
5	College Essays Pre-Session Survey	2022-10-06 20:14:32.0054+00	2022-10-06 20:14:32.174027+00	1
6	College Applications Pre-Session Survey	2022-10-06 20:14:32.0054+00	2022-10-06 20:14:32.174027+00	1
7	SAT Prep Pre-Session Survey	2022-10-06 20:14:32.0054+00	2022-10-06 20:14:32.174027+00	1
8	Student Post-Session Survey	2022-10-06 20:14:32.07429+00	2022-10-06 20:14:32.174027+00	1
12	U.S. History Pre-Session Survey	2022-10-06 20:14:32.132151+00	2022-10-06 20:14:32.174027+00	1
9	General Volunteer Post-Session Survey	2022-10-06 20:14:32.118243+00	2022-10-06 20:14:32.174027+00	2
10	SAT Prep Volunteer Post-Session Survey	2022-10-06 20:14:32.118243+00	2022-10-06 20:14:32.174027+00	2
11	College Counseling Volunteer Post-Session Survey	2022-10-06 20:14:32.118243+00	2022-10-06 20:14:32.174027+00	2
\.


--
-- Data for Name: surveys_survey_questions; Type: TABLE DATA; Schema: upchieve; Owner: admin
--

COPY upchieve.surveys_survey_questions (id, survey_id, survey_question_id, display_priority, created_at, updated_at) FROM stdin;
1	1	1	10	2022-10-06 20:14:32.0054+00	2022-10-06 20:14:32.0054+00
2	2	1	10	2022-10-06 20:14:32.0054+00	2022-10-06 20:14:32.0054+00
3	3	1	10	2022-10-06 20:14:32.0054+00	2022-10-06 20:14:32.0054+00
4	4	1	10	2022-10-06 20:14:32.0054+00	2022-10-06 20:14:32.0054+00
5	5	1	10	2022-10-06 20:14:32.0054+00	2022-10-06 20:14:32.0054+00
6	6	1	10	2022-10-06 20:14:32.0054+00	2022-10-06 20:14:32.0054+00
7	7	1	10	2022-10-06 20:14:32.0054+00	2022-10-06 20:14:32.0054+00
8	4	2	20	2022-10-06 20:14:32.0054+00	2022-10-06 20:14:32.0054+00
9	5	2	20	2022-10-06 20:14:32.0054+00	2022-10-06 20:14:32.0054+00
10	6	2	20	2022-10-06 20:14:32.0054+00	2022-10-06 20:14:32.0054+00
11	4	3	30	2022-10-06 20:14:32.0054+00	2022-10-06 20:14:32.0054+00
12	5	3	30	2022-10-06 20:14:32.0054+00	2022-10-06 20:14:32.0054+00
13	6	3	30	2022-10-06 20:14:32.0054+00	2022-10-06 20:14:32.0054+00
14	1	4	20	2022-10-06 20:14:32.0054+00	2022-10-06 20:14:32.0054+00
15	2	4	20	2022-10-06 20:14:32.0054+00	2022-10-06 20:14:32.0054+00
16	3	4	20	2022-10-06 20:14:32.0054+00	2022-10-06 20:14:32.0054+00
17	7	4	20	2022-10-06 20:14:32.0054+00	2022-10-06 20:14:32.0054+00
18	1	5	30	2022-10-06 20:14:32.0054+00	2022-10-06 20:14:32.0054+00
19	2	5	30	2022-10-06 20:14:32.0054+00	2022-10-06 20:14:32.0054+00
20	3	5	30	2022-10-06 20:14:32.0054+00	2022-10-06 20:14:32.0054+00
22	8	6	10	2022-10-06 20:14:32.07429+00	2022-10-06 20:14:32.07429+00
23	8	7	20	2022-10-06 20:14:32.07429+00	2022-10-06 20:14:32.07429+00
24	8	8	30	2022-10-06 20:14:32.07429+00	2022-10-06 20:14:32.07429+00
25	8	9	40	2022-10-06 20:14:32.07429+00	2022-10-06 20:14:32.07429+00
26	8	10	50	2022-10-06 20:14:32.07429+00	2022-10-06 20:14:32.07429+00
27	8	11	60	2022-10-06 20:14:32.07429+00	2022-10-06 20:14:32.07429+00
21	7	12	30	2022-10-06 20:14:32.0054+00	2022-10-06 20:14:32.107731+00
28	9	13	10	2022-10-06 20:14:32.118243+00	2022-10-06 20:14:32.118243+00
29	10	13	10	2022-10-06 20:14:32.118243+00	2022-10-06 20:14:32.118243+00
38	12	1	10	2022-10-06 20:14:32.132151+00	2022-10-06 20:14:32.132151+00
39	12	4	20	2022-10-06 20:14:32.132151+00	2022-10-06 20:14:32.132151+00
40	12	5	30	2022-10-06 20:14:32.132151+00	2022-10-06 20:14:32.132151+00
41	11	13	10	2022-10-06 20:14:32.149347+00	2022-10-06 20:14:32.149347+00
43	11	16	30	2022-10-06 20:14:32.149347+00	2022-10-06 20:14:32.149347+00
36	9	19	70	2022-10-06 20:14:32.118243+00	2022-10-06 20:14:32.118243+00
37	10	19	70	2022-10-06 20:14:32.118243+00	2022-10-06 20:14:32.118243+00
45	11	19	70	2022-10-06 20:14:32.149347+00	2022-10-06 20:14:32.149347+00
32	9	17	40	2022-10-06 20:14:32.118243+00	2022-10-06 20:14:32.118243+00
33	10	17	40	2022-10-06 20:14:32.118243+00	2022-10-06 20:14:32.118243+00
44	11	17	40	2022-10-06 20:14:32.149347+00	2022-10-06 20:14:32.149347+00
30	9	14	30	2022-10-06 20:14:32.118243+00	2022-10-06 20:14:32.118243+00
31	10	15	30	2022-10-06 20:14:32.118243+00	2022-10-06 20:14:32.118243+00
34	9	7	20	2022-10-06 20:14:32.118243+00	2022-10-06 20:14:32.118243+00
35	10	7	20	2022-10-06 20:14:32.118243+00	2022-10-06 20:14:32.118243+00
42	11	7	20	2022-10-06 20:14:32.149347+00	2022-10-06 20:14:32.149347+00
46	9	18	50	2022-10-06 20:14:32.149347+00	2022-10-06 20:14:32.149347+00
47	10	18	50	2022-10-06 20:14:32.149347+00	2022-10-06 20:14:32.149347+00
48	11	18	50	2022-10-06 20:14:32.149347+00	2022-10-06 20:14:32.149347+00
\.


--
-- Data for Name: survey_questions_response_choices; Type: TABLE DATA; Schema: upchieve; Owner: admin
--

COPY upchieve.survey_questions_response_choices (response_choice_id, display_priority, created_at, updated_at, surveys_survey_question_id) FROM stdin;
1	10	2022-10-06 20:14:32.0054+00	2022-10-06 20:14:32.0054+00	1
7	10	2022-10-06 20:14:32.0054+00	2022-10-06 20:14:32.0054+00	2
12	10	2022-10-06 20:14:32.0054+00	2022-10-06 20:14:32.0054+00	3
15	10	2022-10-06 20:14:32.0054+00	2022-10-06 20:14:32.0054+00	4
20	10	2022-10-06 20:14:32.0054+00	2022-10-06 20:14:32.0054+00	5
22	10	2022-10-06 20:14:32.0054+00	2022-10-06 20:14:32.0054+00	6
27	10	2022-10-06 20:14:32.0054+00	2022-10-06 20:14:32.0054+00	7
31	10	2022-10-06 20:14:32.0054+00	2022-10-06 20:14:32.0054+00	8
31	10	2022-10-06 20:14:32.0054+00	2022-10-06 20:14:32.0054+00	9
31	10	2022-10-06 20:14:32.0054+00	2022-10-06 20:14:32.0054+00	10
35	10	2022-10-06 20:14:32.0054+00	2022-10-06 20:14:32.0054+00	11
35	10	2022-10-06 20:14:32.0054+00	2022-10-06 20:14:32.0054+00	12
35	10	2022-10-06 20:14:32.0054+00	2022-10-06 20:14:32.0054+00	13
35	10	2022-10-06 20:14:32.0054+00	2022-10-06 20:14:32.0054+00	18
35	10	2022-10-06 20:14:32.0054+00	2022-10-06 20:14:32.0054+00	19
35	10	2022-10-06 20:14:32.0054+00	2022-10-06 20:14:32.0054+00	20
35	10	2022-10-06 20:14:32.0054+00	2022-10-06 20:14:32.0054+00	21
2	20	2022-10-06 20:14:32.0054+00	2022-10-06 20:14:32.0054+00	1
8	20	2022-10-06 20:14:32.0054+00	2022-10-06 20:14:32.0054+00	2
13	20	2022-10-06 20:14:32.0054+00	2022-10-06 20:14:32.0054+00	3
16	20	2022-10-06 20:14:32.0054+00	2022-10-06 20:14:32.0054+00	4
21	20	2022-10-06 20:14:32.0054+00	2022-10-06 20:14:32.0054+00	5
23	20	2022-10-06 20:14:32.0054+00	2022-10-06 20:14:32.0054+00	6
29	20	2022-10-06 20:14:32.0054+00	2022-10-06 20:14:32.0054+00	7
36	20	2022-10-06 20:14:32.0054+00	2022-10-06 20:14:32.0054+00	11
36	20	2022-10-06 20:14:32.0054+00	2022-10-06 20:14:32.0054+00	12
36	20	2022-10-06 20:14:32.0054+00	2022-10-06 20:14:32.0054+00	13
40	20	2022-10-06 20:14:32.0054+00	2022-10-06 20:14:32.0054+00	14
40	20	2022-10-06 20:14:32.0054+00	2022-10-06 20:14:32.0054+00	15
40	20	2022-10-06 20:14:32.0054+00	2022-10-06 20:14:32.0054+00	16
40	20	2022-10-06 20:14:32.0054+00	2022-10-06 20:14:32.0054+00	17
36	20	2022-10-06 20:14:32.0054+00	2022-10-06 20:14:32.0054+00	18
36	20	2022-10-06 20:14:32.0054+00	2022-10-06 20:14:32.0054+00	19
36	20	2022-10-06 20:14:32.0054+00	2022-10-06 20:14:32.0054+00	20
36	20	2022-10-06 20:14:32.0054+00	2022-10-06 20:14:32.0054+00	21
3	30	2022-10-06 20:14:32.0054+00	2022-10-06 20:14:32.0054+00	1
9	30	2022-10-06 20:14:32.0054+00	2022-10-06 20:14:32.0054+00	2
14	30	2022-10-06 20:14:32.0054+00	2022-10-06 20:14:32.0054+00	3
17	30	2022-10-06 20:14:32.0054+00	2022-10-06 20:14:32.0054+00	4
10	30	2022-10-06 20:14:32.0054+00	2022-10-06 20:14:32.0054+00	5
24	30	2022-10-06 20:14:32.0054+00	2022-10-06 20:14:32.0054+00	6
28	30	2022-10-06 20:14:32.0054+00	2022-10-06 20:14:32.0054+00	7
33	30	2022-10-06 20:14:32.0054+00	2022-10-06 20:14:32.0054+00	8
33	30	2022-10-06 20:14:32.0054+00	2022-10-06 20:14:32.0054+00	9
33	30	2022-10-06 20:14:32.0054+00	2022-10-06 20:14:32.0054+00	10
41	30	2022-10-06 20:14:32.0054+00	2022-10-06 20:14:32.0054+00	14
41	30	2022-10-06 20:14:32.0054+00	2022-10-06 20:14:32.0054+00	15
41	30	2022-10-06 20:14:32.0054+00	2022-10-06 20:14:32.0054+00	16
41	30	2022-10-06 20:14:32.0054+00	2022-10-06 20:14:32.0054+00	17
4	40	2022-10-06 20:14:32.0054+00	2022-10-06 20:14:32.0054+00	1
10	40	2022-10-06 20:14:32.0054+00	2022-10-06 20:14:32.0054+00	2
18	40	2022-10-06 20:14:32.0054+00	2022-10-06 20:14:32.0054+00	4
11	40	2022-10-06 20:14:32.0054+00	2022-10-06 20:14:32.0054+00	5
25	40	2022-10-06 20:14:32.0054+00	2022-10-06 20:14:32.0054+00	6
4	40	2022-10-06 20:14:32.0054+00	2022-10-06 20:14:32.0054+00	7
42	40	2022-10-06 20:14:32.0054+00	2022-10-06 20:14:32.0054+00	14
42	40	2022-10-06 20:14:32.0054+00	2022-10-06 20:14:32.0054+00	15
42	40	2022-10-06 20:14:32.0054+00	2022-10-06 20:14:32.0054+00	16
42	40	2022-10-06 20:14:32.0054+00	2022-10-06 20:14:32.0054+00	17
5	50	2022-10-06 20:14:32.0054+00	2022-10-06 20:14:32.0054+00	1
11	50	2022-10-06 20:14:32.0054+00	2022-10-06 20:14:32.0054+00	2
19	50	2022-10-06 20:14:32.0054+00	2022-10-06 20:14:32.0054+00	4
26	50	2022-10-06 20:14:32.0054+00	2022-10-06 20:14:32.0054+00	6
30	50	2022-10-06 20:14:32.0054+00	2022-10-06 20:14:32.0054+00	7
44	20	2022-10-06 20:14:32.07429+00	2022-10-06 20:14:32.07429+00	22
45	30	2022-10-06 20:14:32.07429+00	2022-10-06 20:14:32.07429+00	22
46	40	2022-10-06 20:14:32.07429+00	2022-10-06 20:14:32.07429+00	22
47	50	2022-10-06 20:14:32.07429+00	2022-10-06 20:14:32.07429+00	22
52	10	2022-10-06 20:14:32.07429+00	2022-10-06 20:14:32.07429+00	23
53	20	2022-10-06 20:14:32.07429+00	2022-10-06 20:14:32.07429+00	23
54	30	2022-10-06 20:14:32.07429+00	2022-10-06 20:14:32.07429+00	23
55	40	2022-10-06 20:14:32.07429+00	2022-10-06 20:14:32.07429+00	23
56	50	2022-10-06 20:14:32.07429+00	2022-10-06 20:14:32.07429+00	23
58	10	2022-10-06 20:14:32.07429+00	2022-10-06 20:14:32.07429+00	24
59	20	2022-10-06 20:14:32.07429+00	2022-10-06 20:14:32.07429+00	24
44	20	2022-10-06 20:14:32.07429+00	2022-10-06 20:14:32.07429+00	25
48	30	2022-10-06 20:14:32.07429+00	2022-10-06 20:14:32.07429+00	25
49	40	2022-10-06 20:14:32.07429+00	2022-10-06 20:14:32.07429+00	25
50	50	2022-10-06 20:14:32.07429+00	2022-10-06 20:14:32.07429+00	25
44	20	2022-10-06 20:14:32.07429+00	2022-10-06 20:14:32.07429+00	26
48	30	2022-10-06 20:14:32.07429+00	2022-10-06 20:14:32.07429+00	26
49	40	2022-10-06 20:14:32.07429+00	2022-10-06 20:14:32.07429+00	26
51	50	2022-10-06 20:14:32.07429+00	2022-10-06 20:14:32.07429+00	26
60	60	2022-10-06 20:14:32.092098+00	2022-10-06 20:14:32.092098+00	1
61	30	2022-10-06 20:14:32.099204+00	2022-10-06 20:14:32.099204+00	11
61	30	2022-10-06 20:14:32.099204+00	2022-10-06 20:14:32.099204+00	12
61	30	2022-10-06 20:14:32.099204+00	2022-10-06 20:14:32.099204+00	13
61	30	2022-10-06 20:14:32.099204+00	2022-10-06 20:14:32.099204+00	18
61	30	2022-10-06 20:14:32.099204+00	2022-10-06 20:14:32.099204+00	19
61	30	2022-10-06 20:14:32.099204+00	2022-10-06 20:14:32.099204+00	20
61	30	2022-10-06 20:14:32.099204+00	2022-10-06 20:14:32.099204+00	21
37	40	2022-10-06 20:14:32.0054+00	2022-10-06 20:14:32.099204+00	11
37	40	2022-10-06 20:14:32.0054+00	2022-10-06 20:14:32.099204+00	12
37	40	2022-10-06 20:14:32.0054+00	2022-10-06 20:14:32.099204+00	13
37	40	2022-10-06 20:14:32.0054+00	2022-10-06 20:14:32.099204+00	18
37	40	2022-10-06 20:14:32.0054+00	2022-10-06 20:14:32.099204+00	19
37	40	2022-10-06 20:14:32.0054+00	2022-10-06 20:14:32.099204+00	20
37	40	2022-10-06 20:14:32.0054+00	2022-10-06 20:14:32.099204+00	21
38	50	2022-10-06 20:14:32.0054+00	2022-10-06 20:14:32.099204+00	11
38	50	2022-10-06 20:14:32.0054+00	2022-10-06 20:14:32.099204+00	12
38	50	2022-10-06 20:14:32.0054+00	2022-10-06 20:14:32.099204+00	13
38	50	2022-10-06 20:14:32.0054+00	2022-10-06 20:14:32.099204+00	18
38	50	2022-10-06 20:14:32.0054+00	2022-10-06 20:14:32.099204+00	19
38	50	2022-10-06 20:14:32.0054+00	2022-10-06 20:14:32.099204+00	20
38	50	2022-10-06 20:14:32.0054+00	2022-10-06 20:14:32.099204+00	21
62	50	2022-10-06 20:14:32.107731+00	2022-10-06 20:14:32.107731+00	14
62	50	2022-10-06 20:14:32.107731+00	2022-10-06 20:14:32.107731+00	15
62	50	2022-10-06 20:14:32.107731+00	2022-10-06 20:14:32.107731+00	16
62	50	2022-10-06 20:14:32.107731+00	2022-10-06 20:14:32.107731+00	17
32	20	2022-10-06 20:14:32.107731+00	2022-10-06 20:14:32.107731+00	8
32	20	2022-10-06 20:14:32.107731+00	2022-10-06 20:14:32.107731+00	9
32	20	2022-10-06 20:14:32.107731+00	2022-10-06 20:14:32.107731+00	10
34	40	2022-10-06 20:14:32.107731+00	2022-10-06 20:14:32.107731+00	8
34	40	2022-10-06 20:14:32.107731+00	2022-10-06 20:14:32.107731+00	9
34	40	2022-10-06 20:14:32.107731+00	2022-10-06 20:14:32.107731+00	10
44	20	2022-10-06 20:14:32.118243+00	2022-10-06 20:14:32.118243+00	28
44	20	2022-10-06 20:14:32.118243+00	2022-10-06 20:14:32.118243+00	29
48	30	2022-10-06 20:14:32.118243+00	2022-10-06 20:14:32.118243+00	28
48	30	2022-10-06 20:14:32.118243+00	2022-10-06 20:14:32.118243+00	29
49	40	2022-10-06 20:14:32.118243+00	2022-10-06 20:14:32.118243+00	28
49	40	2022-10-06 20:14:32.118243+00	2022-10-06 20:14:32.118243+00	29
51	50	2022-10-06 20:14:32.118243+00	2022-10-06 20:14:32.118243+00	28
51	50	2022-10-06 20:14:32.118243+00	2022-10-06 20:14:32.118243+00	29
55	20	2022-10-06 20:14:32.118243+00	2022-10-06 20:14:32.118243+00	34
55	20	2022-10-06 20:14:32.118243+00	2022-10-06 20:14:32.118243+00	35
58	10	2022-10-06 20:14:32.118243+00	2022-10-06 20:14:32.118243+00	32
58	10	2022-10-06 20:14:32.118243+00	2022-10-06 20:14:32.118243+00	33
61	30	2022-10-06 20:14:32.118243+00	2022-10-06 20:14:32.118243+00	30
35	10	2022-10-06 20:14:32.118243+00	2022-10-06 20:14:32.118243+00	30
36	20	2022-10-06 20:14:32.118243+00	2022-10-06 20:14:32.118243+00	30
37	40	2022-10-06 20:14:32.118243+00	2022-10-06 20:14:32.118243+00	30
38	50	2022-10-06 20:14:32.118243+00	2022-10-06 20:14:32.118243+00	30
64	20	2022-10-06 20:14:32.118243+00	2022-10-06 20:14:32.118243+00	32
64	20	2022-10-06 20:14:32.118243+00	2022-10-06 20:14:32.118243+00	33
65	30	2022-10-06 20:14:32.118243+00	2022-10-06 20:14:32.118243+00	34
65	30	2022-10-06 20:14:32.118243+00	2022-10-06 20:14:32.118243+00	35
66	40	2022-10-06 20:14:32.118243+00	2022-10-06 20:14:32.118243+00	34
66	40	2022-10-06 20:14:32.118243+00	2022-10-06 20:14:32.118243+00	35
67	50	2022-10-06 20:14:32.118243+00	2022-10-06 20:14:32.118243+00	34
67	50	2022-10-06 20:14:32.118243+00	2022-10-06 20:14:32.118243+00	35
3	30	2022-10-06 20:14:32.132151+00	2022-10-06 20:14:32.132151+00	38
4	20	2022-10-06 20:14:32.132151+00	2022-10-06 20:14:32.132151+00	38
30	50	2022-10-06 20:14:32.132151+00	2022-10-06 20:14:32.132151+00	38
60	60	2022-10-06 20:14:32.132151+00	2022-10-06 20:14:32.132151+00	38
61	30	2022-10-06 20:14:32.132151+00	2022-10-06 20:14:32.132151+00	40
35	10	2022-10-06 20:14:32.132151+00	2022-10-06 20:14:32.132151+00	40
36	20	2022-10-06 20:14:32.132151+00	2022-10-06 20:14:32.132151+00	40
37	40	2022-10-06 20:14:32.132151+00	2022-10-06 20:14:32.132151+00	40
38	50	2022-10-06 20:14:32.132151+00	2022-10-06 20:14:32.132151+00	40
40	20	2022-10-06 20:14:32.132151+00	2022-10-06 20:14:32.132151+00	39
41	30	2022-10-06 20:14:32.132151+00	2022-10-06 20:14:32.132151+00	39
42	40	2022-10-06 20:14:32.132151+00	2022-10-06 20:14:32.132151+00	39
62	50	2022-10-06 20:14:32.132151+00	2022-10-06 20:14:32.132151+00	39
68	40	2022-10-06 20:14:32.132151+00	2022-10-06 20:14:32.132151+00	3
68	50	2022-10-06 20:14:32.132151+00	2022-10-06 20:14:32.132151+00	5
68	60	2022-10-06 20:14:32.132151+00	2022-10-06 20:14:32.132151+00	2
68	60	2022-10-06 20:14:32.132151+00	2022-10-06 20:14:32.132151+00	4
68	60	2022-10-06 20:14:32.132151+00	2022-10-06 20:14:32.132151+00	6
68	60	2022-10-06 20:14:32.132151+00	2022-10-06 20:14:32.132151+00	7
68	60	2022-10-06 20:14:32.132151+00	2022-10-06 20:14:32.132151+00	23
68	60	2022-10-06 20:14:32.132151+00	2022-10-06 20:14:32.132151+00	34
68	60	2022-10-06 20:14:32.132151+00	2022-10-06 20:14:32.132151+00	35
68	70	2022-10-06 20:14:32.132151+00	2022-10-06 20:14:32.132151+00	1
68	70	2022-10-06 20:14:32.132151+00	2022-10-06 20:14:32.132151+00	38
69	10	2022-10-06 20:14:32.132151+00	2022-10-06 20:14:32.132151+00	14
69	10	2022-10-06 20:14:32.132151+00	2022-10-06 20:14:32.132151+00	15
69	10	2022-10-06 20:14:32.132151+00	2022-10-06 20:14:32.132151+00	16
69	10	2022-10-06 20:14:32.132151+00	2022-10-06 20:14:32.132151+00	17
69	10	2022-10-06 20:14:32.132151+00	2022-10-06 20:14:32.132151+00	22
69	10	2022-10-06 20:14:32.132151+00	2022-10-06 20:14:32.132151+00	25
69	10	2022-10-06 20:14:32.132151+00	2022-10-06 20:14:32.132151+00	26
69	10	2022-10-06 20:14:32.132151+00	2022-10-06 20:14:32.132151+00	28
69	10	2022-10-06 20:14:32.132151+00	2022-10-06 20:14:32.132151+00	29
69	10	2022-10-06 20:14:32.132151+00	2022-10-06 20:14:32.132151+00	39
70	10	2022-10-06 20:14:32.132151+00	2022-10-06 20:14:32.132151+00	38
71	40	2022-10-06 20:14:32.132151+00	2022-10-06 20:14:32.132151+00	38
69	10	2022-10-06 20:14:32.149347+00	2022-10-06 20:14:32.149347+00	41
44	20	2022-10-06 20:14:32.149347+00	2022-10-06 20:14:32.149347+00	41
48	30	2022-10-06 20:14:32.149347+00	2022-10-06 20:14:32.149347+00	41
49	40	2022-10-06 20:14:32.149347+00	2022-10-06 20:14:32.149347+00	41
51	50	2022-10-06 20:14:32.149347+00	2022-10-06 20:14:32.149347+00	41
55	20	2022-10-06 20:14:32.149347+00	2022-10-06 20:14:32.149347+00	42
65	30	2022-10-06 20:14:32.149347+00	2022-10-06 20:14:32.149347+00	42
66	40	2022-10-06 20:14:32.149347+00	2022-10-06 20:14:32.149347+00	42
67	50	2022-10-06 20:14:32.149347+00	2022-10-06 20:14:32.149347+00	42
68	60	2022-10-06 20:14:32.149347+00	2022-10-06 20:14:32.149347+00	42
35	10	2022-10-06 20:14:32.149347+00	2022-10-06 20:14:32.149347+00	43
36	20	2022-10-06 20:14:32.149347+00	2022-10-06 20:14:32.149347+00	43
61	30	2022-10-06 20:14:32.149347+00	2022-10-06 20:14:32.149347+00	43
37	40	2022-10-06 20:14:32.149347+00	2022-10-06 20:14:32.149347+00	43
38	50	2022-10-06 20:14:32.149347+00	2022-10-06 20:14:32.149347+00	43
58	10	2022-10-06 20:14:32.149347+00	2022-10-06 20:14:32.149347+00	44
64	20	2022-10-06 20:14:32.149347+00	2022-10-06 20:14:32.149347+00	44
61	30	2022-10-06 20:14:32.149347+00	2022-10-06 20:14:32.149347+00	31
35	10	2022-10-06 20:14:32.149347+00	2022-10-06 20:14:32.149347+00	31
36	20	2022-10-06 20:14:32.149347+00	2022-10-06 20:14:32.149347+00	31
37	40	2022-10-06 20:14:32.149347+00	2022-10-06 20:14:32.149347+00	31
38	50	2022-10-06 20:14:32.149347+00	2022-10-06 20:14:32.149347+00	31
72	10	2022-10-06 20:14:32.149347+00	2022-10-06 20:14:32.149347+00	46
72	10	2022-10-06 20:14:32.149347+00	2022-10-06 20:14:32.149347+00	47
72	10	2022-10-06 20:14:32.149347+00	2022-10-06 20:14:32.149347+00	48
73	20	2022-10-06 20:14:32.149347+00	2022-10-06 20:14:32.149347+00	46
73	20	2022-10-06 20:14:32.149347+00	2022-10-06 20:14:32.149347+00	47
73	20	2022-10-06 20:14:32.149347+00	2022-10-06 20:14:32.149347+00	48
74	30	2022-10-06 20:14:32.149347+00	2022-10-06 20:14:32.149347+00	46
74	30	2022-10-06 20:14:32.149347+00	2022-10-06 20:14:32.149347+00	47
74	30	2022-10-06 20:14:32.149347+00	2022-10-06 20:14:32.149347+00	48
75	40	2022-10-06 20:14:32.149347+00	2022-10-06 20:14:32.149347+00	46
75	40	2022-10-06 20:14:32.149347+00	2022-10-06 20:14:32.149347+00	47
75	40	2022-10-06 20:14:32.149347+00	2022-10-06 20:14:32.149347+00	48
76	50	2022-10-06 20:14:32.149347+00	2022-10-06 20:14:32.149347+00	46
76	50	2022-10-06 20:14:32.149347+00	2022-10-06 20:14:32.149347+00	47
76	50	2022-10-06 20:14:32.149347+00	2022-10-06 20:14:32.149347+00	48
77	60	2022-10-06 20:14:32.149347+00	2022-10-06 20:14:32.149347+00	46
77	60	2022-10-06 20:14:32.149347+00	2022-10-06 20:14:32.149347+00	47
77	60	2022-10-06 20:14:32.149347+00	2022-10-06 20:14:32.149347+00	48
78	70	2022-10-06 20:14:32.149347+00	2022-10-06 20:14:32.149347+00	46
78	70	2022-10-06 20:14:32.149347+00	2022-10-06 20:14:32.149347+00	47
78	70	2022-10-06 20:14:32.149347+00	2022-10-06 20:14:32.149347+00	48
79	10	2022-10-06 20:14:32.149347+00	2022-10-06 20:14:32.149347+00	27
79	10	2022-10-06 20:14:32.149347+00	2022-10-06 20:14:32.149347+00	36
79	10	2022-10-06 20:14:32.149347+00	2022-10-06 20:14:32.149347+00	37
79	10	2022-10-06 20:14:32.149347+00	2022-10-06 20:14:32.149347+00	45
\.


--
-- Data for Name: survey_types; Type: TABLE DATA; Schema: upchieve; Owner: admin
--

COPY upchieve.survey_types (id, name, created_at, updated_at) FROM stdin;
1	presession	2022-10-06 20:14:32.055741+00	2022-10-06 20:14:32.055741+00
2	postsession	2022-10-06 20:14:32.055741+00	2022-10-06 20:14:32.055741+00
\.


--
-- Data for Name: surveys_context; Type: TABLE DATA; Schema: upchieve; Owner: admin
--

COPY upchieve.surveys_context (survey_id, subject_id, survey_type_id, created_at, updated_at) FROM stdin;
1	1	1	2022-10-06 20:14:32.055741+00	2022-10-06 20:14:32.055741+00
1	2	1	2022-10-06 20:14:32.055741+00	2022-10-06 20:14:32.055741+00
1	3	1	2022-10-06 20:14:32.055741+00	2022-10-06 20:14:32.055741+00
1	4	1	2022-10-06 20:14:32.055741+00	2022-10-06 20:14:32.055741+00
1	5	1	2022-10-06 20:14:32.055741+00	2022-10-06 20:14:32.055741+00
1	6	1	2022-10-06 20:14:32.055741+00	2022-10-06 20:14:32.055741+00
1	7	1	2022-10-06 20:14:32.055741+00	2022-10-06 20:14:32.055741+00
1	8	1	2022-10-06 20:14:32.055741+00	2022-10-06 20:14:32.055741+00
1	9	1	2022-10-06 20:14:32.055741+00	2022-10-06 20:14:32.055741+00
1	10	1	2022-10-06 20:14:32.055741+00	2022-10-06 20:14:32.055741+00
1	11	1	2022-10-06 20:14:32.055741+00	2022-10-06 20:14:32.055741+00
1	12	1	2022-10-06 20:14:32.055741+00	2022-10-06 20:14:32.055741+00
1	13	1	2022-10-06 20:14:32.055741+00	2022-10-06 20:14:32.055741+00
1	14	1	2022-10-06 20:14:32.055741+00	2022-10-06 20:14:32.055741+00
1	21	1	2022-10-06 20:14:32.055741+00	2022-10-06 20:14:32.055741+00
1	22	1	2022-10-06 20:14:32.055741+00	2022-10-06 20:14:32.055741+00
1	23	1	2022-10-06 20:14:32.055741+00	2022-10-06 20:14:32.055741+00
1	24	1	2022-10-06 20:14:32.055741+00	2022-10-06 20:14:32.055741+00
2	20	1	2022-10-06 20:14:32.055741+00	2022-10-06 20:14:32.055741+00
3	25	1	2022-10-06 20:14:32.055741+00	2022-10-06 20:14:32.055741+00
4	18	1	2022-10-06 20:14:32.055741+00	2022-10-06 20:14:32.055741+00
6	19	1	2022-10-06 20:14:32.055741+00	2022-10-06 20:14:32.055741+00
7	15	1	2022-10-06 20:14:32.055741+00	2022-10-06 20:14:32.055741+00
7	16	1	2022-10-06 20:14:32.055741+00	2022-10-06 20:14:32.055741+00
8	1	2	2022-10-06 20:14:32.07429+00	2022-10-06 20:14:32.07429+00
8	2	2	2022-10-06 20:14:32.07429+00	2022-10-06 20:14:32.07429+00
8	3	2	2022-10-06 20:14:32.07429+00	2022-10-06 20:14:32.07429+00
8	4	2	2022-10-06 20:14:32.07429+00	2022-10-06 20:14:32.07429+00
8	5	2	2022-10-06 20:14:32.07429+00	2022-10-06 20:14:32.07429+00
8	6	2	2022-10-06 20:14:32.07429+00	2022-10-06 20:14:32.07429+00
8	7	2	2022-10-06 20:14:32.07429+00	2022-10-06 20:14:32.07429+00
8	8	2	2022-10-06 20:14:32.07429+00	2022-10-06 20:14:32.07429+00
8	9	2	2022-10-06 20:14:32.07429+00	2022-10-06 20:14:32.07429+00
8	10	2	2022-10-06 20:14:32.07429+00	2022-10-06 20:14:32.07429+00
8	11	2	2022-10-06 20:14:32.07429+00	2022-10-06 20:14:32.07429+00
8	12	2	2022-10-06 20:14:32.07429+00	2022-10-06 20:14:32.07429+00
8	13	2	2022-10-06 20:14:32.07429+00	2022-10-06 20:14:32.07429+00
8	14	2	2022-10-06 20:14:32.07429+00	2022-10-06 20:14:32.07429+00
8	15	2	2022-10-06 20:14:32.07429+00	2022-10-06 20:14:32.07429+00
8	16	2	2022-10-06 20:14:32.07429+00	2022-10-06 20:14:32.07429+00
8	17	2	2022-10-06 20:14:32.07429+00	2022-10-06 20:14:32.07429+00
8	18	2	2022-10-06 20:14:32.07429+00	2022-10-06 20:14:32.07429+00
8	19	2	2022-10-06 20:14:32.07429+00	2022-10-06 20:14:32.07429+00
8	20	2	2022-10-06 20:14:32.07429+00	2022-10-06 20:14:32.07429+00
8	21	2	2022-10-06 20:14:32.07429+00	2022-10-06 20:14:32.07429+00
8	22	2	2022-10-06 20:14:32.07429+00	2022-10-06 20:14:32.07429+00
8	23	2	2022-10-06 20:14:32.07429+00	2022-10-06 20:14:32.07429+00
8	24	2	2022-10-06 20:14:32.07429+00	2022-10-06 20:14:32.07429+00
8	25	2	2022-10-06 20:14:32.07429+00	2022-10-06 20:14:32.07429+00
5	17	1	2022-10-06 20:14:32.107731+00	2022-10-06 20:14:32.107731+00
9	1	2	2022-10-06 20:14:32.118243+00	2022-10-06 20:14:32.118243+00
9	2	2	2022-10-06 20:14:32.118243+00	2022-10-06 20:14:32.118243+00
9	3	2	2022-10-06 20:14:32.118243+00	2022-10-06 20:14:32.118243+00
9	4	2	2022-10-06 20:14:32.118243+00	2022-10-06 20:14:32.118243+00
9	5	2	2022-10-06 20:14:32.118243+00	2022-10-06 20:14:32.118243+00
9	6	2	2022-10-06 20:14:32.118243+00	2022-10-06 20:14:32.118243+00
9	7	2	2022-10-06 20:14:32.118243+00	2022-10-06 20:14:32.118243+00
9	8	2	2022-10-06 20:14:32.118243+00	2022-10-06 20:14:32.118243+00
9	9	2	2022-10-06 20:14:32.118243+00	2022-10-06 20:14:32.118243+00
9	10	2	2022-10-06 20:14:32.118243+00	2022-10-06 20:14:32.118243+00
9	11	2	2022-10-06 20:14:32.118243+00	2022-10-06 20:14:32.118243+00
9	12	2	2022-10-06 20:14:32.118243+00	2022-10-06 20:14:32.118243+00
9	13	2	2022-10-06 20:14:32.118243+00	2022-10-06 20:14:32.118243+00
9	14	2	2022-10-06 20:14:32.118243+00	2022-10-06 20:14:32.118243+00
9	20	2	2022-10-06 20:14:32.118243+00	2022-10-06 20:14:32.118243+00
9	21	2	2022-10-06 20:14:32.118243+00	2022-10-06 20:14:32.118243+00
9	22	2	2022-10-06 20:14:32.118243+00	2022-10-06 20:14:32.118243+00
9	23	2	2022-10-06 20:14:32.118243+00	2022-10-06 20:14:32.118243+00
9	24	2	2022-10-06 20:14:32.118243+00	2022-10-06 20:14:32.118243+00
9	25	2	2022-10-06 20:14:32.118243+00	2022-10-06 20:14:32.118243+00
10	15	2	2022-10-06 20:14:32.118243+00	2022-10-06 20:14:32.118243+00
10	16	2	2022-10-06 20:14:32.118243+00	2022-10-06 20:14:32.118243+00
12	26	1	2022-10-06 20:14:32.132151+00	2022-10-06 20:14:32.132151+00
8	26	2	2022-10-06 20:14:32.149347+00	2022-10-06 20:14:32.149347+00
9	26	2	2022-10-06 20:14:32.149347+00	2022-10-06 20:14:32.149347+00
11	17	2	2022-10-06 20:14:32.149347+00	2022-10-06 20:14:32.149347+00
11	18	2	2022-10-06 20:14:32.149347+00	2022-10-06 20:14:32.149347+00
11	19	2	2022-10-06 20:14:32.149347+00	2022-10-06 20:14:32.149347+00
\.


--
-- Data for Name: training_courses; Type: TABLE DATA; Schema: upchieve; Owner: admin
--

COPY upchieve.training_courses (id, name, created_at, updated_at) FROM stdin;
1	upchieve101	2022-10-06 20:14:30.688586+00	2022-10-06 20:14:30.688586+00
\.


--
-- Data for Name: user_actions; Type: TABLE DATA; Schema: upchieve; Owner: admin
--

COPY upchieve.user_actions (id, user_id, session_id, action_type, action, ip_address_id, device, browser, browser_version, operating_system, operating_system_version, quiz_subcategory, quiz_category, created_at, updated_at, mongo_id, reference_email, volunteer_id, ban_reason) FROM stdin;
\.


--
-- Data for Name: user_product_flags; Type: TABLE DATA; Schema: upchieve; Owner: admin
--

COPY upchieve.user_product_flags (user_id, sent_ready_to_coach_email, sent_hour_summary_intro_email, sent_inactive_thirty_day_email, sent_inactive_sixty_day_email, sent_inactive_ninety_day_email, gates_qualified, created_at, updated_at, in_gates_study) FROM stdin;
\.


--
-- Data for Name: user_session_metrics; Type: TABLE DATA; Schema: upchieve; Owner: admin
--

COPY upchieve.user_session_metrics (user_id, absent_student, absent_volunteer, low_session_rating_from_coach, low_session_rating_from_student, low_coach_rating_from_student, reported, only_looking_for_answers, rude_or_inappropriate, comment_from_student, comment_from_volunteer, has_been_unmatched, has_had_technical_issues, created_at, updated_at, personal_identifying_info, graded_assignment, coach_uncomfortable, student_crisis) FROM stdin;
0183aeef-81ac-594f-221c-1d95d1be18b0	0	0	0	0	0	0	0	0	0	0	0	0	2022-10-06 20:14:35.457114+00	2022-10-06 20:14:35.457114+00	0	0	0	0
0183aeef-81ac-8e5c-ec5e-9d156ae83644	0	0	0	0	0	0	0	0	0	0	0	0	2022-10-06 20:14:35.4607+00	2022-10-06 20:14:35.4607+00	0	0	0	0
0183aeef-81ac-c7a6-e8b8-f9410a6b162d	0	0	0	0	0	0	0	0	0	0	0	0	2022-10-06 20:14:35.46394+00	2022-10-06 20:14:35.46394+00	0	0	0	0
0183aeef-81ac-0e1d-6d26-1e3623b1ac26	0	0	0	0	0	0	0	0	0	0	0	0	2022-10-06 20:14:35.467364+00	2022-10-06 20:14:35.467364+00	0	0	0	0
0183aeef-81ac-9bfd-52eb-4c3e582a9100	0	0	0	0	0	0	0	0	0	0	0	0	2022-10-06 20:14:35.470576+00	2022-10-06 20:14:35.470576+00	0	0	0	0
0183aeef-81ac-992d-8825-879168113c54	0	0	0	0	0	0	0	0	0	0	0	0	2022-10-06 20:14:35.47373+00	2022-10-06 20:14:35.47373+00	0	0	0	0
0183aeef-831a-276e-6711-7d76c1cd666e	0	0	0	0	0	0	0	0	0	0	0	0	2022-10-06 20:14:35.822276+00	2022-10-06 20:14:35.822276+00	0	0	0	0
0183aeef-831a-912c-1c33-6475d9710b8d	0	0	0	0	0	0	0	0	0	0	0	0	2022-10-06 20:14:35.826536+00	2022-10-06 20:14:35.826536+00	0	0	0	0
0183aeef-831a-df8e-c365-3c8230f3cdef	0	0	0	0	0	0	0	0	0	0	0	0	2022-10-06 20:14:35.8316+00	2022-10-06 20:14:35.8316+00	0	0	0	0
\.


--
-- Data for Name: users_certifications; Type: TABLE DATA; Schema: upchieve; Owner: admin
--

COPY upchieve.users_certifications (user_id, certification_id, created_at, updated_at) FROM stdin;
0183aeef-81ac-594f-221c-1d95d1be18b0	1	2022-10-06 20:14:35.486509+00	2022-10-06 20:14:35.486509+00
0183aeef-81ac-594f-221c-1d95d1be18b0	16	2022-10-06 20:14:35.493919+00	2022-10-06 20:14:35.493919+00
0183aeef-81ac-594f-221c-1d95d1be18b0	17	2022-10-06 20:14:35.499275+00	2022-10-06 20:14:35.499275+00
0183aeef-81ac-594f-221c-1d95d1be18b0	11	2022-10-06 20:14:35.503807+00	2022-10-06 20:14:35.503807+00
0183aeef-81ac-594f-221c-1d95d1be18b0	4	2022-10-06 20:14:35.508327+00	2022-10-06 20:14:35.508327+00
0183aeef-81ac-594f-221c-1d95d1be18b0	20	2022-10-06 20:14:35.515933+00	2022-10-06 20:14:35.515933+00
0183aeef-81ac-594f-221c-1d95d1be18b0	5	2022-10-06 20:14:35.521837+00	2022-10-06 20:14:35.521837+00
0183aeef-81ac-594f-221c-1d95d1be18b0	9	2022-10-06 20:14:35.526959+00	2022-10-06 20:14:35.526959+00
0183aeef-81ac-594f-221c-1d95d1be18b0	3	2022-10-06 20:14:35.532454+00	2022-10-06 20:14:35.532454+00
0183aeef-81ac-594f-221c-1d95d1be18b0	6	2022-10-06 20:14:35.540358+00	2022-10-06 20:14:35.540358+00
0183aeef-81ac-594f-221c-1d95d1be18b0	19	2022-10-06 20:14:35.546391+00	2022-10-06 20:14:35.546391+00
0183aeef-81ac-594f-221c-1d95d1be18b0	18	2022-10-06 20:14:35.551667+00	2022-10-06 20:14:35.551667+00
0183aeef-81ac-594f-221c-1d95d1be18b0	15	2022-10-06 20:14:35.557102+00	2022-10-06 20:14:35.557102+00
0183aeef-81ac-8e5c-ec5e-9d156ae83644	1	2022-10-06 20:14:35.564127+00	2022-10-06 20:14:35.564127+00
0183aeef-81ac-8e5c-ec5e-9d156ae83644	12	2022-10-06 20:14:35.569299+00	2022-10-06 20:14:35.569299+00
0183aeef-81ac-8e5c-ec5e-9d156ae83644	23	2022-10-06 20:14:35.574386+00	2022-10-06 20:14:35.574386+00
0183aeef-81ac-8e5c-ec5e-9d156ae83644	16	2022-10-06 20:14:35.579224+00	2022-10-06 20:14:35.579224+00
0183aeef-81ac-8e5c-ec5e-9d156ae83644	17	2022-10-06 20:14:35.584158+00	2022-10-06 20:14:35.584158+00
0183aeef-81ac-8e5c-ec5e-9d156ae83644	10	2022-10-06 20:14:35.588895+00	2022-10-06 20:14:35.588895+00
0183aeef-81ac-8e5c-ec5e-9d156ae83644	4	2022-10-06 20:14:35.593565+00	2022-10-06 20:14:35.593565+00
0183aeef-81ac-8e5c-ec5e-9d156ae83644	20	2022-10-06 20:14:35.598653+00	2022-10-06 20:14:35.598653+00
0183aeef-81ac-8e5c-ec5e-9d156ae83644	5	2022-10-06 20:14:35.603893+00	2022-10-06 20:14:35.603893+00
0183aeef-81ac-8e5c-ec5e-9d156ae83644	9	2022-10-06 20:14:35.609346+00	2022-10-06 20:14:35.609346+00
0183aeef-81ac-8e5c-ec5e-9d156ae83644	3	2022-10-06 20:14:35.616036+00	2022-10-06 20:14:35.616036+00
0183aeef-81ac-8e5c-ec5e-9d156ae83644	6	2022-10-06 20:14:35.620964+00	2022-10-06 20:14:35.620964+00
0183aeef-81ac-8e5c-ec5e-9d156ae83644	11	2022-10-06 20:14:35.625546+00	2022-10-06 20:14:35.625546+00
0183aeef-81ac-8e5c-ec5e-9d156ae83644	19	2022-10-06 20:14:35.630145+00	2022-10-06 20:14:35.630145+00
0183aeef-81ac-8e5c-ec5e-9d156ae83644	18	2022-10-06 20:14:35.636303+00	2022-10-06 20:14:35.636303+00
0183aeef-81ac-c7a6-e8b8-f9410a6b162d	1	2022-10-06 20:14:35.641429+00	2022-10-06 20:14:35.641429+00
0183aeef-81ac-c7a6-e8b8-f9410a6b162d	16	2022-10-06 20:14:35.64618+00	2022-10-06 20:14:35.64618+00
0183aeef-81ac-c7a6-e8b8-f9410a6b162d	17	2022-10-06 20:14:35.651289+00	2022-10-06 20:14:35.651289+00
0183aeef-81ac-c7a6-e8b8-f9410a6b162d	10	2022-10-06 20:14:35.658281+00	2022-10-06 20:14:35.658281+00
0183aeef-81ac-c7a6-e8b8-f9410a6b162d	4	2022-10-06 20:14:35.663089+00	2022-10-06 20:14:35.663089+00
0183aeef-81ac-c7a6-e8b8-f9410a6b162d	20	2022-10-06 20:14:35.668254+00	2022-10-06 20:14:35.668254+00
0183aeef-81ac-c7a6-e8b8-f9410a6b162d	5	2022-10-06 20:14:35.674358+00	2022-10-06 20:14:35.674358+00
0183aeef-81ac-c7a6-e8b8-f9410a6b162d	9	2022-10-06 20:14:35.682073+00	2022-10-06 20:14:35.682073+00
0183aeef-81ac-c7a6-e8b8-f9410a6b162d	3	2022-10-06 20:14:35.688085+00	2022-10-06 20:14:35.688085+00
0183aeef-81ac-c7a6-e8b8-f9410a6b162d	6	2022-10-06 20:14:35.694714+00	2022-10-06 20:14:35.694714+00
0183aeef-81ac-c7a6-e8b8-f9410a6b162d	11	2022-10-06 20:14:35.701274+00	2022-10-06 20:14:35.701274+00
0183aeef-81ac-c7a6-e8b8-f9410a6b162d	19	2022-10-06 20:14:35.707661+00	2022-10-06 20:14:35.707661+00
0183aeef-81ac-c7a6-e8b8-f9410a6b162d	18	2022-10-06 20:14:35.714109+00	2022-10-06 20:14:35.714109+00
\.


--
-- Data for Name: users_ip_addresses; Type: TABLE DATA; Schema: upchieve; Owner: admin
--

COPY upchieve.users_ip_addresses (id, ip_address_id, user_id, created_at, updated_at) FROM stdin;
\.


--
-- Data for Name: users_quizzes; Type: TABLE DATA; Schema: upchieve; Owner: admin
--

COPY upchieve.users_quizzes (user_id, quiz_id, attempts, passed, created_at, updated_at) FROM stdin;
0183aeef-81ac-594f-221c-1d95d1be18b0	1	1	t	2022-10-06 20:14:35.721221+00	2022-10-06 20:14:35.721221+00
0183aeef-81ac-594f-221c-1d95d1be18b0	16	1	t	2022-10-06 20:14:35.724669+00	2022-10-06 20:14:35.724669+00
0183aeef-81ac-594f-221c-1d95d1be18b0	17	1	t	2022-10-06 20:14:35.728221+00	2022-10-06 20:14:35.728221+00
0183aeef-81ac-594f-221c-1d95d1be18b0	10	1	t	2022-10-06 20:14:35.731102+00	2022-10-06 20:14:35.731102+00
0183aeef-81ac-594f-221c-1d95d1be18b0	4	1	t	2022-10-06 20:14:35.733487+00	2022-10-06 20:14:35.733487+00
0183aeef-81ac-594f-221c-1d95d1be18b0	20	1	t	2022-10-06 20:14:35.736046+00	2022-10-06 20:14:35.736046+00
0183aeef-81ac-594f-221c-1d95d1be18b0	5	1	t	2022-10-06 20:14:35.738504+00	2022-10-06 20:14:35.738504+00
0183aeef-81ac-594f-221c-1d95d1be18b0	9	1	t	2022-10-06 20:14:35.741169+00	2022-10-06 20:14:35.741169+00
0183aeef-81ac-594f-221c-1d95d1be18b0	3	1	t	2022-10-06 20:14:35.744694+00	2022-10-06 20:14:35.744694+00
0183aeef-81ac-594f-221c-1d95d1be18b0	6	1	t	2022-10-06 20:14:35.748012+00	2022-10-06 20:14:35.748012+00
0183aeef-81ac-594f-221c-1d95d1be18b0	11	1	t	2022-10-06 20:14:35.751137+00	2022-10-06 20:14:35.751137+00
0183aeef-81ac-594f-221c-1d95d1be18b0	19	1	t	2022-10-06 20:14:35.754931+00	2022-10-06 20:14:35.754931+00
0183aeef-81ac-594f-221c-1d95d1be18b0	18	1	t	2022-10-06 20:14:35.757546+00	2022-10-06 20:14:35.757546+00
0183aeef-81ac-594f-221c-1d95d1be18b0	15	1	t	2022-10-06 20:14:35.760653+00	2022-10-06 20:14:35.760653+00
0183aeef-81ac-594f-221c-1d95d1be18b0	23	1	t	2022-10-06 20:14:35.763075+00	2022-10-06 20:14:35.763075+00
0183aeef-81ac-594f-221c-1d95d1be18b0	22	1	t	2022-10-06 20:14:35.765521+00	2022-10-06 20:14:35.765521+00
0183aeef-81ac-594f-221c-1d95d1be18b0	25	1	t	2022-10-06 20:14:35.768034+00	2022-10-06 20:14:35.768034+00
0183aeef-81ac-594f-221c-1d95d1be18b0	12	1	t	2022-10-06 20:14:35.770429+00	2022-10-06 20:14:35.770429+00
0183aeef-81ac-8e5c-ec5e-9d156ae83644	1	1	t	2022-10-06 20:14:35.7727+00	2022-10-06 20:14:35.7727+00
0183aeef-81ac-8e5c-ec5e-9d156ae83644	16	1	t	2022-10-06 20:14:35.774943+00	2022-10-06 20:14:35.774943+00
0183aeef-81ac-8e5c-ec5e-9d156ae83644	17	1	t	2022-10-06 20:14:35.776975+00	2022-10-06 20:14:35.776975+00
0183aeef-81ac-8e5c-ec5e-9d156ae83644	10	1	t	2022-10-06 20:14:35.779033+00	2022-10-06 20:14:35.779033+00
0183aeef-81ac-8e5c-ec5e-9d156ae83644	4	1	t	2022-10-06 20:14:35.781012+00	2022-10-06 20:14:35.781012+00
0183aeef-81ac-8e5c-ec5e-9d156ae83644	20	1	t	2022-10-06 20:14:35.782781+00	2022-10-06 20:14:35.782781+00
0183aeef-81ac-8e5c-ec5e-9d156ae83644	5	1	t	2022-10-06 20:14:35.784649+00	2022-10-06 20:14:35.784649+00
0183aeef-81ac-8e5c-ec5e-9d156ae83644	9	1	t	2022-10-06 20:14:35.786705+00	2022-10-06 20:14:35.786705+00
0183aeef-81ac-8e5c-ec5e-9d156ae83644	3	1	t	2022-10-06 20:14:35.788949+00	2022-10-06 20:14:35.788949+00
0183aeef-81ac-8e5c-ec5e-9d156ae83644	6	1	t	2022-10-06 20:14:35.79082+00	2022-10-06 20:14:35.79082+00
0183aeef-81ac-8e5c-ec5e-9d156ae83644	11	1	t	2022-10-06 20:14:35.79265+00	2022-10-06 20:14:35.79265+00
0183aeef-81ac-8e5c-ec5e-9d156ae83644	19	1	t	2022-10-06 20:14:35.794312+00	2022-10-06 20:14:35.794312+00
0183aeef-81ac-8e5c-ec5e-9d156ae83644	18	1	t	2022-10-06 20:14:35.79579+00	2022-10-06 20:14:35.79579+00
0183aeef-81ac-c7a6-e8b8-f9410a6b162d	1	1	t	2022-10-06 20:14:35.797106+00	2022-10-06 20:14:35.797106+00
0183aeef-81ac-c7a6-e8b8-f9410a6b162d	16	1	t	2022-10-06 20:14:35.79844+00	2022-10-06 20:14:35.79844+00
0183aeef-81ac-c7a6-e8b8-f9410a6b162d	17	1	t	2022-10-06 20:14:35.799967+00	2022-10-06 20:14:35.799967+00
0183aeef-81ac-c7a6-e8b8-f9410a6b162d	10	1	t	2022-10-06 20:14:35.80195+00	2022-10-06 20:14:35.80195+00
0183aeef-81ac-c7a6-e8b8-f9410a6b162d	4	1	t	2022-10-06 20:14:35.803288+00	2022-10-06 20:14:35.803288+00
0183aeef-81ac-c7a6-e8b8-f9410a6b162d	20	1	t	2022-10-06 20:14:35.804722+00	2022-10-06 20:14:35.804722+00
0183aeef-81ac-c7a6-e8b8-f9410a6b162d	5	1	t	2022-10-06 20:14:35.806436+00	2022-10-06 20:14:35.806436+00
0183aeef-81ac-c7a6-e8b8-f9410a6b162d	9	1	t	2022-10-06 20:14:35.808004+00	2022-10-06 20:14:35.808004+00
0183aeef-81ac-c7a6-e8b8-f9410a6b162d	3	1	t	2022-10-06 20:14:35.809458+00	2022-10-06 20:14:35.809458+00
0183aeef-81ac-c7a6-e8b8-f9410a6b162d	6	1	t	2022-10-06 20:14:35.81097+00	2022-10-06 20:14:35.81097+00
0183aeef-81ac-c7a6-e8b8-f9410a6b162d	11	1	t	2022-10-06 20:14:35.812931+00	2022-10-06 20:14:35.812931+00
0183aeef-81ac-c7a6-e8b8-f9410a6b162d	19	1	t	2022-10-06 20:14:35.814679+00	2022-10-06 20:14:35.814679+00
0183aeef-81ac-c7a6-e8b8-f9410a6b162d	18	1	t	2022-10-06 20:14:35.816136+00	2022-10-06 20:14:35.816136+00
\.


--
-- Data for Name: users_roles; Type: TABLE DATA; Schema: upchieve; Owner: admin
--

COPY upchieve.users_roles (user_id, role_id, created_at, updated_at) FROM stdin;
\.


--
-- Data for Name: users_student_partner_orgs_instances; Type: TABLE DATA; Schema: upchieve; Owner: admin
--

COPY upchieve.users_student_partner_orgs_instances (user_id, student_partner_org_id, student_partner_org_site_id, deactivated_on, created_at, updated_at, student_partner_org_user_id) FROM stdin;
\.


--
-- Data for Name: users_surveys; Type: TABLE DATA; Schema: upchieve; Owner: admin
--

COPY upchieve.users_surveys (id, survey_id, user_id, session_id, survey_type_id, created_at, updated_at) FROM stdin;
\.


--
-- Data for Name: users_surveys_submissions; Type: TABLE DATA; Schema: upchieve; Owner: admin
--

COPY upchieve.users_surveys_submissions (user_survey_id, survey_question_id, survey_response_choice_id, open_response, created_at, updated_at) FROM stdin;
\.


--
-- Data for Name: users_training_courses; Type: TABLE DATA; Schema: upchieve; Owner: admin
--

COPY upchieve.users_training_courses (user_id, training_course_id, complete, progress, completed_materials, created_at, updated_at) FROM stdin;
\.


--
-- Data for Name: users_volunteer_partner_orgs_instances; Type: TABLE DATA; Schema: upchieve; Owner: admin
--

COPY upchieve.users_volunteer_partner_orgs_instances (user_id, volunteer_partner_org_id, deactivated_on, created_at, updated_at) FROM stdin;
\.


--
-- Data for Name: volunteer_occupations; Type: TABLE DATA; Schema: upchieve; Owner: admin
--

COPY upchieve.volunteer_occupations (user_id, occupation, created_at, updated_at) FROM stdin;
\.


--
-- Data for Name: volunteer_partner_orgs_upchieve_instances; Type: TABLE DATA; Schema: upchieve; Owner: admin
--

COPY upchieve.volunteer_partner_orgs_upchieve_instances (id, volunteer_partner_org_id, deactivated_on, created_at, updated_at) FROM stdin;
\.


--
-- Data for Name: volunteer_profiles; Type: TABLE DATA; Schema: upchieve; Owner: admin
--

COPY upchieve.volunteer_profiles (user_id, volunteer_partner_org_id, timezone, approved, onboarded, photo_id_s3_key, photo_id_status, linkedin_url, college, company, languages, experience, city, state, country, created_at, updated_at, total_volunteer_hours, elapsed_availability) FROM stdin;
0183aeef-81ac-594f-221c-1d95d1be18b0	0183aeef-8179-c5ba-4383-23163033dc33	America/New_York	t	t	\N	\N	\N	Volunteer College	\N	\N	\N	\N	\N	\N	2022-10-06 20:14:35.475399+00	2022-10-06 20:14:35.475399+00	\N	\N
0183aeef-81ac-8e5c-ec5e-9d156ae83644	0183aeef-8179-d36a-44e0-b310bfe2cbe8	America/New_York	t	t	\N	\N	\N	Volunteer College	\N	\N	\N	\N	\N	\N	2022-10-06 20:14:35.477415+00	2022-10-06 20:14:35.477415+00	\N	\N
0183aeef-81ac-c7a6-e8b8-f9410a6b162d	\N	America/Denver	t	t	\N	\N	\N	Volunteer College	\N	\N	\N	\N	\N	\N	2022-10-06 20:14:35.47924+00	2022-10-06 20:14:35.47924+00	\N	\N
0183aeef-81ac-0e1d-6d26-1e3623b1ac26	\N	America/New_York	t	f	\N	\N	\N	Volunteer College	\N	\N	\N	\N	\N	\N	2022-10-06 20:14:35.481167+00	2022-10-06 20:14:35.481167+00	\N	\N
0183aeef-81ac-9bfd-52eb-4c3e582a9100	\N	America/New_York	f	f	\N	\N	\N	Volunteer College	\N	\N	\N	\N	\N	\N	2022-10-06 20:14:35.482944+00	2022-10-06 20:14:35.482944+00	\N	\N
0183aeef-81ac-992d-8825-879168113c54	\N	America/New_York	t	t	\N	\N	\N		\N	\N	\N	\N	\N	\N	2022-10-06 20:14:35.48473+00	2022-10-06 20:14:35.48473+00	\N	\N
\.


--
-- Data for Name: volunteer_reference_statuses; Type: TABLE DATA; Schema: upchieve; Owner: admin
--

COPY upchieve.volunteer_reference_statuses (id, name, created_at, updated_at) FROM stdin;
1	sent	2022-10-06 20:14:30.690531+00	2022-10-06 20:14:30.690531+00
2	submitted	2022-10-06 20:14:30.692384+00	2022-10-06 20:14:30.692384+00
3	approved	2022-10-06 20:14:30.693971+00	2022-10-06 20:14:30.693971+00
4	rejected	2022-10-06 20:14:30.695347+00	2022-10-06 20:14:30.695347+00
5	removed	2022-10-06 20:14:30.696859+00	2022-10-06 20:14:30.696859+00
6	unsent	2022-10-06 20:14:30.698513+00	2022-10-06 20:14:30.698513+00
\.


--
-- Data for Name: volunteer_references; Type: TABLE DATA; Schema: upchieve; Owner: admin
--

COPY upchieve.volunteer_references (id, user_id, first_name, last_name, email, status_id, sent_at, affiliation, relationship_length, patient, positive_role_model, agreeable_and_approachable, communicates_effectively, rejection_reason, additional_info, created_at, updated_at, trustworthy_with_children) FROM stdin;
\.


--
-- Name: ban_reasons_id_seq; Type: SEQUENCE SET; Schema: upchieve; Owner: admin
--

SELECT pg_catalog.setval('upchieve.ban_reasons_id_seq', 5, true);


--
-- Name: certifications_id_seq; Type: SEQUENCE SET; Schema: upchieve; Owner: admin
--

SELECT pg_catalog.setval('upchieve.certifications_id_seq', 23, true);


--
-- Name: cities_id_seq; Type: SEQUENCE SET; Schema: upchieve; Owner: admin
--

SELECT pg_catalog.setval('upchieve.cities_id_seq', 2, true);


--
-- Name: grade_levels_id_seq; Type: SEQUENCE SET; Schema: upchieve; Owner: admin
--

SELECT pg_catalog.setval('upchieve.grade_levels_id_seq', 6, true);


--
-- Name: ip_addresses_id_seq; Type: SEQUENCE SET; Schema: upchieve; Owner: admin
--

SELECT pg_catalog.setval('upchieve.ip_addresses_id_seq', 1, false);


--
-- Name: notification_methods_id_seq; Type: SEQUENCE SET; Schema: upchieve; Owner: admin
--

SELECT pg_catalog.setval('upchieve.notification_methods_id_seq', 4, true);


--
-- Name: notification_priority_groups_id_seq; Type: SEQUENCE SET; Schema: upchieve; Owner: admin
--

SELECT pg_catalog.setval('upchieve.notification_priority_groups_id_seq', 19, true);


--
-- Name: notification_types_id_seq; Type: SEQUENCE SET; Schema: upchieve; Owner: admin
--

SELECT pg_catalog.setval('upchieve.notification_types_id_seq', 2, true);


--
-- Name: photo_id_statuses_id_seq; Type: SEQUENCE SET; Schema: upchieve; Owner: admin
--

SELECT pg_catalog.setval('upchieve.photo_id_statuses_id_seq', 4, true);


--
-- Name: question_tags_id_seq; Type: SEQUENCE SET; Schema: upchieve; Owner: admin
--

SELECT pg_catalog.setval('upchieve.question_tags_id_seq', 1, false);


--
-- Name: question_types_id_seq; Type: SEQUENCE SET; Schema: upchieve; Owner: admin
--

SELECT pg_catalog.setval('upchieve.question_types_id_seq', 3, true);


--
-- Name: quiz_questions_id_seq; Type: SEQUENCE SET; Schema: upchieve; Owner: admin
--

SELECT pg_catalog.setval('upchieve.quiz_questions_id_seq', 1, false);


--
-- Name: quiz_subcategories_id_seq; Type: SEQUENCE SET; Schema: upchieve; Owner: admin
--

SELECT pg_catalog.setval('upchieve.quiz_subcategories_id_seq', 299, true);


--
-- Name: quizzes_id_seq; Type: SEQUENCE SET; Schema: upchieve; Owner: admin
--

SELECT pg_catalog.setval('upchieve.quizzes_id_seq', 25, true);


--
-- Name: report_reasons_id_seq; Type: SEQUENCE SET; Schema: upchieve; Owner: admin
--

SELECT pg_catalog.setval('upchieve.report_reasons_id_seq', 5, true);


--
-- Name: session_flags_id_seq; Type: SEQUENCE SET; Schema: upchieve; Owner: admin
--

SELECT pg_catalog.setval('upchieve.session_flags_id_seq', 16, true);


--
-- Name: signup_sources_id_seq; Type: SEQUENCE SET; Schema: upchieve; Owner: admin
--

SELECT pg_catalog.setval('upchieve.signup_sources_id_seq', 7, true);


--
-- Name: subjects_id_seq; Type: SEQUENCE SET; Schema: upchieve; Owner: admin
--

SELECT pg_catalog.setval('upchieve.subjects_id_seq', 26, true);


--
-- Name: survey_questions_id_seq; Type: SEQUENCE SET; Schema: upchieve; Owner: admin
--

SELECT pg_catalog.setval('upchieve.survey_questions_id_seq', 19, true);


--
-- Name: survey_questions_question_tags_id_seq; Type: SEQUENCE SET; Schema: upchieve; Owner: admin
--

SELECT pg_catalog.setval('upchieve.survey_questions_question_tags_id_seq', 1, false);


--
-- Name: survey_response_choices_id_seq; Type: SEQUENCE SET; Schema: upchieve; Owner: admin
--

SELECT pg_catalog.setval('upchieve.survey_response_choices_id_seq', 79, true);


--
-- Name: survey_types_id_seq; Type: SEQUENCE SET; Schema: upchieve; Owner: admin
--

SELECT pg_catalog.setval('upchieve.survey_types_id_seq', 3, true);


--
-- Name: surveys_id_seq; Type: SEQUENCE SET; Schema: upchieve; Owner: admin
--

SELECT pg_catalog.setval('upchieve.surveys_id_seq', 12, true);


--
-- Name: surveys_survey_questions_id_seq; Type: SEQUENCE SET; Schema: upchieve; Owner: admin
--

SELECT pg_catalog.setval('upchieve.surveys_survey_questions_id_seq', 48, true);


--
-- Name: tool_types_id_seq; Type: SEQUENCE SET; Schema: upchieve; Owner: admin
--

SELECT pg_catalog.setval('upchieve.tool_types_id_seq', 2, true);


--
-- Name: topics_id_seq; Type: SEQUENCE SET; Schema: upchieve; Owner: admin
--

SELECT pg_catalog.setval('upchieve.topics_id_seq', 6, true);


--
-- Name: training_courses_id_seq; Type: SEQUENCE SET; Schema: upchieve; Owner: admin
--

SELECT pg_catalog.setval('upchieve.training_courses_id_seq', 1, true);


--
-- Name: user_actions_id_seq; Type: SEQUENCE SET; Schema: upchieve; Owner: admin
--

SELECT pg_catalog.setval('upchieve.user_actions_id_seq', 1, false);


--
-- Name: user_roles_id_seq; Type: SEQUENCE SET; Schema: upchieve; Owner: admin
--

SELECT pg_catalog.setval('upchieve.user_roles_id_seq', 3, true);


--
-- Name: volunteer_reference_statuses_id_seq; Type: SEQUENCE SET; Schema: upchieve; Owner: admin
--

SELECT pg_catalog.setval('upchieve.volunteer_reference_statuses_id_seq', 6, true);


--
-- Name: weekdays_id_seq; Type: SEQUENCE SET; Schema: upchieve; Owner: admin
--

SELECT pg_catalog.setval('upchieve.weekdays_id_seq', 1, false);


--
-- PostgreSQL database dump complete
--

