--
-- PostgreSQL database dump
--

-- Dumped from database version 14.2 (Debian 14.2-1.pgdg110+1)
-- Dumped by pg_dump version 14.2

SET statement_timeout = 0;
SET lock_timeout = 0;
SET idle_in_transaction_session_timeout = 0;
SET client_encoding = 'UTF8';
SET standard_conforming_strings = on;
SELECT pg_catalog.set_config('search_path', '', false);
SET check_function_bodies = false;
SET xmloption = content;
SET client_min_messages = warning;
SET row_security = off;

--
-- Data for Name: ban_reasons; Type: TABLE DATA; Schema: upchieve; Owner: admin
--

COPY upchieve.ban_reasons (id, name, created_at, updated_at) FROM stdin;
1	non us signup	2022-07-15 16:46:01.068403+00	2022-07-15 16:46:01.068403+00
2	session reported	2022-07-15 16:46:01.079576+00	2022-07-15 16:46:01.079576+00
3	used banned ip	2022-07-15 16:46:01.089505+00	2022-07-15 16:46:01.089505+00
4	admin	2022-07-15 16:46:01.098661+00	2022-07-15 16:46:01.098661+00
5	banned service provider	2022-07-15 16:46:01.108822+00	2022-07-15 16:46:01.108822+00
\.


--
-- Data for Name: signup_sources; Type: TABLE DATA; Schema: upchieve; Owner: admin
--

COPY upchieve.signup_sources (id, name, created_at, updated_at) FROM stdin;
1	Web search	2022-07-15 16:46:01.119576+00	2022-07-15 16:46:01.119576+00
2	Social media	2022-07-15 16:46:01.132987+00	2022-07-15 16:46:01.132987+00
3	Friend / Classmate	2022-07-15 16:46:01.144116+00	2022-07-15 16:46:01.144116+00
4	School / Teacher	2022-07-15 16:46:01.152927+00	2022-07-15 16:46:01.152927+00
5	Parent / Relative	2022-07-15 16:46:01.165071+00	2022-07-15 16:46:01.165071+00
6	Other	2022-07-15 16:46:01.174517+00	2022-07-15 16:46:01.174517+00
\.


--
-- Data for Name: users; Type: TABLE DATA; Schema: upchieve; Owner: admin
--

COPY upchieve.users (id, verified, email_verified, phone_verified, email, password, password_reset_token, first_name, last_name, deactivated, last_activity_at, referral_code, referred_by, test_user, banned, ban_reason_id, time_tutored, signup_source_id, created_at, updated_at, phone, mongo_id) FROM stdin;
018202c1-02fa-d9f7-ee88-c1c8088cbf0b	t	f	f	volunteer1@upchieve.org	$2a$10$z.JMHnbX9IubnNZtqI.FOecTPVY1VTU1DJ6AJGIOT/x/OyAtdw3.y	\N	Partner	UPchieve	f	\N	B	\N	f	f	\N	25200000	\N	2022-07-15 16:46:19.906991+00	2022-07-15 16:46:19.906991+00	+12125551212	\N
018202c1-02fa-9dec-514e-a8bea9baa8df	t	f	f	volunteer2@upchieve.org	$2a$10$z.JMHnbX9IubnNZtqI.FOecTPVY1VTU1DJ6AJGIOT/x/OyAtdw3.y	\N	Special Reporting	UPchieve	f	\N	C	\N	f	f	\N	25200000	\N	2022-07-15 16:46:19.928804+00	2022-07-15 16:46:19.928804+00	+12125551213	\N
018202c1-02fa-6d97-4d26-8ebf656f8adb	t	f	f	volunteer3@upchieve.org	$2a$10$z.JMHnbX9IubnNZtqI.FOecTPVY1VTU1DJ6AJGIOT/x/OyAtdw3.y	\N	Open Sign Up	UPchieve	f	\N	D	\N	f	f	\N	25200000	\N	2022-07-15 16:46:19.943622+00	2022-07-15 16:46:19.943622+00	+12125551214	\N
018202c1-02fa-80a5-61b4-6084a4ecfb49	t	f	f	volunteer4@upchieve.org	$2a$10$z.JMHnbX9IubnNZtqI.FOecTPVY1VTU1DJ6AJGIOT/x/OyAtdw3.y	\N	Needs Onboarding	UPchieve	f	\N	E	\N	f	f	\N	0	\N	2022-07-15 16:46:19.959405+00	2022-07-15 16:46:19.959405+00	+12125551215	\N
018202c1-02fa-c42a-643d-ce65f9ec5919	t	f	f	volunteer5@upchieve.org	$2a$10$z.JMHnbX9IubnNZtqI.FOecTPVY1VTU1DJ6AJGIOT/x/OyAtdw3.y	\N	Needs Approval	UPchieve	f	\N	Z	\N	f	f	\N	0	\N	2022-07-15 16:46:19.976253+00	2022-07-15 16:46:19.976253+00	+12125551216	\N
018202c1-02fa-9c23-991b-f12632fad97f	t	f	f	volunteer6@upchieve.org	$2a$10$z.JMHnbX9IubnNZtqI.FOecTPVY1VTU1DJ6AJGIOT/x/OyAtdw3.y	\N	Admin	UPchieve	f	\N	Y	\N	f	f	\N	0	\N	2022-07-15 16:46:19.992501+00	2022-07-15 16:46:19.992501+00	+12125551217	\N
018202c1-076f-5478-8581-7fb5d3500c2e	t	f	f	student1@upchieve.org	$2a$10$z.JMHnbX9IubnNZtqI.FOecTPVY1VTU1DJ6AJGIOT/x/OyAtdw3.y	\N	Student	UPchieve	f	\N	A	\N	f	f	\N	\N	\N	2022-07-15 16:46:21.049518+00	2022-07-15 16:46:21.049518+00	\N	\N
018202c1-076f-fd0c-4695-66039b5cda17	t	f	f	student2@upchieve.org	$2a$10$z.JMHnbX9IubnNZtqI.FOecTPVY1VTU1DJ6AJGIOT/x/OyAtdw3.y	\N	Student	UPchieve	f	\N	F	\N	f	f	\N	\N	\N	2022-07-15 16:46:21.065117+00	2022-07-15 16:46:21.065117+00	\N	\N
018202c1-076f-b607-30b5-fbc9c1faabe7	t	f	f	student3@upchieve.org	$2a$10$z.JMHnbX9IubnNZtqI.FOecTPVY1VTU1DJ6AJGIOT/x/OyAtdw3.y	\N	Student	UPchieve	f	\N	G	\N	f	f	\N	\N	\N	2022-07-15 16:46:21.082575+00	2022-07-15 16:46:21.082575+00	\N	\N
\.


--
-- Data for Name: admin_profiles; Type: TABLE DATA; Schema: upchieve; Owner: admin
--

COPY upchieve.admin_profiles (user_id, created_at, updated_at) FROM stdin;
018202c1-02fa-9c23-991b-f12632fad97f	2022-07-15 16:46:21.040267+00	2022-07-15 16:46:21.040267+00
\.


--
-- Data for Name: tool_types; Type: TABLE DATA; Schema: upchieve; Owner: admin
--

COPY upchieve.tool_types (id, name, created_at, updated_at) FROM stdin;
1	whiteboard	2022-07-15 16:46:01.464934+00	2022-07-15 16:46:01.464934+00
2	documenteditor	2022-07-15 16:46:01.477973+00	2022-07-15 16:46:01.477973+00
\.


--
-- Data for Name: topics; Type: TABLE DATA; Schema: upchieve; Owner: admin
--

COPY upchieve.topics (id, name, icon_link, color, dashboard_order, display_name, created_at, updated_at) FROM stdin;
1	math	\N	\N	1	Math	2022-07-15 16:46:01.402325+00	2022-07-15 16:46:01.402325+00
2	science	\N	\N	4	Science	2022-07-15 16:46:01.415018+00	2022-07-15 16:46:01.415018+00
3	college	\N	\N	3	College Counseling	2022-07-15 16:46:01.428498+00	2022-07-15 16:46:01.428498+00
4	sat	\N	\N	2	Standardized Testing	2022-07-15 16:46:01.442781+00	2022-07-15 16:46:01.442781+00
5	readingWriting	\N	\N	5	Reading and Writing	2022-07-15 16:46:01.45314+00	2022-07-15 16:46:01.45314+00
6	socialStudies	\N	\N	6	Social Studies	2022-07-15 16:46:06.140974+00	2022-07-15 16:46:06.140974+00
\.


--
-- Data for Name: subjects; Type: TABLE DATA; Schema: upchieve; Owner: admin
--

COPY upchieve.subjects (id, name, display_name, display_order, topic_id, tool_type_id, created_at, updated_at) FROM stdin;
1	prealgebra	Prealgebra	1	1	1	2022-07-15 16:46:01.492435+00	2022-07-15 16:46:01.492435+00
2	algebraOne	Algebra 1	2	1	1	2022-07-15 16:46:01.505504+00	2022-07-15 16:46:01.505504+00
3	algebraTwo	Algebra 2	3	1	1	2022-07-15 16:46:01.516394+00	2022-07-15 16:46:01.516394+00
4	geometry	Geometry	4	1	1	2022-07-15 16:46:01.52741+00	2022-07-15 16:46:01.52741+00
5	trigonometry	Trigonometry	5	1	1	2022-07-15 16:46:01.539154+00	2022-07-15 16:46:01.539154+00
6	precalculus	Precalculus	6	1	1	2022-07-15 16:46:01.549585+00	2022-07-15 16:46:01.549585+00
7	calculusAB	Calculus AB	7	1	1	2022-07-15 16:46:01.561121+00	2022-07-15 16:46:01.561121+00
8	calculusBC	Calculus BC	8	1	1	2022-07-15 16:46:01.575161+00	2022-07-15 16:46:01.575161+00
9	statistics	Statistics	9	1	1	2022-07-15 16:46:01.589055+00	2022-07-15 16:46:01.589055+00
10	biology	Biology	1	2	1	2022-07-15 16:46:01.60811+00	2022-07-15 16:46:01.60811+00
11	chemistry	Chemistry	2	2	1	2022-07-15 16:46:01.623988+00	2022-07-15 16:46:01.623988+00
12	physicsOne	Physics 1	3	2	1	2022-07-15 16:46:01.633657+00	2022-07-15 16:46:01.633657+00
13	physicsTwo	Physics 2	4	2	1	2022-07-15 16:46:01.645113+00	2022-07-15 16:46:01.645113+00
14	environmentalScience	Environmental Science	5	2	1	2022-07-15 16:46:01.656394+00	2022-07-15 16:46:01.656394+00
15	satMath	SAT Math	1	4	1	2022-07-15 16:46:01.668064+00	2022-07-15 16:46:01.668064+00
16	satReading	SAT Reading	2	4	2	2022-07-15 16:46:01.679204+00	2022-07-15 16:46:01.679204+00
17	essays	College Essays	2	3	2	2022-07-15 16:46:01.69107+00	2022-07-15 16:46:01.69107+00
18	planning	Planning	1	3	2	2022-07-15 16:46:01.701518+00	2022-07-15 16:46:01.701518+00
19	applications	Applications	3	3	2	2022-07-15 16:46:01.709492+00	2022-07-15 16:46:01.709492+00
20	humanitiesEssays	Humanities Essays	1	5	2	2022-07-15 16:46:01.719711+00	2022-07-15 16:46:01.719711+00
21	integratedMathOne	Integrated Math One	9	1	1	2022-07-15 16:46:01.728519+00	2022-07-15 16:46:01.728519+00
22	integratedMathTwo	Integrated Math Two	9	1	1	2022-07-15 16:46:01.738449+00	2022-07-15 16:46:01.738449+00
23	integratedMathThree	Integrated Math Three	9	1	1	2022-07-15 16:46:01.747403+00	2022-07-15 16:46:01.747403+00
24	integratedMathFour	Integrated Math Four	9	1	1	2022-07-15 16:46:01.755942+00	2022-07-15 16:46:01.755942+00
25	reading	Reading	2	5	2	2022-07-15 16:46:05.790593+00	2022-07-15 16:46:05.790593+00
26	usHistory	U.S. History	1	6	2	2022-07-15 16:46:06.140974+00	2022-07-15 16:46:06.140974+00
\.


--
-- Data for Name: user_roles; Type: TABLE DATA; Schema: upchieve; Owner: admin
--

COPY upchieve.user_roles (id, name, created_at, updated_at) FROM stdin;
1	student	2022-07-15 16:46:01.034528+00	2022-07-15 16:46:01.034528+00
2	volunteer	2022-07-15 16:46:01.046641+00	2022-07-15 16:46:01.046641+00
3	admin	2022-07-15 16:46:01.058453+00	2022-07-15 16:46:01.058453+00
\.


--
-- Data for Name: sessions; Type: TABLE DATA; Schema: upchieve; Owner: admin
--

COPY upchieve.sessions (id, student_id, volunteer_id, subject_id, has_whiteboard_doc, quill_doc, volunteer_joined_at, ended_at, ended_by_role_id, reviewed, to_review, student_banned, time_tutored, created_at, updated_at, mongo_id) FROM stdin;
\.


--
-- Data for Name: assistments_data; Type: TABLE DATA; Schema: upchieve; Owner: admin
--

COPY upchieve.assistments_data (id, problem_id, assignment_id, student_id, session_id, sent, created_at, updated_at, sent_at, mongo_id) FROM stdin;
\.


--
-- Data for Name: sponsor_orgs; Type: TABLE DATA; Schema: upchieve; Owner: admin
--

COPY upchieve.sponsor_orgs (id, name, created_at, updated_at, key) FROM stdin;
018202c1-02aa-e228-8047-4d256d46a3d9	Only Sponsors Schools	2022-07-15 16:46:19.826672+00	2022-07-15 16:46:19.826672+00	onlySponsorsSchools
018202c1-02aa-792a-48aa-529ef27ce617	Only Sponsors Partner Orgs	2022-07-15 16:46:19.834971+00	2022-07-15 16:46:19.834971+00	onlySponsorsPartnerOrgs
018202c1-02aa-f59d-b37e-b95e4ff309d3	Sponsors Both	2022-07-15 16:46:19.843952+00	2022-07-15 16:46:19.843952+00	sponsorsBoth
\.


--
-- Data for Name: student_partner_orgs; Type: TABLE DATA; Schema: upchieve; Owner: admin
--

COPY upchieve.student_partner_orgs (id, key, name, signup_code, high_school_signup, college_signup, school_signup_required, created_at, updated_at) FROM stdin;
018202c1-0081-e156-29d0-eededa8c2572	college-mentors	College Mentors	MENTORS	t	f	t	2022-07-15 16:46:19.627579+00	2022-07-15 16:46:19.627579+00
018202c1-0082-853c-c4f9-73cf60bdc19d	community-org	Community Org	COMMUNITY	t	f	f	2022-07-15 16:46:19.64745+00	2022-07-15 16:46:19.64745+00
018202c1-0082-340b-6c83-efb3e7bacd59	school-helpers	School Helpers	SCHOOLHELPERS	f	f	f	2022-07-15 16:46:19.657555+00	2022-07-15 16:46:19.657555+00
018202c1-0082-ff7b-166b-66d36db7c37c	college-learners	College Learners	COLLEGELEARNERS	f	t	t	2022-07-15 16:46:19.669602+00	2022-07-15 16:46:19.669602+00
018202c1-0082-8477-5b29-e767d95cff59	all-the-students	All The Students	ALLTHESTUDENTS	t	t	t	2022-07-15 16:46:19.677966+00	2022-07-15 16:46:19.677966+00
\.


--
-- Data for Name: volunteer_partner_orgs; Type: TABLE DATA; Schema: upchieve; Owner: admin
--

COPY upchieve.volunteer_partner_orgs (id, key, name, receive_weekly_hour_summary_email, created_at, updated_at) FROM stdin;
018202c1-023c-62c0-de5c-9c647d111e73	big-telecom	Big Telecom	t	2022-07-15 16:46:19.716426+00	2022-07-15 16:46:19.716426+00
018202c1-023c-51c7-16b1-78ce83a07dac	health-co	Health Co	f	2022-07-15 16:46:19.728143+00	2022-07-15 16:46:19.728143+00
\.


--
-- Data for Name: associated_partners; Type: TABLE DATA; Schema: upchieve; Owner: admin
--

COPY upchieve.associated_partners (id, key, volunteer_partner_org_id, student_partner_org_id, student_sponsor_org_id, created_at, updated_at) FROM stdin;
018202c1-02e9-59d7-fc64-0fd54629fdc0	associatedWithSponsorOrg	018202c1-023c-62c0-de5c-9c647d111e73	\N	018202c1-02aa-e228-8047-4d256d46a3d9	2022-07-15 16:46:19.888931+00	2022-07-15 16:46:19.888931+00
018202c1-02e9-779e-d64c-e0807e3c73fe	associatedWithPartnerOrg	018202c1-023c-62c0-de5c-9c647d111e73	018202c1-0081-e156-29d0-eededa8c2572	\N	2022-07-15 16:46:19.897113+00	2022-07-15 16:46:19.897113+00
\.


--
-- Data for Name: weekdays; Type: TABLE DATA; Schema: upchieve; Owner: admin
--

COPY upchieve.weekdays (id, day, created_at, updated_at) FROM stdin;
1	Sunday	2022-07-15 16:46:00.964488+00	2022-07-15 16:46:00.964488+00
2	Monday	2022-07-15 16:46:00.976615+00	2022-07-15 16:46:00.976615+00
3	Tuesday	2022-07-15 16:46:00.985555+00	2022-07-15 16:46:00.985555+00
4	Wednesday	2022-07-15 16:46:00.995633+00	2022-07-15 16:46:00.995633+00
5	Thursday	2022-07-15 16:46:01.006025+00	2022-07-15 16:46:01.006025+00
6	Friday	2022-07-15 16:46:01.014911+00	2022-07-15 16:46:01.014911+00
7	Saturday	2022-07-15 16:46:01.025427+00	2022-07-15 16:46:01.025427+00
\.


--
-- Data for Name: availabilities; Type: TABLE DATA; Schema: upchieve; Owner: admin
--

COPY upchieve.availabilities (id, user_id, weekday_id, available_start, available_end, timezone, created_at, updated_at) FROM stdin;
\.


--
-- Data for Name: availability_histories; Type: TABLE DATA; Schema: upchieve; Owner: admin
--

COPY upchieve.availability_histories (id, user_id, weekday_id, available_start, available_end, timezone, recorded_at, created_at, updated_at) FROM stdin;
\.


--
-- Data for Name: certifications; Type: TABLE DATA; Schema: upchieve; Owner: admin
--

COPY upchieve.certifications (id, name, created_at, updated_at) FROM stdin;
1	prealgebra	2022-07-15 16:46:04.466036+00	2022-07-15 16:46:04.466036+00
2	statistics	2022-07-15 16:46:04.476803+00	2022-07-15 16:46:04.476803+00
3	geometry	2022-07-15 16:46:04.485066+00	2022-07-15 16:46:04.485066+00
4	biology	2022-07-15 16:46:04.491868+00	2022-07-15 16:46:04.491868+00
5	chemistry	2022-07-15 16:46:04.498034+00	2022-07-15 16:46:04.498034+00
6	physicsOne	2022-07-15 16:46:04.507784+00	2022-07-15 16:46:04.507784+00
7	physicsTwo	2022-07-15 16:46:04.514783+00	2022-07-15 16:46:04.514783+00
8	environmentalScience	2022-07-15 16:46:04.521029+00	2022-07-15 16:46:04.521029+00
9	essays	2022-07-15 16:46:04.527363+00	2022-07-15 16:46:04.527363+00
10	applications	2022-07-15 16:46:04.534524+00	2022-07-15 16:46:04.534524+00
11	planning	2022-07-15 16:46:04.541858+00	2022-07-15 16:46:04.541858+00
12	satMath	2022-07-15 16:46:04.549692+00	2022-07-15 16:46:04.549692+00
13	satReading	2022-07-15 16:46:04.556806+00	2022-07-15 16:46:04.556806+00
14	collegeCounseling	2022-07-15 16:46:04.564082+00	2022-07-15 16:46:04.564082+00
15	humanitiesEssays	2022-07-15 16:46:04.572178+00	2022-07-15 16:46:04.572178+00
16	algebraOne	2022-07-15 16:46:04.578854+00	2022-07-15 16:46:04.578854+00
17	algebraTwo	2022-07-15 16:46:04.586698+00	2022-07-15 16:46:04.586698+00
18	trigonometry	2022-07-15 16:46:04.59467+00	2022-07-15 16:46:04.59467+00
19	precalculus	2022-07-15 16:46:04.601907+00	2022-07-15 16:46:04.601907+00
20	calculusAB	2022-07-15 16:46:04.609652+00	2022-07-15 16:46:04.609652+00
21	calculusBC	2022-07-15 16:46:04.61636+00	2022-07-15 16:46:04.61636+00
22	reading	2022-07-15 16:46:05.790593+00	2022-07-15 16:46:05.790593+00
23	usHistory	2022-07-15 16:46:06.140974+00	2022-07-15 16:46:06.140974+00
\.


--
-- Data for Name: certification_subject_unlocks; Type: TABLE DATA; Schema: upchieve; Owner: admin
--

COPY upchieve.certification_subject_unlocks (subject_id, certification_id, created_at, updated_at) FROM stdin;
21	16	2022-07-15 16:46:04.922724+00	2022-07-15 16:46:04.922724+00
21	3	2022-07-15 16:46:04.930731+00	2022-07-15 16:46:04.930731+00
21	2	2022-07-15 16:46:04.938743+00	2022-07-15 16:46:04.938743+00
22	16	2022-07-15 16:46:04.946625+00	2022-07-15 16:46:04.946625+00
22	3	2022-07-15 16:46:04.955054+00	2022-07-15 16:46:04.955054+00
22	2	2022-07-15 16:46:04.96214+00	2022-07-15 16:46:04.96214+00
22	18	2022-07-15 16:46:04.969625+00	2022-07-15 16:46:04.969625+00
23	19	2022-07-15 16:46:04.976594+00	2022-07-15 16:46:04.976594+00
23	2	2022-07-15 16:46:04.983944+00	2022-07-15 16:46:04.983944+00
24	19	2022-07-15 16:46:04.992095+00	2022-07-15 16:46:04.992095+00
1	1	2022-07-15 16:46:04.999008+00	2022-07-15 16:46:04.999008+00
9	2	2022-07-15 16:46:05.006598+00	2022-07-15 16:46:05.006598+00
4	3	2022-07-15 16:46:05.013457+00	2022-07-15 16:46:05.013457+00
10	4	2022-07-15 16:46:05.020858+00	2022-07-15 16:46:05.020858+00
11	5	2022-07-15 16:46:05.029135+00	2022-07-15 16:46:05.029135+00
12	6	2022-07-15 16:46:05.036884+00	2022-07-15 16:46:05.036884+00
13	7	2022-07-15 16:46:05.043633+00	2022-07-15 16:46:05.043633+00
14	8	2022-07-15 16:46:05.051129+00	2022-07-15 16:46:05.051129+00
17	9	2022-07-15 16:46:05.057792+00	2022-07-15 16:46:05.057792+00
19	10	2022-07-15 16:46:05.065619+00	2022-07-15 16:46:05.065619+00
18	11	2022-07-15 16:46:05.072868+00	2022-07-15 16:46:05.072868+00
15	12	2022-07-15 16:46:05.079368+00	2022-07-15 16:46:05.079368+00
16	13	2022-07-15 16:46:05.087369+00	2022-07-15 16:46:05.087369+00
20	15	2022-07-15 16:46:05.095486+00	2022-07-15 16:46:05.095486+00
2	16	2022-07-15 16:46:05.102775+00	2022-07-15 16:46:05.102775+00
3	17	2022-07-15 16:46:05.10983+00	2022-07-15 16:46:05.10983+00
5	18	2022-07-15 16:46:05.117912+00	2022-07-15 16:46:05.117912+00
6	19	2022-07-15 16:46:05.125103+00	2022-07-15 16:46:05.125103+00
7	20	2022-07-15 16:46:05.132466+00	2022-07-15 16:46:05.132466+00
8	21	2022-07-15 16:46:05.138988+00	2022-07-15 16:46:05.138988+00
25	22	2022-07-15 16:46:05.790593+00	2022-07-15 16:46:05.790593+00
26	23	2022-07-15 16:46:06.140974+00	2022-07-15 16:46:06.140974+00
\.


--
-- Data for Name: us_states; Type: TABLE DATA; Schema: upchieve; Owner: admin
--

COPY upchieve.us_states (code, name, created_at, updated_at) FROM stdin;
AL	Alabama	2022-07-15 16:45:58.645436+00	2022-07-15 16:45:58.645436+00
AK	Alaska	2022-07-15 16:45:58.668581+00	2022-07-15 16:45:58.668581+00
AR	Arkansas	2022-07-15 16:45:58.678469+00	2022-07-15 16:45:58.678469+00
AZ	Arizona	2022-07-15 16:45:58.684847+00	2022-07-15 16:45:58.684847+00
CA	California	2022-07-15 16:45:58.693443+00	2022-07-15 16:45:58.693443+00
CO	Colorado	2022-07-15 16:45:58.699875+00	2022-07-15 16:45:58.699875+00
CT	Connecticut	2022-07-15 16:45:58.708012+00	2022-07-15 16:45:58.708012+00
DE	Delaware	2022-07-15 16:45:58.715693+00	2022-07-15 16:45:58.715693+00
DC	District of Columbia	2022-07-15 16:45:58.722377+00	2022-07-15 16:45:58.722377+00
FL	Florida	2022-07-15 16:45:58.72953+00	2022-07-15 16:45:58.72953+00
GA	Georgia	2022-07-15 16:45:58.736542+00	2022-07-15 16:45:58.736542+00
HI	Hawaii	2022-07-15 16:45:58.745999+00	2022-07-15 16:45:58.745999+00
ID	Idaho	2022-07-15 16:45:58.752492+00	2022-07-15 16:45:58.752492+00
IL	Illinois	2022-07-15 16:45:58.76097+00	2022-07-15 16:45:58.76097+00
IN	Indiana	2022-07-15 16:45:58.767802+00	2022-07-15 16:45:58.767802+00
IA	Iowa	2022-07-15 16:45:58.776118+00	2022-07-15 16:45:58.776118+00
KS	Kansas	2022-07-15 16:45:58.784111+00	2022-07-15 16:45:58.784111+00
KY	Kentucky	2022-07-15 16:45:58.79211+00	2022-07-15 16:45:58.79211+00
LA	Louisiana	2022-07-15 16:45:58.80054+00	2022-07-15 16:45:58.80054+00
ME	Maine	2022-07-15 16:45:58.806508+00	2022-07-15 16:45:58.806508+00
MD	Maryland	2022-07-15 16:45:58.816076+00	2022-07-15 16:45:58.816076+00
MA	Massachusetts	2022-07-15 16:45:58.823607+00	2022-07-15 16:45:58.823607+00
MI	Michigan	2022-07-15 16:45:58.830305+00	2022-07-15 16:45:58.830305+00
MN	Minnesota	2022-07-15 16:45:58.838061+00	2022-07-15 16:45:58.838061+00
MS	Mississippi	2022-07-15 16:45:58.84643+00	2022-07-15 16:45:58.84643+00
MO	Missouri	2022-07-15 16:45:58.853535+00	2022-07-15 16:45:58.853535+00
MT	Montana	2022-07-15 16:45:58.862498+00	2022-07-15 16:45:58.862498+00
NE	Nebraska	2022-07-15 16:45:58.868837+00	2022-07-15 16:45:58.868837+00
NV	Nevada	2022-07-15 16:45:58.87714+00	2022-07-15 16:45:58.87714+00
NH	New Hampshire	2022-07-15 16:45:58.884935+00	2022-07-15 16:45:58.884935+00
NJ	New Jersey	2022-07-15 16:45:58.893624+00	2022-07-15 16:45:58.893624+00
NM	New Mexico	2022-07-15 16:45:58.900908+00	2022-07-15 16:45:58.900908+00
NY	New York	2022-07-15 16:45:58.909628+00	2022-07-15 16:45:58.909628+00
NC	North Carolina	2022-07-15 16:45:58.916919+00	2022-07-15 16:45:58.916919+00
ND	North Dakota	2022-07-15 16:45:58.9245+00	2022-07-15 16:45:58.9245+00
OH	Ohio	2022-07-15 16:45:58.932794+00	2022-07-15 16:45:58.932794+00
OK	Oklahoma	2022-07-15 16:45:58.939975+00	2022-07-15 16:45:58.939975+00
OR	Oregon	2022-07-15 16:45:58.952495+00	2022-07-15 16:45:58.952495+00
PA	Pennsylvania	2022-07-15 16:45:58.960392+00	2022-07-15 16:45:58.960392+00
RI	Rhode Island	2022-07-15 16:45:58.968621+00	2022-07-15 16:45:58.968621+00
SC	South Carolina	2022-07-15 16:45:58.976202+00	2022-07-15 16:45:58.976202+00
SD	South Dakota	2022-07-15 16:45:58.984094+00	2022-07-15 16:45:58.984094+00
TN	Tennessee	2022-07-15 16:45:58.990517+00	2022-07-15 16:45:58.990517+00
TX	Texas	2022-07-15 16:45:58.999591+00	2022-07-15 16:45:58.999591+00
UT	Utah	2022-07-15 16:45:59.006409+00	2022-07-15 16:45:59.006409+00
VT	Vermont	2022-07-15 16:45:59.01582+00	2022-07-15 16:45:59.01582+00
VA	Virginia	2022-07-15 16:45:59.024766+00	2022-07-15 16:45:59.024766+00
WA	Washington	2022-07-15 16:45:59.033121+00	2022-07-15 16:45:59.033121+00
WV	West Virginia	2022-07-15 16:45:59.042381+00	2022-07-15 16:45:59.042381+00
WI	Wisconsin	2022-07-15 16:45:59.053381+00	2022-07-15 16:45:59.053381+00
WY	Wyoming	2022-07-15 16:45:59.065004+00	2022-07-15 16:45:59.065004+00
PR	Puerto Rico	2022-07-15 16:45:59.072749+00	2022-07-15 16:45:59.072749+00
GU	Guam	2022-07-15 16:45:59.082734+00	2022-07-15 16:45:59.082734+00
VI	Virgin Islands	2022-07-15 16:45:59.091924+00	2022-07-15 16:45:59.091924+00
AS	American Samoa	2022-07-15 16:45:59.102571+00	2022-07-15 16:45:59.102571+00
BI	Bureau of Indian Education	2022-07-15 16:45:59.110712+00	2022-07-15 16:45:59.110712+00
NA	NA	2022-07-15 16:45:59.119758+00	2022-07-15 16:45:59.119758+00
AE	U.S. Armed Forced - Europe	2022-07-15 16:46:05.833026+00	2022-07-15 16:46:05.833026+00
AA	U.S. Armed Forced - Americas	2022-07-15 16:46:05.833026+00	2022-07-15 16:46:05.833026+00
AP	U.S. Armed Forced - Pacific	2022-07-15 16:46:05.833026+00	2022-07-15 16:46:05.833026+00
PW	Palau	2022-07-15 16:46:05.833026+00	2022-07-15 16:46:05.833026+00
FM	Micronesia	2022-07-15 16:46:05.833026+00	2022-07-15 16:46:05.833026+00
MP	Norther Mariana Islands	2022-07-15 16:46:05.833026+00	2022-07-15 16:46:05.833026+00
MH	Marshall Islands	2022-07-15 16:46:05.833026+00	2022-07-15 16:46:05.833026+00
\.


--
-- Data for Name: cities; Type: TABLE DATA; Schema: upchieve; Owner: admin
--

COPY upchieve.cities (id, name, us_state_code, created_at, updated_at) FROM stdin;
1	Denver	CO	2022-07-15 16:46:19.761819+00	2022-07-15 16:46:19.761819+00
2	Brooklyn	NY	2022-07-15 16:46:19.776297+00	2022-07-15 16:46:19.776297+00
\.


--
-- Data for Name: contact_form_submissions; Type: TABLE DATA; Schema: upchieve; Owner: admin
--

COPY upchieve.contact_form_submissions (id, user_id, user_email, message, topic, created_at, updated_at) FROM stdin;
\.


--
-- Data for Name: feedbacks; Type: TABLE DATA; Schema: upchieve; Owner: admin
--

COPY upchieve.feedbacks (id, topic_id, subject_id, user_role_id, session_id, student_tutoring_feedback, student_counseling_feedback, volunteer_feedback, comment, user_id, legacy_feedbacks, created_at, updated_at, mongo_id) FROM stdin;
\.


--
-- Data for Name: grade_levels; Type: TABLE DATA; Schema: upchieve; Owner: admin
--

COPY upchieve.grade_levels (id, name, created_at, updated_at) FROM stdin;
1	8th	2022-07-15 16:46:01.184506+00	2022-07-15 16:46:01.184506+00
2	9th	2022-07-15 16:46:01.199103+00	2022-07-15 16:46:01.199103+00
3	10th	2022-07-15 16:46:01.209876+00	2022-07-15 16:46:01.209876+00
4	11th	2022-07-15 16:46:01.221843+00	2022-07-15 16:46:01.221843+00
5	12th	2022-07-15 16:46:01.229454+00	2022-07-15 16:46:01.229454+00
6	College	2022-07-15 16:46:01.242091+00	2022-07-15 16:46:01.242091+00
\.


--
-- Data for Name: ip_addresses; Type: TABLE DATA; Schema: upchieve; Owner: admin
--

COPY upchieve.ip_addresses (id, ip, status, created_at, updated_at, mongo_id) FROM stdin;
\.


--
-- Data for Name: postal_codes; Type: TABLE DATA; Schema: upchieve; Owner: admin
--

COPY upchieve.postal_codes (code, us_state_code, income, location, created_at, updated_at) FROM stdin;
00501	NY	0	(40.81,-73.04)	2022-07-15 16:45:59.586692+00	2022-07-15 16:45:59.586692+00
01010	MA	24915	(42.11,-72.2)	2022-07-15 16:45:59.602934+00	2022-07-15 16:45:59.602934+00
01011	MA	5853	(42.28,-72.98)	2022-07-15 16:45:59.614589+00	2022-07-15 16:45:59.614589+00
01012	MA	4316	(42.4,-72.85)	2022-07-15 16:45:59.841107+00	2022-07-15 16:45:59.841107+00
01003	MA	0	(42.39,-72.52)	2022-07-15 16:45:59.843847+00	2022-07-15 16:45:59.843847+00
01002	MA	147482	(42.37,-72.52)	2022-07-15 16:46:00.093772+00	2022-07-15 16:46:00.093772+00
01001	MA	91129	(42.06,-72.61)	2022-07-15 16:46:00.388783+00	2022-07-15 16:46:00.388783+00
01013	MA	79013	(42.15,-72.6)	2022-07-15 16:46:00.395834+00	2022-07-15 16:46:00.395834+00
01014	MA	0	(42.17,-72.57)	2022-07-15 16:46:00.662719+00	2022-07-15 16:46:00.662719+00
01005	MA	24883	(42.42,-72.1)	2022-07-15 16:46:00.666127+00	2022-07-15 16:46:00.666127+00
01020	MA	128543	(42.17,-72.57)	2022-07-15 16:46:00.676821+00	2022-07-15 16:46:00.676821+00
01021	MA	0	(42.17,-72.57)	2022-07-15 16:46:00.678007+00	2022-07-15 16:46:00.678007+00
01004	MA	0	(42.37,-72.52)	2022-07-15 16:46:00.675476+00	2022-07-15 16:46:00.675476+00
01026	MA	5097	(42.46,-72.9)	2022-07-15 16:46:00.683586+00	2022-07-15 16:46:00.683586+00
00544	NY	0	(40.81,-73.04)	2022-07-15 16:46:00.666439+00	2022-07-15 16:46:00.666439+00
01008	MA	7667	(42.18,-72.93)	2022-07-15 16:46:00.680054+00	2022-07-15 16:46:00.680054+00
01022	MA	9070	(42.2,-72.54)	2022-07-15 16:46:00.682877+00	2022-07-15 16:46:00.682877+00
01007	MA	103396	(42.27,-72.4)	2022-07-15 16:46:00.674896+00	2022-07-15 16:46:00.674896+00
01009	MA	0	(42.2,-72.34)	2022-07-15 16:46:00.690995+00	2022-07-15 16:46:00.690995+00
01027	MA	105590	(42.26,-72.68)	2022-07-15 16:46:00.702311+00	2022-07-15 16:46:00.702311+00
01031	MA	4468	(42.33,-72.2)	2022-07-15 16:46:00.706079+00	2022-07-15 16:46:00.706079+00
01029	MA	0	(42.17,-73.03)	2022-07-15 16:46:00.709946+00	2022-07-15 16:46:00.709946+00
01032	MA	2498	(42.46,-72.81)	2022-07-15 16:46:00.708249+00	2022-07-15 16:46:00.708249+00
01030	MA	68409	(42.06,-72.67)	2022-07-15 16:46:00.712095+00	2022-07-15 16:46:00.712095+00
01028	MA	129755	(42.06,-72.51)	2022-07-15 16:46:00.702151+00	2022-07-15 16:46:00.702151+00
01033	MA	39338	(42.26,-72.52)	2022-07-15 16:46:00.715141+00	2022-07-15 16:46:00.715141+00
01034	MA	12322	(42.06,-72.86)	2022-07-15 16:46:00.726021+00	2022-07-15 16:46:00.726021+00
01039	MA	11083	(42.39,-72.7)	2022-07-15 16:46:00.733897+00	2022-07-15 16:46:00.733897+00
01036	MA	38625	(42.06,-72.41)	2022-07-15 16:46:00.734336+00	2022-07-15 16:46:00.734336+00
01038	MA	18606	(42.37,-72.6)	2022-07-15 16:46:00.73325+00	2022-07-15 16:46:00.73325+00
01035	MA	36097	(42.35,-72.58)	2022-07-15 16:46:00.72621+00	2022-07-15 16:46:00.72621+00
01037	MA	0	(42.35,-72.2)	2022-07-15 16:46:00.738776+00	2022-07-15 16:46:00.738776+00
01050	MA	12978	(42.23,-72.88)	2022-07-15 16:46:00.739616+00	2022-07-15 16:46:00.739616+00
01040	MA	131177	(42.21,-72.64)	2022-07-15 16:46:00.742784+00	2022-07-15 16:46:00.742784+00
01054	MA	16023	(42.45,-72.5)	2022-07-15 16:46:00.749629+00	2022-07-15 16:46:00.749629+00
01041	MA	0	(42.21,-72.64)	2022-07-15 16:46:00.744925+00	2022-07-15 16:46:00.744925+00
01053	MA	11836	(42.35,-72.71)	2022-07-15 16:46:00.746759+00	2022-07-15 16:46:00.746759+00
01057	MA	50505	(42.09,-72.31)	2022-07-15 16:46:00.759816+00	2022-07-15 16:46:00.759816+00
01056	MA	115904	(42.16,-72.48)	2022-07-15 16:46:00.759447+00	2022-07-15 16:46:00.759447+00
01059	MA	0	(42.4,-72.52)	2022-07-15 16:46:00.763423+00	2022-07-15 16:46:00.763423+00
01060	MA	102735	(42.32,-72.63)	2022-07-15 16:46:00.758224+00	2022-07-15 16:46:00.758224+00
01063	MA	0	(42.32,-72.64)	2022-07-15 16:46:00.766186+00	2022-07-15 16:46:00.766186+00
01061	MA	0	(42.32,-72.67)	2022-07-15 16:46:00.763539+00	2022-07-15 16:46:00.763539+00
01062	MA	83229	(42.32,-72.67)	2022-07-15 16:46:00.771866+00	2022-07-15 16:46:00.771866+00
01070	MA	3039	(42.51,-72.91)	2022-07-15 16:46:00.778452+00	2022-07-15 16:46:00.778452+00
01068	MA	12012	(42.35,-72.05)	2022-07-15 16:46:00.778357+00	2022-07-15 16:46:00.778357+00
01066	MA	0	(42.41,-72.66)	2022-07-15 16:46:00.777425+00	2022-07-15 16:46:00.777425+00
01069	MA	45510	(42.16,-72.32)	2022-07-15 16:46:00.781092+00	2022-07-15 16:46:00.781092+00
01072	MA	9721	(42.45,-72.4)	2022-07-15 16:46:00.787917+00	2022-07-15 16:46:00.787917+00
01073	MA	47352	(42.23,-72.73)	2022-07-15 16:46:00.789763+00	2022-07-15 16:46:00.789763+00
01071	MA	8377	(42.18,-72.85)	2022-07-15 16:46:00.782864+00	2022-07-15 16:46:00.782864+00
01077	MA	66040	(42.05,-72.76)	2022-07-15 16:46:00.795025+00	2022-07-15 16:46:00.795025+00
01081	MA	8097	(42.06,-72.21)	2022-07-15 16:46:00.797679+00	2022-07-15 16:46:00.797679+00
01074	MA	0	(42.39,-72.09)	2022-07-15 16:46:00.797701+00	2022-07-15 16:46:00.797701+00
01075	MA	107068	(42.26,-72.56)	2022-07-15 16:46:00.793109+00	2022-07-15 16:46:00.793109+00
01080	MA	8946	(42.18,-72.37)	2022-07-15 16:46:00.799893+00	2022-07-15 16:46:00.799893+00
01079	MA	0	(42.2,-72.33)	2022-07-15 16:46:00.80296+00	2022-07-15 16:46:00.80296+00
01084	MA	0	(42.39,-72.88)	2022-07-15 16:46:00.812531+00	2022-07-15 16:46:00.812531+00
01090	MA	0	(42.12,-72.65)	2022-07-15 16:46:00.816814+00	2022-07-15 16:46:00.816814+00
01082	MA	46542	(42.25,-72.24)	2022-07-15 16:46:00.808867+00	2022-07-15 16:46:00.808867+00
01083	MA	0	(42.21,-72.19)	2022-07-15 16:46:00.816814+00	2022-07-15 16:46:00.816814+00
01086	MA	0	(42.13,-72.79)	2022-07-15 16:46:00.818329+00	2022-07-15 16:46:00.818329+00
01085	MA	212444	(42.13,-72.75)	2022-07-15 16:46:00.818516+00	2022-07-15 16:46:00.818516+00
01088	MA	3453	(42.39,-72.64)	2022-07-15 16:46:00.821925+00	2022-07-15 16:46:00.821925+00
01089	MA	143418	(42.12,-72.65)	2022-07-15 16:46:00.819876+00	2022-07-15 16:46:00.819876+00
01093	MA	0	(42.44,-72.65)	2022-07-15 16:46:00.829119+00	2022-07-15 16:46:00.829119+00
01094	MA	0	(42.35,-72.14)	2022-07-15 16:46:00.838674+00	2022-07-15 16:46:00.838674+00
01095	MA	133898	(42.13,-72.43)	2022-07-15 16:46:00.840641+00	2022-07-15 16:46:00.840641+00
01101	MA	0	(42.11,-72.53)	2022-07-15 16:46:00.841991+00	2022-07-15 16:46:00.841991+00
01096	MA	16411	(42.4,-72.76)	2022-07-15 16:46:00.844386+00	2022-07-15 16:46:00.844386+00
01098	MA	6990	(42.41,-72.93)	2022-07-15 16:46:00.843599+00	2022-07-15 16:46:00.843599+00
01102	MA	0	(42.11,-72.53)	2022-07-15 16:46:00.855967+00	2022-07-15 16:46:00.855967+00
01097	MA	0	(42.18,-72.83)	2022-07-15 16:46:00.848971+00	2022-07-15 16:46:00.848971+00
01092	MA	0	(42.19,-72.24)	2022-07-15 16:46:00.835943+00	2022-07-15 16:46:00.835943+00
01104	MA	64690	(42.13,-72.57)	2022-07-15 16:46:00.867989+00	2022-07-15 16:46:00.867989+00
01105	MA	17273	(42.1,-72.58)	2022-07-15 16:46:00.872632+00	2022-07-15 16:46:00.872632+00
01103	MA	7500	(42.1,-72.59)	2022-07-15 16:46:00.867639+00	2022-07-15 16:46:00.867639+00
01107	MA	22891	(42.12,-72.61)	2022-07-15 16:46:00.87691+00	2022-07-15 16:46:00.87691+00
01109	MA	66323	(42.11,-72.53)	2022-07-15 16:46:00.876046+00	2022-07-15 16:46:00.876046+00
01106	MA	215209	(42.04,-72.57)	2022-07-15 16:46:00.870658+00	2022-07-15 16:46:00.870658+00
01108	MA	73942	(42.08,-72.56)	2022-07-15 16:46:00.881863+00	2022-07-15 16:46:00.881863+00
01115	MA	0	(42.11,-72.53)	2022-07-15 16:46:00.883467+00	2022-07-15 16:46:00.883467+00
01111	MA	0	(42.11,-72.53)	2022-07-15 16:46:00.88642+00	2022-07-15 16:46:00.88642+00
01119	MA	46384	(42.12,-72.51)	2022-07-15 16:46:00.897967+00	2022-07-15 16:46:00.897967+00
01116	MA	0	(42.04,-72.57)	2022-07-15 16:46:00.898591+00	2022-07-15 16:46:00.898591+00
01118	MA	66293	(42.09,-72.53)	2022-07-15 16:46:00.899388+00	2022-07-15 16:46:00.899388+00
01129	MA	32342	(42.12,-72.49)	2022-07-15 16:46:00.907029+00	2022-07-15 16:46:00.907029+00
01151	MA	24538	(42.15,-72.51)	2022-07-15 16:46:00.912586+00	2022-07-15 16:46:00.912586+00
01128	MA	14775	(42.09,-72.49)	2022-07-15 16:46:00.91001+00	2022-07-15 16:46:00.91001+00
01138	MA	0	(42.11,-72.53)	2022-07-15 16:46:00.912782+00	2022-07-15 16:46:00.912782+00
01144	MA	0	(42.11,-72.53)	2022-07-15 16:46:00.915704+00	2022-07-15 16:46:00.915704+00
01139	MA	0	(42.11,-72.53)	2022-07-15 16:46:00.916857+00	2022-07-15 16:46:00.916857+00
01201	MA	213668	(42.45,-73.26)	2022-07-15 16:46:00.919173+00	2022-07-15 16:46:00.919173+00
01199	MA	0	(42.12,-72.6)	2022-07-15 16:46:00.92094+00	2022-07-15 16:46:00.92094+00
01152	MA	0	(42.11,-72.53)	2022-07-15 16:46:00.917767+00	2022-07-15 16:46:00.917767+00
01220	MA	34513	(42.62,-73.11)	2022-07-15 16:46:00.932412+00	2022-07-15 16:46:00.932412+00
01202	MA	0	(42.45,-73.26)	2022-07-15 16:46:00.929644+00	2022-07-15 16:46:00.929644+00
01222	MA	3502	(42.05,-73.33)	2022-07-15 16:46:00.933512+00	2022-07-15 16:46:00.933512+00
01223	MA	14036	(42.33,-73.07)	2022-07-15 16:46:00.933557+00	2022-07-15 16:46:00.933557+00
01203	MA	0	(42.45,-73.26)	2022-07-15 16:46:00.93275+00	2022-07-15 16:46:00.93275+00
00000	NA	0	(0,0)	2022-07-15 16:46:00.951618+00	2022-07-15 16:46:00.951618+00
9001	AE	1000000	(0,0)	2022-07-15 16:46:05.833026+00	2022-07-15 16:46:05.833026+00
9002	AE	1000000	(0,0)	2022-07-15 16:46:05.833026+00	2022-07-15 16:46:05.833026+00
9003	AE	1000000	(0,0)	2022-07-15 16:46:05.833026+00	2022-07-15 16:46:05.833026+00
9004	AE	1000000	(0,0)	2022-07-15 16:46:05.833026+00	2022-07-15 16:46:05.833026+00
9005	AE	1000000	(0,0)	2022-07-15 16:46:05.833026+00	2022-07-15 16:46:05.833026+00
9006	AE	1000000	(0,0)	2022-07-15 16:46:05.833026+00	2022-07-15 16:46:05.833026+00
9008	AE	1000000	(0,0)	2022-07-15 16:46:05.833026+00	2022-07-15 16:46:05.833026+00
9009	AE	1000000	(0,0)	2022-07-15 16:46:05.833026+00	2022-07-15 16:46:05.833026+00
9010	AE	1000000	(0,0)	2022-07-15 16:46:05.833026+00	2022-07-15 16:46:05.833026+00
9011	AE	1000000	(0,0)	2022-07-15 16:46:05.833026+00	2022-07-15 16:46:05.833026+00
9012	AE	1000000	(0,0)	2022-07-15 16:46:05.833026+00	2022-07-15 16:46:05.833026+00
9013	AE	1000000	(0,0)	2022-07-15 16:46:05.833026+00	2022-07-15 16:46:05.833026+00
9014	AE	1000000	(0,0)	2022-07-15 16:46:05.833026+00	2022-07-15 16:46:05.833026+00
9015	AE	1000000	(0,0)	2022-07-15 16:46:05.833026+00	2022-07-15 16:46:05.833026+00
9016	AE	1000000	(0,0)	2022-07-15 16:46:05.833026+00	2022-07-15 16:46:05.833026+00
9017	AE	1000000	(0,0)	2022-07-15 16:46:05.833026+00	2022-07-15 16:46:05.833026+00
9018	AE	1000000	(0,0)	2022-07-15 16:46:05.833026+00	2022-07-15 16:46:05.833026+00
9020	AE	1000000	(0,0)	2022-07-15 16:46:05.833026+00	2022-07-15 16:46:05.833026+00
9021	AE	1000000	(0,0)	2022-07-15 16:46:05.833026+00	2022-07-15 16:46:05.833026+00
9034	AE	1000000	(0,0)	2022-07-15 16:46:05.833026+00	2022-07-15 16:46:05.833026+00
9044	AE	1000000	(0,0)	2022-07-15 16:46:05.833026+00	2022-07-15 16:46:05.833026+00
9046	AE	1000000	(0,0)	2022-07-15 16:46:05.833026+00	2022-07-15 16:46:05.833026+00
9049	AE	1000000	(0,0)	2022-07-15 16:46:05.833026+00	2022-07-15 16:46:05.833026+00
9053	AE	1000000	(0,0)	2022-07-15 16:46:05.833026+00	2022-07-15 16:46:05.833026+00
9055	AE	1000000	(0,0)	2022-07-15 16:46:05.833026+00	2022-07-15 16:46:05.833026+00
9060	AE	1000000	(0,0)	2022-07-15 16:46:05.833026+00	2022-07-15 16:46:05.833026+00
9067	AE	1000000	(0,0)	2022-07-15 16:46:05.833026+00	2022-07-15 16:46:05.833026+00
9068	AE	1000000	(0,0)	2022-07-15 16:46:05.833026+00	2022-07-15 16:46:05.833026+00
9069	AE	1000000	(0,0)	2022-07-15 16:46:05.833026+00	2022-07-15 16:46:05.833026+00
9079	AE	1000000	(0,0)	2022-07-15 16:46:05.833026+00	2022-07-15 16:46:05.833026+00
9094	AE	1000000	(0,0)	2022-07-15 16:46:05.833026+00	2022-07-15 16:46:05.833026+00
9095	AE	1000000	(0,0)	2022-07-15 16:46:05.833026+00	2022-07-15 16:46:05.833026+00
9096	AE	1000000	(0,0)	2022-07-15 16:46:05.833026+00	2022-07-15 16:46:05.833026+00
9103	AE	1000000	(0,0)	2022-07-15 16:46:05.833026+00	2022-07-15 16:46:05.833026+00
9104	AE	1000000	(0,0)	2022-07-15 16:46:05.833026+00	2022-07-15 16:46:05.833026+00
9107	AE	1000000	(0,0)	2022-07-15 16:46:05.833026+00	2022-07-15 16:46:05.833026+00
9112	AE	1000000	(0,0)	2022-07-15 16:46:05.833026+00	2022-07-15 16:46:05.833026+00
9113	AE	1000000	(0,0)	2022-07-15 16:46:05.833026+00	2022-07-15 16:46:05.833026+00
9114	AE	1000000	(0,0)	2022-07-15 16:46:05.833026+00	2022-07-15 16:46:05.833026+00
9115	AE	1000000	(0,0)	2022-07-15 16:46:05.833026+00	2022-07-15 16:46:05.833026+00
9116	AE	1000000	(0,0)	2022-07-15 16:46:05.833026+00	2022-07-15 16:46:05.833026+00
9123	AE	1000000	(0,0)	2022-07-15 16:46:05.833026+00	2022-07-15 16:46:05.833026+00
9125	AE	1000000	(0,0)	2022-07-15 16:46:05.833026+00	2022-07-15 16:46:05.833026+00
9126	AE	1000000	(0,0)	2022-07-15 16:46:05.833026+00	2022-07-15 16:46:05.833026+00
9128	AE	1000000	(0,0)	2022-07-15 16:46:05.833026+00	2022-07-15 16:46:05.833026+00
9131	AE	1000000	(0,0)	2022-07-15 16:46:05.833026+00	2022-07-15 16:46:05.833026+00
9135	AE	1000000	(0,0)	2022-07-15 16:46:05.833026+00	2022-07-15 16:46:05.833026+00
9136	AE	1000000	(0,0)	2022-07-15 16:46:05.833026+00	2022-07-15 16:46:05.833026+00
9138	AE	1000000	(0,0)	2022-07-15 16:46:05.833026+00	2022-07-15 16:46:05.833026+00
9139	AE	1000000	(0,0)	2022-07-15 16:46:05.833026+00	2022-07-15 16:46:05.833026+00
9140	AE	1000000	(0,0)	2022-07-15 16:46:05.833026+00	2022-07-15 16:46:05.833026+00
9142	AE	1000000	(0,0)	2022-07-15 16:46:05.833026+00	2022-07-15 16:46:05.833026+00
9154	AE	1000000	(0,0)	2022-07-15 16:46:05.833026+00	2022-07-15 16:46:05.833026+00
9160	AE	1000000	(0,0)	2022-07-15 16:46:05.833026+00	2022-07-15 16:46:05.833026+00
9170	AE	1000000	(0,0)	2022-07-15 16:46:05.833026+00	2022-07-15 16:46:05.833026+00
9171	AE	1000000	(0,0)	2022-07-15 16:46:05.833026+00	2022-07-15 16:46:05.833026+00
9172	AE	1000000	(0,0)	2022-07-15 16:46:05.833026+00	2022-07-15 16:46:05.833026+00
9173	AE	1000000	(0,0)	2022-07-15 16:46:05.833026+00	2022-07-15 16:46:05.833026+00
9174	AE	1000000	(0,0)	2022-07-15 16:46:05.833026+00	2022-07-15 16:46:05.833026+00
9175	AE	1000000	(0,0)	2022-07-15 16:46:05.833026+00	2022-07-15 16:46:05.833026+00
9176	AE	1000000	(0,0)	2022-07-15 16:46:05.833026+00	2022-07-15 16:46:05.833026+00
9177	AE	1000000	(0,0)	2022-07-15 16:46:05.833026+00	2022-07-15 16:46:05.833026+00
9178	AE	1000000	(0,0)	2022-07-15 16:46:05.833026+00	2022-07-15 16:46:05.833026+00
9180	AE	1000000	(0,0)	2022-07-15 16:46:05.833026+00	2022-07-15 16:46:05.833026+00
9186	AE	1000000	(0,0)	2022-07-15 16:46:05.833026+00	2022-07-15 16:46:05.833026+00
9203	AE	1000000	(0,0)	2022-07-15 16:46:05.833026+00	2022-07-15 16:46:05.833026+00
9204	AE	1000000	(0,0)	2022-07-15 16:46:05.833026+00	2022-07-15 16:46:05.833026+00
9211	AE	1000000	(0,0)	2022-07-15 16:46:05.833026+00	2022-07-15 16:46:05.833026+00
9213	AE	1000000	(0,0)	2022-07-15 16:46:05.833026+00	2022-07-15 16:46:05.833026+00
9214	AE	1000000	(0,0)	2022-07-15 16:46:05.833026+00	2022-07-15 16:46:05.833026+00
9216	AE	1000000	(0,0)	2022-07-15 16:46:05.833026+00	2022-07-15 16:46:05.833026+00
9226	AE	1000000	(0,0)	2022-07-15 16:46:05.833026+00	2022-07-15 16:46:05.833026+00
9227	AE	1000000	(0,0)	2022-07-15 16:46:05.833026+00	2022-07-15 16:46:05.833026+00
9240	AE	1000000	(0,0)	2022-07-15 16:46:05.833026+00	2022-07-15 16:46:05.833026+00
9241	AE	1000000	(0,0)	2022-07-15 16:46:05.833026+00	2022-07-15 16:46:05.833026+00
9242	AE	1000000	(0,0)	2022-07-15 16:46:05.833026+00	2022-07-15 16:46:05.833026+00
9250	AE	1000000	(0,0)	2022-07-15 16:46:05.833026+00	2022-07-15 16:46:05.833026+00
9261	AE	1000000	(0,0)	2022-07-15 16:46:05.833026+00	2022-07-15 16:46:05.833026+00
9263	AE	1000000	(0,0)	2022-07-15 16:46:05.833026+00	2022-07-15 16:46:05.833026+00
9264	AE	1000000	(0,0)	2022-07-15 16:46:05.833026+00	2022-07-15 16:46:05.833026+00
9265	AE	1000000	(0,0)	2022-07-15 16:46:05.833026+00	2022-07-15 16:46:05.833026+00
9266	AE	1000000	(0,0)	2022-07-15 16:46:05.833026+00	2022-07-15 16:46:05.833026+00
9276	AE	1000000	(0,0)	2022-07-15 16:46:05.833026+00	2022-07-15 16:46:05.833026+00
9277	AE	1000000	(0,0)	2022-07-15 16:46:05.833026+00	2022-07-15 16:46:05.833026+00
9278	AE	1000000	(0,0)	2022-07-15 16:46:05.833026+00	2022-07-15 16:46:05.833026+00
9279	AE	1000000	(0,0)	2022-07-15 16:46:05.833026+00	2022-07-15 16:46:05.833026+00
9283	AE	1000000	(0,0)	2022-07-15 16:46:05.833026+00	2022-07-15 16:46:05.833026+00
9285	AE	1000000	(0,0)	2022-07-15 16:46:05.833026+00	2022-07-15 16:46:05.833026+00
9287	AE	1000000	(0,0)	2022-07-15 16:46:05.833026+00	2022-07-15 16:46:05.833026+00
9289	AE	1000000	(0,0)	2022-07-15 16:46:05.833026+00	2022-07-15 16:46:05.833026+00
9290	AE	1000000	(0,0)	2022-07-15 16:46:05.833026+00	2022-07-15 16:46:05.833026+00
9291	AE	1000000	(0,0)	2022-07-15 16:46:05.833026+00	2022-07-15 16:46:05.833026+00
9292	AE	1000000	(0,0)	2022-07-15 16:46:05.833026+00	2022-07-15 16:46:05.833026+00
9301	AE	1000000	(0,0)	2022-07-15 16:46:05.833026+00	2022-07-15 16:46:05.833026+00
9302	AE	1000000	(0,0)	2022-07-15 16:46:05.833026+00	2022-07-15 16:46:05.833026+00
9304	AE	1000000	(0,0)	2022-07-15 16:46:05.833026+00	2022-07-15 16:46:05.833026+00
9305	AE	1000000	(0,0)	2022-07-15 16:46:05.833026+00	2022-07-15 16:46:05.833026+00
9306	AE	1000000	(0,0)	2022-07-15 16:46:05.833026+00	2022-07-15 16:46:05.833026+00
9307	AE	1000000	(0,0)	2022-07-15 16:46:05.833026+00	2022-07-15 16:46:05.833026+00
9309	AE	1000000	(0,0)	2022-07-15 16:46:05.833026+00	2022-07-15 16:46:05.833026+00
9310	AE	1000000	(0,0)	2022-07-15 16:46:05.833026+00	2022-07-15 16:46:05.833026+00
9311	AE	1000000	(0,0)	2022-07-15 16:46:05.833026+00	2022-07-15 16:46:05.833026+00
9312	AE	1000000	(0,0)	2022-07-15 16:46:05.833026+00	2022-07-15 16:46:05.833026+00
9313	AE	1000000	(0,0)	2022-07-15 16:46:05.833026+00	2022-07-15 16:46:05.833026+00
9315	AE	1000000	(0,0)	2022-07-15 16:46:05.833026+00	2022-07-15 16:46:05.833026+00
9316	AE	1000000	(0,0)	2022-07-15 16:46:05.833026+00	2022-07-15 16:46:05.833026+00
9317	AE	1000000	(0,0)	2022-07-15 16:46:05.833026+00	2022-07-15 16:46:05.833026+00
9318	AE	1000000	(0,0)	2022-07-15 16:46:05.833026+00	2022-07-15 16:46:05.833026+00
9319	AE	1000000	(0,0)	2022-07-15 16:46:05.833026+00	2022-07-15 16:46:05.833026+00
9320	AE	1000000	(0,0)	2022-07-15 16:46:05.833026+00	2022-07-15 16:46:05.833026+00
9321	AE	1000000	(0,0)	2022-07-15 16:46:05.833026+00	2022-07-15 16:46:05.833026+00
9322	AE	1000000	(0,0)	2022-07-15 16:46:05.833026+00	2022-07-15 16:46:05.833026+00
9323	AE	1000000	(-44.25,33.53)	2022-07-15 16:46:05.833026+00	2022-07-15 16:46:05.833026+00
9330	AE	1000000	(0,0)	2022-07-15 16:46:05.833026+00	2022-07-15 16:46:05.833026+00
9333	AE	1000000	(0,0)	2022-07-15 16:46:05.833026+00	2022-07-15 16:46:05.833026+00
9337	AE	1000000	(0,0)	2022-07-15 16:46:05.833026+00	2022-07-15 16:46:05.833026+00
9340	AE	1000000	(0,0)	2022-07-15 16:46:05.833026+00	2022-07-15 16:46:05.833026+00
9343	AE	1000000	(0,0)	2022-07-15 16:46:05.833026+00	2022-07-15 16:46:05.833026+00
9347	AE	1000000	(0,0)	2022-07-15 16:46:05.833026+00	2022-07-15 16:46:05.833026+00
9348	AE	1000000	(0,0)	2022-07-15 16:46:05.833026+00	2022-07-15 16:46:05.833026+00
9351	AE	1000000	(0,0)	2022-07-15 16:46:05.833026+00	2022-07-15 16:46:05.833026+00
9352	AE	1000000	(0,0)	2022-07-15 16:46:05.833026+00	2022-07-15 16:46:05.833026+00
9354	AE	1000000	(0,0)	2022-07-15 16:46:05.833026+00	2022-07-15 16:46:05.833026+00
9355	AE	1000000	(0,0)	2022-07-15 16:46:05.833026+00	2022-07-15 16:46:05.833026+00
9356	AE	1000000	(0,0)	2022-07-15 16:46:05.833026+00	2022-07-15 16:46:05.833026+00
9357	AE	1000000	(0,0)	2022-07-15 16:46:05.833026+00	2022-07-15 16:46:05.833026+00
9363	AE	1000000	(0,0)	2022-07-15 16:46:05.833026+00	2022-07-15 16:46:05.833026+00
9365	AE	1000000	(0,0)	2022-07-15 16:46:05.833026+00	2022-07-15 16:46:05.833026+00
9366	AE	1000000	(0,0)	2022-07-15 16:46:05.833026+00	2022-07-15 16:46:05.833026+00
9378	AE	1000000	(0,0)	2022-07-15 16:46:05.833026+00	2022-07-15 16:46:05.833026+00
9381	AE	1000000	(0,0)	2022-07-15 16:46:05.833026+00	2022-07-15 16:46:05.833026+00
9401	AE	1000000	(0,0)	2022-07-15 16:46:05.833026+00	2022-07-15 16:46:05.833026+00
9403	AE	1000000	(0,0)	2022-07-15 16:46:05.833026+00	2022-07-15 16:46:05.833026+00
9410	AE	1000000	(0,0)	2022-07-15 16:46:05.833026+00	2022-07-15 16:46:05.833026+00
9421	AE	1000000	(0,0)	2022-07-15 16:46:05.833026+00	2022-07-15 16:46:05.833026+00
9447	AE	1000000	(0,0)	2022-07-15 16:46:05.833026+00	2022-07-15 16:46:05.833026+00
9454	AE	1000000	(0,0)	2022-07-15 16:46:05.833026+00	2022-07-15 16:46:05.833026+00
9456	AE	1000000	(0,0)	2022-07-15 16:46:05.833026+00	2022-07-15 16:46:05.833026+00
9459	AE	1000000	(0,0)	2022-07-15 16:46:05.833026+00	2022-07-15 16:46:05.833026+00
9461	AE	1000000	(0,0)	2022-07-15 16:46:05.833026+00	2022-07-15 16:46:05.833026+00
9463	AE	1000000	(0,0)	2022-07-15 16:46:05.833026+00	2022-07-15 16:46:05.833026+00
9464	AE	1000000	(0,0)	2022-07-15 16:46:05.833026+00	2022-07-15 16:46:05.833026+00
9467	AE	1000000	(0,0)	2022-07-15 16:46:05.833026+00	2022-07-15 16:46:05.833026+00
9468	AE	1000000	(0,0)	2022-07-15 16:46:05.833026+00	2022-07-15 16:46:05.833026+00
9469	AE	1000000	(0,0)	2022-07-15 16:46:05.833026+00	2022-07-15 16:46:05.833026+00
9470	AE	1000000	(0,0)	2022-07-15 16:46:05.833026+00	2022-07-15 16:46:05.833026+00
9487	AE	1000000	(0,0)	2022-07-15 16:46:05.833026+00	2022-07-15 16:46:05.833026+00
9488	AE	1000000	(0,0)	2022-07-15 16:46:05.833026+00	2022-07-15 16:46:05.833026+00
9489	AE	1000000	(0,0)	2022-07-15 16:46:05.833026+00	2022-07-15 16:46:05.833026+00
9490	AE	1000000	(0,0)	2022-07-15 16:46:05.833026+00	2022-07-15 16:46:05.833026+00
9491	AE	1000000	(0,0)	2022-07-15 16:46:05.833026+00	2022-07-15 16:46:05.833026+00
9494	AE	1000000	(0,0)	2022-07-15 16:46:05.833026+00	2022-07-15 16:46:05.833026+00
9496	AE	1000000	(0,0)	2022-07-15 16:46:05.833026+00	2022-07-15 16:46:05.833026+00
9497	AE	1000000	(0,0)	2022-07-15 16:46:05.833026+00	2022-07-15 16:46:05.833026+00
9498	AE	1000000	(0,0)	2022-07-15 16:46:05.833026+00	2022-07-15 16:46:05.833026+00
9501	AE	1000000	(0,0)	2022-07-15 16:46:05.833026+00	2022-07-15 16:46:05.833026+00
9502	AE	1000000	(0,0)	2022-07-15 16:46:05.833026+00	2022-07-15 16:46:05.833026+00
9503	AE	1000000	(0,0)	2022-07-15 16:46:05.833026+00	2022-07-15 16:46:05.833026+00
9504	AE	1000000	(0,0)	2022-07-15 16:46:05.833026+00	2022-07-15 16:46:05.833026+00
9505	AE	1000000	(0,0)	2022-07-15 16:46:05.833026+00	2022-07-15 16:46:05.833026+00
9506	AE	1000000	(0,0)	2022-07-15 16:46:05.833026+00	2022-07-15 16:46:05.833026+00
9507	AE	1000000	(0,0)	2022-07-15 16:46:05.833026+00	2022-07-15 16:46:05.833026+00
9508	AE	1000000	(0,0)	2022-07-15 16:46:05.833026+00	2022-07-15 16:46:05.833026+00
9509	AE	1000000	(0,0)	2022-07-15 16:46:05.833026+00	2022-07-15 16:46:05.833026+00
9510	AE	1000000	(0,0)	2022-07-15 16:46:05.833026+00	2022-07-15 16:46:05.833026+00
9511	AE	1000000	(0,0)	2022-07-15 16:46:05.833026+00	2022-07-15 16:46:05.833026+00
9512	AE	1000000	(0,0)	2022-07-15 16:46:05.833026+00	2022-07-15 16:46:05.833026+00
9513	AE	1000000	(0,0)	2022-07-15 16:46:05.833026+00	2022-07-15 16:46:05.833026+00
9514	AE	1000000	(0,0)	2022-07-15 16:46:05.833026+00	2022-07-15 16:46:05.833026+00
9517	AE	1000000	(0,0)	2022-07-15 16:46:05.833026+00	2022-07-15 16:46:05.833026+00
9520	AE	1000000	(0,0)	2022-07-15 16:46:05.833026+00	2022-07-15 16:46:05.833026+00
9522	AE	1000000	(0,0)	2022-07-15 16:46:05.833026+00	2022-07-15 16:46:05.833026+00
9523	AE	1000000	(0,0)	2022-07-15 16:46:05.833026+00	2022-07-15 16:46:05.833026+00
9524	AE	1000000	(0,0)	2022-07-15 16:46:05.833026+00	2022-07-15 16:46:05.833026+00
9532	AE	1000000	(0,0)	2022-07-15 16:46:05.833026+00	2022-07-15 16:46:05.833026+00
9533	AE	1000000	(0,0)	2022-07-15 16:46:05.833026+00	2022-07-15 16:46:05.833026+00
9534	AE	1000000	(0,0)	2022-07-15 16:46:05.833026+00	2022-07-15 16:46:05.833026+00
9541	AE	1000000	(0,0)	2022-07-15 16:46:05.833026+00	2022-07-15 16:46:05.833026+00
9542	AE	1000000	(0,0)	2022-07-15 16:46:05.833026+00	2022-07-15 16:46:05.833026+00
9543	AE	1000000	(0,0)	2022-07-15 16:46:05.833026+00	2022-07-15 16:46:05.833026+00
9544	AE	1000000	(0,0)	2022-07-15 16:46:05.833026+00	2022-07-15 16:46:05.833026+00
9545	AE	1000000	(0,0)	2022-07-15 16:46:05.833026+00	2022-07-15 16:46:05.833026+00
9550	AE	1000000	(0,0)	2022-07-15 16:46:05.833026+00	2022-07-15 16:46:05.833026+00
9554	AE	1000000	(0,0)	2022-07-15 16:46:05.833026+00	2022-07-15 16:46:05.833026+00
9556	AE	1000000	(0,0)	2022-07-15 16:46:05.833026+00	2022-07-15 16:46:05.833026+00
9564	AE	1000000	(0,0)	2022-07-15 16:46:05.833026+00	2022-07-15 16:46:05.833026+00
9565	AE	1000000	(0,0)	2022-07-15 16:46:05.833026+00	2022-07-15 16:46:05.833026+00
9566	AE	1000000	(0,0)	2022-07-15 16:46:05.833026+00	2022-07-15 16:46:05.833026+00
9567	AE	1000000	(0,0)	2022-07-15 16:46:05.833026+00	2022-07-15 16:46:05.833026+00
9568	AE	1000000	(0,0)	2022-07-15 16:46:05.833026+00	2022-07-15 16:46:05.833026+00
9569	AE	1000000	(0,0)	2022-07-15 16:46:05.833026+00	2022-07-15 16:46:05.833026+00
9570	AE	1000000	(0,0)	2022-07-15 16:46:05.833026+00	2022-07-15 16:46:05.833026+00
9573	AE	1000000	(0,0)	2022-07-15 16:46:05.833026+00	2022-07-15 16:46:05.833026+00
9574	AE	1000000	(0,0)	2022-07-15 16:46:05.833026+00	2022-07-15 16:46:05.833026+00
9575	AE	1000000	(0,0)	2022-07-15 16:46:05.833026+00	2022-07-15 16:46:05.833026+00
9576	AE	1000000	(0,0)	2022-07-15 16:46:05.833026+00	2022-07-15 16:46:05.833026+00
9577	AE	1000000	(0,0)	2022-07-15 16:46:05.833026+00	2022-07-15 16:46:05.833026+00
9578	AE	1000000	(0,0)	2022-07-15 16:46:05.833026+00	2022-07-15 16:46:05.833026+00
9579	AE	1000000	(0,0)	2022-07-15 16:46:05.833026+00	2022-07-15 16:46:05.833026+00
9581	AE	1000000	(0,0)	2022-07-15 16:46:05.833026+00	2022-07-15 16:46:05.833026+00
9582	AE	1000000	(0,0)	2022-07-15 16:46:05.833026+00	2022-07-15 16:46:05.833026+00
9583	AE	1000000	(0,0)	2022-07-15 16:46:05.833026+00	2022-07-15 16:46:05.833026+00
9586	AE	1000000	(0,0)	2022-07-15 16:46:05.833026+00	2022-07-15 16:46:05.833026+00
9587	AE	1000000	(0,0)	2022-07-15 16:46:05.833026+00	2022-07-15 16:46:05.833026+00
9588	AE	1000000	(0,0)	2022-07-15 16:46:05.833026+00	2022-07-15 16:46:05.833026+00
9589	AE	1000000	(0,0)	2022-07-15 16:46:05.833026+00	2022-07-15 16:46:05.833026+00
9590	AE	1000000	(0,0)	2022-07-15 16:46:05.833026+00	2022-07-15 16:46:05.833026+00
9591	AE	1000000	(0,0)	2022-07-15 16:46:05.833026+00	2022-07-15 16:46:05.833026+00
9592	AE	1000000	(0,0)	2022-07-15 16:46:05.833026+00	2022-07-15 16:46:05.833026+00
9593	AE	1000000	(0,0)	2022-07-15 16:46:05.833026+00	2022-07-15 16:46:05.833026+00
9594	AE	1000000	(0,0)	2022-07-15 16:46:05.833026+00	2022-07-15 16:46:05.833026+00
9595	AE	1000000	(0,0)	2022-07-15 16:46:05.833026+00	2022-07-15 16:46:05.833026+00
9596	AE	1000000	(0,0)	2022-07-15 16:46:05.833026+00	2022-07-15 16:46:05.833026+00
9599	AE	1000000	(0,0)	2022-07-15 16:46:05.833026+00	2022-07-15 16:46:05.833026+00
9600	AE	1000000	(0,0)	2022-07-15 16:46:05.833026+00	2022-07-15 16:46:05.833026+00
9601	AE	1000000	(0,0)	2022-07-15 16:46:05.833026+00	2022-07-15 16:46:05.833026+00
9602	AE	1000000	(0,0)	2022-07-15 16:46:05.833026+00	2022-07-15 16:46:05.833026+00
9603	AE	1000000	(0,0)	2022-07-15 16:46:05.833026+00	2022-07-15 16:46:05.833026+00
9604	AE	1000000	(0,0)	2022-07-15 16:46:05.833026+00	2022-07-15 16:46:05.833026+00
9605	AE	1000000	(0,0)	2022-07-15 16:46:05.833026+00	2022-07-15 16:46:05.833026+00
9606	AE	1000000	(0,0)	2022-07-15 16:46:05.833026+00	2022-07-15 16:46:05.833026+00
9607	AE	1000000	(0,0)	2022-07-15 16:46:05.833026+00	2022-07-15 16:46:05.833026+00
9608	AE	1000000	(0,0)	2022-07-15 16:46:05.833026+00	2022-07-15 16:46:05.833026+00
9609	AE	1000000	(0,0)	2022-07-15 16:46:05.833026+00	2022-07-15 16:46:05.833026+00
9610	AE	1000000	(0,0)	2022-07-15 16:46:05.833026+00	2022-07-15 16:46:05.833026+00
9613	AE	1000000	(0,0)	2022-07-15 16:46:05.833026+00	2022-07-15 16:46:05.833026+00
9614	AE	1000000	(0,0)	2022-07-15 16:46:05.833026+00	2022-07-15 16:46:05.833026+00
9617	AE	1000000	(0,0)	2022-07-15 16:46:05.833026+00	2022-07-15 16:46:05.833026+00
9618	AE	1000000	(0,0)	2022-07-15 16:46:05.833026+00	2022-07-15 16:46:05.833026+00
9620	AE	1000000	(0,0)	2022-07-15 16:46:05.833026+00	2022-07-15 16:46:05.833026+00
9621	AE	1000000	(0,0)	2022-07-15 16:46:05.833026+00	2022-07-15 16:46:05.833026+00
9622	AE	1000000	(0,0)	2022-07-15 16:46:05.833026+00	2022-07-15 16:46:05.833026+00
9623	AE	1000000	(0,0)	2022-07-15 16:46:05.833026+00	2022-07-15 16:46:05.833026+00
9624	AE	1000000	(0,0)	2022-07-15 16:46:05.833026+00	2022-07-15 16:46:05.833026+00
9625	AE	1000000	(0,0)	2022-07-15 16:46:05.833026+00	2022-07-15 16:46:05.833026+00
9626	AE	1000000	(0,0)	2022-07-15 16:46:05.833026+00	2022-07-15 16:46:05.833026+00
9627	AE	1000000	(0,0)	2022-07-15 16:46:05.833026+00	2022-07-15 16:46:05.833026+00
9630	AE	1000000	(0,0)	2022-07-15 16:46:05.833026+00	2022-07-15 16:46:05.833026+00
9631	AE	1000000	(0,0)	2022-07-15 16:46:05.833026+00	2022-07-15 16:46:05.833026+00
9633	AE	1000000	(0,0)	2022-07-15 16:46:05.833026+00	2022-07-15 16:46:05.833026+00
9634	AE	1000000	(0,0)	2022-07-15 16:46:05.833026+00	2022-07-15 16:46:05.833026+00
9636	AE	1000000	(0,0)	2022-07-15 16:46:05.833026+00	2022-07-15 16:46:05.833026+00
9642	AE	1000000	(0,0)	2022-07-15 16:46:05.833026+00	2022-07-15 16:46:05.833026+00
9643	AE	1000000	(0,0)	2022-07-15 16:46:05.833026+00	2022-07-15 16:46:05.833026+00
9645	AE	1000000	(0,0)	2022-07-15 16:46:05.833026+00	2022-07-15 16:46:05.833026+00
9647	AE	1000000	(0,0)	2022-07-15 16:46:05.833026+00	2022-07-15 16:46:05.833026+00
9648	AE	1000000	(0,0)	2022-07-15 16:46:05.833026+00	2022-07-15 16:46:05.833026+00
9649	AE	1000000	(0,0)	2022-07-15 16:46:05.833026+00	2022-07-15 16:46:05.833026+00
9701	AE	1000000	(0,0)	2022-07-15 16:46:05.833026+00	2022-07-15 16:46:05.833026+00
9702	AE	1000000	(0,0)	2022-07-15 16:46:05.833026+00	2022-07-15 16:46:05.833026+00
9703	AE	1000000	(0,0)	2022-07-15 16:46:05.833026+00	2022-07-15 16:46:05.833026+00
9704	AE	1000000	(0,0)	2022-07-15 16:46:05.833026+00	2022-07-15 16:46:05.833026+00
9705	AE	1000000	(0,0)	2022-07-15 16:46:05.833026+00	2022-07-15 16:46:05.833026+00
9706	AE	1000000	(0,0)	2022-07-15 16:46:05.833026+00	2022-07-15 16:46:05.833026+00
9707	AE	1000000	(0,0)	2022-07-15 16:46:05.833026+00	2022-07-15 16:46:05.833026+00
9708	AE	1000000	(0,0)	2022-07-15 16:46:05.833026+00	2022-07-15 16:46:05.833026+00
9709	AE	1000000	(0,0)	2022-07-15 16:46:05.833026+00	2022-07-15 16:46:05.833026+00
9710	AE	1000000	(0,0)	2022-07-15 16:46:05.833026+00	2022-07-15 16:46:05.833026+00
9711	AE	1000000	(0,0)	2022-07-15 16:46:05.833026+00	2022-07-15 16:46:05.833026+00
9712	AE	1000000	(0,0)	2022-07-15 16:46:05.833026+00	2022-07-15 16:46:05.833026+00
9714	AE	1000000	(0,0)	2022-07-15 16:46:05.833026+00	2022-07-15 16:46:05.833026+00
9715	AE	1000000	(0,0)	2022-07-15 16:46:05.833026+00	2022-07-15 16:46:05.833026+00
9716	AE	1000000	(0,0)	2022-07-15 16:46:05.833026+00	2022-07-15 16:46:05.833026+00
9717	AE	1000000	(0,0)	2022-07-15 16:46:05.833026+00	2022-07-15 16:46:05.833026+00
9718	AE	1000000	(0,0)	2022-07-15 16:46:05.833026+00	2022-07-15 16:46:05.833026+00
9719	AE	1000000	(0,0)	2022-07-15 16:46:05.833026+00	2022-07-15 16:46:05.833026+00
9720	AE	1000000	(0,0)	2022-07-15 16:46:05.833026+00	2022-07-15 16:46:05.833026+00
9722	AE	1000000	(0,0)	2022-07-15 16:46:05.833026+00	2022-07-15 16:46:05.833026+00
9723	AE	1000000	(0,0)	2022-07-15 16:46:05.833026+00	2022-07-15 16:46:05.833026+00
9724	AE	1000000	(0,0)	2022-07-15 16:46:05.833026+00	2022-07-15 16:46:05.833026+00
9725	AE	1000000	(0,0)	2022-07-15 16:46:05.833026+00	2022-07-15 16:46:05.833026+00
9726	AE	1000000	(0,0)	2022-07-15 16:46:05.833026+00	2022-07-15 16:46:05.833026+00
9727	AE	1000000	(0,0)	2022-07-15 16:46:05.833026+00	2022-07-15 16:46:05.833026+00
9728	AE	1000000	(0,0)	2022-07-15 16:46:05.833026+00	2022-07-15 16:46:05.833026+00
9729	AE	1000000	(0,0)	2022-07-15 16:46:05.833026+00	2022-07-15 16:46:05.833026+00
9730	AE	1000000	(0,0)	2022-07-15 16:46:05.833026+00	2022-07-15 16:46:05.833026+00
9731	AE	1000000	(0,0)	2022-07-15 16:46:05.833026+00	2022-07-15 16:46:05.833026+00
9732	AE	1000000	(0,0)	2022-07-15 16:46:05.833026+00	2022-07-15 16:46:05.833026+00
9733	AE	1000000	(0,0)	2022-07-15 16:46:05.833026+00	2022-07-15 16:46:05.833026+00
9734	AE	1000000	(0,0)	2022-07-15 16:46:05.833026+00	2022-07-15 16:46:05.833026+00
9735	AE	1000000	(0,0)	2022-07-15 16:46:05.833026+00	2022-07-15 16:46:05.833026+00
9736	AE	1000000	(0,0)	2022-07-15 16:46:05.833026+00	2022-07-15 16:46:05.833026+00
9737	AE	1000000	(0,0)	2022-07-15 16:46:05.833026+00	2022-07-15 16:46:05.833026+00
9738	AE	1000000	(0,0)	2022-07-15 16:46:05.833026+00	2022-07-15 16:46:05.833026+00
9739	AE	1000000	(0,0)	2022-07-15 16:46:05.833026+00	2022-07-15 16:46:05.833026+00
9741	AE	1000000	(0,0)	2022-07-15 16:46:05.833026+00	2022-07-15 16:46:05.833026+00
9742	AE	1000000	(0,0)	2022-07-15 16:46:05.833026+00	2022-07-15 16:46:05.833026+00
9743	AE	1000000	(0,0)	2022-07-15 16:46:05.833026+00	2022-07-15 16:46:05.833026+00
9744	AE	1000000	(0,0)	2022-07-15 16:46:05.833026+00	2022-07-15 16:46:05.833026+00
9745	AE	1000000	(0,0)	2022-07-15 16:46:05.833026+00	2022-07-15 16:46:05.833026+00
9748	AE	1000000	(0,0)	2022-07-15 16:46:05.833026+00	2022-07-15 16:46:05.833026+00
9749	AE	1000000	(0,0)	2022-07-15 16:46:05.833026+00	2022-07-15 16:46:05.833026+00
9750	AE	1000000	(0,0)	2022-07-15 16:46:05.833026+00	2022-07-15 16:46:05.833026+00
9751	AE	1000000	(0,0)	2022-07-15 16:46:05.833026+00	2022-07-15 16:46:05.833026+00
9752	AE	1000000	(0,0)	2022-07-15 16:46:05.833026+00	2022-07-15 16:46:05.833026+00
9753	AE	1000000	(0,0)	2022-07-15 16:46:05.833026+00	2022-07-15 16:46:05.833026+00
9754	AE	1000000	(0,0)	2022-07-15 16:46:05.833026+00	2022-07-15 16:46:05.833026+00
9755	AE	1000000	(0,0)	2022-07-15 16:46:05.833026+00	2022-07-15 16:46:05.833026+00
9756	AE	1000000	(0,0)	2022-07-15 16:46:05.833026+00	2022-07-15 16:46:05.833026+00
9758	AE	1000000	(0,0)	2022-07-15 16:46:05.833026+00	2022-07-15 16:46:05.833026+00
9759	AE	1000000	(0,0)	2022-07-15 16:46:05.833026+00	2022-07-15 16:46:05.833026+00
9760	AE	1000000	(0,0)	2022-07-15 16:46:05.833026+00	2022-07-15 16:46:05.833026+00
9761	AE	1000000	(0,0)	2022-07-15 16:46:05.833026+00	2022-07-15 16:46:05.833026+00
9762	AE	1000000	(0,0)	2022-07-15 16:46:05.833026+00	2022-07-15 16:46:05.833026+00
9769	AE	1000000	(0,0)	2022-07-15 16:46:05.833026+00	2022-07-15 16:46:05.833026+00
9777	AE	1000000	(0,0)	2022-07-15 16:46:05.833026+00	2022-07-15 16:46:05.833026+00
9780	AE	1000000	(0,0)	2022-07-15 16:46:05.833026+00	2022-07-15 16:46:05.833026+00
9789	AE	1000000	(0,0)	2022-07-15 16:46:05.833026+00	2022-07-15 16:46:05.833026+00
9800	AE	1000000	(0,0)	2022-07-15 16:46:05.833026+00	2022-07-15 16:46:05.833026+00
9801	AE	1000000	(0,0)	2022-07-15 16:46:05.833026+00	2022-07-15 16:46:05.833026+00
9802	AE	1000000	(0,0)	2022-07-15 16:46:05.833026+00	2022-07-15 16:46:05.833026+00
9803	AE	1000000	(0,0)	2022-07-15 16:46:05.833026+00	2022-07-15 16:46:05.833026+00
9804	AE	1000000	(0,0)	2022-07-15 16:46:05.833026+00	2022-07-15 16:46:05.833026+00
9805	AE	1000000	(0,0)	2022-07-15 16:46:05.833026+00	2022-07-15 16:46:05.833026+00
9806	AE	1000000	(0,0)	2022-07-15 16:46:05.833026+00	2022-07-15 16:46:05.833026+00
9807	AE	1000000	(0,0)	2022-07-15 16:46:05.833026+00	2022-07-15 16:46:05.833026+00
9808	AE	1000000	(0,0)	2022-07-15 16:46:05.833026+00	2022-07-15 16:46:05.833026+00
9809	AE	1000000	(0,0)	2022-07-15 16:46:05.833026+00	2022-07-15 16:46:05.833026+00
9810	AE	1000000	(0,0)	2022-07-15 16:46:05.833026+00	2022-07-15 16:46:05.833026+00
9811	AE	1000000	(0,0)	2022-07-15 16:46:05.833026+00	2022-07-15 16:46:05.833026+00
9812	AE	1000000	(0,0)	2022-07-15 16:46:05.833026+00	2022-07-15 16:46:05.833026+00
9813	AE	1000000	(0,0)	2022-07-15 16:46:05.833026+00	2022-07-15 16:46:05.833026+00
9814	AE	1000000	(0,0)	2022-07-15 16:46:05.833026+00	2022-07-15 16:46:05.833026+00
9815	AE	1000000	(0,0)	2022-07-15 16:46:05.833026+00	2022-07-15 16:46:05.833026+00
9816	AE	1000000	(0,0)	2022-07-15 16:46:05.833026+00	2022-07-15 16:46:05.833026+00
9817	AE	1000000	(0,0)	2022-07-15 16:46:05.833026+00	2022-07-15 16:46:05.833026+00
9818	AE	1000000	(0,0)	2022-07-15 16:46:05.833026+00	2022-07-15 16:46:05.833026+00
9820	AE	1000000	(0,0)	2022-07-15 16:46:05.833026+00	2022-07-15 16:46:05.833026+00
9821	AE	1000000	(0,0)	2022-07-15 16:46:05.833026+00	2022-07-15 16:46:05.833026+00
9822	AE	1000000	(0,0)	2022-07-15 16:46:05.833026+00	2022-07-15 16:46:05.833026+00
9823	AE	1000000	(0,0)	2022-07-15 16:46:05.833026+00	2022-07-15 16:46:05.833026+00
9824	AE	1000000	(0,0)	2022-07-15 16:46:05.833026+00	2022-07-15 16:46:05.833026+00
9825	AE	1000000	(0,0)	2022-07-15 16:46:05.833026+00	2022-07-15 16:46:05.833026+00
9826	AE	1000000	(0,0)	2022-07-15 16:46:05.833026+00	2022-07-15 16:46:05.833026+00
9827	AE	1000000	(0,0)	2022-07-15 16:46:05.833026+00	2022-07-15 16:46:05.833026+00
9828	AE	1000000	(0,0)	2022-07-15 16:46:05.833026+00	2022-07-15 16:46:05.833026+00
9829	AE	1000000	(0,0)	2022-07-15 16:46:05.833026+00	2022-07-15 16:46:05.833026+00
9830	AE	1000000	(0,0)	2022-07-15 16:46:05.833026+00	2022-07-15 16:46:05.833026+00
9831	AE	1000000	(0,0)	2022-07-15 16:46:05.833026+00	2022-07-15 16:46:05.833026+00
9832	AE	1000000	(0,0)	2022-07-15 16:46:05.833026+00	2022-07-15 16:46:05.833026+00
9833	AE	1000000	(0,0)	2022-07-15 16:46:05.833026+00	2022-07-15 16:46:05.833026+00
9834	AE	1000000	(0,0)	2022-07-15 16:46:05.833026+00	2022-07-15 16:46:05.833026+00
9836	AE	1000000	(0,0)	2022-07-15 16:46:05.833026+00	2022-07-15 16:46:05.833026+00
9837	AE	1000000	(0,0)	2022-07-15 16:46:05.833026+00	2022-07-15 16:46:05.833026+00
9838	AE	1000000	(0,0)	2022-07-15 16:46:05.833026+00	2022-07-15 16:46:05.833026+00
9839	AE	1000000	(0,0)	2022-07-15 16:46:05.833026+00	2022-07-15 16:46:05.833026+00
9841	AE	1000000	(0,0)	2022-07-15 16:46:05.833026+00	2022-07-15 16:46:05.833026+00
9842	AE	1000000	(0,0)	2022-07-15 16:46:05.833026+00	2022-07-15 16:46:05.833026+00
9844	AE	1000000	(0,0)	2022-07-15 16:46:05.833026+00	2022-07-15 16:46:05.833026+00
9845	AE	1000000	(0,0)	2022-07-15 16:46:05.833026+00	2022-07-15 16:46:05.833026+00
9846	AE	1000000	(0,0)	2022-07-15 16:46:05.833026+00	2022-07-15 16:46:05.833026+00
9847	AE	1000000	(0,0)	2022-07-15 16:46:05.833026+00	2022-07-15 16:46:05.833026+00
9848	AE	1000000	(0,0)	2022-07-15 16:46:05.833026+00	2022-07-15 16:46:05.833026+00
9851	AE	1000000	(0,0)	2022-07-15 16:46:05.833026+00	2022-07-15 16:46:05.833026+00
9852	AE	1000000	(0,0)	2022-07-15 16:46:05.833026+00	2022-07-15 16:46:05.833026+00
9853	AE	1000000	(0,0)	2022-07-15 16:46:05.833026+00	2022-07-15 16:46:05.833026+00
9854	AE	1000000	(0,0)	2022-07-15 16:46:05.833026+00	2022-07-15 16:46:05.833026+00
9855	AE	1000000	(0,0)	2022-07-15 16:46:05.833026+00	2022-07-15 16:46:05.833026+00
9856	AE	1000000	(0,0)	2022-07-15 16:46:05.833026+00	2022-07-15 16:46:05.833026+00
9857	AE	1000000	(0,0)	2022-07-15 16:46:05.833026+00	2022-07-15 16:46:05.833026+00
9858	AE	1000000	(0,0)	2022-07-15 16:46:05.833026+00	2022-07-15 16:46:05.833026+00
9859	AE	1000000	(0,0)	2022-07-15 16:46:05.833026+00	2022-07-15 16:46:05.833026+00
9860	AE	1000000	(0,0)	2022-07-15 16:46:05.833026+00	2022-07-15 16:46:05.833026+00
9861	AE	1000000	(0,0)	2022-07-15 16:46:05.833026+00	2022-07-15 16:46:05.833026+00
9862	AE	1000000	(0,0)	2022-07-15 16:46:05.833026+00	2022-07-15 16:46:05.833026+00
9863	AE	1000000	(0,0)	2022-07-15 16:46:05.833026+00	2022-07-15 16:46:05.833026+00
9864	AE	1000000	(0,0)	2022-07-15 16:46:05.833026+00	2022-07-15 16:46:05.833026+00
9865	AE	1000000	(0,0)	2022-07-15 16:46:05.833026+00	2022-07-15 16:46:05.833026+00
9867	AE	1000000	(0,0)	2022-07-15 16:46:05.833026+00	2022-07-15 16:46:05.833026+00
9868	AE	1000000	(0,0)	2022-07-15 16:46:05.833026+00	2022-07-15 16:46:05.833026+00
9869	AE	1000000	(0,0)	2022-07-15 16:46:05.833026+00	2022-07-15 16:46:05.833026+00
9870	AE	1000000	(0,0)	2022-07-15 16:46:05.833026+00	2022-07-15 16:46:05.833026+00
9873	AE	1000000	(0,0)	2022-07-15 16:46:05.833026+00	2022-07-15 16:46:05.833026+00
9874	AE	1000000	(0,0)	2022-07-15 16:46:05.833026+00	2022-07-15 16:46:05.833026+00
9875	AE	1000000	(0,0)	2022-07-15 16:46:05.833026+00	2022-07-15 16:46:05.833026+00
9876	AE	1000000	(0,0)	2022-07-15 16:46:05.833026+00	2022-07-15 16:46:05.833026+00
9877	AE	1000000	(0,0)	2022-07-15 16:46:05.833026+00	2022-07-15 16:46:05.833026+00
9880	AE	1000000	(0,0)	2022-07-15 16:46:05.833026+00	2022-07-15 16:46:05.833026+00
9890	AE	1000000	(0,0)	2022-07-15 16:46:05.833026+00	2022-07-15 16:46:05.833026+00
9892	AE	1000000	(0,0)	2022-07-15 16:46:05.833026+00	2022-07-15 16:46:05.833026+00
9895	AE	1000000	(0,0)	2022-07-15 16:46:05.833026+00	2022-07-15 16:46:05.833026+00
9898	AE	1000000	(0,0)	2022-07-15 16:46:05.833026+00	2022-07-15 16:46:05.833026+00
9901	AE	1000000	(0,0)	2022-07-15 16:46:05.833026+00	2022-07-15 16:46:05.833026+00
9902	AE	1000000	(0,0)	2022-07-15 16:46:05.833026+00	2022-07-15 16:46:05.833026+00
9903	AE	1000000	(0,0)	2022-07-15 16:46:05.833026+00	2022-07-15 16:46:05.833026+00
9904	AE	1000000	(0,0)	2022-07-15 16:46:05.833026+00	2022-07-15 16:46:05.833026+00
9908	AE	1000000	(0,0)	2022-07-15 16:46:05.833026+00	2022-07-15 16:46:05.833026+00
9909	AE	1000000	(0,0)	2022-07-15 16:46:05.833026+00	2022-07-15 16:46:05.833026+00
9910	AE	1000000	(0,0)	2022-07-15 16:46:05.833026+00	2022-07-15 16:46:05.833026+00
9974	AE	1000000	(0,0)	2022-07-15 16:46:05.833026+00	2022-07-15 16:46:05.833026+00
9975	AE	1000000	(0,0)	2022-07-15 16:46:05.833026+00	2022-07-15 16:46:05.833026+00
9976	AE	1000000	(0,0)	2022-07-15 16:46:05.833026+00	2022-07-15 16:46:05.833026+00
9977	AE	1000000	(0,0)	2022-07-15 16:46:05.833026+00	2022-07-15 16:46:05.833026+00
34001	AA	1000000	(0,0)	2022-07-15 16:46:05.833026+00	2022-07-15 16:46:05.833026+00
34002	AA	1000000	(0,0)	2022-07-15 16:46:05.833026+00	2022-07-15 16:46:05.833026+00
34004	AA	1000000	(0,0)	2022-07-15 16:46:05.833026+00	2022-07-15 16:46:05.833026+00
34007	AA	1000000	(0,0)	2022-07-15 16:46:05.833026+00	2022-07-15 16:46:05.833026+00
34008	AA	1000000	(0,0)	2022-07-15 16:46:05.833026+00	2022-07-15 16:46:05.833026+00
34011	AA	1000000	(0,0)	2022-07-15 16:46:05.833026+00	2022-07-15 16:46:05.833026+00
34020	AA	1000000	(0,0)	2022-07-15 16:46:05.833026+00	2022-07-15 16:46:05.833026+00
34021	AA	1000000	(0,0)	2022-07-15 16:46:05.833026+00	2022-07-15 16:46:05.833026+00
34022	AA	1000000	(0,0)	2022-07-15 16:46:05.833026+00	2022-07-15 16:46:05.833026+00
34023	AA	1000000	(0,0)	2022-07-15 16:46:05.833026+00	2022-07-15 16:46:05.833026+00
34024	AA	1000000	(0,0)	2022-07-15 16:46:05.833026+00	2022-07-15 16:46:05.833026+00
34025	AA	1000000	(0,0)	2022-07-15 16:46:05.833026+00	2022-07-15 16:46:05.833026+00
34030	AA	1000000	(0,0)	2022-07-15 16:46:05.833026+00	2022-07-15 16:46:05.833026+00
34031	AA	1000000	(0,0)	2022-07-15 16:46:05.833026+00	2022-07-15 16:46:05.833026+00
34032	AA	1000000	(0,0)	2022-07-15 16:46:05.833026+00	2022-07-15 16:46:05.833026+00
34033	AA	1000000	(0,0)	2022-07-15 16:46:05.833026+00	2022-07-15 16:46:05.833026+00
34034	AA	1000000	(0,0)	2022-07-15 16:46:05.833026+00	2022-07-15 16:46:05.833026+00
34035	AA	1000000	(0,0)	2022-07-15 16:46:05.833026+00	2022-07-15 16:46:05.833026+00
34036	AA	1000000	(0,0)	2022-07-15 16:46:05.833026+00	2022-07-15 16:46:05.833026+00
34037	AA	1000000	(0,0)	2022-07-15 16:46:05.833026+00	2022-07-15 16:46:05.833026+00
34038	AA	1000000	(0,0)	2022-07-15 16:46:05.833026+00	2022-07-15 16:46:05.833026+00
34039	AA	1000000	(0,0)	2022-07-15 16:46:05.833026+00	2022-07-15 16:46:05.833026+00
34041	AA	1000000	(0,0)	2022-07-15 16:46:05.833026+00	2022-07-15 16:46:05.833026+00
34042	AA	1000000	(0,0)	2022-07-15 16:46:05.833026+00	2022-07-15 16:46:05.833026+00
34044	AA	1000000	(0,0)	2022-07-15 16:46:05.833026+00	2022-07-15 16:46:05.833026+00
34050	AA	1000000	(0,0)	2022-07-15 16:46:05.833026+00	2022-07-15 16:46:05.833026+00
34051	AA	1000000	(0,0)	2022-07-15 16:46:05.833026+00	2022-07-15 16:46:05.833026+00
34052	AA	1000000	(0,0)	2022-07-15 16:46:05.833026+00	2022-07-15 16:46:05.833026+00
34053	AA	1000000	(0,0)	2022-07-15 16:46:05.833026+00	2022-07-15 16:46:05.833026+00
34054	AA	1000000	(0,0)	2022-07-15 16:46:05.833026+00	2022-07-15 16:46:05.833026+00
34055	AA	1000000	(0,0)	2022-07-15 16:46:05.833026+00	2022-07-15 16:46:05.833026+00
34058	AA	1000000	(0,0)	2022-07-15 16:46:05.833026+00	2022-07-15 16:46:05.833026+00
34060	AA	1000000	(0,0)	2022-07-15 16:46:05.833026+00	2022-07-15 16:46:05.833026+00
34066	AA	1000000	(0,0)	2022-07-15 16:46:05.833026+00	2022-07-15 16:46:05.833026+00
34067	AA	1000000	(0,0)	2022-07-15 16:46:05.833026+00	2022-07-15 16:46:05.833026+00
34068	AA	1000000	(0,0)	2022-07-15 16:46:05.833026+00	2022-07-15 16:46:05.833026+00
34069	AA	1000000	(0,0)	2022-07-15 16:46:05.833026+00	2022-07-15 16:46:05.833026+00
34078	AA	1000000	(0,0)	2022-07-15 16:46:05.833026+00	2022-07-15 16:46:05.833026+00
34080	AA	1000000	(0,0)	2022-07-15 16:46:05.833026+00	2022-07-15 16:46:05.833026+00
34081	AA	1000000	(0,0)	2022-07-15 16:46:05.833026+00	2022-07-15 16:46:05.833026+00
34082	AA	1000000	(0,0)	2022-07-15 16:46:05.833026+00	2022-07-15 16:46:05.833026+00
34083	AA	1000000	(0,0)	2022-07-15 16:46:05.833026+00	2022-07-15 16:46:05.833026+00
34084	AA	1000000	(0,0)	2022-07-15 16:46:05.833026+00	2022-07-15 16:46:05.833026+00
34085	AA	1000000	(0,0)	2022-07-15 16:46:05.833026+00	2022-07-15 16:46:05.833026+00
34086	AA	1000000	(0,0)	2022-07-15 16:46:05.833026+00	2022-07-15 16:46:05.833026+00
34087	AA	1000000	(0,0)	2022-07-15 16:46:05.833026+00	2022-07-15 16:46:05.833026+00
34088	AA	1000000	(0,0)	2022-07-15 16:46:05.833026+00	2022-07-15 16:46:05.833026+00
34089	AA	1000000	(0,0)	2022-07-15 16:46:05.833026+00	2022-07-15 16:46:05.833026+00
34090	AA	1000000	(0,0)	2022-07-15 16:46:05.833026+00	2022-07-15 16:46:05.833026+00
34091	AA	1000000	(0,0)	2022-07-15 16:46:05.833026+00	2022-07-15 16:46:05.833026+00
34092	AA	1000000	(0,0)	2022-07-15 16:46:05.833026+00	2022-07-15 16:46:05.833026+00
34093	AA	1000000	(0,0)	2022-07-15 16:46:05.833026+00	2022-07-15 16:46:05.833026+00
34094	AA	1000000	(0,0)	2022-07-15 16:46:05.833026+00	2022-07-15 16:46:05.833026+00
34095	AA	1000000	(0,0)	2022-07-15 16:46:05.833026+00	2022-07-15 16:46:05.833026+00
96201	AP	1000000	(0,0)	2022-07-15 16:46:05.833026+00	2022-07-15 16:46:05.833026+00
96202	AP	1000000	(0,0)	2022-07-15 16:46:05.833026+00	2022-07-15 16:46:05.833026+00
96203	AP	1000000	(0,0)	2022-07-15 16:46:05.833026+00	2022-07-15 16:46:05.833026+00
96204	AP	1000000	(0,0)	2022-07-15 16:46:05.833026+00	2022-07-15 16:46:05.833026+00
96205	AP	1000000	(0,0)	2022-07-15 16:46:05.833026+00	2022-07-15 16:46:05.833026+00
96206	AP	1000000	(0,0)	2022-07-15 16:46:05.833026+00	2022-07-15 16:46:05.833026+00
96207	AP	1000000	(0,0)	2022-07-15 16:46:05.833026+00	2022-07-15 16:46:05.833026+00
96208	AP	1000000	(0,0)	2022-07-15 16:46:05.833026+00	2022-07-15 16:46:05.833026+00
96209	AP	1000000	(0,0)	2022-07-15 16:46:05.833026+00	2022-07-15 16:46:05.833026+00
96210	AP	1000000	(0,0)	2022-07-15 16:46:05.833026+00	2022-07-15 16:46:05.833026+00
96212	AP	1000000	(0,0)	2022-07-15 16:46:05.833026+00	2022-07-15 16:46:05.833026+00
96213	AP	1000000	(0,0)	2022-07-15 16:46:05.833026+00	2022-07-15 16:46:05.833026+00
96214	AP	1000000	(0,0)	2022-07-15 16:46:05.833026+00	2022-07-15 16:46:05.833026+00
96218	AP	1000000	(0,0)	2022-07-15 16:46:05.833026+00	2022-07-15 16:46:05.833026+00
96224	AP	1000000	(0,0)	2022-07-15 16:46:05.833026+00	2022-07-15 16:46:05.833026+00
96251	AP	1000000	(0,0)	2022-07-15 16:46:05.833026+00	2022-07-15 16:46:05.833026+00
96257	AP	1000000	(0,0)	2022-07-15 16:46:05.833026+00	2022-07-15 16:46:05.833026+00
96258	AP	1000000	(0,0)	2022-07-15 16:46:05.833026+00	2022-07-15 16:46:05.833026+00
96260	AP	1000000	(0,0)	2022-07-15 16:46:05.833026+00	2022-07-15 16:46:05.833026+00
96262	AP	1000000	(0,0)	2022-07-15 16:46:05.833026+00	2022-07-15 16:46:05.833026+00
96264	AP	1000000	(0,0)	2022-07-15 16:46:05.833026+00	2022-07-15 16:46:05.833026+00
96266	AP	1000000	(0,0)	2022-07-15 16:46:05.833026+00	2022-07-15 16:46:05.833026+00
96267	AP	1000000	(0,0)	2022-07-15 16:46:05.833026+00	2022-07-15 16:46:05.833026+00
96269	AP	1000000	(0,0)	2022-07-15 16:46:05.833026+00	2022-07-15 16:46:05.833026+00
96271	AP	1000000	(0,0)	2022-07-15 16:46:05.833026+00	2022-07-15 16:46:05.833026+00
96273	AP	1000000	(0,0)	2022-07-15 16:46:05.833026+00	2022-07-15 16:46:05.833026+00
96275	AP	1000000	(0,0)	2022-07-15 16:46:05.833026+00	2022-07-15 16:46:05.833026+00
96276	AP	1000000	(0,0)	2022-07-15 16:46:05.833026+00	2022-07-15 16:46:05.833026+00
96278	AP	1000000	(0,0)	2022-07-15 16:46:05.833026+00	2022-07-15 16:46:05.833026+00
96283	AP	1000000	(0,0)	2022-07-15 16:46:05.833026+00	2022-07-15 16:46:05.833026+00
96284	AP	1000000	(0,0)	2022-07-15 16:46:05.833026+00	2022-07-15 16:46:05.833026+00
96297	AP	1000000	(0,0)	2022-07-15 16:46:05.833026+00	2022-07-15 16:46:05.833026+00
96301	AP	1000000	(0,0)	2022-07-15 16:46:05.833026+00	2022-07-15 16:46:05.833026+00
96303	AP	1000000	(0,0)	2022-07-15 16:46:05.833026+00	2022-07-15 16:46:05.833026+00
96306	AP	1000000	(0,0)	2022-07-15 16:46:05.833026+00	2022-07-15 16:46:05.833026+00
96309	AP	1000000	(0,0)	2022-07-15 16:46:05.833026+00	2022-07-15 16:46:05.833026+00
96310	AP	1000000	(0,0)	2022-07-15 16:46:05.833026+00	2022-07-15 16:46:05.833026+00
96311	AP	1000000	(0,0)	2022-07-15 16:46:05.833026+00	2022-07-15 16:46:05.833026+00
96315	AP	1000000	(0,0)	2022-07-15 16:46:05.833026+00	2022-07-15 16:46:05.833026+00
96319	AP	1000000	(0,0)	2022-07-15 16:46:05.833026+00	2022-07-15 16:46:05.833026+00
96321	AP	1000000	(0,0)	2022-07-15 16:46:05.833026+00	2022-07-15 16:46:05.833026+00
96322	AP	1000000	(0,0)	2022-07-15 16:46:05.833026+00	2022-07-15 16:46:05.833026+00
96323	AP	1000000	(0,0)	2022-07-15 16:46:05.833026+00	2022-07-15 16:46:05.833026+00
96326	AP	1000000	(0,0)	2022-07-15 16:46:05.833026+00	2022-07-15 16:46:05.833026+00
96328	AP	1000000	(0,0)	2022-07-15 16:46:05.833026+00	2022-07-15 16:46:05.833026+00
96330	AP	1000000	(0,0)	2022-07-15 16:46:05.833026+00	2022-07-15 16:46:05.833026+00
96331	AP	1000000	(0,0)	2022-07-15 16:46:05.833026+00	2022-07-15 16:46:05.833026+00
96336	AP	1000000	(0,0)	2022-07-15 16:46:05.833026+00	2022-07-15 16:46:05.833026+00
96337	AP	1000000	(0,0)	2022-07-15 16:46:05.833026+00	2022-07-15 16:46:05.833026+00
96338	AP	1000000	(0,0)	2022-07-15 16:46:05.833026+00	2022-07-15 16:46:05.833026+00
96339	AP	1000000	(0,0)	2022-07-15 16:46:05.833026+00	2022-07-15 16:46:05.833026+00
96343	AP	1000000	(0,0)	2022-07-15 16:46:05.833026+00	2022-07-15 16:46:05.833026+00
96346	AP	1000000	(0,0)	2022-07-15 16:46:05.833026+00	2022-07-15 16:46:05.833026+00
96347	AP	1000000	(0,0)	2022-07-15 16:46:05.833026+00	2022-07-15 16:46:05.833026+00
96349	AP	1000000	(0,0)	2022-07-15 16:46:05.833026+00	2022-07-15 16:46:05.833026+00
96350	AP	1000000	(0,0)	2022-07-15 16:46:05.833026+00	2022-07-15 16:46:05.833026+00
96351	AP	1000000	(0,0)	2022-07-15 16:46:05.833026+00	2022-07-15 16:46:05.833026+00
96362	AP	1000000	(0,0)	2022-07-15 16:46:05.833026+00	2022-07-15 16:46:05.833026+00
96365	AP	1000000	(0,0)	2022-07-15 16:46:05.833026+00	2022-07-15 16:46:05.833026+00
96367	AP	1000000	(0,0)	2022-07-15 16:46:05.833026+00	2022-07-15 16:46:05.833026+00
96368	AP	1000000	(0,0)	2022-07-15 16:46:05.833026+00	2022-07-15 16:46:05.833026+00
96370	AP	1000000	(0,0)	2022-07-15 16:46:05.833026+00	2022-07-15 16:46:05.833026+00
96371	AP	1000000	(0,0)	2022-07-15 16:46:05.833026+00	2022-07-15 16:46:05.833026+00
96372	AP	1000000	(0,0)	2022-07-15 16:46:05.833026+00	2022-07-15 16:46:05.833026+00
96373	AP	1000000	(0,0)	2022-07-15 16:46:05.833026+00	2022-07-15 16:46:05.833026+00
96374	AP	1000000	(0,0)	2022-07-15 16:46:05.833026+00	2022-07-15 16:46:05.833026+00
96375	AP	1000000	(0,0)	2022-07-15 16:46:05.833026+00	2022-07-15 16:46:05.833026+00
96376	AP	1000000	(0,0)	2022-07-15 16:46:05.833026+00	2022-07-15 16:46:05.833026+00
96377	AP	1000000	(0,0)	2022-07-15 16:46:05.833026+00	2022-07-15 16:46:05.833026+00
96378	AP	1000000	(0,0)	2022-07-15 16:46:05.833026+00	2022-07-15 16:46:05.833026+00
96379	AP	1000000	(0,0)	2022-07-15 16:46:05.833026+00	2022-07-15 16:46:05.833026+00
96380	AP	1000000	(0,0)	2022-07-15 16:46:05.833026+00	2022-07-15 16:46:05.833026+00
96382	AP	1000000	(0,0)	2022-07-15 16:46:05.833026+00	2022-07-15 16:46:05.833026+00
96384	AP	1000000	(0,0)	2022-07-15 16:46:05.833026+00	2022-07-15 16:46:05.833026+00
96385	AP	1000000	(0,0)	2022-07-15 16:46:05.833026+00	2022-07-15 16:46:05.833026+00
96386	AP	1000000	(0,0)	2022-07-15 16:46:05.833026+00	2022-07-15 16:46:05.833026+00
96387	AP	1000000	(0,0)	2022-07-15 16:46:05.833026+00	2022-07-15 16:46:05.833026+00
96388	AP	1000000	(0,0)	2022-07-15 16:46:05.833026+00	2022-07-15 16:46:05.833026+00
96389	AP	1000000	(0,0)	2022-07-15 16:46:05.833026+00	2022-07-15 16:46:05.833026+00
96401	AP	1000000	(0,0)	2022-07-15 16:46:05.833026+00	2022-07-15 16:46:05.833026+00
96502	AP	1000000	(0,0)	2022-07-15 16:46:05.833026+00	2022-07-15 16:46:05.833026+00
96504	AP	1000000	(0,0)	2022-07-15 16:46:05.833026+00	2022-07-15 16:46:05.833026+00
96505	AP	1000000	(0,0)	2022-07-15 16:46:05.833026+00	2022-07-15 16:46:05.833026+00
96507	AP	1000000	(0,0)	2022-07-15 16:46:05.833026+00	2022-07-15 16:46:05.833026+00
96510	AP	1000000	(0,0)	2022-07-15 16:46:05.833026+00	2022-07-15 16:46:05.833026+00
96511	AP	1000000	(0,0)	2022-07-15 16:46:05.833026+00	2022-07-15 16:46:05.833026+00
96515	AP	1000000	(0,0)	2022-07-15 16:46:05.833026+00	2022-07-15 16:46:05.833026+00
96516	AP	1000000	(0,0)	2022-07-15 16:46:05.833026+00	2022-07-15 16:46:05.833026+00
96517	AP	1000000	(0,0)	2022-07-15 16:46:05.833026+00	2022-07-15 16:46:05.833026+00
96520	AP	1000000	(0,0)	2022-07-15 16:46:05.833026+00	2022-07-15 16:46:05.833026+00
96521	AP	1000000	(0,0)	2022-07-15 16:46:05.833026+00	2022-07-15 16:46:05.833026+00
96522	AP	1000000	(0,0)	2022-07-15 16:46:05.833026+00	2022-07-15 16:46:05.833026+00
96530	AP	1000000	(0,0)	2022-07-15 16:46:05.833026+00	2022-07-15 16:46:05.833026+00
96531	AP	1000000	(0,0)	2022-07-15 16:46:05.833026+00	2022-07-15 16:46:05.833026+00
96532	AP	1000000	(0,0)	2022-07-15 16:46:05.833026+00	2022-07-15 16:46:05.833026+00
96534	AP	1000000	(0,0)	2022-07-15 16:46:05.833026+00	2022-07-15 16:46:05.833026+00
96535	AP	1000000	(0,0)	2022-07-15 16:46:05.833026+00	2022-07-15 16:46:05.833026+00
96537	AP	1000000	(0,0)	2022-07-15 16:46:05.833026+00	2022-07-15 16:46:05.833026+00
96539	AP	1000000	(0,0)	2022-07-15 16:46:05.833026+00	2022-07-15 16:46:05.833026+00
96540	AP	1000000	(0,0)	2022-07-15 16:46:05.833026+00	2022-07-15 16:46:05.833026+00
96542	AP	1000000	(0,0)	2022-07-15 16:46:05.833026+00	2022-07-15 16:46:05.833026+00
96543	AP	1000000	(0,0)	2022-07-15 16:46:05.833026+00	2022-07-15 16:46:05.833026+00
96546	AP	1000000	(0,0)	2022-07-15 16:46:05.833026+00	2022-07-15 16:46:05.833026+00
96548	AP	1000000	(0,0)	2022-07-15 16:46:05.833026+00	2022-07-15 16:46:05.833026+00
96549	AP	1000000	(0,0)	2022-07-15 16:46:05.833026+00	2022-07-15 16:46:05.833026+00
96550	AP	1000000	(0,0)	2022-07-15 16:46:05.833026+00	2022-07-15 16:46:05.833026+00
96551	AP	1000000	(0,0)	2022-07-15 16:46:05.833026+00	2022-07-15 16:46:05.833026+00
96552	AP	1000000	(0,0)	2022-07-15 16:46:05.833026+00	2022-07-15 16:46:05.833026+00
96553	AP	1000000	(0,0)	2022-07-15 16:46:05.833026+00	2022-07-15 16:46:05.833026+00
96554	AP	1000000	(0,0)	2022-07-15 16:46:05.833026+00	2022-07-15 16:46:05.833026+00
96555	AP	1000000	(0,0)	2022-07-15 16:46:05.833026+00	2022-07-15 16:46:05.833026+00
96557	AP	1000000	(0,0)	2022-07-15 16:46:05.833026+00	2022-07-15 16:46:05.833026+00
96562	AP	1000000	(0,0)	2022-07-15 16:46:05.833026+00	2022-07-15 16:46:05.833026+00
96577	AP	1000000	(0,0)	2022-07-15 16:46:05.833026+00	2022-07-15 16:46:05.833026+00
96578	AP	1000000	(0,0)	2022-07-15 16:46:05.833026+00	2022-07-15 16:46:05.833026+00
96595	AP	1000000	(0,0)	2022-07-15 16:46:05.833026+00	2022-07-15 16:46:05.833026+00
96598	AP	1000000	(0,0)	2022-07-15 16:46:05.833026+00	2022-07-15 16:46:05.833026+00
96599	AP	1000000	(0,0)	2022-07-15 16:46:05.833026+00	2022-07-15 16:46:05.833026+00
96601	AP	1000000	(0,0)	2022-07-15 16:46:05.833026+00	2022-07-15 16:46:05.833026+00
96602	AP	1000000	(0,0)	2022-07-15 16:46:05.833026+00	2022-07-15 16:46:05.833026+00
96603	AP	1000000	(0,0)	2022-07-15 16:46:05.833026+00	2022-07-15 16:46:05.833026+00
96604	AP	1000000	(0,0)	2022-07-15 16:46:05.833026+00	2022-07-15 16:46:05.833026+00
96605	AP	1000000	(0,0)	2022-07-15 16:46:05.833026+00	2022-07-15 16:46:05.833026+00
96606	AP	1000000	(0,0)	2022-07-15 16:46:05.833026+00	2022-07-15 16:46:05.833026+00
96607	AP	1000000	(0,0)	2022-07-15 16:46:05.833026+00	2022-07-15 16:46:05.833026+00
96608	AP	1000000	(0,0)	2022-07-15 16:46:05.833026+00	2022-07-15 16:46:05.833026+00
96609	AP	1000000	(0,0)	2022-07-15 16:46:05.833026+00	2022-07-15 16:46:05.833026+00
96610	AP	1000000	(0,0)	2022-07-15 16:46:05.833026+00	2022-07-15 16:46:05.833026+00
96611	AP	1000000	(0,0)	2022-07-15 16:46:05.833026+00	2022-07-15 16:46:05.833026+00
96612	AP	1000000	(0,0)	2022-07-15 16:46:05.833026+00	2022-07-15 16:46:05.833026+00
96613	AP	1000000	(0,0)	2022-07-15 16:46:05.833026+00	2022-07-15 16:46:05.833026+00
96615	AP	1000000	(0,0)	2022-07-15 16:46:05.833026+00	2022-07-15 16:46:05.833026+00
96616	AP	1000000	(0,0)	2022-07-15 16:46:05.833026+00	2022-07-15 16:46:05.833026+00
96617	AP	1000000	(0,0)	2022-07-15 16:46:05.833026+00	2022-07-15 16:46:05.833026+00
96619	AP	1000000	(0,0)	2022-07-15 16:46:05.833026+00	2022-07-15 16:46:05.833026+00
96620	AP	1000000	(0,0)	2022-07-15 16:46:05.833026+00	2022-07-15 16:46:05.833026+00
96628	AP	1000000	(0,0)	2022-07-15 16:46:05.833026+00	2022-07-15 16:46:05.833026+00
96629	AP	1000000	(0,0)	2022-07-15 16:46:05.833026+00	2022-07-15 16:46:05.833026+00
96632	AP	1000000	(0,0)	2022-07-15 16:46:05.833026+00	2022-07-15 16:46:05.833026+00
96633	AP	1000000	(0,0)	2022-07-15 16:46:05.833026+00	2022-07-15 16:46:05.833026+00
96641	AP	1000000	(0,0)	2022-07-15 16:46:05.833026+00	2022-07-15 16:46:05.833026+00
96642	AP	1000000	(0,0)	2022-07-15 16:46:05.833026+00	2022-07-15 16:46:05.833026+00
96643	AP	1000000	(0,0)	2022-07-15 16:46:05.833026+00	2022-07-15 16:46:05.833026+00
96644	AP	1000000	(0,0)	2022-07-15 16:46:05.833026+00	2022-07-15 16:46:05.833026+00
96645	AP	1000000	(0,0)	2022-07-15 16:46:05.833026+00	2022-07-15 16:46:05.833026+00
96649	AP	1000000	(0,0)	2022-07-15 16:46:05.833026+00	2022-07-15 16:46:05.833026+00
96650	AP	1000000	(0,0)	2022-07-15 16:46:05.833026+00	2022-07-15 16:46:05.833026+00
96657	AP	1000000	(0,0)	2022-07-15 16:46:05.833026+00	2022-07-15 16:46:05.833026+00
96660	AP	1000000	(0,0)	2022-07-15 16:46:05.833026+00	2022-07-15 16:46:05.833026+00
96661	AP	1000000	(0,0)	2022-07-15 16:46:05.833026+00	2022-07-15 16:46:05.833026+00
96662	AP	1000000	(0,0)	2022-07-15 16:46:05.833026+00	2022-07-15 16:46:05.833026+00
96663	AP	1000000	(0,0)	2022-07-15 16:46:05.833026+00	2022-07-15 16:46:05.833026+00
96664	AP	1000000	(0,0)	2022-07-15 16:46:05.833026+00	2022-07-15 16:46:05.833026+00
96665	AP	1000000	(0,0)	2022-07-15 16:46:05.833026+00	2022-07-15 16:46:05.833026+00
96666	AP	1000000	(0,0)	2022-07-15 16:46:05.833026+00	2022-07-15 16:46:05.833026+00
96667	AP	1000000	(0,0)	2022-07-15 16:46:05.833026+00	2022-07-15 16:46:05.833026+00
96668	AP	1000000	(0,0)	2022-07-15 16:46:05.833026+00	2022-07-15 16:46:05.833026+00
96669	AP	1000000	(0,0)	2022-07-15 16:46:05.833026+00	2022-07-15 16:46:05.833026+00
96670	AP	1000000	(0,0)	2022-07-15 16:46:05.833026+00	2022-07-15 16:46:05.833026+00
96671	AP	1000000	(0,0)	2022-07-15 16:46:05.833026+00	2022-07-15 16:46:05.833026+00
96672	AP	1000000	(0,0)	2022-07-15 16:46:05.833026+00	2022-07-15 16:46:05.833026+00
96673	AP	1000000	(0,0)	2022-07-15 16:46:05.833026+00	2022-07-15 16:46:05.833026+00
96674	AP	1000000	(0,0)	2022-07-15 16:46:05.833026+00	2022-07-15 16:46:05.833026+00
96675	AP	1000000	(0,0)	2022-07-15 16:46:05.833026+00	2022-07-15 16:46:05.833026+00
96677	AP	1000000	(0,0)	2022-07-15 16:46:05.833026+00	2022-07-15 16:46:05.833026+00
96678	AP	1000000	(0,0)	2022-07-15 16:46:05.833026+00	2022-07-15 16:46:05.833026+00
96679	AP	1000000	(0,0)	2022-07-15 16:46:05.833026+00	2022-07-15 16:46:05.833026+00
96681	AP	1000000	(0,0)	2022-07-15 16:46:05.833026+00	2022-07-15 16:46:05.833026+00
96682	AP	1000000	(0,0)	2022-07-15 16:46:05.833026+00	2022-07-15 16:46:05.833026+00
96683	AP	1000000	(0,0)	2022-07-15 16:46:05.833026+00	2022-07-15 16:46:05.833026+00
96686	AP	1000000	(0,0)	2022-07-15 16:46:05.833026+00	2022-07-15 16:46:05.833026+00
96691	AP	1000000	(0,0)	2022-07-15 16:46:05.833026+00	2022-07-15 16:46:05.833026+00
96692	AP	1000000	(0,0)	2022-07-15 16:46:05.833026+00	2022-07-15 16:46:05.833026+00
96693	AP	1000000	(0,0)	2022-07-15 16:46:05.833026+00	2022-07-15 16:46:05.833026+00
96694	AP	1000000	(0,0)	2022-07-15 16:46:05.833026+00	2022-07-15 16:46:05.833026+00
96695	AP	1000000	(0,0)	2022-07-15 16:46:05.833026+00	2022-07-15 16:46:05.833026+00
96696	AP	1000000	(0,0)	2022-07-15 16:46:05.833026+00	2022-07-15 16:46:05.833026+00
96698	AP	1000000	(0,0)	2022-07-15 16:46:05.833026+00	2022-07-15 16:46:05.833026+00
601	PR	16001	(18.16,-66.72)	2022-07-15 16:46:05.833026+00	2022-07-15 16:46:05.833026+00
602	PR	19801	(18.38,-67.18)	2022-07-15 16:46:05.833026+00	2022-07-15 16:46:05.833026+00
603	PR	18973	(18.43,-67.15)	2022-07-15 16:46:05.833026+00	2022-07-15 16:46:05.833026+00
604	PR	0	(18.43,-67.15)	2022-07-15 16:46:05.833026+00	2022-07-15 16:46:05.833026+00
605	PR	0	(18.43,-67.15)	2022-07-15 16:46:05.833026+00	2022-07-15 16:46:05.833026+00
606	PR	15298	(18.18,-66.98)	2022-07-15 16:46:05.833026+00	2022-07-15 16:46:05.833026+00
610	PR	23612	(18.28,-67.14)	2022-07-15 16:46:05.833026+00	2022-07-15 16:46:05.833026+00
611	PR	0	(18.28,-66.79)	2022-07-15 16:46:05.833026+00	2022-07-15 16:46:05.833026+00
612	PR	24339	(18.45,-66.73)	2022-07-15 16:46:05.833026+00	2022-07-15 16:46:05.833026+00
613	PR	0	(18.45,-66.73)	2022-07-15 16:46:05.833026+00	2022-07-15 16:46:05.833026+00
614	PR	0	(18.45,-66.73)	2022-07-15 16:46:05.833026+00	2022-07-15 16:46:05.833026+00
616	PR	20805	(18.42,-66.67)	2022-07-15 16:46:05.833026+00	2022-07-15 16:46:05.833026+00
617	PR	19838	(18.45,-66.56)	2022-07-15 16:46:05.833026+00	2022-07-15 16:46:05.833026+00
622	PR	17290	(17.99,-67.15)	2022-07-15 16:46:05.833026+00	2022-07-15 16:46:05.833026+00
623	PR	20448	(18.08,-67.14)	2022-07-15 16:46:05.833026+00	2022-07-15 16:46:05.833026+00
624	PR	19342	(18.06,-66.72)	2022-07-15 16:46:05.833026+00	2022-07-15 16:46:05.833026+00
627	PR	20616	(18.48,-66.84)	2022-07-15 16:46:05.833026+00	2022-07-15 16:46:05.833026+00
631	PR	12188	(18.19,-66.82)	2022-07-15 16:46:05.833026+00	2022-07-15 16:46:05.833026+00
636	PR	0	(18.15,-67.06)	2022-07-15 16:46:05.833026+00	2022-07-15 16:46:05.833026+00
637	PR	22106	(18.08,-66.96)	2022-07-15 16:46:05.833026+00	2022-07-15 16:46:05.833026+00
638	PR	18914	(18.33,-66.47)	2022-07-15 16:46:05.833026+00	2022-07-15 16:46:05.833026+00
641	PR	19972	(18.27,-66.7)	2022-07-15 16:46:05.833026+00	2022-07-15 16:46:05.833026+00
646	PR	37357	(18.47,-66.27)	2022-07-15 16:46:05.833026+00	2022-07-15 16:46:05.833026+00
647	PR	17659	(17.96,-66.94)	2022-07-15 16:46:05.833026+00	2022-07-15 16:46:05.833026+00
650	PR	22310	(18.36,-66.56)	2022-07-15 16:46:05.833026+00	2022-07-15 16:46:05.833026+00
652	PR	24154	(18.45,-66.6)	2022-07-15 16:46:05.833026+00	2022-07-15 16:46:05.833026+00
653	PR	15234	(17.99,-66.89)	2022-07-15 16:46:05.833026+00	2022-07-15 16:46:05.833026+00
656	PR	19699	(18.02,-66.79)	2022-07-15 16:46:05.833026+00	2022-07-15 16:46:05.833026+00
659	PR	23679	(18.48,-66.82)	2022-07-15 16:46:05.833026+00	2022-07-15 16:46:05.833026+00
660	PR	23658	(18.14,-67.12)	2022-07-15 16:46:05.833026+00	2022-07-15 16:46:05.833026+00
662	PR	18840	(18.5,-67.02)	2022-07-15 16:46:05.833026+00	2022-07-15 16:46:05.833026+00
664	PR	17403	(18.22,-66.59)	2022-07-15 16:46:05.833026+00	2022-07-15 16:46:05.833026+00
667	PR	16166	(18.04,-67.06)	2022-07-15 16:46:05.833026+00	2022-07-15 16:46:05.833026+00
669	PR	19540	(18.29,-66.88)	2022-07-15 16:46:05.833026+00	2022-07-15 16:46:05.833026+00
670	PR	17861	(18.27,-67.06)	2022-07-15 16:46:05.833026+00	2022-07-15 16:46:05.833026+00
674	PR	23424	(18.43,-66.48)	2022-07-15 16:46:05.833026+00	2022-07-15 16:46:05.833026+00
676	PR	18630	(18.39,-67.11)	2022-07-15 16:46:05.833026+00	2022-07-15 16:46:05.833026+00
677	PR	29440	(18.34,-67.25)	2022-07-15 16:46:05.833026+00	2022-07-15 16:46:05.833026+00
678	PR	20992	(18.47,-66.93)	2022-07-15 16:46:05.833026+00	2022-07-15 16:46:05.833026+00
680	PR	20674	(18.2,-67.14)	2022-07-15 16:46:05.833026+00	2022-07-15 16:46:05.833026+00
681	PR	0	(18.2,-67.14)	2022-07-15 16:46:05.833026+00	2022-07-15 16:46:05.833026+00
682	PR	20240	(18.22,-67.16)	2022-07-15 16:46:05.833026+00	2022-07-15 16:46:05.833026+00
683	PR	21870	(18.08,-67.04)	2022-07-15 16:46:05.833026+00	2022-07-15 16:46:05.833026+00
685	PR	18690	(18.33,-66.99)	2022-07-15 16:46:05.833026+00	2022-07-15 16:46:05.833026+00
687	PR	22147	(18.32,-66.4)	2022-07-15 16:46:05.833026+00	2022-07-15 16:46:05.833026+00
688	PR	20520	(18.38,-66.62)	2022-07-15 16:46:05.833026+00	2022-07-15 16:46:05.833026+00
690	PR	22042	(18.49,-67.09)	2022-07-15 16:46:05.833026+00	2022-07-15 16:46:05.833026+00
692	PR	23253	(18.41,-66.32)	2022-07-15 16:46:05.833026+00	2022-07-15 16:46:05.833026+00
693	PR	24677	(18.44,-66.39)	2022-07-15 16:46:05.833026+00	2022-07-15 16:46:05.833026+00
694	PR	0	(18.48,-66.39)	2022-07-15 16:46:05.833026+00	2022-07-15 16:46:05.833026+00
698	PR	20794	(18.03,-66.86)	2022-07-15 16:46:05.833026+00	2022-07-15 16:46:05.833026+00
703	PR	21940	(18.25,-66.1)	2022-07-15 16:46:05.833026+00	2022-07-15 16:46:05.833026+00
704	PR	20742	(17.96,-66.22)	2022-07-15 16:46:05.833026+00	2022-07-15 16:46:05.833026+00
705	PR	23627	(18.14,-66.26)	2022-07-15 16:46:05.833026+00	2022-07-15 16:46:05.833026+00
707	PR	23232	(18,-65.9)	2022-07-15 16:46:05.833026+00	2022-07-15 16:46:05.833026+00
714	PR	19524	(17.97,-66.06)	2022-07-15 16:46:05.833026+00	2022-07-15 16:46:05.833026+00
715	PR	13750	(18.01,-66.56)	2022-07-15 16:46:05.833026+00	2022-07-15 16:46:05.833026+00
716	PR	21350	(17.98,-66.6)	2022-07-15 16:46:05.833026+00	2022-07-15 16:46:05.833026+00
717	PR	16926	(18,-66.61)	2022-07-15 16:46:05.833026+00	2022-07-15 16:46:05.833026+00
718	PR	21011	(18.21,-65.73)	2022-07-15 16:46:05.833026+00	2022-07-15 16:46:05.833026+00
719	PR	23625	(18.3,-66.24)	2022-07-15 16:46:05.833026+00	2022-07-15 16:46:05.833026+00
720	PR	16709	(18.22,-66.39)	2022-07-15 16:46:05.833026+00	2022-07-15 16:46:05.833026+00
721	PR	0	(18.37,-65.77)	2022-07-15 16:46:05.833026+00	2022-07-15 16:46:05.833026+00
723	PR	19915	(18,-66.01)	2022-07-15 16:46:05.833026+00	2022-07-15 16:46:05.833026+00
725	PR	26273	(18.23,-66.03)	2022-07-15 16:46:05.833026+00	2022-07-15 16:46:05.833026+00
726	PR	0	(18.23,-66.03)	2022-07-15 16:46:05.833026+00	2022-07-15 16:46:05.833026+00
727	PR	37017	(18.22,-66.07)	2022-07-15 16:46:05.833026+00	2022-07-15 16:46:05.833026+00
728	PR	22100	(17.99,-66.66)	2022-07-15 16:46:05.833026+00	2022-07-15 16:46:05.833026+00
729	PR	26701	(18.37,-65.9)	2022-07-15 16:46:05.833026+00	2022-07-15 16:46:05.833026+00
730	PR	19328	(18.03,-66.62)	2022-07-15 16:46:05.833026+00	2022-07-15 16:46:05.833026+00
731	PR	19853	(18.11,-66.63)	2022-07-15 16:46:05.833026+00	2022-07-15 16:46:05.833026+00
732	PR	0	(17.98,-66.6)	2022-07-15 16:46:05.833026+00	2022-07-15 16:46:05.833026+00
733	PR	0	(17.98,-66.6)	2022-07-15 16:46:05.833026+00	2022-07-15 16:46:05.833026+00
734	PR	0	(17.98,-66.6)	2022-07-15 16:46:05.833026+00	2022-07-15 16:46:05.833026+00
735	PR	22403	(18.25,-65.68)	2022-07-15 16:46:05.833026+00	2022-07-15 16:46:05.833026+00
736	PR	25507	(18.11,-66.16)	2022-07-15 16:46:05.833026+00	2022-07-15 16:46:05.833026+00
737	PR	0	(18.11,-66.16)	2022-07-15 16:46:05.833026+00	2022-07-15 16:46:05.833026+00
738	PR	24045	(18.33,-65.65)	2022-07-15 16:46:05.833026+00	2022-07-15 16:46:05.833026+00
739	PR	22474	(18.17,-66.15)	2022-07-15 16:46:05.833026+00	2022-07-15 16:46:05.833026+00
740	PR	15061	(18.33,-65.63)	2022-07-15 16:46:05.833026+00	2022-07-15 16:46:05.833026+00
741	PR	25750	(18.16,-65.75)	2022-07-15 16:46:05.833026+00	2022-07-15 16:46:05.833026+00
742	PR	0	(18.27,-65.65)	2022-07-15 16:46:05.833026+00	2022-07-15 16:46:05.833026+00
744	PR	0	(18.22,-65.79)	2022-07-15 16:46:05.833026+00	2022-07-15 16:46:05.833026+00
745	PR	27260	(18.38,-65.83)	2022-07-15 16:46:05.833026+00	2022-07-15 16:46:05.833026+00
751	PR	21315	(17.97,-66.29)	2022-07-15 16:46:05.833026+00	2022-07-15 16:46:05.833026+00
754	PR	23476	(18.19,-65.96)	2022-07-15 16:46:05.833026+00	2022-07-15 16:46:05.833026+00
757	PR	23965	(17.97,-66.4)	2022-07-15 16:46:05.833026+00	2022-07-15 16:46:05.833026+00
765	PR	22301	(18.13,-65.44)	2022-07-15 16:46:05.833026+00	2022-07-15 16:46:05.833026+00
766	PR	23195	(18.13,-66.48)	2022-07-15 16:46:05.833026+00	2022-07-15 16:46:05.833026+00
767	PR	20785	(18.04,-65.87)	2022-07-15 16:46:05.833026+00	2022-07-15 16:46:05.833026+00
769	PR	24221	(18.08,-66.36)	2022-07-15 16:46:05.833026+00	2022-07-15 16:46:05.833026+00
771	PR	25175	(18.18,-65.86)	2022-07-15 16:46:05.833026+00	2022-07-15 16:46:05.833026+00
772	PR	20101	(18.43,-65.88)	2022-07-15 16:46:05.833026+00	2022-07-15 16:46:05.833026+00
773	PR	25135	(18.37,-65.71)	2022-07-15 16:46:05.833026+00	2022-07-15 16:46:05.833026+00
775	PR	33625	(18.33,-65.3)	2022-07-15 16:46:05.833026+00	2022-07-15 16:46:05.833026+00
777	PR	21426	(18.22,-65.91)	2022-07-15 16:46:05.833026+00	2022-07-15 16:46:05.833026+00
778	PR	39044	(18.25,-65.97)	2022-07-15 16:46:05.833026+00	2022-07-15 16:46:05.833026+00
780	PR	23592	(18.09,-66.57)	2022-07-15 16:46:05.833026+00	2022-07-15 16:46:05.833026+00
782	PR	16700	(18.22,-66.22)	2022-07-15 16:46:05.833026+00	2022-07-15 16:46:05.833026+00
783	PR	17808	(18.34,-66.31)	2022-07-15 16:46:05.833026+00	2022-07-15 16:46:05.833026+00
784	PR	21116	(17.97,-66.11)	2022-07-15 16:46:05.833026+00	2022-07-15 16:46:05.833026+00
785	PR	0	(17.97,-66.11)	2022-07-15 16:46:05.833026+00	2022-07-15 16:46:05.833026+00
786	PR	37552	(18.16,-66.23)	2022-07-15 16:46:05.833026+00	2022-07-15 16:46:05.833026+00
791	PR	25582	(18.15,-65.81)	2022-07-15 16:46:05.833026+00	2022-07-15 16:46:05.833026+00
792	PR	0	(18.15,-65.81)	2022-07-15 16:46:05.833026+00	2022-07-15 16:46:05.833026+00
794	PR	19682	(18.18,-66.3)	2022-07-15 16:46:05.833026+00	2022-07-15 16:46:05.833026+00
795	PR	23528	(18.05,-66.5)	2022-07-15 16:46:05.833026+00	2022-07-15 16:46:05.833026+00
801	VI	0	(18.35,-64.93)	2022-07-15 16:46:05.833026+00	2022-07-15 16:46:05.833026+00
802	VI	0	(18.35,-64.93)	2022-07-15 16:46:05.833026+00	2022-07-15 16:46:05.833026+00
803	VI	0	(18.35,-64.93)	2022-07-15 16:46:05.833026+00	2022-07-15 16:46:05.833026+00
804	VI	0	(18.35,-64.93)	2022-07-15 16:46:05.833026+00	2022-07-15 16:46:05.833026+00
805	VI	0	(18.34,-64.93)	2022-07-15 16:46:05.833026+00	2022-07-15 16:46:05.833026+00
820	VI	0	(17.74,-64.7)	2022-07-15 16:46:05.833026+00	2022-07-15 16:46:05.833026+00
821	VI	0	(17.74,-64.7)	2022-07-15 16:46:05.833026+00	2022-07-15 16:46:05.833026+00
822	VI	0	(17.74,-64.7)	2022-07-15 16:46:05.833026+00	2022-07-15 16:46:05.833026+00
823	VI	0	(17.74,-64.7)	2022-07-15 16:46:05.833026+00	2022-07-15 16:46:05.833026+00
824	VI	0	(17.74,-64.7)	2022-07-15 16:46:05.833026+00	2022-07-15 16:46:05.833026+00
830	VI	0	(18.33,-64.79)	2022-07-15 16:46:05.833026+00	2022-07-15 16:46:05.833026+00
831	VI	0	(18.33,-64.79)	2022-07-15 16:46:05.833026+00	2022-07-15 16:46:05.833026+00
840	VI	0	(17.71,-64.88)	2022-07-15 16:46:05.833026+00	2022-07-15 16:46:05.833026+00
841	VI	0	(17.71,-64.88)	2022-07-15 16:46:05.833026+00	2022-07-15 16:46:05.833026+00
850	VI	0	(17.76,-64.82)	2022-07-15 16:46:05.833026+00	2022-07-15 16:46:05.833026+00
851	VI	0	(17.73,-64.8)	2022-07-15 16:46:05.833026+00	2022-07-15 16:46:05.833026+00
901	PR	40839	(18.47,-66.1)	2022-07-15 16:46:05.833026+00	2022-07-15 16:46:05.833026+00
902	PR	0	(18.4,-66.06)	2022-07-15 16:46:05.833026+00	2022-07-15 16:46:05.833026+00
906	PR	0	(18.46,-66.09)	2022-07-15 16:46:05.833026+00	2022-07-15 16:46:05.833026+00
907	PR	54813	(18.45,-66.08)	2022-07-15 16:46:05.833026+00	2022-07-15 16:46:05.833026+00
908	PR	0	(18.4,-66.06)	2022-07-15 16:46:05.833026+00	2022-07-15 16:46:05.833026+00
909	PR	24201	(18.44,-66.07)	2022-07-15 16:46:05.833026+00	2022-07-15 16:46:05.833026+00
910	PR	0	(18.4,-66.06)	2022-07-15 16:46:05.833026+00	2022-07-15 16:46:05.833026+00
911	PR	52912	(18.45,-66.06)	2022-07-15 16:46:05.833026+00	2022-07-15 16:46:05.833026+00
912	PR	28107	(18.45,-66.06)	2022-07-15 16:46:05.833026+00	2022-07-15 16:46:05.833026+00
913	PR	4506	(18.45,-66.04)	2022-07-15 16:46:05.833026+00	2022-07-15 16:46:05.833026+00
914	PR	0	(18.4,-66.06)	2022-07-15 16:46:05.833026+00	2022-07-15 16:46:05.833026+00
915	PR	15508	(18.44,-66.05)	2022-07-15 16:46:05.833026+00	2022-07-15 16:46:05.833026+00
916	PR	0	(18.4,-66.06)	2022-07-15 16:46:05.833026+00	2022-07-15 16:46:05.833026+00
917	PR	21911	(18.42,-66.05)	2022-07-15 16:46:05.833026+00	2022-07-15 16:46:05.833026+00
918	PR	43022	(18.42,-66.07)	2022-07-15 16:46:05.833026+00	2022-07-15 16:46:05.833026+00
919	PR	0	(18.4,-66.06)	2022-07-15 16:46:05.833026+00	2022-07-15 16:46:05.833026+00
920	PR	33612	(18.41,-66.09)	2022-07-15 16:46:05.833026+00	2022-07-15 16:46:05.833026+00
921	PR	23803	(18.39,-66.09)	2022-07-15 16:46:05.833026+00	2022-07-15 16:46:05.833026+00
922	PR	0	(18.4,-66.06)	2022-07-15 16:46:05.833026+00	2022-07-15 16:46:05.833026+00
923	PR	18466	(18.41,-66.04)	2022-07-15 16:46:05.833026+00	2022-07-15 16:46:05.833026+00
924	PR	20848	(18.4,-66.01)	2022-07-15 16:46:05.833026+00	2022-07-15 16:46:05.833026+00
925	PR	17024	(18.4,-66.05)	2022-07-15 16:46:05.833026+00	2022-07-15 16:46:05.833026+00
926	PR	45197	(18.35,-66.05)	2022-07-15 16:46:05.833026+00	2022-07-15 16:46:05.833026+00
927	PR	51667	(18.4,-66.06)	2022-07-15 16:46:05.833026+00	2022-07-15 16:46:05.833026+00
928	PR	0	(18.4,-66.06)	2022-07-15 16:46:05.833026+00	2022-07-15 16:46:05.833026+00
929	PR	0	(18.4,-66.06)	2022-07-15 16:46:05.833026+00	2022-07-15 16:46:05.833026+00
930	PR	0	(18.4,-66.06)	2022-07-15 16:46:05.833026+00	2022-07-15 16:46:05.833026+00
931	PR	0	(18.4,-66.06)	2022-07-15 16:46:05.833026+00	2022-07-15 16:46:05.833026+00
933	PR	0	(18.4,-66.06)	2022-07-15 16:46:05.833026+00	2022-07-15 16:46:05.833026+00
934	PR	0	(18.41,-66.12)	2022-07-15 16:46:05.833026+00	2022-07-15 16:46:05.833026+00
935	PR	0	(18.4,-66.06)	2022-07-15 16:46:05.833026+00	2022-07-15 16:46:05.833026+00
936	PR	0	(18.4,-66.07)	2022-07-15 16:46:05.833026+00	2022-07-15 16:46:05.833026+00
937	PR	0	(18.4,-66.06)	2022-07-15 16:46:05.833026+00	2022-07-15 16:46:05.833026+00
939	PR	0	(18.4,-66.06)	2022-07-15 16:46:05.833026+00	2022-07-15 16:46:05.833026+00
940	PR	0	(18.4,-66.06)	2022-07-15 16:46:05.833026+00	2022-07-15 16:46:05.833026+00
949	PR	32175	(18.44,-66.25)	2022-07-15 16:46:05.833026+00	2022-07-15 16:46:05.833026+00
950	PR	0	(18.46,-66.23)	2022-07-15 16:46:05.833026+00	2022-07-15 16:46:05.833026+00
951	PR	0	(18.43,-66.25)	2022-07-15 16:46:05.833026+00	2022-07-15 16:46:05.833026+00
952	PR	18679	(18.42,-66.19)	2022-07-15 16:46:05.833026+00	2022-07-15 16:46:05.833026+00
953	PR	34545	(18.39,-66.25)	2022-07-15 16:46:05.833026+00	2022-07-15 16:46:05.833026+00
954	PR	0	(18.39,-66.25)	2022-07-15 16:46:05.833026+00	2022-07-15 16:46:05.833026+00
955	PR	0	(18.4,-66.06)	2022-07-15 16:46:05.833026+00	2022-07-15 16:46:05.833026+00
956	PR	27862	(18.32,-66.17)	2022-07-15 16:46:05.833026+00	2022-07-15 16:46:05.833026+00
957	PR	30522	(18.37,-66.19)	2022-07-15 16:46:05.833026+00	2022-07-15 16:46:05.833026+00
958	PR	0	(18.28,-66.13)	2022-07-15 16:46:05.833026+00	2022-07-15 16:46:05.833026+00
959	PR	36643	(18.39,-66.15)	2022-07-15 16:46:05.833026+00	2022-07-15 16:46:05.833026+00
960	PR	0	(18.42,-66.15)	2022-07-15 16:46:05.833026+00	2022-07-15 16:46:05.833026+00
961	PR	36292	(18.41,-66.17)	2022-07-15 16:46:05.833026+00	2022-07-15 16:46:05.833026+00
962	PR	18520	(18.44,-66.15)	2022-07-15 16:46:05.833026+00	2022-07-15 16:46:05.833026+00
963	PR	0	(18.43,-66.11)	2022-07-15 16:46:05.833026+00	2022-07-15 16:46:05.833026+00
965	PR	19460	(18.43,-66.11)	2022-07-15 16:46:05.833026+00	2022-07-15 16:46:05.833026+00
966	PR	65114	(18.4,-66.12)	2022-07-15 16:46:05.833026+00	2022-07-15 16:46:05.833026+00
968	PR	88869	(18.41,-66.1)	2022-07-15 16:46:05.833026+00	2022-07-15 16:46:05.833026+00
969	PR	58539	(18.38,-66.11)	2022-07-15 16:46:05.833026+00	2022-07-15 16:46:05.833026+00
970	PR	0	(18.38,-66.11)	2022-07-15 16:46:05.833026+00	2022-07-15 16:46:05.833026+00
971	PR	29418	(18.32,-66.12)	2022-07-15 16:46:05.833026+00	2022-07-15 16:46:05.833026+00
975	PR	0	(18.4,-66.06)	2022-07-15 16:46:05.833026+00	2022-07-15 16:46:05.833026+00
976	PR	39346	(18.36,-66.01)	2022-07-15 16:46:05.833026+00	2022-07-15 16:46:05.833026+00
977	PR	0	(18.36,-66.01)	2022-07-15 16:46:05.833026+00	2022-07-15 16:46:05.833026+00
978	PR	0	(18.37,-66.01)	2022-07-15 16:46:05.833026+00	2022-07-15 16:46:05.833026+00
979	PR	47639	(18.44,-66.03)	2022-07-15 16:46:05.833026+00	2022-07-15 16:46:05.833026+00
981	PR	0	(18.4,-65.98)	2022-07-15 16:46:05.833026+00	2022-07-15 16:46:05.833026+00
982	PR	28143	(18.41,-65.99)	2022-07-15 16:46:05.833026+00	2022-07-15 16:46:05.833026+00
983	PR	30010	(18.4,-65.98)	2022-07-15 16:46:05.833026+00	2022-07-15 16:46:05.833026+00
984	PR	0	(18.4,-65.98)	2022-07-15 16:46:05.833026+00	2022-07-15 16:46:05.833026+00
985	PR	31349	(18.41,-65.95)	2022-07-15 16:46:05.833026+00	2022-07-15 16:46:05.833026+00
986	PR	0	(18.4,-65.98)	2022-07-15 16:46:05.833026+00	2022-07-15 16:46:05.833026+00
987	PR	37438	(18.34,-65.94)	2022-07-15 16:46:05.833026+00	2022-07-15 16:46:05.833026+00
988	PR	0	(18.4,-65.98)	2022-07-15 16:46:05.833026+00	2022-07-15 16:46:05.833026+00
96799	AS	0	(-14.27,-170.7)	2022-07-15 16:46:05.833026+00	2022-07-15 16:46:05.833026+00
96910	GU	0	(13.47,144.74)	2022-07-15 16:46:05.833026+00	2022-07-15 16:46:05.833026+00
96912	GU	0	(13.51,144.83)	2022-07-15 16:46:05.833026+00	2022-07-15 16:46:05.833026+00
96913	GU	0	(13.46,144.79)	2022-07-15 16:46:05.833026+00	2022-07-15 16:46:05.833026+00
96915	GU	0	(13.38,144.66)	2022-07-15 16:46:05.833026+00	2022-07-15 16:46:05.833026+00
96916	GU	0	(13.26,144.66)	2022-07-15 16:46:05.833026+00	2022-07-15 16:46:05.833026+00
96917	GU	0	(13.27,144.74)	2022-07-15 16:46:05.833026+00	2022-07-15 16:46:05.833026+00
96919	GU	0	(13.46,144.74)	2022-07-15 16:46:05.833026+00	2022-07-15 16:46:05.833026+00
96921	GU	0	(13.46,144.79)	2022-07-15 16:46:05.833026+00	2022-07-15 16:46:05.833026+00
96923	GU	0	(13.43,144.79)	2022-07-15 16:46:05.833026+00	2022-07-15 16:46:05.833026+00
96928	GU	0	(13.38,144.65)	2022-07-15 16:46:05.833026+00	2022-07-15 16:46:05.833026+00
96929	GU	0	(13.53,144.88)	2022-07-15 16:46:05.833026+00	2022-07-15 16:46:05.833026+00
96931	GU	0	(13.48,144.77)	2022-07-15 16:46:05.833026+00	2022-07-15 16:46:05.833026+00
96932	GU	0	(13.47,144.74)	2022-07-15 16:46:05.833026+00	2022-07-15 16:46:05.833026+00
96939	PW	0	(7.51,134.58)	2022-07-15 16:46:05.833026+00	2022-07-15 16:46:05.833026+00
96940	PW	0	(7.5,134.5)	2022-07-15 16:46:05.833026+00	2022-07-15 16:46:05.833026+00
96941	FM	0	(6.85,158.26)	2022-07-15 16:46:05.833026+00	2022-07-15 16:46:05.833026+00
96942	FM	0	(7.33,151.8)	2022-07-15 16:46:05.833026+00	2022-07-15 16:46:05.833026+00
96943	FM	0	(9.5,138.14)	2022-07-15 16:46:05.833026+00	2022-07-15 16:46:05.833026+00
96944	FM	0	(5.29,162.97)	2022-07-15 16:46:05.833026+00	2022-07-15 16:46:05.833026+00
96950	MP	0	(15.17,145.75)	2022-07-15 16:46:05.833026+00	2022-07-15 16:46:05.833026+00
96951	MP	0	(14.15,145.21)	2022-07-15 16:46:05.833026+00	2022-07-15 16:46:05.833026+00
96952	MP	0	(15,145.63)	2022-07-15 16:46:05.833026+00	2022-07-15 16:46:05.833026+00
96960	MH	0	(7.11,171.18)	2022-07-15 16:46:05.833026+00	2022-07-15 16:46:05.833026+00
96970	MH	0	(8.78,167.73)	2022-07-15 16:46:05.833026+00	2022-07-15 16:46:05.833026+00
\.


--
-- Data for Name: schools; Type: TABLE DATA; Schema: upchieve; Owner: admin
--

COPY upchieve.schools (id, name, approved, partner, city_id, created_at, updated_at, mongo_id, legacy_city_name) FROM stdin;
018202c1-0281-bf72-e0be-c0f4d18e995c	Unapproved School	f	f	1	2022-07-15 16:46:19.785933+00	2022-07-15 16:46:19.785933+00	\N	\N
018202c1-0281-634b-c3de-8dd4d4480b87	Approved School	t	f	1	2022-07-15 16:46:19.800385+00	2022-07-15 16:46:19.800385+00	\N	\N
018202c1-0281-190c-9cd0-1489c6494ec9	Approved Partner School	t	t	2	2022-07-15 16:46:19.809694+00	2022-07-15 16:46:19.809694+00	\N	\N
018202c1-0281-ecf7-351b-16868fc4485e	Another Approved Partner School	t	t	2	2022-07-15 16:46:19.818095+00	2022-07-15 16:46:19.818095+00	\N	\N
\.


--
-- Data for Name: ineligible_students; Type: TABLE DATA; Schema: upchieve; Owner: admin
--

COPY upchieve.ineligible_students (id, email, postal_code, ip_address_id, school_id, grade_level_id, created_at, updated_at, mongo_id, referred_by) FROM stdin;
\.


--
-- Data for Name: legacy_availability_histories; Type: TABLE DATA; Schema: upchieve; Owner: admin
--

COPY upchieve.legacy_availability_histories (id, mongo_id, user_id, timezone, recorded_at, legacy_availability, created_at, updated_at) FROM stdin;
\.


--
-- Data for Name: notification_methods; Type: TABLE DATA; Schema: upchieve; Owner: admin
--

COPY upchieve.notification_methods (id, method, created_at, updated_at) FROM stdin;
1	sms	2022-07-15 16:46:05.289572+00	2022-07-15 16:46:05.289572+00
2	push	2022-07-15 16:46:05.298004+00	2022-07-15 16:46:05.298004+00
3	voice	2022-07-15 16:46:05.305527+00	2022-07-15 16:46:05.305527+00
4	email	2022-07-15 16:46:05.312049+00	2022-07-15 16:46:05.312049+00
\.


--
-- Data for Name: notification_priority_groups; Type: TABLE DATA; Schema: upchieve; Owner: admin
--

COPY upchieve.notification_priority_groups (id, name, priority, created_at, updated_at) FROM stdin;
1	follow-up	-1	2022-07-15 16:46:05.320388+00	2022-07-15 16:46:05.320388+00
11	LEGACY: Regular volunteers - not notified in the last 7 days	-1	2022-07-15 16:46:05.401465+00	2022-07-15 16:46:05.401465+00
12	LEGACY: Partner volunteers - not notified in the last 7 days	-1	2022-07-15 16:46:05.40873+00	2022-07-15 16:46:05.40873+00
13	LEGACY: Partner volunteers - not notified in the last 3 days	-1	2022-07-15 16:46:05.416528+00	2022-07-15 16:46:05.416528+00
14	LEGACY: All volunteers - not notified in the last 15 mins who don't have "high level subjects"	-1	2022-07-15 16:46:05.425463+00	2022-07-15 16:46:05.425463+00
15	LEGACY: Mizuho and Atlassian volunteers - Not notified in last 3 days	-1	2022-07-15 16:46:05.432807+00	2022-07-15 16:46:05.432807+00
16	LEGACY: null	-1	2022-07-15 16:46:05.439604+00	2022-07-15 16:46:05.439604+00
2	Partner volunteers - not notified in the last 3 days AND they don't have "high level subjects"	20	2022-07-15 16:46:05.330427+00	2022-07-15 16:46:05.752104+00
3	Regular volunteers - not notified in the last 3 days AND they don't have "high level subjects"	30	2022-07-15 16:46:05.337469+00	2022-07-15 16:46:05.752104+00
4	Partner volunteers - not notified in the last 24 hours AND they don't have "high level subjects"	40	2022-07-15 16:46:05.345645+00	2022-07-15 16:46:05.752104+00
5	Regular volunteers - not notified in the last 24 hours AND they don't have "high level subjects"	50	2022-07-15 16:46:05.353485+00	2022-07-15 16:46:05.752104+00
6	All volunteers - not notified in the last 24 hours	60	2022-07-15 16:46:05.361373+00	2022-07-15 16:46:05.752104+00
7	All volunteers - not notified in the last 60 mins	70	2022-07-15 16:46:05.370505+00	2022-07-15 16:46:05.752104+00
8	All volunteers - not notified in the last 15 mins	80	2022-07-15 16:46:05.377915+00	2022-07-15 16:46:05.752104+00
9	Verizon volunteers - not notified in the last 24 hours AND they don't have "high level subjects"	90	2022-07-15 16:46:05.386376+00	2022-07-15 16:46:05.752104+00
10	Verizon volunteers - not notified in the last 3 days AND they don't have "high level subjects"	100	2022-07-15 16:46:05.394085+00	2022-07-15 16:46:05.752104+00
17	Favorite volunteers - not notified in the last 15 mins	10	2022-07-15 16:46:05.752104+00	2022-07-15 16:46:05.752104+00
18	Associated partner volunteers - not notified in the last 24 hours AND they don't have "high level subjects"	85	2022-07-15 16:46:05.969338+00	2022-07-15 16:46:05.969338+00
19	Associated partner volunteers - not notified in the last 3 days AND they don't have "high level subjects"	95	2022-07-15 16:46:05.969338+00	2022-07-15 16:46:05.969338+00
\.


--
-- Data for Name: notification_types; Type: TABLE DATA; Schema: upchieve; Owner: admin
--

COPY upchieve.notification_types (id, type, created_at, updated_at) FROM stdin;
1	initial	2022-07-15 16:46:05.273348+00	2022-07-15 16:46:05.273348+00
2	followup	2022-07-15 16:46:05.280965+00	2022-07-15 16:46:05.280965+00
\.


--
-- Data for Name: notifications; Type: TABLE DATA; Schema: upchieve; Owner: admin
--

COPY upchieve.notifications (id, user_id, sent_at, type_id, method_id, priority_group_id, successful, session_id, message_carrier_id, created_at, updated_at, mongo_id) FROM stdin;
\.


--
-- Data for Name: photo_id_statuses; Type: TABLE DATA; Schema: upchieve; Owner: admin
--

COPY upchieve.photo_id_statuses (id, name, created_at, updated_at) FROM stdin;
1	approved	2022-07-15 16:46:01.253575+00	2022-07-15 16:46:01.253575+00
2	submitted	2022-07-15 16:46:01.264401+00	2022-07-15 16:46:01.264401+00
3	rejected	2022-07-15 16:46:01.272983+00	2022-07-15 16:46:01.272983+00
4	empty	2022-07-15 16:46:01.284959+00	2022-07-15 16:46:01.284959+00
\.


--
-- Data for Name: pre_session_surveys; Type: TABLE DATA; Schema: upchieve; Owner: admin
--

COPY upchieve.pre_session_surveys (id, response_data, session_id, user_id, created_at, updated_at, mongo_id) FROM stdin;
\.


--
-- Data for Name: push_tokens; Type: TABLE DATA; Schema: upchieve; Owner: admin
--

COPY upchieve.push_tokens (id, user_id, token, created_at, updated_at) FROM stdin;
\.


--
-- Data for Name: question_tags; Type: TABLE DATA; Schema: upchieve; Owner: admin
--

COPY upchieve.question_tags (id, name, created_at, updated_at) FROM stdin;
\.


--
-- Data for Name: question_types; Type: TABLE DATA; Schema: upchieve; Owner: admin
--

COPY upchieve.question_types (id, name, created_at, updated_at) FROM stdin;
1	multiple choice	2022-07-15 16:46:06.006757+00	2022-07-15 16:46:06.006757+00
2	check box	2022-07-15 16:46:06.006757+00	2022-07-15 16:46:06.006757+00
3	free response	2022-07-15 16:46:06.006757+00	2022-07-15 16:46:06.006757+00
\.


--
-- Data for Name: quizzes; Type: TABLE DATA; Schema: upchieve; Owner: admin
--

COPY upchieve.quizzes (id, name, created_at, updated_at) FROM stdin;
1	prealgebra	2022-07-15 16:46:01.766356+00	2022-07-15 16:46:01.766356+00
2	statistics	2022-07-15 16:46:01.77495+00	2022-07-15 16:46:01.77495+00
3	geometry	2022-07-15 16:46:01.787371+00	2022-07-15 16:46:01.787371+00
4	biology	2022-07-15 16:46:01.796846+00	2022-07-15 16:46:01.796846+00
5	chemistry	2022-07-15 16:46:01.807423+00	2022-07-15 16:46:01.807423+00
6	physicsOne	2022-07-15 16:46:01.814859+00	2022-07-15 16:46:01.814859+00
7	physicsTwo	2022-07-15 16:46:01.824027+00	2022-07-15 16:46:01.824027+00
8	environmentalScience	2022-07-15 16:46:01.831522+00	2022-07-15 16:46:01.831522+00
9	essays	2022-07-15 16:46:01.841481+00	2022-07-15 16:46:01.841481+00
10	applications	2022-07-15 16:46:01.848925+00	2022-07-15 16:46:01.848925+00
11	planning	2022-07-15 16:46:01.857712+00	2022-07-15 16:46:01.857712+00
12	satMath	2022-07-15 16:46:01.865688+00	2022-07-15 16:46:01.865688+00
13	satReading	2022-07-15 16:46:01.87547+00	2022-07-15 16:46:01.87547+00
14	collegeCounseling	2022-07-15 16:46:01.883494+00	2022-07-15 16:46:01.883494+00
15	humanitiesEssays	2022-07-15 16:46:01.892435+00	2022-07-15 16:46:01.892435+00
16	algebraOne	2022-07-15 16:46:01.900353+00	2022-07-15 16:46:01.900353+00
17	algebraTwo	2022-07-15 16:46:01.907488+00	2022-07-15 16:46:01.907488+00
18	trigonometry	2022-07-15 16:46:01.914982+00	2022-07-15 16:46:01.914982+00
19	precalculus	2022-07-15 16:46:01.923072+00	2022-07-15 16:46:01.923072+00
20	calculusAB	2022-07-15 16:46:01.929791+00	2022-07-15 16:46:01.929791+00
21	calculusBC	2022-07-15 16:46:01.936591+00	2022-07-15 16:46:01.936591+00
22	upchieve101	2022-07-15 16:46:01.94564+00	2022-07-15 16:46:01.94564+00
23	reading	2022-07-15 16:46:01.954396+00	2022-07-15 16:46:01.954396+00
24	anatomy	2022-07-15 16:46:01.962585+00	2022-07-15 16:46:01.962585+00
25	usHistory	2022-07-15 16:46:06.140974+00	2022-07-15 16:46:06.140974+00
\.


--
-- Data for Name: quiz_certification_grants; Type: TABLE DATA; Schema: upchieve; Owner: admin
--

COPY upchieve.quiz_certification_grants (quiz_id, certification_id, created_at, updated_at) FROM stdin;
1	1	2022-07-15 16:46:04.628898+00	2022-07-15 16:46:04.628898+00
2	2	2022-07-15 16:46:04.641139+00	2022-07-15 16:46:04.641139+00
3	3	2022-07-15 16:46:04.648529+00	2022-07-15 16:46:04.648529+00
4	4	2022-07-15 16:46:04.6558+00	2022-07-15 16:46:04.6558+00
5	5	2022-07-15 16:46:04.664805+00	2022-07-15 16:46:04.664805+00
6	6	2022-07-15 16:46:04.672809+00	2022-07-15 16:46:04.672809+00
7	7	2022-07-15 16:46:04.68095+00	2022-07-15 16:46:04.68095+00
8	8	2022-07-15 16:46:04.688088+00	2022-07-15 16:46:04.688088+00
9	9	2022-07-15 16:46:04.695137+00	2022-07-15 16:46:04.695137+00
10	10	2022-07-15 16:46:04.702778+00	2022-07-15 16:46:04.702778+00
11	11	2022-07-15 16:46:04.711104+00	2022-07-15 16:46:04.711104+00
12	12	2022-07-15 16:46:04.717398+00	2022-07-15 16:46:04.717398+00
13	13	2022-07-15 16:46:04.725047+00	2022-07-15 16:46:04.725047+00
14	11	2022-07-15 16:46:04.732022+00	2022-07-15 16:46:04.732022+00
14	10	2022-07-15 16:46:04.738708+00	2022-07-15 16:46:04.738708+00
15	15	2022-07-15 16:46:04.745686+00	2022-07-15 16:46:04.745686+00
17	16	2022-07-15 16:46:04.752811+00	2022-07-15 16:46:04.752811+00
17	17	2022-07-15 16:46:04.759692+00	2022-07-15 16:46:04.759692+00
17	1	2022-07-15 16:46:04.766975+00	2022-07-15 16:46:04.766975+00
16	16	2022-07-15 16:46:04.773662+00	2022-07-15 16:46:04.773662+00
16	1	2022-07-15 16:46:04.779814+00	2022-07-15 16:46:04.779814+00
18	18	2022-07-15 16:46:04.787454+00	2022-07-15 16:46:04.787454+00
19	16	2022-07-15 16:46:04.793983+00	2022-07-15 16:46:04.793983+00
19	17	2022-07-15 16:46:04.800505+00	2022-07-15 16:46:04.800505+00
19	1	2022-07-15 16:46:04.806841+00	2022-07-15 16:46:04.806841+00
19	18	2022-07-15 16:46:04.813462+00	2022-07-15 16:46:04.813462+00
19	19	2022-07-15 16:46:04.822771+00	2022-07-15 16:46:04.822771+00
20	16	2022-07-15 16:46:04.830006+00	2022-07-15 16:46:04.830006+00
20	17	2022-07-15 16:46:04.837345+00	2022-07-15 16:46:04.837345+00
20	1	2022-07-15 16:46:04.843848+00	2022-07-15 16:46:04.843848+00
20	18	2022-07-15 16:46:04.850333+00	2022-07-15 16:46:04.850333+00
20	19	2022-07-15 16:46:04.858123+00	2022-07-15 16:46:04.858123+00
20	20	2022-07-15 16:46:04.864953+00	2022-07-15 16:46:04.864953+00
21	16	2022-07-15 16:46:04.871023+00	2022-07-15 16:46:04.871023+00
21	17	2022-07-15 16:46:04.878561+00	2022-07-15 16:46:04.878561+00
21	1	2022-07-15 16:46:04.885765+00	2022-07-15 16:46:04.885765+00
21	18	2022-07-15 16:46:04.892909+00	2022-07-15 16:46:04.892909+00
21	19	2022-07-15 16:46:04.899749+00	2022-07-15 16:46:04.899749+00
21	20	2022-07-15 16:46:04.906924+00	2022-07-15 16:46:04.906924+00
21	21	2022-07-15 16:46:04.914531+00	2022-07-15 16:46:04.914531+00
23	22	2022-07-15 16:46:05.790593+00	2022-07-15 16:46:05.790593+00
25	23	2022-07-15 16:46:06.140974+00	2022-07-15 16:46:06.140974+00
\.


--
-- Data for Name: quiz_subcategories; Type: TABLE DATA; Schema: upchieve; Owner: admin
--

COPY upchieve.quiz_subcategories (id, name, quiz_id, created_at, updated_at) FROM stdin;
1	numbers	1	2022-07-15 16:46:02.014052+00	2022-07-15 16:46:02.014052+00
2	arithmetic properties	1	2022-07-15 16:46:02.023433+00	2022-07-15 16:46:02.023433+00
3	exponents	1	2022-07-15 16:46:02.031465+00	2022-07-15 16:46:02.031465+00
4	exponents and radicals	1	2022-07-15 16:46:02.039586+00	2022-07-15 16:46:02.039586+00
5	polynomials	1	2022-07-15 16:46:02.047797+00	2022-07-15 16:46:02.047797+00
6	fractions	1	2022-07-15 16:46:02.056399+00	2022-07-15 16:46:02.056399+00
7	linear equations	16	2022-07-15 16:46:02.065442+00	2022-07-15 16:46:02.065442+00
8	rational exponents and radicals	16	2022-07-15 16:46:02.072964+00	2022-07-15 16:46:02.072964+00
9	application of linear equations	16	2022-07-15 16:46:02.080907+00	2022-07-15 16:46:02.080907+00
10	two variable equations	16	2022-07-15 16:46:02.088447+00	2022-07-15 16:46:02.088447+00
11	rational expressions	16	2022-07-15 16:46:02.096583+00	2022-07-15 16:46:02.096583+00
12	complex numbers	16	2022-07-15 16:46:02.105444+00	2022-07-15 16:46:02.105444+00
13	functions_domain_range	17	2022-07-15 16:46:02.113353+00	2022-07-15 16:46:02.113353+00
14	higher_degree_polynomials	17	2022-07-15 16:46:02.122331+00	2022-07-15 16:46:02.122331+00
15	square_root_equations	17	2022-07-15 16:46:02.129091+00	2022-07-15 16:46:02.129091+00
16	roots_of_polynomials	17	2022-07-15 16:46:02.137948+00	2022-07-15 16:46:02.137948+00
17	multiply_polynomials_binomial	17	2022-07-15 16:46:02.145807+00	2022-07-15 16:46:02.145807+00
18	rational_radical_absolute	17	2022-07-15 16:46:02.153502+00	2022-07-15 16:46:02.153502+00
19	logarithms_properties	17	2022-07-15 16:46:02.161848+00	2022-07-15 16:46:02.161848+00
20	rational_expressions	17	2022-07-15 16:46:02.169125+00	2022-07-15 16:46:02.169125+00
21	systems_of_linear_equations	17	2022-07-15 16:46:02.178116+00	2022-07-15 16:46:02.178116+00
22	arithmetic_and_geometric_sequences	17	2022-07-15 16:46:02.187005+00	2022-07-15 16:46:02.187005+00
23	functions_domain	17	2022-07-15 16:46:02.19705+00	2022-07-15 16:46:02.19705+00
24	solving_linear_equations	17	2022-07-15 16:46:02.208116+00	2022-07-15 16:46:02.208116+00
25	function_transformations_shifts	17	2022-07-15 16:46:02.215329+00	2022-07-15 16:46:02.215329+00
26	graphing_quadratic_functions	17	2022-07-15 16:46:02.224326+00	2022-07-15 16:46:02.224326+00
27	exponential_functions_growth	17	2022-07-15 16:46:02.232133+00	2022-07-15 16:46:02.232133+00
28	rounding_and_scientific_notation	17	2022-07-15 16:46:02.240499+00	2022-07-15 16:46:02.240499+00
29	square root_equations_quadratic	17	2022-07-15 16:46:02.248642+00	2022-07-15 16:46:02.248642+00
30	advanced_factoring_techniques	17	2022-07-15 16:46:02.256342+00	2022-07-15 16:46:02.256342+00
31	congruence and similarity	3	2022-07-15 16:46:02.263854+00	2022-07-15 16:46:02.263854+00
32	vertices	3	2022-07-15 16:46:02.272033+00	2022-07-15 16:46:02.272033+00
33	angles	3	2022-07-15 16:46:02.279419+00	2022-07-15 16:46:02.279419+00
34	circles	3	2022-07-15 16:46:02.28711+00	2022-07-15 16:46:02.28711+00
35	triangles	3	2022-07-15 16:46:02.294985+00	2022-07-15 16:46:02.294985+00
36	rectangles	3	2022-07-15 16:46:02.303826+00	2022-07-15 16:46:02.303826+00
37	angles	18	2022-07-15 16:46:02.311874+00	2022-07-15 16:46:02.311874+00
38	triangles	18	2022-07-15 16:46:02.320364+00	2022-07-15 16:46:02.320364+00
39	right triangles	18	2022-07-15 16:46:02.327498+00	2022-07-15 16:46:02.327498+00
40	quadrants	18	2022-07-15 16:46:02.334573+00	2022-07-15 16:46:02.334573+00
41	radians	18	2022-07-15 16:46:02.343463+00	2022-07-15 16:46:02.343463+00
42	unit circles	18	2022-07-15 16:46:02.351058+00	2022-07-15 16:46:02.351058+00
43	inequalities	18	2022-07-15 16:46:02.357717+00	2022-07-15 16:46:02.357717+00
44	representing data numerically	2	2022-07-15 16:46:02.365359+00	2022-07-15 16:46:02.365359+00
45	representing data graphically	2	2022-07-15 16:46:02.372771+00	2022-07-15 16:46:02.372771+00
46	two means	2	2022-07-15 16:46:02.380774+00	2022-07-15 16:46:02.380774+00
47	two proportions	2	2022-07-15 16:46:02.387801+00	2022-07-15 16:46:02.387801+00
48	levels of measurement	2	2022-07-15 16:46:02.395482+00	2022-07-15 16:46:02.395482+00
49	types of sampling	2	2022-07-15 16:46:02.403988+00	2022-07-15 16:46:02.403988+00
50	finding probability	2	2022-07-15 16:46:02.411438+00	2022-07-15 16:46:02.411438+00
51	finding x from z score	2	2022-07-15 16:46:02.419608+00	2022-07-15 16:46:02.419608+00
52	z score	2	2022-07-15 16:46:02.427201+00	2022-07-15 16:46:02.427201+00
53	basic set operations	2	2022-07-15 16:46:02.435092+00	2022-07-15 16:46:02.435092+00
54	compound events	2	2022-07-15 16:46:02.442833+00	2022-07-15 16:46:02.442833+00
55	conditional probability	2	2022-07-15 16:46:02.450467+00	2022-07-15 16:46:02.450467+00
56	independent probability	2	2022-07-15 16:46:02.458581+00	2022-07-15 16:46:02.458581+00
57	permutations and combinations	2	2022-07-15 16:46:02.467474+00	2022-07-15 16:46:02.467474+00
58	random variables distributions	2	2022-07-15 16:46:02.475491+00	2022-07-15 16:46:02.475491+00
59	relationships between variables	2	2022-07-15 16:46:02.483936+00	2022-07-15 16:46:02.483936+00
60	confidence intervals	2	2022-07-15 16:46:02.491412+00	2022-07-15 16:46:02.491412+00
61	interpreting pvalue	2	2022-07-15 16:46:02.498774+00	2022-07-15 16:46:02.498774+00
62	finding the test statistic	2	2022-07-15 16:46:02.506636+00	2022-07-15 16:46:02.506636+00
63	rectangular coordinates	19	2022-07-15 16:46:02.514019+00	2022-07-15 16:46:02.514019+00
64	linear inequalities	19	2022-07-15 16:46:02.521466+00	2022-07-15 16:46:02.521466+00
65	functions	19	2022-07-15 16:46:02.529148+00	2022-07-15 16:46:02.529148+00
66	rational exponents	19	2022-07-15 16:46:02.536686+00	2022-07-15 16:46:02.536686+00
67	quadratic functions	19	2022-07-15 16:46:02.544889+00	2022-07-15 16:46:02.544889+00
68	logarithms and exponents	19	2022-07-15 16:46:02.55253+00	2022-07-15 16:46:02.55253+00
69	absolute extrema	20	2022-07-15 16:46:02.561099+00	2022-07-15 16:46:02.561099+00
70	antiderivatives	20	2022-07-15 16:46:02.568679+00	2022-07-15 16:46:02.568679+00
71	area between curves	20	2022-07-15 16:46:02.57676+00	2022-07-15 16:46:02.57676+00
72	chain rule	20	2022-07-15 16:46:02.585536+00	2022-07-15 16:46:02.585536+00
73	concavity	20	2022-07-15 16:46:02.593862+00	2022-07-15 16:46:02.593862+00
74	continuity	20	2022-07-15 16:46:02.602812+00	2022-07-15 16:46:02.602812+00
75	derivatives	20	2022-07-15 16:46:02.609798+00	2022-07-15 16:46:02.609798+00
76	differential equations	20	2022-07-15 16:46:02.617443+00	2022-07-15 16:46:02.617443+00
77	fundamental theorem	20	2022-07-15 16:46:02.625356+00	2022-07-15 16:46:02.625356+00
78	lhopitals rule	20	2022-07-15 16:46:02.633406+00	2022-07-15 16:46:02.633406+00
79	implicit differentiation	20	2022-07-15 16:46:02.640961+00	2022-07-15 16:46:02.640961+00
80	mean value theorem	20	2022-07-15 16:46:02.649541+00	2022-07-15 16:46:02.649541+00
81	optimization	20	2022-07-15 16:46:02.657316+00	2022-07-15 16:46:02.657316+00
82	reimann sums	20	2022-07-15 16:46:02.665427+00	2022-07-15 16:46:02.665427+00
83	related rates	20	2022-07-15 16:46:02.674771+00	2022-07-15 16:46:02.674771+00
84	relative extrema	20	2022-07-15 16:46:02.682694+00	2022-07-15 16:46:02.682694+00
85	absolute extrema	21	2022-07-15 16:46:02.690973+00	2022-07-15 16:46:02.690973+00
86	antiderivatives	21	2022-07-15 16:46:02.698705+00	2022-07-15 16:46:02.698705+00
87	area between curves	21	2022-07-15 16:46:02.706487+00	2022-07-15 16:46:02.706487+00
88	chain rule	21	2022-07-15 16:46:02.713514+00	2022-07-15 16:46:02.713514+00
89	derivatives	21	2022-07-15 16:46:02.721172+00	2022-07-15 16:46:02.721172+00
90	differential equations	21	2022-07-15 16:46:02.72874+00	2022-07-15 16:46:02.72874+00
91	fundamental theorem of calculus	21	2022-07-15 16:46:02.737385+00	2022-07-15 16:46:02.737385+00
92	implicit differentiation	21	2022-07-15 16:46:02.74494+00	2022-07-15 16:46:02.74494+00
93	infinite sequences	21	2022-07-15 16:46:02.751802+00	2022-07-15 16:46:02.751802+00
94	limits	21	2022-07-15 16:46:02.759496+00	2022-07-15 16:46:02.759496+00
95	integration by parts	21	2022-07-15 16:46:02.767325+00	2022-07-15 16:46:02.767325+00
96	mean value theorem	21	2022-07-15 16:46:02.774494+00	2022-07-15 16:46:02.774494+00
97	optimization	21	2022-07-15 16:46:02.782444+00	2022-07-15 16:46:02.782444+00
98	parametric	21	2022-07-15 16:46:02.790062+00	2022-07-15 16:46:02.790062+00
99	reimann sums	21	2022-07-15 16:46:02.79956+00	2022-07-15 16:46:02.79956+00
100	relative extrema	21	2022-07-15 16:46:02.80745+00	2022-07-15 16:46:02.80745+00
101	taylor polynomials	21	2022-07-15 16:46:02.814943+00	2022-07-15 16:46:02.814943+00
102	basic	9	2022-07-15 16:46:02.823027+00	2022-07-15 16:46:02.823027+00
103	commonapp	9	2022-07-15 16:46:02.830527+00	2022-07-15 16:46:02.830527+00
104	answer	9	2022-07-15 16:46:02.838399+00	2022-07-15 16:46:02.838399+00
105	dhistory	9	2022-07-15 16:46:02.846132+00	2022-07-15 16:46:02.846132+00
106	optional	9	2022-07-15 16:46:02.853773+00	2022-07-15 16:46:02.853773+00
107	supplemental	9	2022-07-15 16:46:02.862426+00	2022-07-15 16:46:02.862426+00
108	exam	11	2022-07-15 16:46:02.869417+00	2022-07-15 16:46:02.869417+00
109	type	11	2022-07-15 16:46:02.880766+00	2022-07-15 16:46:02.880766+00
110	LOR	11	2022-07-15 16:46:02.888518+00	2022-07-15 16:46:02.888518+00
111	basic	11	2022-07-15 16:46:02.896578+00	2022-07-15 16:46:02.896578+00
112	timeline	10	2022-07-15 16:46:02.906506+00	2022-07-15 16:46:02.906506+00
113	resume	10	2022-07-15 16:46:02.915121+00	2022-07-15 16:46:02.915121+00
114	schools	10	2022-07-15 16:46:02.923034+00	2022-07-15 16:46:02.923034+00
115	fees	10	2022-07-15 16:46:02.930896+00	2022-07-15 16:46:02.930896+00
116	FinAid	10	2022-07-15 16:46:02.938457+00	2022-07-15 16:46:02.938457+00
117	LOR	10	2022-07-15 16:46:02.94651+00	2022-07-15 16:46:02.94651+00
118	basic	10	2022-07-15 16:46:02.953899+00	2022-07-15 16:46:02.953899+00
119	biochemistry	4	2022-07-15 16:46:02.961619+00	2022-07-15 16:46:02.961619+00
120	the cell	4	2022-07-15 16:46:02.969146+00	2022-07-15 16:46:02.969146+00
121	cell division	4	2022-07-15 16:46:02.976116+00	2022-07-15 16:46:02.976116+00
122	cellular respiration	4	2022-07-15 16:46:02.983599+00	2022-07-15 16:46:02.983599+00
123	photosynthesis and plants	4	2022-07-15 16:46:02.991944+00	2022-07-15 16:46:02.991944+00
124	classical genetics	4	2022-07-15 16:46:03.000009+00	2022-07-15 16:46:03.000009+00
125	molecular genetics	4	2022-07-15 16:46:03.009474+00	2022-07-15 16:46:03.009474+00
126	animal behavior and physiology	4	2022-07-15 16:46:03.017556+00	2022-07-15 16:46:03.017556+00
127	ecology	4	2022-07-15 16:46:03.025642+00	2022-07-15 16:46:03.025642+00
128	human physiology and anatomy	4	2022-07-15 16:46:03.033806+00	2022-07-15 16:46:03.033806+00
129	evolution and taxonomy	4	2022-07-15 16:46:03.043689+00	2022-07-15 16:46:03.043689+00
130	chemical reactions	5	2022-07-15 16:46:03.052462+00	2022-07-15 16:46:03.052462+00
131	atoms, compounds, and ions	5	2022-07-15 16:46:03.06148+00	2022-07-15 16:46:03.06148+00
132	stoichiometry	5	2022-07-15 16:46:03.07045+00	2022-07-15 16:46:03.07045+00
133	electron structure of atoms	5	2022-07-15 16:46:03.08255+00	2022-07-15 16:46:03.08255+00
134	periodic table	5	2022-07-15 16:46:03.089465+00	2022-07-15 16:46:03.089465+00
135	chemical bonds	5	2022-07-15 16:46:03.097341+00	2022-07-15 16:46:03.097341+00
136	gases	5	2022-07-15 16:46:03.105412+00	2022-07-15 16:46:03.105412+00
137	states of matter and intermolecular forces	5	2022-07-15 16:46:03.114015+00	2022-07-15 16:46:03.114015+00
138	chemical equilibrium	5	2022-07-15 16:46:03.122454+00	2022-07-15 16:46:03.122454+00
139	acids and bases	5	2022-07-15 16:46:03.129075+00	2022-07-15 16:46:03.129075+00
140	buffers, titrations, and solubility equilibria	5	2022-07-15 16:46:03.136413+00	2022-07-15 16:46:03.136413+00
141	thermodynamics	5	2022-07-15 16:46:03.145371+00	2022-07-15 16:46:03.145371+00
142	redox reactions and electrochemistry	5	2022-07-15 16:46:03.153353+00	2022-07-15 16:46:03.153353+00
143	kinetics	5	2022-07-15 16:46:03.161408+00	2022-07-15 16:46:03.161408+00
144	nuclear chemistry	5	2022-07-15 16:46:03.169281+00	2022-07-15 16:46:03.169281+00
145	kinematics	5	2022-07-15 16:46:03.17749+00	2022-07-15 16:46:03.17749+00
146	kinematics	6	2022-07-15 16:46:03.185443+00	2022-07-15 16:46:03.185443+00
147	newton's laws	6	2022-07-15 16:46:03.193466+00	2022-07-15 16:46:03.193466+00
148	rotational mechanics	6	2022-07-15 16:46:03.201926+00	2022-07-15 16:46:03.201926+00
149	work and energy	6	2022-07-15 16:46:03.210433+00	2022-07-15 16:46:03.210433+00
150	momentum and collisions	6	2022-07-15 16:46:03.218789+00	2022-07-15 16:46:03.218789+00
151	thermodynamics	6	2022-07-15 16:46:03.227485+00	2022-07-15 16:46:03.227485+00
152	electrostatics	6	2022-07-15 16:46:03.236145+00	2022-07-15 16:46:03.236145+00
153	magnetism	6	2022-07-15 16:46:03.252497+00	2022-07-15 16:46:03.252497+00
154	waves and sound	6	2022-07-15 16:46:03.262083+00	2022-07-15 16:46:03.262083+00
155	refraction and reflection	6	2022-07-15 16:46:03.270403+00	2022-07-15 16:46:03.270403+00
156	gravity/gen relativity	6	2022-07-15 16:46:03.279602+00	2022-07-15 16:46:03.279602+00
157	Fluids - density and pressure	7	2022-07-15 16:46:03.289166+00	2022-07-15 16:46:03.289166+00
158	Fluids - dynamics	7	2022-07-15 16:46:03.298609+00	2022-07-15 16:46:03.298609+00
159	THD - Ideal Gases	7	2022-07-15 16:46:03.314066+00	2022-07-15 16:46:03.314066+00
160	thermodynamics	7	2022-07-15 16:46:03.325381+00	2022-07-15 16:46:03.325381+00
161	Electric Field	7	2022-07-15 16:46:03.331987+00	2022-07-15 16:46:03.331987+00
162	Electric Potential	7	2022-07-15 16:46:03.33978+00	2022-07-15 16:46:03.33978+00
163	Magnetic Fields	7	2022-07-15 16:46:03.348366+00	2022-07-15 16:46:03.348366+00
164	Magnetic Induction	7	2022-07-15 16:46:03.355686+00	2022-07-15 16:46:03.355686+00
165	Electromagnetic Waves	7	2022-07-15 16:46:03.364264+00	2022-07-15 16:46:03.364264+00
166	Optics - refraction and reflection	7	2022-07-15 16:46:03.371766+00	2022-07-15 16:46:03.371766+00
167	Quantum & Atomic Physics	7	2022-07-15 16:46:03.38003+00	2022-07-15 16:46:03.38003+00
168	dynamics 2	7	2022-07-15 16:46:03.388016+00	2022-07-15 16:46:03.388016+00
169	Electric Circuits	7	2022-07-15 16:46:03.395667+00	2022-07-15 16:46:03.395667+00
170	earth systems and resources	8	2022-07-15 16:46:03.403972+00	2022-07-15 16:46:03.403972+00
171	ecology	8	2022-07-15 16:46:03.411001+00	2022-07-15 16:46:03.411001+00
172	energy resources and consumption	8	2022-07-15 16:46:03.41864+00	2022-07-15 16:46:03.41864+00
173	global change	8	2022-07-15 16:46:03.425967+00	2022-07-15 16:46:03.425967+00
174	impact of human health and environment	8	2022-07-15 16:46:03.43597+00	2022-07-15 16:46:03.43597+00
175	interdependence of organisms	8	2022-07-15 16:46:03.444868+00	2022-07-15 16:46:03.444868+00
176	land and water resources and use	8	2022-07-15 16:46:03.453655+00	2022-07-15 16:46:03.453655+00
177	introduction to environmental science	8	2022-07-15 16:46:03.461607+00	2022-07-15 16:46:03.461607+00
178	natural biogeochemical cycles	8	2022-07-15 16:46:03.470495+00	2022-07-15 16:46:03.470495+00
179	pollution	8	2022-07-15 16:46:03.478714+00	2022-07-15 16:46:03.478714+00
180	populations	8	2022-07-15 16:46:03.487359+00	2022-07-15 16:46:03.487359+00
181	the atmosphere	8	2022-07-15 16:46:03.495738+00	2022-07-15 16:46:03.495738+00
182	upchieve	22	2022-07-15 16:46:03.503125+00	2022-07-15 16:46:03.503125+00
183	linear_equations	12	2022-07-15 16:46:03.510821+00	2022-07-15 16:46:03.510821+00
184	linear_inequalities	12	2022-07-15 16:46:03.518745+00	2022-07-15 16:46:03.518745+00
185	linear_functions	12	2022-07-15 16:46:03.526851+00	2022-07-15 16:46:03.526851+00
186	quadratic_problems	12	2022-07-15 16:46:03.53452+00	2022-07-15 16:46:03.53452+00
187	nonlinear_equations	12	2022-07-15 16:46:03.542466+00	2022-07-15 16:46:03.542466+00
188	rational_expressions	12	2022-07-15 16:46:03.550515+00	2022-07-15 16:46:03.550515+00
189	isolating_quantities	12	2022-07-15 16:46:03.558708+00	2022-07-15 16:46:03.558708+00
190	linear_systems	12	2022-07-15 16:46:03.566024+00	2022-07-15 16:46:03.566024+00
191	ratios_rates	12	2022-07-15 16:46:03.573445+00	2022-07-15 16:46:03.573445+00
192	units	12	2022-07-15 16:46:03.582405+00	2022-07-15 16:46:03.582405+00
193	percentages	12	2022-07-15 16:46:03.590541+00	2022-07-15 16:46:03.590541+00
194	linear_and_exponential	12	2022-07-15 16:46:03.598532+00	2022-07-15 16:46:03.598532+00
195	data_inferences	12	2022-07-15 16:46:03.606864+00	2022-07-15 16:46:03.606864+00
196	volume_word_problems	12	2022-07-15 16:46:03.613712+00	2022-07-15 16:46:03.613712+00
197	complex_numbers	12	2022-07-15 16:46:03.62183+00	2022-07-15 16:46:03.62183+00
198	circle_equations	12	2022-07-15 16:46:03.628343+00	2022-07-15 16:46:03.628343+00
199	table_data	12	2022-07-15 16:46:03.635479+00	2022-07-15 16:46:03.635479+00
200	scatterplots	12	2022-07-15 16:46:03.64361+00	2022-07-15 16:46:03.64361+00
201	graphs	12	2022-07-15 16:46:03.650799+00	2022-07-15 16:46:03.650799+00
202	shape_of_distributions	12	2022-07-15 16:46:03.658982+00	2022-07-15 16:46:03.658982+00
203	right_triangle_problems	12	2022-07-15 16:46:03.667499+00	2022-07-15 16:46:03.667499+00
204	congruence_and_similarity	12	2022-07-15 16:46:03.67608+00	2022-07-15 16:46:03.67608+00
205	explict_v_implicit	13	2022-07-15 16:46:03.684327+00	2022-07-15 16:46:03.684327+00
206	point_of_view	13	2022-07-15 16:46:03.691007+00	2022-07-15 16:46:03.691007+00
207	analyzing_relationships	13	2022-07-15 16:46:03.698641+00	2022-07-15 16:46:03.698641+00
208	citing_evidence	13	2022-07-15 16:46:03.706623+00	2022-07-15 16:46:03.706623+00
209	summarizing	13	2022-07-15 16:46:03.714322+00	2022-07-15 16:46:03.714322+00
210	analogical_reasoning	13	2022-07-15 16:46:03.721954+00	2022-07-15 16:46:03.721954+00
211	structure_passage	13	2022-07-15 16:46:03.729963+00	2022-07-15 16:46:03.729963+00
212	word_choice	13	2022-07-15 16:46:03.737808+00	2022-07-15 16:46:03.737808+00
213	graphs_and_data	13	2022-07-15 16:46:03.747019+00	2022-07-15 16:46:03.747019+00
214	purpose_of_text	13	2022-07-15 16:46:03.755891+00	2022-07-15 16:46:03.755891+00
215	analyzing_arguments	13	2022-07-15 16:46:03.765758+00	2022-07-15 16:46:03.765758+00
216	connecting_texts	13	2022-07-15 16:46:03.77396+00	2022-07-15 16:46:03.77396+00
217	history_passages	13	2022-07-15 16:46:03.78255+00	2022-07-15 16:46:03.78255+00
218	strategies	13	2022-07-15 16:46:03.789773+00	2022-07-15 16:46:03.789773+00
219	types_of_essays	15	2022-07-15 16:46:03.79731+00	2022-07-15 16:46:03.79731+00
220	essay_structure	15	2022-07-15 16:46:03.805473+00	2022-07-15 16:46:03.805473+00
221	point_of_view	15	2022-07-15 16:46:03.812607+00	2022-07-15 16:46:03.812607+00
222	persuasive_techniques	15	2022-07-15 16:46:03.821444+00	2022-07-15 16:46:03.821444+00
223	citations	15	2022-07-15 16:46:03.829168+00	2022-07-15 16:46:03.829168+00
224	independent_and_dependent_clauses	15	2022-07-15 16:46:03.83734+00	2022-07-15 16:46:03.83734+00
225	punctuation	15	2022-07-15 16:46:03.844867+00	2022-07-15 16:46:03.844867+00
226	verb_tense	15	2022-07-15 16:46:03.852578+00	2022-07-15 16:46:03.852578+00
227	subject_verb_agreement	15	2022-07-15 16:46:03.861955+00	2022-07-15 16:46:03.861955+00
228	specificity_and_coherence	15	2022-07-15 16:46:03.870563+00	2022-07-15 16:46:03.870563+00
229	plagiarism	15	2022-07-15 16:46:03.880378+00	2022-07-15 16:46:03.880378+00
230	nonnvarying_sentence_length	15	2022-07-15 16:46:03.8899+00	2022-07-15 16:46:03.8899+00
231	wordiness	15	2022-07-15 16:46:03.898776+00	2022-07-15 16:46:03.898776+00
232	grammatical_errors	15	2022-07-15 16:46:03.90761+00	2022-07-15 16:46:03.90761+00
233	common_requests	15	2022-07-15 16:46:03.915749+00	2022-07-15 16:46:03.915749+00
234	inference	13	2022-07-15 16:46:03.924767+00	2022-07-15 16:46:03.924767+00
235	integumentary	24	2022-07-15 16:46:03.932467+00	2022-07-15 16:46:03.932467+00
236	little_detail	13	2022-07-15 16:46:03.940871+00	2022-07-15 16:46:03.940871+00
237	lymphatic	24	2022-07-15 16:46:03.948164+00	2022-07-15 16:46:03.948164+00
238	muscular	24	2022-07-15 16:46:03.956021+00	2022-07-15 16:46:03.956021+00
239	nervous	24	2022-07-15 16:46:03.963171+00	2022-07-15 16:46:03.963171+00
240	probingqs	23	2022-07-15 16:46:03.970737+00	2022-07-15 16:46:03.970737+00
241	questions	23	2022-07-15 16:46:03.978092+00	2022-07-15 16:46:03.978092+00
242	reproductive	24	2022-07-15 16:46:03.986478+00	2022-07-15 16:46:03.986478+00
243	respiratory	24	2022-07-15 16:46:03.994404+00	2022-07-15 16:46:03.994404+00
244	sense_organs	24	2022-07-15 16:46:04.002636+00	2022-07-15 16:46:04.002636+00
245	skeletal	24	2022-07-15 16:46:04.009993+00	2022-07-15 16:46:04.009993+00
246	texttype	23	2022-07-15 16:46:04.01743+00	2022-07-15 16:46:04.01743+00
247	tissues	24	2022-07-15 16:46:04.024952+00	2022-07-15 16:46:04.024952+00
248	urinary	24	2022-07-15 16:46:04.03251+00	2022-07-15 16:46:04.03251+00
249	vocab_in_context	13	2022-07-15 16:46:04.040817+00	2022-07-15 16:46:04.040817+00
250	vocabulary	23	2022-07-15 16:46:04.049818+00	2022-07-15 16:46:04.049818+00
251	activatebk	23	2022-07-15 16:46:04.057595+00	2022-07-15 16:46:04.057595+00
252	author_technique	13	2022-07-15 16:46:04.065648+00	2022-07-15 16:46:04.065648+00
253	backgroundknowledge	23	2022-07-15 16:46:04.072933+00	2022-07-15 16:46:04.072933+00
254	big_picture	13	2022-07-15 16:46:04.080042+00	2022-07-15 16:46:04.080042+00
255	cells	24	2022-07-15 16:46:04.087115+00	2022-07-15 16:46:04.087115+00
256	circulatory_system	24	2022-07-15 16:46:04.094943+00	2022-07-15 16:46:04.094943+00
257	comprehensionsupport	23	2022-07-15 16:46:04.102823+00	2022-07-15 16:46:04.102823+00
258	context	23	2022-07-15 16:46:04.111395+00	2022-07-15 16:46:04.111395+00
259	corrections	23	2022-07-15 16:46:04.118874+00	2022-07-15 16:46:04.118874+00
260	digestive	24	2022-07-15 16:46:04.129789+00	2022-07-15 16:46:04.129789+00
261	editing	23	2022-07-15 16:46:04.138527+00	2022-07-15 16:46:04.138527+00
262	endocrine	24	2022-07-15 16:46:04.145961+00	2022-07-15 16:46:04.145961+00
263	evidence_support	13	2022-07-15 16:46:04.153363+00	2022-07-15 16:46:04.153363+00
264	function	13	2022-07-15 16:46:04.160882+00	2022-07-15 16:46:04.160882+00
265	strategies	12	2022-07-15 16:46:04.169666+00	2022-07-15 16:46:04.169666+00
266	unit circle	18	2022-07-15 16:46:04.178973+00	2022-07-15 16:46:04.178973+00
267	dynamics 1	6	2022-07-15 16:46:04.188614+00	2022-07-15 16:46:04.188614+00
268	energy 1	6	2022-07-15 16:46:04.195631+00	2022-07-15 16:46:04.195631+00
269	dynamics 2	6	2022-07-15 16:46:04.204367+00	2022-07-15 16:46:04.204367+00
270	energy 2	6	2022-07-15 16:46:04.212442+00	2022-07-15 16:46:04.212442+00
271	pythagorean theorem	18	2022-07-15 16:46:04.220804+00	2022-07-15 16:46:04.220804+00
272	degrees and radians	18	2022-07-15 16:46:04.234453+00	2022-07-15 16:46:04.234453+00
273	graphing trig functions	18	2022-07-15 16:46:04.244734+00	2022-07-15 16:46:04.244734+00
274	inverse trig functions	18	2022-07-15 16:46:04.251847+00	2022-07-15 16:46:04.251847+00
275	trigonometric identities	18	2022-07-15 16:46:04.259731+00	2022-07-15 16:46:04.259731+00
276	complex numbers	19	2022-07-15 16:46:04.267426+00	2022-07-15 16:46:04.267426+00
277	conic sections	19	2022-07-15 16:46:04.273948+00	2022-07-15 16:46:04.273948+00
278	graphing exponential functions	19	2022-07-15 16:46:04.281729+00	2022-07-15 16:46:04.281729+00
279	graphing polynomials	19	2022-07-15 16:46:04.28877+00	2022-07-15 16:46:04.28877+00
280	graphing rational functions	19	2022-07-15 16:46:04.296489+00	2022-07-15 16:46:04.296489+00
281	logarithms	19	2022-07-15 16:46:04.304909+00	2022-07-15 16:46:04.304909+00
282	inverse functions	19	2022-07-15 16:46:04.313021+00	2022-07-15 16:46:04.313021+00
283	polynomial division	19	2022-07-15 16:46:04.322024+00	2022-07-15 16:46:04.322024+00
284	rational expressions	19	2022-07-15 16:46:04.329713+00	2022-07-15 16:46:04.329713+00
285	sequences series	19	2022-07-15 16:46:04.337525+00	2022-07-15 16:46:04.337525+00
286	exponential logarithmic equations	19	2022-07-15 16:46:04.346002+00	2022-07-15 16:46:04.346002+00
287	other equations	19	2022-07-15 16:46:04.354514+00	2022-07-15 16:46:04.354514+00
288	quadratic and absolute	19	2022-07-15 16:46:04.362668+00	2022-07-15 16:46:04.362668+00
289	solving quadratic equations	19	2022-07-15 16:46:04.371474+00	2022-07-15 16:46:04.371474+00
290	transformations functions	19	2022-07-15 16:46:04.378878+00	2022-07-15 16:46:04.378878+00
291	vectors	19	2022-07-15 16:46:04.38788+00	2022-07-15 16:46:04.38788+00
292	trig functions	18	2022-07-15 16:46:04.398555+00	2022-07-15 16:46:04.398555+00
293	random variables and distributions	2	2022-07-15 16:46:04.407329+00	2022-07-15 16:46:04.407329+00
294	kinematics 2	6	2022-07-15 16:46:04.417553+00	2022-07-15 16:46:04.417553+00
295	DC Circuits	6	2022-07-15 16:46:04.426845+00	2022-07-15 16:46:04.426845+00
296	rotational motion	6	2022-07-15 16:46:04.434736+00	2022-07-15 16:46:04.434736+00
297	polynomials	12	2022-07-15 16:46:04.442581+00	2022-07-15 16:46:04.442581+00
298	functions	12	2022-07-15 16:46:04.450452+00	2022-07-15 16:46:04.450452+00
299	angles	12	2022-07-15 16:46:04.458162+00	2022-07-15 16:46:04.458162+00
\.


--
-- Data for Name: quiz_questions; Type: TABLE DATA; Schema: upchieve; Owner: admin
--

COPY upchieve.quiz_questions (id, question_text, possible_answers, correct_answer, quiz_subcategory_id, image_source, created_at, updated_at, mongo_id) FROM stdin;
\.


--
-- Data for Name: report_reasons; Type: TABLE DATA; Schema: upchieve; Owner: admin
--

COPY upchieve.report_reasons (id, reason, created_at, updated_at) FROM stdin;
1	This student was extremely rude or inappropriate	2022-07-15 16:46:05.236663+00	2022-07-15 16:46:05.236663+00
2	I am worried for the immediate safety of this student	2022-07-15 16:46:05.244602+00	2022-07-15 16:46:05.244602+00
3	LEGACY: Student was unresponsive	2022-07-15 16:46:05.25187+00	2022-07-15 16:46:05.25187+00
4	LEGACY: Technical issue	2022-07-15 16:46:05.259483+00	2022-07-15 16:46:05.259483+00
5	LEGACY: Other	2022-07-15 16:46:05.267017+00	2022-07-15 16:46:05.267017+00
\.


--
-- Data for Name: required_email_domains; Type: TABLE DATA; Schema: upchieve; Owner: admin
--

COPY upchieve.required_email_domains (id, domain, volunteer_partner_org_id, created_at, updated_at) FROM stdin;
018202c1-0251-48eb-604f-2a46571a4c3f	mailtrap.com	018202c1-023c-62c0-de5c-9c647d111e73	2022-07-15 16:46:19.738119+00	2022-07-15 16:46:19.738119+00
\.


--
-- Data for Name: school_nces_metadata; Type: TABLE DATA; Schema: upchieve; Owner: admin
--

COPY upchieve.school_nces_metadata (school_id, created_at, updated_at, school_year, fipst, statename, st, sch_name, lea_name, state_agency_no, "union", st_leaid, leaid, st_schid, ncessch, schid, mstreet1, mstreet2, mstreet3, mcity, mstate, mzip, mzip4, lstreet1, lstreet2, lstreet3, lcity, lzip, lzip4, phone, website, sy_status, sy_status_text, updated_status, updated_status_text, effective_date, sch_type, sch_type_text, recon_status, out_of_state_flag, charter_text, chartauth1, chartauthn1, chartauth2, chartauthn2, nogrades, g_pk_offered, g_kg_offered, g_1_offered, g_2_offered, g_3_offered, g_4_offered, g_5_offered, g_6_offered, g_7_offered, g_8_offered, g_9_offered, g_10_offered, g_11_offered, g_12_offered, g_13_offered, g_ug_offered, g_ae_offered, gslo, gshi, level, igoffered) FROM stdin;
\.


--
-- Data for Name: schools_sponsor_orgs; Type: TABLE DATA; Schema: upchieve; Owner: admin
--

COPY upchieve.schools_sponsor_orgs (school_id, sponsor_org_id, created_at, updated_at) FROM stdin;
018202c1-0281-190c-9cd0-1489c6494ec9	018202c1-02aa-e228-8047-4d256d46a3d9	2022-07-15 16:46:19.852503+00	2022-07-15 16:46:19.852503+00
018202c1-0281-ecf7-351b-16868fc4485e	018202c1-02aa-f59d-b37e-b95e4ff309d3	2022-07-15 16:46:19.863151+00	2022-07-15 16:46:19.863151+00
\.


--
-- Data for Name: session_failed_joins; Type: TABLE DATA; Schema: upchieve; Owner: admin
--

COPY upchieve.session_failed_joins (session_id, user_id, created_at, updated_at) FROM stdin;
\.


--
-- Data for Name: session_flags; Type: TABLE DATA; Schema: upchieve; Owner: admin
--

COPY upchieve.session_flags (id, name, created_at, updated_at) FROM stdin;
1	Absent student	2022-07-15 16:46:05.146911+00	2022-07-15 16:46:05.146911+00
2	Absent volunteer	2022-07-15 16:46:05.153779+00	2022-07-15 16:46:05.153779+00
3	Low session rating from coach	2022-07-15 16:46:05.160816+00	2022-07-15 16:46:05.160816+00
4	Low session rating from student	2022-07-15 16:46:05.169364+00	2022-07-15 16:46:05.169364+00
5	Low coach rating from student	2022-07-15 16:46:05.176754+00	2022-07-15 16:46:05.176754+00
6	Reported	2022-07-15 16:46:05.184632+00	2022-07-15 16:46:05.184632+00
7	Only looking for answers	2022-07-15 16:46:05.191545+00	2022-07-15 16:46:05.191545+00
8	Rude or inappropriate	2022-07-15 16:46:05.198435+00	2022-07-15 16:46:05.198435+00
9	Comment from student	2022-07-15 16:46:05.205835+00	2022-07-15 16:46:05.205835+00
10	Comment from volunteer	2022-07-15 16:46:05.212904+00	2022-07-15 16:46:05.212904+00
11	Has been unmatched	2022-07-15 16:46:05.22008+00	2022-07-15 16:46:05.22008+00
12	Has had technical issues	2022-07-15 16:46:05.228516+00	2022-07-15 16:46:05.228516+00
\.


--
-- Data for Name: session_messages; Type: TABLE DATA; Schema: upchieve; Owner: admin
--

COPY upchieve.session_messages (id, sender_id, contents, session_id, created_at, updated_at, mongo_id) FROM stdin;
\.


--
-- Data for Name: session_photos; Type: TABLE DATA; Schema: upchieve; Owner: admin
--

COPY upchieve.session_photos (session_id, photo_key, created_at, updated_at) FROM stdin;
\.


--
-- Data for Name: session_reports; Type: TABLE DATA; Schema: upchieve; Owner: admin
--

COPY upchieve.session_reports (id, report_reason_id, report_message, reporting_user_id, session_id, reported_user_id, created_at, updated_at) FROM stdin;
\.


--
-- Data for Name: session_review_reasons; Type: TABLE DATA; Schema: upchieve; Owner: admin
--

COPY upchieve.session_review_reasons (session_id, session_flag_id, created_at, updated_at) FROM stdin;
\.


--
-- Data for Name: sessions_session_flags; Type: TABLE DATA; Schema: upchieve; Owner: admin
--

COPY upchieve.sessions_session_flags (session_id, session_flag_id, created_at, updated_at) FROM stdin;
\.


--
-- Data for Name: student_favorite_volunteers; Type: TABLE DATA; Schema: upchieve; Owner: admin
--

COPY upchieve.student_favorite_volunteers (student_id, volunteer_id, created_at, updated_at) FROM stdin;
\.


--
-- Data for Name: student_partner_org_sites; Type: TABLE DATA; Schema: upchieve; Owner: admin
--

COPY upchieve.student_partner_org_sites (id, name, student_partner_org_id, created_at, updated_at) FROM stdin;
018202c1-021d-286c-14d0-5e0e183d5185	Brooklyn	018202c1-0081-e156-29d0-eededa8c2572	2022-07-15 16:46:19.686924+00	2022-07-15 16:46:19.686924+00
018202c1-021d-3ca0-7f92-e4c9e13d211d	Denver	018202c1-0081-e156-29d0-eededa8c2572	2022-07-15 16:46:19.697972+00	2022-07-15 16:46:19.697972+00
018202c1-021d-4525-44f2-91db9a0eb201	Oakland	018202c1-0081-e156-29d0-eededa8c2572	2022-07-15 16:46:19.707629+00	2022-07-15 16:46:19.707629+00
\.


--
-- Data for Name: student_partner_orgs_sponsor_orgs; Type: TABLE DATA; Schema: upchieve; Owner: admin
--

COPY upchieve.student_partner_orgs_sponsor_orgs (student_partner_org_id, sponsor_org_id, created_at, updated_at) FROM stdin;
018202c1-0082-853c-c4f9-73cf60bdc19d	018202c1-02aa-792a-48aa-529ef27ce617	2022-07-15 16:46:19.872524+00	2022-07-15 16:46:19.872524+00
018202c1-0082-340b-6c83-efb3e7bacd59	018202c1-02aa-f59d-b37e-b95e4ff309d3	2022-07-15 16:46:19.881488+00	2022-07-15 16:46:19.881488+00
\.


--
-- Data for Name: student_profiles; Type: TABLE DATA; Schema: upchieve; Owner: admin
--

COPY upchieve.student_profiles (user_id, college, school_id, postal_code, grade_level_id, student_partner_org_user_id, student_partner_org_id, student_partner_org_site_id, created_at, updated_at) FROM stdin;
018202c1-076f-5478-8581-7fb5d3500c2e	\N	018202c1-0281-634b-c3de-8dd4d4480b87	\N	\N	\N	\N	\N	2022-07-15 16:46:21.099359+00	2022-07-15 16:46:21.099359+00
018202c1-076f-fd0c-4695-66039b5cda17	\N	018202c1-0281-190c-9cd0-1489c6494ec9	\N	\N	\N	018202c1-0081-e156-29d0-eededa8c2572	\N	2022-07-15 16:46:21.108902+00	2022-07-15 16:46:21.108902+00
018202c1-076f-b607-30b5-fbc9c1faabe7	\N	\N	\N	\N	\N	018202c1-0082-340b-6c83-efb3e7bacd59	\N	2022-07-15 16:46:21.116597+00	2022-07-15 16:46:21.116597+00
\.


--
-- Data for Name: survey_questions; Type: TABLE DATA; Schema: upchieve; Owner: admin
--

COPY upchieve.survey_questions (id, question_type_id, question_text, created_at, updated_at, response_display_text) FROM stdin;
1	1	What is your primary goal for today's session?	2022-07-15 16:46:06.006757+00	2022-07-15 16:46:06.229497+00	Their goal:
2	1	Where are you in the process of reaching your goal?	2022-07-15 16:46:06.006757+00	2022-07-15 16:46:06.229497+00	Their progress:
3	1	How do you feel about your ability to get accepted to college?	2022-07-15 16:46:06.006757+00	2022-07-15 16:46:06.229497+00	Their confidence:
4	1	Where are you in the process of learning this specific topic?	2022-07-15 16:46:06.006757+00	2022-07-15 16:46:06.229497+00	Their progress:
5	1	How do you feel about your ability to learn this topic?	2022-07-15 16:46:06.006757+00	2022-07-15 16:46:06.229497+00	Their confidence:
\.


--
-- Data for Name: survey_questions_question_tags; Type: TABLE DATA; Schema: upchieve; Owner: admin
--

COPY upchieve.survey_questions_question_tags (id, survey_question_id, question_tag_id, created_at, updated_at) FROM stdin;
\.


--
-- Data for Name: survey_response_choices; Type: TABLE DATA; Schema: upchieve; Owner: admin
--

COPY upchieve.survey_response_choices (id, score, choice_text, created_at, updated_at, display_image) FROM stdin;
1	0	Solve a specific question	2022-07-15 16:46:06.006757+00	2022-07-15 16:46:06.006757+00	\N
2	0	Complete a homework assignment	2022-07-15 16:46:06.006757+00	2022-07-15 16:46:06.006757+00	\N
3	0	Prepare for a quiz/test	2022-07-15 16:46:06.006757+00	2022-07-15 16:46:06.006757+00	\N
4	0	Check my answers	2022-07-15 16:46:06.006757+00	2022-07-15 16:46:06.006757+00	\N
6	0	Other	2022-07-15 16:46:06.006757+00	2022-07-15 16:46:06.006757+00	\N
7	0	Brainstorm or research an essay topic	2022-07-15 16:46:06.006757+00	2022-07-15 16:46:06.006757+00	\N
8	0	Develop a thesis statement	2022-07-15 16:46:06.006757+00	2022-07-15 16:46:06.006757+00	\N
9	0	Create an essay outline	2022-07-15 16:46:06.006757+00	2022-07-15 16:46:06.006757+00	\N
10	0	Revise essay structure and ideas	2022-07-15 16:46:06.006757+00	2022-07-15 16:46:06.006757+00	\N
11	0	Edit grammar	2022-07-15 16:46:06.006757+00	2022-07-15 16:46:06.006757+00	\N
12	0	Improve my understanding of a text	2022-07-15 16:46:06.006757+00	2022-07-15 16:46:06.006757+00	\N
13	0	Answer questions based on a text	2022-07-15 16:46:06.006757+00	2022-07-15 16:46:06.006757+00	\N
14	0	Revise my response(s) to reading questions	2022-07-15 16:46:06.006757+00	2022-07-15 16:46:06.006757+00	\N
15	0	Understand college requirements	2022-07-15 16:46:06.006757+00	2022-07-15 16:46:06.006757+00	\N
16	0	Pick classes or extracurricular activities	2022-07-15 16:46:06.006757+00	2022-07-15 16:46:06.006757+00	\N
17	0	Research majors or careers	2022-07-15 16:46:06.006757+00	2022-07-15 16:46:06.006757+00	\N
18	0	Select colleges to apply to	2022-07-15 16:46:06.006757+00	2022-07-15 16:46:06.006757+00	\N
19	0	Learn about financial aid and scholarships	2022-07-15 16:46:06.006757+00	2022-07-15 16:46:06.006757+00	\N
20	0	Select a prompt and brainstorm topics	2022-07-15 16:46:06.006757+00	2022-07-15 16:46:06.006757+00	\N
21	0	Create an outline	2022-07-15 16:46:06.006757+00	2022-07-15 16:46:06.006757+00	\N
22	0	Understand the parts of an application	2022-07-15 16:46:06.006757+00	2022-07-15 16:46:06.006757+00	\N
23	0	Create an application timeline	2022-07-15 16:46:06.006757+00	2022-07-15 16:46:06.006757+00	\N
24	0	Work on an application	2022-07-15 16:46:06.006757+00	2022-07-15 16:46:06.006757+00	\N
25	0	Prepare for an interview	2022-07-15 16:46:06.006757+00	2022-07-15 16:46:06.006757+00	\N
26	0	Complete financial aid applications	2022-07-15 16:46:06.006757+00	2022-07-15 16:46:06.006757+00	\N
27	0	Learn more about the exam	2022-07-15 16:46:06.006757+00	2022-07-15 16:46:06.006757+00	\N
28	0	Work on a practice question(s)	2022-07-15 16:46:06.006757+00	2022-07-15 16:46:06.006757+00	\N
29	0	Learn test taking strategies	2022-07-15 16:46:06.006757+00	2022-07-15 16:46:06.006757+00	\N
31	1	I haven't started on this yet	2022-07-15 16:46:06.006757+00	2022-07-15 16:46:06.006757+00	\N
32	2	I've done some work on this	2022-07-15 16:46:06.006757+00	2022-07-15 16:46:06.006757+00	\N
33	3	I'm finishing this up 	2022-07-15 16:46:06.006757+00	2022-07-15 16:46:06.006757+00	\N
34	4	I've completed this 	2022-07-15 16:46:06.006757+00	2022-07-15 16:46:06.006757+00	\N
39	1	I don't know how to do it yet	2022-07-15 16:46:06.006757+00	2022-07-15 16:46:06.006757+00	\N
40	2	I am beginning to understand this, but I need some help	2022-07-15 16:46:06.006757+00	2022-07-15 16:46:06.006757+00	\N
41	3	I understand this and can do it by myself	2022-07-15 16:46:06.006757+00	2022-07-15 16:46:06.006757+00	\N
42	4	I understand this so well that I can help my friends do it	2022-07-15 16:46:06.006757+00	2022-07-15 16:46:06.006757+00	\N
5	0	Deepen my understanding of a topic	2022-07-15 16:46:06.006757+00	2022-07-15 16:46:06.267268+00	\N
30	0	Deepen my understanding of a concept	2022-07-15 16:46:06.006757+00	2022-07-15 16:46:06.267268+00	\N
43	0	I'm curious and want to learn something new	2022-07-15 16:46:06.303339+00	2022-07-15 16:46:06.303339+00	\N
44	3	Neutral	2022-07-15 16:46:06.34131+00	2022-07-15 16:46:06.34131+00	https://cdn.upchieve.org/site-images/emojis/neutral-emoji.svg
35	1	Stressed	2022-07-15 16:46:06.006757+00	2022-07-15 16:46:06.34131+00	https://cdn.upchieve.org/site-images/emojis/stressed-emoji.svg
36	2	Nervous	2022-07-15 16:46:06.006757+00	2022-07-15 16:46:06.34131+00	https://cdn.upchieve.org/site-images/emojis/nervous-emoji.svg
37	4	Optimistic	2022-07-15 16:46:06.006757+00	2022-07-15 16:46:06.34131+00	https://cdn.upchieve.org/site-images/emojis/optimistic-emoji.svg
38	5	Confident	2022-07-15 16:46:06.006757+00	2022-07-15 16:46:06.34131+00	https://cdn.upchieve.org/site-images/emojis/confident-emoji.svg
\.


--
-- Data for Name: surveys; Type: TABLE DATA; Schema: upchieve; Owner: admin
--

COPY upchieve.surveys (id, name, created_at, updated_at) FROM stdin;
1	STEM Pre-Session Survey	2022-07-15 16:46:06.006757+00	2022-07-15 16:46:06.006757+00
2	Humanities Essays Pre-Session Survey	2022-07-15 16:46:06.006757+00	2022-07-15 16:46:06.006757+00
3	Reading Pre-Session Survey	2022-07-15 16:46:06.006757+00	2022-07-15 16:46:06.006757+00
4	College Planning Pre-Session Survey	2022-07-15 16:46:06.006757+00	2022-07-15 16:46:06.006757+00
5	College Essays Pre-Session Survey	2022-07-15 16:46:06.006757+00	2022-07-15 16:46:06.006757+00
6	College Applications Pre-Session Survey	2022-07-15 16:46:06.006757+00	2022-07-15 16:46:06.006757+00
7	SAT Prep Pre-Session Survey	2022-07-15 16:46:06.006757+00	2022-07-15 16:46:06.006757+00
\.


--
-- Data for Name: surveys_survey_questions; Type: TABLE DATA; Schema: upchieve; Owner: admin
--

COPY upchieve.surveys_survey_questions (id, survey_id, survey_question_id, display_priority, created_at, updated_at) FROM stdin;
1	1	1	10	2022-07-15 16:46:06.006757+00	2022-07-15 16:46:06.006757+00
2	2	1	10	2022-07-15 16:46:06.006757+00	2022-07-15 16:46:06.006757+00
3	3	1	10	2022-07-15 16:46:06.006757+00	2022-07-15 16:46:06.006757+00
4	4	1	10	2022-07-15 16:46:06.006757+00	2022-07-15 16:46:06.006757+00
5	5	1	10	2022-07-15 16:46:06.006757+00	2022-07-15 16:46:06.006757+00
6	6	1	10	2022-07-15 16:46:06.006757+00	2022-07-15 16:46:06.006757+00
7	7	1	10	2022-07-15 16:46:06.006757+00	2022-07-15 16:46:06.006757+00
8	4	2	20	2022-07-15 16:46:06.006757+00	2022-07-15 16:46:06.006757+00
9	5	2	20	2022-07-15 16:46:06.006757+00	2022-07-15 16:46:06.006757+00
10	6	2	20	2022-07-15 16:46:06.006757+00	2022-07-15 16:46:06.006757+00
11	4	3	30	2022-07-15 16:46:06.006757+00	2022-07-15 16:46:06.006757+00
12	5	3	30	2022-07-15 16:46:06.006757+00	2022-07-15 16:46:06.006757+00
13	6	3	30	2022-07-15 16:46:06.006757+00	2022-07-15 16:46:06.006757+00
14	1	4	20	2022-07-15 16:46:06.006757+00	2022-07-15 16:46:06.006757+00
15	2	4	20	2022-07-15 16:46:06.006757+00	2022-07-15 16:46:06.006757+00
16	3	4	20	2022-07-15 16:46:06.006757+00	2022-07-15 16:46:06.006757+00
17	7	4	20	2022-07-15 16:46:06.006757+00	2022-07-15 16:46:06.006757+00
18	1	5	30	2022-07-15 16:46:06.006757+00	2022-07-15 16:46:06.006757+00
19	2	5	30	2022-07-15 16:46:06.006757+00	2022-07-15 16:46:06.006757+00
20	3	5	30	2022-07-15 16:46:06.006757+00	2022-07-15 16:46:06.006757+00
21	7	5	30	2022-07-15 16:46:06.006757+00	2022-07-15 16:46:06.006757+00
\.


--
-- Data for Name: survey_questions_response_choices; Type: TABLE DATA; Schema: upchieve; Owner: admin
--

COPY upchieve.survey_questions_response_choices (response_choice_id, display_priority, created_at, updated_at, surveys_survey_question_id) FROM stdin;
1	10	2022-07-15 16:46:06.006757+00	2022-07-15 16:46:06.006757+00	1
7	10	2022-07-15 16:46:06.006757+00	2022-07-15 16:46:06.006757+00	2
12	10	2022-07-15 16:46:06.006757+00	2022-07-15 16:46:06.006757+00	3
15	10	2022-07-15 16:46:06.006757+00	2022-07-15 16:46:06.006757+00	4
20	10	2022-07-15 16:46:06.006757+00	2022-07-15 16:46:06.006757+00	5
22	10	2022-07-15 16:46:06.006757+00	2022-07-15 16:46:06.006757+00	6
27	10	2022-07-15 16:46:06.006757+00	2022-07-15 16:46:06.006757+00	7
31	10	2022-07-15 16:46:06.006757+00	2022-07-15 16:46:06.006757+00	8
31	10	2022-07-15 16:46:06.006757+00	2022-07-15 16:46:06.006757+00	9
31	10	2022-07-15 16:46:06.006757+00	2022-07-15 16:46:06.006757+00	10
35	10	2022-07-15 16:46:06.006757+00	2022-07-15 16:46:06.006757+00	11
35	10	2022-07-15 16:46:06.006757+00	2022-07-15 16:46:06.006757+00	12
35	10	2022-07-15 16:46:06.006757+00	2022-07-15 16:46:06.006757+00	13
39	10	2022-07-15 16:46:06.006757+00	2022-07-15 16:46:06.006757+00	14
39	10	2022-07-15 16:46:06.006757+00	2022-07-15 16:46:06.006757+00	15
39	10	2022-07-15 16:46:06.006757+00	2022-07-15 16:46:06.006757+00	16
39	10	2022-07-15 16:46:06.006757+00	2022-07-15 16:46:06.006757+00	17
35	10	2022-07-15 16:46:06.006757+00	2022-07-15 16:46:06.006757+00	18
35	10	2022-07-15 16:46:06.006757+00	2022-07-15 16:46:06.006757+00	19
35	10	2022-07-15 16:46:06.006757+00	2022-07-15 16:46:06.006757+00	20
35	10	2022-07-15 16:46:06.006757+00	2022-07-15 16:46:06.006757+00	21
2	20	2022-07-15 16:46:06.006757+00	2022-07-15 16:46:06.006757+00	1
8	20	2022-07-15 16:46:06.006757+00	2022-07-15 16:46:06.006757+00	2
13	20	2022-07-15 16:46:06.006757+00	2022-07-15 16:46:06.006757+00	3
16	20	2022-07-15 16:46:06.006757+00	2022-07-15 16:46:06.006757+00	4
21	20	2022-07-15 16:46:06.006757+00	2022-07-15 16:46:06.006757+00	5
23	20	2022-07-15 16:46:06.006757+00	2022-07-15 16:46:06.006757+00	6
29	20	2022-07-15 16:46:06.006757+00	2022-07-15 16:46:06.006757+00	7
36	20	2022-07-15 16:46:06.006757+00	2022-07-15 16:46:06.006757+00	11
36	20	2022-07-15 16:46:06.006757+00	2022-07-15 16:46:06.006757+00	12
36	20	2022-07-15 16:46:06.006757+00	2022-07-15 16:46:06.006757+00	13
40	20	2022-07-15 16:46:06.006757+00	2022-07-15 16:46:06.006757+00	14
40	20	2022-07-15 16:46:06.006757+00	2022-07-15 16:46:06.006757+00	15
40	20	2022-07-15 16:46:06.006757+00	2022-07-15 16:46:06.006757+00	16
40	20	2022-07-15 16:46:06.006757+00	2022-07-15 16:46:06.006757+00	17
36	20	2022-07-15 16:46:06.006757+00	2022-07-15 16:46:06.006757+00	18
36	20	2022-07-15 16:46:06.006757+00	2022-07-15 16:46:06.006757+00	19
36	20	2022-07-15 16:46:06.006757+00	2022-07-15 16:46:06.006757+00	20
36	20	2022-07-15 16:46:06.006757+00	2022-07-15 16:46:06.006757+00	21
3	30	2022-07-15 16:46:06.006757+00	2022-07-15 16:46:06.006757+00	1
9	30	2022-07-15 16:46:06.006757+00	2022-07-15 16:46:06.006757+00	2
14	30	2022-07-15 16:46:06.006757+00	2022-07-15 16:46:06.006757+00	3
17	30	2022-07-15 16:46:06.006757+00	2022-07-15 16:46:06.006757+00	4
10	30	2022-07-15 16:46:06.006757+00	2022-07-15 16:46:06.006757+00	5
24	30	2022-07-15 16:46:06.006757+00	2022-07-15 16:46:06.006757+00	6
28	30	2022-07-15 16:46:06.006757+00	2022-07-15 16:46:06.006757+00	7
33	30	2022-07-15 16:46:06.006757+00	2022-07-15 16:46:06.006757+00	8
33	30	2022-07-15 16:46:06.006757+00	2022-07-15 16:46:06.006757+00	9
33	30	2022-07-15 16:46:06.006757+00	2022-07-15 16:46:06.006757+00	10
41	30	2022-07-15 16:46:06.006757+00	2022-07-15 16:46:06.006757+00	14
41	30	2022-07-15 16:46:06.006757+00	2022-07-15 16:46:06.006757+00	15
41	30	2022-07-15 16:46:06.006757+00	2022-07-15 16:46:06.006757+00	16
41	30	2022-07-15 16:46:06.006757+00	2022-07-15 16:46:06.006757+00	17
4	40	2022-07-15 16:46:06.006757+00	2022-07-15 16:46:06.006757+00	1
10	40	2022-07-15 16:46:06.006757+00	2022-07-15 16:46:06.006757+00	2
18	40	2022-07-15 16:46:06.006757+00	2022-07-15 16:46:06.006757+00	4
11	40	2022-07-15 16:46:06.006757+00	2022-07-15 16:46:06.006757+00	5
25	40	2022-07-15 16:46:06.006757+00	2022-07-15 16:46:06.006757+00	6
4	40	2022-07-15 16:46:06.006757+00	2022-07-15 16:46:06.006757+00	7
42	40	2022-07-15 16:46:06.006757+00	2022-07-15 16:46:06.006757+00	14
42	40	2022-07-15 16:46:06.006757+00	2022-07-15 16:46:06.006757+00	15
42	40	2022-07-15 16:46:06.006757+00	2022-07-15 16:46:06.006757+00	16
42	40	2022-07-15 16:46:06.006757+00	2022-07-15 16:46:06.006757+00	17
5	50	2022-07-15 16:46:06.006757+00	2022-07-15 16:46:06.006757+00	1
11	50	2022-07-15 16:46:06.006757+00	2022-07-15 16:46:06.006757+00	2
19	50	2022-07-15 16:46:06.006757+00	2022-07-15 16:46:06.006757+00	4
26	50	2022-07-15 16:46:06.006757+00	2022-07-15 16:46:06.006757+00	6
30	50	2022-07-15 16:46:06.006757+00	2022-07-15 16:46:06.006757+00	7
6	70	2022-07-15 16:46:06.006757+00	2022-07-15 16:46:06.303339+00	3
6	70	2022-07-15 16:46:06.006757+00	2022-07-15 16:46:06.303339+00	5
6	70	2022-07-15 16:46:06.006757+00	2022-07-15 16:46:06.303339+00	1
6	70	2022-07-15 16:46:06.006757+00	2022-07-15 16:46:06.303339+00	2
6	70	2022-07-15 16:46:06.006757+00	2022-07-15 16:46:06.303339+00	4
6	70	2022-07-15 16:46:06.006757+00	2022-07-15 16:46:06.303339+00	6
6	70	2022-07-15 16:46:06.006757+00	2022-07-15 16:46:06.303339+00	7
43	60	2022-07-15 16:46:06.303339+00	2022-07-15 16:46:06.303339+00	1
44	30	2022-07-15 16:46:06.34131+00	2022-07-15 16:46:06.34131+00	11
44	30	2022-07-15 16:46:06.34131+00	2022-07-15 16:46:06.34131+00	12
44	30	2022-07-15 16:46:06.34131+00	2022-07-15 16:46:06.34131+00	13
44	30	2022-07-15 16:46:06.34131+00	2022-07-15 16:46:06.34131+00	18
44	30	2022-07-15 16:46:06.34131+00	2022-07-15 16:46:06.34131+00	19
44	30	2022-07-15 16:46:06.34131+00	2022-07-15 16:46:06.34131+00	20
44	30	2022-07-15 16:46:06.34131+00	2022-07-15 16:46:06.34131+00	21
37	40	2022-07-15 16:46:06.006757+00	2022-07-15 16:46:06.34131+00	11
37	40	2022-07-15 16:46:06.006757+00	2022-07-15 16:46:06.34131+00	12
37	40	2022-07-15 16:46:06.006757+00	2022-07-15 16:46:06.34131+00	13
37	40	2022-07-15 16:46:06.006757+00	2022-07-15 16:46:06.34131+00	18
37	40	2022-07-15 16:46:06.006757+00	2022-07-15 16:46:06.34131+00	19
37	40	2022-07-15 16:46:06.006757+00	2022-07-15 16:46:06.34131+00	20
37	40	2022-07-15 16:46:06.006757+00	2022-07-15 16:46:06.34131+00	21
38	50	2022-07-15 16:46:06.006757+00	2022-07-15 16:46:06.34131+00	11
38	50	2022-07-15 16:46:06.006757+00	2022-07-15 16:46:06.34131+00	12
38	50	2022-07-15 16:46:06.006757+00	2022-07-15 16:46:06.34131+00	13
38	50	2022-07-15 16:46:06.006757+00	2022-07-15 16:46:06.34131+00	18
38	50	2022-07-15 16:46:06.006757+00	2022-07-15 16:46:06.34131+00	19
38	50	2022-07-15 16:46:06.006757+00	2022-07-15 16:46:06.34131+00	20
38	50	2022-07-15 16:46:06.006757+00	2022-07-15 16:46:06.34131+00	21
\.


--
-- Data for Name: survey_types; Type: TABLE DATA; Schema: upchieve; Owner: admin
--

COPY upchieve.survey_types (id, name, created_at, updated_at) FROM stdin;
1	presession	2022-07-15 16:46:06.182998+00	2022-07-15 16:46:06.182998+00
2	postsession	2022-07-15 16:46:06.182998+00	2022-07-15 16:46:06.182998+00
\.


--
-- Data for Name: surveys_context; Type: TABLE DATA; Schema: upchieve; Owner: admin
--

COPY upchieve.surveys_context (survey_id, subject_id, survey_type_id, created_at, updated_at) FROM stdin;
1	1	1	2022-07-15 16:46:06.182998+00	2022-07-15 16:46:06.182998+00
1	2	1	2022-07-15 16:46:06.182998+00	2022-07-15 16:46:06.182998+00
1	3	1	2022-07-15 16:46:06.182998+00	2022-07-15 16:46:06.182998+00
1	4	1	2022-07-15 16:46:06.182998+00	2022-07-15 16:46:06.182998+00
1	5	1	2022-07-15 16:46:06.182998+00	2022-07-15 16:46:06.182998+00
1	6	1	2022-07-15 16:46:06.182998+00	2022-07-15 16:46:06.182998+00
1	7	1	2022-07-15 16:46:06.182998+00	2022-07-15 16:46:06.182998+00
1	8	1	2022-07-15 16:46:06.182998+00	2022-07-15 16:46:06.182998+00
1	9	1	2022-07-15 16:46:06.182998+00	2022-07-15 16:46:06.182998+00
1	10	1	2022-07-15 16:46:06.182998+00	2022-07-15 16:46:06.182998+00
1	11	1	2022-07-15 16:46:06.182998+00	2022-07-15 16:46:06.182998+00
1	12	1	2022-07-15 16:46:06.182998+00	2022-07-15 16:46:06.182998+00
1	13	1	2022-07-15 16:46:06.182998+00	2022-07-15 16:46:06.182998+00
1	14	1	2022-07-15 16:46:06.182998+00	2022-07-15 16:46:06.182998+00
1	21	1	2022-07-15 16:46:06.182998+00	2022-07-15 16:46:06.182998+00
1	22	1	2022-07-15 16:46:06.182998+00	2022-07-15 16:46:06.182998+00
1	23	1	2022-07-15 16:46:06.182998+00	2022-07-15 16:46:06.182998+00
1	24	1	2022-07-15 16:46:06.182998+00	2022-07-15 16:46:06.182998+00
2	20	1	2022-07-15 16:46:06.182998+00	2022-07-15 16:46:06.182998+00
3	25	1	2022-07-15 16:46:06.182998+00	2022-07-15 16:46:06.182998+00
4	18	1	2022-07-15 16:46:06.182998+00	2022-07-15 16:46:06.182998+00
6	19	1	2022-07-15 16:46:06.182998+00	2022-07-15 16:46:06.182998+00
7	15	1	2022-07-15 16:46:06.182998+00	2022-07-15 16:46:06.182998+00
7	16	1	2022-07-15 16:46:06.182998+00	2022-07-15 16:46:06.182998+00
\.


--
-- Data for Name: training_courses; Type: TABLE DATA; Schema: upchieve; Owner: admin
--

COPY upchieve.training_courses (id, name, created_at, updated_at) FROM stdin;
1	upchieve101	2022-07-15 16:46:01.296716+00	2022-07-15 16:46:01.296716+00
\.


--
-- Data for Name: user_actions; Type: TABLE DATA; Schema: upchieve; Owner: admin
--

COPY upchieve.user_actions (id, user_id, session_id, action_type, action, ip_address_id, device, browser, browser_version, operating_system, operating_system_version, quiz_subcategory, quiz_category, created_at, updated_at, mongo_id, reference_email, volunteer_id, ban_reason) FROM stdin;
\.


--
-- Data for Name: user_product_flags; Type: TABLE DATA; Schema: upchieve; Owner: admin
--

COPY upchieve.user_product_flags (user_id, sent_ready_to_coach_email, sent_hour_summary_intro_email, sent_inactive_thirty_day_email, sent_inactive_sixty_day_email, sent_inactive_ninety_day_email, gates_qualified, created_at, updated_at, in_gates_study) FROM stdin;
\.


--
-- Data for Name: user_session_metrics; Type: TABLE DATA; Schema: upchieve; Owner: admin
--

COPY upchieve.user_session_metrics (user_id, absent_student, absent_volunteer, low_session_rating_from_coach, low_session_rating_from_student, low_coach_rating_from_student, reported, only_looking_for_answers, rude_or_inappropriate, comment_from_student, comment_from_volunteer, has_been_unmatched, has_had_technical_issues, created_at, updated_at) FROM stdin;
018202c1-02fa-d9f7-ee88-c1c8088cbf0b	0	0	0	0	0	0	0	0	0	0	0	0	2022-07-15 16:46:19.919869+00	2022-07-15 16:46:19.919869+00
018202c1-02fa-9dec-514e-a8bea9baa8df	0	0	0	0	0	0	0	0	0	0	0	0	2022-07-15 16:46:19.936025+00	2022-07-15 16:46:19.936025+00
018202c1-02fa-6d97-4d26-8ebf656f8adb	0	0	0	0	0	0	0	0	0	0	0	0	2022-07-15 16:46:19.952349+00	2022-07-15 16:46:19.952349+00
018202c1-02fa-80a5-61b4-6084a4ecfb49	0	0	0	0	0	0	0	0	0	0	0	0	2022-07-15 16:46:19.969521+00	2022-07-15 16:46:19.969521+00
018202c1-02fa-c42a-643d-ce65f9ec5919	0	0	0	0	0	0	0	0	0	0	0	0	2022-07-15 16:46:19.984742+00	2022-07-15 16:46:19.984742+00
018202c1-02fa-9c23-991b-f12632fad97f	0	0	0	0	0	0	0	0	0	0	0	0	2022-07-15 16:46:19.999934+00	2022-07-15 16:46:19.999934+00
018202c1-076f-5478-8581-7fb5d3500c2e	0	0	0	0	0	0	0	0	0	0	0	0	2022-07-15 16:46:21.057287+00	2022-07-15 16:46:21.057287+00
018202c1-076f-fd0c-4695-66039b5cda17	0	0	0	0	0	0	0	0	0	0	0	0	2022-07-15 16:46:21.073367+00	2022-07-15 16:46:21.073367+00
018202c1-076f-b607-30b5-fbc9c1faabe7	0	0	0	0	0	0	0	0	0	0	0	0	2022-07-15 16:46:21.091274+00	2022-07-15 16:46:21.091274+00
\.


--
-- Data for Name: users_certifications; Type: TABLE DATA; Schema: upchieve; Owner: admin
--

COPY upchieve.users_certifications (user_id, certification_id, created_at, updated_at) FROM stdin;
018202c1-02fa-d9f7-ee88-c1c8088cbf0b	1	2022-07-15 16:46:20.057001+00	2022-07-15 16:46:20.057001+00
018202c1-02fa-d9f7-ee88-c1c8088cbf0b	16	2022-07-15 16:46:20.084412+00	2022-07-15 16:46:20.084412+00
018202c1-02fa-d9f7-ee88-c1c8088cbf0b	17	2022-07-15 16:46:20.101954+00	2022-07-15 16:46:20.101954+00
018202c1-02fa-d9f7-ee88-c1c8088cbf0b	11	2022-07-15 16:46:20.118773+00	2022-07-15 16:46:20.118773+00
018202c1-02fa-d9f7-ee88-c1c8088cbf0b	4	2022-07-15 16:46:20.136491+00	2022-07-15 16:46:20.136491+00
018202c1-02fa-d9f7-ee88-c1c8088cbf0b	20	2022-07-15 16:46:20.161848+00	2022-07-15 16:46:20.161848+00
018202c1-02fa-d9f7-ee88-c1c8088cbf0b	5	2022-07-15 16:46:20.17977+00	2022-07-15 16:46:20.17977+00
018202c1-02fa-d9f7-ee88-c1c8088cbf0b	9	2022-07-15 16:46:20.195966+00	2022-07-15 16:46:20.195966+00
018202c1-02fa-d9f7-ee88-c1c8088cbf0b	3	2022-07-15 16:46:20.211933+00	2022-07-15 16:46:20.211933+00
018202c1-02fa-d9f7-ee88-c1c8088cbf0b	6	2022-07-15 16:46:20.228814+00	2022-07-15 16:46:20.228814+00
018202c1-02fa-d9f7-ee88-c1c8088cbf0b	19	2022-07-15 16:46:20.245469+00	2022-07-15 16:46:20.245469+00
018202c1-02fa-d9f7-ee88-c1c8088cbf0b	18	2022-07-15 16:46:20.261941+00	2022-07-15 16:46:20.261941+00
018202c1-02fa-d9f7-ee88-c1c8088cbf0b	15	2022-07-15 16:46:20.27979+00	2022-07-15 16:46:20.27979+00
018202c1-02fa-9dec-514e-a8bea9baa8df	1	2022-07-15 16:46:20.297083+00	2022-07-15 16:46:20.297083+00
018202c1-02fa-9dec-514e-a8bea9baa8df	16	2022-07-15 16:46:20.314422+00	2022-07-15 16:46:20.314422+00
018202c1-02fa-9dec-514e-a8bea9baa8df	17	2022-07-15 16:46:20.330614+00	2022-07-15 16:46:20.330614+00
018202c1-02fa-9dec-514e-a8bea9baa8df	10	2022-07-15 16:46:20.348505+00	2022-07-15 16:46:20.348505+00
018202c1-02fa-9dec-514e-a8bea9baa8df	4	2022-07-15 16:46:20.365747+00	2022-07-15 16:46:20.365747+00
018202c1-02fa-9dec-514e-a8bea9baa8df	20	2022-07-15 16:46:20.379885+00	2022-07-15 16:46:20.379885+00
018202c1-02fa-9dec-514e-a8bea9baa8df	5	2022-07-15 16:46:20.395318+00	2022-07-15 16:46:20.395318+00
018202c1-02fa-9dec-514e-a8bea9baa8df	9	2022-07-15 16:46:20.411017+00	2022-07-15 16:46:20.411017+00
018202c1-02fa-9dec-514e-a8bea9baa8df	3	2022-07-15 16:46:20.42744+00	2022-07-15 16:46:20.42744+00
018202c1-02fa-9dec-514e-a8bea9baa8df	6	2022-07-15 16:46:20.443072+00	2022-07-15 16:46:20.443072+00
018202c1-02fa-9dec-514e-a8bea9baa8df	11	2022-07-15 16:46:20.458949+00	2022-07-15 16:46:20.458949+00
018202c1-02fa-9dec-514e-a8bea9baa8df	19	2022-07-15 16:46:20.478636+00	2022-07-15 16:46:20.478636+00
018202c1-02fa-9dec-514e-a8bea9baa8df	18	2022-07-15 16:46:20.495599+00	2022-07-15 16:46:20.495599+00
018202c1-02fa-6d97-4d26-8ebf656f8adb	1	2022-07-15 16:46:20.512111+00	2022-07-15 16:46:20.512111+00
018202c1-02fa-6d97-4d26-8ebf656f8adb	16	2022-07-15 16:46:20.527415+00	2022-07-15 16:46:20.527415+00
018202c1-02fa-6d97-4d26-8ebf656f8adb	17	2022-07-15 16:46:20.544731+00	2022-07-15 16:46:20.544731+00
018202c1-02fa-6d97-4d26-8ebf656f8adb	10	2022-07-15 16:46:20.562325+00	2022-07-15 16:46:20.562325+00
018202c1-02fa-6d97-4d26-8ebf656f8adb	4	2022-07-15 16:46:20.578436+00	2022-07-15 16:46:20.578436+00
018202c1-02fa-6d97-4d26-8ebf656f8adb	20	2022-07-15 16:46:20.594826+00	2022-07-15 16:46:20.594826+00
018202c1-02fa-6d97-4d26-8ebf656f8adb	5	2022-07-15 16:46:20.611112+00	2022-07-15 16:46:20.611112+00
018202c1-02fa-6d97-4d26-8ebf656f8adb	9	2022-07-15 16:46:20.626594+00	2022-07-15 16:46:20.626594+00
018202c1-02fa-6d97-4d26-8ebf656f8adb	3	2022-07-15 16:46:20.642385+00	2022-07-15 16:46:20.642385+00
018202c1-02fa-6d97-4d26-8ebf656f8adb	6	2022-07-15 16:46:20.66203+00	2022-07-15 16:46:20.66203+00
018202c1-02fa-6d97-4d26-8ebf656f8adb	11	2022-07-15 16:46:20.678531+00	2022-07-15 16:46:20.678531+00
018202c1-02fa-6d97-4d26-8ebf656f8adb	19	2022-07-15 16:46:20.696136+00	2022-07-15 16:46:20.696136+00
018202c1-02fa-6d97-4d26-8ebf656f8adb	18	2022-07-15 16:46:20.715841+00	2022-07-15 16:46:20.715841+00
\.


--
-- Data for Name: users_ip_addresses; Type: TABLE DATA; Schema: upchieve; Owner: admin
--

COPY upchieve.users_ip_addresses (id, ip_address_id, user_id, created_at, updated_at) FROM stdin;
\.


--
-- Data for Name: users_quizzes; Type: TABLE DATA; Schema: upchieve; Owner: admin
--

COPY upchieve.users_quizzes (user_id, quiz_id, attempts, passed, created_at, updated_at) FROM stdin;
018202c1-02fa-d9f7-ee88-c1c8088cbf0b	1	1	t	2022-07-15 16:46:20.734934+00	2022-07-15 16:46:20.734934+00
018202c1-02fa-d9f7-ee88-c1c8088cbf0b	16	1	t	2022-07-15 16:46:20.745605+00	2022-07-15 16:46:20.745605+00
018202c1-02fa-d9f7-ee88-c1c8088cbf0b	17	1	t	2022-07-15 16:46:20.753431+00	2022-07-15 16:46:20.753431+00
018202c1-02fa-d9f7-ee88-c1c8088cbf0b	10	1	t	2022-07-15 16:46:20.759992+00	2022-07-15 16:46:20.759992+00
018202c1-02fa-d9f7-ee88-c1c8088cbf0b	4	1	t	2022-07-15 16:46:20.767323+00	2022-07-15 16:46:20.767323+00
018202c1-02fa-d9f7-ee88-c1c8088cbf0b	20	1	t	2022-07-15 16:46:20.774689+00	2022-07-15 16:46:20.774689+00
018202c1-02fa-d9f7-ee88-c1c8088cbf0b	5	1	t	2022-07-15 16:46:20.782018+00	2022-07-15 16:46:20.782018+00
018202c1-02fa-d9f7-ee88-c1c8088cbf0b	9	1	t	2022-07-15 16:46:20.78874+00	2022-07-15 16:46:20.78874+00
018202c1-02fa-d9f7-ee88-c1c8088cbf0b	3	1	t	2022-07-15 16:46:20.795707+00	2022-07-15 16:46:20.795707+00
018202c1-02fa-d9f7-ee88-c1c8088cbf0b	6	1	t	2022-07-15 16:46:20.80249+00	2022-07-15 16:46:20.80249+00
018202c1-02fa-d9f7-ee88-c1c8088cbf0b	11	1	t	2022-07-15 16:46:20.810671+00	2022-07-15 16:46:20.810671+00
018202c1-02fa-d9f7-ee88-c1c8088cbf0b	19	1	t	2022-07-15 16:46:20.818525+00	2022-07-15 16:46:20.818525+00
018202c1-02fa-d9f7-ee88-c1c8088cbf0b	18	1	t	2022-07-15 16:46:20.825795+00	2022-07-15 16:46:20.825795+00
018202c1-02fa-d9f7-ee88-c1c8088cbf0b	15	1	t	2022-07-15 16:46:20.83344+00	2022-07-15 16:46:20.83344+00
018202c1-02fa-d9f7-ee88-c1c8088cbf0b	23	1	t	2022-07-15 16:46:20.840541+00	2022-07-15 16:46:20.840541+00
018202c1-02fa-9dec-514e-a8bea9baa8df	1	1	t	2022-07-15 16:46:20.849062+00	2022-07-15 16:46:20.849062+00
018202c1-02fa-9dec-514e-a8bea9baa8df	16	1	t	2022-07-15 16:46:20.85844+00	2022-07-15 16:46:20.85844+00
018202c1-02fa-9dec-514e-a8bea9baa8df	17	1	t	2022-07-15 16:46:20.865283+00	2022-07-15 16:46:20.865283+00
018202c1-02fa-9dec-514e-a8bea9baa8df	10	1	t	2022-07-15 16:46:20.873039+00	2022-07-15 16:46:20.873039+00
018202c1-02fa-9dec-514e-a8bea9baa8df	4	1	t	2022-07-15 16:46:20.882443+00	2022-07-15 16:46:20.882443+00
018202c1-02fa-9dec-514e-a8bea9baa8df	20	1	t	2022-07-15 16:46:20.8924+00	2022-07-15 16:46:20.8924+00
018202c1-02fa-9dec-514e-a8bea9baa8df	5	1	t	2022-07-15 16:46:20.899566+00	2022-07-15 16:46:20.899566+00
018202c1-02fa-9dec-514e-a8bea9baa8df	9	1	t	2022-07-15 16:46:20.9068+00	2022-07-15 16:46:20.9068+00
018202c1-02fa-9dec-514e-a8bea9baa8df	3	1	t	2022-07-15 16:46:20.913478+00	2022-07-15 16:46:20.913478+00
018202c1-02fa-9dec-514e-a8bea9baa8df	6	1	t	2022-07-15 16:46:20.920362+00	2022-07-15 16:46:20.920362+00
018202c1-02fa-9dec-514e-a8bea9baa8df	11	1	t	2022-07-15 16:46:20.92746+00	2022-07-15 16:46:20.92746+00
018202c1-02fa-9dec-514e-a8bea9baa8df	19	1	t	2022-07-15 16:46:20.934496+00	2022-07-15 16:46:20.934496+00
018202c1-02fa-9dec-514e-a8bea9baa8df	18	1	t	2022-07-15 16:46:20.941288+00	2022-07-15 16:46:20.941288+00
018202c1-02fa-6d97-4d26-8ebf656f8adb	1	1	t	2022-07-15 16:46:20.948546+00	2022-07-15 16:46:20.948546+00
018202c1-02fa-6d97-4d26-8ebf656f8adb	16	1	t	2022-07-15 16:46:20.955316+00	2022-07-15 16:46:20.955316+00
018202c1-02fa-6d97-4d26-8ebf656f8adb	17	1	t	2022-07-15 16:46:20.962154+00	2022-07-15 16:46:20.962154+00
018202c1-02fa-6d97-4d26-8ebf656f8adb	10	1	t	2022-07-15 16:46:20.96992+00	2022-07-15 16:46:20.96992+00
018202c1-02fa-6d97-4d26-8ebf656f8adb	4	1	t	2022-07-15 16:46:20.977342+00	2022-07-15 16:46:20.977342+00
018202c1-02fa-6d97-4d26-8ebf656f8adb	20	1	t	2022-07-15 16:46:20.984437+00	2022-07-15 16:46:20.984437+00
018202c1-02fa-6d97-4d26-8ebf656f8adb	5	1	t	2022-07-15 16:46:20.991912+00	2022-07-15 16:46:20.991912+00
018202c1-02fa-6d97-4d26-8ebf656f8adb	9	1	t	2022-07-15 16:46:20.998502+00	2022-07-15 16:46:20.998502+00
018202c1-02fa-6d97-4d26-8ebf656f8adb	3	1	t	2022-07-15 16:46:21.005512+00	2022-07-15 16:46:21.005512+00
018202c1-02fa-6d97-4d26-8ebf656f8adb	6	1	t	2022-07-15 16:46:21.012376+00	2022-07-15 16:46:21.012376+00
018202c1-02fa-6d97-4d26-8ebf656f8adb	11	1	t	2022-07-15 16:46:21.01911+00	2022-07-15 16:46:21.01911+00
018202c1-02fa-6d97-4d26-8ebf656f8adb	19	1	t	2022-07-15 16:46:21.026402+00	2022-07-15 16:46:21.026402+00
018202c1-02fa-6d97-4d26-8ebf656f8adb	18	1	t	2022-07-15 16:46:21.033357+00	2022-07-15 16:46:21.033357+00
\.


--
-- Data for Name: users_roles; Type: TABLE DATA; Schema: upchieve; Owner: admin
--

COPY upchieve.users_roles (user_id, role_id, created_at, updated_at) FROM stdin;
\.


--
-- Data for Name: users_surveys; Type: TABLE DATA; Schema: upchieve; Owner: admin
--

COPY upchieve.users_surveys (id, survey_id, user_id, session_id, survey_type_id, created_at, updated_at) FROM stdin;
\.


--
-- Data for Name: users_surveys_submissions; Type: TABLE DATA; Schema: upchieve; Owner: admin
--

COPY upchieve.users_surveys_submissions (user_survey_id, survey_question_id, survey_response_choice_id, open_response, created_at, updated_at) FROM stdin;
\.


--
-- Data for Name: users_training_courses; Type: TABLE DATA; Schema: upchieve; Owner: admin
--

COPY upchieve.users_training_courses (user_id, training_course_id, complete, progress, completed_materials, created_at, updated_at) FROM stdin;
\.


--
-- Data for Name: volunteer_occupations; Type: TABLE DATA; Schema: upchieve; Owner: admin
--

COPY upchieve.volunteer_occupations (user_id, occupation, created_at, updated_at) FROM stdin;
\.


--
-- Data for Name: volunteer_profiles; Type: TABLE DATA; Schema: upchieve; Owner: admin
--

COPY upchieve.volunteer_profiles (user_id, volunteer_partner_org_id, timezone, approved, onboarded, photo_id_s3_key, photo_id_status, linkedin_url, college, company, languages, experience, city, state, country, created_at, updated_at, total_volunteer_hours, elapsed_availability) FROM stdin;
018202c1-02fa-d9f7-ee88-c1c8088cbf0b	018202c1-023c-51c7-16b1-78ce83a07dac	America/New_York	t	t	\N	\N	\N	Volunteer College	\N	\N	\N	\N	\N	\N	2022-07-15 16:46:20.008463+00	2022-07-15 16:46:20.008463+00	\N	\N
018202c1-02fa-9dec-514e-a8bea9baa8df	018202c1-023c-62c0-de5c-9c647d111e73	America/New_York	t	t	\N	\N	\N	Volunteer College	\N	\N	\N	\N	\N	\N	2022-07-15 16:46:20.018039+00	2022-07-15 16:46:20.018039+00	\N	\N
018202c1-02fa-6d97-4d26-8ebf656f8adb	\N	America/Denver	t	t	\N	\N	\N	Volunteer College	\N	\N	\N	\N	\N	\N	2022-07-15 16:46:20.026469+00	2022-07-15 16:46:20.026469+00	\N	\N
018202c1-02fa-80a5-61b4-6084a4ecfb49	\N	America/New_York	t	f	\N	\N	\N	Volunteer College	\N	\N	\N	\N	\N	\N	2022-07-15 16:46:20.03348+00	2022-07-15 16:46:20.03348+00	\N	\N
018202c1-02fa-c42a-643d-ce65f9ec5919	\N	America/New_York	f	f	\N	\N	\N	Volunteer College	\N	\N	\N	\N	\N	\N	2022-07-15 16:46:20.040969+00	2022-07-15 16:46:20.040969+00	\N	\N
018202c1-02fa-9c23-991b-f12632fad97f	\N	America/New_York	t	t	\N	\N	\N		\N	\N	\N	\N	\N	\N	2022-07-15 16:46:20.049342+00	2022-07-15 16:46:20.049342+00	\N	\N
\.


--
-- Data for Name: volunteer_reference_statuses; Type: TABLE DATA; Schema: upchieve; Owner: admin
--

COPY upchieve.volunteer_reference_statuses (id, name, created_at, updated_at) FROM stdin;
1	sent	2022-07-15 16:46:01.316677+00	2022-07-15 16:46:01.316677+00
2	submitted	2022-07-15 16:46:01.334825+00	2022-07-15 16:46:01.334825+00
3	approved	2022-07-15 16:46:01.348465+00	2022-07-15 16:46:01.348465+00
4	rejected	2022-07-15 16:46:01.362098+00	2022-07-15 16:46:01.362098+00
5	removed	2022-07-15 16:46:01.374719+00	2022-07-15 16:46:01.374719+00
6	unsent	2022-07-15 16:46:01.387797+00	2022-07-15 16:46:01.387797+00
\.


--
-- Data for Name: volunteer_references; Type: TABLE DATA; Schema: upchieve; Owner: admin
--

COPY upchieve.volunteer_references (id, user_id, first_name, last_name, email, status_id, sent_at, affiliation, relationship_length, patient, positive_role_model, agreeable_and_approachable, communicates_effectively, rejection_reason, additional_info, created_at, updated_at, trustworthy_with_children) FROM stdin;
\.


--
-- Name: ban_reasons_id_seq; Type: SEQUENCE SET; Schema: upchieve; Owner: admin
--

SELECT pg_catalog.setval('upchieve.ban_reasons_id_seq', 5, true);


--
-- Name: certifications_id_seq; Type: SEQUENCE SET; Schema: upchieve; Owner: admin
--

SELECT pg_catalog.setval('upchieve.certifications_id_seq', 23, true);


--
-- Name: cities_id_seq; Type: SEQUENCE SET; Schema: upchieve; Owner: admin
--

SELECT pg_catalog.setval('upchieve.cities_id_seq', 2, true);


--
-- Name: grade_levels_id_seq; Type: SEQUENCE SET; Schema: upchieve; Owner: admin
--

SELECT pg_catalog.setval('upchieve.grade_levels_id_seq', 6, true);


--
-- Name: ip_addresses_id_seq; Type: SEQUENCE SET; Schema: upchieve; Owner: admin
--

SELECT pg_catalog.setval('upchieve.ip_addresses_id_seq', 1, false);


--
-- Name: notification_methods_id_seq; Type: SEQUENCE SET; Schema: upchieve; Owner: admin
--

SELECT pg_catalog.setval('upchieve.notification_methods_id_seq', 4, true);


--
-- Name: notification_priority_groups_id_seq; Type: SEQUENCE SET; Schema: upchieve; Owner: admin
--

SELECT pg_catalog.setval('upchieve.notification_priority_groups_id_seq', 19, true);


--
-- Name: notification_types_id_seq; Type: SEQUENCE SET; Schema: upchieve; Owner: admin
--

SELECT pg_catalog.setval('upchieve.notification_types_id_seq', 2, true);


--
-- Name: photo_id_statuses_id_seq; Type: SEQUENCE SET; Schema: upchieve; Owner: admin
--

SELECT pg_catalog.setval('upchieve.photo_id_statuses_id_seq', 4, true);


--
-- Name: question_tags_id_seq; Type: SEQUENCE SET; Schema: upchieve; Owner: admin
--

SELECT pg_catalog.setval('upchieve.question_tags_id_seq', 1, false);


--
-- Name: question_types_id_seq; Type: SEQUENCE SET; Schema: upchieve; Owner: admin
--

SELECT pg_catalog.setval('upchieve.question_types_id_seq', 3, true);


--
-- Name: quiz_questions_id_seq; Type: SEQUENCE SET; Schema: upchieve; Owner: admin
--

SELECT pg_catalog.setval('upchieve.quiz_questions_id_seq', 1, false);


--
-- Name: quiz_subcategories_id_seq; Type: SEQUENCE SET; Schema: upchieve; Owner: admin
--

SELECT pg_catalog.setval('upchieve.quiz_subcategories_id_seq', 299, true);


--
-- Name: quizzes_id_seq; Type: SEQUENCE SET; Schema: upchieve; Owner: admin
--

SELECT pg_catalog.setval('upchieve.quizzes_id_seq', 25, true);


--
-- Name: report_reasons_id_seq; Type: SEQUENCE SET; Schema: upchieve; Owner: admin
--

SELECT pg_catalog.setval('upchieve.report_reasons_id_seq', 5, true);


--
-- Name: session_flags_id_seq; Type: SEQUENCE SET; Schema: upchieve; Owner: admin
--

SELECT pg_catalog.setval('upchieve.session_flags_id_seq', 12, true);


--
-- Name: signup_sources_id_seq; Type: SEQUENCE SET; Schema: upchieve; Owner: admin
--

SELECT pg_catalog.setval('upchieve.signup_sources_id_seq', 6, true);


--
-- Name: subjects_id_seq; Type: SEQUENCE SET; Schema: upchieve; Owner: admin
--

SELECT pg_catalog.setval('upchieve.subjects_id_seq', 26, true);


--
-- Name: survey_questions_id_seq; Type: SEQUENCE SET; Schema: upchieve; Owner: admin
--

SELECT pg_catalog.setval('upchieve.survey_questions_id_seq', 5, true);


--
-- Name: survey_questions_question_tags_id_seq; Type: SEQUENCE SET; Schema: upchieve; Owner: admin
--

SELECT pg_catalog.setval('upchieve.survey_questions_question_tags_id_seq', 1, false);


--
-- Name: survey_response_choices_id_seq; Type: SEQUENCE SET; Schema: upchieve; Owner: admin
--

SELECT pg_catalog.setval('upchieve.survey_response_choices_id_seq', 44, true);


--
-- Name: survey_types_id_seq; Type: SEQUENCE SET; Schema: upchieve; Owner: admin
--

SELECT pg_catalog.setval('upchieve.survey_types_id_seq', 2, true);


--
-- Name: surveys_id_seq; Type: SEQUENCE SET; Schema: upchieve; Owner: admin
--

SELECT pg_catalog.setval('upchieve.surveys_id_seq', 7, true);


--
-- Name: surveys_survey_questions_id_seq; Type: SEQUENCE SET; Schema: upchieve; Owner: admin
--

SELECT pg_catalog.setval('upchieve.surveys_survey_questions_id_seq', 21, true);


--
-- Name: tool_types_id_seq; Type: SEQUENCE SET; Schema: upchieve; Owner: admin
--

SELECT pg_catalog.setval('upchieve.tool_types_id_seq', 2, true);


--
-- Name: topics_id_seq; Type: SEQUENCE SET; Schema: upchieve; Owner: admin
--

SELECT pg_catalog.setval('upchieve.topics_id_seq', 6, true);


--
-- Name: training_courses_id_seq; Type: SEQUENCE SET; Schema: upchieve; Owner: admin
--

SELECT pg_catalog.setval('upchieve.training_courses_id_seq', 1, true);


--
-- Name: user_actions_id_seq; Type: SEQUENCE SET; Schema: upchieve; Owner: admin
--

SELECT pg_catalog.setval('upchieve.user_actions_id_seq', 1, false);


--
-- Name: user_roles_id_seq; Type: SEQUENCE SET; Schema: upchieve; Owner: admin
--

SELECT pg_catalog.setval('upchieve.user_roles_id_seq', 3, true);


--
-- Name: volunteer_reference_statuses_id_seq; Type: SEQUENCE SET; Schema: upchieve; Owner: admin
--

SELECT pg_catalog.setval('upchieve.volunteer_reference_statuses_id_seq', 6, true);


--
-- Name: weekdays_id_seq; Type: SEQUENCE SET; Schema: upchieve; Owner: admin
--

SELECT pg_catalog.setval('upchieve.weekdays_id_seq', 1, false);


--
-- PostgreSQL database dump complete
--

