--
-- PostgreSQL database dump
--

-- Dumped from database version 14.3 (Debian 14.3-1.pgdg110+1)
-- Dumped by pg_dump version 14.3

SET statement_timeout = 0;
SET lock_timeout = 0;
SET idle_in_transaction_session_timeout = 0;
SET client_encoding = 'UTF8';
SET standard_conforming_strings = on;
SELECT pg_catalog.set_config('search_path', '', false);
SET check_function_bodies = false;
SET xmloption = content;
SET client_min_messages = warning;
SET row_security = off;

--
-- Data for Name: ban_reasons; Type: TABLE DATA; Schema: upchieve; Owner: admin
--

COPY upchieve.ban_reasons (id, name, created_at, updated_at) FROM stdin;
1	non us signup	2022-05-26 18:03:28.523312+00	2022-05-26 18:03:28.523312+00
2	session reported	2022-05-26 18:03:28.524545+00	2022-05-26 18:03:28.524545+00
3	used banned ip	2022-05-26 18:03:28.525459+00	2022-05-26 18:03:28.525459+00
4	admin	2022-05-26 18:03:28.526458+00	2022-05-26 18:03:28.526458+00
5	banned service provider	2022-05-26 18:03:28.527539+00	2022-05-26 18:03:28.527539+00
\.


--
-- Data for Name: signup_sources; Type: TABLE DATA; Schema: upchieve; Owner: admin
--

COPY upchieve.signup_sources (id, name, created_at, updated_at) FROM stdin;
1	Web search	2022-05-26 18:03:28.528688+00	2022-05-26 18:03:28.528688+00
2	Social media	2022-05-26 18:03:28.529937+00	2022-05-26 18:03:28.529937+00
3	Friend / Classmate	2022-05-26 18:03:28.531096+00	2022-05-26 18:03:28.531096+00
4	School / Teacher	2022-05-26 18:03:28.532197+00	2022-05-26 18:03:28.532197+00
5	Parent / Relative	2022-05-26 18:03:28.533191+00	2022-05-26 18:03:28.533191+00
6	Other	2022-05-26 18:03:28.534182+00	2022-05-26 18:03:28.534182+00
\.


--
-- Data for Name: users; Type: TABLE DATA; Schema: upchieve; Owner: admin
--

COPY upchieve.users (id, verified, email_verified, phone_verified, email, password, password_reset_token, first_name, last_name, deactivated, last_activity_at, referral_code, referred_by, test_user, banned, ban_reason_id, time_tutored, signup_source_id, created_at, updated_at, phone, mongo_id) FROM stdin;
01810189-b5c0-78b8-ae58-fd4663e9da69	t	f	f	volunteer1@upchieve.org	$2a$10$z.JMHnbX9IubnNZtqI.FOecTPVY1VTU1DJ6AJGIOT/x/OyAtdw3.y	\N	Partner	UPchieve	f	\N	B	\N	f	f	\N	25200000	\N	2022-05-26 18:03:31.13915+00	2022-05-26 18:03:31.13915+00	+12125551212	\N
01810189-b5c0-a044-d018-9f000acd0ee0	t	f	f	volunteer2@upchieve.org	$2a$10$z.JMHnbX9IubnNZtqI.FOecTPVY1VTU1DJ6AJGIOT/x/OyAtdw3.y	\N	Special Reporting	UPchieve	f	\N	C	\N	f	f	\N	25200000	\N	2022-05-26 18:03:31.141245+00	2022-05-26 18:03:31.141245+00	+12125551213	\N
01810189-b5c0-26bd-6b79-8d401a3c2d91	t	f	f	volunteer3@upchieve.org	$2a$10$z.JMHnbX9IubnNZtqI.FOecTPVY1VTU1DJ6AJGIOT/x/OyAtdw3.y	\N	Open Sign Up	UPchieve	f	\N	D	\N	f	f	\N	25200000	\N	2022-05-26 18:03:31.142969+00	2022-05-26 18:03:31.142969+00	+12125551214	\N
01810189-b5c0-7c70-d36e-e0c41c92369e	t	f	f	volunteer4@upchieve.org	$2a$10$z.JMHnbX9IubnNZtqI.FOecTPVY1VTU1DJ6AJGIOT/x/OyAtdw3.y	\N	Needs Onboarding	UPchieve	f	\N	E	\N	f	f	\N	0	\N	2022-05-26 18:03:31.144696+00	2022-05-26 18:03:31.144696+00	+12125551215	\N
01810189-b5c0-8024-02c1-c265f898df4c	t	f	f	volunteer5@upchieve.org	$2a$10$z.JMHnbX9IubnNZtqI.FOecTPVY1VTU1DJ6AJGIOT/x/OyAtdw3.y	\N	Needs Approval	UPchieve	f	\N	Z	\N	f	f	\N	0	\N	2022-05-26 18:03:31.146255+00	2022-05-26 18:03:31.146255+00	+12125551216	\N
01810189-b5c0-5556-fcb6-0c2a856d46d7	t	f	f	volunteer6@upchieve.org	$2a$10$z.JMHnbX9IubnNZtqI.FOecTPVY1VTU1DJ6AJGIOT/x/OyAtdw3.y	\N	Admin	UPchieve	f	\N	Y	\N	f	f	\N	0	\N	2022-05-26 18:03:31.148134+00	2022-05-26 18:03:31.148134+00	+12125551217	\N
01810189-b629-620d-0137-524828df4544	t	f	f	student1@upchieve.org	$2a$10$z.JMHnbX9IubnNZtqI.FOecTPVY1VTU1DJ6AJGIOT/x/OyAtdw3.y	\N	Student	UPchieve	f	\N	A	\N	f	f	\N	\N	\N	2022-05-26 18:03:31.244176+00	2022-05-26 18:03:31.244176+00	\N	\N
01810189-b629-f916-b04b-7fb990fc6cd6	t	f	f	student2@upchieve.org	$2a$10$z.JMHnbX9IubnNZtqI.FOecTPVY1VTU1DJ6AJGIOT/x/OyAtdw3.y	\N	Student	UPchieve	f	\N	F	\N	f	f	\N	\N	\N	2022-05-26 18:03:31.245222+00	2022-05-26 18:03:31.245222+00	\N	\N
01810189-b629-00ef-388b-fc23679ade7b	t	f	f	student3@upchieve.org	$2a$10$z.JMHnbX9IubnNZtqI.FOecTPVY1VTU1DJ6AJGIOT/x/OyAtdw3.y	\N	Student	UPchieve	f	\N	G	\N	f	f	\N	\N	\N	2022-05-26 18:03:31.246257+00	2022-05-26 18:03:31.246257+00	\N	\N
\.


--
-- Data for Name: admin_profiles; Type: TABLE DATA; Schema: upchieve; Owner: admin
--

COPY upchieve.admin_profiles (user_id, created_at, updated_at) FROM stdin;
01810189-b5c0-5556-fcb6-0c2a856d46d7	2022-05-26 18:03:31.242993+00	2022-05-26 18:03:31.242993+00
\.


--
-- Data for Name: tool_types; Type: TABLE DATA; Schema: upchieve; Owner: admin
--

COPY upchieve.tool_types (id, name, created_at, updated_at) FROM stdin;
1	whiteboard	2022-05-26 18:03:28.558675+00	2022-05-26 18:03:28.558675+00
2	documenteditor	2022-05-26 18:03:28.559849+00	2022-05-26 18:03:28.559849+00
\.


--
-- Data for Name: topics; Type: TABLE DATA; Schema: upchieve; Owner: admin
--

COPY upchieve.topics (id, name, icon_link, color, dashboard_order, display_name, created_at, updated_at) FROM stdin;
1	math	\N	\N	1	Math	2022-05-26 18:03:28.55323+00	2022-05-26 18:03:28.55323+00
2	science	\N	\N	4	Science	2022-05-26 18:03:28.55471+00	2022-05-26 18:03:28.55471+00
3	college	\N	\N	3	College Counseling	2022-05-26 18:03:28.555763+00	2022-05-26 18:03:28.555763+00
4	sat	\N	\N	2	Standardized Testing	2022-05-26 18:03:28.556648+00	2022-05-26 18:03:28.556648+00
5	readingWriting	\N	\N	5	Reading and Writing	2022-05-26 18:03:28.557552+00	2022-05-26 18:03:28.557552+00
\.


--
-- Data for Name: subjects; Type: TABLE DATA; Schema: upchieve; Owner: admin
--

COPY upchieve.subjects (id, name, display_name, display_order, topic_id, tool_type_id, created_at, updated_at) FROM stdin;
1	prealgebra	Prealgebra	1	1	1	2022-05-26 18:03:28.561003+00	2022-05-26 18:03:28.561003+00
2	algebraOne	Algebra 1	2	1	1	2022-05-26 18:03:28.562531+00	2022-05-26 18:03:28.562531+00
3	algebraTwo	Algebra 2	3	1	1	2022-05-26 18:03:28.563475+00	2022-05-26 18:03:28.563475+00
4	geometry	Geometry	4	1	1	2022-05-26 18:03:28.564614+00	2022-05-26 18:03:28.564614+00
5	trigonometry	Trigonometry	5	1	1	2022-05-26 18:03:28.565564+00	2022-05-26 18:03:28.565564+00
6	precalculus	Precalculus	6	1	1	2022-05-26 18:03:28.566617+00	2022-05-26 18:03:28.566617+00
7	calculusAB	Calculus AB	7	1	1	2022-05-26 18:03:28.567605+00	2022-05-26 18:03:28.567605+00
8	calculusBC	Calculus BC	8	1	1	2022-05-26 18:03:28.56852+00	2022-05-26 18:03:28.56852+00
9	statistics	Statistics	9	1	1	2022-05-26 18:03:28.569521+00	2022-05-26 18:03:28.569521+00
10	biology	Biology	1	2	1	2022-05-26 18:03:28.570533+00	2022-05-26 18:03:28.570533+00
11	chemistry	Chemistry	2	2	1	2022-05-26 18:03:28.571717+00	2022-05-26 18:03:28.571717+00
12	physicsOne	Physics 1	3	2	1	2022-05-26 18:03:28.572618+00	2022-05-26 18:03:28.572618+00
13	physicsTwo	Physics 2	4	2	1	2022-05-26 18:03:28.573495+00	2022-05-26 18:03:28.573495+00
14	environmentalScience	Environmental Science	5	2	1	2022-05-26 18:03:28.57446+00	2022-05-26 18:03:28.57446+00
15	satMath	SAT Math	1	4	1	2022-05-26 18:03:28.575413+00	2022-05-26 18:03:28.575413+00
16	satReading	SAT Reading	2	4	2	2022-05-26 18:03:28.576313+00	2022-05-26 18:03:28.576313+00
17	essays	College Essays	2	3	2	2022-05-26 18:03:28.577215+00	2022-05-26 18:03:28.577215+00
18	planning	Planning	1	3	2	2022-05-26 18:03:28.578179+00	2022-05-26 18:03:28.578179+00
19	applications	Applications	3	3	2	2022-05-26 18:03:28.579121+00	2022-05-26 18:03:28.579121+00
20	humanitiesEssays	Humanities Essays	1	5	2	2022-05-26 18:03:28.580052+00	2022-05-26 18:03:28.580052+00
21	integratedMathOne	Integrated Math One	9	1	1	2022-05-26 18:03:28.580931+00	2022-05-26 18:03:28.580931+00
22	integratedMathTwo	Integrated Math Two	9	1	1	2022-05-26 18:03:28.5818+00	2022-05-26 18:03:28.5818+00
23	integratedMathThree	Integrated Math Three	9	1	1	2022-05-26 18:03:28.582672+00	2022-05-26 18:03:28.582672+00
24	integratedMathFour	Integrated Math Four	9	1	1	2022-05-26 18:03:28.583637+00	2022-05-26 18:03:28.583637+00
25	reading	Reading	2	5	2	2022-05-26 18:03:29.203052+00	2022-05-26 18:03:29.203052+00
\.


--
-- Data for Name: user_roles; Type: TABLE DATA; Schema: upchieve; Owner: admin
--

COPY upchieve.user_roles (id, name, created_at, updated_at) FROM stdin;
1	student	2022-05-26 18:03:28.519987+00	2022-05-26 18:03:28.519987+00
2	volunteer	2022-05-26 18:03:28.521205+00	2022-05-26 18:03:28.521205+00
3	admin	2022-05-26 18:03:28.522172+00	2022-05-26 18:03:28.522172+00
\.


--
-- Data for Name: sessions; Type: TABLE DATA; Schema: upchieve; Owner: admin
--

COPY upchieve.sessions (id, student_id, volunteer_id, subject_id, has_whiteboard_doc, quill_doc, volunteer_joined_at, ended_at, ended_by_role_id, reviewed, to_review, student_banned, time_tutored, created_at, updated_at, mongo_id) FROM stdin;
\.


--
-- Data for Name: assistments_data; Type: TABLE DATA; Schema: upchieve; Owner: admin
--

COPY upchieve.assistments_data (id, problem_id, assignment_id, student_id, session_id, sent, created_at, updated_at, sent_at, mongo_id) FROM stdin;
\.


--
-- Data for Name: sponsor_orgs; Type: TABLE DATA; Schema: upchieve; Owner: admin
--

COPY upchieve.sponsor_orgs (id, name, created_at, updated_at, key) FROM stdin;
01810189-b5b2-5fb1-551b-b97dcece4ade	Only Sponsors Schools	2022-05-26 18:03:31.125242+00	2022-05-26 18:03:31.125242+00	onlySponsorsSchools
01810189-b5b2-c360-ca05-e80c4fdd480b	Only Sponsors Partner Orgs	2022-05-26 18:03:31.126767+00	2022-05-26 18:03:31.126767+00	onlySponsorsPartnerOrgs
01810189-b5b2-b5ec-7be7-954cc7aee4e5	Sponsors Both	2022-05-26 18:03:31.128216+00	2022-05-26 18:03:31.128216+00	sponsorsBoth
\.


--
-- Data for Name: student_partner_orgs; Type: TABLE DATA; Schema: upchieve; Owner: admin
--

COPY upchieve.student_partner_orgs (id, key, name, signup_code, high_school_signup, college_signup, school_signup_required, created_at, updated_at) FROM stdin;
01810189-b55c-6e5d-52fd-26611043e8bd	college-mentors	College Mentors	MENTORS	t	f	t	2022-05-26 18:03:31.081537+00	2022-05-26 18:03:31.081537+00
01810189-b55c-cc82-646c-d2e41e99686f	community-org	Community Org	COMMUNITY	t	f	f	2022-05-26 18:03:31.088346+00	2022-05-26 18:03:31.088346+00
01810189-b55c-582f-8dc0-687fa1928103	school-helpers	School Helpers	SCHOOLHELPERS	f	f	f	2022-05-26 18:03:31.092594+00	2022-05-26 18:03:31.092594+00
01810189-b55c-be23-12b1-affd99d28497	college-learners	College Learners	COLLEGELEARNERS	f	t	t	2022-05-26 18:03:31.096041+00	2022-05-26 18:03:31.096041+00
01810189-b55c-58ec-2b6a-74c1f941faef	all-the-students	All The Students	ALLTHESTUDENTS	t	t	t	2022-05-26 18:03:31.098934+00	2022-05-26 18:03:31.098934+00
\.


--
-- Data for Name: volunteer_partner_orgs; Type: TABLE DATA; Schema: upchieve; Owner: admin
--

COPY upchieve.volunteer_partner_orgs (id, key, name, receive_weekly_hour_summary_email, created_at, updated_at) FROM stdin;
01810189-b5a1-a8e1-36a0-a7a48ca083b0	big-telecom	Big Telecom	t	2022-05-26 18:03:31.10764+00	2022-05-26 18:03:31.10764+00
01810189-b5a1-b664-7d56-933d25d84055	health-co	Health Co	f	2022-05-26 18:03:31.109585+00	2022-05-26 18:03:31.109585+00
\.


--
-- Data for Name: associated_partners; Type: TABLE DATA; Schema: upchieve; Owner: admin
--

COPY upchieve.associated_partners (id, key, volunteer_partner_org_id, student_partner_org_id, student_sponsor_org_id, created_at, updated_at) FROM stdin;
01810189-b5bd-987a-4225-4a439aa5cd05	associatedWithSponsorOrg	01810189-b5a1-a8e1-36a0-a7a48ca083b0	\N	01810189-b5b2-5fb1-551b-b97dcece4ade	2022-05-26 18:03:31.135606+00	2022-05-26 18:03:31.135606+00
01810189-b5bd-4f69-c993-c2369357dfc8	associatedWithPartnerOrg	01810189-b5a1-a8e1-36a0-a7a48ca083b0	01810189-b55c-6e5d-52fd-26611043e8bd	\N	2022-05-26 18:03:31.137348+00	2022-05-26 18:03:31.137348+00
\.


--
-- Data for Name: weekdays; Type: TABLE DATA; Schema: upchieve; Owner: admin
--

COPY upchieve.weekdays (id, day, created_at, updated_at) FROM stdin;
1	Sunday	2022-05-26 18:03:28.512744+00	2022-05-26 18:03:28.512744+00
2	Monday	2022-05-26 18:03:28.514044+00	2022-05-26 18:03:28.514044+00
3	Tuesday	2022-05-26 18:03:28.515062+00	2022-05-26 18:03:28.515062+00
4	Wednesday	2022-05-26 18:03:28.516075+00	2022-05-26 18:03:28.516075+00
5	Thursday	2022-05-26 18:03:28.517083+00	2022-05-26 18:03:28.517083+00
6	Friday	2022-05-26 18:03:28.518079+00	2022-05-26 18:03:28.518079+00
7	Saturday	2022-05-26 18:03:28.518971+00	2022-05-26 18:03:28.518971+00
\.


--
-- Data for Name: availabilities; Type: TABLE DATA; Schema: upchieve; Owner: admin
--

COPY upchieve.availabilities (id, user_id, weekday_id, available_start, available_end, timezone, created_at, updated_at) FROM stdin;
\.


--
-- Data for Name: availability_histories; Type: TABLE DATA; Schema: upchieve; Owner: admin
--

COPY upchieve.availability_histories (id, user_id, weekday_id, available_start, available_end, timezone, recorded_at, created_at, updated_at) FROM stdin;
\.


--
-- Data for Name: certifications; Type: TABLE DATA; Schema: upchieve; Owner: admin
--

COPY upchieve.certifications (id, name, created_at, updated_at) FROM stdin;
1	prealgebra	2022-05-26 18:03:28.980783+00	2022-05-26 18:03:28.980783+00
2	statistics	2022-05-26 18:03:28.982043+00	2022-05-26 18:03:28.982043+00
3	geometry	2022-05-26 18:03:28.983101+00	2022-05-26 18:03:28.983101+00
4	biology	2022-05-26 18:03:28.984092+00	2022-05-26 18:03:28.984092+00
5	chemistry	2022-05-26 18:03:28.985155+00	2022-05-26 18:03:28.985155+00
6	physicsOne	2022-05-26 18:03:28.986075+00	2022-05-26 18:03:28.986075+00
7	physicsTwo	2022-05-26 18:03:28.987094+00	2022-05-26 18:03:28.987094+00
8	environmentalScience	2022-05-26 18:03:28.988206+00	2022-05-26 18:03:28.988206+00
9	essays	2022-05-26 18:03:28.989156+00	2022-05-26 18:03:28.989156+00
10	applications	2022-05-26 18:03:28.990379+00	2022-05-26 18:03:28.990379+00
11	planning	2022-05-26 18:03:28.991641+00	2022-05-26 18:03:28.991641+00
12	satMath	2022-05-26 18:03:28.99269+00	2022-05-26 18:03:28.99269+00
13	satReading	2022-05-26 18:03:28.993973+00	2022-05-26 18:03:28.993973+00
14	collegeCounseling	2022-05-26 18:03:28.995833+00	2022-05-26 18:03:28.995833+00
15	humanitiesEssays	2022-05-26 18:03:28.996976+00	2022-05-26 18:03:28.996976+00
16	algebraOne	2022-05-26 18:03:28.998176+00	2022-05-26 18:03:28.998176+00
17	algebraTwo	2022-05-26 18:03:28.999219+00	2022-05-26 18:03:28.999219+00
18	trigonometry	2022-05-26 18:03:29.000387+00	2022-05-26 18:03:29.000387+00
19	precalculus	2022-05-26 18:03:29.001786+00	2022-05-26 18:03:29.001786+00
20	calculusAB	2022-05-26 18:03:29.002971+00	2022-05-26 18:03:29.002971+00
21	calculusBC	2022-05-26 18:03:29.004073+00	2022-05-26 18:03:29.004073+00
22	reading	2022-05-26 18:03:29.203052+00	2022-05-26 18:03:29.203052+00
\.


--
-- Data for Name: certification_subject_unlocks; Type: TABLE DATA; Schema: upchieve; Owner: admin
--

COPY upchieve.certification_subject_unlocks (subject_id, certification_id, created_at, updated_at) FROM stdin;
21	16	2022-05-26 18:03:29.056678+00	2022-05-26 18:03:29.056678+00
21	3	2022-05-26 18:03:29.057929+00	2022-05-26 18:03:29.057929+00
21	2	2022-05-26 18:03:29.058907+00	2022-05-26 18:03:29.058907+00
22	16	2022-05-26 18:03:29.060083+00	2022-05-26 18:03:29.060083+00
22	3	2022-05-26 18:03:29.061023+00	2022-05-26 18:03:29.061023+00
22	2	2022-05-26 18:03:29.061905+00	2022-05-26 18:03:29.061905+00
22	18	2022-05-26 18:03:29.063135+00	2022-05-26 18:03:29.063135+00
23	19	2022-05-26 18:03:29.06405+00	2022-05-26 18:03:29.06405+00
23	2	2022-05-26 18:03:29.064938+00	2022-05-26 18:03:29.064938+00
24	19	2022-05-26 18:03:29.065973+00	2022-05-26 18:03:29.065973+00
1	1	2022-05-26 18:03:29.066913+00	2022-05-26 18:03:29.066913+00
9	2	2022-05-26 18:03:29.068023+00	2022-05-26 18:03:29.068023+00
4	3	2022-05-26 18:03:29.06889+00	2022-05-26 18:03:29.06889+00
10	4	2022-05-26 18:03:29.069823+00	2022-05-26 18:03:29.069823+00
11	5	2022-05-26 18:03:29.071005+00	2022-05-26 18:03:29.071005+00
12	6	2022-05-26 18:03:29.071968+00	2022-05-26 18:03:29.071968+00
13	7	2022-05-26 18:03:29.072959+00	2022-05-26 18:03:29.072959+00
14	8	2022-05-26 18:03:29.073886+00	2022-05-26 18:03:29.073886+00
17	9	2022-05-26 18:03:29.074892+00	2022-05-26 18:03:29.074892+00
19	10	2022-05-26 18:03:29.076135+00	2022-05-26 18:03:29.076135+00
18	11	2022-05-26 18:03:29.07712+00	2022-05-26 18:03:29.07712+00
15	12	2022-05-26 18:03:29.078179+00	2022-05-26 18:03:29.078179+00
16	13	2022-05-26 18:03:29.079055+00	2022-05-26 18:03:29.079055+00
20	15	2022-05-26 18:03:29.079791+00	2022-05-26 18:03:29.079791+00
2	16	2022-05-26 18:03:29.080706+00	2022-05-26 18:03:29.080706+00
3	17	2022-05-26 18:03:29.081542+00	2022-05-26 18:03:29.081542+00
5	18	2022-05-26 18:03:29.082485+00	2022-05-26 18:03:29.082485+00
6	19	2022-05-26 18:03:29.083356+00	2022-05-26 18:03:29.083356+00
7	20	2022-05-26 18:03:29.084245+00	2022-05-26 18:03:29.084245+00
8	21	2022-05-26 18:03:29.085136+00	2022-05-26 18:03:29.085136+00
25	22	2022-05-26 18:03:29.203052+00	2022-05-26 18:03:29.203052+00
\.


--
-- Data for Name: us_states; Type: TABLE DATA; Schema: upchieve; Owner: admin
--

COPY upchieve.us_states (code, name, created_at, updated_at) FROM stdin;
AL	Alabama	2022-05-26 18:03:28.224272+00	2022-05-26 18:03:28.224272+00
AK	Alaska	2022-05-26 18:03:28.229934+00	2022-05-26 18:03:28.229934+00
AR	Arkansas	2022-05-26 18:03:28.233378+00	2022-05-26 18:03:28.233378+00
AZ	Arizona	2022-05-26 18:03:28.236082+00	2022-05-26 18:03:28.236082+00
CA	California	2022-05-26 18:03:28.238273+00	2022-05-26 18:03:28.238273+00
CO	Colorado	2022-05-26 18:03:28.240096+00	2022-05-26 18:03:28.240096+00
CT	Connecticut	2022-05-26 18:03:28.241778+00	2022-05-26 18:03:28.241778+00
DE	Delaware	2022-05-26 18:03:28.243324+00	2022-05-26 18:03:28.243324+00
DC	District of Columbia	2022-05-26 18:03:28.244716+00	2022-05-26 18:03:28.244716+00
FL	Florida	2022-05-26 18:03:28.24573+00	2022-05-26 18:03:28.24573+00
GA	Georgia	2022-05-26 18:03:28.246962+00	2022-05-26 18:03:28.246962+00
HI	Hawaii	2022-05-26 18:03:28.2482+00	2022-05-26 18:03:28.2482+00
ID	Idaho	2022-05-26 18:03:28.249532+00	2022-05-26 18:03:28.249532+00
IL	Illinois	2022-05-26 18:03:28.251008+00	2022-05-26 18:03:28.251008+00
IN	Indiana	2022-05-26 18:03:28.252276+00	2022-05-26 18:03:28.252276+00
IA	Iowa	2022-05-26 18:03:28.253613+00	2022-05-26 18:03:28.253613+00
KS	Kansas	2022-05-26 18:03:28.254843+00	2022-05-26 18:03:28.254843+00
KY	Kentucky	2022-05-26 18:03:28.255951+00	2022-05-26 18:03:28.255951+00
LA	Louisiana	2022-05-26 18:03:28.257307+00	2022-05-26 18:03:28.257307+00
ME	Maine	2022-05-26 18:03:28.258632+00	2022-05-26 18:03:28.258632+00
MD	Maryland	2022-05-26 18:03:28.259916+00	2022-05-26 18:03:28.259916+00
MA	Massachusetts	2022-05-26 18:03:28.261286+00	2022-05-26 18:03:28.261286+00
MI	Michigan	2022-05-26 18:03:28.262538+00	2022-05-26 18:03:28.262538+00
MN	Minnesota	2022-05-26 18:03:28.264025+00	2022-05-26 18:03:28.264025+00
MS	Mississippi	2022-05-26 18:03:28.265552+00	2022-05-26 18:03:28.265552+00
MO	Missouri	2022-05-26 18:03:28.266799+00	2022-05-26 18:03:28.266799+00
MT	Montana	2022-05-26 18:03:28.268011+00	2022-05-26 18:03:28.268011+00
NE	Nebraska	2022-05-26 18:03:28.269192+00	2022-05-26 18:03:28.269192+00
NV	Nevada	2022-05-26 18:03:28.270332+00	2022-05-26 18:03:28.270332+00
NH	New Hampshire	2022-05-26 18:03:28.271495+00	2022-05-26 18:03:28.271495+00
NJ	New Jersey	2022-05-26 18:03:28.272849+00	2022-05-26 18:03:28.272849+00
NM	New Mexico	2022-05-26 18:03:28.274118+00	2022-05-26 18:03:28.274118+00
NY	New York	2022-05-26 18:03:28.275686+00	2022-05-26 18:03:28.275686+00
NC	North Carolina	2022-05-26 18:03:28.277113+00	2022-05-26 18:03:28.277113+00
ND	North Dakota	2022-05-26 18:03:28.278526+00	2022-05-26 18:03:28.278526+00
OH	Ohio	2022-05-26 18:03:28.279824+00	2022-05-26 18:03:28.279824+00
OK	Oklahoma	2022-05-26 18:03:28.28107+00	2022-05-26 18:03:28.28107+00
OR	Oregon	2022-05-26 18:03:28.282553+00	2022-05-26 18:03:28.282553+00
PA	Pennsylvania	2022-05-26 18:03:28.283838+00	2022-05-26 18:03:28.283838+00
RI	Rhode Island	2022-05-26 18:03:28.285129+00	2022-05-26 18:03:28.285129+00
SC	South Carolina	2022-05-26 18:03:28.286321+00	2022-05-26 18:03:28.286321+00
SD	South Dakota	2022-05-26 18:03:28.287599+00	2022-05-26 18:03:28.287599+00
TN	Tennessee	2022-05-26 18:03:28.28882+00	2022-05-26 18:03:28.28882+00
TX	Texas	2022-05-26 18:03:28.290347+00	2022-05-26 18:03:28.290347+00
UT	Utah	2022-05-26 18:03:28.291919+00	2022-05-26 18:03:28.291919+00
VT	Vermont	2022-05-26 18:03:28.293186+00	2022-05-26 18:03:28.293186+00
VA	Virginia	2022-05-26 18:03:28.294631+00	2022-05-26 18:03:28.294631+00
WA	Washington	2022-05-26 18:03:28.295997+00	2022-05-26 18:03:28.295997+00
WV	West Virginia	2022-05-26 18:03:28.297018+00	2022-05-26 18:03:28.297018+00
WI	Wisconsin	2022-05-26 18:03:28.298154+00	2022-05-26 18:03:28.298154+00
WY	Wyoming	2022-05-26 18:03:28.299384+00	2022-05-26 18:03:28.299384+00
PR	Puerto Rico	2022-05-26 18:03:28.300676+00	2022-05-26 18:03:28.300676+00
GU	Guam	2022-05-26 18:03:28.301736+00	2022-05-26 18:03:28.301736+00
VI	Virgin Islands	2022-05-26 18:03:28.302802+00	2022-05-26 18:03:28.302802+00
AS	American Samoa	2022-05-26 18:03:28.303884+00	2022-05-26 18:03:28.303884+00
BI	Bureau of Indian Education	2022-05-26 18:03:28.304789+00	2022-05-26 18:03:28.304789+00
NA	NA	2022-05-26 18:03:28.305817+00	2022-05-26 18:03:28.305817+00
AE	U.S. Armed Forced - Europe	2022-05-26 18:03:29.209926+00	2022-05-26 18:03:29.209926+00
AA	U.S. Armed Forced - Americas	2022-05-26 18:03:29.209926+00	2022-05-26 18:03:29.209926+00
AP	U.S. Armed Forced - Pacific	2022-05-26 18:03:29.209926+00	2022-05-26 18:03:29.209926+00
PW	Palau	2022-05-26 18:03:29.209926+00	2022-05-26 18:03:29.209926+00
FM	Micronesia	2022-05-26 18:03:29.209926+00	2022-05-26 18:03:29.209926+00
MP	Norther Mariana Islands	2022-05-26 18:03:29.209926+00	2022-05-26 18:03:29.209926+00
MH	Marshall Islands	2022-05-26 18:03:29.209926+00	2022-05-26 18:03:29.209926+00
\.


--
-- Data for Name: cities; Type: TABLE DATA; Schema: upchieve; Owner: admin
--

COPY upchieve.cities (id, name, us_state_code, created_at, updated_at) FROM stdin;
1	Denver	CO	2022-05-26 18:03:31.114834+00	2022-05-26 18:03:31.114834+00
2	Brooklyn	NY	2022-05-26 18:03:31.116806+00	2022-05-26 18:03:31.116806+00
\.


--
-- Data for Name: contact_form_submissions; Type: TABLE DATA; Schema: upchieve; Owner: admin
--

COPY upchieve.contact_form_submissions (id, user_id, user_email, message, topic, created_at, updated_at) FROM stdin;
\.


--
-- Data for Name: feedbacks; Type: TABLE DATA; Schema: upchieve; Owner: admin
--

COPY upchieve.feedbacks (id, topic_id, subject_id, user_role_id, session_id, student_tutoring_feedback, student_counseling_feedback, volunteer_feedback, comment, user_id, legacy_feedbacks, created_at, updated_at, mongo_id) FROM stdin;
\.


--
-- Data for Name: grade_levels; Type: TABLE DATA; Schema: upchieve; Owner: admin
--

COPY upchieve.grade_levels (id, name, created_at, updated_at) FROM stdin;
1	8th	2022-05-26 18:03:28.535186+00	2022-05-26 18:03:28.535186+00
2	9th	2022-05-26 18:03:28.536359+00	2022-05-26 18:03:28.536359+00
3	10th	2022-05-26 18:03:28.537603+00	2022-05-26 18:03:28.537603+00
4	11th	2022-05-26 18:03:28.538606+00	2022-05-26 18:03:28.538606+00
5	12th	2022-05-26 18:03:28.539497+00	2022-05-26 18:03:28.539497+00
6	College	2022-05-26 18:03:28.540353+00	2022-05-26 18:03:28.540353+00
\.


--
-- Data for Name: ip_addresses; Type: TABLE DATA; Schema: upchieve; Owner: admin
--

COPY upchieve.ip_addresses (id, ip, status, created_at, updated_at, mongo_id) FROM stdin;
\.


--
-- Data for Name: postal_codes; Type: TABLE DATA; Schema: upchieve; Owner: admin
--

COPY upchieve.postal_codes (code, us_state_code, income, location, created_at, updated_at) FROM stdin;
00501	NY	0	(40.81,-73.04)	2022-05-26 18:03:28.384495+00	2022-05-26 18:03:28.384495+00
01010	MA	24915	(42.11,-72.2)	2022-05-26 18:03:28.388936+00	2022-05-26 18:03:28.388936+00
00544	NY	0	(40.81,-73.04)	2022-05-26 18:03:28.414574+00	2022-05-26 18:03:28.414574+00
01011	MA	5853	(42.28,-72.98)	2022-05-26 18:03:28.445759+00	2022-05-26 18:03:28.445759+00
01012	MA	4316	(42.4,-72.85)	2022-05-26 18:03:28.445723+00	2022-05-26 18:03:28.445723+00
01004	MA	0	(42.37,-72.52)	2022-05-26 18:03:28.44579+00	2022-05-26 18:03:28.44579+00
01003	MA	0	(42.39,-72.52)	2022-05-26 18:03:28.44586+00	2022-05-26 18:03:28.44586+00
01002	MA	147482	(42.37,-72.52)	2022-05-26 18:03:28.446014+00	2022-05-26 18:03:28.446014+00
01014	MA	0	(42.17,-72.57)	2022-05-26 18:03:28.456988+00	2022-05-26 18:03:28.456988+00
01013	MA	79013	(42.15,-72.6)	2022-05-26 18:03:28.457016+00	2022-05-26 18:03:28.457016+00
01020	MA	128543	(42.17,-72.57)	2022-05-26 18:03:28.469467+00	2022-05-26 18:03:28.469467+00
01021	MA	0	(42.17,-72.57)	2022-05-26 18:03:28.469499+00	2022-05-26 18:03:28.469499+00
01001	MA	91129	(42.06,-72.61)	2022-05-26 18:03:28.468917+00	2022-05-26 18:03:28.468917+00
01009	MA	0	(42.2,-72.34)	2022-05-26 18:03:28.469485+00	2022-05-26 18:03:28.469485+00
01022	MA	9070	(42.2,-72.54)	2022-05-26 18:03:28.478098+00	2022-05-26 18:03:28.478098+00
01027	MA	105590	(42.26,-72.68)	2022-05-26 18:03:28.486383+00	2022-05-26 18:03:28.486383+00
01026	MA	5097	(42.46,-72.9)	2022-05-26 18:03:28.486592+00	2022-05-26 18:03:28.486592+00
01030	MA	68409	(42.06,-72.67)	2022-05-26 18:03:28.48688+00	2022-05-26 18:03:28.48688+00
01031	MA	4468	(42.33,-72.2)	2022-05-26 18:03:28.486899+00	2022-05-26 18:03:28.486899+00
01029	MA	0	(42.17,-73.03)	2022-05-26 18:03:28.487031+00	2022-05-26 18:03:28.487031+00
01008	MA	7667	(42.18,-72.93)	2022-05-26 18:03:28.486873+00	2022-05-26 18:03:28.486873+00
01032	MA	2498	(42.46,-72.81)	2022-05-26 18:03:28.48798+00	2022-05-26 18:03:28.48798+00
01028	MA	129755	(42.06,-72.51)	2022-05-26 18:03:28.486535+00	2022-05-26 18:03:28.486535+00
01007	MA	103396	(42.27,-72.4)	2022-05-26 18:03:28.487726+00	2022-05-26 18:03:28.487726+00
01033	MA	39338	(42.26,-72.52)	2022-05-26 18:03:28.488955+00	2022-05-26 18:03:28.488955+00
01037	MA	0	(42.35,-72.2)	2022-05-26 18:03:28.489589+00	2022-05-26 18:03:28.489589+00
01035	MA	36097	(42.35,-72.58)	2022-05-26 18:03:28.489741+00	2022-05-26 18:03:28.489741+00
01036	MA	38625	(42.06,-72.41)	2022-05-26 18:03:28.489745+00	2022-05-26 18:03:28.489745+00
01034	MA	12322	(42.06,-72.86)	2022-05-26 18:03:28.489724+00	2022-05-26 18:03:28.489724+00
01038	MA	18606	(42.37,-72.6)	2022-05-26 18:03:28.490822+00	2022-05-26 18:03:28.490822+00
01005	MA	24883	(42.42,-72.1)	2022-05-26 18:03:28.490543+00	2022-05-26 18:03:28.490543+00
01040	MA	131177	(42.21,-72.64)	2022-05-26 18:03:28.491492+00	2022-05-26 18:03:28.491492+00
01039	MA	11083	(42.39,-72.7)	2022-05-26 18:03:28.491573+00	2022-05-26 18:03:28.491573+00
01041	MA	0	(42.21,-72.64)	2022-05-26 18:03:28.491766+00	2022-05-26 18:03:28.491766+00
01050	MA	12978	(42.23,-72.88)	2022-05-26 18:03:28.492124+00	2022-05-26 18:03:28.492124+00
01056	MA	115904	(42.16,-72.48)	2022-05-26 18:03:28.492838+00	2022-05-26 18:03:28.492838+00
01054	MA	16023	(42.45,-72.5)	2022-05-26 18:03:28.492886+00	2022-05-26 18:03:28.492886+00
01053	MA	11836	(42.35,-72.71)	2022-05-26 18:03:28.492576+00	2022-05-26 18:03:28.492576+00
01059	MA	0	(42.4,-72.52)	2022-05-26 18:03:28.493559+00	2022-05-26 18:03:28.493559+00
01057	MA	50505	(42.09,-72.31)	2022-05-26 18:03:28.493813+00	2022-05-26 18:03:28.493813+00
01060	MA	102735	(42.32,-72.63)	2022-05-26 18:03:28.49393+00	2022-05-26 18:03:28.49393+00
01062	MA	83229	(42.32,-72.67)	2022-05-26 18:03:28.4941+00	2022-05-26 18:03:28.4941+00
01063	MA	0	(42.32,-72.64)	2022-05-26 18:03:28.49437+00	2022-05-26 18:03:28.49437+00
01061	MA	0	(42.32,-72.67)	2022-05-26 18:03:28.493807+00	2022-05-26 18:03:28.493807+00
01066	MA	0	(42.41,-72.66)	2022-05-26 18:03:28.495063+00	2022-05-26 18:03:28.495063+00
01068	MA	12012	(42.35,-72.05)	2022-05-26 18:03:28.495501+00	2022-05-26 18:03:28.495501+00
01069	MA	45510	(42.16,-72.32)	2022-05-26 18:03:28.495615+00	2022-05-26 18:03:28.495615+00
01070	MA	3039	(42.51,-72.91)	2022-05-26 18:03:28.495678+00	2022-05-26 18:03:28.495678+00
01071	MA	8377	(42.18,-72.85)	2022-05-26 18:03:28.496378+00	2022-05-26 18:03:28.496378+00
01074	MA	0	(42.39,-72.09)	2022-05-26 18:03:28.49729+00	2022-05-26 18:03:28.49729+00
01075	MA	107068	(42.26,-72.56)	2022-05-26 18:03:28.497279+00	2022-05-26 18:03:28.497279+00
01073	MA	47352	(42.23,-72.73)	2022-05-26 18:03:28.497282+00	2022-05-26 18:03:28.497282+00
01079	MA	0	(42.2,-72.33)	2022-05-26 18:03:28.49806+00	2022-05-26 18:03:28.49806+00
01077	MA	66040	(42.05,-72.76)	2022-05-26 18:03:28.498331+00	2022-05-26 18:03:28.498331+00
01080	MA	8946	(42.18,-72.37)	2022-05-26 18:03:28.498393+00	2022-05-26 18:03:28.498393+00
01072	MA	9721	(42.45,-72.4)	2022-05-26 18:03:28.498619+00	2022-05-26 18:03:28.498619+00
01081	MA	8097	(42.06,-72.21)	2022-05-26 18:03:28.499226+00	2022-05-26 18:03:28.499226+00
01085	MA	212444	(42.13,-72.75)	2022-05-26 18:03:28.499712+00	2022-05-26 18:03:28.499712+00
01084	MA	0	(42.39,-72.88)	2022-05-26 18:03:28.499717+00	2022-05-26 18:03:28.499717+00
01083	MA	0	(42.21,-72.19)	2022-05-26 18:03:28.49977+00	2022-05-26 18:03:28.49977+00
01082	MA	46542	(42.25,-72.24)	2022-05-26 18:03:28.499805+00	2022-05-26 18:03:28.499805+00
01086	MA	0	(42.13,-72.79)	2022-05-26 18:03:28.499859+00	2022-05-26 18:03:28.499859+00
01088	MA	3453	(42.39,-72.64)	2022-05-26 18:03:28.500673+00	2022-05-26 18:03:28.500673+00
01089	MA	143418	(42.12,-72.65)	2022-05-26 18:03:28.500651+00	2022-05-26 18:03:28.500651+00
01090	MA	0	(42.12,-72.65)	2022-05-26 18:03:28.501927+00	2022-05-26 18:03:28.501927+00
01092	MA	0	(42.19,-72.24)	2022-05-26 18:03:28.502153+00	2022-05-26 18:03:28.502153+00
01098	MA	6990	(42.41,-72.93)	2022-05-26 18:03:28.503057+00	2022-05-26 18:03:28.503057+00
01094	MA	0	(42.35,-72.14)	2022-05-26 18:03:28.503139+00	2022-05-26 18:03:28.503139+00
01096	MA	16411	(42.4,-72.76)	2022-05-26 18:03:28.503025+00	2022-05-26 18:03:28.503025+00
01101	MA	0	(42.11,-72.53)	2022-05-26 18:03:28.503177+00	2022-05-26 18:03:28.503177+00
01097	MA	0	(42.18,-72.83)	2022-05-26 18:03:28.503183+00	2022-05-26 18:03:28.503183+00
01095	MA	133898	(42.13,-72.43)	2022-05-26 18:03:28.503463+00	2022-05-26 18:03:28.503463+00
01093	MA	0	(42.44,-72.65)	2022-05-26 18:03:28.503233+00	2022-05-26 18:03:28.503233+00
01102	MA	0	(42.11,-72.53)	2022-05-26 18:03:28.504172+00	2022-05-26 18:03:28.504172+00
01103	MA	7500	(42.1,-72.59)	2022-05-26 18:03:28.504449+00	2022-05-26 18:03:28.504449+00
01105	MA	17273	(42.1,-72.58)	2022-05-26 18:03:28.50514+00	2022-05-26 18:03:28.50514+00
01104	MA	64690	(42.13,-72.57)	2022-05-26 18:03:28.505127+00	2022-05-26 18:03:28.505127+00
01107	MA	22891	(42.12,-72.61)	2022-05-26 18:03:28.506213+00	2022-05-26 18:03:28.506213+00
01115	MA	0	(42.11,-72.53)	2022-05-26 18:03:28.506153+00	2022-05-26 18:03:28.506153+00
01109	MA	66323	(42.11,-72.53)	2022-05-26 18:03:28.506324+00	2022-05-26 18:03:28.506324+00
01118	MA	66293	(42.09,-72.53)	2022-05-26 18:03:28.506608+00	2022-05-26 18:03:28.506608+00
01106	MA	215209	(42.04,-72.57)	2022-05-26 18:03:28.506665+00	2022-05-26 18:03:28.506665+00
01116	MA	0	(42.04,-72.57)	2022-05-26 18:03:28.506683+00	2022-05-26 18:03:28.506683+00
01108	MA	73942	(42.08,-72.56)	2022-05-26 18:03:28.506757+00	2022-05-26 18:03:28.506757+00
01111	MA	0	(42.11,-72.53)	2022-05-26 18:03:28.506468+00	2022-05-26 18:03:28.506468+00
01119	MA	46384	(42.12,-72.51)	2022-05-26 18:03:28.506954+00	2022-05-26 18:03:28.506954+00
01128	MA	14775	(42.09,-72.49)	2022-05-26 18:03:28.507374+00	2022-05-26 18:03:28.507374+00
01129	MA	32342	(42.12,-72.49)	2022-05-26 18:03:28.50803+00	2022-05-26 18:03:28.50803+00
01151	MA	24538	(42.15,-72.51)	2022-05-26 18:03:28.508476+00	2022-05-26 18:03:28.508476+00
01138	MA	0	(42.11,-72.53)	2022-05-26 18:03:28.508508+00	2022-05-26 18:03:28.508508+00
01144	MA	0	(42.11,-72.53)	2022-05-26 18:03:28.50849+00	2022-05-26 18:03:28.50849+00
01139	MA	0	(42.11,-72.53)	2022-05-26 18:03:28.508765+00	2022-05-26 18:03:28.508765+00
01201	MA	213668	(42.45,-73.26)	2022-05-26 18:03:28.508796+00	2022-05-26 18:03:28.508796+00
01202	MA	0	(42.45,-73.26)	2022-05-26 18:03:28.508816+00	2022-05-26 18:03:28.508816+00
01203	MA	0	(42.45,-73.26)	2022-05-26 18:03:28.508878+00	2022-05-26 18:03:28.508878+00
01152	MA	0	(42.11,-72.53)	2022-05-26 18:03:28.508887+00	2022-05-26 18:03:28.508887+00
01199	MA	0	(42.12,-72.6)	2022-05-26 18:03:28.50877+00	2022-05-26 18:03:28.50877+00
01220	MA	34513	(42.62,-73.11)	2022-05-26 18:03:28.509666+00	2022-05-26 18:03:28.509666+00
01222	MA	3502	(42.05,-73.33)	2022-05-26 18:03:28.510334+00	2022-05-26 18:03:28.510334+00
01223	MA	14036	(42.33,-73.07)	2022-05-26 18:03:28.510362+00	2022-05-26 18:03:28.510362+00
00000	NA	0	(0,0)	2022-05-26 18:03:28.511637+00	2022-05-26 18:03:28.511637+00
9001	AE	1000000	(0,0)	2022-05-26 18:03:29.209926+00	2022-05-26 18:03:29.209926+00
9002	AE	1000000	(0,0)	2022-05-26 18:03:29.209926+00	2022-05-26 18:03:29.209926+00
9003	AE	1000000	(0,0)	2022-05-26 18:03:29.209926+00	2022-05-26 18:03:29.209926+00
9004	AE	1000000	(0,0)	2022-05-26 18:03:29.209926+00	2022-05-26 18:03:29.209926+00
9005	AE	1000000	(0,0)	2022-05-26 18:03:29.209926+00	2022-05-26 18:03:29.209926+00
9006	AE	1000000	(0,0)	2022-05-26 18:03:29.209926+00	2022-05-26 18:03:29.209926+00
9008	AE	1000000	(0,0)	2022-05-26 18:03:29.209926+00	2022-05-26 18:03:29.209926+00
9009	AE	1000000	(0,0)	2022-05-26 18:03:29.209926+00	2022-05-26 18:03:29.209926+00
9010	AE	1000000	(0,0)	2022-05-26 18:03:29.209926+00	2022-05-26 18:03:29.209926+00
9011	AE	1000000	(0,0)	2022-05-26 18:03:29.209926+00	2022-05-26 18:03:29.209926+00
9012	AE	1000000	(0,0)	2022-05-26 18:03:29.209926+00	2022-05-26 18:03:29.209926+00
9013	AE	1000000	(0,0)	2022-05-26 18:03:29.209926+00	2022-05-26 18:03:29.209926+00
9014	AE	1000000	(0,0)	2022-05-26 18:03:29.209926+00	2022-05-26 18:03:29.209926+00
9015	AE	1000000	(0,0)	2022-05-26 18:03:29.209926+00	2022-05-26 18:03:29.209926+00
9016	AE	1000000	(0,0)	2022-05-26 18:03:29.209926+00	2022-05-26 18:03:29.209926+00
9017	AE	1000000	(0,0)	2022-05-26 18:03:29.209926+00	2022-05-26 18:03:29.209926+00
9018	AE	1000000	(0,0)	2022-05-26 18:03:29.209926+00	2022-05-26 18:03:29.209926+00
9020	AE	1000000	(0,0)	2022-05-26 18:03:29.209926+00	2022-05-26 18:03:29.209926+00
9021	AE	1000000	(0,0)	2022-05-26 18:03:29.209926+00	2022-05-26 18:03:29.209926+00
9034	AE	1000000	(0,0)	2022-05-26 18:03:29.209926+00	2022-05-26 18:03:29.209926+00
9044	AE	1000000	(0,0)	2022-05-26 18:03:29.209926+00	2022-05-26 18:03:29.209926+00
9046	AE	1000000	(0,0)	2022-05-26 18:03:29.209926+00	2022-05-26 18:03:29.209926+00
9049	AE	1000000	(0,0)	2022-05-26 18:03:29.209926+00	2022-05-26 18:03:29.209926+00
9053	AE	1000000	(0,0)	2022-05-26 18:03:29.209926+00	2022-05-26 18:03:29.209926+00
9055	AE	1000000	(0,0)	2022-05-26 18:03:29.209926+00	2022-05-26 18:03:29.209926+00
9060	AE	1000000	(0,0)	2022-05-26 18:03:29.209926+00	2022-05-26 18:03:29.209926+00
9067	AE	1000000	(0,0)	2022-05-26 18:03:29.209926+00	2022-05-26 18:03:29.209926+00
9068	AE	1000000	(0,0)	2022-05-26 18:03:29.209926+00	2022-05-26 18:03:29.209926+00
9069	AE	1000000	(0,0)	2022-05-26 18:03:29.209926+00	2022-05-26 18:03:29.209926+00
9079	AE	1000000	(0,0)	2022-05-26 18:03:29.209926+00	2022-05-26 18:03:29.209926+00
9094	AE	1000000	(0,0)	2022-05-26 18:03:29.209926+00	2022-05-26 18:03:29.209926+00
9095	AE	1000000	(0,0)	2022-05-26 18:03:29.209926+00	2022-05-26 18:03:29.209926+00
9096	AE	1000000	(0,0)	2022-05-26 18:03:29.209926+00	2022-05-26 18:03:29.209926+00
9103	AE	1000000	(0,0)	2022-05-26 18:03:29.209926+00	2022-05-26 18:03:29.209926+00
9104	AE	1000000	(0,0)	2022-05-26 18:03:29.209926+00	2022-05-26 18:03:29.209926+00
9107	AE	1000000	(0,0)	2022-05-26 18:03:29.209926+00	2022-05-26 18:03:29.209926+00
9112	AE	1000000	(0,0)	2022-05-26 18:03:29.209926+00	2022-05-26 18:03:29.209926+00
9113	AE	1000000	(0,0)	2022-05-26 18:03:29.209926+00	2022-05-26 18:03:29.209926+00
9114	AE	1000000	(0,0)	2022-05-26 18:03:29.209926+00	2022-05-26 18:03:29.209926+00
9115	AE	1000000	(0,0)	2022-05-26 18:03:29.209926+00	2022-05-26 18:03:29.209926+00
9116	AE	1000000	(0,0)	2022-05-26 18:03:29.209926+00	2022-05-26 18:03:29.209926+00
9123	AE	1000000	(0,0)	2022-05-26 18:03:29.209926+00	2022-05-26 18:03:29.209926+00
9125	AE	1000000	(0,0)	2022-05-26 18:03:29.209926+00	2022-05-26 18:03:29.209926+00
9126	AE	1000000	(0,0)	2022-05-26 18:03:29.209926+00	2022-05-26 18:03:29.209926+00
9128	AE	1000000	(0,0)	2022-05-26 18:03:29.209926+00	2022-05-26 18:03:29.209926+00
9131	AE	1000000	(0,0)	2022-05-26 18:03:29.209926+00	2022-05-26 18:03:29.209926+00
9135	AE	1000000	(0,0)	2022-05-26 18:03:29.209926+00	2022-05-26 18:03:29.209926+00
9136	AE	1000000	(0,0)	2022-05-26 18:03:29.209926+00	2022-05-26 18:03:29.209926+00
9138	AE	1000000	(0,0)	2022-05-26 18:03:29.209926+00	2022-05-26 18:03:29.209926+00
9139	AE	1000000	(0,0)	2022-05-26 18:03:29.209926+00	2022-05-26 18:03:29.209926+00
9140	AE	1000000	(0,0)	2022-05-26 18:03:29.209926+00	2022-05-26 18:03:29.209926+00
9142	AE	1000000	(0,0)	2022-05-26 18:03:29.209926+00	2022-05-26 18:03:29.209926+00
9154	AE	1000000	(0,0)	2022-05-26 18:03:29.209926+00	2022-05-26 18:03:29.209926+00
9160	AE	1000000	(0,0)	2022-05-26 18:03:29.209926+00	2022-05-26 18:03:29.209926+00
9170	AE	1000000	(0,0)	2022-05-26 18:03:29.209926+00	2022-05-26 18:03:29.209926+00
9171	AE	1000000	(0,0)	2022-05-26 18:03:29.209926+00	2022-05-26 18:03:29.209926+00
9172	AE	1000000	(0,0)	2022-05-26 18:03:29.209926+00	2022-05-26 18:03:29.209926+00
9173	AE	1000000	(0,0)	2022-05-26 18:03:29.209926+00	2022-05-26 18:03:29.209926+00
9174	AE	1000000	(0,0)	2022-05-26 18:03:29.209926+00	2022-05-26 18:03:29.209926+00
9175	AE	1000000	(0,0)	2022-05-26 18:03:29.209926+00	2022-05-26 18:03:29.209926+00
9176	AE	1000000	(0,0)	2022-05-26 18:03:29.209926+00	2022-05-26 18:03:29.209926+00
9177	AE	1000000	(0,0)	2022-05-26 18:03:29.209926+00	2022-05-26 18:03:29.209926+00
9178	AE	1000000	(0,0)	2022-05-26 18:03:29.209926+00	2022-05-26 18:03:29.209926+00
9180	AE	1000000	(0,0)	2022-05-26 18:03:29.209926+00	2022-05-26 18:03:29.209926+00
9186	AE	1000000	(0,0)	2022-05-26 18:03:29.209926+00	2022-05-26 18:03:29.209926+00
9203	AE	1000000	(0,0)	2022-05-26 18:03:29.209926+00	2022-05-26 18:03:29.209926+00
9204	AE	1000000	(0,0)	2022-05-26 18:03:29.209926+00	2022-05-26 18:03:29.209926+00
9211	AE	1000000	(0,0)	2022-05-26 18:03:29.209926+00	2022-05-26 18:03:29.209926+00
9213	AE	1000000	(0,0)	2022-05-26 18:03:29.209926+00	2022-05-26 18:03:29.209926+00
9214	AE	1000000	(0,0)	2022-05-26 18:03:29.209926+00	2022-05-26 18:03:29.209926+00
9216	AE	1000000	(0,0)	2022-05-26 18:03:29.209926+00	2022-05-26 18:03:29.209926+00
9226	AE	1000000	(0,0)	2022-05-26 18:03:29.209926+00	2022-05-26 18:03:29.209926+00
9227	AE	1000000	(0,0)	2022-05-26 18:03:29.209926+00	2022-05-26 18:03:29.209926+00
9240	AE	1000000	(0,0)	2022-05-26 18:03:29.209926+00	2022-05-26 18:03:29.209926+00
9241	AE	1000000	(0,0)	2022-05-26 18:03:29.209926+00	2022-05-26 18:03:29.209926+00
9242	AE	1000000	(0,0)	2022-05-26 18:03:29.209926+00	2022-05-26 18:03:29.209926+00
9250	AE	1000000	(0,0)	2022-05-26 18:03:29.209926+00	2022-05-26 18:03:29.209926+00
9261	AE	1000000	(0,0)	2022-05-26 18:03:29.209926+00	2022-05-26 18:03:29.209926+00
9263	AE	1000000	(0,0)	2022-05-26 18:03:29.209926+00	2022-05-26 18:03:29.209926+00
9264	AE	1000000	(0,0)	2022-05-26 18:03:29.209926+00	2022-05-26 18:03:29.209926+00
9265	AE	1000000	(0,0)	2022-05-26 18:03:29.209926+00	2022-05-26 18:03:29.209926+00
9266	AE	1000000	(0,0)	2022-05-26 18:03:29.209926+00	2022-05-26 18:03:29.209926+00
9276	AE	1000000	(0,0)	2022-05-26 18:03:29.209926+00	2022-05-26 18:03:29.209926+00
9277	AE	1000000	(0,0)	2022-05-26 18:03:29.209926+00	2022-05-26 18:03:29.209926+00
9278	AE	1000000	(0,0)	2022-05-26 18:03:29.209926+00	2022-05-26 18:03:29.209926+00
9279	AE	1000000	(0,0)	2022-05-26 18:03:29.209926+00	2022-05-26 18:03:29.209926+00
9283	AE	1000000	(0,0)	2022-05-26 18:03:29.209926+00	2022-05-26 18:03:29.209926+00
9285	AE	1000000	(0,0)	2022-05-26 18:03:29.209926+00	2022-05-26 18:03:29.209926+00
9287	AE	1000000	(0,0)	2022-05-26 18:03:29.209926+00	2022-05-26 18:03:29.209926+00
9289	AE	1000000	(0,0)	2022-05-26 18:03:29.209926+00	2022-05-26 18:03:29.209926+00
9290	AE	1000000	(0,0)	2022-05-26 18:03:29.209926+00	2022-05-26 18:03:29.209926+00
9291	AE	1000000	(0,0)	2022-05-26 18:03:29.209926+00	2022-05-26 18:03:29.209926+00
9292	AE	1000000	(0,0)	2022-05-26 18:03:29.209926+00	2022-05-26 18:03:29.209926+00
9301	AE	1000000	(0,0)	2022-05-26 18:03:29.209926+00	2022-05-26 18:03:29.209926+00
9302	AE	1000000	(0,0)	2022-05-26 18:03:29.209926+00	2022-05-26 18:03:29.209926+00
9304	AE	1000000	(0,0)	2022-05-26 18:03:29.209926+00	2022-05-26 18:03:29.209926+00
9305	AE	1000000	(0,0)	2022-05-26 18:03:29.209926+00	2022-05-26 18:03:29.209926+00
9306	AE	1000000	(0,0)	2022-05-26 18:03:29.209926+00	2022-05-26 18:03:29.209926+00
9307	AE	1000000	(0,0)	2022-05-26 18:03:29.209926+00	2022-05-26 18:03:29.209926+00
9309	AE	1000000	(0,0)	2022-05-26 18:03:29.209926+00	2022-05-26 18:03:29.209926+00
9310	AE	1000000	(0,0)	2022-05-26 18:03:29.209926+00	2022-05-26 18:03:29.209926+00
9311	AE	1000000	(0,0)	2022-05-26 18:03:29.209926+00	2022-05-26 18:03:29.209926+00
9312	AE	1000000	(0,0)	2022-05-26 18:03:29.209926+00	2022-05-26 18:03:29.209926+00
9313	AE	1000000	(0,0)	2022-05-26 18:03:29.209926+00	2022-05-26 18:03:29.209926+00
9315	AE	1000000	(0,0)	2022-05-26 18:03:29.209926+00	2022-05-26 18:03:29.209926+00
9316	AE	1000000	(0,0)	2022-05-26 18:03:29.209926+00	2022-05-26 18:03:29.209926+00
9317	AE	1000000	(0,0)	2022-05-26 18:03:29.209926+00	2022-05-26 18:03:29.209926+00
9318	AE	1000000	(0,0)	2022-05-26 18:03:29.209926+00	2022-05-26 18:03:29.209926+00
9319	AE	1000000	(0,0)	2022-05-26 18:03:29.209926+00	2022-05-26 18:03:29.209926+00
9320	AE	1000000	(0,0)	2022-05-26 18:03:29.209926+00	2022-05-26 18:03:29.209926+00
9321	AE	1000000	(0,0)	2022-05-26 18:03:29.209926+00	2022-05-26 18:03:29.209926+00
9322	AE	1000000	(0,0)	2022-05-26 18:03:29.209926+00	2022-05-26 18:03:29.209926+00
9323	AE	1000000	(-44.25,33.53)	2022-05-26 18:03:29.209926+00	2022-05-26 18:03:29.209926+00
9330	AE	1000000	(0,0)	2022-05-26 18:03:29.209926+00	2022-05-26 18:03:29.209926+00
9333	AE	1000000	(0,0)	2022-05-26 18:03:29.209926+00	2022-05-26 18:03:29.209926+00
9337	AE	1000000	(0,0)	2022-05-26 18:03:29.209926+00	2022-05-26 18:03:29.209926+00
9340	AE	1000000	(0,0)	2022-05-26 18:03:29.209926+00	2022-05-26 18:03:29.209926+00
9343	AE	1000000	(0,0)	2022-05-26 18:03:29.209926+00	2022-05-26 18:03:29.209926+00
9347	AE	1000000	(0,0)	2022-05-26 18:03:29.209926+00	2022-05-26 18:03:29.209926+00
9348	AE	1000000	(0,0)	2022-05-26 18:03:29.209926+00	2022-05-26 18:03:29.209926+00
9351	AE	1000000	(0,0)	2022-05-26 18:03:29.209926+00	2022-05-26 18:03:29.209926+00
9352	AE	1000000	(0,0)	2022-05-26 18:03:29.209926+00	2022-05-26 18:03:29.209926+00
9354	AE	1000000	(0,0)	2022-05-26 18:03:29.209926+00	2022-05-26 18:03:29.209926+00
9355	AE	1000000	(0,0)	2022-05-26 18:03:29.209926+00	2022-05-26 18:03:29.209926+00
9356	AE	1000000	(0,0)	2022-05-26 18:03:29.209926+00	2022-05-26 18:03:29.209926+00
9357	AE	1000000	(0,0)	2022-05-26 18:03:29.209926+00	2022-05-26 18:03:29.209926+00
9363	AE	1000000	(0,0)	2022-05-26 18:03:29.209926+00	2022-05-26 18:03:29.209926+00
9365	AE	1000000	(0,0)	2022-05-26 18:03:29.209926+00	2022-05-26 18:03:29.209926+00
9366	AE	1000000	(0,0)	2022-05-26 18:03:29.209926+00	2022-05-26 18:03:29.209926+00
9378	AE	1000000	(0,0)	2022-05-26 18:03:29.209926+00	2022-05-26 18:03:29.209926+00
9381	AE	1000000	(0,0)	2022-05-26 18:03:29.209926+00	2022-05-26 18:03:29.209926+00
9401	AE	1000000	(0,0)	2022-05-26 18:03:29.209926+00	2022-05-26 18:03:29.209926+00
9403	AE	1000000	(0,0)	2022-05-26 18:03:29.209926+00	2022-05-26 18:03:29.209926+00
9410	AE	1000000	(0,0)	2022-05-26 18:03:29.209926+00	2022-05-26 18:03:29.209926+00
9421	AE	1000000	(0,0)	2022-05-26 18:03:29.209926+00	2022-05-26 18:03:29.209926+00
9447	AE	1000000	(0,0)	2022-05-26 18:03:29.209926+00	2022-05-26 18:03:29.209926+00
9454	AE	1000000	(0,0)	2022-05-26 18:03:29.209926+00	2022-05-26 18:03:29.209926+00
9456	AE	1000000	(0,0)	2022-05-26 18:03:29.209926+00	2022-05-26 18:03:29.209926+00
9459	AE	1000000	(0,0)	2022-05-26 18:03:29.209926+00	2022-05-26 18:03:29.209926+00
9461	AE	1000000	(0,0)	2022-05-26 18:03:29.209926+00	2022-05-26 18:03:29.209926+00
9463	AE	1000000	(0,0)	2022-05-26 18:03:29.209926+00	2022-05-26 18:03:29.209926+00
9464	AE	1000000	(0,0)	2022-05-26 18:03:29.209926+00	2022-05-26 18:03:29.209926+00
9467	AE	1000000	(0,0)	2022-05-26 18:03:29.209926+00	2022-05-26 18:03:29.209926+00
9468	AE	1000000	(0,0)	2022-05-26 18:03:29.209926+00	2022-05-26 18:03:29.209926+00
9469	AE	1000000	(0,0)	2022-05-26 18:03:29.209926+00	2022-05-26 18:03:29.209926+00
9470	AE	1000000	(0,0)	2022-05-26 18:03:29.209926+00	2022-05-26 18:03:29.209926+00
9487	AE	1000000	(0,0)	2022-05-26 18:03:29.209926+00	2022-05-26 18:03:29.209926+00
9488	AE	1000000	(0,0)	2022-05-26 18:03:29.209926+00	2022-05-26 18:03:29.209926+00
9489	AE	1000000	(0,0)	2022-05-26 18:03:29.209926+00	2022-05-26 18:03:29.209926+00
9490	AE	1000000	(0,0)	2022-05-26 18:03:29.209926+00	2022-05-26 18:03:29.209926+00
9491	AE	1000000	(0,0)	2022-05-26 18:03:29.209926+00	2022-05-26 18:03:29.209926+00
9494	AE	1000000	(0,0)	2022-05-26 18:03:29.209926+00	2022-05-26 18:03:29.209926+00
9496	AE	1000000	(0,0)	2022-05-26 18:03:29.209926+00	2022-05-26 18:03:29.209926+00
9497	AE	1000000	(0,0)	2022-05-26 18:03:29.209926+00	2022-05-26 18:03:29.209926+00
9498	AE	1000000	(0,0)	2022-05-26 18:03:29.209926+00	2022-05-26 18:03:29.209926+00
9501	AE	1000000	(0,0)	2022-05-26 18:03:29.209926+00	2022-05-26 18:03:29.209926+00
9502	AE	1000000	(0,0)	2022-05-26 18:03:29.209926+00	2022-05-26 18:03:29.209926+00
9503	AE	1000000	(0,0)	2022-05-26 18:03:29.209926+00	2022-05-26 18:03:29.209926+00
9504	AE	1000000	(0,0)	2022-05-26 18:03:29.209926+00	2022-05-26 18:03:29.209926+00
9505	AE	1000000	(0,0)	2022-05-26 18:03:29.209926+00	2022-05-26 18:03:29.209926+00
9506	AE	1000000	(0,0)	2022-05-26 18:03:29.209926+00	2022-05-26 18:03:29.209926+00
9507	AE	1000000	(0,0)	2022-05-26 18:03:29.209926+00	2022-05-26 18:03:29.209926+00
9508	AE	1000000	(0,0)	2022-05-26 18:03:29.209926+00	2022-05-26 18:03:29.209926+00
9509	AE	1000000	(0,0)	2022-05-26 18:03:29.209926+00	2022-05-26 18:03:29.209926+00
9510	AE	1000000	(0,0)	2022-05-26 18:03:29.209926+00	2022-05-26 18:03:29.209926+00
9511	AE	1000000	(0,0)	2022-05-26 18:03:29.209926+00	2022-05-26 18:03:29.209926+00
9512	AE	1000000	(0,0)	2022-05-26 18:03:29.209926+00	2022-05-26 18:03:29.209926+00
9513	AE	1000000	(0,0)	2022-05-26 18:03:29.209926+00	2022-05-26 18:03:29.209926+00
9514	AE	1000000	(0,0)	2022-05-26 18:03:29.209926+00	2022-05-26 18:03:29.209926+00
9517	AE	1000000	(0,0)	2022-05-26 18:03:29.209926+00	2022-05-26 18:03:29.209926+00
9520	AE	1000000	(0,0)	2022-05-26 18:03:29.209926+00	2022-05-26 18:03:29.209926+00
9522	AE	1000000	(0,0)	2022-05-26 18:03:29.209926+00	2022-05-26 18:03:29.209926+00
9523	AE	1000000	(0,0)	2022-05-26 18:03:29.209926+00	2022-05-26 18:03:29.209926+00
9524	AE	1000000	(0,0)	2022-05-26 18:03:29.209926+00	2022-05-26 18:03:29.209926+00
9532	AE	1000000	(0,0)	2022-05-26 18:03:29.209926+00	2022-05-26 18:03:29.209926+00
9533	AE	1000000	(0,0)	2022-05-26 18:03:29.209926+00	2022-05-26 18:03:29.209926+00
9534	AE	1000000	(0,0)	2022-05-26 18:03:29.209926+00	2022-05-26 18:03:29.209926+00
9541	AE	1000000	(0,0)	2022-05-26 18:03:29.209926+00	2022-05-26 18:03:29.209926+00
9542	AE	1000000	(0,0)	2022-05-26 18:03:29.209926+00	2022-05-26 18:03:29.209926+00
9543	AE	1000000	(0,0)	2022-05-26 18:03:29.209926+00	2022-05-26 18:03:29.209926+00
9544	AE	1000000	(0,0)	2022-05-26 18:03:29.209926+00	2022-05-26 18:03:29.209926+00
9545	AE	1000000	(0,0)	2022-05-26 18:03:29.209926+00	2022-05-26 18:03:29.209926+00
9550	AE	1000000	(0,0)	2022-05-26 18:03:29.209926+00	2022-05-26 18:03:29.209926+00
9554	AE	1000000	(0,0)	2022-05-26 18:03:29.209926+00	2022-05-26 18:03:29.209926+00
9556	AE	1000000	(0,0)	2022-05-26 18:03:29.209926+00	2022-05-26 18:03:29.209926+00
9564	AE	1000000	(0,0)	2022-05-26 18:03:29.209926+00	2022-05-26 18:03:29.209926+00
9565	AE	1000000	(0,0)	2022-05-26 18:03:29.209926+00	2022-05-26 18:03:29.209926+00
9566	AE	1000000	(0,0)	2022-05-26 18:03:29.209926+00	2022-05-26 18:03:29.209926+00
9567	AE	1000000	(0,0)	2022-05-26 18:03:29.209926+00	2022-05-26 18:03:29.209926+00
9568	AE	1000000	(0,0)	2022-05-26 18:03:29.209926+00	2022-05-26 18:03:29.209926+00
9569	AE	1000000	(0,0)	2022-05-26 18:03:29.209926+00	2022-05-26 18:03:29.209926+00
9570	AE	1000000	(0,0)	2022-05-26 18:03:29.209926+00	2022-05-26 18:03:29.209926+00
9573	AE	1000000	(0,0)	2022-05-26 18:03:29.209926+00	2022-05-26 18:03:29.209926+00
9574	AE	1000000	(0,0)	2022-05-26 18:03:29.209926+00	2022-05-26 18:03:29.209926+00
9575	AE	1000000	(0,0)	2022-05-26 18:03:29.209926+00	2022-05-26 18:03:29.209926+00
9576	AE	1000000	(0,0)	2022-05-26 18:03:29.209926+00	2022-05-26 18:03:29.209926+00
9577	AE	1000000	(0,0)	2022-05-26 18:03:29.209926+00	2022-05-26 18:03:29.209926+00
9578	AE	1000000	(0,0)	2022-05-26 18:03:29.209926+00	2022-05-26 18:03:29.209926+00
9579	AE	1000000	(0,0)	2022-05-26 18:03:29.209926+00	2022-05-26 18:03:29.209926+00
9581	AE	1000000	(0,0)	2022-05-26 18:03:29.209926+00	2022-05-26 18:03:29.209926+00
9582	AE	1000000	(0,0)	2022-05-26 18:03:29.209926+00	2022-05-26 18:03:29.209926+00
9583	AE	1000000	(0,0)	2022-05-26 18:03:29.209926+00	2022-05-26 18:03:29.209926+00
9586	AE	1000000	(0,0)	2022-05-26 18:03:29.209926+00	2022-05-26 18:03:29.209926+00
9587	AE	1000000	(0,0)	2022-05-26 18:03:29.209926+00	2022-05-26 18:03:29.209926+00
9588	AE	1000000	(0,0)	2022-05-26 18:03:29.209926+00	2022-05-26 18:03:29.209926+00
9589	AE	1000000	(0,0)	2022-05-26 18:03:29.209926+00	2022-05-26 18:03:29.209926+00
9590	AE	1000000	(0,0)	2022-05-26 18:03:29.209926+00	2022-05-26 18:03:29.209926+00
9591	AE	1000000	(0,0)	2022-05-26 18:03:29.209926+00	2022-05-26 18:03:29.209926+00
9592	AE	1000000	(0,0)	2022-05-26 18:03:29.209926+00	2022-05-26 18:03:29.209926+00
9593	AE	1000000	(0,0)	2022-05-26 18:03:29.209926+00	2022-05-26 18:03:29.209926+00
9594	AE	1000000	(0,0)	2022-05-26 18:03:29.209926+00	2022-05-26 18:03:29.209926+00
9595	AE	1000000	(0,0)	2022-05-26 18:03:29.209926+00	2022-05-26 18:03:29.209926+00
9596	AE	1000000	(0,0)	2022-05-26 18:03:29.209926+00	2022-05-26 18:03:29.209926+00
9599	AE	1000000	(0,0)	2022-05-26 18:03:29.209926+00	2022-05-26 18:03:29.209926+00
9600	AE	1000000	(0,0)	2022-05-26 18:03:29.209926+00	2022-05-26 18:03:29.209926+00
9601	AE	1000000	(0,0)	2022-05-26 18:03:29.209926+00	2022-05-26 18:03:29.209926+00
9602	AE	1000000	(0,0)	2022-05-26 18:03:29.209926+00	2022-05-26 18:03:29.209926+00
9603	AE	1000000	(0,0)	2022-05-26 18:03:29.209926+00	2022-05-26 18:03:29.209926+00
9604	AE	1000000	(0,0)	2022-05-26 18:03:29.209926+00	2022-05-26 18:03:29.209926+00
9605	AE	1000000	(0,0)	2022-05-26 18:03:29.209926+00	2022-05-26 18:03:29.209926+00
9606	AE	1000000	(0,0)	2022-05-26 18:03:29.209926+00	2022-05-26 18:03:29.209926+00
9607	AE	1000000	(0,0)	2022-05-26 18:03:29.209926+00	2022-05-26 18:03:29.209926+00
9608	AE	1000000	(0,0)	2022-05-26 18:03:29.209926+00	2022-05-26 18:03:29.209926+00
9609	AE	1000000	(0,0)	2022-05-26 18:03:29.209926+00	2022-05-26 18:03:29.209926+00
9610	AE	1000000	(0,0)	2022-05-26 18:03:29.209926+00	2022-05-26 18:03:29.209926+00
9613	AE	1000000	(0,0)	2022-05-26 18:03:29.209926+00	2022-05-26 18:03:29.209926+00
9614	AE	1000000	(0,0)	2022-05-26 18:03:29.209926+00	2022-05-26 18:03:29.209926+00
9617	AE	1000000	(0,0)	2022-05-26 18:03:29.209926+00	2022-05-26 18:03:29.209926+00
9618	AE	1000000	(0,0)	2022-05-26 18:03:29.209926+00	2022-05-26 18:03:29.209926+00
9620	AE	1000000	(0,0)	2022-05-26 18:03:29.209926+00	2022-05-26 18:03:29.209926+00
9621	AE	1000000	(0,0)	2022-05-26 18:03:29.209926+00	2022-05-26 18:03:29.209926+00
9622	AE	1000000	(0,0)	2022-05-26 18:03:29.209926+00	2022-05-26 18:03:29.209926+00
9623	AE	1000000	(0,0)	2022-05-26 18:03:29.209926+00	2022-05-26 18:03:29.209926+00
9624	AE	1000000	(0,0)	2022-05-26 18:03:29.209926+00	2022-05-26 18:03:29.209926+00
9625	AE	1000000	(0,0)	2022-05-26 18:03:29.209926+00	2022-05-26 18:03:29.209926+00
9626	AE	1000000	(0,0)	2022-05-26 18:03:29.209926+00	2022-05-26 18:03:29.209926+00
9627	AE	1000000	(0,0)	2022-05-26 18:03:29.209926+00	2022-05-26 18:03:29.209926+00
9630	AE	1000000	(0,0)	2022-05-26 18:03:29.209926+00	2022-05-26 18:03:29.209926+00
9631	AE	1000000	(0,0)	2022-05-26 18:03:29.209926+00	2022-05-26 18:03:29.209926+00
9633	AE	1000000	(0,0)	2022-05-26 18:03:29.209926+00	2022-05-26 18:03:29.209926+00
9634	AE	1000000	(0,0)	2022-05-26 18:03:29.209926+00	2022-05-26 18:03:29.209926+00
9636	AE	1000000	(0,0)	2022-05-26 18:03:29.209926+00	2022-05-26 18:03:29.209926+00
9642	AE	1000000	(0,0)	2022-05-26 18:03:29.209926+00	2022-05-26 18:03:29.209926+00
9643	AE	1000000	(0,0)	2022-05-26 18:03:29.209926+00	2022-05-26 18:03:29.209926+00
9645	AE	1000000	(0,0)	2022-05-26 18:03:29.209926+00	2022-05-26 18:03:29.209926+00
9647	AE	1000000	(0,0)	2022-05-26 18:03:29.209926+00	2022-05-26 18:03:29.209926+00
9648	AE	1000000	(0,0)	2022-05-26 18:03:29.209926+00	2022-05-26 18:03:29.209926+00
9649	AE	1000000	(0,0)	2022-05-26 18:03:29.209926+00	2022-05-26 18:03:29.209926+00
9701	AE	1000000	(0,0)	2022-05-26 18:03:29.209926+00	2022-05-26 18:03:29.209926+00
9702	AE	1000000	(0,0)	2022-05-26 18:03:29.209926+00	2022-05-26 18:03:29.209926+00
9703	AE	1000000	(0,0)	2022-05-26 18:03:29.209926+00	2022-05-26 18:03:29.209926+00
9704	AE	1000000	(0,0)	2022-05-26 18:03:29.209926+00	2022-05-26 18:03:29.209926+00
9705	AE	1000000	(0,0)	2022-05-26 18:03:29.209926+00	2022-05-26 18:03:29.209926+00
9706	AE	1000000	(0,0)	2022-05-26 18:03:29.209926+00	2022-05-26 18:03:29.209926+00
9707	AE	1000000	(0,0)	2022-05-26 18:03:29.209926+00	2022-05-26 18:03:29.209926+00
9708	AE	1000000	(0,0)	2022-05-26 18:03:29.209926+00	2022-05-26 18:03:29.209926+00
9709	AE	1000000	(0,0)	2022-05-26 18:03:29.209926+00	2022-05-26 18:03:29.209926+00
9710	AE	1000000	(0,0)	2022-05-26 18:03:29.209926+00	2022-05-26 18:03:29.209926+00
9711	AE	1000000	(0,0)	2022-05-26 18:03:29.209926+00	2022-05-26 18:03:29.209926+00
9712	AE	1000000	(0,0)	2022-05-26 18:03:29.209926+00	2022-05-26 18:03:29.209926+00
9714	AE	1000000	(0,0)	2022-05-26 18:03:29.209926+00	2022-05-26 18:03:29.209926+00
9715	AE	1000000	(0,0)	2022-05-26 18:03:29.209926+00	2022-05-26 18:03:29.209926+00
9716	AE	1000000	(0,0)	2022-05-26 18:03:29.209926+00	2022-05-26 18:03:29.209926+00
9717	AE	1000000	(0,0)	2022-05-26 18:03:29.209926+00	2022-05-26 18:03:29.209926+00
9718	AE	1000000	(0,0)	2022-05-26 18:03:29.209926+00	2022-05-26 18:03:29.209926+00
9719	AE	1000000	(0,0)	2022-05-26 18:03:29.209926+00	2022-05-26 18:03:29.209926+00
9720	AE	1000000	(0,0)	2022-05-26 18:03:29.209926+00	2022-05-26 18:03:29.209926+00
9722	AE	1000000	(0,0)	2022-05-26 18:03:29.209926+00	2022-05-26 18:03:29.209926+00
9723	AE	1000000	(0,0)	2022-05-26 18:03:29.209926+00	2022-05-26 18:03:29.209926+00
9724	AE	1000000	(0,0)	2022-05-26 18:03:29.209926+00	2022-05-26 18:03:29.209926+00
9725	AE	1000000	(0,0)	2022-05-26 18:03:29.209926+00	2022-05-26 18:03:29.209926+00
9726	AE	1000000	(0,0)	2022-05-26 18:03:29.209926+00	2022-05-26 18:03:29.209926+00
9727	AE	1000000	(0,0)	2022-05-26 18:03:29.209926+00	2022-05-26 18:03:29.209926+00
9728	AE	1000000	(0,0)	2022-05-26 18:03:29.209926+00	2022-05-26 18:03:29.209926+00
9729	AE	1000000	(0,0)	2022-05-26 18:03:29.209926+00	2022-05-26 18:03:29.209926+00
9730	AE	1000000	(0,0)	2022-05-26 18:03:29.209926+00	2022-05-26 18:03:29.209926+00
9731	AE	1000000	(0,0)	2022-05-26 18:03:29.209926+00	2022-05-26 18:03:29.209926+00
9732	AE	1000000	(0,0)	2022-05-26 18:03:29.209926+00	2022-05-26 18:03:29.209926+00
9733	AE	1000000	(0,0)	2022-05-26 18:03:29.209926+00	2022-05-26 18:03:29.209926+00
9734	AE	1000000	(0,0)	2022-05-26 18:03:29.209926+00	2022-05-26 18:03:29.209926+00
9735	AE	1000000	(0,0)	2022-05-26 18:03:29.209926+00	2022-05-26 18:03:29.209926+00
9736	AE	1000000	(0,0)	2022-05-26 18:03:29.209926+00	2022-05-26 18:03:29.209926+00
9737	AE	1000000	(0,0)	2022-05-26 18:03:29.209926+00	2022-05-26 18:03:29.209926+00
9738	AE	1000000	(0,0)	2022-05-26 18:03:29.209926+00	2022-05-26 18:03:29.209926+00
9739	AE	1000000	(0,0)	2022-05-26 18:03:29.209926+00	2022-05-26 18:03:29.209926+00
9741	AE	1000000	(0,0)	2022-05-26 18:03:29.209926+00	2022-05-26 18:03:29.209926+00
9742	AE	1000000	(0,0)	2022-05-26 18:03:29.209926+00	2022-05-26 18:03:29.209926+00
9743	AE	1000000	(0,0)	2022-05-26 18:03:29.209926+00	2022-05-26 18:03:29.209926+00
9744	AE	1000000	(0,0)	2022-05-26 18:03:29.209926+00	2022-05-26 18:03:29.209926+00
9745	AE	1000000	(0,0)	2022-05-26 18:03:29.209926+00	2022-05-26 18:03:29.209926+00
9748	AE	1000000	(0,0)	2022-05-26 18:03:29.209926+00	2022-05-26 18:03:29.209926+00
9749	AE	1000000	(0,0)	2022-05-26 18:03:29.209926+00	2022-05-26 18:03:29.209926+00
9750	AE	1000000	(0,0)	2022-05-26 18:03:29.209926+00	2022-05-26 18:03:29.209926+00
9751	AE	1000000	(0,0)	2022-05-26 18:03:29.209926+00	2022-05-26 18:03:29.209926+00
9752	AE	1000000	(0,0)	2022-05-26 18:03:29.209926+00	2022-05-26 18:03:29.209926+00
9753	AE	1000000	(0,0)	2022-05-26 18:03:29.209926+00	2022-05-26 18:03:29.209926+00
9754	AE	1000000	(0,0)	2022-05-26 18:03:29.209926+00	2022-05-26 18:03:29.209926+00
9755	AE	1000000	(0,0)	2022-05-26 18:03:29.209926+00	2022-05-26 18:03:29.209926+00
9756	AE	1000000	(0,0)	2022-05-26 18:03:29.209926+00	2022-05-26 18:03:29.209926+00
9758	AE	1000000	(0,0)	2022-05-26 18:03:29.209926+00	2022-05-26 18:03:29.209926+00
9759	AE	1000000	(0,0)	2022-05-26 18:03:29.209926+00	2022-05-26 18:03:29.209926+00
9760	AE	1000000	(0,0)	2022-05-26 18:03:29.209926+00	2022-05-26 18:03:29.209926+00
9761	AE	1000000	(0,0)	2022-05-26 18:03:29.209926+00	2022-05-26 18:03:29.209926+00
9762	AE	1000000	(0,0)	2022-05-26 18:03:29.209926+00	2022-05-26 18:03:29.209926+00
9769	AE	1000000	(0,0)	2022-05-26 18:03:29.209926+00	2022-05-26 18:03:29.209926+00
9777	AE	1000000	(0,0)	2022-05-26 18:03:29.209926+00	2022-05-26 18:03:29.209926+00
9780	AE	1000000	(0,0)	2022-05-26 18:03:29.209926+00	2022-05-26 18:03:29.209926+00
9789	AE	1000000	(0,0)	2022-05-26 18:03:29.209926+00	2022-05-26 18:03:29.209926+00
9800	AE	1000000	(0,0)	2022-05-26 18:03:29.209926+00	2022-05-26 18:03:29.209926+00
9801	AE	1000000	(0,0)	2022-05-26 18:03:29.209926+00	2022-05-26 18:03:29.209926+00
9802	AE	1000000	(0,0)	2022-05-26 18:03:29.209926+00	2022-05-26 18:03:29.209926+00
9803	AE	1000000	(0,0)	2022-05-26 18:03:29.209926+00	2022-05-26 18:03:29.209926+00
9804	AE	1000000	(0,0)	2022-05-26 18:03:29.209926+00	2022-05-26 18:03:29.209926+00
9805	AE	1000000	(0,0)	2022-05-26 18:03:29.209926+00	2022-05-26 18:03:29.209926+00
9806	AE	1000000	(0,0)	2022-05-26 18:03:29.209926+00	2022-05-26 18:03:29.209926+00
9807	AE	1000000	(0,0)	2022-05-26 18:03:29.209926+00	2022-05-26 18:03:29.209926+00
9808	AE	1000000	(0,0)	2022-05-26 18:03:29.209926+00	2022-05-26 18:03:29.209926+00
9809	AE	1000000	(0,0)	2022-05-26 18:03:29.209926+00	2022-05-26 18:03:29.209926+00
9810	AE	1000000	(0,0)	2022-05-26 18:03:29.209926+00	2022-05-26 18:03:29.209926+00
9811	AE	1000000	(0,0)	2022-05-26 18:03:29.209926+00	2022-05-26 18:03:29.209926+00
9812	AE	1000000	(0,0)	2022-05-26 18:03:29.209926+00	2022-05-26 18:03:29.209926+00
9813	AE	1000000	(0,0)	2022-05-26 18:03:29.209926+00	2022-05-26 18:03:29.209926+00
9814	AE	1000000	(0,0)	2022-05-26 18:03:29.209926+00	2022-05-26 18:03:29.209926+00
9815	AE	1000000	(0,0)	2022-05-26 18:03:29.209926+00	2022-05-26 18:03:29.209926+00
9816	AE	1000000	(0,0)	2022-05-26 18:03:29.209926+00	2022-05-26 18:03:29.209926+00
9817	AE	1000000	(0,0)	2022-05-26 18:03:29.209926+00	2022-05-26 18:03:29.209926+00
9818	AE	1000000	(0,0)	2022-05-26 18:03:29.209926+00	2022-05-26 18:03:29.209926+00
9820	AE	1000000	(0,0)	2022-05-26 18:03:29.209926+00	2022-05-26 18:03:29.209926+00
9821	AE	1000000	(0,0)	2022-05-26 18:03:29.209926+00	2022-05-26 18:03:29.209926+00
9822	AE	1000000	(0,0)	2022-05-26 18:03:29.209926+00	2022-05-26 18:03:29.209926+00
9823	AE	1000000	(0,0)	2022-05-26 18:03:29.209926+00	2022-05-26 18:03:29.209926+00
9824	AE	1000000	(0,0)	2022-05-26 18:03:29.209926+00	2022-05-26 18:03:29.209926+00
9825	AE	1000000	(0,0)	2022-05-26 18:03:29.209926+00	2022-05-26 18:03:29.209926+00
9826	AE	1000000	(0,0)	2022-05-26 18:03:29.209926+00	2022-05-26 18:03:29.209926+00
9827	AE	1000000	(0,0)	2022-05-26 18:03:29.209926+00	2022-05-26 18:03:29.209926+00
9828	AE	1000000	(0,0)	2022-05-26 18:03:29.209926+00	2022-05-26 18:03:29.209926+00
9829	AE	1000000	(0,0)	2022-05-26 18:03:29.209926+00	2022-05-26 18:03:29.209926+00
9830	AE	1000000	(0,0)	2022-05-26 18:03:29.209926+00	2022-05-26 18:03:29.209926+00
9831	AE	1000000	(0,0)	2022-05-26 18:03:29.209926+00	2022-05-26 18:03:29.209926+00
9832	AE	1000000	(0,0)	2022-05-26 18:03:29.209926+00	2022-05-26 18:03:29.209926+00
9833	AE	1000000	(0,0)	2022-05-26 18:03:29.209926+00	2022-05-26 18:03:29.209926+00
9834	AE	1000000	(0,0)	2022-05-26 18:03:29.209926+00	2022-05-26 18:03:29.209926+00
9836	AE	1000000	(0,0)	2022-05-26 18:03:29.209926+00	2022-05-26 18:03:29.209926+00
9837	AE	1000000	(0,0)	2022-05-26 18:03:29.209926+00	2022-05-26 18:03:29.209926+00
9838	AE	1000000	(0,0)	2022-05-26 18:03:29.209926+00	2022-05-26 18:03:29.209926+00
9839	AE	1000000	(0,0)	2022-05-26 18:03:29.209926+00	2022-05-26 18:03:29.209926+00
9841	AE	1000000	(0,0)	2022-05-26 18:03:29.209926+00	2022-05-26 18:03:29.209926+00
9842	AE	1000000	(0,0)	2022-05-26 18:03:29.209926+00	2022-05-26 18:03:29.209926+00
9844	AE	1000000	(0,0)	2022-05-26 18:03:29.209926+00	2022-05-26 18:03:29.209926+00
9845	AE	1000000	(0,0)	2022-05-26 18:03:29.209926+00	2022-05-26 18:03:29.209926+00
9846	AE	1000000	(0,0)	2022-05-26 18:03:29.209926+00	2022-05-26 18:03:29.209926+00
9847	AE	1000000	(0,0)	2022-05-26 18:03:29.209926+00	2022-05-26 18:03:29.209926+00
9848	AE	1000000	(0,0)	2022-05-26 18:03:29.209926+00	2022-05-26 18:03:29.209926+00
9851	AE	1000000	(0,0)	2022-05-26 18:03:29.209926+00	2022-05-26 18:03:29.209926+00
9852	AE	1000000	(0,0)	2022-05-26 18:03:29.209926+00	2022-05-26 18:03:29.209926+00
9853	AE	1000000	(0,0)	2022-05-26 18:03:29.209926+00	2022-05-26 18:03:29.209926+00
9854	AE	1000000	(0,0)	2022-05-26 18:03:29.209926+00	2022-05-26 18:03:29.209926+00
9855	AE	1000000	(0,0)	2022-05-26 18:03:29.209926+00	2022-05-26 18:03:29.209926+00
9856	AE	1000000	(0,0)	2022-05-26 18:03:29.209926+00	2022-05-26 18:03:29.209926+00
9857	AE	1000000	(0,0)	2022-05-26 18:03:29.209926+00	2022-05-26 18:03:29.209926+00
9858	AE	1000000	(0,0)	2022-05-26 18:03:29.209926+00	2022-05-26 18:03:29.209926+00
9859	AE	1000000	(0,0)	2022-05-26 18:03:29.209926+00	2022-05-26 18:03:29.209926+00
9860	AE	1000000	(0,0)	2022-05-26 18:03:29.209926+00	2022-05-26 18:03:29.209926+00
9861	AE	1000000	(0,0)	2022-05-26 18:03:29.209926+00	2022-05-26 18:03:29.209926+00
9862	AE	1000000	(0,0)	2022-05-26 18:03:29.209926+00	2022-05-26 18:03:29.209926+00
9863	AE	1000000	(0,0)	2022-05-26 18:03:29.209926+00	2022-05-26 18:03:29.209926+00
9864	AE	1000000	(0,0)	2022-05-26 18:03:29.209926+00	2022-05-26 18:03:29.209926+00
9865	AE	1000000	(0,0)	2022-05-26 18:03:29.209926+00	2022-05-26 18:03:29.209926+00
9867	AE	1000000	(0,0)	2022-05-26 18:03:29.209926+00	2022-05-26 18:03:29.209926+00
9868	AE	1000000	(0,0)	2022-05-26 18:03:29.209926+00	2022-05-26 18:03:29.209926+00
9869	AE	1000000	(0,0)	2022-05-26 18:03:29.209926+00	2022-05-26 18:03:29.209926+00
9870	AE	1000000	(0,0)	2022-05-26 18:03:29.209926+00	2022-05-26 18:03:29.209926+00
9873	AE	1000000	(0,0)	2022-05-26 18:03:29.209926+00	2022-05-26 18:03:29.209926+00
9874	AE	1000000	(0,0)	2022-05-26 18:03:29.209926+00	2022-05-26 18:03:29.209926+00
9875	AE	1000000	(0,0)	2022-05-26 18:03:29.209926+00	2022-05-26 18:03:29.209926+00
9876	AE	1000000	(0,0)	2022-05-26 18:03:29.209926+00	2022-05-26 18:03:29.209926+00
9877	AE	1000000	(0,0)	2022-05-26 18:03:29.209926+00	2022-05-26 18:03:29.209926+00
9880	AE	1000000	(0,0)	2022-05-26 18:03:29.209926+00	2022-05-26 18:03:29.209926+00
9890	AE	1000000	(0,0)	2022-05-26 18:03:29.209926+00	2022-05-26 18:03:29.209926+00
9892	AE	1000000	(0,0)	2022-05-26 18:03:29.209926+00	2022-05-26 18:03:29.209926+00
9895	AE	1000000	(0,0)	2022-05-26 18:03:29.209926+00	2022-05-26 18:03:29.209926+00
9898	AE	1000000	(0,0)	2022-05-26 18:03:29.209926+00	2022-05-26 18:03:29.209926+00
9901	AE	1000000	(0,0)	2022-05-26 18:03:29.209926+00	2022-05-26 18:03:29.209926+00
9902	AE	1000000	(0,0)	2022-05-26 18:03:29.209926+00	2022-05-26 18:03:29.209926+00
9903	AE	1000000	(0,0)	2022-05-26 18:03:29.209926+00	2022-05-26 18:03:29.209926+00
9904	AE	1000000	(0,0)	2022-05-26 18:03:29.209926+00	2022-05-26 18:03:29.209926+00
9908	AE	1000000	(0,0)	2022-05-26 18:03:29.209926+00	2022-05-26 18:03:29.209926+00
9909	AE	1000000	(0,0)	2022-05-26 18:03:29.209926+00	2022-05-26 18:03:29.209926+00
9910	AE	1000000	(0,0)	2022-05-26 18:03:29.209926+00	2022-05-26 18:03:29.209926+00
9974	AE	1000000	(0,0)	2022-05-26 18:03:29.209926+00	2022-05-26 18:03:29.209926+00
9975	AE	1000000	(0,0)	2022-05-26 18:03:29.209926+00	2022-05-26 18:03:29.209926+00
9976	AE	1000000	(0,0)	2022-05-26 18:03:29.209926+00	2022-05-26 18:03:29.209926+00
9977	AE	1000000	(0,0)	2022-05-26 18:03:29.209926+00	2022-05-26 18:03:29.209926+00
34001	AA	1000000	(0,0)	2022-05-26 18:03:29.209926+00	2022-05-26 18:03:29.209926+00
34002	AA	1000000	(0,0)	2022-05-26 18:03:29.209926+00	2022-05-26 18:03:29.209926+00
34004	AA	1000000	(0,0)	2022-05-26 18:03:29.209926+00	2022-05-26 18:03:29.209926+00
34007	AA	1000000	(0,0)	2022-05-26 18:03:29.209926+00	2022-05-26 18:03:29.209926+00
34008	AA	1000000	(0,0)	2022-05-26 18:03:29.209926+00	2022-05-26 18:03:29.209926+00
34011	AA	1000000	(0,0)	2022-05-26 18:03:29.209926+00	2022-05-26 18:03:29.209926+00
34020	AA	1000000	(0,0)	2022-05-26 18:03:29.209926+00	2022-05-26 18:03:29.209926+00
34021	AA	1000000	(0,0)	2022-05-26 18:03:29.209926+00	2022-05-26 18:03:29.209926+00
34022	AA	1000000	(0,0)	2022-05-26 18:03:29.209926+00	2022-05-26 18:03:29.209926+00
34023	AA	1000000	(0,0)	2022-05-26 18:03:29.209926+00	2022-05-26 18:03:29.209926+00
34024	AA	1000000	(0,0)	2022-05-26 18:03:29.209926+00	2022-05-26 18:03:29.209926+00
34025	AA	1000000	(0,0)	2022-05-26 18:03:29.209926+00	2022-05-26 18:03:29.209926+00
34030	AA	1000000	(0,0)	2022-05-26 18:03:29.209926+00	2022-05-26 18:03:29.209926+00
34031	AA	1000000	(0,0)	2022-05-26 18:03:29.209926+00	2022-05-26 18:03:29.209926+00
34032	AA	1000000	(0,0)	2022-05-26 18:03:29.209926+00	2022-05-26 18:03:29.209926+00
34033	AA	1000000	(0,0)	2022-05-26 18:03:29.209926+00	2022-05-26 18:03:29.209926+00
34034	AA	1000000	(0,0)	2022-05-26 18:03:29.209926+00	2022-05-26 18:03:29.209926+00
34035	AA	1000000	(0,0)	2022-05-26 18:03:29.209926+00	2022-05-26 18:03:29.209926+00
34036	AA	1000000	(0,0)	2022-05-26 18:03:29.209926+00	2022-05-26 18:03:29.209926+00
34037	AA	1000000	(0,0)	2022-05-26 18:03:29.209926+00	2022-05-26 18:03:29.209926+00
34038	AA	1000000	(0,0)	2022-05-26 18:03:29.209926+00	2022-05-26 18:03:29.209926+00
34039	AA	1000000	(0,0)	2022-05-26 18:03:29.209926+00	2022-05-26 18:03:29.209926+00
34041	AA	1000000	(0,0)	2022-05-26 18:03:29.209926+00	2022-05-26 18:03:29.209926+00
34042	AA	1000000	(0,0)	2022-05-26 18:03:29.209926+00	2022-05-26 18:03:29.209926+00
34044	AA	1000000	(0,0)	2022-05-26 18:03:29.209926+00	2022-05-26 18:03:29.209926+00
34050	AA	1000000	(0,0)	2022-05-26 18:03:29.209926+00	2022-05-26 18:03:29.209926+00
34051	AA	1000000	(0,0)	2022-05-26 18:03:29.209926+00	2022-05-26 18:03:29.209926+00
34052	AA	1000000	(0,0)	2022-05-26 18:03:29.209926+00	2022-05-26 18:03:29.209926+00
34053	AA	1000000	(0,0)	2022-05-26 18:03:29.209926+00	2022-05-26 18:03:29.209926+00
34054	AA	1000000	(0,0)	2022-05-26 18:03:29.209926+00	2022-05-26 18:03:29.209926+00
34055	AA	1000000	(0,0)	2022-05-26 18:03:29.209926+00	2022-05-26 18:03:29.209926+00
34058	AA	1000000	(0,0)	2022-05-26 18:03:29.209926+00	2022-05-26 18:03:29.209926+00
34060	AA	1000000	(0,0)	2022-05-26 18:03:29.209926+00	2022-05-26 18:03:29.209926+00
34066	AA	1000000	(0,0)	2022-05-26 18:03:29.209926+00	2022-05-26 18:03:29.209926+00
34067	AA	1000000	(0,0)	2022-05-26 18:03:29.209926+00	2022-05-26 18:03:29.209926+00
34068	AA	1000000	(0,0)	2022-05-26 18:03:29.209926+00	2022-05-26 18:03:29.209926+00
34069	AA	1000000	(0,0)	2022-05-26 18:03:29.209926+00	2022-05-26 18:03:29.209926+00
34078	AA	1000000	(0,0)	2022-05-26 18:03:29.209926+00	2022-05-26 18:03:29.209926+00
34080	AA	1000000	(0,0)	2022-05-26 18:03:29.209926+00	2022-05-26 18:03:29.209926+00
34081	AA	1000000	(0,0)	2022-05-26 18:03:29.209926+00	2022-05-26 18:03:29.209926+00
34082	AA	1000000	(0,0)	2022-05-26 18:03:29.209926+00	2022-05-26 18:03:29.209926+00
34083	AA	1000000	(0,0)	2022-05-26 18:03:29.209926+00	2022-05-26 18:03:29.209926+00
34084	AA	1000000	(0,0)	2022-05-26 18:03:29.209926+00	2022-05-26 18:03:29.209926+00
34085	AA	1000000	(0,0)	2022-05-26 18:03:29.209926+00	2022-05-26 18:03:29.209926+00
34086	AA	1000000	(0,0)	2022-05-26 18:03:29.209926+00	2022-05-26 18:03:29.209926+00
34087	AA	1000000	(0,0)	2022-05-26 18:03:29.209926+00	2022-05-26 18:03:29.209926+00
34088	AA	1000000	(0,0)	2022-05-26 18:03:29.209926+00	2022-05-26 18:03:29.209926+00
34089	AA	1000000	(0,0)	2022-05-26 18:03:29.209926+00	2022-05-26 18:03:29.209926+00
34090	AA	1000000	(0,0)	2022-05-26 18:03:29.209926+00	2022-05-26 18:03:29.209926+00
34091	AA	1000000	(0,0)	2022-05-26 18:03:29.209926+00	2022-05-26 18:03:29.209926+00
34092	AA	1000000	(0,0)	2022-05-26 18:03:29.209926+00	2022-05-26 18:03:29.209926+00
34093	AA	1000000	(0,0)	2022-05-26 18:03:29.209926+00	2022-05-26 18:03:29.209926+00
34094	AA	1000000	(0,0)	2022-05-26 18:03:29.209926+00	2022-05-26 18:03:29.209926+00
34095	AA	1000000	(0,0)	2022-05-26 18:03:29.209926+00	2022-05-26 18:03:29.209926+00
96201	AP	1000000	(0,0)	2022-05-26 18:03:29.209926+00	2022-05-26 18:03:29.209926+00
96202	AP	1000000	(0,0)	2022-05-26 18:03:29.209926+00	2022-05-26 18:03:29.209926+00
96203	AP	1000000	(0,0)	2022-05-26 18:03:29.209926+00	2022-05-26 18:03:29.209926+00
96204	AP	1000000	(0,0)	2022-05-26 18:03:29.209926+00	2022-05-26 18:03:29.209926+00
96205	AP	1000000	(0,0)	2022-05-26 18:03:29.209926+00	2022-05-26 18:03:29.209926+00
96206	AP	1000000	(0,0)	2022-05-26 18:03:29.209926+00	2022-05-26 18:03:29.209926+00
96207	AP	1000000	(0,0)	2022-05-26 18:03:29.209926+00	2022-05-26 18:03:29.209926+00
96208	AP	1000000	(0,0)	2022-05-26 18:03:29.209926+00	2022-05-26 18:03:29.209926+00
96209	AP	1000000	(0,0)	2022-05-26 18:03:29.209926+00	2022-05-26 18:03:29.209926+00
96210	AP	1000000	(0,0)	2022-05-26 18:03:29.209926+00	2022-05-26 18:03:29.209926+00
96212	AP	1000000	(0,0)	2022-05-26 18:03:29.209926+00	2022-05-26 18:03:29.209926+00
96213	AP	1000000	(0,0)	2022-05-26 18:03:29.209926+00	2022-05-26 18:03:29.209926+00
96214	AP	1000000	(0,0)	2022-05-26 18:03:29.209926+00	2022-05-26 18:03:29.209926+00
96218	AP	1000000	(0,0)	2022-05-26 18:03:29.209926+00	2022-05-26 18:03:29.209926+00
96224	AP	1000000	(0,0)	2022-05-26 18:03:29.209926+00	2022-05-26 18:03:29.209926+00
96251	AP	1000000	(0,0)	2022-05-26 18:03:29.209926+00	2022-05-26 18:03:29.209926+00
96257	AP	1000000	(0,0)	2022-05-26 18:03:29.209926+00	2022-05-26 18:03:29.209926+00
96258	AP	1000000	(0,0)	2022-05-26 18:03:29.209926+00	2022-05-26 18:03:29.209926+00
96260	AP	1000000	(0,0)	2022-05-26 18:03:29.209926+00	2022-05-26 18:03:29.209926+00
96262	AP	1000000	(0,0)	2022-05-26 18:03:29.209926+00	2022-05-26 18:03:29.209926+00
96264	AP	1000000	(0,0)	2022-05-26 18:03:29.209926+00	2022-05-26 18:03:29.209926+00
96266	AP	1000000	(0,0)	2022-05-26 18:03:29.209926+00	2022-05-26 18:03:29.209926+00
96267	AP	1000000	(0,0)	2022-05-26 18:03:29.209926+00	2022-05-26 18:03:29.209926+00
96269	AP	1000000	(0,0)	2022-05-26 18:03:29.209926+00	2022-05-26 18:03:29.209926+00
96271	AP	1000000	(0,0)	2022-05-26 18:03:29.209926+00	2022-05-26 18:03:29.209926+00
96273	AP	1000000	(0,0)	2022-05-26 18:03:29.209926+00	2022-05-26 18:03:29.209926+00
96275	AP	1000000	(0,0)	2022-05-26 18:03:29.209926+00	2022-05-26 18:03:29.209926+00
96276	AP	1000000	(0,0)	2022-05-26 18:03:29.209926+00	2022-05-26 18:03:29.209926+00
96278	AP	1000000	(0,0)	2022-05-26 18:03:29.209926+00	2022-05-26 18:03:29.209926+00
96283	AP	1000000	(0,0)	2022-05-26 18:03:29.209926+00	2022-05-26 18:03:29.209926+00
96284	AP	1000000	(0,0)	2022-05-26 18:03:29.209926+00	2022-05-26 18:03:29.209926+00
96297	AP	1000000	(0,0)	2022-05-26 18:03:29.209926+00	2022-05-26 18:03:29.209926+00
96301	AP	1000000	(0,0)	2022-05-26 18:03:29.209926+00	2022-05-26 18:03:29.209926+00
96303	AP	1000000	(0,0)	2022-05-26 18:03:29.209926+00	2022-05-26 18:03:29.209926+00
96306	AP	1000000	(0,0)	2022-05-26 18:03:29.209926+00	2022-05-26 18:03:29.209926+00
96309	AP	1000000	(0,0)	2022-05-26 18:03:29.209926+00	2022-05-26 18:03:29.209926+00
96310	AP	1000000	(0,0)	2022-05-26 18:03:29.209926+00	2022-05-26 18:03:29.209926+00
96311	AP	1000000	(0,0)	2022-05-26 18:03:29.209926+00	2022-05-26 18:03:29.209926+00
96315	AP	1000000	(0,0)	2022-05-26 18:03:29.209926+00	2022-05-26 18:03:29.209926+00
96319	AP	1000000	(0,0)	2022-05-26 18:03:29.209926+00	2022-05-26 18:03:29.209926+00
96321	AP	1000000	(0,0)	2022-05-26 18:03:29.209926+00	2022-05-26 18:03:29.209926+00
96322	AP	1000000	(0,0)	2022-05-26 18:03:29.209926+00	2022-05-26 18:03:29.209926+00
96323	AP	1000000	(0,0)	2022-05-26 18:03:29.209926+00	2022-05-26 18:03:29.209926+00
96326	AP	1000000	(0,0)	2022-05-26 18:03:29.209926+00	2022-05-26 18:03:29.209926+00
96328	AP	1000000	(0,0)	2022-05-26 18:03:29.209926+00	2022-05-26 18:03:29.209926+00
96330	AP	1000000	(0,0)	2022-05-26 18:03:29.209926+00	2022-05-26 18:03:29.209926+00
96331	AP	1000000	(0,0)	2022-05-26 18:03:29.209926+00	2022-05-26 18:03:29.209926+00
96336	AP	1000000	(0,0)	2022-05-26 18:03:29.209926+00	2022-05-26 18:03:29.209926+00
96337	AP	1000000	(0,0)	2022-05-26 18:03:29.209926+00	2022-05-26 18:03:29.209926+00
96338	AP	1000000	(0,0)	2022-05-26 18:03:29.209926+00	2022-05-26 18:03:29.209926+00
96339	AP	1000000	(0,0)	2022-05-26 18:03:29.209926+00	2022-05-26 18:03:29.209926+00
96343	AP	1000000	(0,0)	2022-05-26 18:03:29.209926+00	2022-05-26 18:03:29.209926+00
96346	AP	1000000	(0,0)	2022-05-26 18:03:29.209926+00	2022-05-26 18:03:29.209926+00
96347	AP	1000000	(0,0)	2022-05-26 18:03:29.209926+00	2022-05-26 18:03:29.209926+00
96349	AP	1000000	(0,0)	2022-05-26 18:03:29.209926+00	2022-05-26 18:03:29.209926+00
96350	AP	1000000	(0,0)	2022-05-26 18:03:29.209926+00	2022-05-26 18:03:29.209926+00
96351	AP	1000000	(0,0)	2022-05-26 18:03:29.209926+00	2022-05-26 18:03:29.209926+00
96362	AP	1000000	(0,0)	2022-05-26 18:03:29.209926+00	2022-05-26 18:03:29.209926+00
96365	AP	1000000	(0,0)	2022-05-26 18:03:29.209926+00	2022-05-26 18:03:29.209926+00
96367	AP	1000000	(0,0)	2022-05-26 18:03:29.209926+00	2022-05-26 18:03:29.209926+00
96368	AP	1000000	(0,0)	2022-05-26 18:03:29.209926+00	2022-05-26 18:03:29.209926+00
96370	AP	1000000	(0,0)	2022-05-26 18:03:29.209926+00	2022-05-26 18:03:29.209926+00
96371	AP	1000000	(0,0)	2022-05-26 18:03:29.209926+00	2022-05-26 18:03:29.209926+00
96372	AP	1000000	(0,0)	2022-05-26 18:03:29.209926+00	2022-05-26 18:03:29.209926+00
96373	AP	1000000	(0,0)	2022-05-26 18:03:29.209926+00	2022-05-26 18:03:29.209926+00
96374	AP	1000000	(0,0)	2022-05-26 18:03:29.209926+00	2022-05-26 18:03:29.209926+00
96375	AP	1000000	(0,0)	2022-05-26 18:03:29.209926+00	2022-05-26 18:03:29.209926+00
96376	AP	1000000	(0,0)	2022-05-26 18:03:29.209926+00	2022-05-26 18:03:29.209926+00
96377	AP	1000000	(0,0)	2022-05-26 18:03:29.209926+00	2022-05-26 18:03:29.209926+00
96378	AP	1000000	(0,0)	2022-05-26 18:03:29.209926+00	2022-05-26 18:03:29.209926+00
96379	AP	1000000	(0,0)	2022-05-26 18:03:29.209926+00	2022-05-26 18:03:29.209926+00
96380	AP	1000000	(0,0)	2022-05-26 18:03:29.209926+00	2022-05-26 18:03:29.209926+00
96382	AP	1000000	(0,0)	2022-05-26 18:03:29.209926+00	2022-05-26 18:03:29.209926+00
96384	AP	1000000	(0,0)	2022-05-26 18:03:29.209926+00	2022-05-26 18:03:29.209926+00
96385	AP	1000000	(0,0)	2022-05-26 18:03:29.209926+00	2022-05-26 18:03:29.209926+00
96386	AP	1000000	(0,0)	2022-05-26 18:03:29.209926+00	2022-05-26 18:03:29.209926+00
96387	AP	1000000	(0,0)	2022-05-26 18:03:29.209926+00	2022-05-26 18:03:29.209926+00
96388	AP	1000000	(0,0)	2022-05-26 18:03:29.209926+00	2022-05-26 18:03:29.209926+00
96389	AP	1000000	(0,0)	2022-05-26 18:03:29.209926+00	2022-05-26 18:03:29.209926+00
96401	AP	1000000	(0,0)	2022-05-26 18:03:29.209926+00	2022-05-26 18:03:29.209926+00
96502	AP	1000000	(0,0)	2022-05-26 18:03:29.209926+00	2022-05-26 18:03:29.209926+00
96504	AP	1000000	(0,0)	2022-05-26 18:03:29.209926+00	2022-05-26 18:03:29.209926+00
96505	AP	1000000	(0,0)	2022-05-26 18:03:29.209926+00	2022-05-26 18:03:29.209926+00
96507	AP	1000000	(0,0)	2022-05-26 18:03:29.209926+00	2022-05-26 18:03:29.209926+00
96510	AP	1000000	(0,0)	2022-05-26 18:03:29.209926+00	2022-05-26 18:03:29.209926+00
96511	AP	1000000	(0,0)	2022-05-26 18:03:29.209926+00	2022-05-26 18:03:29.209926+00
96515	AP	1000000	(0,0)	2022-05-26 18:03:29.209926+00	2022-05-26 18:03:29.209926+00
96516	AP	1000000	(0,0)	2022-05-26 18:03:29.209926+00	2022-05-26 18:03:29.209926+00
96517	AP	1000000	(0,0)	2022-05-26 18:03:29.209926+00	2022-05-26 18:03:29.209926+00
96520	AP	1000000	(0,0)	2022-05-26 18:03:29.209926+00	2022-05-26 18:03:29.209926+00
96521	AP	1000000	(0,0)	2022-05-26 18:03:29.209926+00	2022-05-26 18:03:29.209926+00
96522	AP	1000000	(0,0)	2022-05-26 18:03:29.209926+00	2022-05-26 18:03:29.209926+00
96530	AP	1000000	(0,0)	2022-05-26 18:03:29.209926+00	2022-05-26 18:03:29.209926+00
96531	AP	1000000	(0,0)	2022-05-26 18:03:29.209926+00	2022-05-26 18:03:29.209926+00
96532	AP	1000000	(0,0)	2022-05-26 18:03:29.209926+00	2022-05-26 18:03:29.209926+00
96534	AP	1000000	(0,0)	2022-05-26 18:03:29.209926+00	2022-05-26 18:03:29.209926+00
96535	AP	1000000	(0,0)	2022-05-26 18:03:29.209926+00	2022-05-26 18:03:29.209926+00
96537	AP	1000000	(0,0)	2022-05-26 18:03:29.209926+00	2022-05-26 18:03:29.209926+00
96539	AP	1000000	(0,0)	2022-05-26 18:03:29.209926+00	2022-05-26 18:03:29.209926+00
96540	AP	1000000	(0,0)	2022-05-26 18:03:29.209926+00	2022-05-26 18:03:29.209926+00
96542	AP	1000000	(0,0)	2022-05-26 18:03:29.209926+00	2022-05-26 18:03:29.209926+00
96543	AP	1000000	(0,0)	2022-05-26 18:03:29.209926+00	2022-05-26 18:03:29.209926+00
96546	AP	1000000	(0,0)	2022-05-26 18:03:29.209926+00	2022-05-26 18:03:29.209926+00
96548	AP	1000000	(0,0)	2022-05-26 18:03:29.209926+00	2022-05-26 18:03:29.209926+00
96549	AP	1000000	(0,0)	2022-05-26 18:03:29.209926+00	2022-05-26 18:03:29.209926+00
96550	AP	1000000	(0,0)	2022-05-26 18:03:29.209926+00	2022-05-26 18:03:29.209926+00
96551	AP	1000000	(0,0)	2022-05-26 18:03:29.209926+00	2022-05-26 18:03:29.209926+00
96552	AP	1000000	(0,0)	2022-05-26 18:03:29.209926+00	2022-05-26 18:03:29.209926+00
96553	AP	1000000	(0,0)	2022-05-26 18:03:29.209926+00	2022-05-26 18:03:29.209926+00
96554	AP	1000000	(0,0)	2022-05-26 18:03:29.209926+00	2022-05-26 18:03:29.209926+00
96555	AP	1000000	(0,0)	2022-05-26 18:03:29.209926+00	2022-05-26 18:03:29.209926+00
96557	AP	1000000	(0,0)	2022-05-26 18:03:29.209926+00	2022-05-26 18:03:29.209926+00
96562	AP	1000000	(0,0)	2022-05-26 18:03:29.209926+00	2022-05-26 18:03:29.209926+00
96577	AP	1000000	(0,0)	2022-05-26 18:03:29.209926+00	2022-05-26 18:03:29.209926+00
96578	AP	1000000	(0,0)	2022-05-26 18:03:29.209926+00	2022-05-26 18:03:29.209926+00
96595	AP	1000000	(0,0)	2022-05-26 18:03:29.209926+00	2022-05-26 18:03:29.209926+00
96598	AP	1000000	(0,0)	2022-05-26 18:03:29.209926+00	2022-05-26 18:03:29.209926+00
96599	AP	1000000	(0,0)	2022-05-26 18:03:29.209926+00	2022-05-26 18:03:29.209926+00
96601	AP	1000000	(0,0)	2022-05-26 18:03:29.209926+00	2022-05-26 18:03:29.209926+00
96602	AP	1000000	(0,0)	2022-05-26 18:03:29.209926+00	2022-05-26 18:03:29.209926+00
96603	AP	1000000	(0,0)	2022-05-26 18:03:29.209926+00	2022-05-26 18:03:29.209926+00
96604	AP	1000000	(0,0)	2022-05-26 18:03:29.209926+00	2022-05-26 18:03:29.209926+00
96605	AP	1000000	(0,0)	2022-05-26 18:03:29.209926+00	2022-05-26 18:03:29.209926+00
96606	AP	1000000	(0,0)	2022-05-26 18:03:29.209926+00	2022-05-26 18:03:29.209926+00
96607	AP	1000000	(0,0)	2022-05-26 18:03:29.209926+00	2022-05-26 18:03:29.209926+00
96608	AP	1000000	(0,0)	2022-05-26 18:03:29.209926+00	2022-05-26 18:03:29.209926+00
96609	AP	1000000	(0,0)	2022-05-26 18:03:29.209926+00	2022-05-26 18:03:29.209926+00
96610	AP	1000000	(0,0)	2022-05-26 18:03:29.209926+00	2022-05-26 18:03:29.209926+00
96611	AP	1000000	(0,0)	2022-05-26 18:03:29.209926+00	2022-05-26 18:03:29.209926+00
96612	AP	1000000	(0,0)	2022-05-26 18:03:29.209926+00	2022-05-26 18:03:29.209926+00
96613	AP	1000000	(0,0)	2022-05-26 18:03:29.209926+00	2022-05-26 18:03:29.209926+00
96615	AP	1000000	(0,0)	2022-05-26 18:03:29.209926+00	2022-05-26 18:03:29.209926+00
96616	AP	1000000	(0,0)	2022-05-26 18:03:29.209926+00	2022-05-26 18:03:29.209926+00
96617	AP	1000000	(0,0)	2022-05-26 18:03:29.209926+00	2022-05-26 18:03:29.209926+00
96619	AP	1000000	(0,0)	2022-05-26 18:03:29.209926+00	2022-05-26 18:03:29.209926+00
96620	AP	1000000	(0,0)	2022-05-26 18:03:29.209926+00	2022-05-26 18:03:29.209926+00
96628	AP	1000000	(0,0)	2022-05-26 18:03:29.209926+00	2022-05-26 18:03:29.209926+00
96629	AP	1000000	(0,0)	2022-05-26 18:03:29.209926+00	2022-05-26 18:03:29.209926+00
96632	AP	1000000	(0,0)	2022-05-26 18:03:29.209926+00	2022-05-26 18:03:29.209926+00
96633	AP	1000000	(0,0)	2022-05-26 18:03:29.209926+00	2022-05-26 18:03:29.209926+00
96641	AP	1000000	(0,0)	2022-05-26 18:03:29.209926+00	2022-05-26 18:03:29.209926+00
96642	AP	1000000	(0,0)	2022-05-26 18:03:29.209926+00	2022-05-26 18:03:29.209926+00
96643	AP	1000000	(0,0)	2022-05-26 18:03:29.209926+00	2022-05-26 18:03:29.209926+00
96644	AP	1000000	(0,0)	2022-05-26 18:03:29.209926+00	2022-05-26 18:03:29.209926+00
96645	AP	1000000	(0,0)	2022-05-26 18:03:29.209926+00	2022-05-26 18:03:29.209926+00
96649	AP	1000000	(0,0)	2022-05-26 18:03:29.209926+00	2022-05-26 18:03:29.209926+00
96650	AP	1000000	(0,0)	2022-05-26 18:03:29.209926+00	2022-05-26 18:03:29.209926+00
96657	AP	1000000	(0,0)	2022-05-26 18:03:29.209926+00	2022-05-26 18:03:29.209926+00
96660	AP	1000000	(0,0)	2022-05-26 18:03:29.209926+00	2022-05-26 18:03:29.209926+00
96661	AP	1000000	(0,0)	2022-05-26 18:03:29.209926+00	2022-05-26 18:03:29.209926+00
96662	AP	1000000	(0,0)	2022-05-26 18:03:29.209926+00	2022-05-26 18:03:29.209926+00
96663	AP	1000000	(0,0)	2022-05-26 18:03:29.209926+00	2022-05-26 18:03:29.209926+00
96664	AP	1000000	(0,0)	2022-05-26 18:03:29.209926+00	2022-05-26 18:03:29.209926+00
96665	AP	1000000	(0,0)	2022-05-26 18:03:29.209926+00	2022-05-26 18:03:29.209926+00
96666	AP	1000000	(0,0)	2022-05-26 18:03:29.209926+00	2022-05-26 18:03:29.209926+00
96667	AP	1000000	(0,0)	2022-05-26 18:03:29.209926+00	2022-05-26 18:03:29.209926+00
96668	AP	1000000	(0,0)	2022-05-26 18:03:29.209926+00	2022-05-26 18:03:29.209926+00
96669	AP	1000000	(0,0)	2022-05-26 18:03:29.209926+00	2022-05-26 18:03:29.209926+00
96670	AP	1000000	(0,0)	2022-05-26 18:03:29.209926+00	2022-05-26 18:03:29.209926+00
96671	AP	1000000	(0,0)	2022-05-26 18:03:29.209926+00	2022-05-26 18:03:29.209926+00
96672	AP	1000000	(0,0)	2022-05-26 18:03:29.209926+00	2022-05-26 18:03:29.209926+00
96673	AP	1000000	(0,0)	2022-05-26 18:03:29.209926+00	2022-05-26 18:03:29.209926+00
96674	AP	1000000	(0,0)	2022-05-26 18:03:29.209926+00	2022-05-26 18:03:29.209926+00
96675	AP	1000000	(0,0)	2022-05-26 18:03:29.209926+00	2022-05-26 18:03:29.209926+00
96677	AP	1000000	(0,0)	2022-05-26 18:03:29.209926+00	2022-05-26 18:03:29.209926+00
96678	AP	1000000	(0,0)	2022-05-26 18:03:29.209926+00	2022-05-26 18:03:29.209926+00
96679	AP	1000000	(0,0)	2022-05-26 18:03:29.209926+00	2022-05-26 18:03:29.209926+00
96681	AP	1000000	(0,0)	2022-05-26 18:03:29.209926+00	2022-05-26 18:03:29.209926+00
96682	AP	1000000	(0,0)	2022-05-26 18:03:29.209926+00	2022-05-26 18:03:29.209926+00
96683	AP	1000000	(0,0)	2022-05-26 18:03:29.209926+00	2022-05-26 18:03:29.209926+00
96686	AP	1000000	(0,0)	2022-05-26 18:03:29.209926+00	2022-05-26 18:03:29.209926+00
96691	AP	1000000	(0,0)	2022-05-26 18:03:29.209926+00	2022-05-26 18:03:29.209926+00
96692	AP	1000000	(0,0)	2022-05-26 18:03:29.209926+00	2022-05-26 18:03:29.209926+00
96693	AP	1000000	(0,0)	2022-05-26 18:03:29.209926+00	2022-05-26 18:03:29.209926+00
96694	AP	1000000	(0,0)	2022-05-26 18:03:29.209926+00	2022-05-26 18:03:29.209926+00
96695	AP	1000000	(0,0)	2022-05-26 18:03:29.209926+00	2022-05-26 18:03:29.209926+00
96696	AP	1000000	(0,0)	2022-05-26 18:03:29.209926+00	2022-05-26 18:03:29.209926+00
96698	AP	1000000	(0,0)	2022-05-26 18:03:29.209926+00	2022-05-26 18:03:29.209926+00
601	PR	16001	(18.16,-66.72)	2022-05-26 18:03:29.209926+00	2022-05-26 18:03:29.209926+00
602	PR	19801	(18.38,-67.18)	2022-05-26 18:03:29.209926+00	2022-05-26 18:03:29.209926+00
603	PR	18973	(18.43,-67.15)	2022-05-26 18:03:29.209926+00	2022-05-26 18:03:29.209926+00
604	PR	0	(18.43,-67.15)	2022-05-26 18:03:29.209926+00	2022-05-26 18:03:29.209926+00
605	PR	0	(18.43,-67.15)	2022-05-26 18:03:29.209926+00	2022-05-26 18:03:29.209926+00
606	PR	15298	(18.18,-66.98)	2022-05-26 18:03:29.209926+00	2022-05-26 18:03:29.209926+00
610	PR	23612	(18.28,-67.14)	2022-05-26 18:03:29.209926+00	2022-05-26 18:03:29.209926+00
611	PR	0	(18.28,-66.79)	2022-05-26 18:03:29.209926+00	2022-05-26 18:03:29.209926+00
612	PR	24339	(18.45,-66.73)	2022-05-26 18:03:29.209926+00	2022-05-26 18:03:29.209926+00
613	PR	0	(18.45,-66.73)	2022-05-26 18:03:29.209926+00	2022-05-26 18:03:29.209926+00
614	PR	0	(18.45,-66.73)	2022-05-26 18:03:29.209926+00	2022-05-26 18:03:29.209926+00
616	PR	20805	(18.42,-66.67)	2022-05-26 18:03:29.209926+00	2022-05-26 18:03:29.209926+00
617	PR	19838	(18.45,-66.56)	2022-05-26 18:03:29.209926+00	2022-05-26 18:03:29.209926+00
622	PR	17290	(17.99,-67.15)	2022-05-26 18:03:29.209926+00	2022-05-26 18:03:29.209926+00
623	PR	20448	(18.08,-67.14)	2022-05-26 18:03:29.209926+00	2022-05-26 18:03:29.209926+00
624	PR	19342	(18.06,-66.72)	2022-05-26 18:03:29.209926+00	2022-05-26 18:03:29.209926+00
627	PR	20616	(18.48,-66.84)	2022-05-26 18:03:29.209926+00	2022-05-26 18:03:29.209926+00
631	PR	12188	(18.19,-66.82)	2022-05-26 18:03:29.209926+00	2022-05-26 18:03:29.209926+00
636	PR	0	(18.15,-67.06)	2022-05-26 18:03:29.209926+00	2022-05-26 18:03:29.209926+00
637	PR	22106	(18.08,-66.96)	2022-05-26 18:03:29.209926+00	2022-05-26 18:03:29.209926+00
638	PR	18914	(18.33,-66.47)	2022-05-26 18:03:29.209926+00	2022-05-26 18:03:29.209926+00
641	PR	19972	(18.27,-66.7)	2022-05-26 18:03:29.209926+00	2022-05-26 18:03:29.209926+00
646	PR	37357	(18.47,-66.27)	2022-05-26 18:03:29.209926+00	2022-05-26 18:03:29.209926+00
647	PR	17659	(17.96,-66.94)	2022-05-26 18:03:29.209926+00	2022-05-26 18:03:29.209926+00
650	PR	22310	(18.36,-66.56)	2022-05-26 18:03:29.209926+00	2022-05-26 18:03:29.209926+00
652	PR	24154	(18.45,-66.6)	2022-05-26 18:03:29.209926+00	2022-05-26 18:03:29.209926+00
653	PR	15234	(17.99,-66.89)	2022-05-26 18:03:29.209926+00	2022-05-26 18:03:29.209926+00
656	PR	19699	(18.02,-66.79)	2022-05-26 18:03:29.209926+00	2022-05-26 18:03:29.209926+00
659	PR	23679	(18.48,-66.82)	2022-05-26 18:03:29.209926+00	2022-05-26 18:03:29.209926+00
660	PR	23658	(18.14,-67.12)	2022-05-26 18:03:29.209926+00	2022-05-26 18:03:29.209926+00
662	PR	18840	(18.5,-67.02)	2022-05-26 18:03:29.209926+00	2022-05-26 18:03:29.209926+00
664	PR	17403	(18.22,-66.59)	2022-05-26 18:03:29.209926+00	2022-05-26 18:03:29.209926+00
667	PR	16166	(18.04,-67.06)	2022-05-26 18:03:29.209926+00	2022-05-26 18:03:29.209926+00
669	PR	19540	(18.29,-66.88)	2022-05-26 18:03:29.209926+00	2022-05-26 18:03:29.209926+00
670	PR	17861	(18.27,-67.06)	2022-05-26 18:03:29.209926+00	2022-05-26 18:03:29.209926+00
674	PR	23424	(18.43,-66.48)	2022-05-26 18:03:29.209926+00	2022-05-26 18:03:29.209926+00
676	PR	18630	(18.39,-67.11)	2022-05-26 18:03:29.209926+00	2022-05-26 18:03:29.209926+00
677	PR	29440	(18.34,-67.25)	2022-05-26 18:03:29.209926+00	2022-05-26 18:03:29.209926+00
678	PR	20992	(18.47,-66.93)	2022-05-26 18:03:29.209926+00	2022-05-26 18:03:29.209926+00
680	PR	20674	(18.2,-67.14)	2022-05-26 18:03:29.209926+00	2022-05-26 18:03:29.209926+00
681	PR	0	(18.2,-67.14)	2022-05-26 18:03:29.209926+00	2022-05-26 18:03:29.209926+00
682	PR	20240	(18.22,-67.16)	2022-05-26 18:03:29.209926+00	2022-05-26 18:03:29.209926+00
683	PR	21870	(18.08,-67.04)	2022-05-26 18:03:29.209926+00	2022-05-26 18:03:29.209926+00
685	PR	18690	(18.33,-66.99)	2022-05-26 18:03:29.209926+00	2022-05-26 18:03:29.209926+00
687	PR	22147	(18.32,-66.4)	2022-05-26 18:03:29.209926+00	2022-05-26 18:03:29.209926+00
688	PR	20520	(18.38,-66.62)	2022-05-26 18:03:29.209926+00	2022-05-26 18:03:29.209926+00
690	PR	22042	(18.49,-67.09)	2022-05-26 18:03:29.209926+00	2022-05-26 18:03:29.209926+00
692	PR	23253	(18.41,-66.32)	2022-05-26 18:03:29.209926+00	2022-05-26 18:03:29.209926+00
693	PR	24677	(18.44,-66.39)	2022-05-26 18:03:29.209926+00	2022-05-26 18:03:29.209926+00
694	PR	0	(18.48,-66.39)	2022-05-26 18:03:29.209926+00	2022-05-26 18:03:29.209926+00
698	PR	20794	(18.03,-66.86)	2022-05-26 18:03:29.209926+00	2022-05-26 18:03:29.209926+00
703	PR	21940	(18.25,-66.1)	2022-05-26 18:03:29.209926+00	2022-05-26 18:03:29.209926+00
704	PR	20742	(17.96,-66.22)	2022-05-26 18:03:29.209926+00	2022-05-26 18:03:29.209926+00
705	PR	23627	(18.14,-66.26)	2022-05-26 18:03:29.209926+00	2022-05-26 18:03:29.209926+00
707	PR	23232	(18,-65.9)	2022-05-26 18:03:29.209926+00	2022-05-26 18:03:29.209926+00
714	PR	19524	(17.97,-66.06)	2022-05-26 18:03:29.209926+00	2022-05-26 18:03:29.209926+00
715	PR	13750	(18.01,-66.56)	2022-05-26 18:03:29.209926+00	2022-05-26 18:03:29.209926+00
716	PR	21350	(17.98,-66.6)	2022-05-26 18:03:29.209926+00	2022-05-26 18:03:29.209926+00
717	PR	16926	(18,-66.61)	2022-05-26 18:03:29.209926+00	2022-05-26 18:03:29.209926+00
718	PR	21011	(18.21,-65.73)	2022-05-26 18:03:29.209926+00	2022-05-26 18:03:29.209926+00
719	PR	23625	(18.3,-66.24)	2022-05-26 18:03:29.209926+00	2022-05-26 18:03:29.209926+00
720	PR	16709	(18.22,-66.39)	2022-05-26 18:03:29.209926+00	2022-05-26 18:03:29.209926+00
721	PR	0	(18.37,-65.77)	2022-05-26 18:03:29.209926+00	2022-05-26 18:03:29.209926+00
723	PR	19915	(18,-66.01)	2022-05-26 18:03:29.209926+00	2022-05-26 18:03:29.209926+00
725	PR	26273	(18.23,-66.03)	2022-05-26 18:03:29.209926+00	2022-05-26 18:03:29.209926+00
726	PR	0	(18.23,-66.03)	2022-05-26 18:03:29.209926+00	2022-05-26 18:03:29.209926+00
727	PR	37017	(18.22,-66.07)	2022-05-26 18:03:29.209926+00	2022-05-26 18:03:29.209926+00
728	PR	22100	(17.99,-66.66)	2022-05-26 18:03:29.209926+00	2022-05-26 18:03:29.209926+00
729	PR	26701	(18.37,-65.9)	2022-05-26 18:03:29.209926+00	2022-05-26 18:03:29.209926+00
730	PR	19328	(18.03,-66.62)	2022-05-26 18:03:29.209926+00	2022-05-26 18:03:29.209926+00
731	PR	19853	(18.11,-66.63)	2022-05-26 18:03:29.209926+00	2022-05-26 18:03:29.209926+00
732	PR	0	(17.98,-66.6)	2022-05-26 18:03:29.209926+00	2022-05-26 18:03:29.209926+00
733	PR	0	(17.98,-66.6)	2022-05-26 18:03:29.209926+00	2022-05-26 18:03:29.209926+00
734	PR	0	(17.98,-66.6)	2022-05-26 18:03:29.209926+00	2022-05-26 18:03:29.209926+00
735	PR	22403	(18.25,-65.68)	2022-05-26 18:03:29.209926+00	2022-05-26 18:03:29.209926+00
736	PR	25507	(18.11,-66.16)	2022-05-26 18:03:29.209926+00	2022-05-26 18:03:29.209926+00
737	PR	0	(18.11,-66.16)	2022-05-26 18:03:29.209926+00	2022-05-26 18:03:29.209926+00
738	PR	24045	(18.33,-65.65)	2022-05-26 18:03:29.209926+00	2022-05-26 18:03:29.209926+00
739	PR	22474	(18.17,-66.15)	2022-05-26 18:03:29.209926+00	2022-05-26 18:03:29.209926+00
740	PR	15061	(18.33,-65.63)	2022-05-26 18:03:29.209926+00	2022-05-26 18:03:29.209926+00
741	PR	25750	(18.16,-65.75)	2022-05-26 18:03:29.209926+00	2022-05-26 18:03:29.209926+00
742	PR	0	(18.27,-65.65)	2022-05-26 18:03:29.209926+00	2022-05-26 18:03:29.209926+00
744	PR	0	(18.22,-65.79)	2022-05-26 18:03:29.209926+00	2022-05-26 18:03:29.209926+00
745	PR	27260	(18.38,-65.83)	2022-05-26 18:03:29.209926+00	2022-05-26 18:03:29.209926+00
751	PR	21315	(17.97,-66.29)	2022-05-26 18:03:29.209926+00	2022-05-26 18:03:29.209926+00
754	PR	23476	(18.19,-65.96)	2022-05-26 18:03:29.209926+00	2022-05-26 18:03:29.209926+00
757	PR	23965	(17.97,-66.4)	2022-05-26 18:03:29.209926+00	2022-05-26 18:03:29.209926+00
765	PR	22301	(18.13,-65.44)	2022-05-26 18:03:29.209926+00	2022-05-26 18:03:29.209926+00
766	PR	23195	(18.13,-66.48)	2022-05-26 18:03:29.209926+00	2022-05-26 18:03:29.209926+00
767	PR	20785	(18.04,-65.87)	2022-05-26 18:03:29.209926+00	2022-05-26 18:03:29.209926+00
769	PR	24221	(18.08,-66.36)	2022-05-26 18:03:29.209926+00	2022-05-26 18:03:29.209926+00
771	PR	25175	(18.18,-65.86)	2022-05-26 18:03:29.209926+00	2022-05-26 18:03:29.209926+00
772	PR	20101	(18.43,-65.88)	2022-05-26 18:03:29.209926+00	2022-05-26 18:03:29.209926+00
773	PR	25135	(18.37,-65.71)	2022-05-26 18:03:29.209926+00	2022-05-26 18:03:29.209926+00
775	PR	33625	(18.33,-65.3)	2022-05-26 18:03:29.209926+00	2022-05-26 18:03:29.209926+00
777	PR	21426	(18.22,-65.91)	2022-05-26 18:03:29.209926+00	2022-05-26 18:03:29.209926+00
778	PR	39044	(18.25,-65.97)	2022-05-26 18:03:29.209926+00	2022-05-26 18:03:29.209926+00
780	PR	23592	(18.09,-66.57)	2022-05-26 18:03:29.209926+00	2022-05-26 18:03:29.209926+00
782	PR	16700	(18.22,-66.22)	2022-05-26 18:03:29.209926+00	2022-05-26 18:03:29.209926+00
783	PR	17808	(18.34,-66.31)	2022-05-26 18:03:29.209926+00	2022-05-26 18:03:29.209926+00
784	PR	21116	(17.97,-66.11)	2022-05-26 18:03:29.209926+00	2022-05-26 18:03:29.209926+00
785	PR	0	(17.97,-66.11)	2022-05-26 18:03:29.209926+00	2022-05-26 18:03:29.209926+00
786	PR	37552	(18.16,-66.23)	2022-05-26 18:03:29.209926+00	2022-05-26 18:03:29.209926+00
791	PR	25582	(18.15,-65.81)	2022-05-26 18:03:29.209926+00	2022-05-26 18:03:29.209926+00
792	PR	0	(18.15,-65.81)	2022-05-26 18:03:29.209926+00	2022-05-26 18:03:29.209926+00
794	PR	19682	(18.18,-66.3)	2022-05-26 18:03:29.209926+00	2022-05-26 18:03:29.209926+00
795	PR	23528	(18.05,-66.5)	2022-05-26 18:03:29.209926+00	2022-05-26 18:03:29.209926+00
801	VI	0	(18.35,-64.93)	2022-05-26 18:03:29.209926+00	2022-05-26 18:03:29.209926+00
802	VI	0	(18.35,-64.93)	2022-05-26 18:03:29.209926+00	2022-05-26 18:03:29.209926+00
803	VI	0	(18.35,-64.93)	2022-05-26 18:03:29.209926+00	2022-05-26 18:03:29.209926+00
804	VI	0	(18.35,-64.93)	2022-05-26 18:03:29.209926+00	2022-05-26 18:03:29.209926+00
805	VI	0	(18.34,-64.93)	2022-05-26 18:03:29.209926+00	2022-05-26 18:03:29.209926+00
820	VI	0	(17.74,-64.7)	2022-05-26 18:03:29.209926+00	2022-05-26 18:03:29.209926+00
821	VI	0	(17.74,-64.7)	2022-05-26 18:03:29.209926+00	2022-05-26 18:03:29.209926+00
822	VI	0	(17.74,-64.7)	2022-05-26 18:03:29.209926+00	2022-05-26 18:03:29.209926+00
823	VI	0	(17.74,-64.7)	2022-05-26 18:03:29.209926+00	2022-05-26 18:03:29.209926+00
824	VI	0	(17.74,-64.7)	2022-05-26 18:03:29.209926+00	2022-05-26 18:03:29.209926+00
830	VI	0	(18.33,-64.79)	2022-05-26 18:03:29.209926+00	2022-05-26 18:03:29.209926+00
831	VI	0	(18.33,-64.79)	2022-05-26 18:03:29.209926+00	2022-05-26 18:03:29.209926+00
840	VI	0	(17.71,-64.88)	2022-05-26 18:03:29.209926+00	2022-05-26 18:03:29.209926+00
841	VI	0	(17.71,-64.88)	2022-05-26 18:03:29.209926+00	2022-05-26 18:03:29.209926+00
850	VI	0	(17.76,-64.82)	2022-05-26 18:03:29.209926+00	2022-05-26 18:03:29.209926+00
851	VI	0	(17.73,-64.8)	2022-05-26 18:03:29.209926+00	2022-05-26 18:03:29.209926+00
901	PR	40839	(18.47,-66.1)	2022-05-26 18:03:29.209926+00	2022-05-26 18:03:29.209926+00
902	PR	0	(18.4,-66.06)	2022-05-26 18:03:29.209926+00	2022-05-26 18:03:29.209926+00
906	PR	0	(18.46,-66.09)	2022-05-26 18:03:29.209926+00	2022-05-26 18:03:29.209926+00
907	PR	54813	(18.45,-66.08)	2022-05-26 18:03:29.209926+00	2022-05-26 18:03:29.209926+00
908	PR	0	(18.4,-66.06)	2022-05-26 18:03:29.209926+00	2022-05-26 18:03:29.209926+00
909	PR	24201	(18.44,-66.07)	2022-05-26 18:03:29.209926+00	2022-05-26 18:03:29.209926+00
910	PR	0	(18.4,-66.06)	2022-05-26 18:03:29.209926+00	2022-05-26 18:03:29.209926+00
911	PR	52912	(18.45,-66.06)	2022-05-26 18:03:29.209926+00	2022-05-26 18:03:29.209926+00
912	PR	28107	(18.45,-66.06)	2022-05-26 18:03:29.209926+00	2022-05-26 18:03:29.209926+00
913	PR	4506	(18.45,-66.04)	2022-05-26 18:03:29.209926+00	2022-05-26 18:03:29.209926+00
914	PR	0	(18.4,-66.06)	2022-05-26 18:03:29.209926+00	2022-05-26 18:03:29.209926+00
915	PR	15508	(18.44,-66.05)	2022-05-26 18:03:29.209926+00	2022-05-26 18:03:29.209926+00
916	PR	0	(18.4,-66.06)	2022-05-26 18:03:29.209926+00	2022-05-26 18:03:29.209926+00
917	PR	21911	(18.42,-66.05)	2022-05-26 18:03:29.209926+00	2022-05-26 18:03:29.209926+00
918	PR	43022	(18.42,-66.07)	2022-05-26 18:03:29.209926+00	2022-05-26 18:03:29.209926+00
919	PR	0	(18.4,-66.06)	2022-05-26 18:03:29.209926+00	2022-05-26 18:03:29.209926+00
920	PR	33612	(18.41,-66.09)	2022-05-26 18:03:29.209926+00	2022-05-26 18:03:29.209926+00
921	PR	23803	(18.39,-66.09)	2022-05-26 18:03:29.209926+00	2022-05-26 18:03:29.209926+00
922	PR	0	(18.4,-66.06)	2022-05-26 18:03:29.209926+00	2022-05-26 18:03:29.209926+00
923	PR	18466	(18.41,-66.04)	2022-05-26 18:03:29.209926+00	2022-05-26 18:03:29.209926+00
924	PR	20848	(18.4,-66.01)	2022-05-26 18:03:29.209926+00	2022-05-26 18:03:29.209926+00
925	PR	17024	(18.4,-66.05)	2022-05-26 18:03:29.209926+00	2022-05-26 18:03:29.209926+00
926	PR	45197	(18.35,-66.05)	2022-05-26 18:03:29.209926+00	2022-05-26 18:03:29.209926+00
927	PR	51667	(18.4,-66.06)	2022-05-26 18:03:29.209926+00	2022-05-26 18:03:29.209926+00
928	PR	0	(18.4,-66.06)	2022-05-26 18:03:29.209926+00	2022-05-26 18:03:29.209926+00
929	PR	0	(18.4,-66.06)	2022-05-26 18:03:29.209926+00	2022-05-26 18:03:29.209926+00
930	PR	0	(18.4,-66.06)	2022-05-26 18:03:29.209926+00	2022-05-26 18:03:29.209926+00
931	PR	0	(18.4,-66.06)	2022-05-26 18:03:29.209926+00	2022-05-26 18:03:29.209926+00
933	PR	0	(18.4,-66.06)	2022-05-26 18:03:29.209926+00	2022-05-26 18:03:29.209926+00
934	PR	0	(18.41,-66.12)	2022-05-26 18:03:29.209926+00	2022-05-26 18:03:29.209926+00
935	PR	0	(18.4,-66.06)	2022-05-26 18:03:29.209926+00	2022-05-26 18:03:29.209926+00
936	PR	0	(18.4,-66.07)	2022-05-26 18:03:29.209926+00	2022-05-26 18:03:29.209926+00
937	PR	0	(18.4,-66.06)	2022-05-26 18:03:29.209926+00	2022-05-26 18:03:29.209926+00
939	PR	0	(18.4,-66.06)	2022-05-26 18:03:29.209926+00	2022-05-26 18:03:29.209926+00
940	PR	0	(18.4,-66.06)	2022-05-26 18:03:29.209926+00	2022-05-26 18:03:29.209926+00
949	PR	32175	(18.44,-66.25)	2022-05-26 18:03:29.209926+00	2022-05-26 18:03:29.209926+00
950	PR	0	(18.46,-66.23)	2022-05-26 18:03:29.209926+00	2022-05-26 18:03:29.209926+00
951	PR	0	(18.43,-66.25)	2022-05-26 18:03:29.209926+00	2022-05-26 18:03:29.209926+00
952	PR	18679	(18.42,-66.19)	2022-05-26 18:03:29.209926+00	2022-05-26 18:03:29.209926+00
953	PR	34545	(18.39,-66.25)	2022-05-26 18:03:29.209926+00	2022-05-26 18:03:29.209926+00
954	PR	0	(18.39,-66.25)	2022-05-26 18:03:29.209926+00	2022-05-26 18:03:29.209926+00
955	PR	0	(18.4,-66.06)	2022-05-26 18:03:29.209926+00	2022-05-26 18:03:29.209926+00
956	PR	27862	(18.32,-66.17)	2022-05-26 18:03:29.209926+00	2022-05-26 18:03:29.209926+00
957	PR	30522	(18.37,-66.19)	2022-05-26 18:03:29.209926+00	2022-05-26 18:03:29.209926+00
958	PR	0	(18.28,-66.13)	2022-05-26 18:03:29.209926+00	2022-05-26 18:03:29.209926+00
959	PR	36643	(18.39,-66.15)	2022-05-26 18:03:29.209926+00	2022-05-26 18:03:29.209926+00
960	PR	0	(18.42,-66.15)	2022-05-26 18:03:29.209926+00	2022-05-26 18:03:29.209926+00
961	PR	36292	(18.41,-66.17)	2022-05-26 18:03:29.209926+00	2022-05-26 18:03:29.209926+00
962	PR	18520	(18.44,-66.15)	2022-05-26 18:03:29.209926+00	2022-05-26 18:03:29.209926+00
963	PR	0	(18.43,-66.11)	2022-05-26 18:03:29.209926+00	2022-05-26 18:03:29.209926+00
965	PR	19460	(18.43,-66.11)	2022-05-26 18:03:29.209926+00	2022-05-26 18:03:29.209926+00
966	PR	65114	(18.4,-66.12)	2022-05-26 18:03:29.209926+00	2022-05-26 18:03:29.209926+00
968	PR	88869	(18.41,-66.1)	2022-05-26 18:03:29.209926+00	2022-05-26 18:03:29.209926+00
969	PR	58539	(18.38,-66.11)	2022-05-26 18:03:29.209926+00	2022-05-26 18:03:29.209926+00
970	PR	0	(18.38,-66.11)	2022-05-26 18:03:29.209926+00	2022-05-26 18:03:29.209926+00
971	PR	29418	(18.32,-66.12)	2022-05-26 18:03:29.209926+00	2022-05-26 18:03:29.209926+00
975	PR	0	(18.4,-66.06)	2022-05-26 18:03:29.209926+00	2022-05-26 18:03:29.209926+00
976	PR	39346	(18.36,-66.01)	2022-05-26 18:03:29.209926+00	2022-05-26 18:03:29.209926+00
977	PR	0	(18.36,-66.01)	2022-05-26 18:03:29.209926+00	2022-05-26 18:03:29.209926+00
978	PR	0	(18.37,-66.01)	2022-05-26 18:03:29.209926+00	2022-05-26 18:03:29.209926+00
979	PR	47639	(18.44,-66.03)	2022-05-26 18:03:29.209926+00	2022-05-26 18:03:29.209926+00
981	PR	0	(18.4,-65.98)	2022-05-26 18:03:29.209926+00	2022-05-26 18:03:29.209926+00
982	PR	28143	(18.41,-65.99)	2022-05-26 18:03:29.209926+00	2022-05-26 18:03:29.209926+00
983	PR	30010	(18.4,-65.98)	2022-05-26 18:03:29.209926+00	2022-05-26 18:03:29.209926+00
984	PR	0	(18.4,-65.98)	2022-05-26 18:03:29.209926+00	2022-05-26 18:03:29.209926+00
985	PR	31349	(18.41,-65.95)	2022-05-26 18:03:29.209926+00	2022-05-26 18:03:29.209926+00
986	PR	0	(18.4,-65.98)	2022-05-26 18:03:29.209926+00	2022-05-26 18:03:29.209926+00
987	PR	37438	(18.34,-65.94)	2022-05-26 18:03:29.209926+00	2022-05-26 18:03:29.209926+00
988	PR	0	(18.4,-65.98)	2022-05-26 18:03:29.209926+00	2022-05-26 18:03:29.209926+00
96799	AS	0	(-14.27,-170.7)	2022-05-26 18:03:29.209926+00	2022-05-26 18:03:29.209926+00
96910	GU	0	(13.47,144.74)	2022-05-26 18:03:29.209926+00	2022-05-26 18:03:29.209926+00
96912	GU	0	(13.51,144.83)	2022-05-26 18:03:29.209926+00	2022-05-26 18:03:29.209926+00
96913	GU	0	(13.46,144.79)	2022-05-26 18:03:29.209926+00	2022-05-26 18:03:29.209926+00
96915	GU	0	(13.38,144.66)	2022-05-26 18:03:29.209926+00	2022-05-26 18:03:29.209926+00
96916	GU	0	(13.26,144.66)	2022-05-26 18:03:29.209926+00	2022-05-26 18:03:29.209926+00
96917	GU	0	(13.27,144.74)	2022-05-26 18:03:29.209926+00	2022-05-26 18:03:29.209926+00
96919	GU	0	(13.46,144.74)	2022-05-26 18:03:29.209926+00	2022-05-26 18:03:29.209926+00
96921	GU	0	(13.46,144.79)	2022-05-26 18:03:29.209926+00	2022-05-26 18:03:29.209926+00
96923	GU	0	(13.43,144.79)	2022-05-26 18:03:29.209926+00	2022-05-26 18:03:29.209926+00
96928	GU	0	(13.38,144.65)	2022-05-26 18:03:29.209926+00	2022-05-26 18:03:29.209926+00
96929	GU	0	(13.53,144.88)	2022-05-26 18:03:29.209926+00	2022-05-26 18:03:29.209926+00
96931	GU	0	(13.48,144.77)	2022-05-26 18:03:29.209926+00	2022-05-26 18:03:29.209926+00
96932	GU	0	(13.47,144.74)	2022-05-26 18:03:29.209926+00	2022-05-26 18:03:29.209926+00
96939	PW	0	(7.51,134.58)	2022-05-26 18:03:29.209926+00	2022-05-26 18:03:29.209926+00
96940	PW	0	(7.5,134.5)	2022-05-26 18:03:29.209926+00	2022-05-26 18:03:29.209926+00
96941	FM	0	(6.85,158.26)	2022-05-26 18:03:29.209926+00	2022-05-26 18:03:29.209926+00
96942	FM	0	(7.33,151.8)	2022-05-26 18:03:29.209926+00	2022-05-26 18:03:29.209926+00
96943	FM	0	(9.5,138.14)	2022-05-26 18:03:29.209926+00	2022-05-26 18:03:29.209926+00
96944	FM	0	(5.29,162.97)	2022-05-26 18:03:29.209926+00	2022-05-26 18:03:29.209926+00
96950	MP	0	(15.17,145.75)	2022-05-26 18:03:29.209926+00	2022-05-26 18:03:29.209926+00
96951	MP	0	(14.15,145.21)	2022-05-26 18:03:29.209926+00	2022-05-26 18:03:29.209926+00
96952	MP	0	(15,145.63)	2022-05-26 18:03:29.209926+00	2022-05-26 18:03:29.209926+00
96960	MH	0	(7.11,171.18)	2022-05-26 18:03:29.209926+00	2022-05-26 18:03:29.209926+00
96970	MH	0	(8.78,167.73)	2022-05-26 18:03:29.209926+00	2022-05-26 18:03:29.209926+00
\.


--
-- Data for Name: schools; Type: TABLE DATA; Schema: upchieve; Owner: admin
--

COPY upchieve.schools (id, name, approved, partner, city_id, created_at, updated_at, mongo_id, legacy_city_name) FROM stdin;
01810189-b5ab-83ab-6f53-ccb61687c6de	Unapproved School	f	f	1	2022-05-26 18:03:31.118517+00	2022-05-26 18:03:31.118517+00	\N	\N
01810189-b5ab-b8af-3f5e-ac6af7944a66	Approved School	t	f	1	2022-05-26 18:03:31.120854+00	2022-05-26 18:03:31.120854+00	\N	\N
01810189-b5ab-f93b-7f23-2e9e7b2dbdea	Approved Partner School	t	t	2	2022-05-26 18:03:31.122283+00	2022-05-26 18:03:31.122283+00	\N	\N
01810189-b5ab-84f2-1a2e-9576f8314bbf	Another Approved Partner School	t	t	2	2022-05-26 18:03:31.123657+00	2022-05-26 18:03:31.123657+00	\N	\N
\.


--
-- Data for Name: ineligible_students; Type: TABLE DATA; Schema: upchieve; Owner: admin
--

COPY upchieve.ineligible_students (id, email, postal_code, ip_address_id, school_id, grade_level_id, created_at, updated_at, mongo_id, referred_by) FROM stdin;
\.


--
-- Data for Name: legacy_availability_histories; Type: TABLE DATA; Schema: upchieve; Owner: admin
--

COPY upchieve.legacy_availability_histories (id, mongo_id, user_id, timezone, recorded_at, legacy_availability, created_at, updated_at) FROM stdin;
\.


--
-- Data for Name: notification_methods; Type: TABLE DATA; Schema: upchieve; Owner: admin
--

COPY upchieve.notification_methods (id, method, created_at, updated_at) FROM stdin;
1	sms	2022-05-26 18:03:29.107521+00	2022-05-26 18:03:29.107521+00
2	push	2022-05-26 18:03:29.108581+00	2022-05-26 18:03:29.108581+00
3	voice	2022-05-26 18:03:29.109443+00	2022-05-26 18:03:29.109443+00
4	email	2022-05-26 18:03:29.110438+00	2022-05-26 18:03:29.110438+00
\.


--
-- Data for Name: notification_priority_groups; Type: TABLE DATA; Schema: upchieve; Owner: admin
--

COPY upchieve.notification_priority_groups (id, name, priority, created_at, updated_at) FROM stdin;
1	follow-up	-1	2022-05-26 18:03:29.111292+00	2022-05-26 18:03:29.111292+00
11	LEGACY: Regular volunteers - not notified in the last 7 days	-1	2022-05-26 18:03:29.123971+00	2022-05-26 18:03:29.123971+00
12	LEGACY: Partner volunteers - not notified in the last 7 days	-1	2022-05-26 18:03:29.125246+00	2022-05-26 18:03:29.125246+00
13	LEGACY: Partner volunteers - not notified in the last 3 days	-1	2022-05-26 18:03:29.126412+00	2022-05-26 18:03:29.126412+00
14	LEGACY: All volunteers - not notified in the last 15 mins who don't have "high level subjects"	-1	2022-05-26 18:03:29.127468+00	2022-05-26 18:03:29.127468+00
15	LEGACY: Mizuho and Atlassian volunteers - Not notified in last 3 days	-1	2022-05-26 18:03:29.128641+00	2022-05-26 18:03:29.128641+00
16	LEGACY: null	-1	2022-05-26 18:03:29.12994+00	2022-05-26 18:03:29.12994+00
2	Partner volunteers - not notified in the last 3 days AND they don't have "high level subjects"	20	2022-05-26 18:03:29.112506+00	2022-05-26 18:03:29.197472+00
3	Regular volunteers - not notified in the last 3 days AND they don't have "high level subjects"	30	2022-05-26 18:03:29.113808+00	2022-05-26 18:03:29.197472+00
4	Partner volunteers - not notified in the last 24 hours AND they don't have "high level subjects"	40	2022-05-26 18:03:29.114918+00	2022-05-26 18:03:29.197472+00
5	Regular volunteers - not notified in the last 24 hours AND they don't have "high level subjects"	50	2022-05-26 18:03:29.116382+00	2022-05-26 18:03:29.197472+00
6	All volunteers - not notified in the last 24 hours	60	2022-05-26 18:03:29.117619+00	2022-05-26 18:03:29.197472+00
7	All volunteers - not notified in the last 60 mins	70	2022-05-26 18:03:29.118762+00	2022-05-26 18:03:29.197472+00
8	All volunteers - not notified in the last 15 mins	80	2022-05-26 18:03:29.119954+00	2022-05-26 18:03:29.197472+00
9	Verizon volunteers - not notified in the last 24 hours AND they don't have "high level subjects"	90	2022-05-26 18:03:29.121155+00	2022-05-26 18:03:29.197472+00
10	Verizon volunteers - not notified in the last 3 days AND they don't have "high level subjects"	100	2022-05-26 18:03:29.122691+00	2022-05-26 18:03:29.197472+00
17	Favorite volunteers - not notified in the last 15 mins	10	2022-05-26 18:03:29.197472+00	2022-05-26 18:03:29.197472+00
18	Associated partner volunteers - not notified in the last 24 hours AND they don't have "high level subjects"	85	2022-05-26 18:03:29.226047+00	2022-05-26 18:03:29.226047+00
19	Associated partner volunteers - not notified in the last 3 days AND they don't have "high level subjects"	95	2022-05-26 18:03:29.226047+00	2022-05-26 18:03:29.226047+00
\.


--
-- Data for Name: notification_types; Type: TABLE DATA; Schema: upchieve; Owner: admin
--

COPY upchieve.notification_types (id, type, created_at, updated_at) FROM stdin;
1	initial	2022-05-26 18:03:29.105337+00	2022-05-26 18:03:29.105337+00
2	followup	2022-05-26 18:03:29.106473+00	2022-05-26 18:03:29.106473+00
\.


--
-- Data for Name: notifications; Type: TABLE DATA; Schema: upchieve; Owner: admin
--

COPY upchieve.notifications (id, user_id, sent_at, type_id, method_id, priority_group_id, successful, session_id, message_carrier_id, created_at, updated_at, mongo_id) FROM stdin;
\.


--
-- Data for Name: photo_id_statuses; Type: TABLE DATA; Schema: upchieve; Owner: admin
--

COPY upchieve.photo_id_statuses (id, name, created_at, updated_at) FROM stdin;
1	approved	2022-05-26 18:03:28.541233+00	2022-05-26 18:03:28.541233+00
2	submitted	2022-05-26 18:03:28.542508+00	2022-05-26 18:03:28.542508+00
3	rejected	2022-05-26 18:03:28.543536+00	2022-05-26 18:03:28.543536+00
4	empty	2022-05-26 18:03:28.544502+00	2022-05-26 18:03:28.544502+00
\.


--
-- Data for Name: pre_session_surveys; Type: TABLE DATA; Schema: upchieve; Owner: admin
--

COPY upchieve.pre_session_surveys (id, response_data, session_id, user_id, created_at, updated_at, mongo_id) FROM stdin;
\.


--
-- Data for Name: push_tokens; Type: TABLE DATA; Schema: upchieve; Owner: admin
--

COPY upchieve.push_tokens (id, user_id, token, created_at, updated_at) FROM stdin;
\.


--
-- Data for Name: quizzes; Type: TABLE DATA; Schema: upchieve; Owner: admin
--

COPY upchieve.quizzes (id, name, created_at, updated_at) FROM stdin;
1	prealgebra	2022-05-26 18:03:28.584566+00	2022-05-26 18:03:28.584566+00
2	statistics	2022-05-26 18:03:28.585834+00	2022-05-26 18:03:28.585834+00
3	geometry	2022-05-26 18:03:28.58681+00	2022-05-26 18:03:28.58681+00
4	biology	2022-05-26 18:03:28.587762+00	2022-05-26 18:03:28.587762+00
5	chemistry	2022-05-26 18:03:28.588941+00	2022-05-26 18:03:28.588941+00
6	physicsOne	2022-05-26 18:03:28.589877+00	2022-05-26 18:03:28.589877+00
7	physicsTwo	2022-05-26 18:03:28.590723+00	2022-05-26 18:03:28.590723+00
8	environmentalScience	2022-05-26 18:03:28.591592+00	2022-05-26 18:03:28.591592+00
9	essays	2022-05-26 18:03:28.592542+00	2022-05-26 18:03:28.592542+00
10	applications	2022-05-26 18:03:28.593734+00	2022-05-26 18:03:28.593734+00
11	planning	2022-05-26 18:03:28.594618+00	2022-05-26 18:03:28.594618+00
12	satMath	2022-05-26 18:03:28.595515+00	2022-05-26 18:03:28.595515+00
13	satReading	2022-05-26 18:03:28.596354+00	2022-05-26 18:03:28.596354+00
14	collegeCounseling	2022-05-26 18:03:28.597236+00	2022-05-26 18:03:28.597236+00
15	humanitiesEssays	2022-05-26 18:03:28.598157+00	2022-05-26 18:03:28.598157+00
16	algebraOne	2022-05-26 18:03:28.598999+00	2022-05-26 18:03:28.598999+00
17	algebraTwo	2022-05-26 18:03:28.599916+00	2022-05-26 18:03:28.599916+00
18	trigonometry	2022-05-26 18:03:28.600768+00	2022-05-26 18:03:28.600768+00
19	precalculus	2022-05-26 18:03:28.601581+00	2022-05-26 18:03:28.601581+00
20	calculusAB	2022-05-26 18:03:28.602483+00	2022-05-26 18:03:28.602483+00
21	calculusBC	2022-05-26 18:03:28.603501+00	2022-05-26 18:03:28.603501+00
22	upchieve101	2022-05-26 18:03:28.604346+00	2022-05-26 18:03:28.604346+00
23	reading	2022-05-26 18:03:28.60522+00	2022-05-26 18:03:28.60522+00
24	anatomy	2022-05-26 18:03:28.60618+00	2022-05-26 18:03:28.60618+00
\.


--
-- Data for Name: quiz_certification_grants; Type: TABLE DATA; Schema: upchieve; Owner: admin
--

COPY upchieve.quiz_certification_grants (quiz_id, certification_id, created_at, updated_at) FROM stdin;
1	1	2022-05-26 18:03:29.0069+00	2022-05-26 18:03:29.0069+00
2	2	2022-05-26 18:03:29.008267+00	2022-05-26 18:03:29.008267+00
3	3	2022-05-26 18:03:29.009773+00	2022-05-26 18:03:29.009773+00
4	4	2022-05-26 18:03:29.010986+00	2022-05-26 18:03:29.010986+00
5	5	2022-05-26 18:03:29.012047+00	2022-05-26 18:03:29.012047+00
6	6	2022-05-26 18:03:29.013194+00	2022-05-26 18:03:29.013194+00
7	7	2022-05-26 18:03:29.014509+00	2022-05-26 18:03:29.014509+00
8	8	2022-05-26 18:03:29.015712+00	2022-05-26 18:03:29.015712+00
9	9	2022-05-26 18:03:29.016793+00	2022-05-26 18:03:29.016793+00
10	10	2022-05-26 18:03:29.018114+00	2022-05-26 18:03:29.018114+00
11	11	2022-05-26 18:03:29.019011+00	2022-05-26 18:03:29.019011+00
12	12	2022-05-26 18:03:29.020383+00	2022-05-26 18:03:29.020383+00
13	13	2022-05-26 18:03:29.021325+00	2022-05-26 18:03:29.021325+00
14	11	2022-05-26 18:03:29.022267+00	2022-05-26 18:03:29.022267+00
14	10	2022-05-26 18:03:29.023437+00	2022-05-26 18:03:29.023437+00
15	15	2022-05-26 18:03:29.024364+00	2022-05-26 18:03:29.024364+00
17	16	2022-05-26 18:03:29.025599+00	2022-05-26 18:03:29.025599+00
17	17	2022-05-26 18:03:29.026812+00	2022-05-26 18:03:29.026812+00
17	1	2022-05-26 18:03:29.027931+00	2022-05-26 18:03:29.027931+00
16	16	2022-05-26 18:03:29.029019+00	2022-05-26 18:03:29.029019+00
16	1	2022-05-26 18:03:29.029997+00	2022-05-26 18:03:29.029997+00
18	18	2022-05-26 18:03:29.031294+00	2022-05-26 18:03:29.031294+00
19	16	2022-05-26 18:03:29.032538+00	2022-05-26 18:03:29.032538+00
19	17	2022-05-26 18:03:29.03413+00	2022-05-26 18:03:29.03413+00
19	1	2022-05-26 18:03:29.035471+00	2022-05-26 18:03:29.035471+00
19	18	2022-05-26 18:03:29.036727+00	2022-05-26 18:03:29.036727+00
19	19	2022-05-26 18:03:29.037952+00	2022-05-26 18:03:29.037952+00
20	16	2022-05-26 18:03:29.039313+00	2022-05-26 18:03:29.039313+00
20	17	2022-05-26 18:03:29.040383+00	2022-05-26 18:03:29.040383+00
20	1	2022-05-26 18:03:29.041837+00	2022-05-26 18:03:29.041837+00
20	18	2022-05-26 18:03:29.04307+00	2022-05-26 18:03:29.04307+00
20	19	2022-05-26 18:03:29.046415+00	2022-05-26 18:03:29.046415+00
20	20	2022-05-26 18:03:29.047235+00	2022-05-26 18:03:29.047235+00
21	16	2022-05-26 18:03:29.048416+00	2022-05-26 18:03:29.048416+00
21	17	2022-05-26 18:03:29.049329+00	2022-05-26 18:03:29.049329+00
21	1	2022-05-26 18:03:29.050454+00	2022-05-26 18:03:29.050454+00
21	18	2022-05-26 18:03:29.051614+00	2022-05-26 18:03:29.051614+00
21	19	2022-05-26 18:03:29.052799+00	2022-05-26 18:03:29.052799+00
21	20	2022-05-26 18:03:29.053916+00	2022-05-26 18:03:29.053916+00
21	21	2022-05-26 18:03:29.055276+00	2022-05-26 18:03:29.055276+00
23	22	2022-05-26 18:03:29.203052+00	2022-05-26 18:03:29.203052+00
\.


--
-- Data for Name: quiz_subcategories; Type: TABLE DATA; Schema: upchieve; Owner: admin
--

COPY upchieve.quiz_subcategories (id, name, quiz_id, created_at, updated_at) FROM stdin;
1	numbers	1	2022-05-26 18:03:28.608262+00	2022-05-26 18:03:28.608262+00
2	arithmetic properties	1	2022-05-26 18:03:28.60997+00	2022-05-26 18:03:28.60997+00
3	exponents	1	2022-05-26 18:03:28.61087+00	2022-05-26 18:03:28.61087+00
4	exponents and radicals	1	2022-05-26 18:03:28.612159+00	2022-05-26 18:03:28.612159+00
5	polynomials	1	2022-05-26 18:03:28.613217+00	2022-05-26 18:03:28.613217+00
6	fractions	1	2022-05-26 18:03:28.614134+00	2022-05-26 18:03:28.614134+00
7	linear equations	16	2022-05-26 18:03:28.615023+00	2022-05-26 18:03:28.615023+00
8	rational exponents and radicals	16	2022-05-26 18:03:28.615951+00	2022-05-26 18:03:28.615951+00
9	application of linear equations	16	2022-05-26 18:03:28.616887+00	2022-05-26 18:03:28.616887+00
10	two variable equations	16	2022-05-26 18:03:28.617821+00	2022-05-26 18:03:28.617821+00
11	rational expressions	16	2022-05-26 18:03:28.61872+00	2022-05-26 18:03:28.61872+00
12	complex numbers	16	2022-05-26 18:03:28.619618+00	2022-05-26 18:03:28.619618+00
13	functions_domain_range	17	2022-05-26 18:03:28.620508+00	2022-05-26 18:03:28.620508+00
14	higher_degree_polynomials	17	2022-05-26 18:03:28.621513+00	2022-05-26 18:03:28.621513+00
15	square_root_equations	17	2022-05-26 18:03:28.622444+00	2022-05-26 18:03:28.622444+00
16	roots_of_polynomials	17	2022-05-26 18:03:28.623347+00	2022-05-26 18:03:28.623347+00
17	multiply_polynomials_binomial	17	2022-05-26 18:03:28.624325+00	2022-05-26 18:03:28.624325+00
18	rational_radical_absolute	17	2022-05-26 18:03:28.625305+00	2022-05-26 18:03:28.625305+00
19	logarithms_properties	17	2022-05-26 18:03:28.626272+00	2022-05-26 18:03:28.626272+00
20	rational_expressions	17	2022-05-26 18:03:28.627178+00	2022-05-26 18:03:28.627178+00
21	systems_of_linear_equations	17	2022-05-26 18:03:28.628082+00	2022-05-26 18:03:28.628082+00
22	arithmetic_and_geometric_sequences	17	2022-05-26 18:03:28.629102+00	2022-05-26 18:03:28.629102+00
23	functions_domain	17	2022-05-26 18:03:28.630088+00	2022-05-26 18:03:28.630088+00
24	solving_linear_equations	17	2022-05-26 18:03:28.630973+00	2022-05-26 18:03:28.630973+00
25	function_transformations_shifts	17	2022-05-26 18:03:28.631854+00	2022-05-26 18:03:28.631854+00
26	graphing_quadratic_functions	17	2022-05-26 18:03:28.632787+00	2022-05-26 18:03:28.632787+00
27	exponential_functions_growth	17	2022-05-26 18:03:28.635359+00	2022-05-26 18:03:28.635359+00
28	rounding_and_scientific_notation	17	2022-05-26 18:03:28.63637+00	2022-05-26 18:03:28.63637+00
29	square root_equations_quadratic	17	2022-05-26 18:03:28.637312+00	2022-05-26 18:03:28.637312+00
30	advanced_factoring_techniques	17	2022-05-26 18:03:28.638255+00	2022-05-26 18:03:28.638255+00
31	congruence and similarity	3	2022-05-26 18:03:28.639112+00	2022-05-26 18:03:28.639112+00
32	vertices	3	2022-05-26 18:03:28.639972+00	2022-05-26 18:03:28.639972+00
33	angles	3	2022-05-26 18:03:28.640903+00	2022-05-26 18:03:28.640903+00
34	circles	3	2022-05-26 18:03:28.641778+00	2022-05-26 18:03:28.641778+00
35	triangles	3	2022-05-26 18:03:28.642698+00	2022-05-26 18:03:28.642698+00
36	rectangles	3	2022-05-26 18:03:28.64363+00	2022-05-26 18:03:28.64363+00
37	angles	18	2022-05-26 18:03:28.644471+00	2022-05-26 18:03:28.644471+00
38	triangles	18	2022-05-26 18:03:28.645272+00	2022-05-26 18:03:28.645272+00
39	right triangles	18	2022-05-26 18:03:28.646155+00	2022-05-26 18:03:28.646155+00
40	quadrants	18	2022-05-26 18:03:28.647125+00	2022-05-26 18:03:28.647125+00
41	radians	18	2022-05-26 18:03:28.648041+00	2022-05-26 18:03:28.648041+00
42	unit circles	18	2022-05-26 18:03:28.649092+00	2022-05-26 18:03:28.649092+00
43	inequalities	18	2022-05-26 18:03:28.650171+00	2022-05-26 18:03:28.650171+00
44	representing data numerically	2	2022-05-26 18:03:28.651231+00	2022-05-26 18:03:28.651231+00
45	representing data graphically	2	2022-05-26 18:03:28.652345+00	2022-05-26 18:03:28.652345+00
46	two means	2	2022-05-26 18:03:28.653361+00	2022-05-26 18:03:28.653361+00
47	two proportions	2	2022-05-26 18:03:28.654536+00	2022-05-26 18:03:28.654536+00
48	levels of measurement	2	2022-05-26 18:03:28.655392+00	2022-05-26 18:03:28.655392+00
49	types of sampling	2	2022-05-26 18:03:28.65621+00	2022-05-26 18:03:28.65621+00
50	finding probability	2	2022-05-26 18:03:28.657085+00	2022-05-26 18:03:28.657085+00
51	finding x from z score	2	2022-05-26 18:03:28.657923+00	2022-05-26 18:03:28.657923+00
52	z score	2	2022-05-26 18:03:28.658788+00	2022-05-26 18:03:28.658788+00
53	basic set operations	2	2022-05-26 18:03:28.660085+00	2022-05-26 18:03:28.660085+00
54	compound events	2	2022-05-26 18:03:28.660969+00	2022-05-26 18:03:28.660969+00
55	conditional probability	2	2022-05-26 18:03:28.661797+00	2022-05-26 18:03:28.661797+00
56	independent probability	2	2022-05-26 18:03:28.66269+00	2022-05-26 18:03:28.66269+00
57	permutations and combinations	2	2022-05-26 18:03:28.663627+00	2022-05-26 18:03:28.663627+00
58	random variables distributions	2	2022-05-26 18:03:28.664607+00	2022-05-26 18:03:28.664607+00
59	relationships between variables	2	2022-05-26 18:03:28.665798+00	2022-05-26 18:03:28.665798+00
60	confidence intervals	2	2022-05-26 18:03:28.666699+00	2022-05-26 18:03:28.666699+00
61	interpreting pvalue	2	2022-05-26 18:03:28.667578+00	2022-05-26 18:03:28.667578+00
62	finding the test statistic	2	2022-05-26 18:03:28.668355+00	2022-05-26 18:03:28.668355+00
63	rectangular coordinates	19	2022-05-26 18:03:28.669388+00	2022-05-26 18:03:28.669388+00
64	linear inequalities	19	2022-05-26 18:03:28.67045+00	2022-05-26 18:03:28.67045+00
65	functions	19	2022-05-26 18:03:28.671546+00	2022-05-26 18:03:28.671546+00
66	rational exponents	19	2022-05-26 18:03:28.672454+00	2022-05-26 18:03:28.672454+00
67	quadratic functions	19	2022-05-26 18:03:28.673572+00	2022-05-26 18:03:28.673572+00
68	logarithms and exponents	19	2022-05-26 18:03:28.674468+00	2022-05-26 18:03:28.674468+00
69	absolute extrema	20	2022-05-26 18:03:28.675713+00	2022-05-26 18:03:28.675713+00
70	antiderivatives	20	2022-05-26 18:03:28.676619+00	2022-05-26 18:03:28.676619+00
71	area between curves	20	2022-05-26 18:03:28.677557+00	2022-05-26 18:03:28.677557+00
72	chain rule	20	2022-05-26 18:03:28.678455+00	2022-05-26 18:03:28.678455+00
73	concavity	20	2022-05-26 18:03:28.679381+00	2022-05-26 18:03:28.679381+00
74	continuity	20	2022-05-26 18:03:28.680552+00	2022-05-26 18:03:28.680552+00
75	derivatives	20	2022-05-26 18:03:28.681508+00	2022-05-26 18:03:28.681508+00
76	differential equations	20	2022-05-26 18:03:28.682415+00	2022-05-26 18:03:28.682415+00
77	fundamental theorem	20	2022-05-26 18:03:28.683244+00	2022-05-26 18:03:28.683244+00
78	lhopitals rule	20	2022-05-26 18:03:28.684102+00	2022-05-26 18:03:28.684102+00
79	implicit differentiation	20	2022-05-26 18:03:28.684928+00	2022-05-26 18:03:28.684928+00
80	mean value theorem	20	2022-05-26 18:03:28.685674+00	2022-05-26 18:03:28.685674+00
81	optimization	20	2022-05-26 18:03:28.686579+00	2022-05-26 18:03:28.686579+00
82	reimann sums	20	2022-05-26 18:03:28.687414+00	2022-05-26 18:03:28.687414+00
83	related rates	20	2022-05-26 18:03:28.688202+00	2022-05-26 18:03:28.688202+00
84	relative extrema	20	2022-05-26 18:03:28.688908+00	2022-05-26 18:03:28.688908+00
85	absolute extrema	21	2022-05-26 18:03:28.689665+00	2022-05-26 18:03:28.689665+00
86	antiderivatives	21	2022-05-26 18:03:28.690431+00	2022-05-26 18:03:28.690431+00
87	area between curves	21	2022-05-26 18:03:28.69121+00	2022-05-26 18:03:28.69121+00
88	chain rule	21	2022-05-26 18:03:28.692255+00	2022-05-26 18:03:28.692255+00
89	derivatives	21	2022-05-26 18:03:28.693236+00	2022-05-26 18:03:28.693236+00
90	differential equations	21	2022-05-26 18:03:28.694138+00	2022-05-26 18:03:28.694138+00
91	fundamental theorem of calculus	21	2022-05-26 18:03:28.695046+00	2022-05-26 18:03:28.695046+00
92	implicit differentiation	21	2022-05-26 18:03:28.69589+00	2022-05-26 18:03:28.69589+00
93	infinite sequences	21	2022-05-26 18:03:28.696744+00	2022-05-26 18:03:28.696744+00
94	limits	21	2022-05-26 18:03:28.697603+00	2022-05-26 18:03:28.697603+00
95	integration by parts	21	2022-05-26 18:03:28.698561+00	2022-05-26 18:03:28.698561+00
96	mean value theorem	21	2022-05-26 18:03:28.699614+00	2022-05-26 18:03:28.699614+00
97	optimization	21	2022-05-26 18:03:28.700566+00	2022-05-26 18:03:28.700566+00
98	parametric	21	2022-05-26 18:03:28.70141+00	2022-05-26 18:03:28.70141+00
99	reimann sums	21	2022-05-26 18:03:28.702258+00	2022-05-26 18:03:28.702258+00
100	relative extrema	21	2022-05-26 18:03:28.703148+00	2022-05-26 18:03:28.703148+00
101	taylor polynomials	21	2022-05-26 18:03:28.70426+00	2022-05-26 18:03:28.70426+00
102	basic	9	2022-05-26 18:03:28.705191+00	2022-05-26 18:03:28.705191+00
103	commonapp	9	2022-05-26 18:03:28.706354+00	2022-05-26 18:03:28.706354+00
104	answer	9	2022-05-26 18:03:28.707277+00	2022-05-26 18:03:28.707277+00
105	dhistory	9	2022-05-26 18:03:28.708224+00	2022-05-26 18:03:28.708224+00
106	optional	9	2022-05-26 18:03:28.711653+00	2022-05-26 18:03:28.711653+00
107	supplemental	9	2022-05-26 18:03:28.712722+00	2022-05-26 18:03:28.712722+00
108	exam	11	2022-05-26 18:03:28.749367+00	2022-05-26 18:03:28.749367+00
109	type	11	2022-05-26 18:03:28.75064+00	2022-05-26 18:03:28.75064+00
110	LOR	11	2022-05-26 18:03:28.751631+00	2022-05-26 18:03:28.751631+00
111	basic	11	2022-05-26 18:03:28.752586+00	2022-05-26 18:03:28.752586+00
112	timeline	10	2022-05-26 18:03:28.75356+00	2022-05-26 18:03:28.75356+00
113	resume	10	2022-05-26 18:03:28.754731+00	2022-05-26 18:03:28.754731+00
114	schools	10	2022-05-26 18:03:28.755701+00	2022-05-26 18:03:28.755701+00
115	fees	10	2022-05-26 18:03:28.756698+00	2022-05-26 18:03:28.756698+00
116	FinAid	10	2022-05-26 18:03:28.757889+00	2022-05-26 18:03:28.757889+00
117	LOR	10	2022-05-26 18:03:28.758825+00	2022-05-26 18:03:28.758825+00
118	basic	10	2022-05-26 18:03:28.759657+00	2022-05-26 18:03:28.759657+00
119	biochemistry	4	2022-05-26 18:03:28.760668+00	2022-05-26 18:03:28.760668+00
120	the cell	4	2022-05-26 18:03:28.761513+00	2022-05-26 18:03:28.761513+00
121	cell division	4	2022-05-26 18:03:28.762357+00	2022-05-26 18:03:28.762357+00
122	cellular respiration	4	2022-05-26 18:03:28.763576+00	2022-05-26 18:03:28.763576+00
123	photosynthesis and plants	4	2022-05-26 18:03:28.764439+00	2022-05-26 18:03:28.764439+00
124	classical genetics	4	2022-05-26 18:03:28.765308+00	2022-05-26 18:03:28.765308+00
125	molecular genetics	4	2022-05-26 18:03:28.766181+00	2022-05-26 18:03:28.766181+00
126	animal behavior and physiology	4	2022-05-26 18:03:28.767046+00	2022-05-26 18:03:28.767046+00
127	ecology	4	2022-05-26 18:03:28.768015+00	2022-05-26 18:03:28.768015+00
128	human physiology and anatomy	4	2022-05-26 18:03:28.768981+00	2022-05-26 18:03:28.768981+00
129	evolution and taxonomy	4	2022-05-26 18:03:28.769885+00	2022-05-26 18:03:28.769885+00
130	chemical reactions	5	2022-05-26 18:03:28.770773+00	2022-05-26 18:03:28.770773+00
131	atoms, compounds, and ions	5	2022-05-26 18:03:28.771724+00	2022-05-26 18:03:28.771724+00
132	stoichiometry	5	2022-05-26 18:03:28.772624+00	2022-05-26 18:03:28.772624+00
133	electron structure of atoms	5	2022-05-26 18:03:28.773574+00	2022-05-26 18:03:28.773574+00
134	periodic table	5	2022-05-26 18:03:28.774495+00	2022-05-26 18:03:28.774495+00
135	chemical bonds	5	2022-05-26 18:03:28.775367+00	2022-05-26 18:03:28.775367+00
136	gases	5	2022-05-26 18:03:28.776291+00	2022-05-26 18:03:28.776291+00
137	states of matter and intermolecular forces	5	2022-05-26 18:03:28.777193+00	2022-05-26 18:03:28.777193+00
138	chemical equilibrium	5	2022-05-26 18:03:28.778164+00	2022-05-26 18:03:28.778164+00
139	acids and bases	5	2022-05-26 18:03:28.77909+00	2022-05-26 18:03:28.77909+00
140	buffers, titrations, and solubility equilibria	5	2022-05-26 18:03:28.78002+00	2022-05-26 18:03:28.78002+00
141	thermodynamics	5	2022-05-26 18:03:28.780902+00	2022-05-26 18:03:28.780902+00
142	redox reactions and electrochemistry	5	2022-05-26 18:03:28.781843+00	2022-05-26 18:03:28.781843+00
143	kinetics	5	2022-05-26 18:03:28.782738+00	2022-05-26 18:03:28.782738+00
144	nuclear chemistry	5	2022-05-26 18:03:28.783713+00	2022-05-26 18:03:28.783713+00
145	kinematics	5	2022-05-26 18:03:28.784614+00	2022-05-26 18:03:28.784614+00
146	kinematics	6	2022-05-26 18:03:28.785538+00	2022-05-26 18:03:28.785538+00
147	newton's laws	6	2022-05-26 18:03:28.786476+00	2022-05-26 18:03:28.786476+00
148	rotational mechanics	6	2022-05-26 18:03:28.787372+00	2022-05-26 18:03:28.787372+00
149	work and energy	6	2022-05-26 18:03:28.78829+00	2022-05-26 18:03:28.78829+00
150	momentum and collisions	6	2022-05-26 18:03:28.789142+00	2022-05-26 18:03:28.789142+00
151	thermodynamics	6	2022-05-26 18:03:28.79004+00	2022-05-26 18:03:28.79004+00
152	electrostatics	6	2022-05-26 18:03:28.791313+00	2022-05-26 18:03:28.791313+00
153	magnetism	6	2022-05-26 18:03:28.792364+00	2022-05-26 18:03:28.792364+00
154	waves and sound	6	2022-05-26 18:03:28.793341+00	2022-05-26 18:03:28.793341+00
155	refraction and reflection	6	2022-05-26 18:03:28.794308+00	2022-05-26 18:03:28.794308+00
156	gravity/gen relativity	6	2022-05-26 18:03:28.795489+00	2022-05-26 18:03:28.795489+00
157	Fluids - density and pressure	7	2022-05-26 18:03:28.796499+00	2022-05-26 18:03:28.796499+00
158	Fluids - dynamics	7	2022-05-26 18:03:28.797463+00	2022-05-26 18:03:28.797463+00
159	THD - Ideal Gases	7	2022-05-26 18:03:28.798388+00	2022-05-26 18:03:28.798388+00
160	thermodynamics	7	2022-05-26 18:03:28.799239+00	2022-05-26 18:03:28.799239+00
161	Electric Field	7	2022-05-26 18:03:28.800153+00	2022-05-26 18:03:28.800153+00
162	Electric Potential	7	2022-05-26 18:03:28.801026+00	2022-05-26 18:03:28.801026+00
163	Magnetic Fields	7	2022-05-26 18:03:28.801916+00	2022-05-26 18:03:28.801916+00
164	Magnetic Induction	7	2022-05-26 18:03:28.802855+00	2022-05-26 18:03:28.802855+00
165	Electromagnetic Waves	7	2022-05-26 18:03:28.803814+00	2022-05-26 18:03:28.803814+00
166	Optics - refraction and reflection	7	2022-05-26 18:03:28.804675+00	2022-05-26 18:03:28.804675+00
167	Quantum & Atomic Physics	7	2022-05-26 18:03:28.805579+00	2022-05-26 18:03:28.805579+00
168	dynamics 2	7	2022-05-26 18:03:28.806453+00	2022-05-26 18:03:28.806453+00
169	Electric Circuits	7	2022-05-26 18:03:28.807358+00	2022-05-26 18:03:28.807358+00
170	earth systems and resources	8	2022-05-26 18:03:28.808262+00	2022-05-26 18:03:28.808262+00
171	ecology	8	2022-05-26 18:03:28.80932+00	2022-05-26 18:03:28.80932+00
172	energy resources and consumption	8	2022-05-26 18:03:28.810295+00	2022-05-26 18:03:28.810295+00
173	global change	8	2022-05-26 18:03:28.811216+00	2022-05-26 18:03:28.811216+00
174	impact of human health and environment	8	2022-05-26 18:03:28.812111+00	2022-05-26 18:03:28.812111+00
175	interdependence of organisms	8	2022-05-26 18:03:28.813205+00	2022-05-26 18:03:28.813205+00
176	land and water resources and use	8	2022-05-26 18:03:28.814055+00	2022-05-26 18:03:28.814055+00
177	introduction to environmental science	8	2022-05-26 18:03:28.815016+00	2022-05-26 18:03:28.815016+00
178	natural biogeochemical cycles	8	2022-05-26 18:03:28.815974+00	2022-05-26 18:03:28.815974+00
179	pollution	8	2022-05-26 18:03:28.816879+00	2022-05-26 18:03:28.816879+00
180	populations	8	2022-05-26 18:03:28.817819+00	2022-05-26 18:03:28.817819+00
181	the atmosphere	8	2022-05-26 18:03:28.818734+00	2022-05-26 18:03:28.818734+00
182	upchieve	22	2022-05-26 18:03:28.819906+00	2022-05-26 18:03:28.819906+00
183	linear_equations	12	2022-05-26 18:03:28.820978+00	2022-05-26 18:03:28.820978+00
184	linear_inequalities	12	2022-05-26 18:03:28.821892+00	2022-05-26 18:03:28.821892+00
185	linear_functions	12	2022-05-26 18:03:28.822814+00	2022-05-26 18:03:28.822814+00
186	quadratic_problems	12	2022-05-26 18:03:28.823765+00	2022-05-26 18:03:28.823765+00
187	nonlinear_equations	12	2022-05-26 18:03:28.824698+00	2022-05-26 18:03:28.824698+00
188	rational_expressions	12	2022-05-26 18:03:28.825589+00	2022-05-26 18:03:28.825589+00
189	isolating_quantities	12	2022-05-26 18:03:28.826681+00	2022-05-26 18:03:28.826681+00
190	linear_systems	12	2022-05-26 18:03:28.82772+00	2022-05-26 18:03:28.82772+00
191	ratios_rates	12	2022-05-26 18:03:28.828801+00	2022-05-26 18:03:28.828801+00
192	units	12	2022-05-26 18:03:28.829688+00	2022-05-26 18:03:28.829688+00
193	percentages	12	2022-05-26 18:03:28.830613+00	2022-05-26 18:03:28.830613+00
194	linear_and_exponential	12	2022-05-26 18:03:28.831817+00	2022-05-26 18:03:28.831817+00
195	data_inferences	12	2022-05-26 18:03:28.833007+00	2022-05-26 18:03:28.833007+00
196	volume_word_problems	12	2022-05-26 18:03:28.833945+00	2022-05-26 18:03:28.833945+00
197	complex_numbers	12	2022-05-26 18:03:28.835021+00	2022-05-26 18:03:28.835021+00
198	circle_equations	12	2022-05-26 18:03:28.835901+00	2022-05-26 18:03:28.835901+00
199	table_data	12	2022-05-26 18:03:28.836976+00	2022-05-26 18:03:28.836976+00
200	scatterplots	12	2022-05-26 18:03:28.83795+00	2022-05-26 18:03:28.83795+00
201	graphs	12	2022-05-26 18:03:28.839146+00	2022-05-26 18:03:28.839146+00
202	shape_of_distributions	12	2022-05-26 18:03:28.840212+00	2022-05-26 18:03:28.840212+00
203	right_triangle_problems	12	2022-05-26 18:03:28.841151+00	2022-05-26 18:03:28.841151+00
204	congruence_and_similarity	12	2022-05-26 18:03:28.842216+00	2022-05-26 18:03:28.842216+00
205	explict_v_implicit	13	2022-05-26 18:03:28.843232+00	2022-05-26 18:03:28.843232+00
206	point_of_view	13	2022-05-26 18:03:28.844253+00	2022-05-26 18:03:28.844253+00
207	analyzing_relationships	13	2022-05-26 18:03:28.845244+00	2022-05-26 18:03:28.845244+00
208	citing_evidence	13	2022-05-26 18:03:28.846385+00	2022-05-26 18:03:28.846385+00
209	summarizing	13	2022-05-26 18:03:28.847332+00	2022-05-26 18:03:28.847332+00
210	analogical_reasoning	13	2022-05-26 18:03:28.848453+00	2022-05-26 18:03:28.848453+00
211	structure_passage	13	2022-05-26 18:03:28.849543+00	2022-05-26 18:03:28.849543+00
212	word_choice	13	2022-05-26 18:03:28.850696+00	2022-05-26 18:03:28.850696+00
213	graphs_and_data	13	2022-05-26 18:03:28.851968+00	2022-05-26 18:03:28.851968+00
214	purpose_of_text	13	2022-05-26 18:03:28.853017+00	2022-05-26 18:03:28.853017+00
215	analyzing_arguments	13	2022-05-26 18:03:28.85411+00	2022-05-26 18:03:28.85411+00
216	connecting_texts	13	2022-05-26 18:03:28.855296+00	2022-05-26 18:03:28.855296+00
217	history_passages	13	2022-05-26 18:03:28.856549+00	2022-05-26 18:03:28.856549+00
218	strategies	13	2022-05-26 18:03:28.857612+00	2022-05-26 18:03:28.857612+00
219	types_of_essays	15	2022-05-26 18:03:28.858737+00	2022-05-26 18:03:28.858737+00
220	essay_structure	15	2022-05-26 18:03:28.860041+00	2022-05-26 18:03:28.860041+00
221	point_of_view	15	2022-05-26 18:03:28.861063+00	2022-05-26 18:03:28.861063+00
222	persuasive_techniques	15	2022-05-26 18:03:28.861991+00	2022-05-26 18:03:28.861991+00
223	citations	15	2022-05-26 18:03:28.863125+00	2022-05-26 18:03:28.863125+00
224	independent_and_dependent_clauses	15	2022-05-26 18:03:28.864305+00	2022-05-26 18:03:28.864305+00
225	punctuation	15	2022-05-26 18:03:28.865344+00	2022-05-26 18:03:28.865344+00
226	verb_tense	15	2022-05-26 18:03:28.866358+00	2022-05-26 18:03:28.866358+00
227	subject_verb_agreement	15	2022-05-26 18:03:28.867534+00	2022-05-26 18:03:28.867534+00
228	specificity_and_coherence	15	2022-05-26 18:03:28.868608+00	2022-05-26 18:03:28.868608+00
229	plagiarism	15	2022-05-26 18:03:28.869658+00	2022-05-26 18:03:28.869658+00
230	nonnvarying_sentence_length	15	2022-05-26 18:03:28.870744+00	2022-05-26 18:03:28.870744+00
231	wordiness	15	2022-05-26 18:03:28.87186+00	2022-05-26 18:03:28.87186+00
232	grammatical_errors	15	2022-05-26 18:03:28.873048+00	2022-05-26 18:03:28.873048+00
233	common_requests	15	2022-05-26 18:03:28.874015+00	2022-05-26 18:03:28.874015+00
234	inference	13	2022-05-26 18:03:28.87514+00	2022-05-26 18:03:28.87514+00
235	integumentary	24	2022-05-26 18:03:28.876287+00	2022-05-26 18:03:28.876287+00
236	little_detail	13	2022-05-26 18:03:28.877489+00	2022-05-26 18:03:28.877489+00
237	lymphatic	24	2022-05-26 18:03:28.878616+00	2022-05-26 18:03:28.878616+00
238	muscular	24	2022-05-26 18:03:28.879694+00	2022-05-26 18:03:28.879694+00
239	nervous	24	2022-05-26 18:03:28.880941+00	2022-05-26 18:03:28.880941+00
240	probingqs	23	2022-05-26 18:03:28.881878+00	2022-05-26 18:03:28.881878+00
241	questions	23	2022-05-26 18:03:28.883084+00	2022-05-26 18:03:28.883084+00
242	reproductive	24	2022-05-26 18:03:28.884168+00	2022-05-26 18:03:28.884168+00
243	respiratory	24	2022-05-26 18:03:28.885299+00	2022-05-26 18:03:28.885299+00
244	sense_organs	24	2022-05-26 18:03:28.886432+00	2022-05-26 18:03:28.886432+00
245	skeletal	24	2022-05-26 18:03:28.888214+00	2022-05-26 18:03:28.888214+00
246	texttype	23	2022-05-26 18:03:28.889273+00	2022-05-26 18:03:28.889273+00
247	tissues	24	2022-05-26 18:03:28.890371+00	2022-05-26 18:03:28.890371+00
248	urinary	24	2022-05-26 18:03:28.891624+00	2022-05-26 18:03:28.891624+00
249	vocab_in_context	13	2022-05-26 18:03:28.892629+00	2022-05-26 18:03:28.892629+00
250	vocabulary	23	2022-05-26 18:03:28.893611+00	2022-05-26 18:03:28.893611+00
251	activatebk	23	2022-05-26 18:03:28.894703+00	2022-05-26 18:03:28.894703+00
252	author_technique	13	2022-05-26 18:03:28.895791+00	2022-05-26 18:03:28.895791+00
253	backgroundknowledge	23	2022-05-26 18:03:28.896952+00	2022-05-26 18:03:28.896952+00
254	big_picture	13	2022-05-26 18:03:28.898084+00	2022-05-26 18:03:28.898084+00
255	cells	24	2022-05-26 18:03:28.898959+00	2022-05-26 18:03:28.898959+00
256	circulatory_system	24	2022-05-26 18:03:28.899983+00	2022-05-26 18:03:28.899983+00
257	comprehensionsupport	23	2022-05-26 18:03:28.901198+00	2022-05-26 18:03:28.901198+00
258	context	23	2022-05-26 18:03:28.90221+00	2022-05-26 18:03:28.90221+00
259	corrections	23	2022-05-26 18:03:28.903326+00	2022-05-26 18:03:28.903326+00
260	digestive	24	2022-05-26 18:03:28.906073+00	2022-05-26 18:03:28.906073+00
261	editing	23	2022-05-26 18:03:28.907126+00	2022-05-26 18:03:28.907126+00
262	endocrine	24	2022-05-26 18:03:28.908214+00	2022-05-26 18:03:28.908214+00
263	evidence_support	13	2022-05-26 18:03:28.909276+00	2022-05-26 18:03:28.909276+00
264	function	13	2022-05-26 18:03:28.910234+00	2022-05-26 18:03:28.910234+00
265	strategies	12	2022-05-26 18:03:28.911206+00	2022-05-26 18:03:28.911206+00
266	unit circle	18	2022-05-26 18:03:28.912235+00	2022-05-26 18:03:28.912235+00
267	dynamics 1	6	2022-05-26 18:03:28.913167+00	2022-05-26 18:03:28.913167+00
268	energy 1	6	2022-05-26 18:03:28.913998+00	2022-05-26 18:03:28.913998+00
269	dynamics 2	6	2022-05-26 18:03:28.914863+00	2022-05-26 18:03:28.914863+00
270	energy 2	6	2022-05-26 18:03:28.91577+00	2022-05-26 18:03:28.91577+00
271	pythagorean theorem	18	2022-05-26 18:03:28.916739+00	2022-05-26 18:03:28.916739+00
272	degrees and radians	18	2022-05-26 18:03:28.917833+00	2022-05-26 18:03:28.917833+00
273	graphing trig functions	18	2022-05-26 18:03:28.91874+00	2022-05-26 18:03:28.91874+00
274	inverse trig functions	18	2022-05-26 18:03:28.919669+00	2022-05-26 18:03:28.919669+00
275	trigonometric identities	18	2022-05-26 18:03:28.921697+00	2022-05-26 18:03:28.921697+00
276	complex numbers	19	2022-05-26 18:03:28.922589+00	2022-05-26 18:03:28.922589+00
277	conic sections	19	2022-05-26 18:03:28.924044+00	2022-05-26 18:03:28.924044+00
278	graphing exponential functions	19	2022-05-26 18:03:28.924993+00	2022-05-26 18:03:28.924993+00
279	graphing polynomials	19	2022-05-26 18:03:28.925882+00	2022-05-26 18:03:28.925882+00
280	graphing rational functions	19	2022-05-26 18:03:28.92678+00	2022-05-26 18:03:28.92678+00
281	logarithms	19	2022-05-26 18:03:28.927863+00	2022-05-26 18:03:28.927863+00
282	inverse functions	19	2022-05-26 18:03:28.928743+00	2022-05-26 18:03:28.928743+00
283	polynomial division	19	2022-05-26 18:03:28.929586+00	2022-05-26 18:03:28.929586+00
284	rational expressions	19	2022-05-26 18:03:28.930415+00	2022-05-26 18:03:28.930415+00
285	sequences series	19	2022-05-26 18:03:28.931241+00	2022-05-26 18:03:28.931241+00
286	exponential logarithmic equations	19	2022-05-26 18:03:28.932213+00	2022-05-26 18:03:28.932213+00
287	other equations	19	2022-05-26 18:03:28.933048+00	2022-05-26 18:03:28.933048+00
288	quadratic and absolute	19	2022-05-26 18:03:28.933952+00	2022-05-26 18:03:28.933952+00
289	solving quadratic equations	19	2022-05-26 18:03:28.93481+00	2022-05-26 18:03:28.93481+00
290	transformations functions	19	2022-05-26 18:03:28.935753+00	2022-05-26 18:03:28.935753+00
291	vectors	19	2022-05-26 18:03:28.936609+00	2022-05-26 18:03:28.936609+00
292	trig functions	18	2022-05-26 18:03:28.937563+00	2022-05-26 18:03:28.937563+00
293	random variables and distributions	2	2022-05-26 18:03:28.938532+00	2022-05-26 18:03:28.938532+00
294	kinematics 2	6	2022-05-26 18:03:28.941874+00	2022-05-26 18:03:28.941874+00
295	DC Circuits	6	2022-05-26 18:03:28.974819+00	2022-05-26 18:03:28.974819+00
296	rotational motion	6	2022-05-26 18:03:28.975932+00	2022-05-26 18:03:28.975932+00
297	polynomials	12	2022-05-26 18:03:28.977016+00	2022-05-26 18:03:28.977016+00
298	functions	12	2022-05-26 18:03:28.978449+00	2022-05-26 18:03:28.978449+00
299	angles	12	2022-05-26 18:03:28.97951+00	2022-05-26 18:03:28.97951+00
\.


--
-- Data for Name: quiz_questions; Type: TABLE DATA; Schema: upchieve; Owner: admin
--

COPY upchieve.quiz_questions (id, question_text, possible_answers, correct_answer, quiz_subcategory_id, image_source, created_at, updated_at, mongo_id) FROM stdin;
\.


--
-- Data for Name: report_reasons; Type: TABLE DATA; Schema: upchieve; Owner: admin
--

COPY upchieve.report_reasons (id, reason, created_at, updated_at) FROM stdin;
1	This student was extremely rude or inappropriate	2022-05-26 18:03:29.099558+00	2022-05-26 18:03:29.099558+00
2	I am worried for the immediate safety of this student	2022-05-26 18:03:29.100669+00	2022-05-26 18:03:29.100669+00
3	LEGACY: Student was unresponsive	2022-05-26 18:03:29.101808+00	2022-05-26 18:03:29.101808+00
4	LEGACY: Technical issue	2022-05-26 18:03:29.102833+00	2022-05-26 18:03:29.102833+00
5	LEGACY: Other	2022-05-26 18:03:29.104039+00	2022-05-26 18:03:29.104039+00
\.


--
-- Data for Name: required_email_domains; Type: TABLE DATA; Schema: upchieve; Owner: admin
--

COPY upchieve.required_email_domains (id, domain, volunteer_partner_org_id, created_at, updated_at) FROM stdin;
01810189-b5a4-b1fe-f5d2-12d47b17155b	mailtrap.com	01810189-b5a1-a8e1-36a0-a7a48ca083b0	2022-05-26 18:03:31.110931+00	2022-05-26 18:03:31.110931+00
\.


--
-- Data for Name: school_nces_metadata; Type: TABLE DATA; Schema: upchieve; Owner: admin
--

COPY upchieve.school_nces_metadata (school_id, created_at, updated_at, school_year, fipst, statename, st, sch_name, lea_name, state_agency_no, "union", st_leaid, leaid, st_schid, ncessch, schid, mstreet1, mstreet2, mstreet3, mcity, mstate, mzip, mzip4, lstreet1, lstreet2, lstreet3, lcity, lzip, lzip4, phone, website, sy_status, sy_status_text, updated_status, updated_status_text, effective_date, sch_type, sch_type_text, recon_status, out_of_state_flag, charter_text, chartauth1, chartauthn1, chartauth2, chartauthn2, nogrades, g_pk_offered, g_kg_offered, g_1_offered, g_2_offered, g_3_offered, g_4_offered, g_5_offered, g_6_offered, g_7_offered, g_8_offered, g_9_offered, g_10_offered, g_11_offered, g_12_offered, g_13_offered, g_ug_offered, g_ae_offered, gslo, gshi, level, igoffered) FROM stdin;
\.


--
-- Data for Name: schools_sponsor_orgs; Type: TABLE DATA; Schema: upchieve; Owner: admin
--

COPY upchieve.schools_sponsor_orgs (school_id, sponsor_org_id, created_at, updated_at) FROM stdin;
01810189-b5ab-f93b-7f23-2e9e7b2dbdea	01810189-b5b2-5fb1-551b-b97dcece4ade	2022-05-26 18:03:31.129609+00	2022-05-26 18:03:31.129609+00
01810189-b5ab-84f2-1a2e-9576f8314bbf	01810189-b5b2-b5ec-7be7-954cc7aee4e5	2022-05-26 18:03:31.131088+00	2022-05-26 18:03:31.131088+00
\.


--
-- Data for Name: session_failed_joins; Type: TABLE DATA; Schema: upchieve; Owner: admin
--

COPY upchieve.session_failed_joins (session_id, user_id, created_at, updated_at) FROM stdin;
\.


--
-- Data for Name: session_flags; Type: TABLE DATA; Schema: upchieve; Owner: admin
--

COPY upchieve.session_flags (id, name, created_at, updated_at) FROM stdin;
1	Absent student	2022-05-26 18:03:29.086175+00	2022-05-26 18:03:29.086175+00
2	Absent volunteer	2022-05-26 18:03:29.087546+00	2022-05-26 18:03:29.087546+00
3	Low session rating from coach	2022-05-26 18:03:29.089045+00	2022-05-26 18:03:29.089045+00
4	Low session rating from student	2022-05-26 18:03:29.090064+00	2022-05-26 18:03:29.090064+00
5	Low coach rating from student	2022-05-26 18:03:29.091032+00	2022-05-26 18:03:29.091032+00
6	Reported	2022-05-26 18:03:29.092027+00	2022-05-26 18:03:29.092027+00
7	Only looking for answers	2022-05-26 18:03:29.093112+00	2022-05-26 18:03:29.093112+00
8	Rude or inappropriate	2022-05-26 18:03:29.094065+00	2022-05-26 18:03:29.094065+00
9	Comment from student	2022-05-26 18:03:29.094947+00	2022-05-26 18:03:29.094947+00
10	Comment from volunteer	2022-05-26 18:03:29.095986+00	2022-05-26 18:03:29.095986+00
11	Has been unmatched	2022-05-26 18:03:29.097118+00	2022-05-26 18:03:29.097118+00
12	Has had technical issues	2022-05-26 18:03:29.09816+00	2022-05-26 18:03:29.09816+00
\.


--
-- Data for Name: session_messages; Type: TABLE DATA; Schema: upchieve; Owner: admin
--

COPY upchieve.session_messages (id, sender_id, contents, session_id, created_at, updated_at, mongo_id) FROM stdin;
\.


--
-- Data for Name: session_photos; Type: TABLE DATA; Schema: upchieve; Owner: admin
--

COPY upchieve.session_photos (session_id, photo_key, created_at, updated_at) FROM stdin;
\.


--
-- Data for Name: session_reports; Type: TABLE DATA; Schema: upchieve; Owner: admin
--

COPY upchieve.session_reports (id, report_reason_id, report_message, reporting_user_id, session_id, reported_user_id, created_at, updated_at) FROM stdin;
\.


--
-- Data for Name: session_review_reasons; Type: TABLE DATA; Schema: upchieve; Owner: admin
--

COPY upchieve.session_review_reasons (session_id, session_flag_id, created_at, updated_at) FROM stdin;
\.


--
-- Data for Name: sessions_session_flags; Type: TABLE DATA; Schema: upchieve; Owner: admin
--

COPY upchieve.sessions_session_flags (session_id, session_flag_id, created_at, updated_at) FROM stdin;
\.


--
-- Data for Name: student_favorite_volunteers; Type: TABLE DATA; Schema: upchieve; Owner: admin
--

COPY upchieve.student_favorite_volunteers (student_id, volunteer_id, created_at, updated_at) FROM stdin;
\.


--
-- Data for Name: student_partner_org_sites; Type: TABLE DATA; Schema: upchieve; Owner: admin
--

COPY upchieve.student_partner_org_sites (id, name, student_partner_org_id, created_at, updated_at) FROM stdin;
01810189-b59a-edd1-7a11-4884918a68dc	Brooklyn	01810189-b55c-6e5d-52fd-26611043e8bd	2022-05-26 18:03:31.101564+00	2022-05-26 18:03:31.101564+00
01810189-b59a-c560-bda6-5bf6dfe1d84c	Denver	01810189-b55c-6e5d-52fd-26611043e8bd	2022-05-26 18:03:31.104681+00	2022-05-26 18:03:31.104681+00
01810189-b59a-8f02-f39d-c9ccc81b6ed1	Oakland	01810189-b55c-6e5d-52fd-26611043e8bd	2022-05-26 18:03:31.106229+00	2022-05-26 18:03:31.106229+00
\.


--
-- Data for Name: student_partner_orgs_sponsor_orgs; Type: TABLE DATA; Schema: upchieve; Owner: admin
--

COPY upchieve.student_partner_orgs_sponsor_orgs (student_partner_org_id, sponsor_org_id, created_at, updated_at) FROM stdin;
01810189-b55c-cc82-646c-d2e41e99686f	01810189-b5b2-c360-ca05-e80c4fdd480b	2022-05-26 18:03:31.132608+00	2022-05-26 18:03:31.132608+00
01810189-b55c-582f-8dc0-687fa1928103	01810189-b5b2-b5ec-7be7-954cc7aee4e5	2022-05-26 18:03:31.134117+00	2022-05-26 18:03:31.134117+00
\.


--
-- Data for Name: student_profiles; Type: TABLE DATA; Schema: upchieve; Owner: admin
--

COPY upchieve.student_profiles (user_id, college, school_id, postal_code, grade_level_id, student_partner_org_user_id, student_partner_org_id, student_partner_org_site_id, created_at, updated_at) FROM stdin;
01810189-b629-620d-0137-524828df4544	\N	01810189-b5ab-b8af-3f5e-ac6af7944a66	\N	\N	\N	\N	\N	2022-05-26 18:03:31.247195+00	2022-05-26 18:03:31.247195+00
01810189-b629-f916-b04b-7fb990fc6cd6	\N	01810189-b5ab-f93b-7f23-2e9e7b2dbdea	\N	\N	\N	01810189-b55c-6e5d-52fd-26611043e8bd	\N	2022-05-26 18:03:31.248512+00	2022-05-26 18:03:31.248512+00
01810189-b629-00ef-388b-fc23679ade7b	\N	\N	\N	\N	\N	01810189-b55c-582f-8dc0-687fa1928103	\N	2022-05-26 18:03:31.249716+00	2022-05-26 18:03:31.249716+00
\.


--
-- Data for Name: training_courses; Type: TABLE DATA; Schema: upchieve; Owner: admin
--

COPY upchieve.training_courses (id, name, created_at, updated_at) FROM stdin;
1	upchieve101	2022-05-26 18:03:28.545489+00	2022-05-26 18:03:28.545489+00
\.


--
-- Data for Name: user_actions; Type: TABLE DATA; Schema: upchieve; Owner: admin
--

COPY upchieve.user_actions (id, user_id, session_id, action_type, action, ip_address_id, device, browser, browser_version, operating_system, operating_system_version, quiz_subcategory, quiz_category, created_at, updated_at, mongo_id, reference_email, volunteer_id, ban_reason) FROM stdin;
\.


--
-- Data for Name: user_product_flags; Type: TABLE DATA; Schema: upchieve; Owner: admin
--

COPY upchieve.user_product_flags (user_id, sent_ready_to_coach_email, sent_hour_summary_intro_email, sent_inactive_thirty_day_email, sent_inactive_sixty_day_email, sent_inactive_ninety_day_email, gates_qualified, created_at, updated_at, in_gates_study) FROM stdin;
\.


--
-- Data for Name: user_session_metrics; Type: TABLE DATA; Schema: upchieve; Owner: admin
--

COPY upchieve.user_session_metrics (user_id, absent_student, absent_volunteer, low_session_rating_from_coach, low_session_rating_from_student, low_coach_rating_from_student, reported, only_looking_for_answers, rude_or_inappropriate, comment_from_student, comment_from_volunteer, has_been_unmatched, has_had_technical_issues, created_at, updated_at) FROM stdin;
\.


--
-- Data for Name: users_certifications; Type: TABLE DATA; Schema: upchieve; Owner: admin
--

COPY upchieve.users_certifications (user_id, certification_id, created_at, updated_at) FROM stdin;
01810189-b5c0-78b8-ae58-fd4663e9da69	1	2022-05-26 18:03:31.158653+00	2022-05-26 18:03:31.158653+00
01810189-b5c0-78b8-ae58-fd4663e9da69	16	2022-05-26 18:03:31.159945+00	2022-05-26 18:03:31.159945+00
01810189-b5c0-78b8-ae58-fd4663e9da69	17	2022-05-26 18:03:31.161517+00	2022-05-26 18:03:31.161517+00
01810189-b5c0-78b8-ae58-fd4663e9da69	11	2022-05-26 18:03:31.162723+00	2022-05-26 18:03:31.162723+00
01810189-b5c0-78b8-ae58-fd4663e9da69	4	2022-05-26 18:03:31.163936+00	2022-05-26 18:03:31.163936+00
01810189-b5c0-78b8-ae58-fd4663e9da69	20	2022-05-26 18:03:31.165625+00	2022-05-26 18:03:31.165625+00
01810189-b5c0-78b8-ae58-fd4663e9da69	5	2022-05-26 18:03:31.166701+00	2022-05-26 18:03:31.166701+00
01810189-b5c0-78b8-ae58-fd4663e9da69	9	2022-05-26 18:03:31.167558+00	2022-05-26 18:03:31.167558+00
01810189-b5c0-78b8-ae58-fd4663e9da69	3	2022-05-26 18:03:31.168379+00	2022-05-26 18:03:31.168379+00
01810189-b5c0-78b8-ae58-fd4663e9da69	6	2022-05-26 18:03:31.169206+00	2022-05-26 18:03:31.169206+00
01810189-b5c0-78b8-ae58-fd4663e9da69	19	2022-05-26 18:03:31.170043+00	2022-05-26 18:03:31.170043+00
01810189-b5c0-78b8-ae58-fd4663e9da69	18	2022-05-26 18:03:31.171062+00	2022-05-26 18:03:31.171062+00
01810189-b5c0-78b8-ae58-fd4663e9da69	15	2022-05-26 18:03:31.171992+00	2022-05-26 18:03:31.171992+00
01810189-b5c0-a044-d018-9f000acd0ee0	1	2022-05-26 18:03:31.173065+00	2022-05-26 18:03:31.173065+00
01810189-b5c0-a044-d018-9f000acd0ee0	16	2022-05-26 18:03:31.173963+00	2022-05-26 18:03:31.173963+00
01810189-b5c0-a044-d018-9f000acd0ee0	17	2022-05-26 18:03:31.175178+00	2022-05-26 18:03:31.175178+00
01810189-b5c0-a044-d018-9f000acd0ee0	10	2022-05-26 18:03:31.17617+00	2022-05-26 18:03:31.17617+00
01810189-b5c0-a044-d018-9f000acd0ee0	4	2022-05-26 18:03:31.177167+00	2022-05-26 18:03:31.177167+00
01810189-b5c0-a044-d018-9f000acd0ee0	20	2022-05-26 18:03:31.178241+00	2022-05-26 18:03:31.178241+00
01810189-b5c0-a044-d018-9f000acd0ee0	5	2022-05-26 18:03:31.179424+00	2022-05-26 18:03:31.179424+00
01810189-b5c0-a044-d018-9f000acd0ee0	9	2022-05-26 18:03:31.18059+00	2022-05-26 18:03:31.18059+00
01810189-b5c0-a044-d018-9f000acd0ee0	3	2022-05-26 18:03:31.1817+00	2022-05-26 18:03:31.1817+00
01810189-b5c0-a044-d018-9f000acd0ee0	6	2022-05-26 18:03:31.182795+00	2022-05-26 18:03:31.182795+00
01810189-b5c0-a044-d018-9f000acd0ee0	11	2022-05-26 18:03:31.183754+00	2022-05-26 18:03:31.183754+00
01810189-b5c0-a044-d018-9f000acd0ee0	19	2022-05-26 18:03:31.184638+00	2022-05-26 18:03:31.184638+00
01810189-b5c0-a044-d018-9f000acd0ee0	18	2022-05-26 18:03:31.185514+00	2022-05-26 18:03:31.185514+00
01810189-b5c0-26bd-6b79-8d401a3c2d91	1	2022-05-26 18:03:31.186935+00	2022-05-26 18:03:31.186935+00
01810189-b5c0-26bd-6b79-8d401a3c2d91	16	2022-05-26 18:03:31.187972+00	2022-05-26 18:03:31.187972+00
01810189-b5c0-26bd-6b79-8d401a3c2d91	17	2022-05-26 18:03:31.188909+00	2022-05-26 18:03:31.188909+00
01810189-b5c0-26bd-6b79-8d401a3c2d91	10	2022-05-26 18:03:31.189864+00	2022-05-26 18:03:31.189864+00
01810189-b5c0-26bd-6b79-8d401a3c2d91	4	2022-05-26 18:03:31.190745+00	2022-05-26 18:03:31.190745+00
01810189-b5c0-26bd-6b79-8d401a3c2d91	20	2022-05-26 18:03:31.191725+00	2022-05-26 18:03:31.191725+00
01810189-b5c0-26bd-6b79-8d401a3c2d91	5	2022-05-26 18:03:31.192638+00	2022-05-26 18:03:31.192638+00
01810189-b5c0-26bd-6b79-8d401a3c2d91	9	2022-05-26 18:03:31.193627+00	2022-05-26 18:03:31.193627+00
01810189-b5c0-26bd-6b79-8d401a3c2d91	3	2022-05-26 18:03:31.194552+00	2022-05-26 18:03:31.194552+00
01810189-b5c0-26bd-6b79-8d401a3c2d91	6	2022-05-26 18:03:31.195733+00	2022-05-26 18:03:31.195733+00
01810189-b5c0-26bd-6b79-8d401a3c2d91	11	2022-05-26 18:03:31.197458+00	2022-05-26 18:03:31.197458+00
01810189-b5c0-26bd-6b79-8d401a3c2d91	19	2022-05-26 18:03:31.198559+00	2022-05-26 18:03:31.198559+00
01810189-b5c0-26bd-6b79-8d401a3c2d91	18	2022-05-26 18:03:31.199637+00	2022-05-26 18:03:31.199637+00
\.


--
-- Data for Name: users_ip_addresses; Type: TABLE DATA; Schema: upchieve; Owner: admin
--

COPY upchieve.users_ip_addresses (id, ip_address_id, user_id, created_at, updated_at) FROM stdin;
\.


--
-- Data for Name: users_quizzes; Type: TABLE DATA; Schema: upchieve; Owner: admin
--

COPY upchieve.users_quizzes (user_id, quiz_id, attempts, passed, created_at, updated_at) FROM stdin;
01810189-b5c0-78b8-ae58-fd4663e9da69	1	1	t	2022-05-26 18:03:31.200669+00	2022-05-26 18:03:31.200669+00
01810189-b5c0-78b8-ae58-fd4663e9da69	16	1	t	2022-05-26 18:03:31.201981+00	2022-05-26 18:03:31.201981+00
01810189-b5c0-78b8-ae58-fd4663e9da69	17	1	t	2022-05-26 18:03:31.203193+00	2022-05-26 18:03:31.203193+00
01810189-b5c0-78b8-ae58-fd4663e9da69	10	1	t	2022-05-26 18:03:31.204324+00	2022-05-26 18:03:31.204324+00
01810189-b5c0-78b8-ae58-fd4663e9da69	4	1	t	2022-05-26 18:03:31.205458+00	2022-05-26 18:03:31.205458+00
01810189-b5c0-78b8-ae58-fd4663e9da69	20	1	t	2022-05-26 18:03:31.206467+00	2022-05-26 18:03:31.206467+00
01810189-b5c0-78b8-ae58-fd4663e9da69	5	1	t	2022-05-26 18:03:31.207663+00	2022-05-26 18:03:31.207663+00
01810189-b5c0-78b8-ae58-fd4663e9da69	9	1	t	2022-05-26 18:03:31.208961+00	2022-05-26 18:03:31.208961+00
01810189-b5c0-78b8-ae58-fd4663e9da69	3	1	t	2022-05-26 18:03:31.210046+00	2022-05-26 18:03:31.210046+00
01810189-b5c0-78b8-ae58-fd4663e9da69	6	1	t	2022-05-26 18:03:31.211101+00	2022-05-26 18:03:31.211101+00
01810189-b5c0-78b8-ae58-fd4663e9da69	11	1	t	2022-05-26 18:03:31.21214+00	2022-05-26 18:03:31.21214+00
01810189-b5c0-78b8-ae58-fd4663e9da69	19	1	t	2022-05-26 18:03:31.212959+00	2022-05-26 18:03:31.212959+00
01810189-b5c0-78b8-ae58-fd4663e9da69	18	1	t	2022-05-26 18:03:31.21396+00	2022-05-26 18:03:31.21396+00
01810189-b5c0-78b8-ae58-fd4663e9da69	15	1	t	2022-05-26 18:03:31.214858+00	2022-05-26 18:03:31.214858+00
01810189-b5c0-78b8-ae58-fd4663e9da69	23	1	t	2022-05-26 18:03:31.215761+00	2022-05-26 18:03:31.215761+00
01810189-b5c0-a044-d018-9f000acd0ee0	1	1	t	2022-05-26 18:03:31.216723+00	2022-05-26 18:03:31.216723+00
01810189-b5c0-a044-d018-9f000acd0ee0	16	1	t	2022-05-26 18:03:31.217658+00	2022-05-26 18:03:31.217658+00
01810189-b5c0-a044-d018-9f000acd0ee0	17	1	t	2022-05-26 18:03:31.218645+00	2022-05-26 18:03:31.218645+00
01810189-b5c0-a044-d018-9f000acd0ee0	10	1	t	2022-05-26 18:03:31.21971+00	2022-05-26 18:03:31.21971+00
01810189-b5c0-a044-d018-9f000acd0ee0	4	1	t	2022-05-26 18:03:31.220609+00	2022-05-26 18:03:31.220609+00
01810189-b5c0-a044-d018-9f000acd0ee0	20	1	t	2022-05-26 18:03:31.221644+00	2022-05-26 18:03:31.221644+00
01810189-b5c0-a044-d018-9f000acd0ee0	5	1	t	2022-05-26 18:03:31.222929+00	2022-05-26 18:03:31.222929+00
01810189-b5c0-a044-d018-9f000acd0ee0	9	1	t	2022-05-26 18:03:31.224124+00	2022-05-26 18:03:31.224124+00
01810189-b5c0-a044-d018-9f000acd0ee0	3	1	t	2022-05-26 18:03:31.225117+00	2022-05-26 18:03:31.225117+00
01810189-b5c0-a044-d018-9f000acd0ee0	6	1	t	2022-05-26 18:03:31.226106+00	2022-05-26 18:03:31.226106+00
01810189-b5c0-a044-d018-9f000acd0ee0	11	1	t	2022-05-26 18:03:31.227077+00	2022-05-26 18:03:31.227077+00
01810189-b5c0-a044-d018-9f000acd0ee0	19	1	t	2022-05-26 18:03:31.228162+00	2022-05-26 18:03:31.228162+00
01810189-b5c0-a044-d018-9f000acd0ee0	18	1	t	2022-05-26 18:03:31.22927+00	2022-05-26 18:03:31.22927+00
01810189-b5c0-26bd-6b79-8d401a3c2d91	1	1	t	2022-05-26 18:03:31.230333+00	2022-05-26 18:03:31.230333+00
01810189-b5c0-26bd-6b79-8d401a3c2d91	16	1	t	2022-05-26 18:03:31.231228+00	2022-05-26 18:03:31.231228+00
01810189-b5c0-26bd-6b79-8d401a3c2d91	17	1	t	2022-05-26 18:03:31.232177+00	2022-05-26 18:03:31.232177+00
01810189-b5c0-26bd-6b79-8d401a3c2d91	10	1	t	2022-05-26 18:03:31.233124+00	2022-05-26 18:03:31.233124+00
01810189-b5c0-26bd-6b79-8d401a3c2d91	4	1	t	2022-05-26 18:03:31.234499+00	2022-05-26 18:03:31.234499+00
01810189-b5c0-26bd-6b79-8d401a3c2d91	20	1	t	2022-05-26 18:03:31.235613+00	2022-05-26 18:03:31.235613+00
01810189-b5c0-26bd-6b79-8d401a3c2d91	5	1	t	2022-05-26 18:03:31.236568+00	2022-05-26 18:03:31.236568+00
01810189-b5c0-26bd-6b79-8d401a3c2d91	9	1	t	2022-05-26 18:03:31.237516+00	2022-05-26 18:03:31.237516+00
01810189-b5c0-26bd-6b79-8d401a3c2d91	3	1	t	2022-05-26 18:03:31.238499+00	2022-05-26 18:03:31.238499+00
01810189-b5c0-26bd-6b79-8d401a3c2d91	6	1	t	2022-05-26 18:03:31.239453+00	2022-05-26 18:03:31.239453+00
01810189-b5c0-26bd-6b79-8d401a3c2d91	11	1	t	2022-05-26 18:03:31.240476+00	2022-05-26 18:03:31.240476+00
01810189-b5c0-26bd-6b79-8d401a3c2d91	19	1	t	2022-05-26 18:03:31.241313+00	2022-05-26 18:03:31.241313+00
01810189-b5c0-26bd-6b79-8d401a3c2d91	18	1	t	2022-05-26 18:03:31.242185+00	2022-05-26 18:03:31.242185+00
\.


--
-- Data for Name: users_roles; Type: TABLE DATA; Schema: upchieve; Owner: admin
--

COPY upchieve.users_roles (user_id, role_id, created_at, updated_at) FROM stdin;
\.


--
-- Data for Name: users_training_courses; Type: TABLE DATA; Schema: upchieve; Owner: admin
--

COPY upchieve.users_training_courses (user_id, training_course_id, complete, progress, completed_materials, created_at, updated_at) FROM stdin;
\.


--
-- Data for Name: volunteer_occupations; Type: TABLE DATA; Schema: upchieve; Owner: admin
--

COPY upchieve.volunteer_occupations (user_id, occupation, created_at, updated_at) FROM stdin;
\.


--
-- Data for Name: volunteer_profiles; Type: TABLE DATA; Schema: upchieve; Owner: admin
--

COPY upchieve.volunteer_profiles (user_id, volunteer_partner_org_id, timezone, approved, onboarded, photo_id_s3_key, photo_id_status, linkedin_url, college, company, languages, experience, city, state, country, created_at, updated_at, total_volunteer_hours, elapsed_availability) FROM stdin;
01810189-b5c0-78b8-ae58-fd4663e9da69	01810189-b5a1-b664-7d56-933d25d84055	America/New_York	t	t	\N	\N	\N	Volunteer College	\N	\N	\N	\N	\N	\N	2022-05-26 18:03:31.149658+00	2022-05-26 18:03:31.149658+00	\N	\N
01810189-b5c0-a044-d018-9f000acd0ee0	01810189-b5a1-a8e1-36a0-a7a48ca083b0	America/New_York	t	t	\N	\N	\N	Volunteer College	\N	\N	\N	\N	\N	\N	2022-05-26 18:03:31.151476+00	2022-05-26 18:03:31.151476+00	\N	\N
01810189-b5c0-26bd-6b79-8d401a3c2d91	\N	America/Denver	t	t	\N	\N	\N	Volunteer College	\N	\N	\N	\N	\N	\N	2022-05-26 18:03:31.153026+00	2022-05-26 18:03:31.153026+00	\N	\N
01810189-b5c0-7c70-d36e-e0c41c92369e	\N	America/New_York	t	f	\N	\N	\N	Volunteer College	\N	\N	\N	\N	\N	\N	2022-05-26 18:03:31.154445+00	2022-05-26 18:03:31.154445+00	\N	\N
01810189-b5c0-8024-02c1-c265f898df4c	\N	America/New_York	f	f	\N	\N	\N	Volunteer College	\N	\N	\N	\N	\N	\N	2022-05-26 18:03:31.155896+00	2022-05-26 18:03:31.155896+00	\N	\N
01810189-b5c0-5556-fcb6-0c2a856d46d7	\N	America/New_York	t	t	\N	\N	\N		\N	\N	\N	\N	\N	\N	2022-05-26 18:03:31.157257+00	2022-05-26 18:03:31.157257+00	\N	\N
\.


--
-- Data for Name: volunteer_reference_statuses; Type: TABLE DATA; Schema: upchieve; Owner: admin
--

COPY upchieve.volunteer_reference_statuses (id, name, created_at, updated_at) FROM stdin;
1	sent	2022-05-26 18:03:28.546691+00	2022-05-26 18:03:28.546691+00
2	submitted	2022-05-26 18:03:28.547749+00	2022-05-26 18:03:28.547749+00
3	approved	2022-05-26 18:03:28.548607+00	2022-05-26 18:03:28.548607+00
4	rejected	2022-05-26 18:03:28.549683+00	2022-05-26 18:03:28.549683+00
5	removed	2022-05-26 18:03:28.550954+00	2022-05-26 18:03:28.550954+00
6	unsent	2022-05-26 18:03:28.55183+00	2022-05-26 18:03:28.55183+00
\.


--
-- Data for Name: volunteer_references; Type: TABLE DATA; Schema: upchieve; Owner: admin
--

COPY upchieve.volunteer_references (id, user_id, first_name, last_name, email, status_id, sent_at, affiliation, relationship_length, patient, positive_role_model, agreeable_and_approachable, communicates_effectively, rejection_reason, additional_info, created_at, updated_at, trustworthy_with_children) FROM stdin;
\.


--
-- Name: ban_reasons_id_seq; Type: SEQUENCE SET; Schema: upchieve; Owner: admin
--

SELECT pg_catalog.setval('upchieve.ban_reasons_id_seq', 5, true);


--
-- Name: certifications_id_seq; Type: SEQUENCE SET; Schema: upchieve; Owner: admin
--

SELECT pg_catalog.setval('upchieve.certifications_id_seq', 22, true);


--
-- Name: cities_id_seq; Type: SEQUENCE SET; Schema: upchieve; Owner: admin
--

SELECT pg_catalog.setval('upchieve.cities_id_seq', 2, true);


--
-- Name: grade_levels_id_seq; Type: SEQUENCE SET; Schema: upchieve; Owner: admin
--

SELECT pg_catalog.setval('upchieve.grade_levels_id_seq', 6, true);


--
-- Name: ip_addresses_id_seq; Type: SEQUENCE SET; Schema: upchieve; Owner: admin
--

SELECT pg_catalog.setval('upchieve.ip_addresses_id_seq', 1, false);


--
-- Name: notification_methods_id_seq; Type: SEQUENCE SET; Schema: upchieve; Owner: admin
--

SELECT pg_catalog.setval('upchieve.notification_methods_id_seq', 4, true);


--
-- Name: notification_priority_groups_id_seq; Type: SEQUENCE SET; Schema: upchieve; Owner: admin
--

SELECT pg_catalog.setval('upchieve.notification_priority_groups_id_seq', 19, true);


--
-- Name: notification_types_id_seq; Type: SEQUENCE SET; Schema: upchieve; Owner: admin
--

SELECT pg_catalog.setval('upchieve.notification_types_id_seq', 2, true);


--
-- Name: photo_id_statuses_id_seq; Type: SEQUENCE SET; Schema: upchieve; Owner: admin
--

SELECT pg_catalog.setval('upchieve.photo_id_statuses_id_seq', 4, true);


--
-- Name: quiz_questions_id_seq; Type: SEQUENCE SET; Schema: upchieve; Owner: admin
--

SELECT pg_catalog.setval('upchieve.quiz_questions_id_seq', 1, false);


--
-- Name: quiz_subcategories_id_seq; Type: SEQUENCE SET; Schema: upchieve; Owner: admin
--

SELECT pg_catalog.setval('upchieve.quiz_subcategories_id_seq', 299, true);


--
-- Name: quizzes_id_seq; Type: SEQUENCE SET; Schema: upchieve; Owner: admin
--

SELECT pg_catalog.setval('upchieve.quizzes_id_seq', 24, true);


--
-- Name: report_reasons_id_seq; Type: SEQUENCE SET; Schema: upchieve; Owner: admin
--

SELECT pg_catalog.setval('upchieve.report_reasons_id_seq', 5, true);


--
-- Name: session_flags_id_seq; Type: SEQUENCE SET; Schema: upchieve; Owner: admin
--

SELECT pg_catalog.setval('upchieve.session_flags_id_seq', 12, true);


--
-- Name: signup_sources_id_seq; Type: SEQUENCE SET; Schema: upchieve; Owner: admin
--

SELECT pg_catalog.setval('upchieve.signup_sources_id_seq', 6, true);


--
-- Name: subjects_id_seq; Type: SEQUENCE SET; Schema: upchieve; Owner: admin
--

SELECT pg_catalog.setval('upchieve.subjects_id_seq', 25, true);


--
-- Name: tool_types_id_seq; Type: SEQUENCE SET; Schema: upchieve; Owner: admin
--

SELECT pg_catalog.setval('upchieve.tool_types_id_seq', 2, true);


--
-- Name: topics_id_seq; Type: SEQUENCE SET; Schema: upchieve; Owner: admin
--

SELECT pg_catalog.setval('upchieve.topics_id_seq', 5, true);


--
-- Name: training_courses_id_seq; Type: SEQUENCE SET; Schema: upchieve; Owner: admin
--

SELECT pg_catalog.setval('upchieve.training_courses_id_seq', 1, true);


--
-- Name: user_actions_id_seq; Type: SEQUENCE SET; Schema: upchieve; Owner: admin
--

SELECT pg_catalog.setval('upchieve.user_actions_id_seq', 1, false);


--
-- Name: user_roles_id_seq; Type: SEQUENCE SET; Schema: upchieve; Owner: admin
--

SELECT pg_catalog.setval('upchieve.user_roles_id_seq', 3, true);


--
-- Name: volunteer_reference_statuses_id_seq; Type: SEQUENCE SET; Schema: upchieve; Owner: admin
--

SELECT pg_catalog.setval('upchieve.volunteer_reference_statuses_id_seq', 6, true);


--
-- Name: weekdays_id_seq; Type: SEQUENCE SET; Schema: upchieve; Owner: admin
--

SELECT pg_catalog.setval('upchieve.weekdays_id_seq', 1, false);


--
-- PostgreSQL database dump complete
--

