--
-- PostgreSQL database dump
--

-- Dumped from database version 14.1 (Debian 14.1-1.pgdg110+1)
-- Dumped by pg_dump version 14.2

SET statement_timeout = 0;
SET lock_timeout = 0;
SET idle_in_transaction_session_timeout = 0;
SET client_encoding = 'UTF8';
SET standard_conforming_strings = on;
SELECT pg_catalog.set_config('search_path', '', false);
SET check_function_bodies = false;
SET xmloption = content;
SET client_min_messages = warning;
SET row_security = off;

--
-- Data for Name: ban_reasons; Type: TABLE DATA; Schema: upchieve; Owner: admin
--

COPY upchieve.ban_reasons (id, name, created_at, updated_at) FROM stdin;
1	non us signup	2022-07-26 20:03:24.243261+00	2022-07-26 20:03:24.243261+00
2	session reported	2022-07-26 20:03:24.244237+00	2022-07-26 20:03:24.244237+00
3	used banned ip	2022-07-26 20:03:24.244984+00	2022-07-26 20:03:24.244984+00
4	admin	2022-07-26 20:03:24.24569+00	2022-07-26 20:03:24.24569+00
5	banned service provider	2022-07-26 20:03:24.246486+00	2022-07-26 20:03:24.246486+00
\.


--
-- Data for Name: signup_sources; Type: TABLE DATA; Schema: upchieve; Owner: admin
--

COPY upchieve.signup_sources (id, name, created_at, updated_at) FROM stdin;
1	Web search	2022-07-26 20:03:24.247296+00	2022-07-26 20:03:24.247296+00
2	Social media	2022-07-26 20:03:24.248148+00	2022-07-26 20:03:24.248148+00
3	Friend / Classmate	2022-07-26 20:03:24.248824+00	2022-07-26 20:03:24.248824+00
4	School / Teacher	2022-07-26 20:03:24.249789+00	2022-07-26 20:03:24.249789+00
5	Parent / Relative	2022-07-26 20:03:24.250447+00	2022-07-26 20:03:24.250447+00
6	Other	2022-07-26 20:03:24.251088+00	2022-07-26 20:03:24.251088+00
\.


--
-- Data for Name: users; Type: TABLE DATA; Schema: upchieve; Owner: admin
--

COPY upchieve.users (id, verified, email_verified, phone_verified, email, password, password_reset_token, first_name, last_name, deactivated, last_activity_at, referral_code, referred_by, test_user, banned, ban_reason_id, time_tutored, signup_source_id, created_at, updated_at, phone, mongo_id) FROM stdin;
01823c1b-6d4d-e283-311f-b5326fa63905	t	f	f	volunteer1@upchieve.org	$2a$10$z.JMHnbX9IubnNZtqI.FOecTPVY1VTU1DJ6AJGIOT/x/OyAtdw3.y	\N	Partner	UPchieve	f	\N	B	\N	f	f	\N	25200000	\N	2022-07-26 20:03:26.669642+00	2022-07-26 20:03:26.669642+00	+12125551212	\N
01823c1b-6d4d-8285-b5f4-7c360574c513	t	f	f	volunteer2@upchieve.org	$2a$10$z.JMHnbX9IubnNZtqI.FOecTPVY1VTU1DJ6AJGIOT/x/OyAtdw3.y	\N	Special Reporting	UPchieve	f	\N	C	\N	f	f	\N	25200000	\N	2022-07-26 20:03:26.672065+00	2022-07-26 20:03:26.672065+00	+12125551213	\N
01823c1b-6d4d-c569-e57b-df50330031c1	t	f	f	volunteer3@upchieve.org	$2a$10$z.JMHnbX9IubnNZtqI.FOecTPVY1VTU1DJ6AJGIOT/x/OyAtdw3.y	\N	Open Sign Up	UPchieve	f	\N	D	\N	f	f	\N	25200000	\N	2022-07-26 20:03:26.67396+00	2022-07-26 20:03:26.67396+00	+12125551214	\N
01823c1b-6d4d-c734-985e-54c0f17e0efe	t	f	f	volunteer4@upchieve.org	$2a$10$z.JMHnbX9IubnNZtqI.FOecTPVY1VTU1DJ6AJGIOT/x/OyAtdw3.y	\N	Needs Onboarding	UPchieve	f	\N	E	\N	f	f	\N	0	\N	2022-07-26 20:03:26.6757+00	2022-07-26 20:03:26.6757+00	+12125551215	\N
01823c1b-6d4d-f6ee-0f83-718fa9abdb26	t	f	f	volunteer5@upchieve.org	$2a$10$z.JMHnbX9IubnNZtqI.FOecTPVY1VTU1DJ6AJGIOT/x/OyAtdw3.y	\N	Needs Approval	UPchieve	f	\N	Z	\N	f	f	\N	0	\N	2022-07-26 20:03:26.677561+00	2022-07-26 20:03:26.677561+00	+12125551216	\N
01823c1b-6d4d-b683-6881-9d70bf85e126	t	f	f	volunteer6@upchieve.org	$2a$10$z.JMHnbX9IubnNZtqI.FOecTPVY1VTU1DJ6AJGIOT/x/OyAtdw3.y	\N	Admin	UPchieve	f	\N	Y	\N	f	f	\N	0	\N	2022-07-26 20:03:26.679415+00	2022-07-26 20:03:26.679415+00	+12125551217	\N
01823c1b-6dd9-67a3-ee09-a62a6c0e4a3d	t	f	f	student1@upchieve.org	$2a$10$z.JMHnbX9IubnNZtqI.FOecTPVY1VTU1DJ6AJGIOT/x/OyAtdw3.y	\N	Student	UPchieve	f	\N	A	\N	f	f	\N	\N	\N	2022-07-26 20:03:26.80998+00	2022-07-26 20:03:26.80998+00	\N	\N
01823c1b-6dd9-82ff-7678-7fa09e8b9fbc	t	f	f	student2@upchieve.org	$2a$10$z.JMHnbX9IubnNZtqI.FOecTPVY1VTU1DJ6AJGIOT/x/OyAtdw3.y	\N	Student	UPchieve	f	\N	F	\N	f	f	\N	\N	\N	2022-07-26 20:03:26.811751+00	2022-07-26 20:03:26.811751+00	\N	\N
01823c1b-6dd9-d896-91d7-6498f71f4962	t	f	f	student3@upchieve.org	$2a$10$z.JMHnbX9IubnNZtqI.FOecTPVY1VTU1DJ6AJGIOT/x/OyAtdw3.y	\N	Student	UPchieve	f	\N	G	\N	f	f	\N	\N	\N	2022-07-26 20:03:26.813748+00	2022-07-26 20:03:26.813748+00	\N	\N
\.


--
-- Data for Name: admin_profiles; Type: TABLE DATA; Schema: upchieve; Owner: admin
--

COPY upchieve.admin_profiles (user_id, created_at, updated_at) FROM stdin;
01823c1b-6d4d-b683-6881-9d70bf85e126	2022-07-26 20:03:26.808548+00	2022-07-26 20:03:26.808548+00
\.


--
-- Data for Name: tool_types; Type: TABLE DATA; Schema: upchieve; Owner: admin
--

COPY upchieve.tool_types (id, name, created_at, updated_at) FROM stdin;
1	whiteboard	2022-07-26 20:03:24.268633+00	2022-07-26 20:03:24.268633+00
2	documenteditor	2022-07-26 20:03:24.269617+00	2022-07-26 20:03:24.269617+00
\.


--
-- Data for Name: topics; Type: TABLE DATA; Schema: upchieve; Owner: admin
--

COPY upchieve.topics (id, name, icon_link, color, dashboard_order, display_name, created_at, updated_at) FROM stdin;
1	math	\N	\N	1	Math	2022-07-26 20:03:24.264708+00	2022-07-26 20:03:24.264708+00
2	science	\N	\N	4	Science	2022-07-26 20:03:24.265627+00	2022-07-26 20:03:24.265627+00
3	college	\N	\N	3	College Counseling	2022-07-26 20:03:24.266355+00	2022-07-26 20:03:24.266355+00
4	sat	\N	\N	2	Standardized Testing	2022-07-26 20:03:24.267086+00	2022-07-26 20:03:24.267086+00
5	readingWriting	\N	\N	5	Reading and Writing	2022-07-26 20:03:24.267835+00	2022-07-26 20:03:24.267835+00
6	socialStudies	\N	\N	6	Social Studies	2022-07-26 20:03:24.770163+00	2022-07-26 20:03:24.770163+00
\.


--
-- Data for Name: subjects; Type: TABLE DATA; Schema: upchieve; Owner: admin
--

COPY upchieve.subjects (id, name, display_name, display_order, topic_id, tool_type_id, created_at, updated_at) FROM stdin;
1	prealgebra	Prealgebra	1	1	1	2022-07-26 20:03:24.270514+00	2022-07-26 20:03:24.270514+00
2	algebraOne	Algebra 1	2	1	1	2022-07-26 20:03:24.271704+00	2022-07-26 20:03:24.271704+00
3	algebraTwo	Algebra 2	3	1	1	2022-07-26 20:03:24.272605+00	2022-07-26 20:03:24.272605+00
4	geometry	Geometry	4	1	1	2022-07-26 20:03:24.273446+00	2022-07-26 20:03:24.273446+00
5	trigonometry	Trigonometry	5	1	1	2022-07-26 20:03:24.274263+00	2022-07-26 20:03:24.274263+00
6	precalculus	Precalculus	6	1	1	2022-07-26 20:03:24.275105+00	2022-07-26 20:03:24.275105+00
7	calculusAB	Calculus AB	7	1	1	2022-07-26 20:03:24.275823+00	2022-07-26 20:03:24.275823+00
8	calculusBC	Calculus BC	8	1	1	2022-07-26 20:03:24.276588+00	2022-07-26 20:03:24.276588+00
9	statistics	Statistics	9	1	1	2022-07-26 20:03:24.277296+00	2022-07-26 20:03:24.277296+00
10	biology	Biology	1	2	1	2022-07-26 20:03:24.278104+00	2022-07-26 20:03:24.278104+00
11	chemistry	Chemistry	2	2	1	2022-07-26 20:03:24.279009+00	2022-07-26 20:03:24.279009+00
12	physicsOne	Physics 1	3	2	1	2022-07-26 20:03:24.279775+00	2022-07-26 20:03:24.279775+00
13	physicsTwo	Physics 2	4	2	1	2022-07-26 20:03:24.280507+00	2022-07-26 20:03:24.280507+00
14	environmentalScience	Environmental Science	5	2	1	2022-07-26 20:03:24.28133+00	2022-07-26 20:03:24.28133+00
15	satMath	SAT Math	1	4	1	2022-07-26 20:03:24.282139+00	2022-07-26 20:03:24.282139+00
16	satReading	SAT Reading	2	4	2	2022-07-26 20:03:24.282948+00	2022-07-26 20:03:24.282948+00
17	essays	College Essays	2	3	2	2022-07-26 20:03:24.283768+00	2022-07-26 20:03:24.283768+00
18	planning	Planning	1	3	2	2022-07-26 20:03:24.284577+00	2022-07-26 20:03:24.284577+00
19	applications	Applications	3	3	2	2022-07-26 20:03:24.285368+00	2022-07-26 20:03:24.285368+00
20	humanitiesEssays	Humanities Essays	1	5	2	2022-07-26 20:03:24.286244+00	2022-07-26 20:03:24.286244+00
21	integratedMathOne	Integrated Math One	9	1	1	2022-07-26 20:03:24.286947+00	2022-07-26 20:03:24.286947+00
22	integratedMathTwo	Integrated Math Two	9	1	1	2022-07-26 20:03:24.287826+00	2022-07-26 20:03:24.287826+00
23	integratedMathThree	Integrated Math Three	9	1	1	2022-07-26 20:03:24.288568+00	2022-07-26 20:03:24.288568+00
24	integratedMathFour	Integrated Math Four	9	1	1	2022-07-26 20:03:24.289259+00	2022-07-26 20:03:24.289259+00
25	reading	Reading	2	5	2	2022-07-26 20:03:24.727504+00	2022-07-26 20:03:24.727504+00
26	usHistory	U.S. History	1	6	2	2022-07-26 20:03:24.770163+00	2022-07-26 20:03:24.770163+00
\.


--
-- Data for Name: user_roles; Type: TABLE DATA; Schema: upchieve; Owner: admin
--

COPY upchieve.user_roles (id, name, created_at, updated_at) FROM stdin;
1	student	2022-07-26 20:03:24.240275+00	2022-07-26 20:03:24.240275+00
2	volunteer	2022-07-26 20:03:24.241252+00	2022-07-26 20:03:24.241252+00
3	admin	2022-07-26 20:03:24.242449+00	2022-07-26 20:03:24.242449+00
\.


--
-- Data for Name: sessions; Type: TABLE DATA; Schema: upchieve; Owner: admin
--

COPY upchieve.sessions (id, student_id, volunteer_id, subject_id, has_whiteboard_doc, quill_doc, volunteer_joined_at, ended_at, ended_by_role_id, reviewed, to_review, student_banned, time_tutored, created_at, updated_at, mongo_id) FROM stdin;
\.


--
-- Data for Name: assistments_data; Type: TABLE DATA; Schema: upchieve; Owner: admin
--

COPY upchieve.assistments_data (id, problem_id, assignment_id, student_id, session_id, sent, created_at, updated_at, sent_at, mongo_id) FROM stdin;
\.


--
-- Data for Name: sponsor_orgs; Type: TABLE DATA; Schema: upchieve; Owner: admin
--

COPY upchieve.sponsor_orgs (id, name, created_at, updated_at, key) FROM stdin;
01823c1b-6d44-69a8-30fe-680c38c83c55	Only Sponsors Schools	2022-07-26 20:03:26.660837+00	2022-07-26 20:03:26.660837+00	onlySponsorsSchools
01823c1b-6d44-f649-6fd8-14f8c813382c	Only Sponsors Partner Orgs	2022-07-26 20:03:26.661875+00	2022-07-26 20:03:26.661875+00	onlySponsorsPartnerOrgs
01823c1b-6d44-03ca-04ef-0bfa243927dc	Sponsors Both	2022-07-26 20:03:26.662664+00	2022-07-26 20:03:26.662664+00	sponsorsBoth
\.


--
-- Data for Name: student_partner_orgs; Type: TABLE DATA; Schema: upchieve; Owner: admin
--

COPY upchieve.student_partner_orgs (id, key, name, signup_code, high_school_signup, college_signup, school_signup_required, created_at, updated_at) FROM stdin;
01823c1b-6cf3-0dc1-483a-0a81c5a8d1cb	college-mentors	College Mentors	MENTORS	t	f	t	2022-07-26 20:03:26.637121+00	2022-07-26 20:03:26.637121+00
01823c1b-6cf4-16e4-fc87-fdf7b380afa6	community-org	Community Org	COMMUNITY	t	f	f	2022-07-26 20:03:26.640741+00	2022-07-26 20:03:26.640741+00
01823c1b-6cf4-070a-7026-63977e952364	school-helpers	School Helpers	SCHOOLHELPERS	f	f	f	2022-07-26 20:03:26.642128+00	2022-07-26 20:03:26.642128+00
01823c1b-6cf4-b88f-96d7-c0e9c221fc72	college-learners	College Learners	COLLEGELEARNERS	f	t	t	2022-07-26 20:03:26.643842+00	2022-07-26 20:03:26.643842+00
01823c1b-6cf4-0331-f5fa-6985d7b0294c	all-the-students	All The Students	ALLTHESTUDENTS	t	t	t	2022-07-26 20:03:26.644999+00	2022-07-26 20:03:26.644999+00
\.


--
-- Data for Name: volunteer_partner_orgs; Type: TABLE DATA; Schema: upchieve; Owner: admin
--

COPY upchieve.volunteer_partner_orgs (id, key, name, receive_weekly_hour_summary_email, created_at, updated_at) FROM stdin;
01823c1b-6d39-437e-8f40-0db3b9fb64d6	big-telecom	Big Telecom	t	2022-07-26 20:03:26.649797+00	2022-07-26 20:03:26.649797+00
01823c1b-6d39-1400-b089-ad4dba8113b1	health-co	Health Co	f	2022-07-26 20:03:26.651033+00	2022-07-26 20:03:26.651033+00
\.


--
-- Data for Name: associated_partners; Type: TABLE DATA; Schema: upchieve; Owner: admin
--

COPY upchieve.associated_partners (id, key, volunteer_partner_org_id, student_partner_org_id, student_sponsor_org_id, created_at, updated_at) FROM stdin;
01823c1b-6d4b-a015-4f69-8e08bd5a8ef9	associatedWithSponsorOrg	01823c1b-6d39-437e-8f40-0db3b9fb64d6	\N	01823c1b-6d44-69a8-30fe-680c38c83c55	2022-07-26 20:03:26.667431+00	2022-07-26 20:03:26.667431+00
01823c1b-6d4b-f036-a03d-d5d4faa72dba	associatedWithPartnerOrg	01823c1b-6d39-437e-8f40-0db3b9fb64d6	01823c1b-6cf3-0dc1-483a-0a81c5a8d1cb	\N	2022-07-26 20:03:26.668475+00	2022-07-26 20:03:26.668475+00
\.


--
-- Data for Name: weekdays; Type: TABLE DATA; Schema: upchieve; Owner: admin
--

COPY upchieve.weekdays (id, day, created_at, updated_at) FROM stdin;
1	Sunday	2022-07-26 20:03:24.234926+00	2022-07-26 20:03:24.234926+00
2	Monday	2022-07-26 20:03:24.235937+00	2022-07-26 20:03:24.235937+00
3	Tuesday	2022-07-26 20:03:24.236679+00	2022-07-26 20:03:24.236679+00
4	Wednesday	2022-07-26 20:03:24.23742+00	2022-07-26 20:03:24.23742+00
5	Thursday	2022-07-26 20:03:24.238175+00	2022-07-26 20:03:24.238175+00
6	Friday	2022-07-26 20:03:24.238887+00	2022-07-26 20:03:24.238887+00
7	Saturday	2022-07-26 20:03:24.239599+00	2022-07-26 20:03:24.239599+00
\.


--
-- Data for Name: availabilities; Type: TABLE DATA; Schema: upchieve; Owner: admin
--

COPY upchieve.availabilities (id, user_id, weekday_id, available_start, available_end, timezone, created_at, updated_at) FROM stdin;
\.


--
-- Data for Name: availability_histories; Type: TABLE DATA; Schema: upchieve; Owner: admin
--

COPY upchieve.availability_histories (id, user_id, weekday_id, available_start, available_end, timezone, recorded_at, created_at, updated_at) FROM stdin;
\.


--
-- Data for Name: certifications; Type: TABLE DATA; Schema: upchieve; Owner: admin
--

COPY upchieve.certifications (id, name, created_at, updated_at) FROM stdin;
1	prealgebra	2022-07-26 20:03:24.568738+00	2022-07-26 20:03:24.568738+00
2	statistics	2022-07-26 20:03:24.569864+00	2022-07-26 20:03:24.569864+00
3	geometry	2022-07-26 20:03:24.570747+00	2022-07-26 20:03:24.570747+00
4	biology	2022-07-26 20:03:24.571519+00	2022-07-26 20:03:24.571519+00
5	chemistry	2022-07-26 20:03:24.572349+00	2022-07-26 20:03:24.572349+00
6	physicsOne	2022-07-26 20:03:24.573087+00	2022-07-26 20:03:24.573087+00
7	physicsTwo	2022-07-26 20:03:24.573869+00	2022-07-26 20:03:24.573869+00
8	environmentalScience	2022-07-26 20:03:24.574627+00	2022-07-26 20:03:24.574627+00
9	essays	2022-07-26 20:03:24.575417+00	2022-07-26 20:03:24.575417+00
10	applications	2022-07-26 20:03:24.576204+00	2022-07-26 20:03:24.576204+00
11	planning	2022-07-26 20:03:24.576989+00	2022-07-26 20:03:24.576989+00
12	satMath	2022-07-26 20:03:24.577771+00	2022-07-26 20:03:24.577771+00
13	satReading	2022-07-26 20:03:24.578557+00	2022-07-26 20:03:24.578557+00
14	collegeCounseling	2022-07-26 20:03:24.579298+00	2022-07-26 20:03:24.579298+00
15	humanitiesEssays	2022-07-26 20:03:24.580055+00	2022-07-26 20:03:24.580055+00
16	algebraOne	2022-07-26 20:03:24.580774+00	2022-07-26 20:03:24.580774+00
17	algebraTwo	2022-07-26 20:03:24.581468+00	2022-07-26 20:03:24.581468+00
18	trigonometry	2022-07-26 20:03:24.582169+00	2022-07-26 20:03:24.582169+00
19	precalculus	2022-07-26 20:03:24.582902+00	2022-07-26 20:03:24.582902+00
20	calculusAB	2022-07-26 20:03:24.583747+00	2022-07-26 20:03:24.583747+00
21	calculusBC	2022-07-26 20:03:24.584639+00	2022-07-26 20:03:24.584639+00
22	reading	2022-07-26 20:03:24.727504+00	2022-07-26 20:03:24.727504+00
23	usHistory	2022-07-26 20:03:24.770163+00	2022-07-26 20:03:24.770163+00
\.


--
-- Data for Name: certification_subject_unlocks; Type: TABLE DATA; Schema: upchieve; Owner: admin
--

COPY upchieve.certification_subject_unlocks (subject_id, certification_id, created_at, updated_at) FROM stdin;
21	16	2022-07-26 20:03:24.619882+00	2022-07-26 20:03:24.619882+00
21	3	2022-07-26 20:03:24.620979+00	2022-07-26 20:03:24.620979+00
21	2	2022-07-26 20:03:24.621691+00	2022-07-26 20:03:24.621691+00
22	16	2022-07-26 20:03:24.622458+00	2022-07-26 20:03:24.622458+00
22	3	2022-07-26 20:03:24.623227+00	2022-07-26 20:03:24.623227+00
22	2	2022-07-26 20:03:24.624017+00	2022-07-26 20:03:24.624017+00
22	18	2022-07-26 20:03:24.624811+00	2022-07-26 20:03:24.624811+00
23	19	2022-07-26 20:03:24.625513+00	2022-07-26 20:03:24.625513+00
23	2	2022-07-26 20:03:24.626261+00	2022-07-26 20:03:24.626261+00
24	19	2022-07-26 20:03:24.626956+00	2022-07-26 20:03:24.626956+00
1	1	2022-07-26 20:03:24.627707+00	2022-07-26 20:03:24.627707+00
9	2	2022-07-26 20:03:24.628427+00	2022-07-26 20:03:24.628427+00
4	3	2022-07-26 20:03:24.629112+00	2022-07-26 20:03:24.629112+00
10	4	2022-07-26 20:03:24.62988+00	2022-07-26 20:03:24.62988+00
11	5	2022-07-26 20:03:24.630708+00	2022-07-26 20:03:24.630708+00
12	6	2022-07-26 20:03:24.631483+00	2022-07-26 20:03:24.631483+00
13	7	2022-07-26 20:03:24.632262+00	2022-07-26 20:03:24.632262+00
14	8	2022-07-26 20:03:24.633041+00	2022-07-26 20:03:24.633041+00
17	9	2022-07-26 20:03:24.633774+00	2022-07-26 20:03:24.633774+00
19	10	2022-07-26 20:03:24.634503+00	2022-07-26 20:03:24.634503+00
18	11	2022-07-26 20:03:24.635273+00	2022-07-26 20:03:24.635273+00
15	12	2022-07-26 20:03:24.635992+00	2022-07-26 20:03:24.635992+00
16	13	2022-07-26 20:03:24.636689+00	2022-07-26 20:03:24.636689+00
20	15	2022-07-26 20:03:24.637384+00	2022-07-26 20:03:24.637384+00
2	16	2022-07-26 20:03:24.638031+00	2022-07-26 20:03:24.638031+00
3	17	2022-07-26 20:03:24.638696+00	2022-07-26 20:03:24.638696+00
5	18	2022-07-26 20:03:24.639628+00	2022-07-26 20:03:24.639628+00
6	19	2022-07-26 20:03:24.640351+00	2022-07-26 20:03:24.640351+00
7	20	2022-07-26 20:03:24.64101+00	2022-07-26 20:03:24.64101+00
8	21	2022-07-26 20:03:24.641718+00	2022-07-26 20:03:24.641718+00
25	22	2022-07-26 20:03:24.727504+00	2022-07-26 20:03:24.727504+00
26	23	2022-07-26 20:03:24.770163+00	2022-07-26 20:03:24.770163+00
\.


--
-- Data for Name: us_states; Type: TABLE DATA; Schema: upchieve; Owner: admin
--

COPY upchieve.us_states (code, name, created_at, updated_at) FROM stdin;
AL	Alabama	2022-07-26 20:03:23.988584+00	2022-07-26 20:03:23.988584+00
AK	Alaska	2022-07-26 20:03:23.991039+00	2022-07-26 20:03:23.991039+00
AR	Arkansas	2022-07-26 20:03:23.992139+00	2022-07-26 20:03:23.992139+00
AZ	Arizona	2022-07-26 20:03:23.992956+00	2022-07-26 20:03:23.992956+00
CA	California	2022-07-26 20:03:23.993758+00	2022-07-26 20:03:23.993758+00
CO	Colorado	2022-07-26 20:03:23.994586+00	2022-07-26 20:03:23.994586+00
CT	Connecticut	2022-07-26 20:03:23.995526+00	2022-07-26 20:03:23.995526+00
DE	Delaware	2022-07-26 20:03:23.996856+00	2022-07-26 20:03:23.996856+00
DC	District of Columbia	2022-07-26 20:03:23.998084+00	2022-07-26 20:03:23.998084+00
FL	Florida	2022-07-26 20:03:23.99937+00	2022-07-26 20:03:23.99937+00
GA	Georgia	2022-07-26 20:03:24.000669+00	2022-07-26 20:03:24.000669+00
HI	Hawaii	2022-07-26 20:03:24.001686+00	2022-07-26 20:03:24.001686+00
ID	Idaho	2022-07-26 20:03:24.002605+00	2022-07-26 20:03:24.002605+00
IL	Illinois	2022-07-26 20:03:24.003453+00	2022-07-26 20:03:24.003453+00
IN	Indiana	2022-07-26 20:03:24.004281+00	2022-07-26 20:03:24.004281+00
IA	Iowa	2022-07-26 20:03:24.005041+00	2022-07-26 20:03:24.005041+00
KS	Kansas	2022-07-26 20:03:24.005886+00	2022-07-26 20:03:24.005886+00
KY	Kentucky	2022-07-26 20:03:24.006665+00	2022-07-26 20:03:24.006665+00
LA	Louisiana	2022-07-26 20:03:24.007454+00	2022-07-26 20:03:24.007454+00
ME	Maine	2022-07-26 20:03:24.008237+00	2022-07-26 20:03:24.008237+00
MD	Maryland	2022-07-26 20:03:24.008958+00	2022-07-26 20:03:24.008958+00
MA	Massachusetts	2022-07-26 20:03:24.009708+00	2022-07-26 20:03:24.009708+00
MI	Michigan	2022-07-26 20:03:24.010422+00	2022-07-26 20:03:24.010422+00
MN	Minnesota	2022-07-26 20:03:24.011148+00	2022-07-26 20:03:24.011148+00
MS	Mississippi	2022-07-26 20:03:24.011789+00	2022-07-26 20:03:24.011789+00
MO	Missouri	2022-07-26 20:03:24.012391+00	2022-07-26 20:03:24.012391+00
MT	Montana	2022-07-26 20:03:24.013047+00	2022-07-26 20:03:24.013047+00
NE	Nebraska	2022-07-26 20:03:24.013665+00	2022-07-26 20:03:24.013665+00
NV	Nevada	2022-07-26 20:03:24.014283+00	2022-07-26 20:03:24.014283+00
NH	New Hampshire	2022-07-26 20:03:24.014974+00	2022-07-26 20:03:24.014974+00
NJ	New Jersey	2022-07-26 20:03:24.015601+00	2022-07-26 20:03:24.015601+00
NM	New Mexico	2022-07-26 20:03:24.016256+00	2022-07-26 20:03:24.016256+00
NY	New York	2022-07-26 20:03:24.01698+00	2022-07-26 20:03:24.01698+00
NC	North Carolina	2022-07-26 20:03:24.017653+00	2022-07-26 20:03:24.017653+00
ND	North Dakota	2022-07-26 20:03:24.018739+00	2022-07-26 20:03:24.018739+00
OH	Ohio	2022-07-26 20:03:24.019508+00	2022-07-26 20:03:24.019508+00
OK	Oklahoma	2022-07-26 20:03:24.020241+00	2022-07-26 20:03:24.020241+00
OR	Oregon	2022-07-26 20:03:24.020975+00	2022-07-26 20:03:24.020975+00
PA	Pennsylvania	2022-07-26 20:03:24.02175+00	2022-07-26 20:03:24.02175+00
RI	Rhode Island	2022-07-26 20:03:24.022544+00	2022-07-26 20:03:24.022544+00
SC	South Carolina	2022-07-26 20:03:24.023316+00	2022-07-26 20:03:24.023316+00
SD	South Dakota	2022-07-26 20:03:24.024027+00	2022-07-26 20:03:24.024027+00
TN	Tennessee	2022-07-26 20:03:24.024759+00	2022-07-26 20:03:24.024759+00
TX	Texas	2022-07-26 20:03:24.025464+00	2022-07-26 20:03:24.025464+00
UT	Utah	2022-07-26 20:03:24.026212+00	2022-07-26 20:03:24.026212+00
VT	Vermont	2022-07-26 20:03:24.026972+00	2022-07-26 20:03:24.026972+00
VA	Virginia	2022-07-26 20:03:24.027687+00	2022-07-26 20:03:24.027687+00
WA	Washington	2022-07-26 20:03:24.028457+00	2022-07-26 20:03:24.028457+00
WV	West Virginia	2022-07-26 20:03:24.029213+00	2022-07-26 20:03:24.029213+00
WI	Wisconsin	2022-07-26 20:03:24.02997+00	2022-07-26 20:03:24.02997+00
WY	Wyoming	2022-07-26 20:03:24.030785+00	2022-07-26 20:03:24.030785+00
PR	Puerto Rico	2022-07-26 20:03:24.03163+00	2022-07-26 20:03:24.03163+00
GU	Guam	2022-07-26 20:03:24.032373+00	2022-07-26 20:03:24.032373+00
VI	Virgin Islands	2022-07-26 20:03:24.033248+00	2022-07-26 20:03:24.033248+00
AS	American Samoa	2022-07-26 20:03:24.034058+00	2022-07-26 20:03:24.034058+00
BI	Bureau of Indian Education	2022-07-26 20:03:24.034944+00	2022-07-26 20:03:24.034944+00
NA	NA	2022-07-26 20:03:24.035691+00	2022-07-26 20:03:24.035691+00
AE	U.S. Armed Forced - Europe	2022-07-26 20:03:24.733007+00	2022-07-26 20:03:24.733007+00
AA	U.S. Armed Forced - Americas	2022-07-26 20:03:24.733007+00	2022-07-26 20:03:24.733007+00
AP	U.S. Armed Forced - Pacific	2022-07-26 20:03:24.733007+00	2022-07-26 20:03:24.733007+00
PW	Palau	2022-07-26 20:03:24.733007+00	2022-07-26 20:03:24.733007+00
FM	Micronesia	2022-07-26 20:03:24.733007+00	2022-07-26 20:03:24.733007+00
MP	Norther Mariana Islands	2022-07-26 20:03:24.733007+00	2022-07-26 20:03:24.733007+00
MH	Marshall Islands	2022-07-26 20:03:24.733007+00	2022-07-26 20:03:24.733007+00
\.


--
-- Data for Name: cities; Type: TABLE DATA; Schema: upchieve; Owner: admin
--

COPY upchieve.cities (id, name, us_state_code, created_at, updated_at) FROM stdin;
1	Denver	CO	2022-07-26 20:03:26.654464+00	2022-07-26 20:03:26.654464+00
2	Brooklyn	NY	2022-07-26 20:03:26.655626+00	2022-07-26 20:03:26.655626+00
\.


--
-- Data for Name: contact_form_submissions; Type: TABLE DATA; Schema: upchieve; Owner: admin
--

COPY upchieve.contact_form_submissions (id, user_id, user_email, message, topic, created_at, updated_at) FROM stdin;
\.


--
-- Data for Name: feedbacks; Type: TABLE DATA; Schema: upchieve; Owner: admin
--

COPY upchieve.feedbacks (id, topic_id, subject_id, user_role_id, session_id, student_tutoring_feedback, student_counseling_feedback, volunteer_feedback, comment, user_id, legacy_feedbacks, created_at, updated_at, mongo_id) FROM stdin;
\.


--
-- Data for Name: grade_levels; Type: TABLE DATA; Schema: upchieve; Owner: admin
--

COPY upchieve.grade_levels (id, name, created_at, updated_at) FROM stdin;
1	8th	2022-07-26 20:03:24.251818+00	2022-07-26 20:03:24.251818+00
2	9th	2022-07-26 20:03:24.252701+00	2022-07-26 20:03:24.252701+00
3	10th	2022-07-26 20:03:24.253378+00	2022-07-26 20:03:24.253378+00
4	11th	2022-07-26 20:03:24.254014+00	2022-07-26 20:03:24.254014+00
5	12th	2022-07-26 20:03:24.254637+00	2022-07-26 20:03:24.254637+00
6	College	2022-07-26 20:03:24.255235+00	2022-07-26 20:03:24.255235+00
\.


--
-- Data for Name: ip_addresses; Type: TABLE DATA; Schema: upchieve; Owner: admin
--

COPY upchieve.ip_addresses (id, ip, status, created_at, updated_at, mongo_id) FROM stdin;
\.


--
-- Data for Name: postal_codes; Type: TABLE DATA; Schema: upchieve; Owner: admin
--

COPY upchieve.postal_codes (code, us_state_code, income, location, created_at, updated_at) FROM stdin;
00501	NY	0	(40.81,-73.04)	2022-07-26 20:03:24.11492+00	2022-07-26 20:03:24.11492+00
01010	MA	24915	(42.11,-72.2)	2022-07-26 20:03:24.119207+00	2022-07-26 20:03:24.119207+00
01011	MA	5853	(42.28,-72.98)	2022-07-26 20:03:24.135358+00	2022-07-26 20:03:24.135358+00
01012	MA	4316	(42.4,-72.85)	2022-07-26 20:03:24.175294+00	2022-07-26 20:03:24.175294+00
01002	MA	147482	(42.37,-72.52)	2022-07-26 20:03:24.175482+00	2022-07-26 20:03:24.175482+00
01003	MA	0	(42.39,-72.52)	2022-07-26 20:03:24.175823+00	2022-07-26 20:03:24.175823+00
00544	NY	0	(40.81,-73.04)	2022-07-26 20:03:24.185085+00	2022-07-26 20:03:24.185085+00
01009	MA	0	(42.2,-72.34)	2022-07-26 20:03:24.188021+00	2022-07-26 20:03:24.188021+00
01013	MA	79013	(42.15,-72.6)	2022-07-26 20:03:24.188219+00	2022-07-26 20:03:24.188219+00
01014	MA	0	(42.17,-72.57)	2022-07-26 20:03:24.188757+00	2022-07-26 20:03:24.188757+00
01020	MA	128543	(42.17,-72.57)	2022-07-26 20:03:24.189161+00	2022-07-26 20:03:24.189161+00
01021	MA	0	(42.17,-72.57)	2022-07-26 20:03:24.189659+00	2022-07-26 20:03:24.189659+00
01004	MA	0	(42.37,-72.52)	2022-07-26 20:03:24.189651+00	2022-07-26 20:03:24.189651+00
01022	MA	9070	(42.2,-72.54)	2022-07-26 20:03:24.213808+00	2022-07-26 20:03:24.213808+00
01030	MA	68409	(42.06,-72.67)	2022-07-26 20:03:24.214315+00	2022-07-26 20:03:24.214315+00
01028	MA	129755	(42.06,-72.51)	2022-07-26 20:03:24.214218+00	2022-07-26 20:03:24.214218+00
01029	MA	0	(42.17,-73.03)	2022-07-26 20:03:24.214382+00	2022-07-26 20:03:24.214382+00
01001	MA	91129	(42.06,-72.61)	2022-07-26 20:03:24.213815+00	2022-07-26 20:03:24.213815+00
01026	MA	5097	(42.46,-72.9)	2022-07-26 20:03:24.214204+00	2022-07-26 20:03:24.214204+00
01008	MA	7667	(42.18,-72.93)	2022-07-26 20:03:24.214577+00	2022-07-26 20:03:24.214577+00
01027	MA	105590	(42.26,-72.68)	2022-07-26 20:03:24.214749+00	2022-07-26 20:03:24.214749+00
01005	MA	24883	(42.42,-72.1)	2022-07-26 20:03:24.214769+00	2022-07-26 20:03:24.214769+00
01031	MA	4468	(42.33,-72.2)	2022-07-26 20:03:24.21561+00	2022-07-26 20:03:24.21561+00
01033	MA	39338	(42.26,-72.52)	2022-07-26 20:03:24.216221+00	2022-07-26 20:03:24.216221+00
01032	MA	2498	(42.46,-72.81)	2022-07-26 20:03:24.216259+00	2022-07-26 20:03:24.216259+00
01034	MA	12322	(42.06,-72.86)	2022-07-26 20:03:24.216487+00	2022-07-26 20:03:24.216487+00
01035	MA	36097	(42.35,-72.58)	2022-07-26 20:03:24.216614+00	2022-07-26 20:03:24.216614+00
01007	MA	103396	(42.27,-72.4)	2022-07-26 20:03:24.215833+00	2022-07-26 20:03:24.215833+00
01036	MA	38625	(42.06,-72.41)	2022-07-26 20:03:24.216751+00	2022-07-26 20:03:24.216751+00
01037	MA	0	(42.35,-72.2)	2022-07-26 20:03:24.216699+00	2022-07-26 20:03:24.216699+00
01038	MA	18606	(42.37,-72.6)	2022-07-26 20:03:24.217746+00	2022-07-26 20:03:24.217746+00
01039	MA	11083	(42.39,-72.7)	2022-07-26 20:03:24.218126+00	2022-07-26 20:03:24.218126+00
01040	MA	131177	(42.21,-72.64)	2022-07-26 20:03:24.21829+00	2022-07-26 20:03:24.21829+00
01041	MA	0	(42.21,-72.64)	2022-07-26 20:03:24.218462+00	2022-07-26 20:03:24.218462+00
01050	MA	12978	(42.23,-72.88)	2022-07-26 20:03:24.218577+00	2022-07-26 20:03:24.218577+00
01054	MA	16023	(42.45,-72.5)	2022-07-26 20:03:24.21858+00	2022-07-26 20:03:24.21858+00
01053	MA	11836	(42.35,-72.71)	2022-07-26 20:03:24.218681+00	2022-07-26 20:03:24.218681+00
01057	MA	50505	(42.09,-72.31)	2022-07-26 20:03:24.221666+00	2022-07-26 20:03:24.221666+00
01059	MA	0	(42.4,-72.52)	2022-07-26 20:03:24.221647+00	2022-07-26 20:03:24.221647+00
01056	MA	115904	(42.16,-72.48)	2022-07-26 20:03:24.221685+00	2022-07-26 20:03:24.221685+00
01060	MA	102735	(42.32,-72.63)	2022-07-26 20:03:24.222616+00	2022-07-26 20:03:24.222616+00
01061	MA	0	(42.32,-72.67)	2022-07-26 20:03:24.22264+00	2022-07-26 20:03:24.22264+00
01062	MA	83229	(42.32,-72.67)	2022-07-26 20:03:24.222727+00	2022-07-26 20:03:24.222727+00
01063	MA	0	(42.32,-72.64)	2022-07-26 20:03:24.223018+00	2022-07-26 20:03:24.223018+00
01070	MA	3039	(42.51,-72.91)	2022-07-26 20:03:24.223221+00	2022-07-26 20:03:24.223221+00
01066	MA	0	(42.41,-72.66)	2022-07-26 20:03:24.223202+00	2022-07-26 20:03:24.223202+00
01069	MA	45510	(42.16,-72.32)	2022-07-26 20:03:24.223463+00	2022-07-26 20:03:24.223463+00
01071	MA	8377	(42.18,-72.85)	2022-07-26 20:03:24.223519+00	2022-07-26 20:03:24.223519+00
01072	MA	9721	(42.45,-72.4)	2022-07-26 20:03:24.223581+00	2022-07-26 20:03:24.223581+00
01068	MA	12012	(42.35,-72.05)	2022-07-26 20:03:24.223646+00	2022-07-26 20:03:24.223646+00
01073	MA	47352	(42.23,-72.73)	2022-07-26 20:03:24.224136+00	2022-07-26 20:03:24.224136+00
01074	MA	0	(42.39,-72.09)	2022-07-26 20:03:24.224607+00	2022-07-26 20:03:24.224607+00
01075	MA	107068	(42.26,-72.56)	2022-07-26 20:03:24.224784+00	2022-07-26 20:03:24.224784+00
01079	MA	0	(42.2,-72.33)	2022-07-26 20:03:24.224927+00	2022-07-26 20:03:24.224927+00
01080	MA	8946	(42.18,-72.37)	2022-07-26 20:03:24.224995+00	2022-07-26 20:03:24.224995+00
01081	MA	8097	(42.06,-72.21)	2022-07-26 20:03:24.2251+00	2022-07-26 20:03:24.2251+00
01082	MA	46542	(42.25,-72.24)	2022-07-26 20:03:24.225104+00	2022-07-26 20:03:24.225104+00
01077	MA	66040	(42.05,-72.76)	2022-07-26 20:03:24.224904+00	2022-07-26 20:03:24.224904+00
01083	MA	0	(42.21,-72.19)	2022-07-26 20:03:24.225587+00	2022-07-26 20:03:24.225587+00
01084	MA	0	(42.39,-72.88)	2022-07-26 20:03:24.225595+00	2022-07-26 20:03:24.225595+00
01085	MA	212444	(42.13,-72.75)	2022-07-26 20:03:24.225762+00	2022-07-26 20:03:24.225762+00
01086	MA	0	(42.13,-72.79)	2022-07-26 20:03:24.226769+00	2022-07-26 20:03:24.226769+00
01088	MA	3453	(42.39,-72.64)	2022-07-26 20:03:24.226723+00	2022-07-26 20:03:24.226723+00
01089	MA	143418	(42.12,-72.65)	2022-07-26 20:03:24.227028+00	2022-07-26 20:03:24.227028+00
01092	MA	0	(42.19,-72.24)	2022-07-26 20:03:24.227191+00	2022-07-26 20:03:24.227191+00
01096	MA	16411	(42.4,-72.76)	2022-07-26 20:03:24.227249+00	2022-07-26 20:03:24.227249+00
01094	MA	0	(42.35,-72.14)	2022-07-26 20:03:24.22722+00	2022-07-26 20:03:24.22722+00
01090	MA	0	(42.12,-72.65)	2022-07-26 20:03:24.227271+00	2022-07-26 20:03:24.227271+00
01095	MA	133898	(42.13,-72.43)	2022-07-26 20:03:24.227304+00	2022-07-26 20:03:24.227304+00
01093	MA	0	(42.44,-72.65)	2022-07-26 20:03:24.227386+00	2022-07-26 20:03:24.227386+00
01097	MA	0	(42.18,-72.83)	2022-07-26 20:03:24.227468+00	2022-07-26 20:03:24.227468+00
01098	MA	6990	(42.41,-72.93)	2022-07-26 20:03:24.228056+00	2022-07-26 20:03:24.228056+00
01101	MA	0	(42.11,-72.53)	2022-07-26 20:03:24.228363+00	2022-07-26 20:03:24.228363+00
01102	MA	0	(42.11,-72.53)	2022-07-26 20:03:24.228465+00	2022-07-26 20:03:24.228465+00
01103	MA	7500	(42.1,-72.59)	2022-07-26 20:03:24.228645+00	2022-07-26 20:03:24.228645+00
01105	MA	17273	(42.1,-72.58)	2022-07-26 20:03:24.2288+00	2022-07-26 20:03:24.2288+00
01106	MA	215209	(42.04,-72.57)	2022-07-26 20:03:24.228839+00	2022-07-26 20:03:24.228839+00
01104	MA	64690	(42.13,-72.57)	2022-07-26 20:03:24.228871+00	2022-07-26 20:03:24.228871+00
01107	MA	22891	(42.12,-72.61)	2022-07-26 20:03:24.228979+00	2022-07-26 20:03:24.228979+00
01108	MA	73942	(42.08,-72.56)	2022-07-26 20:03:24.22917+00	2022-07-26 20:03:24.22917+00
01109	MA	66323	(42.11,-72.53)	2022-07-26 20:03:24.229289+00	2022-07-26 20:03:24.229289+00
01111	MA	0	(42.11,-72.53)	2022-07-26 20:03:24.229864+00	2022-07-26 20:03:24.229864+00
01115	MA	0	(42.11,-72.53)	2022-07-26 20:03:24.230282+00	2022-07-26 20:03:24.230282+00
01119	MA	46384	(42.12,-72.51)	2022-07-26 20:03:24.23038+00	2022-07-26 20:03:24.23038+00
01116	MA	0	(42.04,-72.57)	2022-07-26 20:03:24.230491+00	2022-07-26 20:03:24.230491+00
01138	MA	0	(42.11,-72.53)	2022-07-26 20:03:24.230621+00	2022-07-26 20:03:24.230621+00
01129	MA	32342	(42.12,-72.49)	2022-07-26 20:03:24.230638+00	2022-07-26 20:03:24.230638+00
01144	MA	0	(42.11,-72.53)	2022-07-26 20:03:24.230822+00	2022-07-26 20:03:24.230822+00
01118	MA	66293	(42.09,-72.53)	2022-07-26 20:03:24.230339+00	2022-07-26 20:03:24.230339+00
01139	MA	0	(42.11,-72.53)	2022-07-26 20:03:24.230957+00	2022-07-26 20:03:24.230957+00
01128	MA	14775	(42.09,-72.49)	2022-07-26 20:03:24.23046+00	2022-07-26 20:03:24.23046+00
01151	MA	24538	(42.15,-72.51)	2022-07-26 20:03:24.231221+00	2022-07-26 20:03:24.231221+00
01152	MA	0	(42.11,-72.53)	2022-07-26 20:03:24.231572+00	2022-07-26 20:03:24.231572+00
01199	MA	0	(42.12,-72.6)	2022-07-26 20:03:24.231701+00	2022-07-26 20:03:24.231701+00
01201	MA	213668	(42.45,-73.26)	2022-07-26 20:03:24.231871+00	2022-07-26 20:03:24.231871+00
01203	MA	0	(42.45,-73.26)	2022-07-26 20:03:24.232127+00	2022-07-26 20:03:24.232127+00
01220	MA	34513	(42.62,-73.11)	2022-07-26 20:03:24.232376+00	2022-07-26 20:03:24.232376+00
01222	MA	3502	(42.05,-73.33)	2022-07-26 20:03:24.232477+00	2022-07-26 20:03:24.232477+00
01223	MA	14036	(42.33,-73.07)	2022-07-26 20:03:24.232557+00	2022-07-26 20:03:24.232557+00
01202	MA	0	(42.45,-73.26)	2022-07-26 20:03:24.232169+00	2022-07-26 20:03:24.232169+00
00000	NA	0	(0,0)	2022-07-26 20:03:24.233861+00	2022-07-26 20:03:24.233861+00
9001	AE	1000000	(0,0)	2022-07-26 20:03:24.733007+00	2022-07-26 20:03:24.733007+00
9002	AE	1000000	(0,0)	2022-07-26 20:03:24.733007+00	2022-07-26 20:03:24.733007+00
9003	AE	1000000	(0,0)	2022-07-26 20:03:24.733007+00	2022-07-26 20:03:24.733007+00
9004	AE	1000000	(0,0)	2022-07-26 20:03:24.733007+00	2022-07-26 20:03:24.733007+00
9005	AE	1000000	(0,0)	2022-07-26 20:03:24.733007+00	2022-07-26 20:03:24.733007+00
9006	AE	1000000	(0,0)	2022-07-26 20:03:24.733007+00	2022-07-26 20:03:24.733007+00
9008	AE	1000000	(0,0)	2022-07-26 20:03:24.733007+00	2022-07-26 20:03:24.733007+00
9009	AE	1000000	(0,0)	2022-07-26 20:03:24.733007+00	2022-07-26 20:03:24.733007+00
9010	AE	1000000	(0,0)	2022-07-26 20:03:24.733007+00	2022-07-26 20:03:24.733007+00
9011	AE	1000000	(0,0)	2022-07-26 20:03:24.733007+00	2022-07-26 20:03:24.733007+00
9012	AE	1000000	(0,0)	2022-07-26 20:03:24.733007+00	2022-07-26 20:03:24.733007+00
9013	AE	1000000	(0,0)	2022-07-26 20:03:24.733007+00	2022-07-26 20:03:24.733007+00
9014	AE	1000000	(0,0)	2022-07-26 20:03:24.733007+00	2022-07-26 20:03:24.733007+00
9015	AE	1000000	(0,0)	2022-07-26 20:03:24.733007+00	2022-07-26 20:03:24.733007+00
9016	AE	1000000	(0,0)	2022-07-26 20:03:24.733007+00	2022-07-26 20:03:24.733007+00
9017	AE	1000000	(0,0)	2022-07-26 20:03:24.733007+00	2022-07-26 20:03:24.733007+00
9018	AE	1000000	(0,0)	2022-07-26 20:03:24.733007+00	2022-07-26 20:03:24.733007+00
9020	AE	1000000	(0,0)	2022-07-26 20:03:24.733007+00	2022-07-26 20:03:24.733007+00
9021	AE	1000000	(0,0)	2022-07-26 20:03:24.733007+00	2022-07-26 20:03:24.733007+00
9034	AE	1000000	(0,0)	2022-07-26 20:03:24.733007+00	2022-07-26 20:03:24.733007+00
9044	AE	1000000	(0,0)	2022-07-26 20:03:24.733007+00	2022-07-26 20:03:24.733007+00
9046	AE	1000000	(0,0)	2022-07-26 20:03:24.733007+00	2022-07-26 20:03:24.733007+00
9049	AE	1000000	(0,0)	2022-07-26 20:03:24.733007+00	2022-07-26 20:03:24.733007+00
9053	AE	1000000	(0,0)	2022-07-26 20:03:24.733007+00	2022-07-26 20:03:24.733007+00
9055	AE	1000000	(0,0)	2022-07-26 20:03:24.733007+00	2022-07-26 20:03:24.733007+00
9060	AE	1000000	(0,0)	2022-07-26 20:03:24.733007+00	2022-07-26 20:03:24.733007+00
9067	AE	1000000	(0,0)	2022-07-26 20:03:24.733007+00	2022-07-26 20:03:24.733007+00
9068	AE	1000000	(0,0)	2022-07-26 20:03:24.733007+00	2022-07-26 20:03:24.733007+00
9069	AE	1000000	(0,0)	2022-07-26 20:03:24.733007+00	2022-07-26 20:03:24.733007+00
9079	AE	1000000	(0,0)	2022-07-26 20:03:24.733007+00	2022-07-26 20:03:24.733007+00
9094	AE	1000000	(0,0)	2022-07-26 20:03:24.733007+00	2022-07-26 20:03:24.733007+00
9095	AE	1000000	(0,0)	2022-07-26 20:03:24.733007+00	2022-07-26 20:03:24.733007+00
9096	AE	1000000	(0,0)	2022-07-26 20:03:24.733007+00	2022-07-26 20:03:24.733007+00
9103	AE	1000000	(0,0)	2022-07-26 20:03:24.733007+00	2022-07-26 20:03:24.733007+00
9104	AE	1000000	(0,0)	2022-07-26 20:03:24.733007+00	2022-07-26 20:03:24.733007+00
9107	AE	1000000	(0,0)	2022-07-26 20:03:24.733007+00	2022-07-26 20:03:24.733007+00
9112	AE	1000000	(0,0)	2022-07-26 20:03:24.733007+00	2022-07-26 20:03:24.733007+00
9113	AE	1000000	(0,0)	2022-07-26 20:03:24.733007+00	2022-07-26 20:03:24.733007+00
9114	AE	1000000	(0,0)	2022-07-26 20:03:24.733007+00	2022-07-26 20:03:24.733007+00
9115	AE	1000000	(0,0)	2022-07-26 20:03:24.733007+00	2022-07-26 20:03:24.733007+00
9116	AE	1000000	(0,0)	2022-07-26 20:03:24.733007+00	2022-07-26 20:03:24.733007+00
9123	AE	1000000	(0,0)	2022-07-26 20:03:24.733007+00	2022-07-26 20:03:24.733007+00
9125	AE	1000000	(0,0)	2022-07-26 20:03:24.733007+00	2022-07-26 20:03:24.733007+00
9126	AE	1000000	(0,0)	2022-07-26 20:03:24.733007+00	2022-07-26 20:03:24.733007+00
9128	AE	1000000	(0,0)	2022-07-26 20:03:24.733007+00	2022-07-26 20:03:24.733007+00
9131	AE	1000000	(0,0)	2022-07-26 20:03:24.733007+00	2022-07-26 20:03:24.733007+00
9135	AE	1000000	(0,0)	2022-07-26 20:03:24.733007+00	2022-07-26 20:03:24.733007+00
9136	AE	1000000	(0,0)	2022-07-26 20:03:24.733007+00	2022-07-26 20:03:24.733007+00
9138	AE	1000000	(0,0)	2022-07-26 20:03:24.733007+00	2022-07-26 20:03:24.733007+00
9139	AE	1000000	(0,0)	2022-07-26 20:03:24.733007+00	2022-07-26 20:03:24.733007+00
9140	AE	1000000	(0,0)	2022-07-26 20:03:24.733007+00	2022-07-26 20:03:24.733007+00
9142	AE	1000000	(0,0)	2022-07-26 20:03:24.733007+00	2022-07-26 20:03:24.733007+00
9154	AE	1000000	(0,0)	2022-07-26 20:03:24.733007+00	2022-07-26 20:03:24.733007+00
9160	AE	1000000	(0,0)	2022-07-26 20:03:24.733007+00	2022-07-26 20:03:24.733007+00
9170	AE	1000000	(0,0)	2022-07-26 20:03:24.733007+00	2022-07-26 20:03:24.733007+00
9171	AE	1000000	(0,0)	2022-07-26 20:03:24.733007+00	2022-07-26 20:03:24.733007+00
9172	AE	1000000	(0,0)	2022-07-26 20:03:24.733007+00	2022-07-26 20:03:24.733007+00
9173	AE	1000000	(0,0)	2022-07-26 20:03:24.733007+00	2022-07-26 20:03:24.733007+00
9174	AE	1000000	(0,0)	2022-07-26 20:03:24.733007+00	2022-07-26 20:03:24.733007+00
9175	AE	1000000	(0,0)	2022-07-26 20:03:24.733007+00	2022-07-26 20:03:24.733007+00
9176	AE	1000000	(0,0)	2022-07-26 20:03:24.733007+00	2022-07-26 20:03:24.733007+00
9177	AE	1000000	(0,0)	2022-07-26 20:03:24.733007+00	2022-07-26 20:03:24.733007+00
9178	AE	1000000	(0,0)	2022-07-26 20:03:24.733007+00	2022-07-26 20:03:24.733007+00
9180	AE	1000000	(0,0)	2022-07-26 20:03:24.733007+00	2022-07-26 20:03:24.733007+00
9186	AE	1000000	(0,0)	2022-07-26 20:03:24.733007+00	2022-07-26 20:03:24.733007+00
9203	AE	1000000	(0,0)	2022-07-26 20:03:24.733007+00	2022-07-26 20:03:24.733007+00
9204	AE	1000000	(0,0)	2022-07-26 20:03:24.733007+00	2022-07-26 20:03:24.733007+00
9211	AE	1000000	(0,0)	2022-07-26 20:03:24.733007+00	2022-07-26 20:03:24.733007+00
9213	AE	1000000	(0,0)	2022-07-26 20:03:24.733007+00	2022-07-26 20:03:24.733007+00
9214	AE	1000000	(0,0)	2022-07-26 20:03:24.733007+00	2022-07-26 20:03:24.733007+00
9216	AE	1000000	(0,0)	2022-07-26 20:03:24.733007+00	2022-07-26 20:03:24.733007+00
9226	AE	1000000	(0,0)	2022-07-26 20:03:24.733007+00	2022-07-26 20:03:24.733007+00
9227	AE	1000000	(0,0)	2022-07-26 20:03:24.733007+00	2022-07-26 20:03:24.733007+00
9240	AE	1000000	(0,0)	2022-07-26 20:03:24.733007+00	2022-07-26 20:03:24.733007+00
9241	AE	1000000	(0,0)	2022-07-26 20:03:24.733007+00	2022-07-26 20:03:24.733007+00
9242	AE	1000000	(0,0)	2022-07-26 20:03:24.733007+00	2022-07-26 20:03:24.733007+00
9250	AE	1000000	(0,0)	2022-07-26 20:03:24.733007+00	2022-07-26 20:03:24.733007+00
9261	AE	1000000	(0,0)	2022-07-26 20:03:24.733007+00	2022-07-26 20:03:24.733007+00
9263	AE	1000000	(0,0)	2022-07-26 20:03:24.733007+00	2022-07-26 20:03:24.733007+00
9264	AE	1000000	(0,0)	2022-07-26 20:03:24.733007+00	2022-07-26 20:03:24.733007+00
9265	AE	1000000	(0,0)	2022-07-26 20:03:24.733007+00	2022-07-26 20:03:24.733007+00
9266	AE	1000000	(0,0)	2022-07-26 20:03:24.733007+00	2022-07-26 20:03:24.733007+00
9276	AE	1000000	(0,0)	2022-07-26 20:03:24.733007+00	2022-07-26 20:03:24.733007+00
9277	AE	1000000	(0,0)	2022-07-26 20:03:24.733007+00	2022-07-26 20:03:24.733007+00
9278	AE	1000000	(0,0)	2022-07-26 20:03:24.733007+00	2022-07-26 20:03:24.733007+00
9279	AE	1000000	(0,0)	2022-07-26 20:03:24.733007+00	2022-07-26 20:03:24.733007+00
9283	AE	1000000	(0,0)	2022-07-26 20:03:24.733007+00	2022-07-26 20:03:24.733007+00
9285	AE	1000000	(0,0)	2022-07-26 20:03:24.733007+00	2022-07-26 20:03:24.733007+00
9287	AE	1000000	(0,0)	2022-07-26 20:03:24.733007+00	2022-07-26 20:03:24.733007+00
9289	AE	1000000	(0,0)	2022-07-26 20:03:24.733007+00	2022-07-26 20:03:24.733007+00
9290	AE	1000000	(0,0)	2022-07-26 20:03:24.733007+00	2022-07-26 20:03:24.733007+00
9291	AE	1000000	(0,0)	2022-07-26 20:03:24.733007+00	2022-07-26 20:03:24.733007+00
9292	AE	1000000	(0,0)	2022-07-26 20:03:24.733007+00	2022-07-26 20:03:24.733007+00
9301	AE	1000000	(0,0)	2022-07-26 20:03:24.733007+00	2022-07-26 20:03:24.733007+00
9302	AE	1000000	(0,0)	2022-07-26 20:03:24.733007+00	2022-07-26 20:03:24.733007+00
9304	AE	1000000	(0,0)	2022-07-26 20:03:24.733007+00	2022-07-26 20:03:24.733007+00
9305	AE	1000000	(0,0)	2022-07-26 20:03:24.733007+00	2022-07-26 20:03:24.733007+00
9306	AE	1000000	(0,0)	2022-07-26 20:03:24.733007+00	2022-07-26 20:03:24.733007+00
9307	AE	1000000	(0,0)	2022-07-26 20:03:24.733007+00	2022-07-26 20:03:24.733007+00
9309	AE	1000000	(0,0)	2022-07-26 20:03:24.733007+00	2022-07-26 20:03:24.733007+00
9310	AE	1000000	(0,0)	2022-07-26 20:03:24.733007+00	2022-07-26 20:03:24.733007+00
9311	AE	1000000	(0,0)	2022-07-26 20:03:24.733007+00	2022-07-26 20:03:24.733007+00
9312	AE	1000000	(0,0)	2022-07-26 20:03:24.733007+00	2022-07-26 20:03:24.733007+00
9313	AE	1000000	(0,0)	2022-07-26 20:03:24.733007+00	2022-07-26 20:03:24.733007+00
9315	AE	1000000	(0,0)	2022-07-26 20:03:24.733007+00	2022-07-26 20:03:24.733007+00
9316	AE	1000000	(0,0)	2022-07-26 20:03:24.733007+00	2022-07-26 20:03:24.733007+00
9317	AE	1000000	(0,0)	2022-07-26 20:03:24.733007+00	2022-07-26 20:03:24.733007+00
9318	AE	1000000	(0,0)	2022-07-26 20:03:24.733007+00	2022-07-26 20:03:24.733007+00
9319	AE	1000000	(0,0)	2022-07-26 20:03:24.733007+00	2022-07-26 20:03:24.733007+00
9320	AE	1000000	(0,0)	2022-07-26 20:03:24.733007+00	2022-07-26 20:03:24.733007+00
9321	AE	1000000	(0,0)	2022-07-26 20:03:24.733007+00	2022-07-26 20:03:24.733007+00
9322	AE	1000000	(0,0)	2022-07-26 20:03:24.733007+00	2022-07-26 20:03:24.733007+00
9323	AE	1000000	(-44.25,33.53)	2022-07-26 20:03:24.733007+00	2022-07-26 20:03:24.733007+00
9330	AE	1000000	(0,0)	2022-07-26 20:03:24.733007+00	2022-07-26 20:03:24.733007+00
9333	AE	1000000	(0,0)	2022-07-26 20:03:24.733007+00	2022-07-26 20:03:24.733007+00
9337	AE	1000000	(0,0)	2022-07-26 20:03:24.733007+00	2022-07-26 20:03:24.733007+00
9340	AE	1000000	(0,0)	2022-07-26 20:03:24.733007+00	2022-07-26 20:03:24.733007+00
9343	AE	1000000	(0,0)	2022-07-26 20:03:24.733007+00	2022-07-26 20:03:24.733007+00
9347	AE	1000000	(0,0)	2022-07-26 20:03:24.733007+00	2022-07-26 20:03:24.733007+00
9348	AE	1000000	(0,0)	2022-07-26 20:03:24.733007+00	2022-07-26 20:03:24.733007+00
9351	AE	1000000	(0,0)	2022-07-26 20:03:24.733007+00	2022-07-26 20:03:24.733007+00
9352	AE	1000000	(0,0)	2022-07-26 20:03:24.733007+00	2022-07-26 20:03:24.733007+00
9354	AE	1000000	(0,0)	2022-07-26 20:03:24.733007+00	2022-07-26 20:03:24.733007+00
9355	AE	1000000	(0,0)	2022-07-26 20:03:24.733007+00	2022-07-26 20:03:24.733007+00
9356	AE	1000000	(0,0)	2022-07-26 20:03:24.733007+00	2022-07-26 20:03:24.733007+00
9357	AE	1000000	(0,0)	2022-07-26 20:03:24.733007+00	2022-07-26 20:03:24.733007+00
9363	AE	1000000	(0,0)	2022-07-26 20:03:24.733007+00	2022-07-26 20:03:24.733007+00
9365	AE	1000000	(0,0)	2022-07-26 20:03:24.733007+00	2022-07-26 20:03:24.733007+00
9366	AE	1000000	(0,0)	2022-07-26 20:03:24.733007+00	2022-07-26 20:03:24.733007+00
9378	AE	1000000	(0,0)	2022-07-26 20:03:24.733007+00	2022-07-26 20:03:24.733007+00
9381	AE	1000000	(0,0)	2022-07-26 20:03:24.733007+00	2022-07-26 20:03:24.733007+00
9401	AE	1000000	(0,0)	2022-07-26 20:03:24.733007+00	2022-07-26 20:03:24.733007+00
9403	AE	1000000	(0,0)	2022-07-26 20:03:24.733007+00	2022-07-26 20:03:24.733007+00
9410	AE	1000000	(0,0)	2022-07-26 20:03:24.733007+00	2022-07-26 20:03:24.733007+00
9421	AE	1000000	(0,0)	2022-07-26 20:03:24.733007+00	2022-07-26 20:03:24.733007+00
9447	AE	1000000	(0,0)	2022-07-26 20:03:24.733007+00	2022-07-26 20:03:24.733007+00
9454	AE	1000000	(0,0)	2022-07-26 20:03:24.733007+00	2022-07-26 20:03:24.733007+00
9456	AE	1000000	(0,0)	2022-07-26 20:03:24.733007+00	2022-07-26 20:03:24.733007+00
9459	AE	1000000	(0,0)	2022-07-26 20:03:24.733007+00	2022-07-26 20:03:24.733007+00
9461	AE	1000000	(0,0)	2022-07-26 20:03:24.733007+00	2022-07-26 20:03:24.733007+00
9463	AE	1000000	(0,0)	2022-07-26 20:03:24.733007+00	2022-07-26 20:03:24.733007+00
9464	AE	1000000	(0,0)	2022-07-26 20:03:24.733007+00	2022-07-26 20:03:24.733007+00
9467	AE	1000000	(0,0)	2022-07-26 20:03:24.733007+00	2022-07-26 20:03:24.733007+00
9468	AE	1000000	(0,0)	2022-07-26 20:03:24.733007+00	2022-07-26 20:03:24.733007+00
9469	AE	1000000	(0,0)	2022-07-26 20:03:24.733007+00	2022-07-26 20:03:24.733007+00
9470	AE	1000000	(0,0)	2022-07-26 20:03:24.733007+00	2022-07-26 20:03:24.733007+00
9487	AE	1000000	(0,0)	2022-07-26 20:03:24.733007+00	2022-07-26 20:03:24.733007+00
9488	AE	1000000	(0,0)	2022-07-26 20:03:24.733007+00	2022-07-26 20:03:24.733007+00
9489	AE	1000000	(0,0)	2022-07-26 20:03:24.733007+00	2022-07-26 20:03:24.733007+00
9490	AE	1000000	(0,0)	2022-07-26 20:03:24.733007+00	2022-07-26 20:03:24.733007+00
9491	AE	1000000	(0,0)	2022-07-26 20:03:24.733007+00	2022-07-26 20:03:24.733007+00
9494	AE	1000000	(0,0)	2022-07-26 20:03:24.733007+00	2022-07-26 20:03:24.733007+00
9496	AE	1000000	(0,0)	2022-07-26 20:03:24.733007+00	2022-07-26 20:03:24.733007+00
9497	AE	1000000	(0,0)	2022-07-26 20:03:24.733007+00	2022-07-26 20:03:24.733007+00
9498	AE	1000000	(0,0)	2022-07-26 20:03:24.733007+00	2022-07-26 20:03:24.733007+00
9501	AE	1000000	(0,0)	2022-07-26 20:03:24.733007+00	2022-07-26 20:03:24.733007+00
9502	AE	1000000	(0,0)	2022-07-26 20:03:24.733007+00	2022-07-26 20:03:24.733007+00
9503	AE	1000000	(0,0)	2022-07-26 20:03:24.733007+00	2022-07-26 20:03:24.733007+00
9504	AE	1000000	(0,0)	2022-07-26 20:03:24.733007+00	2022-07-26 20:03:24.733007+00
9505	AE	1000000	(0,0)	2022-07-26 20:03:24.733007+00	2022-07-26 20:03:24.733007+00
9506	AE	1000000	(0,0)	2022-07-26 20:03:24.733007+00	2022-07-26 20:03:24.733007+00
9507	AE	1000000	(0,0)	2022-07-26 20:03:24.733007+00	2022-07-26 20:03:24.733007+00
9508	AE	1000000	(0,0)	2022-07-26 20:03:24.733007+00	2022-07-26 20:03:24.733007+00
9509	AE	1000000	(0,0)	2022-07-26 20:03:24.733007+00	2022-07-26 20:03:24.733007+00
9510	AE	1000000	(0,0)	2022-07-26 20:03:24.733007+00	2022-07-26 20:03:24.733007+00
9511	AE	1000000	(0,0)	2022-07-26 20:03:24.733007+00	2022-07-26 20:03:24.733007+00
9512	AE	1000000	(0,0)	2022-07-26 20:03:24.733007+00	2022-07-26 20:03:24.733007+00
9513	AE	1000000	(0,0)	2022-07-26 20:03:24.733007+00	2022-07-26 20:03:24.733007+00
9514	AE	1000000	(0,0)	2022-07-26 20:03:24.733007+00	2022-07-26 20:03:24.733007+00
9517	AE	1000000	(0,0)	2022-07-26 20:03:24.733007+00	2022-07-26 20:03:24.733007+00
9520	AE	1000000	(0,0)	2022-07-26 20:03:24.733007+00	2022-07-26 20:03:24.733007+00
9522	AE	1000000	(0,0)	2022-07-26 20:03:24.733007+00	2022-07-26 20:03:24.733007+00
9523	AE	1000000	(0,0)	2022-07-26 20:03:24.733007+00	2022-07-26 20:03:24.733007+00
9524	AE	1000000	(0,0)	2022-07-26 20:03:24.733007+00	2022-07-26 20:03:24.733007+00
9532	AE	1000000	(0,0)	2022-07-26 20:03:24.733007+00	2022-07-26 20:03:24.733007+00
9533	AE	1000000	(0,0)	2022-07-26 20:03:24.733007+00	2022-07-26 20:03:24.733007+00
9534	AE	1000000	(0,0)	2022-07-26 20:03:24.733007+00	2022-07-26 20:03:24.733007+00
9541	AE	1000000	(0,0)	2022-07-26 20:03:24.733007+00	2022-07-26 20:03:24.733007+00
9542	AE	1000000	(0,0)	2022-07-26 20:03:24.733007+00	2022-07-26 20:03:24.733007+00
9543	AE	1000000	(0,0)	2022-07-26 20:03:24.733007+00	2022-07-26 20:03:24.733007+00
9544	AE	1000000	(0,0)	2022-07-26 20:03:24.733007+00	2022-07-26 20:03:24.733007+00
9545	AE	1000000	(0,0)	2022-07-26 20:03:24.733007+00	2022-07-26 20:03:24.733007+00
9550	AE	1000000	(0,0)	2022-07-26 20:03:24.733007+00	2022-07-26 20:03:24.733007+00
9554	AE	1000000	(0,0)	2022-07-26 20:03:24.733007+00	2022-07-26 20:03:24.733007+00
9556	AE	1000000	(0,0)	2022-07-26 20:03:24.733007+00	2022-07-26 20:03:24.733007+00
9564	AE	1000000	(0,0)	2022-07-26 20:03:24.733007+00	2022-07-26 20:03:24.733007+00
9565	AE	1000000	(0,0)	2022-07-26 20:03:24.733007+00	2022-07-26 20:03:24.733007+00
9566	AE	1000000	(0,0)	2022-07-26 20:03:24.733007+00	2022-07-26 20:03:24.733007+00
9567	AE	1000000	(0,0)	2022-07-26 20:03:24.733007+00	2022-07-26 20:03:24.733007+00
9568	AE	1000000	(0,0)	2022-07-26 20:03:24.733007+00	2022-07-26 20:03:24.733007+00
9569	AE	1000000	(0,0)	2022-07-26 20:03:24.733007+00	2022-07-26 20:03:24.733007+00
9570	AE	1000000	(0,0)	2022-07-26 20:03:24.733007+00	2022-07-26 20:03:24.733007+00
9573	AE	1000000	(0,0)	2022-07-26 20:03:24.733007+00	2022-07-26 20:03:24.733007+00
9574	AE	1000000	(0,0)	2022-07-26 20:03:24.733007+00	2022-07-26 20:03:24.733007+00
9575	AE	1000000	(0,0)	2022-07-26 20:03:24.733007+00	2022-07-26 20:03:24.733007+00
9576	AE	1000000	(0,0)	2022-07-26 20:03:24.733007+00	2022-07-26 20:03:24.733007+00
9577	AE	1000000	(0,0)	2022-07-26 20:03:24.733007+00	2022-07-26 20:03:24.733007+00
9578	AE	1000000	(0,0)	2022-07-26 20:03:24.733007+00	2022-07-26 20:03:24.733007+00
9579	AE	1000000	(0,0)	2022-07-26 20:03:24.733007+00	2022-07-26 20:03:24.733007+00
9581	AE	1000000	(0,0)	2022-07-26 20:03:24.733007+00	2022-07-26 20:03:24.733007+00
9582	AE	1000000	(0,0)	2022-07-26 20:03:24.733007+00	2022-07-26 20:03:24.733007+00
9583	AE	1000000	(0,0)	2022-07-26 20:03:24.733007+00	2022-07-26 20:03:24.733007+00
9586	AE	1000000	(0,0)	2022-07-26 20:03:24.733007+00	2022-07-26 20:03:24.733007+00
9587	AE	1000000	(0,0)	2022-07-26 20:03:24.733007+00	2022-07-26 20:03:24.733007+00
9588	AE	1000000	(0,0)	2022-07-26 20:03:24.733007+00	2022-07-26 20:03:24.733007+00
9589	AE	1000000	(0,0)	2022-07-26 20:03:24.733007+00	2022-07-26 20:03:24.733007+00
9590	AE	1000000	(0,0)	2022-07-26 20:03:24.733007+00	2022-07-26 20:03:24.733007+00
9591	AE	1000000	(0,0)	2022-07-26 20:03:24.733007+00	2022-07-26 20:03:24.733007+00
9592	AE	1000000	(0,0)	2022-07-26 20:03:24.733007+00	2022-07-26 20:03:24.733007+00
9593	AE	1000000	(0,0)	2022-07-26 20:03:24.733007+00	2022-07-26 20:03:24.733007+00
9594	AE	1000000	(0,0)	2022-07-26 20:03:24.733007+00	2022-07-26 20:03:24.733007+00
9595	AE	1000000	(0,0)	2022-07-26 20:03:24.733007+00	2022-07-26 20:03:24.733007+00
9596	AE	1000000	(0,0)	2022-07-26 20:03:24.733007+00	2022-07-26 20:03:24.733007+00
9599	AE	1000000	(0,0)	2022-07-26 20:03:24.733007+00	2022-07-26 20:03:24.733007+00
9600	AE	1000000	(0,0)	2022-07-26 20:03:24.733007+00	2022-07-26 20:03:24.733007+00
9601	AE	1000000	(0,0)	2022-07-26 20:03:24.733007+00	2022-07-26 20:03:24.733007+00
9602	AE	1000000	(0,0)	2022-07-26 20:03:24.733007+00	2022-07-26 20:03:24.733007+00
9603	AE	1000000	(0,0)	2022-07-26 20:03:24.733007+00	2022-07-26 20:03:24.733007+00
9604	AE	1000000	(0,0)	2022-07-26 20:03:24.733007+00	2022-07-26 20:03:24.733007+00
9605	AE	1000000	(0,0)	2022-07-26 20:03:24.733007+00	2022-07-26 20:03:24.733007+00
9606	AE	1000000	(0,0)	2022-07-26 20:03:24.733007+00	2022-07-26 20:03:24.733007+00
9607	AE	1000000	(0,0)	2022-07-26 20:03:24.733007+00	2022-07-26 20:03:24.733007+00
9608	AE	1000000	(0,0)	2022-07-26 20:03:24.733007+00	2022-07-26 20:03:24.733007+00
9609	AE	1000000	(0,0)	2022-07-26 20:03:24.733007+00	2022-07-26 20:03:24.733007+00
9610	AE	1000000	(0,0)	2022-07-26 20:03:24.733007+00	2022-07-26 20:03:24.733007+00
9613	AE	1000000	(0,0)	2022-07-26 20:03:24.733007+00	2022-07-26 20:03:24.733007+00
9614	AE	1000000	(0,0)	2022-07-26 20:03:24.733007+00	2022-07-26 20:03:24.733007+00
9617	AE	1000000	(0,0)	2022-07-26 20:03:24.733007+00	2022-07-26 20:03:24.733007+00
9618	AE	1000000	(0,0)	2022-07-26 20:03:24.733007+00	2022-07-26 20:03:24.733007+00
9620	AE	1000000	(0,0)	2022-07-26 20:03:24.733007+00	2022-07-26 20:03:24.733007+00
9621	AE	1000000	(0,0)	2022-07-26 20:03:24.733007+00	2022-07-26 20:03:24.733007+00
9622	AE	1000000	(0,0)	2022-07-26 20:03:24.733007+00	2022-07-26 20:03:24.733007+00
9623	AE	1000000	(0,0)	2022-07-26 20:03:24.733007+00	2022-07-26 20:03:24.733007+00
9624	AE	1000000	(0,0)	2022-07-26 20:03:24.733007+00	2022-07-26 20:03:24.733007+00
9625	AE	1000000	(0,0)	2022-07-26 20:03:24.733007+00	2022-07-26 20:03:24.733007+00
9626	AE	1000000	(0,0)	2022-07-26 20:03:24.733007+00	2022-07-26 20:03:24.733007+00
9627	AE	1000000	(0,0)	2022-07-26 20:03:24.733007+00	2022-07-26 20:03:24.733007+00
9630	AE	1000000	(0,0)	2022-07-26 20:03:24.733007+00	2022-07-26 20:03:24.733007+00
9631	AE	1000000	(0,0)	2022-07-26 20:03:24.733007+00	2022-07-26 20:03:24.733007+00
9633	AE	1000000	(0,0)	2022-07-26 20:03:24.733007+00	2022-07-26 20:03:24.733007+00
9634	AE	1000000	(0,0)	2022-07-26 20:03:24.733007+00	2022-07-26 20:03:24.733007+00
9636	AE	1000000	(0,0)	2022-07-26 20:03:24.733007+00	2022-07-26 20:03:24.733007+00
9642	AE	1000000	(0,0)	2022-07-26 20:03:24.733007+00	2022-07-26 20:03:24.733007+00
9643	AE	1000000	(0,0)	2022-07-26 20:03:24.733007+00	2022-07-26 20:03:24.733007+00
9645	AE	1000000	(0,0)	2022-07-26 20:03:24.733007+00	2022-07-26 20:03:24.733007+00
9647	AE	1000000	(0,0)	2022-07-26 20:03:24.733007+00	2022-07-26 20:03:24.733007+00
9648	AE	1000000	(0,0)	2022-07-26 20:03:24.733007+00	2022-07-26 20:03:24.733007+00
9649	AE	1000000	(0,0)	2022-07-26 20:03:24.733007+00	2022-07-26 20:03:24.733007+00
9701	AE	1000000	(0,0)	2022-07-26 20:03:24.733007+00	2022-07-26 20:03:24.733007+00
9702	AE	1000000	(0,0)	2022-07-26 20:03:24.733007+00	2022-07-26 20:03:24.733007+00
9703	AE	1000000	(0,0)	2022-07-26 20:03:24.733007+00	2022-07-26 20:03:24.733007+00
9704	AE	1000000	(0,0)	2022-07-26 20:03:24.733007+00	2022-07-26 20:03:24.733007+00
9705	AE	1000000	(0,0)	2022-07-26 20:03:24.733007+00	2022-07-26 20:03:24.733007+00
9706	AE	1000000	(0,0)	2022-07-26 20:03:24.733007+00	2022-07-26 20:03:24.733007+00
9707	AE	1000000	(0,0)	2022-07-26 20:03:24.733007+00	2022-07-26 20:03:24.733007+00
9708	AE	1000000	(0,0)	2022-07-26 20:03:24.733007+00	2022-07-26 20:03:24.733007+00
9709	AE	1000000	(0,0)	2022-07-26 20:03:24.733007+00	2022-07-26 20:03:24.733007+00
9710	AE	1000000	(0,0)	2022-07-26 20:03:24.733007+00	2022-07-26 20:03:24.733007+00
9711	AE	1000000	(0,0)	2022-07-26 20:03:24.733007+00	2022-07-26 20:03:24.733007+00
9712	AE	1000000	(0,0)	2022-07-26 20:03:24.733007+00	2022-07-26 20:03:24.733007+00
9714	AE	1000000	(0,0)	2022-07-26 20:03:24.733007+00	2022-07-26 20:03:24.733007+00
9715	AE	1000000	(0,0)	2022-07-26 20:03:24.733007+00	2022-07-26 20:03:24.733007+00
9716	AE	1000000	(0,0)	2022-07-26 20:03:24.733007+00	2022-07-26 20:03:24.733007+00
9717	AE	1000000	(0,0)	2022-07-26 20:03:24.733007+00	2022-07-26 20:03:24.733007+00
9718	AE	1000000	(0,0)	2022-07-26 20:03:24.733007+00	2022-07-26 20:03:24.733007+00
9719	AE	1000000	(0,0)	2022-07-26 20:03:24.733007+00	2022-07-26 20:03:24.733007+00
9720	AE	1000000	(0,0)	2022-07-26 20:03:24.733007+00	2022-07-26 20:03:24.733007+00
9722	AE	1000000	(0,0)	2022-07-26 20:03:24.733007+00	2022-07-26 20:03:24.733007+00
9723	AE	1000000	(0,0)	2022-07-26 20:03:24.733007+00	2022-07-26 20:03:24.733007+00
9724	AE	1000000	(0,0)	2022-07-26 20:03:24.733007+00	2022-07-26 20:03:24.733007+00
9725	AE	1000000	(0,0)	2022-07-26 20:03:24.733007+00	2022-07-26 20:03:24.733007+00
9726	AE	1000000	(0,0)	2022-07-26 20:03:24.733007+00	2022-07-26 20:03:24.733007+00
9727	AE	1000000	(0,0)	2022-07-26 20:03:24.733007+00	2022-07-26 20:03:24.733007+00
9728	AE	1000000	(0,0)	2022-07-26 20:03:24.733007+00	2022-07-26 20:03:24.733007+00
9729	AE	1000000	(0,0)	2022-07-26 20:03:24.733007+00	2022-07-26 20:03:24.733007+00
9730	AE	1000000	(0,0)	2022-07-26 20:03:24.733007+00	2022-07-26 20:03:24.733007+00
9731	AE	1000000	(0,0)	2022-07-26 20:03:24.733007+00	2022-07-26 20:03:24.733007+00
9732	AE	1000000	(0,0)	2022-07-26 20:03:24.733007+00	2022-07-26 20:03:24.733007+00
9733	AE	1000000	(0,0)	2022-07-26 20:03:24.733007+00	2022-07-26 20:03:24.733007+00
9734	AE	1000000	(0,0)	2022-07-26 20:03:24.733007+00	2022-07-26 20:03:24.733007+00
9735	AE	1000000	(0,0)	2022-07-26 20:03:24.733007+00	2022-07-26 20:03:24.733007+00
9736	AE	1000000	(0,0)	2022-07-26 20:03:24.733007+00	2022-07-26 20:03:24.733007+00
9737	AE	1000000	(0,0)	2022-07-26 20:03:24.733007+00	2022-07-26 20:03:24.733007+00
9738	AE	1000000	(0,0)	2022-07-26 20:03:24.733007+00	2022-07-26 20:03:24.733007+00
9739	AE	1000000	(0,0)	2022-07-26 20:03:24.733007+00	2022-07-26 20:03:24.733007+00
9741	AE	1000000	(0,0)	2022-07-26 20:03:24.733007+00	2022-07-26 20:03:24.733007+00
9742	AE	1000000	(0,0)	2022-07-26 20:03:24.733007+00	2022-07-26 20:03:24.733007+00
9743	AE	1000000	(0,0)	2022-07-26 20:03:24.733007+00	2022-07-26 20:03:24.733007+00
9744	AE	1000000	(0,0)	2022-07-26 20:03:24.733007+00	2022-07-26 20:03:24.733007+00
9745	AE	1000000	(0,0)	2022-07-26 20:03:24.733007+00	2022-07-26 20:03:24.733007+00
9748	AE	1000000	(0,0)	2022-07-26 20:03:24.733007+00	2022-07-26 20:03:24.733007+00
9749	AE	1000000	(0,0)	2022-07-26 20:03:24.733007+00	2022-07-26 20:03:24.733007+00
9750	AE	1000000	(0,0)	2022-07-26 20:03:24.733007+00	2022-07-26 20:03:24.733007+00
9751	AE	1000000	(0,0)	2022-07-26 20:03:24.733007+00	2022-07-26 20:03:24.733007+00
9752	AE	1000000	(0,0)	2022-07-26 20:03:24.733007+00	2022-07-26 20:03:24.733007+00
9753	AE	1000000	(0,0)	2022-07-26 20:03:24.733007+00	2022-07-26 20:03:24.733007+00
9754	AE	1000000	(0,0)	2022-07-26 20:03:24.733007+00	2022-07-26 20:03:24.733007+00
9755	AE	1000000	(0,0)	2022-07-26 20:03:24.733007+00	2022-07-26 20:03:24.733007+00
9756	AE	1000000	(0,0)	2022-07-26 20:03:24.733007+00	2022-07-26 20:03:24.733007+00
9758	AE	1000000	(0,0)	2022-07-26 20:03:24.733007+00	2022-07-26 20:03:24.733007+00
9759	AE	1000000	(0,0)	2022-07-26 20:03:24.733007+00	2022-07-26 20:03:24.733007+00
9760	AE	1000000	(0,0)	2022-07-26 20:03:24.733007+00	2022-07-26 20:03:24.733007+00
9761	AE	1000000	(0,0)	2022-07-26 20:03:24.733007+00	2022-07-26 20:03:24.733007+00
9762	AE	1000000	(0,0)	2022-07-26 20:03:24.733007+00	2022-07-26 20:03:24.733007+00
9769	AE	1000000	(0,0)	2022-07-26 20:03:24.733007+00	2022-07-26 20:03:24.733007+00
9777	AE	1000000	(0,0)	2022-07-26 20:03:24.733007+00	2022-07-26 20:03:24.733007+00
9780	AE	1000000	(0,0)	2022-07-26 20:03:24.733007+00	2022-07-26 20:03:24.733007+00
9789	AE	1000000	(0,0)	2022-07-26 20:03:24.733007+00	2022-07-26 20:03:24.733007+00
9800	AE	1000000	(0,0)	2022-07-26 20:03:24.733007+00	2022-07-26 20:03:24.733007+00
9801	AE	1000000	(0,0)	2022-07-26 20:03:24.733007+00	2022-07-26 20:03:24.733007+00
9802	AE	1000000	(0,0)	2022-07-26 20:03:24.733007+00	2022-07-26 20:03:24.733007+00
9803	AE	1000000	(0,0)	2022-07-26 20:03:24.733007+00	2022-07-26 20:03:24.733007+00
9804	AE	1000000	(0,0)	2022-07-26 20:03:24.733007+00	2022-07-26 20:03:24.733007+00
9805	AE	1000000	(0,0)	2022-07-26 20:03:24.733007+00	2022-07-26 20:03:24.733007+00
9806	AE	1000000	(0,0)	2022-07-26 20:03:24.733007+00	2022-07-26 20:03:24.733007+00
9807	AE	1000000	(0,0)	2022-07-26 20:03:24.733007+00	2022-07-26 20:03:24.733007+00
9808	AE	1000000	(0,0)	2022-07-26 20:03:24.733007+00	2022-07-26 20:03:24.733007+00
9809	AE	1000000	(0,0)	2022-07-26 20:03:24.733007+00	2022-07-26 20:03:24.733007+00
9810	AE	1000000	(0,0)	2022-07-26 20:03:24.733007+00	2022-07-26 20:03:24.733007+00
9811	AE	1000000	(0,0)	2022-07-26 20:03:24.733007+00	2022-07-26 20:03:24.733007+00
9812	AE	1000000	(0,0)	2022-07-26 20:03:24.733007+00	2022-07-26 20:03:24.733007+00
9813	AE	1000000	(0,0)	2022-07-26 20:03:24.733007+00	2022-07-26 20:03:24.733007+00
9814	AE	1000000	(0,0)	2022-07-26 20:03:24.733007+00	2022-07-26 20:03:24.733007+00
9815	AE	1000000	(0,0)	2022-07-26 20:03:24.733007+00	2022-07-26 20:03:24.733007+00
9816	AE	1000000	(0,0)	2022-07-26 20:03:24.733007+00	2022-07-26 20:03:24.733007+00
9817	AE	1000000	(0,0)	2022-07-26 20:03:24.733007+00	2022-07-26 20:03:24.733007+00
9818	AE	1000000	(0,0)	2022-07-26 20:03:24.733007+00	2022-07-26 20:03:24.733007+00
9820	AE	1000000	(0,0)	2022-07-26 20:03:24.733007+00	2022-07-26 20:03:24.733007+00
9821	AE	1000000	(0,0)	2022-07-26 20:03:24.733007+00	2022-07-26 20:03:24.733007+00
9822	AE	1000000	(0,0)	2022-07-26 20:03:24.733007+00	2022-07-26 20:03:24.733007+00
9823	AE	1000000	(0,0)	2022-07-26 20:03:24.733007+00	2022-07-26 20:03:24.733007+00
9824	AE	1000000	(0,0)	2022-07-26 20:03:24.733007+00	2022-07-26 20:03:24.733007+00
9825	AE	1000000	(0,0)	2022-07-26 20:03:24.733007+00	2022-07-26 20:03:24.733007+00
9826	AE	1000000	(0,0)	2022-07-26 20:03:24.733007+00	2022-07-26 20:03:24.733007+00
9827	AE	1000000	(0,0)	2022-07-26 20:03:24.733007+00	2022-07-26 20:03:24.733007+00
9828	AE	1000000	(0,0)	2022-07-26 20:03:24.733007+00	2022-07-26 20:03:24.733007+00
9829	AE	1000000	(0,0)	2022-07-26 20:03:24.733007+00	2022-07-26 20:03:24.733007+00
9830	AE	1000000	(0,0)	2022-07-26 20:03:24.733007+00	2022-07-26 20:03:24.733007+00
9831	AE	1000000	(0,0)	2022-07-26 20:03:24.733007+00	2022-07-26 20:03:24.733007+00
9832	AE	1000000	(0,0)	2022-07-26 20:03:24.733007+00	2022-07-26 20:03:24.733007+00
9833	AE	1000000	(0,0)	2022-07-26 20:03:24.733007+00	2022-07-26 20:03:24.733007+00
9834	AE	1000000	(0,0)	2022-07-26 20:03:24.733007+00	2022-07-26 20:03:24.733007+00
9836	AE	1000000	(0,0)	2022-07-26 20:03:24.733007+00	2022-07-26 20:03:24.733007+00
9837	AE	1000000	(0,0)	2022-07-26 20:03:24.733007+00	2022-07-26 20:03:24.733007+00
9838	AE	1000000	(0,0)	2022-07-26 20:03:24.733007+00	2022-07-26 20:03:24.733007+00
9839	AE	1000000	(0,0)	2022-07-26 20:03:24.733007+00	2022-07-26 20:03:24.733007+00
9841	AE	1000000	(0,0)	2022-07-26 20:03:24.733007+00	2022-07-26 20:03:24.733007+00
9842	AE	1000000	(0,0)	2022-07-26 20:03:24.733007+00	2022-07-26 20:03:24.733007+00
9844	AE	1000000	(0,0)	2022-07-26 20:03:24.733007+00	2022-07-26 20:03:24.733007+00
9845	AE	1000000	(0,0)	2022-07-26 20:03:24.733007+00	2022-07-26 20:03:24.733007+00
9846	AE	1000000	(0,0)	2022-07-26 20:03:24.733007+00	2022-07-26 20:03:24.733007+00
9847	AE	1000000	(0,0)	2022-07-26 20:03:24.733007+00	2022-07-26 20:03:24.733007+00
9848	AE	1000000	(0,0)	2022-07-26 20:03:24.733007+00	2022-07-26 20:03:24.733007+00
9851	AE	1000000	(0,0)	2022-07-26 20:03:24.733007+00	2022-07-26 20:03:24.733007+00
9852	AE	1000000	(0,0)	2022-07-26 20:03:24.733007+00	2022-07-26 20:03:24.733007+00
9853	AE	1000000	(0,0)	2022-07-26 20:03:24.733007+00	2022-07-26 20:03:24.733007+00
9854	AE	1000000	(0,0)	2022-07-26 20:03:24.733007+00	2022-07-26 20:03:24.733007+00
9855	AE	1000000	(0,0)	2022-07-26 20:03:24.733007+00	2022-07-26 20:03:24.733007+00
9856	AE	1000000	(0,0)	2022-07-26 20:03:24.733007+00	2022-07-26 20:03:24.733007+00
9857	AE	1000000	(0,0)	2022-07-26 20:03:24.733007+00	2022-07-26 20:03:24.733007+00
9858	AE	1000000	(0,0)	2022-07-26 20:03:24.733007+00	2022-07-26 20:03:24.733007+00
9859	AE	1000000	(0,0)	2022-07-26 20:03:24.733007+00	2022-07-26 20:03:24.733007+00
9860	AE	1000000	(0,0)	2022-07-26 20:03:24.733007+00	2022-07-26 20:03:24.733007+00
9861	AE	1000000	(0,0)	2022-07-26 20:03:24.733007+00	2022-07-26 20:03:24.733007+00
9862	AE	1000000	(0,0)	2022-07-26 20:03:24.733007+00	2022-07-26 20:03:24.733007+00
9863	AE	1000000	(0,0)	2022-07-26 20:03:24.733007+00	2022-07-26 20:03:24.733007+00
9864	AE	1000000	(0,0)	2022-07-26 20:03:24.733007+00	2022-07-26 20:03:24.733007+00
9865	AE	1000000	(0,0)	2022-07-26 20:03:24.733007+00	2022-07-26 20:03:24.733007+00
9867	AE	1000000	(0,0)	2022-07-26 20:03:24.733007+00	2022-07-26 20:03:24.733007+00
9868	AE	1000000	(0,0)	2022-07-26 20:03:24.733007+00	2022-07-26 20:03:24.733007+00
9869	AE	1000000	(0,0)	2022-07-26 20:03:24.733007+00	2022-07-26 20:03:24.733007+00
9870	AE	1000000	(0,0)	2022-07-26 20:03:24.733007+00	2022-07-26 20:03:24.733007+00
9873	AE	1000000	(0,0)	2022-07-26 20:03:24.733007+00	2022-07-26 20:03:24.733007+00
9874	AE	1000000	(0,0)	2022-07-26 20:03:24.733007+00	2022-07-26 20:03:24.733007+00
9875	AE	1000000	(0,0)	2022-07-26 20:03:24.733007+00	2022-07-26 20:03:24.733007+00
9876	AE	1000000	(0,0)	2022-07-26 20:03:24.733007+00	2022-07-26 20:03:24.733007+00
9877	AE	1000000	(0,0)	2022-07-26 20:03:24.733007+00	2022-07-26 20:03:24.733007+00
9880	AE	1000000	(0,0)	2022-07-26 20:03:24.733007+00	2022-07-26 20:03:24.733007+00
9890	AE	1000000	(0,0)	2022-07-26 20:03:24.733007+00	2022-07-26 20:03:24.733007+00
9892	AE	1000000	(0,0)	2022-07-26 20:03:24.733007+00	2022-07-26 20:03:24.733007+00
9895	AE	1000000	(0,0)	2022-07-26 20:03:24.733007+00	2022-07-26 20:03:24.733007+00
9898	AE	1000000	(0,0)	2022-07-26 20:03:24.733007+00	2022-07-26 20:03:24.733007+00
9901	AE	1000000	(0,0)	2022-07-26 20:03:24.733007+00	2022-07-26 20:03:24.733007+00
9902	AE	1000000	(0,0)	2022-07-26 20:03:24.733007+00	2022-07-26 20:03:24.733007+00
9903	AE	1000000	(0,0)	2022-07-26 20:03:24.733007+00	2022-07-26 20:03:24.733007+00
9904	AE	1000000	(0,0)	2022-07-26 20:03:24.733007+00	2022-07-26 20:03:24.733007+00
9908	AE	1000000	(0,0)	2022-07-26 20:03:24.733007+00	2022-07-26 20:03:24.733007+00
9909	AE	1000000	(0,0)	2022-07-26 20:03:24.733007+00	2022-07-26 20:03:24.733007+00
9910	AE	1000000	(0,0)	2022-07-26 20:03:24.733007+00	2022-07-26 20:03:24.733007+00
9974	AE	1000000	(0,0)	2022-07-26 20:03:24.733007+00	2022-07-26 20:03:24.733007+00
9975	AE	1000000	(0,0)	2022-07-26 20:03:24.733007+00	2022-07-26 20:03:24.733007+00
9976	AE	1000000	(0,0)	2022-07-26 20:03:24.733007+00	2022-07-26 20:03:24.733007+00
9977	AE	1000000	(0,0)	2022-07-26 20:03:24.733007+00	2022-07-26 20:03:24.733007+00
34001	AA	1000000	(0,0)	2022-07-26 20:03:24.733007+00	2022-07-26 20:03:24.733007+00
34002	AA	1000000	(0,0)	2022-07-26 20:03:24.733007+00	2022-07-26 20:03:24.733007+00
34004	AA	1000000	(0,0)	2022-07-26 20:03:24.733007+00	2022-07-26 20:03:24.733007+00
34007	AA	1000000	(0,0)	2022-07-26 20:03:24.733007+00	2022-07-26 20:03:24.733007+00
34008	AA	1000000	(0,0)	2022-07-26 20:03:24.733007+00	2022-07-26 20:03:24.733007+00
34011	AA	1000000	(0,0)	2022-07-26 20:03:24.733007+00	2022-07-26 20:03:24.733007+00
34020	AA	1000000	(0,0)	2022-07-26 20:03:24.733007+00	2022-07-26 20:03:24.733007+00
34021	AA	1000000	(0,0)	2022-07-26 20:03:24.733007+00	2022-07-26 20:03:24.733007+00
34022	AA	1000000	(0,0)	2022-07-26 20:03:24.733007+00	2022-07-26 20:03:24.733007+00
34023	AA	1000000	(0,0)	2022-07-26 20:03:24.733007+00	2022-07-26 20:03:24.733007+00
34024	AA	1000000	(0,0)	2022-07-26 20:03:24.733007+00	2022-07-26 20:03:24.733007+00
34025	AA	1000000	(0,0)	2022-07-26 20:03:24.733007+00	2022-07-26 20:03:24.733007+00
34030	AA	1000000	(0,0)	2022-07-26 20:03:24.733007+00	2022-07-26 20:03:24.733007+00
34031	AA	1000000	(0,0)	2022-07-26 20:03:24.733007+00	2022-07-26 20:03:24.733007+00
34032	AA	1000000	(0,0)	2022-07-26 20:03:24.733007+00	2022-07-26 20:03:24.733007+00
34033	AA	1000000	(0,0)	2022-07-26 20:03:24.733007+00	2022-07-26 20:03:24.733007+00
34034	AA	1000000	(0,0)	2022-07-26 20:03:24.733007+00	2022-07-26 20:03:24.733007+00
34035	AA	1000000	(0,0)	2022-07-26 20:03:24.733007+00	2022-07-26 20:03:24.733007+00
34036	AA	1000000	(0,0)	2022-07-26 20:03:24.733007+00	2022-07-26 20:03:24.733007+00
34037	AA	1000000	(0,0)	2022-07-26 20:03:24.733007+00	2022-07-26 20:03:24.733007+00
34038	AA	1000000	(0,0)	2022-07-26 20:03:24.733007+00	2022-07-26 20:03:24.733007+00
34039	AA	1000000	(0,0)	2022-07-26 20:03:24.733007+00	2022-07-26 20:03:24.733007+00
34041	AA	1000000	(0,0)	2022-07-26 20:03:24.733007+00	2022-07-26 20:03:24.733007+00
34042	AA	1000000	(0,0)	2022-07-26 20:03:24.733007+00	2022-07-26 20:03:24.733007+00
34044	AA	1000000	(0,0)	2022-07-26 20:03:24.733007+00	2022-07-26 20:03:24.733007+00
34050	AA	1000000	(0,0)	2022-07-26 20:03:24.733007+00	2022-07-26 20:03:24.733007+00
34051	AA	1000000	(0,0)	2022-07-26 20:03:24.733007+00	2022-07-26 20:03:24.733007+00
34052	AA	1000000	(0,0)	2022-07-26 20:03:24.733007+00	2022-07-26 20:03:24.733007+00
34053	AA	1000000	(0,0)	2022-07-26 20:03:24.733007+00	2022-07-26 20:03:24.733007+00
34054	AA	1000000	(0,0)	2022-07-26 20:03:24.733007+00	2022-07-26 20:03:24.733007+00
34055	AA	1000000	(0,0)	2022-07-26 20:03:24.733007+00	2022-07-26 20:03:24.733007+00
34058	AA	1000000	(0,0)	2022-07-26 20:03:24.733007+00	2022-07-26 20:03:24.733007+00
34060	AA	1000000	(0,0)	2022-07-26 20:03:24.733007+00	2022-07-26 20:03:24.733007+00
34066	AA	1000000	(0,0)	2022-07-26 20:03:24.733007+00	2022-07-26 20:03:24.733007+00
34067	AA	1000000	(0,0)	2022-07-26 20:03:24.733007+00	2022-07-26 20:03:24.733007+00
34068	AA	1000000	(0,0)	2022-07-26 20:03:24.733007+00	2022-07-26 20:03:24.733007+00
34069	AA	1000000	(0,0)	2022-07-26 20:03:24.733007+00	2022-07-26 20:03:24.733007+00
34078	AA	1000000	(0,0)	2022-07-26 20:03:24.733007+00	2022-07-26 20:03:24.733007+00
34080	AA	1000000	(0,0)	2022-07-26 20:03:24.733007+00	2022-07-26 20:03:24.733007+00
34081	AA	1000000	(0,0)	2022-07-26 20:03:24.733007+00	2022-07-26 20:03:24.733007+00
34082	AA	1000000	(0,0)	2022-07-26 20:03:24.733007+00	2022-07-26 20:03:24.733007+00
34083	AA	1000000	(0,0)	2022-07-26 20:03:24.733007+00	2022-07-26 20:03:24.733007+00
34084	AA	1000000	(0,0)	2022-07-26 20:03:24.733007+00	2022-07-26 20:03:24.733007+00
34085	AA	1000000	(0,0)	2022-07-26 20:03:24.733007+00	2022-07-26 20:03:24.733007+00
34086	AA	1000000	(0,0)	2022-07-26 20:03:24.733007+00	2022-07-26 20:03:24.733007+00
34087	AA	1000000	(0,0)	2022-07-26 20:03:24.733007+00	2022-07-26 20:03:24.733007+00
34088	AA	1000000	(0,0)	2022-07-26 20:03:24.733007+00	2022-07-26 20:03:24.733007+00
34089	AA	1000000	(0,0)	2022-07-26 20:03:24.733007+00	2022-07-26 20:03:24.733007+00
34090	AA	1000000	(0,0)	2022-07-26 20:03:24.733007+00	2022-07-26 20:03:24.733007+00
34091	AA	1000000	(0,0)	2022-07-26 20:03:24.733007+00	2022-07-26 20:03:24.733007+00
34092	AA	1000000	(0,0)	2022-07-26 20:03:24.733007+00	2022-07-26 20:03:24.733007+00
34093	AA	1000000	(0,0)	2022-07-26 20:03:24.733007+00	2022-07-26 20:03:24.733007+00
34094	AA	1000000	(0,0)	2022-07-26 20:03:24.733007+00	2022-07-26 20:03:24.733007+00
34095	AA	1000000	(0,0)	2022-07-26 20:03:24.733007+00	2022-07-26 20:03:24.733007+00
96201	AP	1000000	(0,0)	2022-07-26 20:03:24.733007+00	2022-07-26 20:03:24.733007+00
96202	AP	1000000	(0,0)	2022-07-26 20:03:24.733007+00	2022-07-26 20:03:24.733007+00
96203	AP	1000000	(0,0)	2022-07-26 20:03:24.733007+00	2022-07-26 20:03:24.733007+00
96204	AP	1000000	(0,0)	2022-07-26 20:03:24.733007+00	2022-07-26 20:03:24.733007+00
96205	AP	1000000	(0,0)	2022-07-26 20:03:24.733007+00	2022-07-26 20:03:24.733007+00
96206	AP	1000000	(0,0)	2022-07-26 20:03:24.733007+00	2022-07-26 20:03:24.733007+00
96207	AP	1000000	(0,0)	2022-07-26 20:03:24.733007+00	2022-07-26 20:03:24.733007+00
96208	AP	1000000	(0,0)	2022-07-26 20:03:24.733007+00	2022-07-26 20:03:24.733007+00
96209	AP	1000000	(0,0)	2022-07-26 20:03:24.733007+00	2022-07-26 20:03:24.733007+00
96210	AP	1000000	(0,0)	2022-07-26 20:03:24.733007+00	2022-07-26 20:03:24.733007+00
96212	AP	1000000	(0,0)	2022-07-26 20:03:24.733007+00	2022-07-26 20:03:24.733007+00
96213	AP	1000000	(0,0)	2022-07-26 20:03:24.733007+00	2022-07-26 20:03:24.733007+00
96214	AP	1000000	(0,0)	2022-07-26 20:03:24.733007+00	2022-07-26 20:03:24.733007+00
96218	AP	1000000	(0,0)	2022-07-26 20:03:24.733007+00	2022-07-26 20:03:24.733007+00
96224	AP	1000000	(0,0)	2022-07-26 20:03:24.733007+00	2022-07-26 20:03:24.733007+00
96251	AP	1000000	(0,0)	2022-07-26 20:03:24.733007+00	2022-07-26 20:03:24.733007+00
96257	AP	1000000	(0,0)	2022-07-26 20:03:24.733007+00	2022-07-26 20:03:24.733007+00
96258	AP	1000000	(0,0)	2022-07-26 20:03:24.733007+00	2022-07-26 20:03:24.733007+00
96260	AP	1000000	(0,0)	2022-07-26 20:03:24.733007+00	2022-07-26 20:03:24.733007+00
96262	AP	1000000	(0,0)	2022-07-26 20:03:24.733007+00	2022-07-26 20:03:24.733007+00
96264	AP	1000000	(0,0)	2022-07-26 20:03:24.733007+00	2022-07-26 20:03:24.733007+00
96266	AP	1000000	(0,0)	2022-07-26 20:03:24.733007+00	2022-07-26 20:03:24.733007+00
96267	AP	1000000	(0,0)	2022-07-26 20:03:24.733007+00	2022-07-26 20:03:24.733007+00
96269	AP	1000000	(0,0)	2022-07-26 20:03:24.733007+00	2022-07-26 20:03:24.733007+00
96271	AP	1000000	(0,0)	2022-07-26 20:03:24.733007+00	2022-07-26 20:03:24.733007+00
96273	AP	1000000	(0,0)	2022-07-26 20:03:24.733007+00	2022-07-26 20:03:24.733007+00
96275	AP	1000000	(0,0)	2022-07-26 20:03:24.733007+00	2022-07-26 20:03:24.733007+00
96276	AP	1000000	(0,0)	2022-07-26 20:03:24.733007+00	2022-07-26 20:03:24.733007+00
96278	AP	1000000	(0,0)	2022-07-26 20:03:24.733007+00	2022-07-26 20:03:24.733007+00
96283	AP	1000000	(0,0)	2022-07-26 20:03:24.733007+00	2022-07-26 20:03:24.733007+00
96284	AP	1000000	(0,0)	2022-07-26 20:03:24.733007+00	2022-07-26 20:03:24.733007+00
96297	AP	1000000	(0,0)	2022-07-26 20:03:24.733007+00	2022-07-26 20:03:24.733007+00
96301	AP	1000000	(0,0)	2022-07-26 20:03:24.733007+00	2022-07-26 20:03:24.733007+00
96303	AP	1000000	(0,0)	2022-07-26 20:03:24.733007+00	2022-07-26 20:03:24.733007+00
96306	AP	1000000	(0,0)	2022-07-26 20:03:24.733007+00	2022-07-26 20:03:24.733007+00
96309	AP	1000000	(0,0)	2022-07-26 20:03:24.733007+00	2022-07-26 20:03:24.733007+00
96310	AP	1000000	(0,0)	2022-07-26 20:03:24.733007+00	2022-07-26 20:03:24.733007+00
96311	AP	1000000	(0,0)	2022-07-26 20:03:24.733007+00	2022-07-26 20:03:24.733007+00
96315	AP	1000000	(0,0)	2022-07-26 20:03:24.733007+00	2022-07-26 20:03:24.733007+00
96319	AP	1000000	(0,0)	2022-07-26 20:03:24.733007+00	2022-07-26 20:03:24.733007+00
96321	AP	1000000	(0,0)	2022-07-26 20:03:24.733007+00	2022-07-26 20:03:24.733007+00
96322	AP	1000000	(0,0)	2022-07-26 20:03:24.733007+00	2022-07-26 20:03:24.733007+00
96323	AP	1000000	(0,0)	2022-07-26 20:03:24.733007+00	2022-07-26 20:03:24.733007+00
96326	AP	1000000	(0,0)	2022-07-26 20:03:24.733007+00	2022-07-26 20:03:24.733007+00
96328	AP	1000000	(0,0)	2022-07-26 20:03:24.733007+00	2022-07-26 20:03:24.733007+00
96330	AP	1000000	(0,0)	2022-07-26 20:03:24.733007+00	2022-07-26 20:03:24.733007+00
96331	AP	1000000	(0,0)	2022-07-26 20:03:24.733007+00	2022-07-26 20:03:24.733007+00
96336	AP	1000000	(0,0)	2022-07-26 20:03:24.733007+00	2022-07-26 20:03:24.733007+00
96337	AP	1000000	(0,0)	2022-07-26 20:03:24.733007+00	2022-07-26 20:03:24.733007+00
96338	AP	1000000	(0,0)	2022-07-26 20:03:24.733007+00	2022-07-26 20:03:24.733007+00
96339	AP	1000000	(0,0)	2022-07-26 20:03:24.733007+00	2022-07-26 20:03:24.733007+00
96343	AP	1000000	(0,0)	2022-07-26 20:03:24.733007+00	2022-07-26 20:03:24.733007+00
96346	AP	1000000	(0,0)	2022-07-26 20:03:24.733007+00	2022-07-26 20:03:24.733007+00
96347	AP	1000000	(0,0)	2022-07-26 20:03:24.733007+00	2022-07-26 20:03:24.733007+00
96349	AP	1000000	(0,0)	2022-07-26 20:03:24.733007+00	2022-07-26 20:03:24.733007+00
96350	AP	1000000	(0,0)	2022-07-26 20:03:24.733007+00	2022-07-26 20:03:24.733007+00
96351	AP	1000000	(0,0)	2022-07-26 20:03:24.733007+00	2022-07-26 20:03:24.733007+00
96362	AP	1000000	(0,0)	2022-07-26 20:03:24.733007+00	2022-07-26 20:03:24.733007+00
96365	AP	1000000	(0,0)	2022-07-26 20:03:24.733007+00	2022-07-26 20:03:24.733007+00
96367	AP	1000000	(0,0)	2022-07-26 20:03:24.733007+00	2022-07-26 20:03:24.733007+00
96368	AP	1000000	(0,0)	2022-07-26 20:03:24.733007+00	2022-07-26 20:03:24.733007+00
96370	AP	1000000	(0,0)	2022-07-26 20:03:24.733007+00	2022-07-26 20:03:24.733007+00
96371	AP	1000000	(0,0)	2022-07-26 20:03:24.733007+00	2022-07-26 20:03:24.733007+00
96372	AP	1000000	(0,0)	2022-07-26 20:03:24.733007+00	2022-07-26 20:03:24.733007+00
96373	AP	1000000	(0,0)	2022-07-26 20:03:24.733007+00	2022-07-26 20:03:24.733007+00
96374	AP	1000000	(0,0)	2022-07-26 20:03:24.733007+00	2022-07-26 20:03:24.733007+00
96375	AP	1000000	(0,0)	2022-07-26 20:03:24.733007+00	2022-07-26 20:03:24.733007+00
96376	AP	1000000	(0,0)	2022-07-26 20:03:24.733007+00	2022-07-26 20:03:24.733007+00
96377	AP	1000000	(0,0)	2022-07-26 20:03:24.733007+00	2022-07-26 20:03:24.733007+00
96378	AP	1000000	(0,0)	2022-07-26 20:03:24.733007+00	2022-07-26 20:03:24.733007+00
96379	AP	1000000	(0,0)	2022-07-26 20:03:24.733007+00	2022-07-26 20:03:24.733007+00
96380	AP	1000000	(0,0)	2022-07-26 20:03:24.733007+00	2022-07-26 20:03:24.733007+00
96382	AP	1000000	(0,0)	2022-07-26 20:03:24.733007+00	2022-07-26 20:03:24.733007+00
96384	AP	1000000	(0,0)	2022-07-26 20:03:24.733007+00	2022-07-26 20:03:24.733007+00
96385	AP	1000000	(0,0)	2022-07-26 20:03:24.733007+00	2022-07-26 20:03:24.733007+00
96386	AP	1000000	(0,0)	2022-07-26 20:03:24.733007+00	2022-07-26 20:03:24.733007+00
96387	AP	1000000	(0,0)	2022-07-26 20:03:24.733007+00	2022-07-26 20:03:24.733007+00
96388	AP	1000000	(0,0)	2022-07-26 20:03:24.733007+00	2022-07-26 20:03:24.733007+00
96389	AP	1000000	(0,0)	2022-07-26 20:03:24.733007+00	2022-07-26 20:03:24.733007+00
96401	AP	1000000	(0,0)	2022-07-26 20:03:24.733007+00	2022-07-26 20:03:24.733007+00
96502	AP	1000000	(0,0)	2022-07-26 20:03:24.733007+00	2022-07-26 20:03:24.733007+00
96504	AP	1000000	(0,0)	2022-07-26 20:03:24.733007+00	2022-07-26 20:03:24.733007+00
96505	AP	1000000	(0,0)	2022-07-26 20:03:24.733007+00	2022-07-26 20:03:24.733007+00
96507	AP	1000000	(0,0)	2022-07-26 20:03:24.733007+00	2022-07-26 20:03:24.733007+00
96510	AP	1000000	(0,0)	2022-07-26 20:03:24.733007+00	2022-07-26 20:03:24.733007+00
96511	AP	1000000	(0,0)	2022-07-26 20:03:24.733007+00	2022-07-26 20:03:24.733007+00
96515	AP	1000000	(0,0)	2022-07-26 20:03:24.733007+00	2022-07-26 20:03:24.733007+00
96516	AP	1000000	(0,0)	2022-07-26 20:03:24.733007+00	2022-07-26 20:03:24.733007+00
96517	AP	1000000	(0,0)	2022-07-26 20:03:24.733007+00	2022-07-26 20:03:24.733007+00
96520	AP	1000000	(0,0)	2022-07-26 20:03:24.733007+00	2022-07-26 20:03:24.733007+00
96521	AP	1000000	(0,0)	2022-07-26 20:03:24.733007+00	2022-07-26 20:03:24.733007+00
96522	AP	1000000	(0,0)	2022-07-26 20:03:24.733007+00	2022-07-26 20:03:24.733007+00
96530	AP	1000000	(0,0)	2022-07-26 20:03:24.733007+00	2022-07-26 20:03:24.733007+00
96531	AP	1000000	(0,0)	2022-07-26 20:03:24.733007+00	2022-07-26 20:03:24.733007+00
96532	AP	1000000	(0,0)	2022-07-26 20:03:24.733007+00	2022-07-26 20:03:24.733007+00
96534	AP	1000000	(0,0)	2022-07-26 20:03:24.733007+00	2022-07-26 20:03:24.733007+00
96535	AP	1000000	(0,0)	2022-07-26 20:03:24.733007+00	2022-07-26 20:03:24.733007+00
96537	AP	1000000	(0,0)	2022-07-26 20:03:24.733007+00	2022-07-26 20:03:24.733007+00
96539	AP	1000000	(0,0)	2022-07-26 20:03:24.733007+00	2022-07-26 20:03:24.733007+00
96540	AP	1000000	(0,0)	2022-07-26 20:03:24.733007+00	2022-07-26 20:03:24.733007+00
96542	AP	1000000	(0,0)	2022-07-26 20:03:24.733007+00	2022-07-26 20:03:24.733007+00
96543	AP	1000000	(0,0)	2022-07-26 20:03:24.733007+00	2022-07-26 20:03:24.733007+00
96546	AP	1000000	(0,0)	2022-07-26 20:03:24.733007+00	2022-07-26 20:03:24.733007+00
96548	AP	1000000	(0,0)	2022-07-26 20:03:24.733007+00	2022-07-26 20:03:24.733007+00
96549	AP	1000000	(0,0)	2022-07-26 20:03:24.733007+00	2022-07-26 20:03:24.733007+00
96550	AP	1000000	(0,0)	2022-07-26 20:03:24.733007+00	2022-07-26 20:03:24.733007+00
96551	AP	1000000	(0,0)	2022-07-26 20:03:24.733007+00	2022-07-26 20:03:24.733007+00
96552	AP	1000000	(0,0)	2022-07-26 20:03:24.733007+00	2022-07-26 20:03:24.733007+00
96553	AP	1000000	(0,0)	2022-07-26 20:03:24.733007+00	2022-07-26 20:03:24.733007+00
96554	AP	1000000	(0,0)	2022-07-26 20:03:24.733007+00	2022-07-26 20:03:24.733007+00
96555	AP	1000000	(0,0)	2022-07-26 20:03:24.733007+00	2022-07-26 20:03:24.733007+00
96557	AP	1000000	(0,0)	2022-07-26 20:03:24.733007+00	2022-07-26 20:03:24.733007+00
96562	AP	1000000	(0,0)	2022-07-26 20:03:24.733007+00	2022-07-26 20:03:24.733007+00
96577	AP	1000000	(0,0)	2022-07-26 20:03:24.733007+00	2022-07-26 20:03:24.733007+00
96578	AP	1000000	(0,0)	2022-07-26 20:03:24.733007+00	2022-07-26 20:03:24.733007+00
96595	AP	1000000	(0,0)	2022-07-26 20:03:24.733007+00	2022-07-26 20:03:24.733007+00
96598	AP	1000000	(0,0)	2022-07-26 20:03:24.733007+00	2022-07-26 20:03:24.733007+00
96599	AP	1000000	(0,0)	2022-07-26 20:03:24.733007+00	2022-07-26 20:03:24.733007+00
96601	AP	1000000	(0,0)	2022-07-26 20:03:24.733007+00	2022-07-26 20:03:24.733007+00
96602	AP	1000000	(0,0)	2022-07-26 20:03:24.733007+00	2022-07-26 20:03:24.733007+00
96603	AP	1000000	(0,0)	2022-07-26 20:03:24.733007+00	2022-07-26 20:03:24.733007+00
96604	AP	1000000	(0,0)	2022-07-26 20:03:24.733007+00	2022-07-26 20:03:24.733007+00
96605	AP	1000000	(0,0)	2022-07-26 20:03:24.733007+00	2022-07-26 20:03:24.733007+00
96606	AP	1000000	(0,0)	2022-07-26 20:03:24.733007+00	2022-07-26 20:03:24.733007+00
96607	AP	1000000	(0,0)	2022-07-26 20:03:24.733007+00	2022-07-26 20:03:24.733007+00
96608	AP	1000000	(0,0)	2022-07-26 20:03:24.733007+00	2022-07-26 20:03:24.733007+00
96609	AP	1000000	(0,0)	2022-07-26 20:03:24.733007+00	2022-07-26 20:03:24.733007+00
96610	AP	1000000	(0,0)	2022-07-26 20:03:24.733007+00	2022-07-26 20:03:24.733007+00
96611	AP	1000000	(0,0)	2022-07-26 20:03:24.733007+00	2022-07-26 20:03:24.733007+00
96612	AP	1000000	(0,0)	2022-07-26 20:03:24.733007+00	2022-07-26 20:03:24.733007+00
96613	AP	1000000	(0,0)	2022-07-26 20:03:24.733007+00	2022-07-26 20:03:24.733007+00
96615	AP	1000000	(0,0)	2022-07-26 20:03:24.733007+00	2022-07-26 20:03:24.733007+00
96616	AP	1000000	(0,0)	2022-07-26 20:03:24.733007+00	2022-07-26 20:03:24.733007+00
96617	AP	1000000	(0,0)	2022-07-26 20:03:24.733007+00	2022-07-26 20:03:24.733007+00
96619	AP	1000000	(0,0)	2022-07-26 20:03:24.733007+00	2022-07-26 20:03:24.733007+00
96620	AP	1000000	(0,0)	2022-07-26 20:03:24.733007+00	2022-07-26 20:03:24.733007+00
96628	AP	1000000	(0,0)	2022-07-26 20:03:24.733007+00	2022-07-26 20:03:24.733007+00
96629	AP	1000000	(0,0)	2022-07-26 20:03:24.733007+00	2022-07-26 20:03:24.733007+00
96632	AP	1000000	(0,0)	2022-07-26 20:03:24.733007+00	2022-07-26 20:03:24.733007+00
96633	AP	1000000	(0,0)	2022-07-26 20:03:24.733007+00	2022-07-26 20:03:24.733007+00
96641	AP	1000000	(0,0)	2022-07-26 20:03:24.733007+00	2022-07-26 20:03:24.733007+00
96642	AP	1000000	(0,0)	2022-07-26 20:03:24.733007+00	2022-07-26 20:03:24.733007+00
96643	AP	1000000	(0,0)	2022-07-26 20:03:24.733007+00	2022-07-26 20:03:24.733007+00
96644	AP	1000000	(0,0)	2022-07-26 20:03:24.733007+00	2022-07-26 20:03:24.733007+00
96645	AP	1000000	(0,0)	2022-07-26 20:03:24.733007+00	2022-07-26 20:03:24.733007+00
96649	AP	1000000	(0,0)	2022-07-26 20:03:24.733007+00	2022-07-26 20:03:24.733007+00
96650	AP	1000000	(0,0)	2022-07-26 20:03:24.733007+00	2022-07-26 20:03:24.733007+00
96657	AP	1000000	(0,0)	2022-07-26 20:03:24.733007+00	2022-07-26 20:03:24.733007+00
96660	AP	1000000	(0,0)	2022-07-26 20:03:24.733007+00	2022-07-26 20:03:24.733007+00
96661	AP	1000000	(0,0)	2022-07-26 20:03:24.733007+00	2022-07-26 20:03:24.733007+00
96662	AP	1000000	(0,0)	2022-07-26 20:03:24.733007+00	2022-07-26 20:03:24.733007+00
96663	AP	1000000	(0,0)	2022-07-26 20:03:24.733007+00	2022-07-26 20:03:24.733007+00
96664	AP	1000000	(0,0)	2022-07-26 20:03:24.733007+00	2022-07-26 20:03:24.733007+00
96665	AP	1000000	(0,0)	2022-07-26 20:03:24.733007+00	2022-07-26 20:03:24.733007+00
96666	AP	1000000	(0,0)	2022-07-26 20:03:24.733007+00	2022-07-26 20:03:24.733007+00
96667	AP	1000000	(0,0)	2022-07-26 20:03:24.733007+00	2022-07-26 20:03:24.733007+00
96668	AP	1000000	(0,0)	2022-07-26 20:03:24.733007+00	2022-07-26 20:03:24.733007+00
96669	AP	1000000	(0,0)	2022-07-26 20:03:24.733007+00	2022-07-26 20:03:24.733007+00
96670	AP	1000000	(0,0)	2022-07-26 20:03:24.733007+00	2022-07-26 20:03:24.733007+00
96671	AP	1000000	(0,0)	2022-07-26 20:03:24.733007+00	2022-07-26 20:03:24.733007+00
96672	AP	1000000	(0,0)	2022-07-26 20:03:24.733007+00	2022-07-26 20:03:24.733007+00
96673	AP	1000000	(0,0)	2022-07-26 20:03:24.733007+00	2022-07-26 20:03:24.733007+00
96674	AP	1000000	(0,0)	2022-07-26 20:03:24.733007+00	2022-07-26 20:03:24.733007+00
96675	AP	1000000	(0,0)	2022-07-26 20:03:24.733007+00	2022-07-26 20:03:24.733007+00
96677	AP	1000000	(0,0)	2022-07-26 20:03:24.733007+00	2022-07-26 20:03:24.733007+00
96678	AP	1000000	(0,0)	2022-07-26 20:03:24.733007+00	2022-07-26 20:03:24.733007+00
96679	AP	1000000	(0,0)	2022-07-26 20:03:24.733007+00	2022-07-26 20:03:24.733007+00
96681	AP	1000000	(0,0)	2022-07-26 20:03:24.733007+00	2022-07-26 20:03:24.733007+00
96682	AP	1000000	(0,0)	2022-07-26 20:03:24.733007+00	2022-07-26 20:03:24.733007+00
96683	AP	1000000	(0,0)	2022-07-26 20:03:24.733007+00	2022-07-26 20:03:24.733007+00
96686	AP	1000000	(0,0)	2022-07-26 20:03:24.733007+00	2022-07-26 20:03:24.733007+00
96691	AP	1000000	(0,0)	2022-07-26 20:03:24.733007+00	2022-07-26 20:03:24.733007+00
96692	AP	1000000	(0,0)	2022-07-26 20:03:24.733007+00	2022-07-26 20:03:24.733007+00
96693	AP	1000000	(0,0)	2022-07-26 20:03:24.733007+00	2022-07-26 20:03:24.733007+00
96694	AP	1000000	(0,0)	2022-07-26 20:03:24.733007+00	2022-07-26 20:03:24.733007+00
96695	AP	1000000	(0,0)	2022-07-26 20:03:24.733007+00	2022-07-26 20:03:24.733007+00
96696	AP	1000000	(0,0)	2022-07-26 20:03:24.733007+00	2022-07-26 20:03:24.733007+00
96698	AP	1000000	(0,0)	2022-07-26 20:03:24.733007+00	2022-07-26 20:03:24.733007+00
601	PR	16001	(18.16,-66.72)	2022-07-26 20:03:24.733007+00	2022-07-26 20:03:24.733007+00
602	PR	19801	(18.38,-67.18)	2022-07-26 20:03:24.733007+00	2022-07-26 20:03:24.733007+00
603	PR	18973	(18.43,-67.15)	2022-07-26 20:03:24.733007+00	2022-07-26 20:03:24.733007+00
604	PR	0	(18.43,-67.15)	2022-07-26 20:03:24.733007+00	2022-07-26 20:03:24.733007+00
605	PR	0	(18.43,-67.15)	2022-07-26 20:03:24.733007+00	2022-07-26 20:03:24.733007+00
606	PR	15298	(18.18,-66.98)	2022-07-26 20:03:24.733007+00	2022-07-26 20:03:24.733007+00
610	PR	23612	(18.28,-67.14)	2022-07-26 20:03:24.733007+00	2022-07-26 20:03:24.733007+00
611	PR	0	(18.28,-66.79)	2022-07-26 20:03:24.733007+00	2022-07-26 20:03:24.733007+00
612	PR	24339	(18.45,-66.73)	2022-07-26 20:03:24.733007+00	2022-07-26 20:03:24.733007+00
613	PR	0	(18.45,-66.73)	2022-07-26 20:03:24.733007+00	2022-07-26 20:03:24.733007+00
614	PR	0	(18.45,-66.73)	2022-07-26 20:03:24.733007+00	2022-07-26 20:03:24.733007+00
616	PR	20805	(18.42,-66.67)	2022-07-26 20:03:24.733007+00	2022-07-26 20:03:24.733007+00
617	PR	19838	(18.45,-66.56)	2022-07-26 20:03:24.733007+00	2022-07-26 20:03:24.733007+00
622	PR	17290	(17.99,-67.15)	2022-07-26 20:03:24.733007+00	2022-07-26 20:03:24.733007+00
623	PR	20448	(18.08,-67.14)	2022-07-26 20:03:24.733007+00	2022-07-26 20:03:24.733007+00
624	PR	19342	(18.06,-66.72)	2022-07-26 20:03:24.733007+00	2022-07-26 20:03:24.733007+00
627	PR	20616	(18.48,-66.84)	2022-07-26 20:03:24.733007+00	2022-07-26 20:03:24.733007+00
631	PR	12188	(18.19,-66.82)	2022-07-26 20:03:24.733007+00	2022-07-26 20:03:24.733007+00
636	PR	0	(18.15,-67.06)	2022-07-26 20:03:24.733007+00	2022-07-26 20:03:24.733007+00
637	PR	22106	(18.08,-66.96)	2022-07-26 20:03:24.733007+00	2022-07-26 20:03:24.733007+00
638	PR	18914	(18.33,-66.47)	2022-07-26 20:03:24.733007+00	2022-07-26 20:03:24.733007+00
641	PR	19972	(18.27,-66.7)	2022-07-26 20:03:24.733007+00	2022-07-26 20:03:24.733007+00
646	PR	37357	(18.47,-66.27)	2022-07-26 20:03:24.733007+00	2022-07-26 20:03:24.733007+00
647	PR	17659	(17.96,-66.94)	2022-07-26 20:03:24.733007+00	2022-07-26 20:03:24.733007+00
650	PR	22310	(18.36,-66.56)	2022-07-26 20:03:24.733007+00	2022-07-26 20:03:24.733007+00
652	PR	24154	(18.45,-66.6)	2022-07-26 20:03:24.733007+00	2022-07-26 20:03:24.733007+00
653	PR	15234	(17.99,-66.89)	2022-07-26 20:03:24.733007+00	2022-07-26 20:03:24.733007+00
656	PR	19699	(18.02,-66.79)	2022-07-26 20:03:24.733007+00	2022-07-26 20:03:24.733007+00
659	PR	23679	(18.48,-66.82)	2022-07-26 20:03:24.733007+00	2022-07-26 20:03:24.733007+00
660	PR	23658	(18.14,-67.12)	2022-07-26 20:03:24.733007+00	2022-07-26 20:03:24.733007+00
662	PR	18840	(18.5,-67.02)	2022-07-26 20:03:24.733007+00	2022-07-26 20:03:24.733007+00
664	PR	17403	(18.22,-66.59)	2022-07-26 20:03:24.733007+00	2022-07-26 20:03:24.733007+00
667	PR	16166	(18.04,-67.06)	2022-07-26 20:03:24.733007+00	2022-07-26 20:03:24.733007+00
669	PR	19540	(18.29,-66.88)	2022-07-26 20:03:24.733007+00	2022-07-26 20:03:24.733007+00
670	PR	17861	(18.27,-67.06)	2022-07-26 20:03:24.733007+00	2022-07-26 20:03:24.733007+00
674	PR	23424	(18.43,-66.48)	2022-07-26 20:03:24.733007+00	2022-07-26 20:03:24.733007+00
676	PR	18630	(18.39,-67.11)	2022-07-26 20:03:24.733007+00	2022-07-26 20:03:24.733007+00
677	PR	29440	(18.34,-67.25)	2022-07-26 20:03:24.733007+00	2022-07-26 20:03:24.733007+00
678	PR	20992	(18.47,-66.93)	2022-07-26 20:03:24.733007+00	2022-07-26 20:03:24.733007+00
680	PR	20674	(18.2,-67.14)	2022-07-26 20:03:24.733007+00	2022-07-26 20:03:24.733007+00
681	PR	0	(18.2,-67.14)	2022-07-26 20:03:24.733007+00	2022-07-26 20:03:24.733007+00
682	PR	20240	(18.22,-67.16)	2022-07-26 20:03:24.733007+00	2022-07-26 20:03:24.733007+00
683	PR	21870	(18.08,-67.04)	2022-07-26 20:03:24.733007+00	2022-07-26 20:03:24.733007+00
685	PR	18690	(18.33,-66.99)	2022-07-26 20:03:24.733007+00	2022-07-26 20:03:24.733007+00
687	PR	22147	(18.32,-66.4)	2022-07-26 20:03:24.733007+00	2022-07-26 20:03:24.733007+00
688	PR	20520	(18.38,-66.62)	2022-07-26 20:03:24.733007+00	2022-07-26 20:03:24.733007+00
690	PR	22042	(18.49,-67.09)	2022-07-26 20:03:24.733007+00	2022-07-26 20:03:24.733007+00
692	PR	23253	(18.41,-66.32)	2022-07-26 20:03:24.733007+00	2022-07-26 20:03:24.733007+00
693	PR	24677	(18.44,-66.39)	2022-07-26 20:03:24.733007+00	2022-07-26 20:03:24.733007+00
694	PR	0	(18.48,-66.39)	2022-07-26 20:03:24.733007+00	2022-07-26 20:03:24.733007+00
698	PR	20794	(18.03,-66.86)	2022-07-26 20:03:24.733007+00	2022-07-26 20:03:24.733007+00
703	PR	21940	(18.25,-66.1)	2022-07-26 20:03:24.733007+00	2022-07-26 20:03:24.733007+00
704	PR	20742	(17.96,-66.22)	2022-07-26 20:03:24.733007+00	2022-07-26 20:03:24.733007+00
705	PR	23627	(18.14,-66.26)	2022-07-26 20:03:24.733007+00	2022-07-26 20:03:24.733007+00
707	PR	23232	(18,-65.9)	2022-07-26 20:03:24.733007+00	2022-07-26 20:03:24.733007+00
714	PR	19524	(17.97,-66.06)	2022-07-26 20:03:24.733007+00	2022-07-26 20:03:24.733007+00
715	PR	13750	(18.01,-66.56)	2022-07-26 20:03:24.733007+00	2022-07-26 20:03:24.733007+00
716	PR	21350	(17.98,-66.6)	2022-07-26 20:03:24.733007+00	2022-07-26 20:03:24.733007+00
717	PR	16926	(18,-66.61)	2022-07-26 20:03:24.733007+00	2022-07-26 20:03:24.733007+00
718	PR	21011	(18.21,-65.73)	2022-07-26 20:03:24.733007+00	2022-07-26 20:03:24.733007+00
719	PR	23625	(18.3,-66.24)	2022-07-26 20:03:24.733007+00	2022-07-26 20:03:24.733007+00
720	PR	16709	(18.22,-66.39)	2022-07-26 20:03:24.733007+00	2022-07-26 20:03:24.733007+00
721	PR	0	(18.37,-65.77)	2022-07-26 20:03:24.733007+00	2022-07-26 20:03:24.733007+00
723	PR	19915	(18,-66.01)	2022-07-26 20:03:24.733007+00	2022-07-26 20:03:24.733007+00
725	PR	26273	(18.23,-66.03)	2022-07-26 20:03:24.733007+00	2022-07-26 20:03:24.733007+00
726	PR	0	(18.23,-66.03)	2022-07-26 20:03:24.733007+00	2022-07-26 20:03:24.733007+00
727	PR	37017	(18.22,-66.07)	2022-07-26 20:03:24.733007+00	2022-07-26 20:03:24.733007+00
728	PR	22100	(17.99,-66.66)	2022-07-26 20:03:24.733007+00	2022-07-26 20:03:24.733007+00
729	PR	26701	(18.37,-65.9)	2022-07-26 20:03:24.733007+00	2022-07-26 20:03:24.733007+00
730	PR	19328	(18.03,-66.62)	2022-07-26 20:03:24.733007+00	2022-07-26 20:03:24.733007+00
731	PR	19853	(18.11,-66.63)	2022-07-26 20:03:24.733007+00	2022-07-26 20:03:24.733007+00
732	PR	0	(17.98,-66.6)	2022-07-26 20:03:24.733007+00	2022-07-26 20:03:24.733007+00
733	PR	0	(17.98,-66.6)	2022-07-26 20:03:24.733007+00	2022-07-26 20:03:24.733007+00
734	PR	0	(17.98,-66.6)	2022-07-26 20:03:24.733007+00	2022-07-26 20:03:24.733007+00
735	PR	22403	(18.25,-65.68)	2022-07-26 20:03:24.733007+00	2022-07-26 20:03:24.733007+00
736	PR	25507	(18.11,-66.16)	2022-07-26 20:03:24.733007+00	2022-07-26 20:03:24.733007+00
737	PR	0	(18.11,-66.16)	2022-07-26 20:03:24.733007+00	2022-07-26 20:03:24.733007+00
738	PR	24045	(18.33,-65.65)	2022-07-26 20:03:24.733007+00	2022-07-26 20:03:24.733007+00
739	PR	22474	(18.17,-66.15)	2022-07-26 20:03:24.733007+00	2022-07-26 20:03:24.733007+00
740	PR	15061	(18.33,-65.63)	2022-07-26 20:03:24.733007+00	2022-07-26 20:03:24.733007+00
741	PR	25750	(18.16,-65.75)	2022-07-26 20:03:24.733007+00	2022-07-26 20:03:24.733007+00
742	PR	0	(18.27,-65.65)	2022-07-26 20:03:24.733007+00	2022-07-26 20:03:24.733007+00
744	PR	0	(18.22,-65.79)	2022-07-26 20:03:24.733007+00	2022-07-26 20:03:24.733007+00
745	PR	27260	(18.38,-65.83)	2022-07-26 20:03:24.733007+00	2022-07-26 20:03:24.733007+00
751	PR	21315	(17.97,-66.29)	2022-07-26 20:03:24.733007+00	2022-07-26 20:03:24.733007+00
754	PR	23476	(18.19,-65.96)	2022-07-26 20:03:24.733007+00	2022-07-26 20:03:24.733007+00
757	PR	23965	(17.97,-66.4)	2022-07-26 20:03:24.733007+00	2022-07-26 20:03:24.733007+00
765	PR	22301	(18.13,-65.44)	2022-07-26 20:03:24.733007+00	2022-07-26 20:03:24.733007+00
766	PR	23195	(18.13,-66.48)	2022-07-26 20:03:24.733007+00	2022-07-26 20:03:24.733007+00
767	PR	20785	(18.04,-65.87)	2022-07-26 20:03:24.733007+00	2022-07-26 20:03:24.733007+00
769	PR	24221	(18.08,-66.36)	2022-07-26 20:03:24.733007+00	2022-07-26 20:03:24.733007+00
771	PR	25175	(18.18,-65.86)	2022-07-26 20:03:24.733007+00	2022-07-26 20:03:24.733007+00
772	PR	20101	(18.43,-65.88)	2022-07-26 20:03:24.733007+00	2022-07-26 20:03:24.733007+00
773	PR	25135	(18.37,-65.71)	2022-07-26 20:03:24.733007+00	2022-07-26 20:03:24.733007+00
775	PR	33625	(18.33,-65.3)	2022-07-26 20:03:24.733007+00	2022-07-26 20:03:24.733007+00
777	PR	21426	(18.22,-65.91)	2022-07-26 20:03:24.733007+00	2022-07-26 20:03:24.733007+00
778	PR	39044	(18.25,-65.97)	2022-07-26 20:03:24.733007+00	2022-07-26 20:03:24.733007+00
780	PR	23592	(18.09,-66.57)	2022-07-26 20:03:24.733007+00	2022-07-26 20:03:24.733007+00
782	PR	16700	(18.22,-66.22)	2022-07-26 20:03:24.733007+00	2022-07-26 20:03:24.733007+00
783	PR	17808	(18.34,-66.31)	2022-07-26 20:03:24.733007+00	2022-07-26 20:03:24.733007+00
784	PR	21116	(17.97,-66.11)	2022-07-26 20:03:24.733007+00	2022-07-26 20:03:24.733007+00
785	PR	0	(17.97,-66.11)	2022-07-26 20:03:24.733007+00	2022-07-26 20:03:24.733007+00
786	PR	37552	(18.16,-66.23)	2022-07-26 20:03:24.733007+00	2022-07-26 20:03:24.733007+00
791	PR	25582	(18.15,-65.81)	2022-07-26 20:03:24.733007+00	2022-07-26 20:03:24.733007+00
792	PR	0	(18.15,-65.81)	2022-07-26 20:03:24.733007+00	2022-07-26 20:03:24.733007+00
794	PR	19682	(18.18,-66.3)	2022-07-26 20:03:24.733007+00	2022-07-26 20:03:24.733007+00
795	PR	23528	(18.05,-66.5)	2022-07-26 20:03:24.733007+00	2022-07-26 20:03:24.733007+00
801	VI	0	(18.35,-64.93)	2022-07-26 20:03:24.733007+00	2022-07-26 20:03:24.733007+00
802	VI	0	(18.35,-64.93)	2022-07-26 20:03:24.733007+00	2022-07-26 20:03:24.733007+00
803	VI	0	(18.35,-64.93)	2022-07-26 20:03:24.733007+00	2022-07-26 20:03:24.733007+00
804	VI	0	(18.35,-64.93)	2022-07-26 20:03:24.733007+00	2022-07-26 20:03:24.733007+00
805	VI	0	(18.34,-64.93)	2022-07-26 20:03:24.733007+00	2022-07-26 20:03:24.733007+00
820	VI	0	(17.74,-64.7)	2022-07-26 20:03:24.733007+00	2022-07-26 20:03:24.733007+00
821	VI	0	(17.74,-64.7)	2022-07-26 20:03:24.733007+00	2022-07-26 20:03:24.733007+00
822	VI	0	(17.74,-64.7)	2022-07-26 20:03:24.733007+00	2022-07-26 20:03:24.733007+00
823	VI	0	(17.74,-64.7)	2022-07-26 20:03:24.733007+00	2022-07-26 20:03:24.733007+00
824	VI	0	(17.74,-64.7)	2022-07-26 20:03:24.733007+00	2022-07-26 20:03:24.733007+00
830	VI	0	(18.33,-64.79)	2022-07-26 20:03:24.733007+00	2022-07-26 20:03:24.733007+00
831	VI	0	(18.33,-64.79)	2022-07-26 20:03:24.733007+00	2022-07-26 20:03:24.733007+00
840	VI	0	(17.71,-64.88)	2022-07-26 20:03:24.733007+00	2022-07-26 20:03:24.733007+00
841	VI	0	(17.71,-64.88)	2022-07-26 20:03:24.733007+00	2022-07-26 20:03:24.733007+00
850	VI	0	(17.76,-64.82)	2022-07-26 20:03:24.733007+00	2022-07-26 20:03:24.733007+00
851	VI	0	(17.73,-64.8)	2022-07-26 20:03:24.733007+00	2022-07-26 20:03:24.733007+00
901	PR	40839	(18.47,-66.1)	2022-07-26 20:03:24.733007+00	2022-07-26 20:03:24.733007+00
902	PR	0	(18.4,-66.06)	2022-07-26 20:03:24.733007+00	2022-07-26 20:03:24.733007+00
906	PR	0	(18.46,-66.09)	2022-07-26 20:03:24.733007+00	2022-07-26 20:03:24.733007+00
907	PR	54813	(18.45,-66.08)	2022-07-26 20:03:24.733007+00	2022-07-26 20:03:24.733007+00
908	PR	0	(18.4,-66.06)	2022-07-26 20:03:24.733007+00	2022-07-26 20:03:24.733007+00
909	PR	24201	(18.44,-66.07)	2022-07-26 20:03:24.733007+00	2022-07-26 20:03:24.733007+00
910	PR	0	(18.4,-66.06)	2022-07-26 20:03:24.733007+00	2022-07-26 20:03:24.733007+00
911	PR	52912	(18.45,-66.06)	2022-07-26 20:03:24.733007+00	2022-07-26 20:03:24.733007+00
912	PR	28107	(18.45,-66.06)	2022-07-26 20:03:24.733007+00	2022-07-26 20:03:24.733007+00
913	PR	4506	(18.45,-66.04)	2022-07-26 20:03:24.733007+00	2022-07-26 20:03:24.733007+00
914	PR	0	(18.4,-66.06)	2022-07-26 20:03:24.733007+00	2022-07-26 20:03:24.733007+00
915	PR	15508	(18.44,-66.05)	2022-07-26 20:03:24.733007+00	2022-07-26 20:03:24.733007+00
916	PR	0	(18.4,-66.06)	2022-07-26 20:03:24.733007+00	2022-07-26 20:03:24.733007+00
917	PR	21911	(18.42,-66.05)	2022-07-26 20:03:24.733007+00	2022-07-26 20:03:24.733007+00
918	PR	43022	(18.42,-66.07)	2022-07-26 20:03:24.733007+00	2022-07-26 20:03:24.733007+00
919	PR	0	(18.4,-66.06)	2022-07-26 20:03:24.733007+00	2022-07-26 20:03:24.733007+00
920	PR	33612	(18.41,-66.09)	2022-07-26 20:03:24.733007+00	2022-07-26 20:03:24.733007+00
921	PR	23803	(18.39,-66.09)	2022-07-26 20:03:24.733007+00	2022-07-26 20:03:24.733007+00
922	PR	0	(18.4,-66.06)	2022-07-26 20:03:24.733007+00	2022-07-26 20:03:24.733007+00
923	PR	18466	(18.41,-66.04)	2022-07-26 20:03:24.733007+00	2022-07-26 20:03:24.733007+00
924	PR	20848	(18.4,-66.01)	2022-07-26 20:03:24.733007+00	2022-07-26 20:03:24.733007+00
925	PR	17024	(18.4,-66.05)	2022-07-26 20:03:24.733007+00	2022-07-26 20:03:24.733007+00
926	PR	45197	(18.35,-66.05)	2022-07-26 20:03:24.733007+00	2022-07-26 20:03:24.733007+00
927	PR	51667	(18.4,-66.06)	2022-07-26 20:03:24.733007+00	2022-07-26 20:03:24.733007+00
928	PR	0	(18.4,-66.06)	2022-07-26 20:03:24.733007+00	2022-07-26 20:03:24.733007+00
929	PR	0	(18.4,-66.06)	2022-07-26 20:03:24.733007+00	2022-07-26 20:03:24.733007+00
930	PR	0	(18.4,-66.06)	2022-07-26 20:03:24.733007+00	2022-07-26 20:03:24.733007+00
931	PR	0	(18.4,-66.06)	2022-07-26 20:03:24.733007+00	2022-07-26 20:03:24.733007+00
933	PR	0	(18.4,-66.06)	2022-07-26 20:03:24.733007+00	2022-07-26 20:03:24.733007+00
934	PR	0	(18.41,-66.12)	2022-07-26 20:03:24.733007+00	2022-07-26 20:03:24.733007+00
935	PR	0	(18.4,-66.06)	2022-07-26 20:03:24.733007+00	2022-07-26 20:03:24.733007+00
936	PR	0	(18.4,-66.07)	2022-07-26 20:03:24.733007+00	2022-07-26 20:03:24.733007+00
937	PR	0	(18.4,-66.06)	2022-07-26 20:03:24.733007+00	2022-07-26 20:03:24.733007+00
939	PR	0	(18.4,-66.06)	2022-07-26 20:03:24.733007+00	2022-07-26 20:03:24.733007+00
940	PR	0	(18.4,-66.06)	2022-07-26 20:03:24.733007+00	2022-07-26 20:03:24.733007+00
949	PR	32175	(18.44,-66.25)	2022-07-26 20:03:24.733007+00	2022-07-26 20:03:24.733007+00
950	PR	0	(18.46,-66.23)	2022-07-26 20:03:24.733007+00	2022-07-26 20:03:24.733007+00
951	PR	0	(18.43,-66.25)	2022-07-26 20:03:24.733007+00	2022-07-26 20:03:24.733007+00
952	PR	18679	(18.42,-66.19)	2022-07-26 20:03:24.733007+00	2022-07-26 20:03:24.733007+00
953	PR	34545	(18.39,-66.25)	2022-07-26 20:03:24.733007+00	2022-07-26 20:03:24.733007+00
954	PR	0	(18.39,-66.25)	2022-07-26 20:03:24.733007+00	2022-07-26 20:03:24.733007+00
955	PR	0	(18.4,-66.06)	2022-07-26 20:03:24.733007+00	2022-07-26 20:03:24.733007+00
956	PR	27862	(18.32,-66.17)	2022-07-26 20:03:24.733007+00	2022-07-26 20:03:24.733007+00
957	PR	30522	(18.37,-66.19)	2022-07-26 20:03:24.733007+00	2022-07-26 20:03:24.733007+00
958	PR	0	(18.28,-66.13)	2022-07-26 20:03:24.733007+00	2022-07-26 20:03:24.733007+00
959	PR	36643	(18.39,-66.15)	2022-07-26 20:03:24.733007+00	2022-07-26 20:03:24.733007+00
960	PR	0	(18.42,-66.15)	2022-07-26 20:03:24.733007+00	2022-07-26 20:03:24.733007+00
961	PR	36292	(18.41,-66.17)	2022-07-26 20:03:24.733007+00	2022-07-26 20:03:24.733007+00
962	PR	18520	(18.44,-66.15)	2022-07-26 20:03:24.733007+00	2022-07-26 20:03:24.733007+00
963	PR	0	(18.43,-66.11)	2022-07-26 20:03:24.733007+00	2022-07-26 20:03:24.733007+00
965	PR	19460	(18.43,-66.11)	2022-07-26 20:03:24.733007+00	2022-07-26 20:03:24.733007+00
966	PR	65114	(18.4,-66.12)	2022-07-26 20:03:24.733007+00	2022-07-26 20:03:24.733007+00
968	PR	88869	(18.41,-66.1)	2022-07-26 20:03:24.733007+00	2022-07-26 20:03:24.733007+00
969	PR	58539	(18.38,-66.11)	2022-07-26 20:03:24.733007+00	2022-07-26 20:03:24.733007+00
970	PR	0	(18.38,-66.11)	2022-07-26 20:03:24.733007+00	2022-07-26 20:03:24.733007+00
971	PR	29418	(18.32,-66.12)	2022-07-26 20:03:24.733007+00	2022-07-26 20:03:24.733007+00
975	PR	0	(18.4,-66.06)	2022-07-26 20:03:24.733007+00	2022-07-26 20:03:24.733007+00
976	PR	39346	(18.36,-66.01)	2022-07-26 20:03:24.733007+00	2022-07-26 20:03:24.733007+00
977	PR	0	(18.36,-66.01)	2022-07-26 20:03:24.733007+00	2022-07-26 20:03:24.733007+00
978	PR	0	(18.37,-66.01)	2022-07-26 20:03:24.733007+00	2022-07-26 20:03:24.733007+00
979	PR	47639	(18.44,-66.03)	2022-07-26 20:03:24.733007+00	2022-07-26 20:03:24.733007+00
981	PR	0	(18.4,-65.98)	2022-07-26 20:03:24.733007+00	2022-07-26 20:03:24.733007+00
982	PR	28143	(18.41,-65.99)	2022-07-26 20:03:24.733007+00	2022-07-26 20:03:24.733007+00
983	PR	30010	(18.4,-65.98)	2022-07-26 20:03:24.733007+00	2022-07-26 20:03:24.733007+00
984	PR	0	(18.4,-65.98)	2022-07-26 20:03:24.733007+00	2022-07-26 20:03:24.733007+00
985	PR	31349	(18.41,-65.95)	2022-07-26 20:03:24.733007+00	2022-07-26 20:03:24.733007+00
986	PR	0	(18.4,-65.98)	2022-07-26 20:03:24.733007+00	2022-07-26 20:03:24.733007+00
987	PR	37438	(18.34,-65.94)	2022-07-26 20:03:24.733007+00	2022-07-26 20:03:24.733007+00
988	PR	0	(18.4,-65.98)	2022-07-26 20:03:24.733007+00	2022-07-26 20:03:24.733007+00
96799	AS	0	(-14.27,-170.7)	2022-07-26 20:03:24.733007+00	2022-07-26 20:03:24.733007+00
96910	GU	0	(13.47,144.74)	2022-07-26 20:03:24.733007+00	2022-07-26 20:03:24.733007+00
96912	GU	0	(13.51,144.83)	2022-07-26 20:03:24.733007+00	2022-07-26 20:03:24.733007+00
96913	GU	0	(13.46,144.79)	2022-07-26 20:03:24.733007+00	2022-07-26 20:03:24.733007+00
96915	GU	0	(13.38,144.66)	2022-07-26 20:03:24.733007+00	2022-07-26 20:03:24.733007+00
96916	GU	0	(13.26,144.66)	2022-07-26 20:03:24.733007+00	2022-07-26 20:03:24.733007+00
96917	GU	0	(13.27,144.74)	2022-07-26 20:03:24.733007+00	2022-07-26 20:03:24.733007+00
96919	GU	0	(13.46,144.74)	2022-07-26 20:03:24.733007+00	2022-07-26 20:03:24.733007+00
96921	GU	0	(13.46,144.79)	2022-07-26 20:03:24.733007+00	2022-07-26 20:03:24.733007+00
96923	GU	0	(13.43,144.79)	2022-07-26 20:03:24.733007+00	2022-07-26 20:03:24.733007+00
96928	GU	0	(13.38,144.65)	2022-07-26 20:03:24.733007+00	2022-07-26 20:03:24.733007+00
96929	GU	0	(13.53,144.88)	2022-07-26 20:03:24.733007+00	2022-07-26 20:03:24.733007+00
96931	GU	0	(13.48,144.77)	2022-07-26 20:03:24.733007+00	2022-07-26 20:03:24.733007+00
96932	GU	0	(13.47,144.74)	2022-07-26 20:03:24.733007+00	2022-07-26 20:03:24.733007+00
96939	PW	0	(7.51,134.58)	2022-07-26 20:03:24.733007+00	2022-07-26 20:03:24.733007+00
96940	PW	0	(7.5,134.5)	2022-07-26 20:03:24.733007+00	2022-07-26 20:03:24.733007+00
96941	FM	0	(6.85,158.26)	2022-07-26 20:03:24.733007+00	2022-07-26 20:03:24.733007+00
96942	FM	0	(7.33,151.8)	2022-07-26 20:03:24.733007+00	2022-07-26 20:03:24.733007+00
96943	FM	0	(9.5,138.14)	2022-07-26 20:03:24.733007+00	2022-07-26 20:03:24.733007+00
96944	FM	0	(5.29,162.97)	2022-07-26 20:03:24.733007+00	2022-07-26 20:03:24.733007+00
96950	MP	0	(15.17,145.75)	2022-07-26 20:03:24.733007+00	2022-07-26 20:03:24.733007+00
96951	MP	0	(14.15,145.21)	2022-07-26 20:03:24.733007+00	2022-07-26 20:03:24.733007+00
96952	MP	0	(15,145.63)	2022-07-26 20:03:24.733007+00	2022-07-26 20:03:24.733007+00
96960	MH	0	(7.11,171.18)	2022-07-26 20:03:24.733007+00	2022-07-26 20:03:24.733007+00
96970	MH	0	(8.78,167.73)	2022-07-26 20:03:24.733007+00	2022-07-26 20:03:24.733007+00
\.


--
-- Data for Name: schools; Type: TABLE DATA; Schema: upchieve; Owner: admin
--

COPY upchieve.schools (id, name, approved, partner, city_id, created_at, updated_at, mongo_id, legacy_city_name) FROM stdin;
01823c1b-6d40-3a29-a5aa-d0b89489b15f	Unapproved School	f	f	1	2022-07-26 20:03:26.65643+00	2022-07-26 20:03:26.65643+00	\N	\N
01823c1b-6d40-632a-f850-41be322ed2c0	Approved School	t	f	1	2022-07-26 20:03:26.65804+00	2022-07-26 20:03:26.65804+00	\N	\N
01823c1b-6d40-f073-b95d-d6c18c16436e	Approved Partner School	t	t	2	2022-07-26 20:03:26.658946+00	2022-07-26 20:03:26.658946+00	\N	\N
01823c1b-6d40-0b51-09aa-04831f8f296a	Another Approved Partner School	t	t	2	2022-07-26 20:03:26.659765+00	2022-07-26 20:03:26.659765+00	\N	\N
\.


--
-- Data for Name: ineligible_students; Type: TABLE DATA; Schema: upchieve; Owner: admin
--

COPY upchieve.ineligible_students (id, email, postal_code, ip_address_id, school_id, grade_level_id, created_at, updated_at, mongo_id, referred_by) FROM stdin;
\.


--
-- Data for Name: legacy_availability_histories; Type: TABLE DATA; Schema: upchieve; Owner: admin
--

COPY upchieve.legacy_availability_histories (id, mongo_id, user_id, timezone, recorded_at, legacy_availability, created_at, updated_at) FROM stdin;
\.


--
-- Data for Name: notification_methods; Type: TABLE DATA; Schema: upchieve; Owner: admin
--

COPY upchieve.notification_methods (id, method, created_at, updated_at) FROM stdin;
1	sms	2022-07-26 20:03:24.657178+00	2022-07-26 20:03:24.657178+00
2	push	2022-07-26 20:03:24.658296+00	2022-07-26 20:03:24.658296+00
3	voice	2022-07-26 20:03:24.659112+00	2022-07-26 20:03:24.659112+00
4	email	2022-07-26 20:03:24.659839+00	2022-07-26 20:03:24.659839+00
\.


--
-- Data for Name: notification_priority_groups; Type: TABLE DATA; Schema: upchieve; Owner: admin
--

COPY upchieve.notification_priority_groups (id, name, priority, created_at, updated_at) FROM stdin;
1	follow-up	-1	2022-07-26 20:03:24.660697+00	2022-07-26 20:03:24.660697+00
11	LEGACY: Regular volunteers - not notified in the last 7 days	-1	2022-07-26 20:03:24.668026+00	2022-07-26 20:03:24.668026+00
12	LEGACY: Partner volunteers - not notified in the last 7 days	-1	2022-07-26 20:03:24.66873+00	2022-07-26 20:03:24.66873+00
13	LEGACY: Partner volunteers - not notified in the last 3 days	-1	2022-07-26 20:03:24.669442+00	2022-07-26 20:03:24.669442+00
14	LEGACY: All volunteers - not notified in the last 15 mins who don't have "high level subjects"	-1	2022-07-26 20:03:24.670102+00	2022-07-26 20:03:24.670102+00
15	LEGACY: Mizuho and Atlassian volunteers - Not notified in last 3 days	-1	2022-07-26 20:03:24.670769+00	2022-07-26 20:03:24.670769+00
16	LEGACY: null	-1	2022-07-26 20:03:24.671339+00	2022-07-26 20:03:24.671339+00
2	Partner volunteers - not notified in the last 3 days AND they don't have "high level subjects"	20	2022-07-26 20:03:24.661641+00	2022-07-26 20:03:24.722504+00
3	Regular volunteers - not notified in the last 3 days AND they don't have "high level subjects"	30	2022-07-26 20:03:24.662401+00	2022-07-26 20:03:24.722504+00
4	Partner volunteers - not notified in the last 24 hours AND they don't have "high level subjects"	40	2022-07-26 20:03:24.663191+00	2022-07-26 20:03:24.722504+00
5	Regular volunteers - not notified in the last 24 hours AND they don't have "high level subjects"	50	2022-07-26 20:03:24.663926+00	2022-07-26 20:03:24.722504+00
6	All volunteers - not notified in the last 24 hours	60	2022-07-26 20:03:24.664628+00	2022-07-26 20:03:24.722504+00
7	All volunteers - not notified in the last 60 mins	70	2022-07-26 20:03:24.665256+00	2022-07-26 20:03:24.722504+00
8	All volunteers - not notified in the last 15 mins	80	2022-07-26 20:03:24.665913+00	2022-07-26 20:03:24.722504+00
9	Verizon volunteers - not notified in the last 24 hours AND they don't have "high level subjects"	90	2022-07-26 20:03:24.666664+00	2022-07-26 20:03:24.722504+00
10	Verizon volunteers - not notified in the last 3 days AND they don't have "high level subjects"	100	2022-07-26 20:03:24.667354+00	2022-07-26 20:03:24.722504+00
17	Favorite volunteers - not notified in the last 15 mins	10	2022-07-26 20:03:24.722504+00	2022-07-26 20:03:24.722504+00
18	Associated partner volunteers - not notified in the last 24 hours AND they don't have "high level subjects"	85	2022-07-26 20:03:24.749309+00	2022-07-26 20:03:24.749309+00
19	Associated partner volunteers - not notified in the last 3 days AND they don't have "high level subjects"	95	2022-07-26 20:03:24.749309+00	2022-07-26 20:03:24.749309+00
\.


--
-- Data for Name: notification_types; Type: TABLE DATA; Schema: upchieve; Owner: admin
--

COPY upchieve.notification_types (id, type, created_at, updated_at) FROM stdin;
1	initial	2022-07-26 20:03:24.655518+00	2022-07-26 20:03:24.655518+00
2	followup	2022-07-26 20:03:24.656426+00	2022-07-26 20:03:24.656426+00
\.


--
-- Data for Name: notifications; Type: TABLE DATA; Schema: upchieve; Owner: admin
--

COPY upchieve.notifications (id, user_id, sent_at, type_id, method_id, priority_group_id, successful, session_id, message_carrier_id, created_at, updated_at, mongo_id) FROM stdin;
\.


--
-- Data for Name: photo_id_statuses; Type: TABLE DATA; Schema: upchieve; Owner: admin
--

COPY upchieve.photo_id_statuses (id, name, created_at, updated_at) FROM stdin;
1	approved	2022-07-26 20:03:24.256007+00	2022-07-26 20:03:24.256007+00
2	submitted	2022-07-26 20:03:24.256831+00	2022-07-26 20:03:24.256831+00
3	rejected	2022-07-26 20:03:24.257511+00	2022-07-26 20:03:24.257511+00
4	empty	2022-07-26 20:03:24.258266+00	2022-07-26 20:03:24.258266+00
\.


--
-- Data for Name: pre_session_surveys; Type: TABLE DATA; Schema: upchieve; Owner: admin
--

COPY upchieve.pre_session_surveys (id, response_data, session_id, user_id, created_at, updated_at, mongo_id) FROM stdin;
\.


--
-- Data for Name: push_tokens; Type: TABLE DATA; Schema: upchieve; Owner: admin
--

COPY upchieve.push_tokens (id, user_id, token, created_at, updated_at) FROM stdin;
\.


--
-- Data for Name: question_tags; Type: TABLE DATA; Schema: upchieve; Owner: admin
--

COPY upchieve.question_tags (id, name, created_at, updated_at) FROM stdin;
\.


--
-- Data for Name: question_types; Type: TABLE DATA; Schema: upchieve; Owner: admin
--

COPY upchieve.question_types (id, name, created_at, updated_at) FROM stdin;
1	multiple choice	2022-07-26 20:03:24.753655+00	2022-07-26 20:03:24.753655+00
2	check box	2022-07-26 20:03:24.753655+00	2022-07-26 20:03:24.753655+00
3	free response	2022-07-26 20:03:24.753655+00	2022-07-26 20:03:24.753655+00
\.


--
-- Data for Name: quizzes; Type: TABLE DATA; Schema: upchieve; Owner: admin
--

COPY upchieve.quizzes (id, name, created_at, updated_at) FROM stdin;
1	prealgebra	2022-07-26 20:03:24.289968+00	2022-07-26 20:03:24.289968+00
2	statistics	2022-07-26 20:03:24.290909+00	2022-07-26 20:03:24.290909+00
3	geometry	2022-07-26 20:03:24.291555+00	2022-07-26 20:03:24.291555+00
4	biology	2022-07-26 20:03:24.292293+00	2022-07-26 20:03:24.292293+00
5	chemistry	2022-07-26 20:03:24.293016+00	2022-07-26 20:03:24.293016+00
6	physicsOne	2022-07-26 20:03:24.293738+00	2022-07-26 20:03:24.293738+00
7	physicsTwo	2022-07-26 20:03:24.294591+00	2022-07-26 20:03:24.294591+00
8	environmentalScience	2022-07-26 20:03:24.295341+00	2022-07-26 20:03:24.295341+00
9	essays	2022-07-26 20:03:24.29614+00	2022-07-26 20:03:24.29614+00
10	applications	2022-07-26 20:03:24.296898+00	2022-07-26 20:03:24.296898+00
11	planning	2022-07-26 20:03:24.29766+00	2022-07-26 20:03:24.29766+00
12	satMath	2022-07-26 20:03:24.298456+00	2022-07-26 20:03:24.298456+00
13	satReading	2022-07-26 20:03:24.299415+00	2022-07-26 20:03:24.299415+00
14	collegeCounseling	2022-07-26 20:03:24.300412+00	2022-07-26 20:03:24.300412+00
15	humanitiesEssays	2022-07-26 20:03:24.301487+00	2022-07-26 20:03:24.301487+00
16	algebraOne	2022-07-26 20:03:24.302443+00	2022-07-26 20:03:24.302443+00
17	algebraTwo	2022-07-26 20:03:24.303516+00	2022-07-26 20:03:24.303516+00
18	trigonometry	2022-07-26 20:03:24.305758+00	2022-07-26 20:03:24.305758+00
19	precalculus	2022-07-26 20:03:24.306714+00	2022-07-26 20:03:24.306714+00
20	calculusAB	2022-07-26 20:03:24.307531+00	2022-07-26 20:03:24.307531+00
21	calculusBC	2022-07-26 20:03:24.308302+00	2022-07-26 20:03:24.308302+00
22	upchieve101	2022-07-26 20:03:24.309027+00	2022-07-26 20:03:24.309027+00
23	reading	2022-07-26 20:03:24.309709+00	2022-07-26 20:03:24.309709+00
24	anatomy	2022-07-26 20:03:24.310424+00	2022-07-26 20:03:24.310424+00
25	usHistory	2022-07-26 20:03:24.770163+00	2022-07-26 20:03:24.770163+00
\.


--
-- Data for Name: quiz_certification_grants; Type: TABLE DATA; Schema: upchieve; Owner: admin
--

COPY upchieve.quiz_certification_grants (quiz_id, certification_id, created_at, updated_at) FROM stdin;
1	1	2022-07-26 20:03:24.586163+00	2022-07-26 20:03:24.586163+00
2	2	2022-07-26 20:03:24.587176+00	2022-07-26 20:03:24.587176+00
3	3	2022-07-26 20:03:24.588027+00	2022-07-26 20:03:24.588027+00
4	4	2022-07-26 20:03:24.588785+00	2022-07-26 20:03:24.588785+00
5	5	2022-07-26 20:03:24.589605+00	2022-07-26 20:03:24.589605+00
6	6	2022-07-26 20:03:24.590375+00	2022-07-26 20:03:24.590375+00
7	7	2022-07-26 20:03:24.591108+00	2022-07-26 20:03:24.591108+00
8	8	2022-07-26 20:03:24.591903+00	2022-07-26 20:03:24.591903+00
9	9	2022-07-26 20:03:24.592762+00	2022-07-26 20:03:24.592762+00
10	10	2022-07-26 20:03:24.593553+00	2022-07-26 20:03:24.593553+00
11	11	2022-07-26 20:03:24.594343+00	2022-07-26 20:03:24.594343+00
12	12	2022-07-26 20:03:24.595277+00	2022-07-26 20:03:24.595277+00
13	13	2022-07-26 20:03:24.59608+00	2022-07-26 20:03:24.59608+00
14	11	2022-07-26 20:03:24.596836+00	2022-07-26 20:03:24.596836+00
14	10	2022-07-26 20:03:24.597534+00	2022-07-26 20:03:24.597534+00
15	15	2022-07-26 20:03:24.598257+00	2022-07-26 20:03:24.598257+00
17	16	2022-07-26 20:03:24.598965+00	2022-07-26 20:03:24.598965+00
17	17	2022-07-26 20:03:24.599729+00	2022-07-26 20:03:24.599729+00
17	1	2022-07-26 20:03:24.600495+00	2022-07-26 20:03:24.600495+00
16	16	2022-07-26 20:03:24.601182+00	2022-07-26 20:03:24.601182+00
16	1	2022-07-26 20:03:24.601827+00	2022-07-26 20:03:24.601827+00
18	18	2022-07-26 20:03:24.602802+00	2022-07-26 20:03:24.602802+00
19	16	2022-07-26 20:03:24.603952+00	2022-07-26 20:03:24.603952+00
19	17	2022-07-26 20:03:24.605013+00	2022-07-26 20:03:24.605013+00
19	1	2022-07-26 20:03:24.606091+00	2022-07-26 20:03:24.606091+00
19	18	2022-07-26 20:03:24.60719+00	2022-07-26 20:03:24.60719+00
19	19	2022-07-26 20:03:24.608258+00	2022-07-26 20:03:24.608258+00
20	16	2022-07-26 20:03:24.609061+00	2022-07-26 20:03:24.609061+00
20	17	2022-07-26 20:03:24.609815+00	2022-07-26 20:03:24.609815+00
20	1	2022-07-26 20:03:24.610588+00	2022-07-26 20:03:24.610588+00
20	18	2022-07-26 20:03:24.611278+00	2022-07-26 20:03:24.611278+00
20	19	2022-07-26 20:03:24.612076+00	2022-07-26 20:03:24.612076+00
20	20	2022-07-26 20:03:24.612787+00	2022-07-26 20:03:24.612787+00
21	16	2022-07-26 20:03:24.613494+00	2022-07-26 20:03:24.613494+00
21	17	2022-07-26 20:03:24.61421+00	2022-07-26 20:03:24.61421+00
21	1	2022-07-26 20:03:24.615047+00	2022-07-26 20:03:24.615047+00
21	18	2022-07-26 20:03:24.616239+00	2022-07-26 20:03:24.616239+00
21	19	2022-07-26 20:03:24.61707+00	2022-07-26 20:03:24.61707+00
21	20	2022-07-26 20:03:24.618016+00	2022-07-26 20:03:24.618016+00
21	21	2022-07-26 20:03:24.6189+00	2022-07-26 20:03:24.6189+00
23	22	2022-07-26 20:03:24.727504+00	2022-07-26 20:03:24.727504+00
25	23	2022-07-26 20:03:24.770163+00	2022-07-26 20:03:24.770163+00
\.


--
-- Data for Name: quiz_subcategories; Type: TABLE DATA; Schema: upchieve; Owner: admin
--

COPY upchieve.quiz_subcategories (id, name, quiz_id, created_at, updated_at) FROM stdin;
1	numbers	1	2022-07-26 20:03:24.312206+00	2022-07-26 20:03:24.312206+00
2	arithmetic properties	1	2022-07-26 20:03:24.313309+00	2022-07-26 20:03:24.313309+00
3	exponents	1	2022-07-26 20:03:24.314085+00	2022-07-26 20:03:24.314085+00
4	exponents and radicals	1	2022-07-26 20:03:24.314798+00	2022-07-26 20:03:24.314798+00
5	polynomials	1	2022-07-26 20:03:24.315569+00	2022-07-26 20:03:24.315569+00
6	fractions	1	2022-07-26 20:03:24.316356+00	2022-07-26 20:03:24.316356+00
7	linear equations	16	2022-07-26 20:03:24.317063+00	2022-07-26 20:03:24.317063+00
8	rational exponents and radicals	16	2022-07-26 20:03:24.317733+00	2022-07-26 20:03:24.317733+00
9	application of linear equations	16	2022-07-26 20:03:24.318426+00	2022-07-26 20:03:24.318426+00
10	two variable equations	16	2022-07-26 20:03:24.319092+00	2022-07-26 20:03:24.319092+00
11	rational expressions	16	2022-07-26 20:03:24.319857+00	2022-07-26 20:03:24.319857+00
12	complex numbers	16	2022-07-26 20:03:24.320549+00	2022-07-26 20:03:24.320549+00
13	functions_domain_range	17	2022-07-26 20:03:24.321194+00	2022-07-26 20:03:24.321194+00
14	higher_degree_polynomials	17	2022-07-26 20:03:24.321845+00	2022-07-26 20:03:24.321845+00
15	square_root_equations	17	2022-07-26 20:03:24.322458+00	2022-07-26 20:03:24.322458+00
16	roots_of_polynomials	17	2022-07-26 20:03:24.323387+00	2022-07-26 20:03:24.323387+00
17	multiply_polynomials_binomial	17	2022-07-26 20:03:24.324212+00	2022-07-26 20:03:24.324212+00
18	rational_radical_absolute	17	2022-07-26 20:03:24.324913+00	2022-07-26 20:03:24.324913+00
19	logarithms_properties	17	2022-07-26 20:03:24.325611+00	2022-07-26 20:03:24.325611+00
20	rational_expressions	17	2022-07-26 20:03:24.326345+00	2022-07-26 20:03:24.326345+00
21	systems_of_linear_equations	17	2022-07-26 20:03:24.327056+00	2022-07-26 20:03:24.327056+00
22	arithmetic_and_geometric_sequences	17	2022-07-26 20:03:24.327778+00	2022-07-26 20:03:24.327778+00
23	functions_domain	17	2022-07-26 20:03:24.328578+00	2022-07-26 20:03:24.328578+00
24	solving_linear_equations	17	2022-07-26 20:03:24.329344+00	2022-07-26 20:03:24.329344+00
25	function_transformations_shifts	17	2022-07-26 20:03:24.330082+00	2022-07-26 20:03:24.330082+00
26	graphing_quadratic_functions	17	2022-07-26 20:03:24.330819+00	2022-07-26 20:03:24.330819+00
27	exponential_functions_growth	17	2022-07-26 20:03:24.331751+00	2022-07-26 20:03:24.331751+00
28	rounding_and_scientific_notation	17	2022-07-26 20:03:24.332516+00	2022-07-26 20:03:24.332516+00
29	square root_equations_quadratic	17	2022-07-26 20:03:24.333297+00	2022-07-26 20:03:24.333297+00
30	advanced_factoring_techniques	17	2022-07-26 20:03:24.333997+00	2022-07-26 20:03:24.333997+00
31	congruence and similarity	3	2022-07-26 20:03:24.334729+00	2022-07-26 20:03:24.334729+00
32	vertices	3	2022-07-26 20:03:24.335449+00	2022-07-26 20:03:24.335449+00
33	angles	3	2022-07-26 20:03:24.336125+00	2022-07-26 20:03:24.336125+00
34	circles	3	2022-07-26 20:03:24.33685+00	2022-07-26 20:03:24.33685+00
35	triangles	3	2022-07-26 20:03:24.337605+00	2022-07-26 20:03:24.337605+00
36	rectangles	3	2022-07-26 20:03:24.338516+00	2022-07-26 20:03:24.338516+00
37	angles	18	2022-07-26 20:03:24.339334+00	2022-07-26 20:03:24.339334+00
38	triangles	18	2022-07-26 20:03:24.340185+00	2022-07-26 20:03:24.340185+00
39	right triangles	18	2022-07-26 20:03:24.341069+00	2022-07-26 20:03:24.341069+00
40	quadrants	18	2022-07-26 20:03:24.34196+00	2022-07-26 20:03:24.34196+00
41	radians	18	2022-07-26 20:03:24.342826+00	2022-07-26 20:03:24.342826+00
42	unit circles	18	2022-07-26 20:03:24.343602+00	2022-07-26 20:03:24.343602+00
43	inequalities	18	2022-07-26 20:03:24.344338+00	2022-07-26 20:03:24.344338+00
44	representing data numerically	2	2022-07-26 20:03:24.345061+00	2022-07-26 20:03:24.345061+00
45	representing data graphically	2	2022-07-26 20:03:24.345748+00	2022-07-26 20:03:24.345748+00
46	two means	2	2022-07-26 20:03:24.346754+00	2022-07-26 20:03:24.346754+00
47	two proportions	2	2022-07-26 20:03:24.347493+00	2022-07-26 20:03:24.347493+00
48	levels of measurement	2	2022-07-26 20:03:24.348307+00	2022-07-26 20:03:24.348307+00
49	types of sampling	2	2022-07-26 20:03:24.349182+00	2022-07-26 20:03:24.349182+00
50	finding probability	2	2022-07-26 20:03:24.350057+00	2022-07-26 20:03:24.350057+00
51	finding x from z score	2	2022-07-26 20:03:24.350856+00	2022-07-26 20:03:24.350856+00
52	z score	2	2022-07-26 20:03:24.351696+00	2022-07-26 20:03:24.351696+00
53	basic set operations	2	2022-07-26 20:03:24.352526+00	2022-07-26 20:03:24.352526+00
54	compound events	2	2022-07-26 20:03:24.353283+00	2022-07-26 20:03:24.353283+00
55	conditional probability	2	2022-07-26 20:03:24.356936+00	2022-07-26 20:03:24.356936+00
56	independent probability	2	2022-07-26 20:03:24.357762+00	2022-07-26 20:03:24.357762+00
57	permutations and combinations	2	2022-07-26 20:03:24.35851+00	2022-07-26 20:03:24.35851+00
58	random variables distributions	2	2022-07-26 20:03:24.359357+00	2022-07-26 20:03:24.359357+00
59	relationships between variables	2	2022-07-26 20:03:24.360105+00	2022-07-26 20:03:24.360105+00
60	confidence intervals	2	2022-07-26 20:03:24.360805+00	2022-07-26 20:03:24.360805+00
61	interpreting pvalue	2	2022-07-26 20:03:24.361586+00	2022-07-26 20:03:24.361586+00
62	finding the test statistic	2	2022-07-26 20:03:24.362339+00	2022-07-26 20:03:24.362339+00
63	rectangular coordinates	19	2022-07-26 20:03:24.363064+00	2022-07-26 20:03:24.363064+00
64	linear inequalities	19	2022-07-26 20:03:24.363798+00	2022-07-26 20:03:24.363798+00
65	functions	19	2022-07-26 20:03:24.36464+00	2022-07-26 20:03:24.36464+00
66	rational exponents	19	2022-07-26 20:03:24.365497+00	2022-07-26 20:03:24.365497+00
67	quadratic functions	19	2022-07-26 20:03:24.36633+00	2022-07-26 20:03:24.36633+00
68	logarithms and exponents	19	2022-07-26 20:03:24.367224+00	2022-07-26 20:03:24.367224+00
69	absolute extrema	20	2022-07-26 20:03:24.368064+00	2022-07-26 20:03:24.368064+00
70	antiderivatives	20	2022-07-26 20:03:24.368943+00	2022-07-26 20:03:24.368943+00
71	area between curves	20	2022-07-26 20:03:24.369857+00	2022-07-26 20:03:24.369857+00
72	chain rule	20	2022-07-26 20:03:24.370719+00	2022-07-26 20:03:24.370719+00
73	concavity	20	2022-07-26 20:03:24.371532+00	2022-07-26 20:03:24.371532+00
74	continuity	20	2022-07-26 20:03:24.372405+00	2022-07-26 20:03:24.372405+00
75	derivatives	20	2022-07-26 20:03:24.373236+00	2022-07-26 20:03:24.373236+00
76	differential equations	20	2022-07-26 20:03:24.374011+00	2022-07-26 20:03:24.374011+00
77	fundamental theorem	20	2022-07-26 20:03:24.374717+00	2022-07-26 20:03:24.374717+00
78	lhopitals rule	20	2022-07-26 20:03:24.375488+00	2022-07-26 20:03:24.375488+00
79	implicit differentiation	20	2022-07-26 20:03:24.376349+00	2022-07-26 20:03:24.376349+00
80	mean value theorem	20	2022-07-26 20:03:24.377134+00	2022-07-26 20:03:24.377134+00
81	optimization	20	2022-07-26 20:03:24.377927+00	2022-07-26 20:03:24.377927+00
82	reimann sums	20	2022-07-26 20:03:24.378701+00	2022-07-26 20:03:24.378701+00
83	related rates	20	2022-07-26 20:03:24.379507+00	2022-07-26 20:03:24.379507+00
84	relative extrema	20	2022-07-26 20:03:24.380356+00	2022-07-26 20:03:24.380356+00
85	absolute extrema	21	2022-07-26 20:03:24.381153+00	2022-07-26 20:03:24.381153+00
86	antiderivatives	21	2022-07-26 20:03:24.381952+00	2022-07-26 20:03:24.381952+00
87	area between curves	21	2022-07-26 20:03:24.382783+00	2022-07-26 20:03:24.382783+00
88	chain rule	21	2022-07-26 20:03:24.383509+00	2022-07-26 20:03:24.383509+00
89	derivatives	21	2022-07-26 20:03:24.384234+00	2022-07-26 20:03:24.384234+00
90	differential equations	21	2022-07-26 20:03:24.385009+00	2022-07-26 20:03:24.385009+00
91	fundamental theorem of calculus	21	2022-07-26 20:03:24.385739+00	2022-07-26 20:03:24.385739+00
92	implicit differentiation	21	2022-07-26 20:03:24.386508+00	2022-07-26 20:03:24.386508+00
93	infinite sequences	21	2022-07-26 20:03:24.387196+00	2022-07-26 20:03:24.387196+00
94	limits	21	2022-07-26 20:03:24.388106+00	2022-07-26 20:03:24.388106+00
95	integration by parts	21	2022-07-26 20:03:24.388938+00	2022-07-26 20:03:24.388938+00
96	mean value theorem	21	2022-07-26 20:03:24.389803+00	2022-07-26 20:03:24.389803+00
97	optimization	21	2022-07-26 20:03:24.390704+00	2022-07-26 20:03:24.390704+00
98	parametric	21	2022-07-26 20:03:24.391533+00	2022-07-26 20:03:24.391533+00
99	reimann sums	21	2022-07-26 20:03:24.392369+00	2022-07-26 20:03:24.392369+00
100	relative extrema	21	2022-07-26 20:03:24.393222+00	2022-07-26 20:03:24.393222+00
101	taylor polynomials	21	2022-07-26 20:03:24.394078+00	2022-07-26 20:03:24.394078+00
102	basic	9	2022-07-26 20:03:24.394938+00	2022-07-26 20:03:24.394938+00
103	commonapp	9	2022-07-26 20:03:24.395772+00	2022-07-26 20:03:24.395772+00
104	answer	9	2022-07-26 20:03:24.39654+00	2022-07-26 20:03:24.39654+00
105	dhistory	9	2022-07-26 20:03:24.397376+00	2022-07-26 20:03:24.397376+00
106	optional	9	2022-07-26 20:03:24.398087+00	2022-07-26 20:03:24.398087+00
107	supplemental	9	2022-07-26 20:03:24.398817+00	2022-07-26 20:03:24.398817+00
108	exam	11	2022-07-26 20:03:24.399534+00	2022-07-26 20:03:24.399534+00
109	type	11	2022-07-26 20:03:24.400278+00	2022-07-26 20:03:24.400278+00
110	LOR	11	2022-07-26 20:03:24.401013+00	2022-07-26 20:03:24.401013+00
111	basic	11	2022-07-26 20:03:24.401809+00	2022-07-26 20:03:24.401809+00
112	timeline	10	2022-07-26 20:03:24.402584+00	2022-07-26 20:03:24.402584+00
113	resume	10	2022-07-26 20:03:24.40451+00	2022-07-26 20:03:24.40451+00
114	schools	10	2022-07-26 20:03:24.405709+00	2022-07-26 20:03:24.405709+00
115	fees	10	2022-07-26 20:03:24.406806+00	2022-07-26 20:03:24.406806+00
116	FinAid	10	2022-07-26 20:03:24.407931+00	2022-07-26 20:03:24.407931+00
117	LOR	10	2022-07-26 20:03:24.408709+00	2022-07-26 20:03:24.408709+00
118	basic	10	2022-07-26 20:03:24.409369+00	2022-07-26 20:03:24.409369+00
119	biochemistry	4	2022-07-26 20:03:24.410051+00	2022-07-26 20:03:24.410051+00
120	the cell	4	2022-07-26 20:03:24.411042+00	2022-07-26 20:03:24.411042+00
121	cell division	4	2022-07-26 20:03:24.411766+00	2022-07-26 20:03:24.411766+00
122	cellular respiration	4	2022-07-26 20:03:24.412436+00	2022-07-26 20:03:24.412436+00
123	photosynthesis and plants	4	2022-07-26 20:03:24.413115+00	2022-07-26 20:03:24.413115+00
124	classical genetics	4	2022-07-26 20:03:24.413899+00	2022-07-26 20:03:24.413899+00
125	molecular genetics	4	2022-07-26 20:03:24.414649+00	2022-07-26 20:03:24.414649+00
126	animal behavior and physiology	4	2022-07-26 20:03:24.415353+00	2022-07-26 20:03:24.415353+00
127	ecology	4	2022-07-26 20:03:24.416022+00	2022-07-26 20:03:24.416022+00
128	human physiology and anatomy	4	2022-07-26 20:03:24.416601+00	2022-07-26 20:03:24.416601+00
129	evolution and taxonomy	4	2022-07-26 20:03:24.417195+00	2022-07-26 20:03:24.417195+00
130	chemical reactions	5	2022-07-26 20:03:24.418133+00	2022-07-26 20:03:24.418133+00
131	atoms, compounds, and ions	5	2022-07-26 20:03:24.418941+00	2022-07-26 20:03:24.418941+00
132	stoichiometry	5	2022-07-26 20:03:24.419637+00	2022-07-26 20:03:24.419637+00
133	electron structure of atoms	5	2022-07-26 20:03:24.420303+00	2022-07-26 20:03:24.420303+00
134	periodic table	5	2022-07-26 20:03:24.420944+00	2022-07-26 20:03:24.420944+00
135	chemical bonds	5	2022-07-26 20:03:24.421666+00	2022-07-26 20:03:24.421666+00
136	gases	5	2022-07-26 20:03:24.422486+00	2022-07-26 20:03:24.422486+00
137	states of matter and intermolecular forces	5	2022-07-26 20:03:24.423246+00	2022-07-26 20:03:24.423246+00
138	chemical equilibrium	5	2022-07-26 20:03:24.424017+00	2022-07-26 20:03:24.424017+00
139	acids and bases	5	2022-07-26 20:03:24.424807+00	2022-07-26 20:03:24.424807+00
140	buffers, titrations, and solubility equilibria	5	2022-07-26 20:03:24.425647+00	2022-07-26 20:03:24.425647+00
141	thermodynamics	5	2022-07-26 20:03:24.426427+00	2022-07-26 20:03:24.426427+00
142	redox reactions and electrochemistry	5	2022-07-26 20:03:24.427226+00	2022-07-26 20:03:24.427226+00
143	kinetics	5	2022-07-26 20:03:24.428071+00	2022-07-26 20:03:24.428071+00
144	nuclear chemistry	5	2022-07-26 20:03:24.428972+00	2022-07-26 20:03:24.428972+00
145	kinematics	5	2022-07-26 20:03:24.429802+00	2022-07-26 20:03:24.429802+00
146	kinematics	6	2022-07-26 20:03:24.430655+00	2022-07-26 20:03:24.430655+00
147	newton's laws	6	2022-07-26 20:03:24.431401+00	2022-07-26 20:03:24.431401+00
148	rotational mechanics	6	2022-07-26 20:03:24.432144+00	2022-07-26 20:03:24.432144+00
149	work and energy	6	2022-07-26 20:03:24.432953+00	2022-07-26 20:03:24.432953+00
150	momentum and collisions	6	2022-07-26 20:03:24.433755+00	2022-07-26 20:03:24.433755+00
151	thermodynamics	6	2022-07-26 20:03:24.434792+00	2022-07-26 20:03:24.434792+00
152	electrostatics	6	2022-07-26 20:03:24.435632+00	2022-07-26 20:03:24.435632+00
153	magnetism	6	2022-07-26 20:03:24.443226+00	2022-07-26 20:03:24.443226+00
154	waves and sound	6	2022-07-26 20:03:24.444267+00	2022-07-26 20:03:24.444267+00
155	refraction and reflection	6	2022-07-26 20:03:24.445128+00	2022-07-26 20:03:24.445128+00
156	gravity/gen relativity	6	2022-07-26 20:03:24.446318+00	2022-07-26 20:03:24.446318+00
157	Fluids - density and pressure	7	2022-07-26 20:03:24.447209+00	2022-07-26 20:03:24.447209+00
158	Fluids - dynamics	7	2022-07-26 20:03:24.448026+00	2022-07-26 20:03:24.448026+00
159	THD - Ideal Gases	7	2022-07-26 20:03:24.448883+00	2022-07-26 20:03:24.448883+00
160	thermodynamics	7	2022-07-26 20:03:24.449729+00	2022-07-26 20:03:24.449729+00
161	Electric Field	7	2022-07-26 20:03:24.450517+00	2022-07-26 20:03:24.450517+00
162	Electric Potential	7	2022-07-26 20:03:24.451281+00	2022-07-26 20:03:24.451281+00
163	Magnetic Fields	7	2022-07-26 20:03:24.452109+00	2022-07-26 20:03:24.452109+00
164	Magnetic Induction	7	2022-07-26 20:03:24.453016+00	2022-07-26 20:03:24.453016+00
165	Electromagnetic Waves	7	2022-07-26 20:03:24.453838+00	2022-07-26 20:03:24.453838+00
166	Optics - refraction and reflection	7	2022-07-26 20:03:24.454608+00	2022-07-26 20:03:24.454608+00
167	Quantum & Atomic Physics	7	2022-07-26 20:03:24.455368+00	2022-07-26 20:03:24.455368+00
168	dynamics 2	7	2022-07-26 20:03:24.45612+00	2022-07-26 20:03:24.45612+00
169	Electric Circuits	7	2022-07-26 20:03:24.456918+00	2022-07-26 20:03:24.456918+00
170	earth systems and resources	8	2022-07-26 20:03:24.457724+00	2022-07-26 20:03:24.457724+00
171	ecology	8	2022-07-26 20:03:24.45851+00	2022-07-26 20:03:24.45851+00
172	energy resources and consumption	8	2022-07-26 20:03:24.459268+00	2022-07-26 20:03:24.459268+00
173	global change	8	2022-07-26 20:03:24.46007+00	2022-07-26 20:03:24.46007+00
174	impact of human health and environment	8	2022-07-26 20:03:24.460923+00	2022-07-26 20:03:24.460923+00
175	interdependence of organisms	8	2022-07-26 20:03:24.462136+00	2022-07-26 20:03:24.462136+00
176	land and water resources and use	8	2022-07-26 20:03:24.463036+00	2022-07-26 20:03:24.463036+00
177	introduction to environmental science	8	2022-07-26 20:03:24.463893+00	2022-07-26 20:03:24.463893+00
178	natural biogeochemical cycles	8	2022-07-26 20:03:24.464758+00	2022-07-26 20:03:24.464758+00
179	pollution	8	2022-07-26 20:03:24.465594+00	2022-07-26 20:03:24.465594+00
180	populations	8	2022-07-26 20:03:24.466452+00	2022-07-26 20:03:24.466452+00
181	the atmosphere	8	2022-07-26 20:03:24.467284+00	2022-07-26 20:03:24.467284+00
182	upchieve	22	2022-07-26 20:03:24.468143+00	2022-07-26 20:03:24.468143+00
183	linear_equations	12	2022-07-26 20:03:24.469023+00	2022-07-26 20:03:24.469023+00
184	linear_inequalities	12	2022-07-26 20:03:24.469812+00	2022-07-26 20:03:24.469812+00
185	linear_functions	12	2022-07-26 20:03:24.47061+00	2022-07-26 20:03:24.47061+00
186	quadratic_problems	12	2022-07-26 20:03:24.471367+00	2022-07-26 20:03:24.471367+00
187	nonlinear_equations	12	2022-07-26 20:03:24.47226+00	2022-07-26 20:03:24.47226+00
188	rational_expressions	12	2022-07-26 20:03:24.473115+00	2022-07-26 20:03:24.473115+00
189	isolating_quantities	12	2022-07-26 20:03:24.473921+00	2022-07-26 20:03:24.473921+00
190	linear_systems	12	2022-07-26 20:03:24.474723+00	2022-07-26 20:03:24.474723+00
191	ratios_rates	12	2022-07-26 20:03:24.475504+00	2022-07-26 20:03:24.475504+00
192	units	12	2022-07-26 20:03:24.476299+00	2022-07-26 20:03:24.476299+00
193	percentages	12	2022-07-26 20:03:24.477115+00	2022-07-26 20:03:24.477115+00
194	linear_and_exponential	12	2022-07-26 20:03:24.477856+00	2022-07-26 20:03:24.477856+00
195	data_inferences	12	2022-07-26 20:03:24.478607+00	2022-07-26 20:03:24.478607+00
196	volume_word_problems	12	2022-07-26 20:03:24.479349+00	2022-07-26 20:03:24.479349+00
197	complex_numbers	12	2022-07-26 20:03:24.480073+00	2022-07-26 20:03:24.480073+00
198	circle_equations	12	2022-07-26 20:03:24.480852+00	2022-07-26 20:03:24.480852+00
199	table_data	12	2022-07-26 20:03:24.481854+00	2022-07-26 20:03:24.481854+00
200	scatterplots	12	2022-07-26 20:03:24.482653+00	2022-07-26 20:03:24.482653+00
201	graphs	12	2022-07-26 20:03:24.483465+00	2022-07-26 20:03:24.483465+00
202	shape_of_distributions	12	2022-07-26 20:03:24.484294+00	2022-07-26 20:03:24.484294+00
203	right_triangle_problems	12	2022-07-26 20:03:24.485108+00	2022-07-26 20:03:24.485108+00
204	congruence_and_similarity	12	2022-07-26 20:03:24.485889+00	2022-07-26 20:03:24.485889+00
205	explict_v_implicit	13	2022-07-26 20:03:24.486688+00	2022-07-26 20:03:24.486688+00
206	point_of_view	13	2022-07-26 20:03:24.48746+00	2022-07-26 20:03:24.48746+00
207	analyzing_relationships	13	2022-07-26 20:03:24.488273+00	2022-07-26 20:03:24.488273+00
208	citing_evidence	13	2022-07-26 20:03:24.489061+00	2022-07-26 20:03:24.489061+00
209	summarizing	13	2022-07-26 20:03:24.489817+00	2022-07-26 20:03:24.489817+00
210	analogical_reasoning	13	2022-07-26 20:03:24.490616+00	2022-07-26 20:03:24.490616+00
211	structure_passage	13	2022-07-26 20:03:24.491393+00	2022-07-26 20:03:24.491393+00
212	word_choice	13	2022-07-26 20:03:24.49214+00	2022-07-26 20:03:24.49214+00
213	graphs_and_data	13	2022-07-26 20:03:24.492875+00	2022-07-26 20:03:24.492875+00
214	purpose_of_text	13	2022-07-26 20:03:24.493593+00	2022-07-26 20:03:24.493593+00
215	analyzing_arguments	13	2022-07-26 20:03:24.494761+00	2022-07-26 20:03:24.494761+00
216	connecting_texts	13	2022-07-26 20:03:24.495778+00	2022-07-26 20:03:24.495778+00
217	history_passages	13	2022-07-26 20:03:24.496649+00	2022-07-26 20:03:24.496649+00
218	strategies	13	2022-07-26 20:03:24.497428+00	2022-07-26 20:03:24.497428+00
219	types_of_essays	15	2022-07-26 20:03:24.49821+00	2022-07-26 20:03:24.49821+00
220	essay_structure	15	2022-07-26 20:03:24.499047+00	2022-07-26 20:03:24.499047+00
221	point_of_view	15	2022-07-26 20:03:24.499765+00	2022-07-26 20:03:24.499765+00
222	persuasive_techniques	15	2022-07-26 20:03:24.500508+00	2022-07-26 20:03:24.500508+00
223	citations	15	2022-07-26 20:03:24.501251+00	2022-07-26 20:03:24.501251+00
224	independent_and_dependent_clauses	15	2022-07-26 20:03:24.502105+00	2022-07-26 20:03:24.502105+00
225	punctuation	15	2022-07-26 20:03:24.502823+00	2022-07-26 20:03:24.502823+00
226	verb_tense	15	2022-07-26 20:03:24.504869+00	2022-07-26 20:03:24.504869+00
227	subject_verb_agreement	15	2022-07-26 20:03:24.50603+00	2022-07-26 20:03:24.50603+00
228	specificity_and_coherence	15	2022-07-26 20:03:24.507148+00	2022-07-26 20:03:24.507148+00
229	plagiarism	15	2022-07-26 20:03:24.508039+00	2022-07-26 20:03:24.508039+00
230	nonnvarying_sentence_length	15	2022-07-26 20:03:24.508818+00	2022-07-26 20:03:24.508818+00
231	wordiness	15	2022-07-26 20:03:24.509657+00	2022-07-26 20:03:24.509657+00
232	grammatical_errors	15	2022-07-26 20:03:24.5105+00	2022-07-26 20:03:24.5105+00
233	common_requests	15	2022-07-26 20:03:24.511364+00	2022-07-26 20:03:24.511364+00
234	inference	13	2022-07-26 20:03:24.512141+00	2022-07-26 20:03:24.512141+00
235	integumentary	24	2022-07-26 20:03:24.51301+00	2022-07-26 20:03:24.51301+00
236	little_detail	13	2022-07-26 20:03:24.513873+00	2022-07-26 20:03:24.513873+00
237	lymphatic	24	2022-07-26 20:03:24.514701+00	2022-07-26 20:03:24.514701+00
238	muscular	24	2022-07-26 20:03:24.515533+00	2022-07-26 20:03:24.515533+00
239	nervous	24	2022-07-26 20:03:24.516535+00	2022-07-26 20:03:24.516535+00
240	probingqs	23	2022-07-26 20:03:24.517523+00	2022-07-26 20:03:24.517523+00
241	questions	23	2022-07-26 20:03:24.51837+00	2022-07-26 20:03:24.51837+00
242	reproductive	24	2022-07-26 20:03:24.51922+00	2022-07-26 20:03:24.51922+00
243	respiratory	24	2022-07-26 20:03:24.520092+00	2022-07-26 20:03:24.520092+00
244	sense_organs	24	2022-07-26 20:03:24.5209+00	2022-07-26 20:03:24.5209+00
245	skeletal	24	2022-07-26 20:03:24.521711+00	2022-07-26 20:03:24.521711+00
246	texttype	23	2022-07-26 20:03:24.522538+00	2022-07-26 20:03:24.522538+00
247	tissues	24	2022-07-26 20:03:24.523349+00	2022-07-26 20:03:24.523349+00
248	urinary	24	2022-07-26 20:03:24.524129+00	2022-07-26 20:03:24.524129+00
249	vocab_in_context	13	2022-07-26 20:03:24.525025+00	2022-07-26 20:03:24.525025+00
250	vocabulary	23	2022-07-26 20:03:24.525801+00	2022-07-26 20:03:24.525801+00
251	activatebk	23	2022-07-26 20:03:24.526534+00	2022-07-26 20:03:24.526534+00
252	author_technique	13	2022-07-26 20:03:24.527436+00	2022-07-26 20:03:24.527436+00
253	backgroundknowledge	23	2022-07-26 20:03:24.528165+00	2022-07-26 20:03:24.528165+00
254	big_picture	13	2022-07-26 20:03:24.528972+00	2022-07-26 20:03:24.528972+00
255	cells	24	2022-07-26 20:03:24.529816+00	2022-07-26 20:03:24.529816+00
256	circulatory_system	24	2022-07-26 20:03:24.5306+00	2022-07-26 20:03:24.5306+00
257	comprehensionsupport	23	2022-07-26 20:03:24.531391+00	2022-07-26 20:03:24.531391+00
258	context	23	2022-07-26 20:03:24.532269+00	2022-07-26 20:03:24.532269+00
259	corrections	23	2022-07-26 20:03:24.533095+00	2022-07-26 20:03:24.533095+00
260	digestive	24	2022-07-26 20:03:24.534454+00	2022-07-26 20:03:24.534454+00
261	editing	23	2022-07-26 20:03:24.535324+00	2022-07-26 20:03:24.535324+00
262	endocrine	24	2022-07-26 20:03:24.536173+00	2022-07-26 20:03:24.536173+00
263	evidence_support	13	2022-07-26 20:03:24.537003+00	2022-07-26 20:03:24.537003+00
264	function	13	2022-07-26 20:03:24.537758+00	2022-07-26 20:03:24.537758+00
265	strategies	12	2022-07-26 20:03:24.538578+00	2022-07-26 20:03:24.538578+00
266	unit circle	18	2022-07-26 20:03:24.539368+00	2022-07-26 20:03:24.539368+00
267	dynamics 1	6	2022-07-26 20:03:24.540144+00	2022-07-26 20:03:24.540144+00
268	energy 1	6	2022-07-26 20:03:24.540922+00	2022-07-26 20:03:24.540922+00
269	dynamics 2	6	2022-07-26 20:03:24.541575+00	2022-07-26 20:03:24.541575+00
270	energy 2	6	2022-07-26 20:03:24.542263+00	2022-07-26 20:03:24.542263+00
271	pythagorean theorem	18	2022-07-26 20:03:24.542978+00	2022-07-26 20:03:24.542978+00
272	degrees and radians	18	2022-07-26 20:03:24.543643+00	2022-07-26 20:03:24.543643+00
273	graphing trig functions	18	2022-07-26 20:03:24.544269+00	2022-07-26 20:03:24.544269+00
274	inverse trig functions	18	2022-07-26 20:03:24.545157+00	2022-07-26 20:03:24.545157+00
275	trigonometric identities	18	2022-07-26 20:03:24.545962+00	2022-07-26 20:03:24.545962+00
276	complex numbers	19	2022-07-26 20:03:24.546696+00	2022-07-26 20:03:24.546696+00
277	conic sections	19	2022-07-26 20:03:24.547497+00	2022-07-26 20:03:24.547497+00
278	graphing exponential functions	19	2022-07-26 20:03:24.548686+00	2022-07-26 20:03:24.548686+00
279	graphing polynomials	19	2022-07-26 20:03:24.549637+00	2022-07-26 20:03:24.549637+00
280	graphing rational functions	19	2022-07-26 20:03:24.550462+00	2022-07-26 20:03:24.550462+00
281	logarithms	19	2022-07-26 20:03:24.551262+00	2022-07-26 20:03:24.551262+00
282	inverse functions	19	2022-07-26 20:03:24.552299+00	2022-07-26 20:03:24.552299+00
283	polynomial division	19	2022-07-26 20:03:24.553149+00	2022-07-26 20:03:24.553149+00
284	rational expressions	19	2022-07-26 20:03:24.553926+00	2022-07-26 20:03:24.553926+00
285	sequences series	19	2022-07-26 20:03:24.554729+00	2022-07-26 20:03:24.554729+00
286	exponential logarithmic equations	19	2022-07-26 20:03:24.555575+00	2022-07-26 20:03:24.555575+00
287	other equations	19	2022-07-26 20:03:24.556354+00	2022-07-26 20:03:24.556354+00
288	quadratic and absolute	19	2022-07-26 20:03:24.557198+00	2022-07-26 20:03:24.557198+00
289	solving quadratic equations	19	2022-07-26 20:03:24.557986+00	2022-07-26 20:03:24.557986+00
290	transformations functions	19	2022-07-26 20:03:24.558872+00	2022-07-26 20:03:24.558872+00
291	vectors	19	2022-07-26 20:03:24.559762+00	2022-07-26 20:03:24.559762+00
292	trig functions	18	2022-07-26 20:03:24.560643+00	2022-07-26 20:03:24.560643+00
293	random variables and distributions	2	2022-07-26 20:03:24.561543+00	2022-07-26 20:03:24.561543+00
294	kinematics 2	6	2022-07-26 20:03:24.562394+00	2022-07-26 20:03:24.562394+00
295	DC Circuits	6	2022-07-26 20:03:24.563302+00	2022-07-26 20:03:24.563302+00
296	rotational motion	6	2022-07-26 20:03:24.564184+00	2022-07-26 20:03:24.564184+00
297	polynomials	12	2022-07-26 20:03:24.565762+00	2022-07-26 20:03:24.565762+00
298	functions	12	2022-07-26 20:03:24.566674+00	2022-07-26 20:03:24.566674+00
299	angles	12	2022-07-26 20:03:24.567613+00	2022-07-26 20:03:24.567613+00
\.


--
-- Data for Name: quiz_questions; Type: TABLE DATA; Schema: upchieve; Owner: admin
--

COPY upchieve.quiz_questions (id, question_text, possible_answers, correct_answer, quiz_subcategory_id, image_source, created_at, updated_at, mongo_id) FROM stdin;
\.


--
-- Data for Name: report_reasons; Type: TABLE DATA; Schema: upchieve; Owner: admin
--

COPY upchieve.report_reasons (id, reason, created_at, updated_at) FROM stdin;
1	This student was extremely rude or inappropriate	2022-07-26 20:03:24.651764+00	2022-07-26 20:03:24.651764+00
2	I am worried for the immediate safety of this student	2022-07-26 20:03:24.652686+00	2022-07-26 20:03:24.652686+00
3	LEGACY: Student was unresponsive	2022-07-26 20:03:24.653346+00	2022-07-26 20:03:24.653346+00
4	LEGACY: Technical issue	2022-07-26 20:03:24.653958+00	2022-07-26 20:03:24.653958+00
5	LEGACY: Other	2022-07-26 20:03:24.654766+00	2022-07-26 20:03:24.654766+00
\.


--
-- Data for Name: required_email_domains; Type: TABLE DATA; Schema: upchieve; Owner: admin
--

COPY upchieve.required_email_domains (id, domain, volunteer_partner_org_id, created_at, updated_at) FROM stdin;
01823c1b-6d3b-3737-6c45-b0d4d707e55d	mailtrap.com	01823c1b-6d39-437e-8f40-0db3b9fb64d6	2022-07-26 20:03:26.65203+00	2022-07-26 20:03:26.65203+00
\.


--
-- Data for Name: school_nces_metadata; Type: TABLE DATA; Schema: upchieve; Owner: admin
--

COPY upchieve.school_nces_metadata (school_id, created_at, updated_at, school_year, fipst, statename, st, sch_name, lea_name, state_agency_no, "union", st_leaid, leaid, st_schid, ncessch, schid, mstreet1, mstreet2, mstreet3, mcity, mstate, mzip, mzip4, lstreet1, lstreet2, lstreet3, lcity, lzip, lzip4, phone, website, sy_status, sy_status_text, updated_status, updated_status_text, effective_date, sch_type, sch_type_text, recon_status, out_of_state_flag, charter_text, chartauth1, chartauthn1, chartauth2, chartauthn2, nogrades, g_pk_offered, g_kg_offered, g_1_offered, g_2_offered, g_3_offered, g_4_offered, g_5_offered, g_6_offered, g_7_offered, g_8_offered, g_9_offered, g_10_offered, g_11_offered, g_12_offered, g_13_offered, g_ug_offered, g_ae_offered, gslo, gshi, level, igoffered) FROM stdin;
\.


--
-- Data for Name: schools_sponsor_orgs; Type: TABLE DATA; Schema: upchieve; Owner: admin
--

COPY upchieve.schools_sponsor_orgs (school_id, sponsor_org_id, created_at, updated_at) FROM stdin;
01823c1b-6d40-f073-b95d-d6c18c16436e	01823c1b-6d44-69a8-30fe-680c38c83c55	2022-07-26 20:03:26.663518+00	2022-07-26 20:03:26.663518+00
01823c1b-6d40-0b51-09aa-04831f8f296a	01823c1b-6d44-03ca-04ef-0bfa243927dc	2022-07-26 20:03:26.664584+00	2022-07-26 20:03:26.664584+00
\.


--
-- Data for Name: session_failed_joins; Type: TABLE DATA; Schema: upchieve; Owner: admin
--

COPY upchieve.session_failed_joins (session_id, user_id, created_at, updated_at) FROM stdin;
\.


--
-- Data for Name: session_flags; Type: TABLE DATA; Schema: upchieve; Owner: admin
--

COPY upchieve.session_flags (id, name, created_at, updated_at) FROM stdin;
1	Absent student	2022-07-26 20:03:24.642548+00	2022-07-26 20:03:24.642548+00
2	Absent volunteer	2022-07-26 20:03:24.643452+00	2022-07-26 20:03:24.643452+00
3	Low session rating from coach	2022-07-26 20:03:24.644156+00	2022-07-26 20:03:24.644156+00
4	Low session rating from student	2022-07-26 20:03:24.644828+00	2022-07-26 20:03:24.644828+00
5	Low coach rating from student	2022-07-26 20:03:24.64551+00	2022-07-26 20:03:24.64551+00
6	Reported	2022-07-26 20:03:24.646244+00	2022-07-26 20:03:24.646244+00
7	Only looking for answers	2022-07-26 20:03:24.646919+00	2022-07-26 20:03:24.646919+00
8	Rude or inappropriate	2022-07-26 20:03:24.6479+00	2022-07-26 20:03:24.6479+00
9	Comment from student	2022-07-26 20:03:24.648673+00	2022-07-26 20:03:24.648673+00
10	Comment from volunteer	2022-07-26 20:03:24.649419+00	2022-07-26 20:03:24.649419+00
11	Has been unmatched	2022-07-26 20:03:24.650151+00	2022-07-26 20:03:24.650151+00
12	Has had technical issues	2022-07-26 20:03:24.650915+00	2022-07-26 20:03:24.650915+00
\.


--
-- Data for Name: session_messages; Type: TABLE DATA; Schema: upchieve; Owner: admin
--

COPY upchieve.session_messages (id, sender_id, contents, session_id, created_at, updated_at, mongo_id) FROM stdin;
\.


--
-- Data for Name: session_photos; Type: TABLE DATA; Schema: upchieve; Owner: admin
--

COPY upchieve.session_photos (session_id, photo_key, created_at, updated_at) FROM stdin;
\.


--
-- Data for Name: session_reports; Type: TABLE DATA; Schema: upchieve; Owner: admin
--

COPY upchieve.session_reports (id, report_reason_id, report_message, reporting_user_id, session_id, reported_user_id, created_at, updated_at) FROM stdin;
\.


--
-- Data for Name: session_review_reasons; Type: TABLE DATA; Schema: upchieve; Owner: admin
--

COPY upchieve.session_review_reasons (session_id, session_flag_id, created_at, updated_at) FROM stdin;
\.


--
-- Data for Name: sessions_session_flags; Type: TABLE DATA; Schema: upchieve; Owner: admin
--

COPY upchieve.sessions_session_flags (session_id, session_flag_id, created_at, updated_at) FROM stdin;
\.


--
-- Data for Name: student_favorite_volunteers; Type: TABLE DATA; Schema: upchieve; Owner: admin
--

COPY upchieve.student_favorite_volunteers (student_id, volunteer_id, created_at, updated_at) FROM stdin;
\.


--
-- Data for Name: student_partner_org_sites; Type: TABLE DATA; Schema: upchieve; Owner: admin
--

COPY upchieve.student_partner_org_sites (id, name, student_partner_org_id, created_at, updated_at) FROM stdin;
01823c1b-6d35-b267-b207-bed6a03485b2	Brooklyn	01823c1b-6cf3-0dc1-483a-0a81c5a8d1cb	2022-07-26 20:03:26.64626+00	2022-07-26 20:03:26.64626+00
01823c1b-6d35-28aa-7c4a-e7ce42f49eda	Denver	01823c1b-6cf3-0dc1-483a-0a81c5a8d1cb	2022-07-26 20:03:26.647763+00	2022-07-26 20:03:26.647763+00
01823c1b-6d35-a71f-4827-75b4527478b5	Oakland	01823c1b-6cf3-0dc1-483a-0a81c5a8d1cb	2022-07-26 20:03:26.648737+00	2022-07-26 20:03:26.648737+00
\.


--
-- Data for Name: student_partner_orgs_sponsor_orgs; Type: TABLE DATA; Schema: upchieve; Owner: admin
--

COPY upchieve.student_partner_orgs_sponsor_orgs (student_partner_org_id, sponsor_org_id, created_at, updated_at) FROM stdin;
01823c1b-6cf4-16e4-fc87-fdf7b380afa6	01823c1b-6d44-f649-6fd8-14f8c813382c	2022-07-26 20:03:26.665479+00	2022-07-26 20:03:26.665479+00
01823c1b-6cf4-070a-7026-63977e952364	01823c1b-6d44-03ca-04ef-0bfa243927dc	2022-07-26 20:03:26.666493+00	2022-07-26 20:03:26.666493+00
\.


--
-- Data for Name: student_profiles; Type: TABLE DATA; Schema: upchieve; Owner: admin
--

COPY upchieve.student_profiles (user_id, college, school_id, postal_code, grade_level_id, student_partner_org_user_id, student_partner_org_id, student_partner_org_site_id, created_at, updated_at) FROM stdin;
01823c1b-6dd9-67a3-ee09-a62a6c0e4a3d	\N	01823c1b-6d40-632a-f850-41be322ed2c0	\N	\N	\N	\N	\N	2022-07-26 20:03:26.81561+00	2022-07-26 20:03:26.81561+00
01823c1b-6dd9-82ff-7678-7fa09e8b9fbc	\N	01823c1b-6d40-f073-b95d-d6c18c16436e	\N	\N	\N	01823c1b-6cf3-0dc1-483a-0a81c5a8d1cb	\N	2022-07-26 20:03:26.816654+00	2022-07-26 20:03:26.816654+00
01823c1b-6dd9-d896-91d7-6498f71f4962	\N	\N	\N	\N	\N	01823c1b-6cf4-070a-7026-63977e952364	\N	2022-07-26 20:03:26.817632+00	2022-07-26 20:03:26.817632+00
\.


--
-- Data for Name: survey_questions; Type: TABLE DATA; Schema: upchieve; Owner: admin
--

COPY upchieve.survey_questions (id, question_type_id, question_text, created_at, updated_at, response_display_text) FROM stdin;
6	1	Your goal for this session was to %s. Did UPchieve help you achieve your goal?	2022-07-26 20:03:24.783222+00	2022-07-26 20:03:24.783222+00	\N
7	1	Sorry to hear that, what happened?	2022-07-26 20:03:24.783222+00	2022-07-26 20:03:24.783222+00	\N
8	1	Would you like to favorite your coach %s?	2022-07-26 20:03:24.783222+00	2022-07-26 20:03:24.783222+00	\N
9	1	Overall, how supportive was your coach today?	2022-07-26 20:03:24.783222+00	2022-07-26 20:03:24.783222+00	\N
10	1	Overall, how much did your coach push you to do your best work today?	2022-07-26 20:03:24.783222+00	2022-07-26 20:03:24.783222+00	\N
11	3	This can be about the web app, the Academic Coach who helped you, the services UPchieve offers, etc.	2022-07-26 20:03:24.783222+00	2022-07-26 20:03:24.783222+00	\N
1	1	What is your primary goal for today's session?	2022-07-26 20:03:24.753655+00	2022-07-26 20:03:24.801406+00	Their goal for the session:
2	1	Where are you in the process of reaching your goal?	2022-07-26 20:03:24.753655+00	2022-07-26 20:03:24.801406+00	How much progress they've made towards their goal:
3	1	Overall, how do you feel about applying to college?	2022-07-26 20:03:24.753655+00	2022-07-26 20:03:24.801406+00	How they feel about applying to college:
4	1	How well do you understand the topic you want to talk about today?	2022-07-26 20:03:24.753655+00	2022-07-26 20:03:24.801406+00	How well they understand the topic:
12	1	Overall, how do you feel about the %s section?	2022-07-26 20:03:24.801406+00	2022-07-26 20:03:24.801406+00	How they feel about %s:
5	1	Overall, how do you feel about %s?	2022-07-26 20:03:24.753655+00	2022-07-26 20:03:24.801406+00	How they feel about %s:
13	1	%s's goal for this session was to %s. Were you able to help them achieve their goal?	2022-07-26 20:03:24.808861+00	2022-07-26 20:03:24.808861+00	\N
14	1	How do you think %s feels about %s at the end of this session?	2022-07-26 20:03:24.808861+00	2022-07-26 20:03:24.808861+00	\N
15	1	How do you think %s feels about the %s at the end of this session?	2022-07-26 20:03:24.808861+00	2022-07-26 20:03:24.808861+00	\N
16	1	How do you think %s feels about applying to college at the end of this session?	2022-07-26 20:03:24.808861+00	2022-07-26 20:03:24.808861+00	\N
17	1	Were there any student safety, academic integrity, or community guideline issues during this session?	2022-07-26 20:03:24.808861+00	2022-07-26 20:03:24.808861+00	\N
18	1	Please select all that apply	2022-07-26 20:03:24.808861+00	2022-07-26 20:03:24.808861+00	\N
19	3	This can be about the web app, the student you helped, technical issues, etc.	2022-07-26 20:03:24.808861+00	2022-07-26 20:03:24.808861+00	\N
\.


--
-- Data for Name: survey_questions_question_tags; Type: TABLE DATA; Schema: upchieve; Owner: admin
--

COPY upchieve.survey_questions_question_tags (id, survey_question_id, question_tag_id, created_at, updated_at) FROM stdin;
\.


--
-- Data for Name: survey_response_choices; Type: TABLE DATA; Schema: upchieve; Owner: admin
--

COPY upchieve.survey_response_choices (id, score, choice_text, created_at, updated_at, display_image) FROM stdin;
1	0	Solve a specific question	2022-07-26 20:03:24.753655+00	2022-07-26 20:03:24.753655+00	\N
2	0	Complete a homework assignment	2022-07-26 20:03:24.753655+00	2022-07-26 20:03:24.753655+00	\N
3	0	Prepare for a quiz/test	2022-07-26 20:03:24.753655+00	2022-07-26 20:03:24.753655+00	\N
4	0	Check my answers	2022-07-26 20:03:24.753655+00	2022-07-26 20:03:24.753655+00	\N
6	0	Other	2022-07-26 20:03:24.753655+00	2022-07-26 20:03:24.753655+00	\N
7	0	Brainstorm or research an essay topic	2022-07-26 20:03:24.753655+00	2022-07-26 20:03:24.753655+00	\N
8	0	Develop a thesis statement	2022-07-26 20:03:24.753655+00	2022-07-26 20:03:24.753655+00	\N
9	0	Create an essay outline	2022-07-26 20:03:24.753655+00	2022-07-26 20:03:24.753655+00	\N
10	0	Revise essay structure and ideas	2022-07-26 20:03:24.753655+00	2022-07-26 20:03:24.753655+00	\N
11	0	Edit grammar	2022-07-26 20:03:24.753655+00	2022-07-26 20:03:24.753655+00	\N
12	0	Improve my understanding of a text	2022-07-26 20:03:24.753655+00	2022-07-26 20:03:24.753655+00	\N
13	0	Answer questions based on a text	2022-07-26 20:03:24.753655+00	2022-07-26 20:03:24.753655+00	\N
14	0	Revise my response(s) to reading questions	2022-07-26 20:03:24.753655+00	2022-07-26 20:03:24.753655+00	\N
15	0	Understand college requirements	2022-07-26 20:03:24.753655+00	2022-07-26 20:03:24.753655+00	\N
16	0	Pick classes or extracurricular activities	2022-07-26 20:03:24.753655+00	2022-07-26 20:03:24.753655+00	\N
17	0	Research majors or careers	2022-07-26 20:03:24.753655+00	2022-07-26 20:03:24.753655+00	\N
18	0	Select colleges to apply to	2022-07-26 20:03:24.753655+00	2022-07-26 20:03:24.753655+00	\N
19	0	Learn about financial aid and scholarships	2022-07-26 20:03:24.753655+00	2022-07-26 20:03:24.753655+00	\N
20	0	Select a prompt and brainstorm topics	2022-07-26 20:03:24.753655+00	2022-07-26 20:03:24.753655+00	\N
21	0	Create an outline	2022-07-26 20:03:24.753655+00	2022-07-26 20:03:24.753655+00	\N
22	0	Understand the parts of an application	2022-07-26 20:03:24.753655+00	2022-07-26 20:03:24.753655+00	\N
23	0	Create an application timeline	2022-07-26 20:03:24.753655+00	2022-07-26 20:03:24.753655+00	\N
24	0	Work on an application	2022-07-26 20:03:24.753655+00	2022-07-26 20:03:24.753655+00	\N
25	0	Prepare for an interview	2022-07-26 20:03:24.753655+00	2022-07-26 20:03:24.753655+00	\N
26	0	Complete financial aid applications	2022-07-26 20:03:24.753655+00	2022-07-26 20:03:24.753655+00	\N
27	0	Learn more about the exam	2022-07-26 20:03:24.753655+00	2022-07-26 20:03:24.753655+00	\N
28	0	Work on a practice question(s)	2022-07-26 20:03:24.753655+00	2022-07-26 20:03:24.753655+00	\N
29	0	Learn test taking strategies	2022-07-26 20:03:24.753655+00	2022-07-26 20:03:24.753655+00	\N
31	1	I haven't started on this yet	2022-07-26 20:03:24.753655+00	2022-07-26 20:03:24.753655+00	\N
32	2	I've done some work on this	2022-07-26 20:03:24.753655+00	2022-07-26 20:03:24.753655+00	\N
43	1	Not at all	2022-07-26 20:03:24.783222+00	2022-07-26 20:03:24.783222+00	\N
44	2	Sorta but not really	2022-07-26 20:03:24.783222+00	2022-07-26 20:03:24.783222+00	\N
45	3	I guess so	2022-07-26 20:03:24.783222+00	2022-07-26 20:03:24.783222+00	\N
46	4	I'm def closer to my goal	2022-07-26 20:03:24.783222+00	2022-07-26 20:03:24.783222+00	\N
47	5	GOAL ACHIEVED	2022-07-26 20:03:24.783222+00	2022-07-26 20:03:24.783222+00	\N
48	3	Somewhat	2022-07-26 20:03:24.783222+00	2022-07-26 20:03:24.783222+00	\N
49	4	Mostly	2022-07-26 20:03:24.783222+00	2022-07-26 20:03:24.783222+00	\N
50	5	Extremely	2022-07-26 20:03:24.783222+00	2022-07-26 20:03:24.783222+00	\N
51	5	A lot	2022-07-26 20:03:24.783222+00	2022-07-26 20:03:24.783222+00	\N
52	0	Rude coach	2022-07-26 20:03:24.783222+00	2022-07-26 20:03:24.783222+00	\N
53	0	Coach didn't know topic	2022-07-26 20:03:24.783222+00	2022-07-26 20:03:24.783222+00	\N
54	0	Coach slow to respond	2022-07-26 20:03:24.783222+00	2022-07-26 20:03:24.783222+00	\N
55	0	Ran out of time	2022-07-26 20:03:24.783222+00	2022-07-26 20:03:24.783222+00	\N
56	0	Tech issue	2022-07-26 20:03:24.783222+00	2022-07-26 20:03:24.783222+00	\N
57	0	Other	2022-07-26 20:03:24.783222+00	2022-07-26 20:03:24.783222+00	\N
58	0	Yes	2022-07-26 20:03:24.783222+00	2022-07-26 20:03:24.783222+00	\N
59	0	Maybe later	2022-07-26 20:03:24.783222+00	2022-07-26 20:03:24.783222+00	\N
5	0	Deepen my understanding of a topic	2022-07-26 20:03:24.753655+00	2022-07-26 20:03:24.78912+00	\N
30	0	Deepen my understanding of a concept	2022-07-26 20:03:24.753655+00	2022-07-26 20:03:24.78912+00	\N
60	0	I'm curious and want to learn something new	2022-07-26 20:03:24.792909+00	2022-07-26 20:03:24.792909+00	\N
61	3	Neutral	2022-07-26 20:03:24.797118+00	2022-07-26 20:03:24.797118+00	https://cdn.upchieve.org/site-images/emojis/neutral-emoji.svg
35	1	Stressed	2022-07-26 20:03:24.753655+00	2022-07-26 20:03:24.797118+00	https://cdn.upchieve.org/site-images/emojis/stressed-emoji.svg
36	2	Nervous	2022-07-26 20:03:24.753655+00	2022-07-26 20:03:24.797118+00	https://cdn.upchieve.org/site-images/emojis/nervous-emoji.svg
37	4	Optimistic	2022-07-26 20:03:24.753655+00	2022-07-26 20:03:24.797118+00	https://cdn.upchieve.org/site-images/emojis/optimistic-emoji.svg
38	5	Confident	2022-07-26 20:03:24.753655+00	2022-07-26 20:03:24.797118+00	https://cdn.upchieve.org/site-images/emojis/confident-emoji.svg
39	1	Not at all	2022-07-26 20:03:24.753655+00	2022-07-26 20:03:24.801406+00	\N
40	2	A little	2022-07-26 20:03:24.753655+00	2022-07-26 20:03:24.801406+00	\N
41	3	A medium amount	2022-07-26 20:03:24.753655+00	2022-07-26 20:03:24.801406+00	\N
42	4	Really well	2022-07-26 20:03:24.753655+00	2022-07-26 20:03:24.801406+00	\N
62	5	Almost perfectly	2022-07-26 20:03:24.801406+00	2022-07-26 20:03:24.801406+00	\N
33	3	I'm finishing this up	2022-07-26 20:03:24.753655+00	2022-07-26 20:03:24.801406+00	\N
34	4	I've completed this	2022-07-26 20:03:24.753655+00	2022-07-26 20:03:24.801406+00	\N
63	0	Yes	2022-07-26 20:03:24.808861+00	2022-07-26 20:03:24.808861+00	\N
64	0	No	2022-07-26 20:03:24.808861+00	2022-07-26 20:03:24.808861+00	\N
65	0	I didn't know topic	2022-07-26 20:03:24.808861+00	2022-07-26 20:03:24.808861+00	\N
66	0	Wrong subject	2022-07-26 20:03:24.808861+00	2022-07-26 20:03:24.808861+00	\N
67	0	Student participation	2022-07-26 20:03:24.808861+00	2022-07-26 20:03:24.808861+00	\N
\.


--
-- Data for Name: surveys; Type: TABLE DATA; Schema: upchieve; Owner: admin
--

COPY upchieve.surveys (id, name, created_at, updated_at) FROM stdin;
1	STEM Pre-Session Survey	2022-07-26 20:03:24.753655+00	2022-07-26 20:03:24.753655+00
2	Humanities Essays Pre-Session Survey	2022-07-26 20:03:24.753655+00	2022-07-26 20:03:24.753655+00
3	Reading Pre-Session Survey	2022-07-26 20:03:24.753655+00	2022-07-26 20:03:24.753655+00
4	College Planning Pre-Session Survey	2022-07-26 20:03:24.753655+00	2022-07-26 20:03:24.753655+00
5	College Essays Pre-Session Survey	2022-07-26 20:03:24.753655+00	2022-07-26 20:03:24.753655+00
6	College Applications Pre-Session Survey	2022-07-26 20:03:24.753655+00	2022-07-26 20:03:24.753655+00
7	SAT Prep Pre-Session Survey	2022-07-26 20:03:24.753655+00	2022-07-26 20:03:24.753655+00
8	Student Post-Session Survey	2022-07-26 20:03:24.783222+00	2022-07-26 20:03:24.783222+00
9	General Volunteer Post-Session Survey	2022-07-26 20:03:24.808861+00	2022-07-26 20:03:24.808861+00
10	SAT Prep Volunteer Post-Session Survey	2022-07-26 20:03:24.808861+00	2022-07-26 20:03:24.808861+00
11	College Counseling Post-Session Survey	2022-07-26 20:03:24.808861+00	2022-07-26 20:03:24.808861+00
\.


--
-- Data for Name: surveys_survey_questions; Type: TABLE DATA; Schema: upchieve; Owner: admin
--

COPY upchieve.surveys_survey_questions (id, survey_id, survey_question_id, display_priority, created_at, updated_at) FROM stdin;
1	1	1	10	2022-07-26 20:03:24.753655+00	2022-07-26 20:03:24.753655+00
2	2	1	10	2022-07-26 20:03:24.753655+00	2022-07-26 20:03:24.753655+00
3	3	1	10	2022-07-26 20:03:24.753655+00	2022-07-26 20:03:24.753655+00
4	4	1	10	2022-07-26 20:03:24.753655+00	2022-07-26 20:03:24.753655+00
5	5	1	10	2022-07-26 20:03:24.753655+00	2022-07-26 20:03:24.753655+00
6	6	1	10	2022-07-26 20:03:24.753655+00	2022-07-26 20:03:24.753655+00
7	7	1	10	2022-07-26 20:03:24.753655+00	2022-07-26 20:03:24.753655+00
8	4	2	20	2022-07-26 20:03:24.753655+00	2022-07-26 20:03:24.753655+00
9	5	2	20	2022-07-26 20:03:24.753655+00	2022-07-26 20:03:24.753655+00
10	6	2	20	2022-07-26 20:03:24.753655+00	2022-07-26 20:03:24.753655+00
11	4	3	30	2022-07-26 20:03:24.753655+00	2022-07-26 20:03:24.753655+00
12	5	3	30	2022-07-26 20:03:24.753655+00	2022-07-26 20:03:24.753655+00
13	6	3	30	2022-07-26 20:03:24.753655+00	2022-07-26 20:03:24.753655+00
14	1	4	20	2022-07-26 20:03:24.753655+00	2022-07-26 20:03:24.753655+00
15	2	4	20	2022-07-26 20:03:24.753655+00	2022-07-26 20:03:24.753655+00
16	3	4	20	2022-07-26 20:03:24.753655+00	2022-07-26 20:03:24.753655+00
17	7	4	20	2022-07-26 20:03:24.753655+00	2022-07-26 20:03:24.753655+00
18	1	5	30	2022-07-26 20:03:24.753655+00	2022-07-26 20:03:24.753655+00
19	2	5	30	2022-07-26 20:03:24.753655+00	2022-07-26 20:03:24.753655+00
20	3	5	30	2022-07-26 20:03:24.753655+00	2022-07-26 20:03:24.753655+00
22	8	6	10	2022-07-26 20:03:24.783222+00	2022-07-26 20:03:24.783222+00
23	8	7	20	2022-07-26 20:03:24.783222+00	2022-07-26 20:03:24.783222+00
24	8	8	30	2022-07-26 20:03:24.783222+00	2022-07-26 20:03:24.783222+00
25	8	9	40	2022-07-26 20:03:24.783222+00	2022-07-26 20:03:24.783222+00
26	8	10	50	2022-07-26 20:03:24.783222+00	2022-07-26 20:03:24.783222+00
27	8	11	60	2022-07-26 20:03:24.783222+00	2022-07-26 20:03:24.783222+00
21	7	12	30	2022-07-26 20:03:24.753655+00	2022-07-26 20:03:24.801406+00
28	9	13	10	2022-07-26 20:03:24.808861+00	2022-07-26 20:03:24.808861+00
29	10	13	10	2022-07-26 20:03:24.808861+00	2022-07-26 20:03:24.808861+00
30	9	14	20	2022-07-26 20:03:24.808861+00	2022-07-26 20:03:24.808861+00
31	10	15	20	2022-07-26 20:03:24.808861+00	2022-07-26 20:03:24.808861+00
32	9	17	30	2022-07-26 20:03:24.808861+00	2022-07-26 20:03:24.808861+00
33	10	17	30	2022-07-26 20:03:24.808861+00	2022-07-26 20:03:24.808861+00
34	9	18	40	2022-07-26 20:03:24.808861+00	2022-07-26 20:03:24.808861+00
35	10	18	40	2022-07-26 20:03:24.808861+00	2022-07-26 20:03:24.808861+00
36	9	19	50	2022-07-26 20:03:24.808861+00	2022-07-26 20:03:24.808861+00
37	10	19	50	2022-07-26 20:03:24.808861+00	2022-07-26 20:03:24.808861+00
\.


--
-- Data for Name: survey_questions_response_choices; Type: TABLE DATA; Schema: upchieve; Owner: admin
--

COPY upchieve.survey_questions_response_choices (response_choice_id, display_priority, created_at, updated_at, surveys_survey_question_id) FROM stdin;
1	10	2022-07-26 20:03:24.753655+00	2022-07-26 20:03:24.753655+00	1
7	10	2022-07-26 20:03:24.753655+00	2022-07-26 20:03:24.753655+00	2
12	10	2022-07-26 20:03:24.753655+00	2022-07-26 20:03:24.753655+00	3
15	10	2022-07-26 20:03:24.753655+00	2022-07-26 20:03:24.753655+00	4
20	10	2022-07-26 20:03:24.753655+00	2022-07-26 20:03:24.753655+00	5
22	10	2022-07-26 20:03:24.753655+00	2022-07-26 20:03:24.753655+00	6
27	10	2022-07-26 20:03:24.753655+00	2022-07-26 20:03:24.753655+00	7
31	10	2022-07-26 20:03:24.753655+00	2022-07-26 20:03:24.753655+00	8
31	10	2022-07-26 20:03:24.753655+00	2022-07-26 20:03:24.753655+00	9
31	10	2022-07-26 20:03:24.753655+00	2022-07-26 20:03:24.753655+00	10
35	10	2022-07-26 20:03:24.753655+00	2022-07-26 20:03:24.753655+00	11
35	10	2022-07-26 20:03:24.753655+00	2022-07-26 20:03:24.753655+00	12
35	10	2022-07-26 20:03:24.753655+00	2022-07-26 20:03:24.753655+00	13
39	10	2022-07-26 20:03:24.753655+00	2022-07-26 20:03:24.753655+00	14
39	10	2022-07-26 20:03:24.753655+00	2022-07-26 20:03:24.753655+00	15
39	10	2022-07-26 20:03:24.753655+00	2022-07-26 20:03:24.753655+00	16
39	10	2022-07-26 20:03:24.753655+00	2022-07-26 20:03:24.753655+00	17
35	10	2022-07-26 20:03:24.753655+00	2022-07-26 20:03:24.753655+00	18
35	10	2022-07-26 20:03:24.753655+00	2022-07-26 20:03:24.753655+00	19
35	10	2022-07-26 20:03:24.753655+00	2022-07-26 20:03:24.753655+00	20
35	10	2022-07-26 20:03:24.753655+00	2022-07-26 20:03:24.753655+00	21
2	20	2022-07-26 20:03:24.753655+00	2022-07-26 20:03:24.753655+00	1
8	20	2022-07-26 20:03:24.753655+00	2022-07-26 20:03:24.753655+00	2
13	20	2022-07-26 20:03:24.753655+00	2022-07-26 20:03:24.753655+00	3
16	20	2022-07-26 20:03:24.753655+00	2022-07-26 20:03:24.753655+00	4
21	20	2022-07-26 20:03:24.753655+00	2022-07-26 20:03:24.753655+00	5
23	20	2022-07-26 20:03:24.753655+00	2022-07-26 20:03:24.753655+00	6
29	20	2022-07-26 20:03:24.753655+00	2022-07-26 20:03:24.753655+00	7
36	20	2022-07-26 20:03:24.753655+00	2022-07-26 20:03:24.753655+00	11
36	20	2022-07-26 20:03:24.753655+00	2022-07-26 20:03:24.753655+00	12
36	20	2022-07-26 20:03:24.753655+00	2022-07-26 20:03:24.753655+00	13
40	20	2022-07-26 20:03:24.753655+00	2022-07-26 20:03:24.753655+00	14
40	20	2022-07-26 20:03:24.753655+00	2022-07-26 20:03:24.753655+00	15
40	20	2022-07-26 20:03:24.753655+00	2022-07-26 20:03:24.753655+00	16
40	20	2022-07-26 20:03:24.753655+00	2022-07-26 20:03:24.753655+00	17
36	20	2022-07-26 20:03:24.753655+00	2022-07-26 20:03:24.753655+00	18
36	20	2022-07-26 20:03:24.753655+00	2022-07-26 20:03:24.753655+00	19
36	20	2022-07-26 20:03:24.753655+00	2022-07-26 20:03:24.753655+00	20
36	20	2022-07-26 20:03:24.753655+00	2022-07-26 20:03:24.753655+00	21
3	30	2022-07-26 20:03:24.753655+00	2022-07-26 20:03:24.753655+00	1
9	30	2022-07-26 20:03:24.753655+00	2022-07-26 20:03:24.753655+00	2
14	30	2022-07-26 20:03:24.753655+00	2022-07-26 20:03:24.753655+00	3
17	30	2022-07-26 20:03:24.753655+00	2022-07-26 20:03:24.753655+00	4
10	30	2022-07-26 20:03:24.753655+00	2022-07-26 20:03:24.753655+00	5
24	30	2022-07-26 20:03:24.753655+00	2022-07-26 20:03:24.753655+00	6
28	30	2022-07-26 20:03:24.753655+00	2022-07-26 20:03:24.753655+00	7
33	30	2022-07-26 20:03:24.753655+00	2022-07-26 20:03:24.753655+00	8
33	30	2022-07-26 20:03:24.753655+00	2022-07-26 20:03:24.753655+00	9
33	30	2022-07-26 20:03:24.753655+00	2022-07-26 20:03:24.753655+00	10
41	30	2022-07-26 20:03:24.753655+00	2022-07-26 20:03:24.753655+00	14
41	30	2022-07-26 20:03:24.753655+00	2022-07-26 20:03:24.753655+00	15
41	30	2022-07-26 20:03:24.753655+00	2022-07-26 20:03:24.753655+00	16
41	30	2022-07-26 20:03:24.753655+00	2022-07-26 20:03:24.753655+00	17
4	40	2022-07-26 20:03:24.753655+00	2022-07-26 20:03:24.753655+00	1
10	40	2022-07-26 20:03:24.753655+00	2022-07-26 20:03:24.753655+00	2
18	40	2022-07-26 20:03:24.753655+00	2022-07-26 20:03:24.753655+00	4
11	40	2022-07-26 20:03:24.753655+00	2022-07-26 20:03:24.753655+00	5
25	40	2022-07-26 20:03:24.753655+00	2022-07-26 20:03:24.753655+00	6
4	40	2022-07-26 20:03:24.753655+00	2022-07-26 20:03:24.753655+00	7
42	40	2022-07-26 20:03:24.753655+00	2022-07-26 20:03:24.753655+00	14
42	40	2022-07-26 20:03:24.753655+00	2022-07-26 20:03:24.753655+00	15
42	40	2022-07-26 20:03:24.753655+00	2022-07-26 20:03:24.753655+00	16
42	40	2022-07-26 20:03:24.753655+00	2022-07-26 20:03:24.753655+00	17
5	50	2022-07-26 20:03:24.753655+00	2022-07-26 20:03:24.753655+00	1
11	50	2022-07-26 20:03:24.753655+00	2022-07-26 20:03:24.753655+00	2
19	50	2022-07-26 20:03:24.753655+00	2022-07-26 20:03:24.753655+00	4
26	50	2022-07-26 20:03:24.753655+00	2022-07-26 20:03:24.753655+00	6
30	50	2022-07-26 20:03:24.753655+00	2022-07-26 20:03:24.753655+00	7
43	10	2022-07-26 20:03:24.783222+00	2022-07-26 20:03:24.783222+00	22
44	20	2022-07-26 20:03:24.783222+00	2022-07-26 20:03:24.783222+00	22
45	30	2022-07-26 20:03:24.783222+00	2022-07-26 20:03:24.783222+00	22
46	40	2022-07-26 20:03:24.783222+00	2022-07-26 20:03:24.783222+00	22
47	50	2022-07-26 20:03:24.783222+00	2022-07-26 20:03:24.783222+00	22
52	10	2022-07-26 20:03:24.783222+00	2022-07-26 20:03:24.783222+00	23
53	20	2022-07-26 20:03:24.783222+00	2022-07-26 20:03:24.783222+00	23
54	30	2022-07-26 20:03:24.783222+00	2022-07-26 20:03:24.783222+00	23
55	40	2022-07-26 20:03:24.783222+00	2022-07-26 20:03:24.783222+00	23
56	50	2022-07-26 20:03:24.783222+00	2022-07-26 20:03:24.783222+00	23
58	10	2022-07-26 20:03:24.783222+00	2022-07-26 20:03:24.783222+00	24
59	20	2022-07-26 20:03:24.783222+00	2022-07-26 20:03:24.783222+00	24
43	10	2022-07-26 20:03:24.783222+00	2022-07-26 20:03:24.783222+00	25
44	20	2022-07-26 20:03:24.783222+00	2022-07-26 20:03:24.783222+00	25
48	30	2022-07-26 20:03:24.783222+00	2022-07-26 20:03:24.783222+00	25
49	40	2022-07-26 20:03:24.783222+00	2022-07-26 20:03:24.783222+00	25
50	50	2022-07-26 20:03:24.783222+00	2022-07-26 20:03:24.783222+00	25
43	10	2022-07-26 20:03:24.783222+00	2022-07-26 20:03:24.783222+00	26
44	20	2022-07-26 20:03:24.783222+00	2022-07-26 20:03:24.783222+00	26
48	30	2022-07-26 20:03:24.783222+00	2022-07-26 20:03:24.783222+00	26
49	40	2022-07-26 20:03:24.783222+00	2022-07-26 20:03:24.783222+00	26
51	50	2022-07-26 20:03:24.783222+00	2022-07-26 20:03:24.783222+00	26
6	70	2022-07-26 20:03:24.753655+00	2022-07-26 20:03:24.792909+00	3
6	70	2022-07-26 20:03:24.753655+00	2022-07-26 20:03:24.792909+00	5
6	70	2022-07-26 20:03:24.753655+00	2022-07-26 20:03:24.792909+00	1
6	70	2022-07-26 20:03:24.753655+00	2022-07-26 20:03:24.792909+00	2
6	70	2022-07-26 20:03:24.753655+00	2022-07-26 20:03:24.792909+00	4
6	70	2022-07-26 20:03:24.753655+00	2022-07-26 20:03:24.792909+00	6
6	70	2022-07-26 20:03:24.753655+00	2022-07-26 20:03:24.792909+00	7
6	70	2022-07-26 20:03:24.783222+00	2022-07-26 20:03:24.792909+00	23
57	70	2022-07-26 20:03:24.783222+00	2022-07-26 20:03:24.792909+00	23
60	60	2022-07-26 20:03:24.792909+00	2022-07-26 20:03:24.792909+00	1
61	30	2022-07-26 20:03:24.797118+00	2022-07-26 20:03:24.797118+00	11
61	30	2022-07-26 20:03:24.797118+00	2022-07-26 20:03:24.797118+00	12
61	30	2022-07-26 20:03:24.797118+00	2022-07-26 20:03:24.797118+00	13
61	30	2022-07-26 20:03:24.797118+00	2022-07-26 20:03:24.797118+00	18
61	30	2022-07-26 20:03:24.797118+00	2022-07-26 20:03:24.797118+00	19
61	30	2022-07-26 20:03:24.797118+00	2022-07-26 20:03:24.797118+00	20
61	30	2022-07-26 20:03:24.797118+00	2022-07-26 20:03:24.797118+00	21
37	40	2022-07-26 20:03:24.753655+00	2022-07-26 20:03:24.797118+00	11
37	40	2022-07-26 20:03:24.753655+00	2022-07-26 20:03:24.797118+00	12
37	40	2022-07-26 20:03:24.753655+00	2022-07-26 20:03:24.797118+00	13
37	40	2022-07-26 20:03:24.753655+00	2022-07-26 20:03:24.797118+00	18
37	40	2022-07-26 20:03:24.753655+00	2022-07-26 20:03:24.797118+00	19
37	40	2022-07-26 20:03:24.753655+00	2022-07-26 20:03:24.797118+00	20
37	40	2022-07-26 20:03:24.753655+00	2022-07-26 20:03:24.797118+00	21
38	50	2022-07-26 20:03:24.753655+00	2022-07-26 20:03:24.797118+00	11
38	50	2022-07-26 20:03:24.753655+00	2022-07-26 20:03:24.797118+00	12
38	50	2022-07-26 20:03:24.753655+00	2022-07-26 20:03:24.797118+00	13
38	50	2022-07-26 20:03:24.753655+00	2022-07-26 20:03:24.797118+00	18
38	50	2022-07-26 20:03:24.753655+00	2022-07-26 20:03:24.797118+00	19
38	50	2022-07-26 20:03:24.753655+00	2022-07-26 20:03:24.797118+00	20
38	50	2022-07-26 20:03:24.753655+00	2022-07-26 20:03:24.797118+00	21
62	50	2022-07-26 20:03:24.801406+00	2022-07-26 20:03:24.801406+00	14
62	50	2022-07-26 20:03:24.801406+00	2022-07-26 20:03:24.801406+00	15
62	50	2022-07-26 20:03:24.801406+00	2022-07-26 20:03:24.801406+00	16
62	50	2022-07-26 20:03:24.801406+00	2022-07-26 20:03:24.801406+00	17
32	20	2022-07-26 20:03:24.801406+00	2022-07-26 20:03:24.801406+00	8
32	20	2022-07-26 20:03:24.801406+00	2022-07-26 20:03:24.801406+00	9
32	20	2022-07-26 20:03:24.801406+00	2022-07-26 20:03:24.801406+00	10
34	40	2022-07-26 20:03:24.801406+00	2022-07-26 20:03:24.801406+00	8
34	40	2022-07-26 20:03:24.801406+00	2022-07-26 20:03:24.801406+00	9
34	40	2022-07-26 20:03:24.801406+00	2022-07-26 20:03:24.801406+00	10
6	60	2022-07-26 20:03:24.808861+00	2022-07-26 20:03:24.808861+00	34
6	60	2022-07-26 20:03:24.808861+00	2022-07-26 20:03:24.808861+00	35
43	10	2022-07-26 20:03:24.808861+00	2022-07-26 20:03:24.808861+00	28
43	10	2022-07-26 20:03:24.808861+00	2022-07-26 20:03:24.808861+00	29
43	10	2022-07-26 20:03:24.808861+00	2022-07-26 20:03:24.808861+00	33
44	20	2022-07-26 20:03:24.808861+00	2022-07-26 20:03:24.808861+00	28
44	20	2022-07-26 20:03:24.808861+00	2022-07-26 20:03:24.808861+00	29
48	30	2022-07-26 20:03:24.808861+00	2022-07-26 20:03:24.808861+00	28
48	30	2022-07-26 20:03:24.808861+00	2022-07-26 20:03:24.808861+00	29
49	40	2022-07-26 20:03:24.808861+00	2022-07-26 20:03:24.808861+00	28
49	40	2022-07-26 20:03:24.808861+00	2022-07-26 20:03:24.808861+00	29
51	50	2022-07-26 20:03:24.808861+00	2022-07-26 20:03:24.808861+00	28
51	50	2022-07-26 20:03:24.808861+00	2022-07-26 20:03:24.808861+00	29
55	20	2022-07-26 20:03:24.808861+00	2022-07-26 20:03:24.808861+00	34
55	20	2022-07-26 20:03:24.808861+00	2022-07-26 20:03:24.808861+00	35
57	60	2022-07-26 20:03:24.808861+00	2022-07-26 20:03:24.808861+00	34
57	60	2022-07-26 20:03:24.808861+00	2022-07-26 20:03:24.808861+00	35
58	10	2022-07-26 20:03:24.808861+00	2022-07-26 20:03:24.808861+00	32
58	10	2022-07-26 20:03:24.808861+00	2022-07-26 20:03:24.808861+00	33
61	30	2022-07-26 20:03:24.808861+00	2022-07-26 20:03:24.808861+00	30
35	10	2022-07-26 20:03:24.808861+00	2022-07-26 20:03:24.808861+00	30
36	20	2022-07-26 20:03:24.808861+00	2022-07-26 20:03:24.808861+00	30
37	40	2022-07-26 20:03:24.808861+00	2022-07-26 20:03:24.808861+00	30
38	50	2022-07-26 20:03:24.808861+00	2022-07-26 20:03:24.808861+00	30
39	10	2022-07-26 20:03:24.808861+00	2022-07-26 20:03:24.808861+00	28
39	10	2022-07-26 20:03:24.808861+00	2022-07-26 20:03:24.808861+00	29
39	10	2022-07-26 20:03:24.808861+00	2022-07-26 20:03:24.808861+00	33
63	10	2022-07-26 20:03:24.808861+00	2022-07-26 20:03:24.808861+00	32
63	10	2022-07-26 20:03:24.808861+00	2022-07-26 20:03:24.808861+00	33
64	20	2022-07-26 20:03:24.808861+00	2022-07-26 20:03:24.808861+00	32
64	20	2022-07-26 20:03:24.808861+00	2022-07-26 20:03:24.808861+00	33
65	30	2022-07-26 20:03:24.808861+00	2022-07-26 20:03:24.808861+00	34
65	30	2022-07-26 20:03:24.808861+00	2022-07-26 20:03:24.808861+00	35
66	40	2022-07-26 20:03:24.808861+00	2022-07-26 20:03:24.808861+00	34
66	40	2022-07-26 20:03:24.808861+00	2022-07-26 20:03:24.808861+00	35
67	50	2022-07-26 20:03:24.808861+00	2022-07-26 20:03:24.808861+00	34
67	50	2022-07-26 20:03:24.808861+00	2022-07-26 20:03:24.808861+00	35
\.


--
-- Data for Name: survey_types; Type: TABLE DATA; Schema: upchieve; Owner: admin
--

COPY upchieve.survey_types (id, name, created_at, updated_at) FROM stdin;
1	presession	2022-07-26 20:03:24.774455+00	2022-07-26 20:03:24.774455+00
2	postsession	2022-07-26 20:03:24.774455+00	2022-07-26 20:03:24.774455+00
\.


--
-- Data for Name: surveys_context; Type: TABLE DATA; Schema: upchieve; Owner: admin
--

COPY upchieve.surveys_context (survey_id, subject_id, survey_type_id, created_at, updated_at) FROM stdin;
1	1	1	2022-07-26 20:03:24.774455+00	2022-07-26 20:03:24.774455+00
1	2	1	2022-07-26 20:03:24.774455+00	2022-07-26 20:03:24.774455+00
1	3	1	2022-07-26 20:03:24.774455+00	2022-07-26 20:03:24.774455+00
1	4	1	2022-07-26 20:03:24.774455+00	2022-07-26 20:03:24.774455+00
1	5	1	2022-07-26 20:03:24.774455+00	2022-07-26 20:03:24.774455+00
1	6	1	2022-07-26 20:03:24.774455+00	2022-07-26 20:03:24.774455+00
1	7	1	2022-07-26 20:03:24.774455+00	2022-07-26 20:03:24.774455+00
1	8	1	2022-07-26 20:03:24.774455+00	2022-07-26 20:03:24.774455+00
1	9	1	2022-07-26 20:03:24.774455+00	2022-07-26 20:03:24.774455+00
1	10	1	2022-07-26 20:03:24.774455+00	2022-07-26 20:03:24.774455+00
1	11	1	2022-07-26 20:03:24.774455+00	2022-07-26 20:03:24.774455+00
1	12	1	2022-07-26 20:03:24.774455+00	2022-07-26 20:03:24.774455+00
1	13	1	2022-07-26 20:03:24.774455+00	2022-07-26 20:03:24.774455+00
1	14	1	2022-07-26 20:03:24.774455+00	2022-07-26 20:03:24.774455+00
1	21	1	2022-07-26 20:03:24.774455+00	2022-07-26 20:03:24.774455+00
1	22	1	2022-07-26 20:03:24.774455+00	2022-07-26 20:03:24.774455+00
1	23	1	2022-07-26 20:03:24.774455+00	2022-07-26 20:03:24.774455+00
1	24	1	2022-07-26 20:03:24.774455+00	2022-07-26 20:03:24.774455+00
2	20	1	2022-07-26 20:03:24.774455+00	2022-07-26 20:03:24.774455+00
3	25	1	2022-07-26 20:03:24.774455+00	2022-07-26 20:03:24.774455+00
4	18	1	2022-07-26 20:03:24.774455+00	2022-07-26 20:03:24.774455+00
6	19	1	2022-07-26 20:03:24.774455+00	2022-07-26 20:03:24.774455+00
7	15	1	2022-07-26 20:03:24.774455+00	2022-07-26 20:03:24.774455+00
7	16	1	2022-07-26 20:03:24.774455+00	2022-07-26 20:03:24.774455+00
8	1	2	2022-07-26 20:03:24.783222+00	2022-07-26 20:03:24.783222+00
8	2	2	2022-07-26 20:03:24.783222+00	2022-07-26 20:03:24.783222+00
8	3	2	2022-07-26 20:03:24.783222+00	2022-07-26 20:03:24.783222+00
8	4	2	2022-07-26 20:03:24.783222+00	2022-07-26 20:03:24.783222+00
8	5	2	2022-07-26 20:03:24.783222+00	2022-07-26 20:03:24.783222+00
8	6	2	2022-07-26 20:03:24.783222+00	2022-07-26 20:03:24.783222+00
8	7	2	2022-07-26 20:03:24.783222+00	2022-07-26 20:03:24.783222+00
8	8	2	2022-07-26 20:03:24.783222+00	2022-07-26 20:03:24.783222+00
8	9	2	2022-07-26 20:03:24.783222+00	2022-07-26 20:03:24.783222+00
8	10	2	2022-07-26 20:03:24.783222+00	2022-07-26 20:03:24.783222+00
8	11	2	2022-07-26 20:03:24.783222+00	2022-07-26 20:03:24.783222+00
8	12	2	2022-07-26 20:03:24.783222+00	2022-07-26 20:03:24.783222+00
8	13	2	2022-07-26 20:03:24.783222+00	2022-07-26 20:03:24.783222+00
8	14	2	2022-07-26 20:03:24.783222+00	2022-07-26 20:03:24.783222+00
8	15	2	2022-07-26 20:03:24.783222+00	2022-07-26 20:03:24.783222+00
8	16	2	2022-07-26 20:03:24.783222+00	2022-07-26 20:03:24.783222+00
8	17	2	2022-07-26 20:03:24.783222+00	2022-07-26 20:03:24.783222+00
8	18	2	2022-07-26 20:03:24.783222+00	2022-07-26 20:03:24.783222+00
8	19	2	2022-07-26 20:03:24.783222+00	2022-07-26 20:03:24.783222+00
8	20	2	2022-07-26 20:03:24.783222+00	2022-07-26 20:03:24.783222+00
8	21	2	2022-07-26 20:03:24.783222+00	2022-07-26 20:03:24.783222+00
8	22	2	2022-07-26 20:03:24.783222+00	2022-07-26 20:03:24.783222+00
8	23	2	2022-07-26 20:03:24.783222+00	2022-07-26 20:03:24.783222+00
8	24	2	2022-07-26 20:03:24.783222+00	2022-07-26 20:03:24.783222+00
8	25	2	2022-07-26 20:03:24.783222+00	2022-07-26 20:03:24.783222+00
5	17	1	2022-07-26 20:03:24.801406+00	2022-07-26 20:03:24.801406+00
9	1	2	2022-07-26 20:03:24.808861+00	2022-07-26 20:03:24.808861+00
9	2	2	2022-07-26 20:03:24.808861+00	2022-07-26 20:03:24.808861+00
9	3	2	2022-07-26 20:03:24.808861+00	2022-07-26 20:03:24.808861+00
9	4	2	2022-07-26 20:03:24.808861+00	2022-07-26 20:03:24.808861+00
9	5	2	2022-07-26 20:03:24.808861+00	2022-07-26 20:03:24.808861+00
9	6	2	2022-07-26 20:03:24.808861+00	2022-07-26 20:03:24.808861+00
9	7	2	2022-07-26 20:03:24.808861+00	2022-07-26 20:03:24.808861+00
9	8	2	2022-07-26 20:03:24.808861+00	2022-07-26 20:03:24.808861+00
9	9	2	2022-07-26 20:03:24.808861+00	2022-07-26 20:03:24.808861+00
9	10	2	2022-07-26 20:03:24.808861+00	2022-07-26 20:03:24.808861+00
9	11	2	2022-07-26 20:03:24.808861+00	2022-07-26 20:03:24.808861+00
9	12	2	2022-07-26 20:03:24.808861+00	2022-07-26 20:03:24.808861+00
9	13	2	2022-07-26 20:03:24.808861+00	2022-07-26 20:03:24.808861+00
9	14	2	2022-07-26 20:03:24.808861+00	2022-07-26 20:03:24.808861+00
9	20	2	2022-07-26 20:03:24.808861+00	2022-07-26 20:03:24.808861+00
9	21	2	2022-07-26 20:03:24.808861+00	2022-07-26 20:03:24.808861+00
9	22	2	2022-07-26 20:03:24.808861+00	2022-07-26 20:03:24.808861+00
9	23	2	2022-07-26 20:03:24.808861+00	2022-07-26 20:03:24.808861+00
9	24	2	2022-07-26 20:03:24.808861+00	2022-07-26 20:03:24.808861+00
9	25	2	2022-07-26 20:03:24.808861+00	2022-07-26 20:03:24.808861+00
10	15	2	2022-07-26 20:03:24.808861+00	2022-07-26 20:03:24.808861+00
10	16	2	2022-07-26 20:03:24.808861+00	2022-07-26 20:03:24.808861+00
\.


--
-- Data for Name: training_courses; Type: TABLE DATA; Schema: upchieve; Owner: admin
--

COPY upchieve.training_courses (id, name, created_at, updated_at) FROM stdin;
1	upchieve101	2022-07-26 20:03:24.259071+00	2022-07-26 20:03:24.259071+00
\.


--
-- Data for Name: user_actions; Type: TABLE DATA; Schema: upchieve; Owner: admin
--

COPY upchieve.user_actions (id, user_id, session_id, action_type, action, ip_address_id, device, browser, browser_version, operating_system, operating_system_version, quiz_subcategory, quiz_category, created_at, updated_at, mongo_id, reference_email, volunteer_id, ban_reason) FROM stdin;
\.


--
-- Data for Name: user_product_flags; Type: TABLE DATA; Schema: upchieve; Owner: admin
--

COPY upchieve.user_product_flags (user_id, sent_ready_to_coach_email, sent_hour_summary_intro_email, sent_inactive_thirty_day_email, sent_inactive_sixty_day_email, sent_inactive_ninety_day_email, gates_qualified, created_at, updated_at, in_gates_study) FROM stdin;
\.


--
-- Data for Name: user_session_metrics; Type: TABLE DATA; Schema: upchieve; Owner: admin
--

COPY upchieve.user_session_metrics (user_id, absent_student, absent_volunteer, low_session_rating_from_coach, low_session_rating_from_student, low_coach_rating_from_student, reported, only_looking_for_answers, rude_or_inappropriate, comment_from_student, comment_from_volunteer, has_been_unmatched, has_had_technical_issues, created_at, updated_at) FROM stdin;
01823c1b-6d4d-e283-311f-b5326fa63905	0	0	0	0	0	0	0	0	0	0	0	0	2022-07-26 20:03:26.67104+00	2022-07-26 20:03:26.67104+00
01823c1b-6d4d-8285-b5f4-7c360574c513	0	0	0	0	0	0	0	0	0	0	0	0	2022-07-26 20:03:26.673106+00	2022-07-26 20:03:26.673106+00
01823c1b-6d4d-c569-e57b-df50330031c1	0	0	0	0	0	0	0	0	0	0	0	0	2022-07-26 20:03:26.674794+00	2022-07-26 20:03:26.674794+00
01823c1b-6d4d-c734-985e-54c0f17e0efe	0	0	0	0	0	0	0	0	0	0	0	0	2022-07-26 20:03:26.676649+00	2022-07-26 20:03:26.676649+00
01823c1b-6d4d-f6ee-0f83-718fa9abdb26	0	0	0	0	0	0	0	0	0	0	0	0	2022-07-26 20:03:26.678469+00	2022-07-26 20:03:26.678469+00
01823c1b-6d4d-b683-6881-9d70bf85e126	0	0	0	0	0	0	0	0	0	0	0	0	2022-07-26 20:03:26.680423+00	2022-07-26 20:03:26.680423+00
01823c1b-6dd9-67a3-ee09-a62a6c0e4a3d	0	0	0	0	0	0	0	0	0	0	0	0	2022-07-26 20:03:26.81098+00	2022-07-26 20:03:26.81098+00
01823c1b-6dd9-82ff-7678-7fa09e8b9fbc	0	0	0	0	0	0	0	0	0	0	0	0	2022-07-26 20:03:26.812906+00	2022-07-26 20:03:26.812906+00
01823c1b-6dd9-d896-91d7-6498f71f4962	0	0	0	0	0	0	0	0	0	0	0	0	2022-07-26 20:03:26.814771+00	2022-07-26 20:03:26.814771+00
\.


--
-- Data for Name: users_certifications; Type: TABLE DATA; Schema: upchieve; Owner: admin
--

COPY upchieve.users_certifications (user_id, certification_id, created_at, updated_at) FROM stdin;
01823c1b-6d4d-e283-311f-b5326fa63905	1	2022-07-26 20:03:26.686562+00	2022-07-26 20:03:26.686562+00
01823c1b-6d4d-e283-311f-b5326fa63905	16	2022-07-26 20:03:26.690794+00	2022-07-26 20:03:26.690794+00
01823c1b-6d4d-e283-311f-b5326fa63905	17	2022-07-26 20:03:26.693253+00	2022-07-26 20:03:26.693253+00
01823c1b-6d4d-e283-311f-b5326fa63905	11	2022-07-26 20:03:26.695445+00	2022-07-26 20:03:26.695445+00
01823c1b-6d4d-e283-311f-b5326fa63905	4	2022-07-26 20:03:26.697505+00	2022-07-26 20:03:26.697505+00
01823c1b-6d4d-e283-311f-b5326fa63905	20	2022-07-26 20:03:26.699489+00	2022-07-26 20:03:26.699489+00
01823c1b-6d4d-e283-311f-b5326fa63905	5	2022-07-26 20:03:26.701718+00	2022-07-26 20:03:26.701718+00
01823c1b-6d4d-e283-311f-b5326fa63905	9	2022-07-26 20:03:26.703733+00	2022-07-26 20:03:26.703733+00
01823c1b-6d4d-e283-311f-b5326fa63905	3	2022-07-26 20:03:26.70575+00	2022-07-26 20:03:26.70575+00
01823c1b-6d4d-e283-311f-b5326fa63905	6	2022-07-26 20:03:26.707885+00	2022-07-26 20:03:26.707885+00
01823c1b-6d4d-e283-311f-b5326fa63905	19	2022-07-26 20:03:26.709878+00	2022-07-26 20:03:26.709878+00
01823c1b-6d4d-e283-311f-b5326fa63905	18	2022-07-26 20:03:26.712006+00	2022-07-26 20:03:26.712006+00
01823c1b-6d4d-e283-311f-b5326fa63905	15	2022-07-26 20:03:26.714013+00	2022-07-26 20:03:26.714013+00
01823c1b-6d4d-8285-b5f4-7c360574c513	1	2022-07-26 20:03:26.716013+00	2022-07-26 20:03:26.716013+00
01823c1b-6d4d-8285-b5f4-7c360574c513	16	2022-07-26 20:03:26.718184+00	2022-07-26 20:03:26.718184+00
01823c1b-6d4d-8285-b5f4-7c360574c513	17	2022-07-26 20:03:26.720317+00	2022-07-26 20:03:26.720317+00
01823c1b-6d4d-8285-b5f4-7c360574c513	10	2022-07-26 20:03:26.722486+00	2022-07-26 20:03:26.722486+00
01823c1b-6d4d-8285-b5f4-7c360574c513	4	2022-07-26 20:03:26.724883+00	2022-07-26 20:03:26.724883+00
01823c1b-6d4d-8285-b5f4-7c360574c513	20	2022-07-26 20:03:26.727344+00	2022-07-26 20:03:26.727344+00
01823c1b-6d4d-8285-b5f4-7c360574c513	5	2022-07-26 20:03:26.729461+00	2022-07-26 20:03:26.729461+00
01823c1b-6d4d-8285-b5f4-7c360574c513	9	2022-07-26 20:03:26.7318+00	2022-07-26 20:03:26.7318+00
01823c1b-6d4d-8285-b5f4-7c360574c513	3	2022-07-26 20:03:26.734052+00	2022-07-26 20:03:26.734052+00
01823c1b-6d4d-8285-b5f4-7c360574c513	6	2022-07-26 20:03:26.736205+00	2022-07-26 20:03:26.736205+00
01823c1b-6d4d-8285-b5f4-7c360574c513	11	2022-07-26 20:03:26.738306+00	2022-07-26 20:03:26.738306+00
01823c1b-6d4d-8285-b5f4-7c360574c513	19	2022-07-26 20:03:26.740334+00	2022-07-26 20:03:26.740334+00
01823c1b-6d4d-8285-b5f4-7c360574c513	18	2022-07-26 20:03:26.742394+00	2022-07-26 20:03:26.742394+00
01823c1b-6d4d-c569-e57b-df50330031c1	1	2022-07-26 20:03:26.744503+00	2022-07-26 20:03:26.744503+00
01823c1b-6d4d-c569-e57b-df50330031c1	16	2022-07-26 20:03:26.746508+00	2022-07-26 20:03:26.746508+00
01823c1b-6d4d-c569-e57b-df50330031c1	17	2022-07-26 20:03:26.748501+00	2022-07-26 20:03:26.748501+00
01823c1b-6d4d-c569-e57b-df50330031c1	10	2022-07-26 20:03:26.750454+00	2022-07-26 20:03:26.750454+00
01823c1b-6d4d-c569-e57b-df50330031c1	4	2022-07-26 20:03:26.75237+00	2022-07-26 20:03:26.75237+00
01823c1b-6d4d-c569-e57b-df50330031c1	20	2022-07-26 20:03:26.754733+00	2022-07-26 20:03:26.754733+00
01823c1b-6d4d-c569-e57b-df50330031c1	5	2022-07-26 20:03:26.756891+00	2022-07-26 20:03:26.756891+00
01823c1b-6d4d-c569-e57b-df50330031c1	9	2022-07-26 20:03:26.75897+00	2022-07-26 20:03:26.75897+00
01823c1b-6d4d-c569-e57b-df50330031c1	3	2022-07-26 20:03:26.761012+00	2022-07-26 20:03:26.761012+00
01823c1b-6d4d-c569-e57b-df50330031c1	6	2022-07-26 20:03:26.763065+00	2022-07-26 20:03:26.763065+00
01823c1b-6d4d-c569-e57b-df50330031c1	11	2022-07-26 20:03:26.765128+00	2022-07-26 20:03:26.765128+00
01823c1b-6d4d-c569-e57b-df50330031c1	19	2022-07-26 20:03:26.767314+00	2022-07-26 20:03:26.767314+00
01823c1b-6d4d-c569-e57b-df50330031c1	18	2022-07-26 20:03:26.769506+00	2022-07-26 20:03:26.769506+00
\.


--
-- Data for Name: users_ip_addresses; Type: TABLE DATA; Schema: upchieve; Owner: admin
--

COPY upchieve.users_ip_addresses (id, ip_address_id, user_id, created_at, updated_at) FROM stdin;
\.


--
-- Data for Name: users_quizzes; Type: TABLE DATA; Schema: upchieve; Owner: admin
--

COPY upchieve.users_quizzes (user_id, quiz_id, attempts, passed, created_at, updated_at) FROM stdin;
01823c1b-6d4d-e283-311f-b5326fa63905	1	1	t	2022-07-26 20:03:26.771673+00	2022-07-26 20:03:26.771673+00
01823c1b-6d4d-e283-311f-b5326fa63905	16	1	t	2022-07-26 20:03:26.772626+00	2022-07-26 20:03:26.772626+00
01823c1b-6d4d-e283-311f-b5326fa63905	17	1	t	2022-07-26 20:03:26.773377+00	2022-07-26 20:03:26.773377+00
01823c1b-6d4d-e283-311f-b5326fa63905	10	1	t	2022-07-26 20:03:26.774107+00	2022-07-26 20:03:26.774107+00
01823c1b-6d4d-e283-311f-b5326fa63905	4	1	t	2022-07-26 20:03:26.774947+00	2022-07-26 20:03:26.774947+00
01823c1b-6d4d-e283-311f-b5326fa63905	20	1	t	2022-07-26 20:03:26.775883+00	2022-07-26 20:03:26.775883+00
01823c1b-6d4d-e283-311f-b5326fa63905	5	1	t	2022-07-26 20:03:26.776791+00	2022-07-26 20:03:26.776791+00
01823c1b-6d4d-e283-311f-b5326fa63905	9	1	t	2022-07-26 20:03:26.777834+00	2022-07-26 20:03:26.777834+00
01823c1b-6d4d-e283-311f-b5326fa63905	3	1	t	2022-07-26 20:03:26.778754+00	2022-07-26 20:03:26.778754+00
01823c1b-6d4d-e283-311f-b5326fa63905	6	1	t	2022-07-26 20:03:26.779574+00	2022-07-26 20:03:26.779574+00
01823c1b-6d4d-e283-311f-b5326fa63905	11	1	t	2022-07-26 20:03:26.780439+00	2022-07-26 20:03:26.780439+00
01823c1b-6d4d-e283-311f-b5326fa63905	19	1	t	2022-07-26 20:03:26.781201+00	2022-07-26 20:03:26.781201+00
01823c1b-6d4d-e283-311f-b5326fa63905	18	1	t	2022-07-26 20:03:26.781895+00	2022-07-26 20:03:26.781895+00
01823c1b-6d4d-e283-311f-b5326fa63905	15	1	t	2022-07-26 20:03:26.78281+00	2022-07-26 20:03:26.78281+00
01823c1b-6d4d-e283-311f-b5326fa63905	23	1	t	2022-07-26 20:03:26.783631+00	2022-07-26 20:03:26.783631+00
01823c1b-6d4d-8285-b5f4-7c360574c513	1	1	t	2022-07-26 20:03:26.784427+00	2022-07-26 20:03:26.784427+00
01823c1b-6d4d-8285-b5f4-7c360574c513	16	1	t	2022-07-26 20:03:26.785465+00	2022-07-26 20:03:26.785465+00
01823c1b-6d4d-8285-b5f4-7c360574c513	17	1	t	2022-07-26 20:03:26.786484+00	2022-07-26 20:03:26.786484+00
01823c1b-6d4d-8285-b5f4-7c360574c513	10	1	t	2022-07-26 20:03:26.787367+00	2022-07-26 20:03:26.787367+00
01823c1b-6d4d-8285-b5f4-7c360574c513	4	1	t	2022-07-26 20:03:26.788291+00	2022-07-26 20:03:26.788291+00
01823c1b-6d4d-8285-b5f4-7c360574c513	20	1	t	2022-07-26 20:03:26.789131+00	2022-07-26 20:03:26.789131+00
01823c1b-6d4d-8285-b5f4-7c360574c513	5	1	t	2022-07-26 20:03:26.789989+00	2022-07-26 20:03:26.789989+00
01823c1b-6d4d-8285-b5f4-7c360574c513	9	1	t	2022-07-26 20:03:26.790881+00	2022-07-26 20:03:26.790881+00
01823c1b-6d4d-8285-b5f4-7c360574c513	3	1	t	2022-07-26 20:03:26.791791+00	2022-07-26 20:03:26.791791+00
01823c1b-6d4d-8285-b5f4-7c360574c513	6	1	t	2022-07-26 20:03:26.792635+00	2022-07-26 20:03:26.792635+00
01823c1b-6d4d-8285-b5f4-7c360574c513	11	1	t	2022-07-26 20:03:26.793635+00	2022-07-26 20:03:26.793635+00
01823c1b-6d4d-8285-b5f4-7c360574c513	19	1	t	2022-07-26 20:03:26.794892+00	2022-07-26 20:03:26.794892+00
01823c1b-6d4d-8285-b5f4-7c360574c513	18	1	t	2022-07-26 20:03:26.795741+00	2022-07-26 20:03:26.795741+00
01823c1b-6d4d-c569-e57b-df50330031c1	1	1	t	2022-07-26 20:03:26.796598+00	2022-07-26 20:03:26.796598+00
01823c1b-6d4d-c569-e57b-df50330031c1	16	1	t	2022-07-26 20:03:26.797437+00	2022-07-26 20:03:26.797437+00
01823c1b-6d4d-c569-e57b-df50330031c1	17	1	t	2022-07-26 20:03:26.798537+00	2022-07-26 20:03:26.798537+00
01823c1b-6d4d-c569-e57b-df50330031c1	10	1	t	2022-07-26 20:03:26.799396+00	2022-07-26 20:03:26.799396+00
01823c1b-6d4d-c569-e57b-df50330031c1	4	1	t	2022-07-26 20:03:26.800303+00	2022-07-26 20:03:26.800303+00
01823c1b-6d4d-c569-e57b-df50330031c1	20	1	t	2022-07-26 20:03:26.801361+00	2022-07-26 20:03:26.801361+00
01823c1b-6d4d-c569-e57b-df50330031c1	5	1	t	2022-07-26 20:03:26.80236+00	2022-07-26 20:03:26.80236+00
01823c1b-6d4d-c569-e57b-df50330031c1	9	1	t	2022-07-26 20:03:26.803205+00	2022-07-26 20:03:26.803205+00
01823c1b-6d4d-c569-e57b-df50330031c1	3	1	t	2022-07-26 20:03:26.804383+00	2022-07-26 20:03:26.804383+00
01823c1b-6d4d-c569-e57b-df50330031c1	6	1	t	2022-07-26 20:03:26.805181+00	2022-07-26 20:03:26.805181+00
01823c1b-6d4d-c569-e57b-df50330031c1	11	1	t	2022-07-26 20:03:26.806061+00	2022-07-26 20:03:26.806061+00
01823c1b-6d4d-c569-e57b-df50330031c1	19	1	t	2022-07-26 20:03:26.806923+00	2022-07-26 20:03:26.806923+00
01823c1b-6d4d-c569-e57b-df50330031c1	18	1	t	2022-07-26 20:03:26.807742+00	2022-07-26 20:03:26.807742+00
\.


--
-- Data for Name: users_roles; Type: TABLE DATA; Schema: upchieve; Owner: admin
--

COPY upchieve.users_roles (user_id, role_id, created_at, updated_at) FROM stdin;
\.


--
-- Data for Name: users_surveys; Type: TABLE DATA; Schema: upchieve; Owner: admin
--

COPY upchieve.users_surveys (id, survey_id, user_id, session_id, survey_type_id, created_at, updated_at) FROM stdin;
\.


--
-- Data for Name: users_surveys_submissions; Type: TABLE DATA; Schema: upchieve; Owner: admin
--

COPY upchieve.users_surveys_submissions (user_survey_id, survey_question_id, survey_response_choice_id, open_response, created_at, updated_at) FROM stdin;
\.


--
-- Data for Name: users_training_courses; Type: TABLE DATA; Schema: upchieve; Owner: admin
--

COPY upchieve.users_training_courses (user_id, training_course_id, complete, progress, completed_materials, created_at, updated_at) FROM stdin;
\.


--
-- Data for Name: volunteer_occupations; Type: TABLE DATA; Schema: upchieve; Owner: admin
--

COPY upchieve.volunteer_occupations (user_id, occupation, created_at, updated_at) FROM stdin;
\.


--
-- Data for Name: volunteer_profiles; Type: TABLE DATA; Schema: upchieve; Owner: admin
--

COPY upchieve.volunteer_profiles (user_id, volunteer_partner_org_id, timezone, approved, onboarded, photo_id_s3_key, photo_id_status, linkedin_url, college, company, languages, experience, city, state, country, created_at, updated_at, total_volunteer_hours, elapsed_availability) FROM stdin;
01823c1b-6d4d-e283-311f-b5326fa63905	01823c1b-6d39-1400-b089-ad4dba8113b1	America/New_York	t	t	\N	\N	\N	Volunteer College	\N	\N	\N	\N	\N	\N	2022-07-26 20:03:26.681376+00	2022-07-26 20:03:26.681376+00	\N	\N
01823c1b-6d4d-8285-b5f4-7c360574c513	01823c1b-6d39-437e-8f40-0db3b9fb64d6	America/New_York	t	t	\N	\N	\N	Volunteer College	\N	\N	\N	\N	\N	\N	2022-07-26 20:03:26.682469+00	2022-07-26 20:03:26.682469+00	\N	\N
01823c1b-6d4d-c569-e57b-df50330031c1	\N	America/Denver	t	t	\N	\N	\N	Volunteer College	\N	\N	\N	\N	\N	\N	2022-07-26 20:03:26.683261+00	2022-07-26 20:03:26.683261+00	\N	\N
01823c1b-6d4d-c734-985e-54c0f17e0efe	\N	America/New_York	t	f	\N	\N	\N	Volunteer College	\N	\N	\N	\N	\N	\N	2022-07-26 20:03:26.684061+00	2022-07-26 20:03:26.684061+00	\N	\N
01823c1b-6d4d-f6ee-0f83-718fa9abdb26	\N	America/New_York	f	f	\N	\N	\N	Volunteer College	\N	\N	\N	\N	\N	\N	2022-07-26 20:03:26.684905+00	2022-07-26 20:03:26.684905+00	\N	\N
01823c1b-6d4d-b683-6881-9d70bf85e126	\N	America/New_York	t	t	\N	\N	\N		\N	\N	\N	\N	\N	\N	2022-07-26 20:03:26.68575+00	2022-07-26 20:03:26.68575+00	\N	\N
\.


--
-- Data for Name: volunteer_reference_statuses; Type: TABLE DATA; Schema: upchieve; Owner: admin
--

COPY upchieve.volunteer_reference_statuses (id, name, created_at, updated_at) FROM stdin;
1	sent	2022-07-26 20:03:24.260018+00	2022-07-26 20:03:24.260018+00
2	submitted	2022-07-26 20:03:24.260857+00	2022-07-26 20:03:24.260857+00
3	approved	2022-07-26 20:03:24.261607+00	2022-07-26 20:03:24.261607+00
4	rejected	2022-07-26 20:03:24.262378+00	2022-07-26 20:03:24.262378+00
5	removed	2022-07-26 20:03:24.263228+00	2022-07-26 20:03:24.263228+00
6	unsent	2022-07-26 20:03:24.263927+00	2022-07-26 20:03:24.263927+00
\.


--
-- Data for Name: volunteer_references; Type: TABLE DATA; Schema: upchieve; Owner: admin
--

COPY upchieve.volunteer_references (id, user_id, first_name, last_name, email, status_id, sent_at, affiliation, relationship_length, patient, positive_role_model, agreeable_and_approachable, communicates_effectively, rejection_reason, additional_info, created_at, updated_at, trustworthy_with_children) FROM stdin;
\.


--
-- Name: ban_reasons_id_seq; Type: SEQUENCE SET; Schema: upchieve; Owner: admin
--

SELECT pg_catalog.setval('upchieve.ban_reasons_id_seq', 5, true);


--
-- Name: certifications_id_seq; Type: SEQUENCE SET; Schema: upchieve; Owner: admin
--

SELECT pg_catalog.setval('upchieve.certifications_id_seq', 23, true);


--
-- Name: cities_id_seq; Type: SEQUENCE SET; Schema: upchieve; Owner: admin
--

SELECT pg_catalog.setval('upchieve.cities_id_seq', 2, true);


--
-- Name: grade_levels_id_seq; Type: SEQUENCE SET; Schema: upchieve; Owner: admin
--

SELECT pg_catalog.setval('upchieve.grade_levels_id_seq', 6, true);


--
-- Name: ip_addresses_id_seq; Type: SEQUENCE SET; Schema: upchieve; Owner: admin
--

SELECT pg_catalog.setval('upchieve.ip_addresses_id_seq', 1, false);


--
-- Name: notification_methods_id_seq; Type: SEQUENCE SET; Schema: upchieve; Owner: admin
--

SELECT pg_catalog.setval('upchieve.notification_methods_id_seq', 4, true);


--
-- Name: notification_priority_groups_id_seq; Type: SEQUENCE SET; Schema: upchieve; Owner: admin
--

SELECT pg_catalog.setval('upchieve.notification_priority_groups_id_seq', 19, true);


--
-- Name: notification_types_id_seq; Type: SEQUENCE SET; Schema: upchieve; Owner: admin
--

SELECT pg_catalog.setval('upchieve.notification_types_id_seq', 2, true);


--
-- Name: photo_id_statuses_id_seq; Type: SEQUENCE SET; Schema: upchieve; Owner: admin
--

SELECT pg_catalog.setval('upchieve.photo_id_statuses_id_seq', 4, true);


--
-- Name: question_tags_id_seq; Type: SEQUENCE SET; Schema: upchieve; Owner: admin
--

SELECT pg_catalog.setval('upchieve.question_tags_id_seq', 1, false);


--
-- Name: question_types_id_seq; Type: SEQUENCE SET; Schema: upchieve; Owner: admin
--

SELECT pg_catalog.setval('upchieve.question_types_id_seq', 3, true);


--
-- Name: quiz_questions_id_seq; Type: SEQUENCE SET; Schema: upchieve; Owner: admin
--

SELECT pg_catalog.setval('upchieve.quiz_questions_id_seq', 1, false);


--
-- Name: quiz_subcategories_id_seq; Type: SEQUENCE SET; Schema: upchieve; Owner: admin
--

SELECT pg_catalog.setval('upchieve.quiz_subcategories_id_seq', 299, true);


--
-- Name: quizzes_id_seq; Type: SEQUENCE SET; Schema: upchieve; Owner: admin
--

SELECT pg_catalog.setval('upchieve.quizzes_id_seq', 25, true);


--
-- Name: report_reasons_id_seq; Type: SEQUENCE SET; Schema: upchieve; Owner: admin
--

SELECT pg_catalog.setval('upchieve.report_reasons_id_seq', 5, true);


--
-- Name: session_flags_id_seq; Type: SEQUENCE SET; Schema: upchieve; Owner: admin
--

SELECT pg_catalog.setval('upchieve.session_flags_id_seq', 12, true);


--
-- Name: signup_sources_id_seq; Type: SEQUENCE SET; Schema: upchieve; Owner: admin
--

SELECT pg_catalog.setval('upchieve.signup_sources_id_seq', 6, true);


--
-- Name: subjects_id_seq; Type: SEQUENCE SET; Schema: upchieve; Owner: admin
--

SELECT pg_catalog.setval('upchieve.subjects_id_seq', 26, true);


--
-- Name: survey_questions_id_seq; Type: SEQUENCE SET; Schema: upchieve; Owner: admin
--

SELECT pg_catalog.setval('upchieve.survey_questions_id_seq', 19, true);


--
-- Name: survey_questions_question_tags_id_seq; Type: SEQUENCE SET; Schema: upchieve; Owner: admin
--

SELECT pg_catalog.setval('upchieve.survey_questions_question_tags_id_seq', 1, false);


--
-- Name: survey_response_choices_id_seq; Type: SEQUENCE SET; Schema: upchieve; Owner: admin
--

SELECT pg_catalog.setval('upchieve.survey_response_choices_id_seq', 67, true);


--
-- Name: survey_types_id_seq; Type: SEQUENCE SET; Schema: upchieve; Owner: admin
--

SELECT pg_catalog.setval('upchieve.survey_types_id_seq', 3, true);


--
-- Name: surveys_id_seq; Type: SEQUENCE SET; Schema: upchieve; Owner: admin
--

SELECT pg_catalog.setval('upchieve.surveys_id_seq', 11, true);


--
-- Name: surveys_survey_questions_id_seq; Type: SEQUENCE SET; Schema: upchieve; Owner: admin
--

SELECT pg_catalog.setval('upchieve.surveys_survey_questions_id_seq', 37, true);


--
-- Name: tool_types_id_seq; Type: SEQUENCE SET; Schema: upchieve; Owner: admin
--

SELECT pg_catalog.setval('upchieve.tool_types_id_seq', 2, true);


--
-- Name: topics_id_seq; Type: SEQUENCE SET; Schema: upchieve; Owner: admin
--

SELECT pg_catalog.setval('upchieve.topics_id_seq', 6, true);


--
-- Name: training_courses_id_seq; Type: SEQUENCE SET; Schema: upchieve; Owner: admin
--

SELECT pg_catalog.setval('upchieve.training_courses_id_seq', 1, true);


--
-- Name: user_actions_id_seq; Type: SEQUENCE SET; Schema: upchieve; Owner: admin
--

SELECT pg_catalog.setval('upchieve.user_actions_id_seq', 1, false);


--
-- Name: user_roles_id_seq; Type: SEQUENCE SET; Schema: upchieve; Owner: admin
--

SELECT pg_catalog.setval('upchieve.user_roles_id_seq', 3, true);


--
-- Name: volunteer_reference_statuses_id_seq; Type: SEQUENCE SET; Schema: upchieve; Owner: admin
--

SELECT pg_catalog.setval('upchieve.volunteer_reference_statuses_id_seq', 6, true);


--
-- Name: weekdays_id_seq; Type: SEQUENCE SET; Schema: upchieve; Owner: admin
--

SELECT pg_catalog.setval('upchieve.weekdays_id_seq', 1, false);


--
-- PostgreSQL database dump complete
--

