--
-- PostgreSQL database dump
--

-- Dumped from database version 14.1 (Debian 14.1-1.pgdg110+1)
-- Dumped by pg_dump version 14.2

SET statement_timeout = 0;
SET lock_timeout = 0;
SET idle_in_transaction_session_timeout = 0;
SET client_encoding = 'UTF8';
SET standard_conforming_strings = on;
SELECT pg_catalog.set_config('search_path', '', false);
SET check_function_bodies = false;
SET xmloption = content;
SET client_min_messages = warning;
SET row_security = off;

--
-- Data for Name: ban_reasons; Type: TABLE DATA; Schema: upchieve; Owner: admin
--

COPY upchieve.ban_reasons (id, name, created_at, updated_at) FROM stdin;
1	non us signup	2022-06-27 15:36:09.806356+00	2022-06-27 15:36:09.806356+00
2	session reported	2022-06-27 15:36:09.807197+00	2022-06-27 15:36:09.807197+00
3	used banned ip	2022-06-27 15:36:09.80788+00	2022-06-27 15:36:09.80788+00
4	admin	2022-06-27 15:36:09.808815+00	2022-06-27 15:36:09.808815+00
5	banned service provider	2022-06-27 15:36:09.809509+00	2022-06-27 15:36:09.809509+00
\.


--
-- Data for Name: signup_sources; Type: TABLE DATA; Schema: upchieve; Owner: admin
--

COPY upchieve.signup_sources (id, name, created_at, updated_at) FROM stdin;
1	Web search	2022-06-27 15:36:09.810242+00	2022-06-27 15:36:09.810242+00
2	Social media	2022-06-27 15:36:09.811125+00	2022-06-27 15:36:09.811125+00
3	Friend / Classmate	2022-06-27 15:36:09.811799+00	2022-06-27 15:36:09.811799+00
4	School / Teacher	2022-06-27 15:36:09.812495+00	2022-06-27 15:36:09.812495+00
5	Parent / Relative	2022-06-27 15:36:09.81318+00	2022-06-27 15:36:09.81318+00
6	Other	2022-06-27 15:36:09.813901+00	2022-06-27 15:36:09.813901+00
\.


--
-- Data for Name: users; Type: TABLE DATA; Schema: upchieve; Owner: admin
--

COPY upchieve.users (id, verified, email_verified, phone_verified, email, password, password_reset_token, first_name, last_name, deactivated, last_activity_at, referral_code, referred_by, test_user, banned, ban_reason_id, time_tutored, signup_source_id, created_at, updated_at, phone, mongo_id) FROM stdin;
0181a5ce-56ad-c360-0b27-f4542cd00589	t	f	f	volunteer1@upchieve.org	$2a$10$z.JMHnbX9IubnNZtqI.FOecTPVY1VTU1DJ6AJGIOT/x/OyAtdw3.y	\N	Partner	UPchieve	f	\N	B	\N	f	f	\N	25200000	\N	2022-06-27 15:36:12.206333+00	2022-06-27 15:36:12.206333+00	+12125551212	\N
0181a5ce-56ad-5701-bfe8-c3cff4df6578	t	f	f	volunteer2@upchieve.org	$2a$10$z.JMHnbX9IubnNZtqI.FOecTPVY1VTU1DJ6AJGIOT/x/OyAtdw3.y	\N	Special Reporting	UPchieve	f	\N	C	\N	f	f	\N	25200000	\N	2022-06-27 15:36:12.207788+00	2022-06-27 15:36:12.207788+00	+12125551213	\N
0181a5ce-56ad-a9a4-a3ce-e25d663397e6	t	f	f	volunteer3@upchieve.org	$2a$10$z.JMHnbX9IubnNZtqI.FOecTPVY1VTU1DJ6AJGIOT/x/OyAtdw3.y	\N	Open Sign Up	UPchieve	f	\N	D	\N	f	f	\N	25200000	\N	2022-06-27 15:36:12.208735+00	2022-06-27 15:36:12.208735+00	+12125551214	\N
0181a5ce-56ad-8f0e-f62c-72d08ab79d5c	t	f	f	volunteer4@upchieve.org	$2a$10$z.JMHnbX9IubnNZtqI.FOecTPVY1VTU1DJ6AJGIOT/x/OyAtdw3.y	\N	Needs Onboarding	UPchieve	f	\N	E	\N	f	f	\N	0	\N	2022-06-27 15:36:12.209626+00	2022-06-27 15:36:12.209626+00	+12125551215	\N
0181a5ce-56ad-8188-64eb-108006873637	t	f	f	volunteer5@upchieve.org	$2a$10$z.JMHnbX9IubnNZtqI.FOecTPVY1VTU1DJ6AJGIOT/x/OyAtdw3.y	\N	Needs Approval	UPchieve	f	\N	Z	\N	f	f	\N	0	\N	2022-06-27 15:36:12.210578+00	2022-06-27 15:36:12.210578+00	+12125551216	\N
0181a5ce-56ad-1e1e-d2e5-21684c956269	t	f	f	volunteer6@upchieve.org	$2a$10$z.JMHnbX9IubnNZtqI.FOecTPVY1VTU1DJ6AJGIOT/x/OyAtdw3.y	\N	Admin	UPchieve	f	\N	Y	\N	f	f	\N	0	\N	2022-06-27 15:36:12.211602+00	2022-06-27 15:36:12.211602+00	+12125551217	\N
0181a5ce-56fc-e853-d1af-a60f13d0f91b	t	f	f	student1@upchieve.org	$2a$10$z.JMHnbX9IubnNZtqI.FOecTPVY1VTU1DJ6AJGIOT/x/OyAtdw3.y	\N	Student	UPchieve	f	\N	A	\N	f	f	\N	\N	\N	2022-06-27 15:36:12.284534+00	2022-06-27 15:36:12.284534+00	\N	\N
0181a5ce-56fc-8533-5a46-9c25f22bb0b8	t	f	f	student2@upchieve.org	$2a$10$z.JMHnbX9IubnNZtqI.FOecTPVY1VTU1DJ6AJGIOT/x/OyAtdw3.y	\N	Student	UPchieve	f	\N	F	\N	f	f	\N	\N	\N	2022-06-27 15:36:12.285447+00	2022-06-27 15:36:12.285447+00	\N	\N
0181a5ce-56fc-e9c0-f73b-8f40106cc2e7	t	f	f	student3@upchieve.org	$2a$10$z.JMHnbX9IubnNZtqI.FOecTPVY1VTU1DJ6AJGIOT/x/OyAtdw3.y	\N	Student	UPchieve	f	\N	G	\N	f	f	\N	\N	\N	2022-06-27 15:36:12.28627+00	2022-06-27 15:36:12.28627+00	\N	\N
\.


--
-- Data for Name: admin_profiles; Type: TABLE DATA; Schema: upchieve; Owner: admin
--

COPY upchieve.admin_profiles (user_id, created_at, updated_at) FROM stdin;
0181a5ce-56ad-1e1e-d2e5-21684c956269	2022-06-27 15:36:12.283328+00	2022-06-27 15:36:12.283328+00
\.


--
-- Data for Name: tool_types; Type: TABLE DATA; Schema: upchieve; Owner: admin
--

COPY upchieve.tool_types (id, name, created_at, updated_at) FROM stdin;
1	whiteboard	2022-06-27 15:36:09.8328+00	2022-06-27 15:36:09.8328+00
2	documenteditor	2022-06-27 15:36:09.833724+00	2022-06-27 15:36:09.833724+00
\.


--
-- Data for Name: topics; Type: TABLE DATA; Schema: upchieve; Owner: admin
--

COPY upchieve.topics (id, name, icon_link, color, dashboard_order, display_name, created_at, updated_at) FROM stdin;
1	math	\N	\N	1	Math	2022-06-27 15:36:09.828797+00	2022-06-27 15:36:09.828797+00
2	science	\N	\N	4	Science	2022-06-27 15:36:09.829814+00	2022-06-27 15:36:09.829814+00
3	college	\N	\N	3	College Counseling	2022-06-27 15:36:09.830642+00	2022-06-27 15:36:09.830642+00
4	sat	\N	\N	2	Standardized Testing	2022-06-27 15:36:09.831376+00	2022-06-27 15:36:09.831376+00
5	readingWriting	\N	\N	5	Reading and Writing	2022-06-27 15:36:09.832051+00	2022-06-27 15:36:09.832051+00
6	socialStudies	\N	\N	6	Social Studies	2022-06-27 15:36:10.273686+00	2022-06-27 15:36:10.273686+00
\.


--
-- Data for Name: subjects; Type: TABLE DATA; Schema: upchieve; Owner: admin
--

COPY upchieve.subjects (id, name, display_name, display_order, topic_id, tool_type_id, created_at, updated_at) FROM stdin;
1	prealgebra	Prealgebra	1	1	1	2022-06-27 15:36:09.834733+00	2022-06-27 15:36:09.834733+00
2	algebraOne	Algebra 1	2	1	1	2022-06-27 15:36:09.836073+00	2022-06-27 15:36:09.836073+00
3	algebraTwo	Algebra 2	3	1	1	2022-06-27 15:36:09.837158+00	2022-06-27 15:36:09.837158+00
4	geometry	Geometry	4	1	1	2022-06-27 15:36:09.838306+00	2022-06-27 15:36:09.838306+00
5	trigonometry	Trigonometry	5	1	1	2022-06-27 15:36:09.839289+00	2022-06-27 15:36:09.839289+00
6	precalculus	Precalculus	6	1	1	2022-06-27 15:36:09.840227+00	2022-06-27 15:36:09.840227+00
7	calculusAB	Calculus AB	7	1	1	2022-06-27 15:36:09.841114+00	2022-06-27 15:36:09.841114+00
8	calculusBC	Calculus BC	8	1	1	2022-06-27 15:36:09.841892+00	2022-06-27 15:36:09.841892+00
9	statistics	Statistics	9	1	1	2022-06-27 15:36:09.842687+00	2022-06-27 15:36:09.842687+00
10	biology	Biology	1	2	1	2022-06-27 15:36:09.843399+00	2022-06-27 15:36:09.843399+00
11	chemistry	Chemistry	2	2	1	2022-06-27 15:36:09.844177+00	2022-06-27 15:36:09.844177+00
12	physicsOne	Physics 1	3	2	1	2022-06-27 15:36:09.845051+00	2022-06-27 15:36:09.845051+00
13	physicsTwo	Physics 2	4	2	1	2022-06-27 15:36:09.845826+00	2022-06-27 15:36:09.845826+00
14	environmentalScience	Environmental Science	5	2	1	2022-06-27 15:36:09.846633+00	2022-06-27 15:36:09.846633+00
15	satMath	SAT Math	1	4	1	2022-06-27 15:36:09.847362+00	2022-06-27 15:36:09.847362+00
16	satReading	SAT Reading	2	4	2	2022-06-27 15:36:09.848168+00	2022-06-27 15:36:09.848168+00
17	essays	College Essays	2	3	2	2022-06-27 15:36:09.848951+00	2022-06-27 15:36:09.848951+00
18	planning	Planning	1	3	2	2022-06-27 15:36:09.849678+00	2022-06-27 15:36:09.849678+00
19	applications	Applications	3	3	2	2022-06-27 15:36:09.850409+00	2022-06-27 15:36:09.850409+00
20	humanitiesEssays	Humanities Essays	1	5	2	2022-06-27 15:36:09.851103+00	2022-06-27 15:36:09.851103+00
21	integratedMathOne	Integrated Math One	9	1	1	2022-06-27 15:36:09.851828+00	2022-06-27 15:36:09.851828+00
22	integratedMathTwo	Integrated Math Two	9	1	1	2022-06-27 15:36:09.852519+00	2022-06-27 15:36:09.852519+00
23	integratedMathThree	Integrated Math Three	9	1	1	2022-06-27 15:36:09.853185+00	2022-06-27 15:36:09.853185+00
24	integratedMathFour	Integrated Math Four	9	1	1	2022-06-27 15:36:09.853898+00	2022-06-27 15:36:09.853898+00
25	reading	Reading	2	5	2	2022-06-27 15:36:10.232176+00	2022-06-27 15:36:10.232176+00
26	usHistory	U.S. History	1	6	2	2022-06-27 15:36:10.273686+00	2022-06-27 15:36:10.273686+00
\.


--
-- Data for Name: user_roles; Type: TABLE DATA; Schema: upchieve; Owner: admin
--

COPY upchieve.user_roles (id, name, created_at, updated_at) FROM stdin;
1	student	2022-06-27 15:36:09.803627+00	2022-06-27 15:36:09.803627+00
2	volunteer	2022-06-27 15:36:09.804702+00	2022-06-27 15:36:09.804702+00
3	admin	2022-06-27 15:36:09.805426+00	2022-06-27 15:36:09.805426+00
\.


--
-- Data for Name: sessions; Type: TABLE DATA; Schema: upchieve; Owner: admin
--

COPY upchieve.sessions (id, student_id, volunteer_id, subject_id, has_whiteboard_doc, quill_doc, volunteer_joined_at, ended_at, ended_by_role_id, reviewed, to_review, student_banned, time_tutored, created_at, updated_at, mongo_id) FROM stdin;
\.


--
-- Data for Name: assistments_data; Type: TABLE DATA; Schema: upchieve; Owner: admin
--

COPY upchieve.assistments_data (id, problem_id, assignment_id, student_id, session_id, sent, created_at, updated_at, sent_at, mongo_id) FROM stdin;
\.


--
-- Data for Name: sponsor_orgs; Type: TABLE DATA; Schema: upchieve; Owner: admin
--

COPY upchieve.sponsor_orgs (id, name, created_at, updated_at, key) FROM stdin;
0181a5ce-56a4-e9e8-afa1-36deb8a3e14e	Only Sponsors Schools	2022-06-27 15:36:12.197335+00	2022-06-27 15:36:12.197335+00	onlySponsorsSchools
0181a5ce-56a4-2c2f-41cf-5c21b077af2c	Only Sponsors Partner Orgs	2022-06-27 15:36:12.198344+00	2022-06-27 15:36:12.198344+00	onlySponsorsPartnerOrgs
0181a5ce-56a4-df1b-73dd-88d7fbfd23ee	Sponsors Both	2022-06-27 15:36:12.199093+00	2022-06-27 15:36:12.199093+00	sponsorsBoth
\.


--
-- Data for Name: student_partner_orgs; Type: TABLE DATA; Schema: upchieve; Owner: admin
--

COPY upchieve.student_partner_orgs (id, key, name, signup_code, high_school_signup, college_signup, school_signup_required, created_at, updated_at) FROM stdin;
0181a5ce-5651-c952-a290-f2aadf4d11b7	college-mentors	College Mentors	MENTORS	t	f	t	2022-06-27 15:36:12.159924+00	2022-06-27 15:36:12.159924+00
0181a5ce-5651-3f29-a812-e97f2d4b1c28	community-org	Community Org	COMMUNITY	t	f	f	2022-06-27 15:36:12.165598+00	2022-06-27 15:36:12.165598+00
0181a5ce-5651-25e9-143d-9a9aff01a957	school-helpers	School Helpers	SCHOOLHELPERS	f	f	f	2022-06-27 15:36:12.170449+00	2022-06-27 15:36:12.170449+00
0181a5ce-5651-7827-29a2-3551a634db12	college-learners	College Learners	COLLEGELEARNERS	f	t	t	2022-06-27 15:36:12.174046+00	2022-06-27 15:36:12.174046+00
0181a5ce-5651-faef-451b-254b62ee4e99	all-the-students	All The Students	ALLTHESTUDENTS	t	t	t	2022-06-27 15:36:12.177184+00	2022-06-27 15:36:12.177184+00
\.


--
-- Data for Name: volunteer_partner_orgs; Type: TABLE DATA; Schema: upchieve; Owner: admin
--

COPY upchieve.volunteer_partner_orgs (id, key, name, receive_weekly_hour_summary_email, created_at, updated_at) FROM stdin;
0181a5ce-5698-eba9-a474-dfd3b7cf6b4d	big-telecom	Big Telecom	t	2022-06-27 15:36:12.18487+00	2022-06-27 15:36:12.18487+00
0181a5ce-5698-ae46-faac-0f1641a2d53c	health-co	Health Co	f	2022-06-27 15:36:12.186221+00	2022-06-27 15:36:12.186221+00
\.


--
-- Data for Name: associated_partners; Type: TABLE DATA; Schema: upchieve; Owner: admin
--

COPY upchieve.associated_partners (id, key, volunteer_partner_org_id, student_partner_org_id, student_sponsor_org_id, created_at, updated_at) FROM stdin;
0181a5ce-56ab-a7fd-b5c0-0a13cee2f392	associatedWithSponsorOrg	0181a5ce-5698-eba9-a474-dfd3b7cf6b4d	\N	0181a5ce-56a4-e9e8-afa1-36deb8a3e14e	2022-06-27 15:36:12.203822+00	2022-06-27 15:36:12.203822+00
0181a5ce-56ab-82b9-d346-b40cec910960	associatedWithPartnerOrg	0181a5ce-5698-eba9-a474-dfd3b7cf6b4d	0181a5ce-5651-c952-a290-f2aadf4d11b7	\N	2022-06-27 15:36:12.204895+00	2022-06-27 15:36:12.204895+00
\.


--
-- Data for Name: weekdays; Type: TABLE DATA; Schema: upchieve; Owner: admin
--

COPY upchieve.weekdays (id, day, created_at, updated_at) FROM stdin;
1	Sunday	2022-06-27 15:36:09.797815+00	2022-06-27 15:36:09.797815+00
2	Monday	2022-06-27 15:36:09.798839+00	2022-06-27 15:36:09.798839+00
3	Tuesday	2022-06-27 15:36:09.799854+00	2022-06-27 15:36:09.799854+00
4	Wednesday	2022-06-27 15:36:09.800605+00	2022-06-27 15:36:09.800605+00
5	Thursday	2022-06-27 15:36:09.801318+00	2022-06-27 15:36:09.801318+00
6	Friday	2022-06-27 15:36:09.802064+00	2022-06-27 15:36:09.802064+00
7	Saturday	2022-06-27 15:36:09.80282+00	2022-06-27 15:36:09.80282+00
\.


--
-- Data for Name: availabilities; Type: TABLE DATA; Schema: upchieve; Owner: admin
--

COPY upchieve.availabilities (id, user_id, weekday_id, available_start, available_end, timezone, created_at, updated_at) FROM stdin;
\.


--
-- Data for Name: availability_histories; Type: TABLE DATA; Schema: upchieve; Owner: admin
--

COPY upchieve.availability_histories (id, user_id, weekday_id, available_start, available_end, timezone, recorded_at, created_at, updated_at) FROM stdin;
\.


--
-- Data for Name: certifications; Type: TABLE DATA; Schema: upchieve; Owner: admin
--

COPY upchieve.certifications (id, name, created_at, updated_at) FROM stdin;
1	prealgebra	2022-06-27 15:36:10.097997+00	2022-06-27 15:36:10.097997+00
2	statistics	2022-06-27 15:36:10.099015+00	2022-06-27 15:36:10.099015+00
3	geometry	2022-06-27 15:36:10.099721+00	2022-06-27 15:36:10.099721+00
4	biology	2022-06-27 15:36:10.100473+00	2022-06-27 15:36:10.100473+00
5	chemistry	2022-06-27 15:36:10.101196+00	2022-06-27 15:36:10.101196+00
6	physicsOne	2022-06-27 15:36:10.101857+00	2022-06-27 15:36:10.101857+00
7	physicsTwo	2022-06-27 15:36:10.102536+00	2022-06-27 15:36:10.102536+00
8	environmentalScience	2022-06-27 15:36:10.103315+00	2022-06-27 15:36:10.103315+00
9	essays	2022-06-27 15:36:10.103996+00	2022-06-27 15:36:10.103996+00
10	applications	2022-06-27 15:36:10.10463+00	2022-06-27 15:36:10.10463+00
11	planning	2022-06-27 15:36:10.105271+00	2022-06-27 15:36:10.105271+00
12	satMath	2022-06-27 15:36:10.105893+00	2022-06-27 15:36:10.105893+00
13	satReading	2022-06-27 15:36:10.106569+00	2022-06-27 15:36:10.106569+00
14	collegeCounseling	2022-06-27 15:36:10.107219+00	2022-06-27 15:36:10.107219+00
15	humanitiesEssays	2022-06-27 15:36:10.107899+00	2022-06-27 15:36:10.107899+00
16	algebraOne	2022-06-27 15:36:10.10851+00	2022-06-27 15:36:10.10851+00
17	algebraTwo	2022-06-27 15:36:10.109138+00	2022-06-27 15:36:10.109138+00
18	trigonometry	2022-06-27 15:36:10.109737+00	2022-06-27 15:36:10.109737+00
19	precalculus	2022-06-27 15:36:10.11036+00	2022-06-27 15:36:10.11036+00
20	calculusAB	2022-06-27 15:36:10.11097+00	2022-06-27 15:36:10.11097+00
21	calculusBC	2022-06-27 15:36:10.111598+00	2022-06-27 15:36:10.111598+00
22	reading	2022-06-27 15:36:10.232176+00	2022-06-27 15:36:10.232176+00
23	usHistory	2022-06-27 15:36:10.273686+00	2022-06-27 15:36:10.273686+00
\.


--
-- Data for Name: certification_subject_unlocks; Type: TABLE DATA; Schema: upchieve; Owner: admin
--

COPY upchieve.certification_subject_unlocks (subject_id, certification_id, created_at, updated_at) FROM stdin;
21	16	2022-06-27 15:36:10.143152+00	2022-06-27 15:36:10.143152+00
21	3	2022-06-27 15:36:10.144343+00	2022-06-27 15:36:10.144343+00
21	2	2022-06-27 15:36:10.145077+00	2022-06-27 15:36:10.145077+00
22	16	2022-06-27 15:36:10.145789+00	2022-06-27 15:36:10.145789+00
22	3	2022-06-27 15:36:10.146468+00	2022-06-27 15:36:10.146468+00
22	2	2022-06-27 15:36:10.147151+00	2022-06-27 15:36:10.147151+00
22	18	2022-06-27 15:36:10.147829+00	2022-06-27 15:36:10.147829+00
23	19	2022-06-27 15:36:10.148469+00	2022-06-27 15:36:10.148469+00
23	2	2022-06-27 15:36:10.149086+00	2022-06-27 15:36:10.149086+00
24	19	2022-06-27 15:36:10.149716+00	2022-06-27 15:36:10.149716+00
1	1	2022-06-27 15:36:10.150385+00	2022-06-27 15:36:10.150385+00
9	2	2022-06-27 15:36:10.151021+00	2022-06-27 15:36:10.151021+00
4	3	2022-06-27 15:36:10.151607+00	2022-06-27 15:36:10.151607+00
10	4	2022-06-27 15:36:10.1523+00	2022-06-27 15:36:10.1523+00
11	5	2022-06-27 15:36:10.152959+00	2022-06-27 15:36:10.152959+00
12	6	2022-06-27 15:36:10.153612+00	2022-06-27 15:36:10.153612+00
13	7	2022-06-27 15:36:10.154209+00	2022-06-27 15:36:10.154209+00
14	8	2022-06-27 15:36:10.154835+00	2022-06-27 15:36:10.154835+00
17	9	2022-06-27 15:36:10.155444+00	2022-06-27 15:36:10.155444+00
19	10	2022-06-27 15:36:10.156099+00	2022-06-27 15:36:10.156099+00
18	11	2022-06-27 15:36:10.156797+00	2022-06-27 15:36:10.156797+00
15	12	2022-06-27 15:36:10.15744+00	2022-06-27 15:36:10.15744+00
16	13	2022-06-27 15:36:10.158101+00	2022-06-27 15:36:10.158101+00
20	15	2022-06-27 15:36:10.158724+00	2022-06-27 15:36:10.158724+00
2	16	2022-06-27 15:36:10.159359+00	2022-06-27 15:36:10.159359+00
3	17	2022-06-27 15:36:10.159986+00	2022-06-27 15:36:10.159986+00
5	18	2022-06-27 15:36:10.160683+00	2022-06-27 15:36:10.160683+00
6	19	2022-06-27 15:36:10.161335+00	2022-06-27 15:36:10.161335+00
7	20	2022-06-27 15:36:10.161958+00	2022-06-27 15:36:10.161958+00
8	21	2022-06-27 15:36:10.162581+00	2022-06-27 15:36:10.162581+00
25	22	2022-06-27 15:36:10.232176+00	2022-06-27 15:36:10.232176+00
26	23	2022-06-27 15:36:10.273686+00	2022-06-27 15:36:10.273686+00
\.


--
-- Data for Name: us_states; Type: TABLE DATA; Schema: upchieve; Owner: admin
--

COPY upchieve.us_states (code, name, created_at, updated_at) FROM stdin;
AL	Alabama	2022-06-27 15:36:09.524883+00	2022-06-27 15:36:09.524883+00
AK	Alaska	2022-06-27 15:36:09.532974+00	2022-06-27 15:36:09.532974+00
AR	Arkansas	2022-06-27 15:36:09.539985+00	2022-06-27 15:36:09.539985+00
AZ	Arizona	2022-06-27 15:36:09.543604+00	2022-06-27 15:36:09.543604+00
CA	California	2022-06-27 15:36:09.544884+00	2022-06-27 15:36:09.544884+00
CO	Colorado	2022-06-27 15:36:09.546312+00	2022-06-27 15:36:09.546312+00
CT	Connecticut	2022-06-27 15:36:09.547259+00	2022-06-27 15:36:09.547259+00
DE	Delaware	2022-06-27 15:36:09.548487+00	2022-06-27 15:36:09.548487+00
DC	District of Columbia	2022-06-27 15:36:09.549333+00	2022-06-27 15:36:09.549333+00
FL	Florida	2022-06-27 15:36:09.55064+00	2022-06-27 15:36:09.55064+00
GA	Georgia	2022-06-27 15:36:09.551433+00	2022-06-27 15:36:09.551433+00
HI	Hawaii	2022-06-27 15:36:09.552489+00	2022-06-27 15:36:09.552489+00
ID	Idaho	2022-06-27 15:36:09.553438+00	2022-06-27 15:36:09.553438+00
IL	Illinois	2022-06-27 15:36:09.554346+00	2022-06-27 15:36:09.554346+00
IN	Indiana	2022-06-27 15:36:09.555176+00	2022-06-27 15:36:09.555176+00
IA	Iowa	2022-06-27 15:36:09.55602+00	2022-06-27 15:36:09.55602+00
KS	Kansas	2022-06-27 15:36:09.55682+00	2022-06-27 15:36:09.55682+00
KY	Kentucky	2022-06-27 15:36:09.557542+00	2022-06-27 15:36:09.557542+00
LA	Louisiana	2022-06-27 15:36:09.558308+00	2022-06-27 15:36:09.558308+00
ME	Maine	2022-06-27 15:36:09.559572+00	2022-06-27 15:36:09.559572+00
MD	Maryland	2022-06-27 15:36:09.560368+00	2022-06-27 15:36:09.560368+00
MA	Massachusetts	2022-06-27 15:36:09.561122+00	2022-06-27 15:36:09.561122+00
MI	Michigan	2022-06-27 15:36:09.561898+00	2022-06-27 15:36:09.561898+00
MN	Minnesota	2022-06-27 15:36:09.562678+00	2022-06-27 15:36:09.562678+00
MS	Mississippi	2022-06-27 15:36:09.563496+00	2022-06-27 15:36:09.563496+00
MO	Missouri	2022-06-27 15:36:09.564304+00	2022-06-27 15:36:09.564304+00
MT	Montana	2022-06-27 15:36:09.565114+00	2022-06-27 15:36:09.565114+00
NE	Nebraska	2022-06-27 15:36:09.565887+00	2022-06-27 15:36:09.565887+00
NV	Nevada	2022-06-27 15:36:09.566776+00	2022-06-27 15:36:09.566776+00
NH	New Hampshire	2022-06-27 15:36:09.56785+00	2022-06-27 15:36:09.56785+00
NJ	New Jersey	2022-06-27 15:36:09.568789+00	2022-06-27 15:36:09.568789+00
NM	New Mexico	2022-06-27 15:36:09.569644+00	2022-06-27 15:36:09.569644+00
NY	New York	2022-06-27 15:36:09.57045+00	2022-06-27 15:36:09.57045+00
NC	North Carolina	2022-06-27 15:36:09.571293+00	2022-06-27 15:36:09.571293+00
ND	North Dakota	2022-06-27 15:36:09.572138+00	2022-06-27 15:36:09.572138+00
OH	Ohio	2022-06-27 15:36:09.572941+00	2022-06-27 15:36:09.572941+00
OK	Oklahoma	2022-06-27 15:36:09.573718+00	2022-06-27 15:36:09.573718+00
OR	Oregon	2022-06-27 15:36:09.574522+00	2022-06-27 15:36:09.574522+00
PA	Pennsylvania	2022-06-27 15:36:09.575594+00	2022-06-27 15:36:09.575594+00
RI	Rhode Island	2022-06-27 15:36:09.576402+00	2022-06-27 15:36:09.576402+00
SC	South Carolina	2022-06-27 15:36:09.577174+00	2022-06-27 15:36:09.577174+00
SD	South Dakota	2022-06-27 15:36:09.578064+00	2022-06-27 15:36:09.578064+00
TN	Tennessee	2022-06-27 15:36:09.57889+00	2022-06-27 15:36:09.57889+00
TX	Texas	2022-06-27 15:36:09.579694+00	2022-06-27 15:36:09.579694+00
UT	Utah	2022-06-27 15:36:09.580495+00	2022-06-27 15:36:09.580495+00
VT	Vermont	2022-06-27 15:36:09.581281+00	2022-06-27 15:36:09.581281+00
VA	Virginia	2022-06-27 15:36:09.582101+00	2022-06-27 15:36:09.582101+00
WA	Washington	2022-06-27 15:36:09.582979+00	2022-06-27 15:36:09.582979+00
WV	West Virginia	2022-06-27 15:36:09.583819+00	2022-06-27 15:36:09.583819+00
WI	Wisconsin	2022-06-27 15:36:09.584689+00	2022-06-27 15:36:09.584689+00
WY	Wyoming	2022-06-27 15:36:09.585575+00	2022-06-27 15:36:09.585575+00
PR	Puerto Rico	2022-06-27 15:36:09.586395+00	2022-06-27 15:36:09.586395+00
GU	Guam	2022-06-27 15:36:09.587167+00	2022-06-27 15:36:09.587167+00
VI	Virgin Islands	2022-06-27 15:36:09.58802+00	2022-06-27 15:36:09.58802+00
AS	American Samoa	2022-06-27 15:36:09.588857+00	2022-06-27 15:36:09.588857+00
BI	Bureau of Indian Education	2022-06-27 15:36:09.589657+00	2022-06-27 15:36:09.589657+00
NA	NA	2022-06-27 15:36:09.590477+00	2022-06-27 15:36:09.590477+00
AE	U.S. Armed Forced - Europe	2022-06-27 15:36:10.2389+00	2022-06-27 15:36:10.2389+00
AA	U.S. Armed Forced - Americas	2022-06-27 15:36:10.2389+00	2022-06-27 15:36:10.2389+00
AP	U.S. Armed Forced - Pacific	2022-06-27 15:36:10.2389+00	2022-06-27 15:36:10.2389+00
PW	Palau	2022-06-27 15:36:10.2389+00	2022-06-27 15:36:10.2389+00
FM	Micronesia	2022-06-27 15:36:10.2389+00	2022-06-27 15:36:10.2389+00
MP	Norther Mariana Islands	2022-06-27 15:36:10.2389+00	2022-06-27 15:36:10.2389+00
MH	Marshall Islands	2022-06-27 15:36:10.2389+00	2022-06-27 15:36:10.2389+00
\.


--
-- Data for Name: cities; Type: TABLE DATA; Schema: upchieve; Owner: admin
--

COPY upchieve.cities (id, name, us_state_code, created_at, updated_at) FROM stdin;
1	Denver	CO	2022-06-27 15:36:12.190417+00	2022-06-27 15:36:12.190417+00
2	Brooklyn	NY	2022-06-27 15:36:12.19172+00	2022-06-27 15:36:12.19172+00
\.


--
-- Data for Name: contact_form_submissions; Type: TABLE DATA; Schema: upchieve; Owner: admin
--

COPY upchieve.contact_form_submissions (id, user_id, user_email, message, topic, created_at, updated_at) FROM stdin;
\.


--
-- Data for Name: feedbacks; Type: TABLE DATA; Schema: upchieve; Owner: admin
--

COPY upchieve.feedbacks (id, topic_id, subject_id, user_role_id, session_id, student_tutoring_feedback, student_counseling_feedback, volunteer_feedback, comment, user_id, legacy_feedbacks, created_at, updated_at, mongo_id) FROM stdin;
\.


--
-- Data for Name: grade_levels; Type: TABLE DATA; Schema: upchieve; Owner: admin
--

COPY upchieve.grade_levels (id, name, created_at, updated_at) FROM stdin;
1	8th	2022-06-27 15:36:09.814699+00	2022-06-27 15:36:09.814699+00
2	9th	2022-06-27 15:36:09.815628+00	2022-06-27 15:36:09.815628+00
3	10th	2022-06-27 15:36:09.816431+00	2022-06-27 15:36:09.816431+00
4	11th	2022-06-27 15:36:09.817178+00	2022-06-27 15:36:09.817178+00
5	12th	2022-06-27 15:36:09.817946+00	2022-06-27 15:36:09.817946+00
6	College	2022-06-27 15:36:09.818866+00	2022-06-27 15:36:09.818866+00
\.


--
-- Data for Name: ip_addresses; Type: TABLE DATA; Schema: upchieve; Owner: admin
--

COPY upchieve.ip_addresses (id, ip, status, created_at, updated_at, mongo_id) FROM stdin;
\.


--
-- Data for Name: postal_codes; Type: TABLE DATA; Schema: upchieve; Owner: admin
--

COPY upchieve.postal_codes (code, us_state_code, income, location, created_at, updated_at) FROM stdin;
00501	NY	0	(40.81,-73.04)	2022-06-27 15:36:09.670913+00	2022-06-27 15:36:09.670913+00
01010	MA	24915	(42.11,-72.2)	2022-06-27 15:36:09.674097+00	2022-06-27 15:36:09.674097+00
01011	MA	5853	(42.28,-72.98)	2022-06-27 15:36:09.691296+00	2022-06-27 15:36:09.691296+00
00544	NY	0	(40.81,-73.04)	2022-06-27 15:36:09.700872+00	2022-06-27 15:36:09.700872+00
01012	MA	4316	(42.4,-72.85)	2022-06-27 15:36:09.701489+00	2022-06-27 15:36:09.701489+00
01002	MA	147482	(42.37,-72.52)	2022-06-27 15:36:09.72294+00	2022-06-27 15:36:09.72294+00
01014	MA	0	(42.17,-72.57)	2022-06-27 15:36:09.724084+00	2022-06-27 15:36:09.724084+00
01001	MA	91129	(42.06,-72.61)	2022-06-27 15:36:09.724657+00	2022-06-27 15:36:09.724657+00
01013	MA	79013	(42.15,-72.6)	2022-06-27 15:36:09.726434+00	2022-06-27 15:36:09.726434+00
01020	MA	128543	(42.17,-72.57)	2022-06-27 15:36:09.737559+00	2022-06-27 15:36:09.737559+00
01022	MA	9070	(42.2,-72.54)	2022-06-27 15:36:09.737949+00	2022-06-27 15:36:09.737949+00
01021	MA	0	(42.17,-72.57)	2022-06-27 15:36:09.737969+00	2022-06-27 15:36:09.737969+00
01003	MA	0	(42.39,-72.52)	2022-06-27 15:36:09.737881+00	2022-06-27 15:36:09.737881+00
01026	MA	5097	(42.46,-72.9)	2022-06-27 15:36:09.748742+00	2022-06-27 15:36:09.748742+00
01027	MA	105590	(42.26,-72.68)	2022-06-27 15:36:09.749556+00	2022-06-27 15:36:09.749556+00
01028	MA	129755	(42.06,-72.51)	2022-06-27 15:36:09.761391+00	2022-06-27 15:36:09.761391+00
01031	MA	4468	(42.33,-72.2)	2022-06-27 15:36:09.762177+00	2022-06-27 15:36:09.762177+00
01030	MA	68409	(42.06,-72.67)	2022-06-27 15:36:09.763761+00	2022-06-27 15:36:09.763761+00
01029	MA	0	(42.17,-73.03)	2022-06-27 15:36:09.76405+00	2022-06-27 15:36:09.76405+00
01005	MA	24883	(42.42,-72.1)	2022-06-27 15:36:09.762266+00	2022-06-27 15:36:09.762266+00
01004	MA	0	(42.37,-72.52)	2022-06-27 15:36:09.764411+00	2022-06-27 15:36:09.764411+00
01032	MA	2498	(42.46,-72.81)	2022-06-27 15:36:09.768561+00	2022-06-27 15:36:09.768561+00
01034	MA	12322	(42.06,-72.86)	2022-06-27 15:36:09.778033+00	2022-06-27 15:36:09.778033+00
01035	MA	36097	(42.35,-72.58)	2022-06-27 15:36:09.778003+00	2022-06-27 15:36:09.778003+00
01008	MA	7667	(42.18,-72.93)	2022-06-27 15:36:09.778785+00	2022-06-27 15:36:09.778785+00
01033	MA	39338	(42.26,-72.52)	2022-06-27 15:36:09.781038+00	2022-06-27 15:36:09.781038+00
01037	MA	0	(42.35,-72.2)	2022-06-27 15:36:09.781603+00	2022-06-27 15:36:09.781603+00
01039	MA	11083	(42.39,-72.7)	2022-06-27 15:36:09.781602+00	2022-06-27 15:36:09.781602+00
01036	MA	38625	(42.06,-72.41)	2022-06-27 15:36:09.781892+00	2022-06-27 15:36:09.781892+00
01038	MA	18606	(42.37,-72.6)	2022-06-27 15:36:09.782279+00	2022-06-27 15:36:09.782279+00
01009	MA	0	(42.2,-72.34)	2022-06-27 15:36:09.782423+00	2022-06-27 15:36:09.782423+00
01007	MA	103396	(42.27,-72.4)	2022-06-27 15:36:09.783744+00	2022-06-27 15:36:09.783744+00
01040	MA	131177	(42.21,-72.64)	2022-06-27 15:36:09.78423+00	2022-06-27 15:36:09.78423+00
01041	MA	0	(42.21,-72.64)	2022-06-27 15:36:09.784594+00	2022-06-27 15:36:09.784594+00
01053	MA	11836	(42.35,-72.71)	2022-06-27 15:36:09.785151+00	2022-06-27 15:36:09.785151+00
01056	MA	115904	(42.16,-72.48)	2022-06-27 15:36:09.785257+00	2022-06-27 15:36:09.785257+00
01059	MA	0	(42.4,-72.52)	2022-06-27 15:36:09.785347+00	2022-06-27 15:36:09.785347+00
01050	MA	12978	(42.23,-72.88)	2022-06-27 15:36:09.785356+00	2022-06-27 15:36:09.785356+00
01057	MA	50505	(42.09,-72.31)	2022-06-27 15:36:09.785414+00	2022-06-27 15:36:09.785414+00
01054	MA	16023	(42.45,-72.5)	2022-06-27 15:36:09.78513+00	2022-06-27 15:36:09.78513+00
01060	MA	102735	(42.32,-72.63)	2022-06-27 15:36:09.786055+00	2022-06-27 15:36:09.786055+00
01061	MA	0	(42.32,-72.67)	2022-06-27 15:36:09.786038+00	2022-06-27 15:36:09.786038+00
01063	MA	0	(42.32,-72.64)	2022-06-27 15:36:09.786368+00	2022-06-27 15:36:09.786368+00
01062	MA	83229	(42.32,-72.67)	2022-06-27 15:36:09.786197+00	2022-06-27 15:36:09.786197+00
01066	MA	0	(42.41,-72.66)	2022-06-27 15:36:09.787124+00	2022-06-27 15:36:09.787124+00
01070	MA	3039	(42.51,-72.91)	2022-06-27 15:36:09.787131+00	2022-06-27 15:36:09.787131+00
01068	MA	12012	(42.35,-72.05)	2022-06-27 15:36:09.787191+00	2022-06-27 15:36:09.787191+00
01069	MA	45510	(42.16,-72.32)	2022-06-27 15:36:09.787199+00	2022-06-27 15:36:09.787199+00
01072	MA	9721	(42.45,-72.4)	2022-06-27 15:36:09.787569+00	2022-06-27 15:36:09.787569+00
01071	MA	8377	(42.18,-72.85)	2022-06-27 15:36:09.78742+00	2022-06-27 15:36:09.78742+00
01074	MA	0	(42.39,-72.09)	2022-06-27 15:36:09.787709+00	2022-06-27 15:36:09.787709+00
01073	MA	47352	(42.23,-72.73)	2022-06-27 15:36:09.787757+00	2022-06-27 15:36:09.787757+00
01075	MA	107068	(42.26,-72.56)	2022-06-27 15:36:09.787897+00	2022-06-27 15:36:09.787897+00
01079	MA	0	(42.2,-72.33)	2022-06-27 15:36:09.788351+00	2022-06-27 15:36:09.788351+00
01077	MA	66040	(42.05,-72.76)	2022-06-27 15:36:09.788294+00	2022-06-27 15:36:09.788294+00
01080	MA	8946	(42.18,-72.37)	2022-06-27 15:36:09.788494+00	2022-06-27 15:36:09.788494+00
01082	MA	46542	(42.25,-72.24)	2022-06-27 15:36:09.788748+00	2022-06-27 15:36:09.788748+00
01081	MA	8097	(42.06,-72.21)	2022-06-27 15:36:09.788752+00	2022-06-27 15:36:09.788752+00
01084	MA	0	(42.39,-72.88)	2022-06-27 15:36:09.789021+00	2022-06-27 15:36:09.789021+00
01083	MA	0	(42.21,-72.19)	2022-06-27 15:36:09.788998+00	2022-06-27 15:36:09.788998+00
01085	MA	212444	(42.13,-72.75)	2022-06-27 15:36:09.789399+00	2022-06-27 15:36:09.789399+00
01086	MA	0	(42.13,-72.79)	2022-06-27 15:36:09.789618+00	2022-06-27 15:36:09.789618+00
01088	MA	3453	(42.39,-72.64)	2022-06-27 15:36:09.789678+00	2022-06-27 15:36:09.789678+00
01089	MA	143418	(42.12,-72.65)	2022-06-27 15:36:09.789977+00	2022-06-27 15:36:09.789977+00
01094	MA	0	(42.35,-72.14)	2022-06-27 15:36:09.790155+00	2022-06-27 15:36:09.790155+00
01090	MA	0	(42.12,-72.65)	2022-06-27 15:36:09.789868+00	2022-06-27 15:36:09.789868+00
01093	MA	0	(42.44,-72.65)	2022-06-27 15:36:09.79027+00	2022-06-27 15:36:09.79027+00
01092	MA	0	(42.19,-72.24)	2022-06-27 15:36:09.790319+00	2022-06-27 15:36:09.790319+00
01095	MA	133898	(42.13,-72.43)	2022-06-27 15:36:09.790346+00	2022-06-27 15:36:09.790346+00
01096	MA	16411	(42.4,-72.76)	2022-06-27 15:36:09.790746+00	2022-06-27 15:36:09.790746+00
01097	MA	0	(42.18,-72.83)	2022-06-27 15:36:09.791107+00	2022-06-27 15:36:09.791107+00
01101	MA	0	(42.11,-72.53)	2022-06-27 15:36:09.791266+00	2022-06-27 15:36:09.791266+00
01098	MA	6990	(42.41,-72.93)	2022-06-27 15:36:09.791189+00	2022-06-27 15:36:09.791189+00
01103	MA	7500	(42.1,-72.59)	2022-06-27 15:36:09.7916+00	2022-06-27 15:36:09.7916+00
01102	MA	0	(42.11,-72.53)	2022-06-27 15:36:09.79157+00	2022-06-27 15:36:09.79157+00
01105	MA	17273	(42.1,-72.58)	2022-06-27 15:36:09.791862+00	2022-06-27 15:36:09.791862+00
01104	MA	64690	(42.13,-72.57)	2022-06-27 15:36:09.791885+00	2022-06-27 15:36:09.791885+00
01106	MA	215209	(42.04,-72.57)	2022-06-27 15:36:09.792186+00	2022-06-27 15:36:09.792186+00
01107	MA	22891	(42.12,-72.61)	2022-06-27 15:36:09.792259+00	2022-06-27 15:36:09.792259+00
01109	MA	66323	(42.11,-72.53)	2022-06-27 15:36:09.792453+00	2022-06-27 15:36:09.792453+00
01108	MA	73942	(42.08,-72.56)	2022-06-27 15:36:09.79247+00	2022-06-27 15:36:09.79247+00
01115	MA	0	(42.11,-72.53)	2022-06-27 15:36:09.792817+00	2022-06-27 15:36:09.792817+00
01116	MA	0	(42.04,-72.57)	2022-06-27 15:36:09.792859+00	2022-06-27 15:36:09.792859+00
01111	MA	0	(42.11,-72.53)	2022-06-27 15:36:09.79285+00	2022-06-27 15:36:09.79285+00
01118	MA	66293	(42.09,-72.53)	2022-06-27 15:36:09.793+00	2022-06-27 15:36:09.793+00
01119	MA	46384	(42.12,-72.51)	2022-06-27 15:36:09.793521+00	2022-06-27 15:36:09.793521+00
01128	MA	14775	(42.09,-72.49)	2022-06-27 15:36:09.793954+00	2022-06-27 15:36:09.793954+00
01144	MA	0	(42.11,-72.53)	2022-06-27 15:36:09.794156+00	2022-06-27 15:36:09.794156+00
01151	MA	24538	(42.15,-72.51)	2022-06-27 15:36:09.794154+00	2022-06-27 15:36:09.794154+00
01129	MA	32342	(42.12,-72.49)	2022-06-27 15:36:09.794173+00	2022-06-27 15:36:09.794173+00
01138	MA	0	(42.11,-72.53)	2022-06-27 15:36:09.794205+00	2022-06-27 15:36:09.794205+00
01139	MA	0	(42.11,-72.53)	2022-06-27 15:36:09.794392+00	2022-06-27 15:36:09.794392+00
01152	MA	0	(42.11,-72.53)	2022-06-27 15:36:09.794343+00	2022-06-27 15:36:09.794343+00
01201	MA	213668	(42.45,-73.26)	2022-06-27 15:36:09.794597+00	2022-06-27 15:36:09.794597+00
01199	MA	0	(42.12,-72.6)	2022-06-27 15:36:09.794615+00	2022-06-27 15:36:09.794615+00
01202	MA	0	(42.45,-73.26)	2022-06-27 15:36:09.794763+00	2022-06-27 15:36:09.794763+00
01203	MA	0	(42.45,-73.26)	2022-06-27 15:36:09.795314+00	2022-06-27 15:36:09.795314+00
01222	MA	3502	(42.05,-73.33)	2022-06-27 15:36:09.795792+00	2022-06-27 15:36:09.795792+00
01220	MA	34513	(42.62,-73.11)	2022-06-27 15:36:09.795813+00	2022-06-27 15:36:09.795813+00
01223	MA	14036	(42.33,-73.07)	2022-06-27 15:36:09.795837+00	2022-06-27 15:36:09.795837+00
00000	NA	0	(0,0)	2022-06-27 15:36:09.796943+00	2022-06-27 15:36:09.796943+00
9001	AE	1000000	(0,0)	2022-06-27 15:36:10.2389+00	2022-06-27 15:36:10.2389+00
9002	AE	1000000	(0,0)	2022-06-27 15:36:10.2389+00	2022-06-27 15:36:10.2389+00
9003	AE	1000000	(0,0)	2022-06-27 15:36:10.2389+00	2022-06-27 15:36:10.2389+00
9004	AE	1000000	(0,0)	2022-06-27 15:36:10.2389+00	2022-06-27 15:36:10.2389+00
9005	AE	1000000	(0,0)	2022-06-27 15:36:10.2389+00	2022-06-27 15:36:10.2389+00
9006	AE	1000000	(0,0)	2022-06-27 15:36:10.2389+00	2022-06-27 15:36:10.2389+00
9008	AE	1000000	(0,0)	2022-06-27 15:36:10.2389+00	2022-06-27 15:36:10.2389+00
9009	AE	1000000	(0,0)	2022-06-27 15:36:10.2389+00	2022-06-27 15:36:10.2389+00
9010	AE	1000000	(0,0)	2022-06-27 15:36:10.2389+00	2022-06-27 15:36:10.2389+00
9011	AE	1000000	(0,0)	2022-06-27 15:36:10.2389+00	2022-06-27 15:36:10.2389+00
9012	AE	1000000	(0,0)	2022-06-27 15:36:10.2389+00	2022-06-27 15:36:10.2389+00
9013	AE	1000000	(0,0)	2022-06-27 15:36:10.2389+00	2022-06-27 15:36:10.2389+00
9014	AE	1000000	(0,0)	2022-06-27 15:36:10.2389+00	2022-06-27 15:36:10.2389+00
9015	AE	1000000	(0,0)	2022-06-27 15:36:10.2389+00	2022-06-27 15:36:10.2389+00
9016	AE	1000000	(0,0)	2022-06-27 15:36:10.2389+00	2022-06-27 15:36:10.2389+00
9017	AE	1000000	(0,0)	2022-06-27 15:36:10.2389+00	2022-06-27 15:36:10.2389+00
9018	AE	1000000	(0,0)	2022-06-27 15:36:10.2389+00	2022-06-27 15:36:10.2389+00
9020	AE	1000000	(0,0)	2022-06-27 15:36:10.2389+00	2022-06-27 15:36:10.2389+00
9021	AE	1000000	(0,0)	2022-06-27 15:36:10.2389+00	2022-06-27 15:36:10.2389+00
9034	AE	1000000	(0,0)	2022-06-27 15:36:10.2389+00	2022-06-27 15:36:10.2389+00
9044	AE	1000000	(0,0)	2022-06-27 15:36:10.2389+00	2022-06-27 15:36:10.2389+00
9046	AE	1000000	(0,0)	2022-06-27 15:36:10.2389+00	2022-06-27 15:36:10.2389+00
9049	AE	1000000	(0,0)	2022-06-27 15:36:10.2389+00	2022-06-27 15:36:10.2389+00
9053	AE	1000000	(0,0)	2022-06-27 15:36:10.2389+00	2022-06-27 15:36:10.2389+00
9055	AE	1000000	(0,0)	2022-06-27 15:36:10.2389+00	2022-06-27 15:36:10.2389+00
9060	AE	1000000	(0,0)	2022-06-27 15:36:10.2389+00	2022-06-27 15:36:10.2389+00
9067	AE	1000000	(0,0)	2022-06-27 15:36:10.2389+00	2022-06-27 15:36:10.2389+00
9068	AE	1000000	(0,0)	2022-06-27 15:36:10.2389+00	2022-06-27 15:36:10.2389+00
9069	AE	1000000	(0,0)	2022-06-27 15:36:10.2389+00	2022-06-27 15:36:10.2389+00
9079	AE	1000000	(0,0)	2022-06-27 15:36:10.2389+00	2022-06-27 15:36:10.2389+00
9094	AE	1000000	(0,0)	2022-06-27 15:36:10.2389+00	2022-06-27 15:36:10.2389+00
9095	AE	1000000	(0,0)	2022-06-27 15:36:10.2389+00	2022-06-27 15:36:10.2389+00
9096	AE	1000000	(0,0)	2022-06-27 15:36:10.2389+00	2022-06-27 15:36:10.2389+00
9103	AE	1000000	(0,0)	2022-06-27 15:36:10.2389+00	2022-06-27 15:36:10.2389+00
9104	AE	1000000	(0,0)	2022-06-27 15:36:10.2389+00	2022-06-27 15:36:10.2389+00
9107	AE	1000000	(0,0)	2022-06-27 15:36:10.2389+00	2022-06-27 15:36:10.2389+00
9112	AE	1000000	(0,0)	2022-06-27 15:36:10.2389+00	2022-06-27 15:36:10.2389+00
9113	AE	1000000	(0,0)	2022-06-27 15:36:10.2389+00	2022-06-27 15:36:10.2389+00
9114	AE	1000000	(0,0)	2022-06-27 15:36:10.2389+00	2022-06-27 15:36:10.2389+00
9115	AE	1000000	(0,0)	2022-06-27 15:36:10.2389+00	2022-06-27 15:36:10.2389+00
9116	AE	1000000	(0,0)	2022-06-27 15:36:10.2389+00	2022-06-27 15:36:10.2389+00
9123	AE	1000000	(0,0)	2022-06-27 15:36:10.2389+00	2022-06-27 15:36:10.2389+00
9125	AE	1000000	(0,0)	2022-06-27 15:36:10.2389+00	2022-06-27 15:36:10.2389+00
9126	AE	1000000	(0,0)	2022-06-27 15:36:10.2389+00	2022-06-27 15:36:10.2389+00
9128	AE	1000000	(0,0)	2022-06-27 15:36:10.2389+00	2022-06-27 15:36:10.2389+00
9131	AE	1000000	(0,0)	2022-06-27 15:36:10.2389+00	2022-06-27 15:36:10.2389+00
9135	AE	1000000	(0,0)	2022-06-27 15:36:10.2389+00	2022-06-27 15:36:10.2389+00
9136	AE	1000000	(0,0)	2022-06-27 15:36:10.2389+00	2022-06-27 15:36:10.2389+00
9138	AE	1000000	(0,0)	2022-06-27 15:36:10.2389+00	2022-06-27 15:36:10.2389+00
9139	AE	1000000	(0,0)	2022-06-27 15:36:10.2389+00	2022-06-27 15:36:10.2389+00
9140	AE	1000000	(0,0)	2022-06-27 15:36:10.2389+00	2022-06-27 15:36:10.2389+00
9142	AE	1000000	(0,0)	2022-06-27 15:36:10.2389+00	2022-06-27 15:36:10.2389+00
9154	AE	1000000	(0,0)	2022-06-27 15:36:10.2389+00	2022-06-27 15:36:10.2389+00
9160	AE	1000000	(0,0)	2022-06-27 15:36:10.2389+00	2022-06-27 15:36:10.2389+00
9170	AE	1000000	(0,0)	2022-06-27 15:36:10.2389+00	2022-06-27 15:36:10.2389+00
9171	AE	1000000	(0,0)	2022-06-27 15:36:10.2389+00	2022-06-27 15:36:10.2389+00
9172	AE	1000000	(0,0)	2022-06-27 15:36:10.2389+00	2022-06-27 15:36:10.2389+00
9173	AE	1000000	(0,0)	2022-06-27 15:36:10.2389+00	2022-06-27 15:36:10.2389+00
9174	AE	1000000	(0,0)	2022-06-27 15:36:10.2389+00	2022-06-27 15:36:10.2389+00
9175	AE	1000000	(0,0)	2022-06-27 15:36:10.2389+00	2022-06-27 15:36:10.2389+00
9176	AE	1000000	(0,0)	2022-06-27 15:36:10.2389+00	2022-06-27 15:36:10.2389+00
9177	AE	1000000	(0,0)	2022-06-27 15:36:10.2389+00	2022-06-27 15:36:10.2389+00
9178	AE	1000000	(0,0)	2022-06-27 15:36:10.2389+00	2022-06-27 15:36:10.2389+00
9180	AE	1000000	(0,0)	2022-06-27 15:36:10.2389+00	2022-06-27 15:36:10.2389+00
9186	AE	1000000	(0,0)	2022-06-27 15:36:10.2389+00	2022-06-27 15:36:10.2389+00
9203	AE	1000000	(0,0)	2022-06-27 15:36:10.2389+00	2022-06-27 15:36:10.2389+00
9204	AE	1000000	(0,0)	2022-06-27 15:36:10.2389+00	2022-06-27 15:36:10.2389+00
9211	AE	1000000	(0,0)	2022-06-27 15:36:10.2389+00	2022-06-27 15:36:10.2389+00
9213	AE	1000000	(0,0)	2022-06-27 15:36:10.2389+00	2022-06-27 15:36:10.2389+00
9214	AE	1000000	(0,0)	2022-06-27 15:36:10.2389+00	2022-06-27 15:36:10.2389+00
9216	AE	1000000	(0,0)	2022-06-27 15:36:10.2389+00	2022-06-27 15:36:10.2389+00
9226	AE	1000000	(0,0)	2022-06-27 15:36:10.2389+00	2022-06-27 15:36:10.2389+00
9227	AE	1000000	(0,0)	2022-06-27 15:36:10.2389+00	2022-06-27 15:36:10.2389+00
9240	AE	1000000	(0,0)	2022-06-27 15:36:10.2389+00	2022-06-27 15:36:10.2389+00
9241	AE	1000000	(0,0)	2022-06-27 15:36:10.2389+00	2022-06-27 15:36:10.2389+00
9242	AE	1000000	(0,0)	2022-06-27 15:36:10.2389+00	2022-06-27 15:36:10.2389+00
9250	AE	1000000	(0,0)	2022-06-27 15:36:10.2389+00	2022-06-27 15:36:10.2389+00
9261	AE	1000000	(0,0)	2022-06-27 15:36:10.2389+00	2022-06-27 15:36:10.2389+00
9263	AE	1000000	(0,0)	2022-06-27 15:36:10.2389+00	2022-06-27 15:36:10.2389+00
9264	AE	1000000	(0,0)	2022-06-27 15:36:10.2389+00	2022-06-27 15:36:10.2389+00
9265	AE	1000000	(0,0)	2022-06-27 15:36:10.2389+00	2022-06-27 15:36:10.2389+00
9266	AE	1000000	(0,0)	2022-06-27 15:36:10.2389+00	2022-06-27 15:36:10.2389+00
9276	AE	1000000	(0,0)	2022-06-27 15:36:10.2389+00	2022-06-27 15:36:10.2389+00
9277	AE	1000000	(0,0)	2022-06-27 15:36:10.2389+00	2022-06-27 15:36:10.2389+00
9278	AE	1000000	(0,0)	2022-06-27 15:36:10.2389+00	2022-06-27 15:36:10.2389+00
9279	AE	1000000	(0,0)	2022-06-27 15:36:10.2389+00	2022-06-27 15:36:10.2389+00
9283	AE	1000000	(0,0)	2022-06-27 15:36:10.2389+00	2022-06-27 15:36:10.2389+00
9285	AE	1000000	(0,0)	2022-06-27 15:36:10.2389+00	2022-06-27 15:36:10.2389+00
9287	AE	1000000	(0,0)	2022-06-27 15:36:10.2389+00	2022-06-27 15:36:10.2389+00
9289	AE	1000000	(0,0)	2022-06-27 15:36:10.2389+00	2022-06-27 15:36:10.2389+00
9290	AE	1000000	(0,0)	2022-06-27 15:36:10.2389+00	2022-06-27 15:36:10.2389+00
9291	AE	1000000	(0,0)	2022-06-27 15:36:10.2389+00	2022-06-27 15:36:10.2389+00
9292	AE	1000000	(0,0)	2022-06-27 15:36:10.2389+00	2022-06-27 15:36:10.2389+00
9301	AE	1000000	(0,0)	2022-06-27 15:36:10.2389+00	2022-06-27 15:36:10.2389+00
9302	AE	1000000	(0,0)	2022-06-27 15:36:10.2389+00	2022-06-27 15:36:10.2389+00
9304	AE	1000000	(0,0)	2022-06-27 15:36:10.2389+00	2022-06-27 15:36:10.2389+00
9305	AE	1000000	(0,0)	2022-06-27 15:36:10.2389+00	2022-06-27 15:36:10.2389+00
9306	AE	1000000	(0,0)	2022-06-27 15:36:10.2389+00	2022-06-27 15:36:10.2389+00
9307	AE	1000000	(0,0)	2022-06-27 15:36:10.2389+00	2022-06-27 15:36:10.2389+00
9309	AE	1000000	(0,0)	2022-06-27 15:36:10.2389+00	2022-06-27 15:36:10.2389+00
9310	AE	1000000	(0,0)	2022-06-27 15:36:10.2389+00	2022-06-27 15:36:10.2389+00
9311	AE	1000000	(0,0)	2022-06-27 15:36:10.2389+00	2022-06-27 15:36:10.2389+00
9312	AE	1000000	(0,0)	2022-06-27 15:36:10.2389+00	2022-06-27 15:36:10.2389+00
9313	AE	1000000	(0,0)	2022-06-27 15:36:10.2389+00	2022-06-27 15:36:10.2389+00
9315	AE	1000000	(0,0)	2022-06-27 15:36:10.2389+00	2022-06-27 15:36:10.2389+00
9316	AE	1000000	(0,0)	2022-06-27 15:36:10.2389+00	2022-06-27 15:36:10.2389+00
9317	AE	1000000	(0,0)	2022-06-27 15:36:10.2389+00	2022-06-27 15:36:10.2389+00
9318	AE	1000000	(0,0)	2022-06-27 15:36:10.2389+00	2022-06-27 15:36:10.2389+00
9319	AE	1000000	(0,0)	2022-06-27 15:36:10.2389+00	2022-06-27 15:36:10.2389+00
9320	AE	1000000	(0,0)	2022-06-27 15:36:10.2389+00	2022-06-27 15:36:10.2389+00
9321	AE	1000000	(0,0)	2022-06-27 15:36:10.2389+00	2022-06-27 15:36:10.2389+00
9322	AE	1000000	(0,0)	2022-06-27 15:36:10.2389+00	2022-06-27 15:36:10.2389+00
9323	AE	1000000	(-44.25,33.53)	2022-06-27 15:36:10.2389+00	2022-06-27 15:36:10.2389+00
9330	AE	1000000	(0,0)	2022-06-27 15:36:10.2389+00	2022-06-27 15:36:10.2389+00
9333	AE	1000000	(0,0)	2022-06-27 15:36:10.2389+00	2022-06-27 15:36:10.2389+00
9337	AE	1000000	(0,0)	2022-06-27 15:36:10.2389+00	2022-06-27 15:36:10.2389+00
9340	AE	1000000	(0,0)	2022-06-27 15:36:10.2389+00	2022-06-27 15:36:10.2389+00
9343	AE	1000000	(0,0)	2022-06-27 15:36:10.2389+00	2022-06-27 15:36:10.2389+00
9347	AE	1000000	(0,0)	2022-06-27 15:36:10.2389+00	2022-06-27 15:36:10.2389+00
9348	AE	1000000	(0,0)	2022-06-27 15:36:10.2389+00	2022-06-27 15:36:10.2389+00
9351	AE	1000000	(0,0)	2022-06-27 15:36:10.2389+00	2022-06-27 15:36:10.2389+00
9352	AE	1000000	(0,0)	2022-06-27 15:36:10.2389+00	2022-06-27 15:36:10.2389+00
9354	AE	1000000	(0,0)	2022-06-27 15:36:10.2389+00	2022-06-27 15:36:10.2389+00
9355	AE	1000000	(0,0)	2022-06-27 15:36:10.2389+00	2022-06-27 15:36:10.2389+00
9356	AE	1000000	(0,0)	2022-06-27 15:36:10.2389+00	2022-06-27 15:36:10.2389+00
9357	AE	1000000	(0,0)	2022-06-27 15:36:10.2389+00	2022-06-27 15:36:10.2389+00
9363	AE	1000000	(0,0)	2022-06-27 15:36:10.2389+00	2022-06-27 15:36:10.2389+00
9365	AE	1000000	(0,0)	2022-06-27 15:36:10.2389+00	2022-06-27 15:36:10.2389+00
9366	AE	1000000	(0,0)	2022-06-27 15:36:10.2389+00	2022-06-27 15:36:10.2389+00
9378	AE	1000000	(0,0)	2022-06-27 15:36:10.2389+00	2022-06-27 15:36:10.2389+00
9381	AE	1000000	(0,0)	2022-06-27 15:36:10.2389+00	2022-06-27 15:36:10.2389+00
9401	AE	1000000	(0,0)	2022-06-27 15:36:10.2389+00	2022-06-27 15:36:10.2389+00
9403	AE	1000000	(0,0)	2022-06-27 15:36:10.2389+00	2022-06-27 15:36:10.2389+00
9410	AE	1000000	(0,0)	2022-06-27 15:36:10.2389+00	2022-06-27 15:36:10.2389+00
9421	AE	1000000	(0,0)	2022-06-27 15:36:10.2389+00	2022-06-27 15:36:10.2389+00
9447	AE	1000000	(0,0)	2022-06-27 15:36:10.2389+00	2022-06-27 15:36:10.2389+00
9454	AE	1000000	(0,0)	2022-06-27 15:36:10.2389+00	2022-06-27 15:36:10.2389+00
9456	AE	1000000	(0,0)	2022-06-27 15:36:10.2389+00	2022-06-27 15:36:10.2389+00
9459	AE	1000000	(0,0)	2022-06-27 15:36:10.2389+00	2022-06-27 15:36:10.2389+00
9461	AE	1000000	(0,0)	2022-06-27 15:36:10.2389+00	2022-06-27 15:36:10.2389+00
9463	AE	1000000	(0,0)	2022-06-27 15:36:10.2389+00	2022-06-27 15:36:10.2389+00
9464	AE	1000000	(0,0)	2022-06-27 15:36:10.2389+00	2022-06-27 15:36:10.2389+00
9467	AE	1000000	(0,0)	2022-06-27 15:36:10.2389+00	2022-06-27 15:36:10.2389+00
9468	AE	1000000	(0,0)	2022-06-27 15:36:10.2389+00	2022-06-27 15:36:10.2389+00
9469	AE	1000000	(0,0)	2022-06-27 15:36:10.2389+00	2022-06-27 15:36:10.2389+00
9470	AE	1000000	(0,0)	2022-06-27 15:36:10.2389+00	2022-06-27 15:36:10.2389+00
9487	AE	1000000	(0,0)	2022-06-27 15:36:10.2389+00	2022-06-27 15:36:10.2389+00
9488	AE	1000000	(0,0)	2022-06-27 15:36:10.2389+00	2022-06-27 15:36:10.2389+00
9489	AE	1000000	(0,0)	2022-06-27 15:36:10.2389+00	2022-06-27 15:36:10.2389+00
9490	AE	1000000	(0,0)	2022-06-27 15:36:10.2389+00	2022-06-27 15:36:10.2389+00
9491	AE	1000000	(0,0)	2022-06-27 15:36:10.2389+00	2022-06-27 15:36:10.2389+00
9494	AE	1000000	(0,0)	2022-06-27 15:36:10.2389+00	2022-06-27 15:36:10.2389+00
9496	AE	1000000	(0,0)	2022-06-27 15:36:10.2389+00	2022-06-27 15:36:10.2389+00
9497	AE	1000000	(0,0)	2022-06-27 15:36:10.2389+00	2022-06-27 15:36:10.2389+00
9498	AE	1000000	(0,0)	2022-06-27 15:36:10.2389+00	2022-06-27 15:36:10.2389+00
9501	AE	1000000	(0,0)	2022-06-27 15:36:10.2389+00	2022-06-27 15:36:10.2389+00
9502	AE	1000000	(0,0)	2022-06-27 15:36:10.2389+00	2022-06-27 15:36:10.2389+00
9503	AE	1000000	(0,0)	2022-06-27 15:36:10.2389+00	2022-06-27 15:36:10.2389+00
9504	AE	1000000	(0,0)	2022-06-27 15:36:10.2389+00	2022-06-27 15:36:10.2389+00
9505	AE	1000000	(0,0)	2022-06-27 15:36:10.2389+00	2022-06-27 15:36:10.2389+00
9506	AE	1000000	(0,0)	2022-06-27 15:36:10.2389+00	2022-06-27 15:36:10.2389+00
9507	AE	1000000	(0,0)	2022-06-27 15:36:10.2389+00	2022-06-27 15:36:10.2389+00
9508	AE	1000000	(0,0)	2022-06-27 15:36:10.2389+00	2022-06-27 15:36:10.2389+00
9509	AE	1000000	(0,0)	2022-06-27 15:36:10.2389+00	2022-06-27 15:36:10.2389+00
9510	AE	1000000	(0,0)	2022-06-27 15:36:10.2389+00	2022-06-27 15:36:10.2389+00
9511	AE	1000000	(0,0)	2022-06-27 15:36:10.2389+00	2022-06-27 15:36:10.2389+00
9512	AE	1000000	(0,0)	2022-06-27 15:36:10.2389+00	2022-06-27 15:36:10.2389+00
9513	AE	1000000	(0,0)	2022-06-27 15:36:10.2389+00	2022-06-27 15:36:10.2389+00
9514	AE	1000000	(0,0)	2022-06-27 15:36:10.2389+00	2022-06-27 15:36:10.2389+00
9517	AE	1000000	(0,0)	2022-06-27 15:36:10.2389+00	2022-06-27 15:36:10.2389+00
9520	AE	1000000	(0,0)	2022-06-27 15:36:10.2389+00	2022-06-27 15:36:10.2389+00
9522	AE	1000000	(0,0)	2022-06-27 15:36:10.2389+00	2022-06-27 15:36:10.2389+00
9523	AE	1000000	(0,0)	2022-06-27 15:36:10.2389+00	2022-06-27 15:36:10.2389+00
9524	AE	1000000	(0,0)	2022-06-27 15:36:10.2389+00	2022-06-27 15:36:10.2389+00
9532	AE	1000000	(0,0)	2022-06-27 15:36:10.2389+00	2022-06-27 15:36:10.2389+00
9533	AE	1000000	(0,0)	2022-06-27 15:36:10.2389+00	2022-06-27 15:36:10.2389+00
9534	AE	1000000	(0,0)	2022-06-27 15:36:10.2389+00	2022-06-27 15:36:10.2389+00
9541	AE	1000000	(0,0)	2022-06-27 15:36:10.2389+00	2022-06-27 15:36:10.2389+00
9542	AE	1000000	(0,0)	2022-06-27 15:36:10.2389+00	2022-06-27 15:36:10.2389+00
9543	AE	1000000	(0,0)	2022-06-27 15:36:10.2389+00	2022-06-27 15:36:10.2389+00
9544	AE	1000000	(0,0)	2022-06-27 15:36:10.2389+00	2022-06-27 15:36:10.2389+00
9545	AE	1000000	(0,0)	2022-06-27 15:36:10.2389+00	2022-06-27 15:36:10.2389+00
9550	AE	1000000	(0,0)	2022-06-27 15:36:10.2389+00	2022-06-27 15:36:10.2389+00
9554	AE	1000000	(0,0)	2022-06-27 15:36:10.2389+00	2022-06-27 15:36:10.2389+00
9556	AE	1000000	(0,0)	2022-06-27 15:36:10.2389+00	2022-06-27 15:36:10.2389+00
9564	AE	1000000	(0,0)	2022-06-27 15:36:10.2389+00	2022-06-27 15:36:10.2389+00
9565	AE	1000000	(0,0)	2022-06-27 15:36:10.2389+00	2022-06-27 15:36:10.2389+00
9566	AE	1000000	(0,0)	2022-06-27 15:36:10.2389+00	2022-06-27 15:36:10.2389+00
9567	AE	1000000	(0,0)	2022-06-27 15:36:10.2389+00	2022-06-27 15:36:10.2389+00
9568	AE	1000000	(0,0)	2022-06-27 15:36:10.2389+00	2022-06-27 15:36:10.2389+00
9569	AE	1000000	(0,0)	2022-06-27 15:36:10.2389+00	2022-06-27 15:36:10.2389+00
9570	AE	1000000	(0,0)	2022-06-27 15:36:10.2389+00	2022-06-27 15:36:10.2389+00
9573	AE	1000000	(0,0)	2022-06-27 15:36:10.2389+00	2022-06-27 15:36:10.2389+00
9574	AE	1000000	(0,0)	2022-06-27 15:36:10.2389+00	2022-06-27 15:36:10.2389+00
9575	AE	1000000	(0,0)	2022-06-27 15:36:10.2389+00	2022-06-27 15:36:10.2389+00
9576	AE	1000000	(0,0)	2022-06-27 15:36:10.2389+00	2022-06-27 15:36:10.2389+00
9577	AE	1000000	(0,0)	2022-06-27 15:36:10.2389+00	2022-06-27 15:36:10.2389+00
9578	AE	1000000	(0,0)	2022-06-27 15:36:10.2389+00	2022-06-27 15:36:10.2389+00
9579	AE	1000000	(0,0)	2022-06-27 15:36:10.2389+00	2022-06-27 15:36:10.2389+00
9581	AE	1000000	(0,0)	2022-06-27 15:36:10.2389+00	2022-06-27 15:36:10.2389+00
9582	AE	1000000	(0,0)	2022-06-27 15:36:10.2389+00	2022-06-27 15:36:10.2389+00
9583	AE	1000000	(0,0)	2022-06-27 15:36:10.2389+00	2022-06-27 15:36:10.2389+00
9586	AE	1000000	(0,0)	2022-06-27 15:36:10.2389+00	2022-06-27 15:36:10.2389+00
9587	AE	1000000	(0,0)	2022-06-27 15:36:10.2389+00	2022-06-27 15:36:10.2389+00
9588	AE	1000000	(0,0)	2022-06-27 15:36:10.2389+00	2022-06-27 15:36:10.2389+00
9589	AE	1000000	(0,0)	2022-06-27 15:36:10.2389+00	2022-06-27 15:36:10.2389+00
9590	AE	1000000	(0,0)	2022-06-27 15:36:10.2389+00	2022-06-27 15:36:10.2389+00
9591	AE	1000000	(0,0)	2022-06-27 15:36:10.2389+00	2022-06-27 15:36:10.2389+00
9592	AE	1000000	(0,0)	2022-06-27 15:36:10.2389+00	2022-06-27 15:36:10.2389+00
9593	AE	1000000	(0,0)	2022-06-27 15:36:10.2389+00	2022-06-27 15:36:10.2389+00
9594	AE	1000000	(0,0)	2022-06-27 15:36:10.2389+00	2022-06-27 15:36:10.2389+00
9595	AE	1000000	(0,0)	2022-06-27 15:36:10.2389+00	2022-06-27 15:36:10.2389+00
9596	AE	1000000	(0,0)	2022-06-27 15:36:10.2389+00	2022-06-27 15:36:10.2389+00
9599	AE	1000000	(0,0)	2022-06-27 15:36:10.2389+00	2022-06-27 15:36:10.2389+00
9600	AE	1000000	(0,0)	2022-06-27 15:36:10.2389+00	2022-06-27 15:36:10.2389+00
9601	AE	1000000	(0,0)	2022-06-27 15:36:10.2389+00	2022-06-27 15:36:10.2389+00
9602	AE	1000000	(0,0)	2022-06-27 15:36:10.2389+00	2022-06-27 15:36:10.2389+00
9603	AE	1000000	(0,0)	2022-06-27 15:36:10.2389+00	2022-06-27 15:36:10.2389+00
9604	AE	1000000	(0,0)	2022-06-27 15:36:10.2389+00	2022-06-27 15:36:10.2389+00
9605	AE	1000000	(0,0)	2022-06-27 15:36:10.2389+00	2022-06-27 15:36:10.2389+00
9606	AE	1000000	(0,0)	2022-06-27 15:36:10.2389+00	2022-06-27 15:36:10.2389+00
9607	AE	1000000	(0,0)	2022-06-27 15:36:10.2389+00	2022-06-27 15:36:10.2389+00
9608	AE	1000000	(0,0)	2022-06-27 15:36:10.2389+00	2022-06-27 15:36:10.2389+00
9609	AE	1000000	(0,0)	2022-06-27 15:36:10.2389+00	2022-06-27 15:36:10.2389+00
9610	AE	1000000	(0,0)	2022-06-27 15:36:10.2389+00	2022-06-27 15:36:10.2389+00
9613	AE	1000000	(0,0)	2022-06-27 15:36:10.2389+00	2022-06-27 15:36:10.2389+00
9614	AE	1000000	(0,0)	2022-06-27 15:36:10.2389+00	2022-06-27 15:36:10.2389+00
9617	AE	1000000	(0,0)	2022-06-27 15:36:10.2389+00	2022-06-27 15:36:10.2389+00
9618	AE	1000000	(0,0)	2022-06-27 15:36:10.2389+00	2022-06-27 15:36:10.2389+00
9620	AE	1000000	(0,0)	2022-06-27 15:36:10.2389+00	2022-06-27 15:36:10.2389+00
9621	AE	1000000	(0,0)	2022-06-27 15:36:10.2389+00	2022-06-27 15:36:10.2389+00
9622	AE	1000000	(0,0)	2022-06-27 15:36:10.2389+00	2022-06-27 15:36:10.2389+00
9623	AE	1000000	(0,0)	2022-06-27 15:36:10.2389+00	2022-06-27 15:36:10.2389+00
9624	AE	1000000	(0,0)	2022-06-27 15:36:10.2389+00	2022-06-27 15:36:10.2389+00
9625	AE	1000000	(0,0)	2022-06-27 15:36:10.2389+00	2022-06-27 15:36:10.2389+00
9626	AE	1000000	(0,0)	2022-06-27 15:36:10.2389+00	2022-06-27 15:36:10.2389+00
9627	AE	1000000	(0,0)	2022-06-27 15:36:10.2389+00	2022-06-27 15:36:10.2389+00
9630	AE	1000000	(0,0)	2022-06-27 15:36:10.2389+00	2022-06-27 15:36:10.2389+00
9631	AE	1000000	(0,0)	2022-06-27 15:36:10.2389+00	2022-06-27 15:36:10.2389+00
9633	AE	1000000	(0,0)	2022-06-27 15:36:10.2389+00	2022-06-27 15:36:10.2389+00
9634	AE	1000000	(0,0)	2022-06-27 15:36:10.2389+00	2022-06-27 15:36:10.2389+00
9636	AE	1000000	(0,0)	2022-06-27 15:36:10.2389+00	2022-06-27 15:36:10.2389+00
9642	AE	1000000	(0,0)	2022-06-27 15:36:10.2389+00	2022-06-27 15:36:10.2389+00
9643	AE	1000000	(0,0)	2022-06-27 15:36:10.2389+00	2022-06-27 15:36:10.2389+00
9645	AE	1000000	(0,0)	2022-06-27 15:36:10.2389+00	2022-06-27 15:36:10.2389+00
9647	AE	1000000	(0,0)	2022-06-27 15:36:10.2389+00	2022-06-27 15:36:10.2389+00
9648	AE	1000000	(0,0)	2022-06-27 15:36:10.2389+00	2022-06-27 15:36:10.2389+00
9649	AE	1000000	(0,0)	2022-06-27 15:36:10.2389+00	2022-06-27 15:36:10.2389+00
9701	AE	1000000	(0,0)	2022-06-27 15:36:10.2389+00	2022-06-27 15:36:10.2389+00
9702	AE	1000000	(0,0)	2022-06-27 15:36:10.2389+00	2022-06-27 15:36:10.2389+00
9703	AE	1000000	(0,0)	2022-06-27 15:36:10.2389+00	2022-06-27 15:36:10.2389+00
9704	AE	1000000	(0,0)	2022-06-27 15:36:10.2389+00	2022-06-27 15:36:10.2389+00
9705	AE	1000000	(0,0)	2022-06-27 15:36:10.2389+00	2022-06-27 15:36:10.2389+00
9706	AE	1000000	(0,0)	2022-06-27 15:36:10.2389+00	2022-06-27 15:36:10.2389+00
9707	AE	1000000	(0,0)	2022-06-27 15:36:10.2389+00	2022-06-27 15:36:10.2389+00
9708	AE	1000000	(0,0)	2022-06-27 15:36:10.2389+00	2022-06-27 15:36:10.2389+00
9709	AE	1000000	(0,0)	2022-06-27 15:36:10.2389+00	2022-06-27 15:36:10.2389+00
9710	AE	1000000	(0,0)	2022-06-27 15:36:10.2389+00	2022-06-27 15:36:10.2389+00
9711	AE	1000000	(0,0)	2022-06-27 15:36:10.2389+00	2022-06-27 15:36:10.2389+00
9712	AE	1000000	(0,0)	2022-06-27 15:36:10.2389+00	2022-06-27 15:36:10.2389+00
9714	AE	1000000	(0,0)	2022-06-27 15:36:10.2389+00	2022-06-27 15:36:10.2389+00
9715	AE	1000000	(0,0)	2022-06-27 15:36:10.2389+00	2022-06-27 15:36:10.2389+00
9716	AE	1000000	(0,0)	2022-06-27 15:36:10.2389+00	2022-06-27 15:36:10.2389+00
9717	AE	1000000	(0,0)	2022-06-27 15:36:10.2389+00	2022-06-27 15:36:10.2389+00
9718	AE	1000000	(0,0)	2022-06-27 15:36:10.2389+00	2022-06-27 15:36:10.2389+00
9719	AE	1000000	(0,0)	2022-06-27 15:36:10.2389+00	2022-06-27 15:36:10.2389+00
9720	AE	1000000	(0,0)	2022-06-27 15:36:10.2389+00	2022-06-27 15:36:10.2389+00
9722	AE	1000000	(0,0)	2022-06-27 15:36:10.2389+00	2022-06-27 15:36:10.2389+00
9723	AE	1000000	(0,0)	2022-06-27 15:36:10.2389+00	2022-06-27 15:36:10.2389+00
9724	AE	1000000	(0,0)	2022-06-27 15:36:10.2389+00	2022-06-27 15:36:10.2389+00
9725	AE	1000000	(0,0)	2022-06-27 15:36:10.2389+00	2022-06-27 15:36:10.2389+00
9726	AE	1000000	(0,0)	2022-06-27 15:36:10.2389+00	2022-06-27 15:36:10.2389+00
9727	AE	1000000	(0,0)	2022-06-27 15:36:10.2389+00	2022-06-27 15:36:10.2389+00
9728	AE	1000000	(0,0)	2022-06-27 15:36:10.2389+00	2022-06-27 15:36:10.2389+00
9729	AE	1000000	(0,0)	2022-06-27 15:36:10.2389+00	2022-06-27 15:36:10.2389+00
9730	AE	1000000	(0,0)	2022-06-27 15:36:10.2389+00	2022-06-27 15:36:10.2389+00
9731	AE	1000000	(0,0)	2022-06-27 15:36:10.2389+00	2022-06-27 15:36:10.2389+00
9732	AE	1000000	(0,0)	2022-06-27 15:36:10.2389+00	2022-06-27 15:36:10.2389+00
9733	AE	1000000	(0,0)	2022-06-27 15:36:10.2389+00	2022-06-27 15:36:10.2389+00
9734	AE	1000000	(0,0)	2022-06-27 15:36:10.2389+00	2022-06-27 15:36:10.2389+00
9735	AE	1000000	(0,0)	2022-06-27 15:36:10.2389+00	2022-06-27 15:36:10.2389+00
9736	AE	1000000	(0,0)	2022-06-27 15:36:10.2389+00	2022-06-27 15:36:10.2389+00
9737	AE	1000000	(0,0)	2022-06-27 15:36:10.2389+00	2022-06-27 15:36:10.2389+00
9738	AE	1000000	(0,0)	2022-06-27 15:36:10.2389+00	2022-06-27 15:36:10.2389+00
9739	AE	1000000	(0,0)	2022-06-27 15:36:10.2389+00	2022-06-27 15:36:10.2389+00
9741	AE	1000000	(0,0)	2022-06-27 15:36:10.2389+00	2022-06-27 15:36:10.2389+00
9742	AE	1000000	(0,0)	2022-06-27 15:36:10.2389+00	2022-06-27 15:36:10.2389+00
9743	AE	1000000	(0,0)	2022-06-27 15:36:10.2389+00	2022-06-27 15:36:10.2389+00
9744	AE	1000000	(0,0)	2022-06-27 15:36:10.2389+00	2022-06-27 15:36:10.2389+00
9745	AE	1000000	(0,0)	2022-06-27 15:36:10.2389+00	2022-06-27 15:36:10.2389+00
9748	AE	1000000	(0,0)	2022-06-27 15:36:10.2389+00	2022-06-27 15:36:10.2389+00
9749	AE	1000000	(0,0)	2022-06-27 15:36:10.2389+00	2022-06-27 15:36:10.2389+00
9750	AE	1000000	(0,0)	2022-06-27 15:36:10.2389+00	2022-06-27 15:36:10.2389+00
9751	AE	1000000	(0,0)	2022-06-27 15:36:10.2389+00	2022-06-27 15:36:10.2389+00
9752	AE	1000000	(0,0)	2022-06-27 15:36:10.2389+00	2022-06-27 15:36:10.2389+00
9753	AE	1000000	(0,0)	2022-06-27 15:36:10.2389+00	2022-06-27 15:36:10.2389+00
9754	AE	1000000	(0,0)	2022-06-27 15:36:10.2389+00	2022-06-27 15:36:10.2389+00
9755	AE	1000000	(0,0)	2022-06-27 15:36:10.2389+00	2022-06-27 15:36:10.2389+00
9756	AE	1000000	(0,0)	2022-06-27 15:36:10.2389+00	2022-06-27 15:36:10.2389+00
9758	AE	1000000	(0,0)	2022-06-27 15:36:10.2389+00	2022-06-27 15:36:10.2389+00
9759	AE	1000000	(0,0)	2022-06-27 15:36:10.2389+00	2022-06-27 15:36:10.2389+00
9760	AE	1000000	(0,0)	2022-06-27 15:36:10.2389+00	2022-06-27 15:36:10.2389+00
9761	AE	1000000	(0,0)	2022-06-27 15:36:10.2389+00	2022-06-27 15:36:10.2389+00
9762	AE	1000000	(0,0)	2022-06-27 15:36:10.2389+00	2022-06-27 15:36:10.2389+00
9769	AE	1000000	(0,0)	2022-06-27 15:36:10.2389+00	2022-06-27 15:36:10.2389+00
9777	AE	1000000	(0,0)	2022-06-27 15:36:10.2389+00	2022-06-27 15:36:10.2389+00
9780	AE	1000000	(0,0)	2022-06-27 15:36:10.2389+00	2022-06-27 15:36:10.2389+00
9789	AE	1000000	(0,0)	2022-06-27 15:36:10.2389+00	2022-06-27 15:36:10.2389+00
9800	AE	1000000	(0,0)	2022-06-27 15:36:10.2389+00	2022-06-27 15:36:10.2389+00
9801	AE	1000000	(0,0)	2022-06-27 15:36:10.2389+00	2022-06-27 15:36:10.2389+00
9802	AE	1000000	(0,0)	2022-06-27 15:36:10.2389+00	2022-06-27 15:36:10.2389+00
9803	AE	1000000	(0,0)	2022-06-27 15:36:10.2389+00	2022-06-27 15:36:10.2389+00
9804	AE	1000000	(0,0)	2022-06-27 15:36:10.2389+00	2022-06-27 15:36:10.2389+00
9805	AE	1000000	(0,0)	2022-06-27 15:36:10.2389+00	2022-06-27 15:36:10.2389+00
9806	AE	1000000	(0,0)	2022-06-27 15:36:10.2389+00	2022-06-27 15:36:10.2389+00
9807	AE	1000000	(0,0)	2022-06-27 15:36:10.2389+00	2022-06-27 15:36:10.2389+00
9808	AE	1000000	(0,0)	2022-06-27 15:36:10.2389+00	2022-06-27 15:36:10.2389+00
9809	AE	1000000	(0,0)	2022-06-27 15:36:10.2389+00	2022-06-27 15:36:10.2389+00
9810	AE	1000000	(0,0)	2022-06-27 15:36:10.2389+00	2022-06-27 15:36:10.2389+00
9811	AE	1000000	(0,0)	2022-06-27 15:36:10.2389+00	2022-06-27 15:36:10.2389+00
9812	AE	1000000	(0,0)	2022-06-27 15:36:10.2389+00	2022-06-27 15:36:10.2389+00
9813	AE	1000000	(0,0)	2022-06-27 15:36:10.2389+00	2022-06-27 15:36:10.2389+00
9814	AE	1000000	(0,0)	2022-06-27 15:36:10.2389+00	2022-06-27 15:36:10.2389+00
9815	AE	1000000	(0,0)	2022-06-27 15:36:10.2389+00	2022-06-27 15:36:10.2389+00
9816	AE	1000000	(0,0)	2022-06-27 15:36:10.2389+00	2022-06-27 15:36:10.2389+00
9817	AE	1000000	(0,0)	2022-06-27 15:36:10.2389+00	2022-06-27 15:36:10.2389+00
9818	AE	1000000	(0,0)	2022-06-27 15:36:10.2389+00	2022-06-27 15:36:10.2389+00
9820	AE	1000000	(0,0)	2022-06-27 15:36:10.2389+00	2022-06-27 15:36:10.2389+00
9821	AE	1000000	(0,0)	2022-06-27 15:36:10.2389+00	2022-06-27 15:36:10.2389+00
9822	AE	1000000	(0,0)	2022-06-27 15:36:10.2389+00	2022-06-27 15:36:10.2389+00
9823	AE	1000000	(0,0)	2022-06-27 15:36:10.2389+00	2022-06-27 15:36:10.2389+00
9824	AE	1000000	(0,0)	2022-06-27 15:36:10.2389+00	2022-06-27 15:36:10.2389+00
9825	AE	1000000	(0,0)	2022-06-27 15:36:10.2389+00	2022-06-27 15:36:10.2389+00
9826	AE	1000000	(0,0)	2022-06-27 15:36:10.2389+00	2022-06-27 15:36:10.2389+00
9827	AE	1000000	(0,0)	2022-06-27 15:36:10.2389+00	2022-06-27 15:36:10.2389+00
9828	AE	1000000	(0,0)	2022-06-27 15:36:10.2389+00	2022-06-27 15:36:10.2389+00
9829	AE	1000000	(0,0)	2022-06-27 15:36:10.2389+00	2022-06-27 15:36:10.2389+00
9830	AE	1000000	(0,0)	2022-06-27 15:36:10.2389+00	2022-06-27 15:36:10.2389+00
9831	AE	1000000	(0,0)	2022-06-27 15:36:10.2389+00	2022-06-27 15:36:10.2389+00
9832	AE	1000000	(0,0)	2022-06-27 15:36:10.2389+00	2022-06-27 15:36:10.2389+00
9833	AE	1000000	(0,0)	2022-06-27 15:36:10.2389+00	2022-06-27 15:36:10.2389+00
9834	AE	1000000	(0,0)	2022-06-27 15:36:10.2389+00	2022-06-27 15:36:10.2389+00
9836	AE	1000000	(0,0)	2022-06-27 15:36:10.2389+00	2022-06-27 15:36:10.2389+00
9837	AE	1000000	(0,0)	2022-06-27 15:36:10.2389+00	2022-06-27 15:36:10.2389+00
9838	AE	1000000	(0,0)	2022-06-27 15:36:10.2389+00	2022-06-27 15:36:10.2389+00
9839	AE	1000000	(0,0)	2022-06-27 15:36:10.2389+00	2022-06-27 15:36:10.2389+00
9841	AE	1000000	(0,0)	2022-06-27 15:36:10.2389+00	2022-06-27 15:36:10.2389+00
9842	AE	1000000	(0,0)	2022-06-27 15:36:10.2389+00	2022-06-27 15:36:10.2389+00
9844	AE	1000000	(0,0)	2022-06-27 15:36:10.2389+00	2022-06-27 15:36:10.2389+00
9845	AE	1000000	(0,0)	2022-06-27 15:36:10.2389+00	2022-06-27 15:36:10.2389+00
9846	AE	1000000	(0,0)	2022-06-27 15:36:10.2389+00	2022-06-27 15:36:10.2389+00
9847	AE	1000000	(0,0)	2022-06-27 15:36:10.2389+00	2022-06-27 15:36:10.2389+00
9848	AE	1000000	(0,0)	2022-06-27 15:36:10.2389+00	2022-06-27 15:36:10.2389+00
9851	AE	1000000	(0,0)	2022-06-27 15:36:10.2389+00	2022-06-27 15:36:10.2389+00
9852	AE	1000000	(0,0)	2022-06-27 15:36:10.2389+00	2022-06-27 15:36:10.2389+00
9853	AE	1000000	(0,0)	2022-06-27 15:36:10.2389+00	2022-06-27 15:36:10.2389+00
9854	AE	1000000	(0,0)	2022-06-27 15:36:10.2389+00	2022-06-27 15:36:10.2389+00
9855	AE	1000000	(0,0)	2022-06-27 15:36:10.2389+00	2022-06-27 15:36:10.2389+00
9856	AE	1000000	(0,0)	2022-06-27 15:36:10.2389+00	2022-06-27 15:36:10.2389+00
9857	AE	1000000	(0,0)	2022-06-27 15:36:10.2389+00	2022-06-27 15:36:10.2389+00
9858	AE	1000000	(0,0)	2022-06-27 15:36:10.2389+00	2022-06-27 15:36:10.2389+00
9859	AE	1000000	(0,0)	2022-06-27 15:36:10.2389+00	2022-06-27 15:36:10.2389+00
9860	AE	1000000	(0,0)	2022-06-27 15:36:10.2389+00	2022-06-27 15:36:10.2389+00
9861	AE	1000000	(0,0)	2022-06-27 15:36:10.2389+00	2022-06-27 15:36:10.2389+00
9862	AE	1000000	(0,0)	2022-06-27 15:36:10.2389+00	2022-06-27 15:36:10.2389+00
9863	AE	1000000	(0,0)	2022-06-27 15:36:10.2389+00	2022-06-27 15:36:10.2389+00
9864	AE	1000000	(0,0)	2022-06-27 15:36:10.2389+00	2022-06-27 15:36:10.2389+00
9865	AE	1000000	(0,0)	2022-06-27 15:36:10.2389+00	2022-06-27 15:36:10.2389+00
9867	AE	1000000	(0,0)	2022-06-27 15:36:10.2389+00	2022-06-27 15:36:10.2389+00
9868	AE	1000000	(0,0)	2022-06-27 15:36:10.2389+00	2022-06-27 15:36:10.2389+00
9869	AE	1000000	(0,0)	2022-06-27 15:36:10.2389+00	2022-06-27 15:36:10.2389+00
9870	AE	1000000	(0,0)	2022-06-27 15:36:10.2389+00	2022-06-27 15:36:10.2389+00
9873	AE	1000000	(0,0)	2022-06-27 15:36:10.2389+00	2022-06-27 15:36:10.2389+00
9874	AE	1000000	(0,0)	2022-06-27 15:36:10.2389+00	2022-06-27 15:36:10.2389+00
9875	AE	1000000	(0,0)	2022-06-27 15:36:10.2389+00	2022-06-27 15:36:10.2389+00
9876	AE	1000000	(0,0)	2022-06-27 15:36:10.2389+00	2022-06-27 15:36:10.2389+00
9877	AE	1000000	(0,0)	2022-06-27 15:36:10.2389+00	2022-06-27 15:36:10.2389+00
9880	AE	1000000	(0,0)	2022-06-27 15:36:10.2389+00	2022-06-27 15:36:10.2389+00
9890	AE	1000000	(0,0)	2022-06-27 15:36:10.2389+00	2022-06-27 15:36:10.2389+00
9892	AE	1000000	(0,0)	2022-06-27 15:36:10.2389+00	2022-06-27 15:36:10.2389+00
9895	AE	1000000	(0,0)	2022-06-27 15:36:10.2389+00	2022-06-27 15:36:10.2389+00
9898	AE	1000000	(0,0)	2022-06-27 15:36:10.2389+00	2022-06-27 15:36:10.2389+00
9901	AE	1000000	(0,0)	2022-06-27 15:36:10.2389+00	2022-06-27 15:36:10.2389+00
9902	AE	1000000	(0,0)	2022-06-27 15:36:10.2389+00	2022-06-27 15:36:10.2389+00
9903	AE	1000000	(0,0)	2022-06-27 15:36:10.2389+00	2022-06-27 15:36:10.2389+00
9904	AE	1000000	(0,0)	2022-06-27 15:36:10.2389+00	2022-06-27 15:36:10.2389+00
9908	AE	1000000	(0,0)	2022-06-27 15:36:10.2389+00	2022-06-27 15:36:10.2389+00
9909	AE	1000000	(0,0)	2022-06-27 15:36:10.2389+00	2022-06-27 15:36:10.2389+00
9910	AE	1000000	(0,0)	2022-06-27 15:36:10.2389+00	2022-06-27 15:36:10.2389+00
9974	AE	1000000	(0,0)	2022-06-27 15:36:10.2389+00	2022-06-27 15:36:10.2389+00
9975	AE	1000000	(0,0)	2022-06-27 15:36:10.2389+00	2022-06-27 15:36:10.2389+00
9976	AE	1000000	(0,0)	2022-06-27 15:36:10.2389+00	2022-06-27 15:36:10.2389+00
9977	AE	1000000	(0,0)	2022-06-27 15:36:10.2389+00	2022-06-27 15:36:10.2389+00
34001	AA	1000000	(0,0)	2022-06-27 15:36:10.2389+00	2022-06-27 15:36:10.2389+00
34002	AA	1000000	(0,0)	2022-06-27 15:36:10.2389+00	2022-06-27 15:36:10.2389+00
34004	AA	1000000	(0,0)	2022-06-27 15:36:10.2389+00	2022-06-27 15:36:10.2389+00
34007	AA	1000000	(0,0)	2022-06-27 15:36:10.2389+00	2022-06-27 15:36:10.2389+00
34008	AA	1000000	(0,0)	2022-06-27 15:36:10.2389+00	2022-06-27 15:36:10.2389+00
34011	AA	1000000	(0,0)	2022-06-27 15:36:10.2389+00	2022-06-27 15:36:10.2389+00
34020	AA	1000000	(0,0)	2022-06-27 15:36:10.2389+00	2022-06-27 15:36:10.2389+00
34021	AA	1000000	(0,0)	2022-06-27 15:36:10.2389+00	2022-06-27 15:36:10.2389+00
34022	AA	1000000	(0,0)	2022-06-27 15:36:10.2389+00	2022-06-27 15:36:10.2389+00
34023	AA	1000000	(0,0)	2022-06-27 15:36:10.2389+00	2022-06-27 15:36:10.2389+00
34024	AA	1000000	(0,0)	2022-06-27 15:36:10.2389+00	2022-06-27 15:36:10.2389+00
34025	AA	1000000	(0,0)	2022-06-27 15:36:10.2389+00	2022-06-27 15:36:10.2389+00
34030	AA	1000000	(0,0)	2022-06-27 15:36:10.2389+00	2022-06-27 15:36:10.2389+00
34031	AA	1000000	(0,0)	2022-06-27 15:36:10.2389+00	2022-06-27 15:36:10.2389+00
34032	AA	1000000	(0,0)	2022-06-27 15:36:10.2389+00	2022-06-27 15:36:10.2389+00
34033	AA	1000000	(0,0)	2022-06-27 15:36:10.2389+00	2022-06-27 15:36:10.2389+00
34034	AA	1000000	(0,0)	2022-06-27 15:36:10.2389+00	2022-06-27 15:36:10.2389+00
34035	AA	1000000	(0,0)	2022-06-27 15:36:10.2389+00	2022-06-27 15:36:10.2389+00
34036	AA	1000000	(0,0)	2022-06-27 15:36:10.2389+00	2022-06-27 15:36:10.2389+00
34037	AA	1000000	(0,0)	2022-06-27 15:36:10.2389+00	2022-06-27 15:36:10.2389+00
34038	AA	1000000	(0,0)	2022-06-27 15:36:10.2389+00	2022-06-27 15:36:10.2389+00
34039	AA	1000000	(0,0)	2022-06-27 15:36:10.2389+00	2022-06-27 15:36:10.2389+00
34041	AA	1000000	(0,0)	2022-06-27 15:36:10.2389+00	2022-06-27 15:36:10.2389+00
34042	AA	1000000	(0,0)	2022-06-27 15:36:10.2389+00	2022-06-27 15:36:10.2389+00
34044	AA	1000000	(0,0)	2022-06-27 15:36:10.2389+00	2022-06-27 15:36:10.2389+00
34050	AA	1000000	(0,0)	2022-06-27 15:36:10.2389+00	2022-06-27 15:36:10.2389+00
34051	AA	1000000	(0,0)	2022-06-27 15:36:10.2389+00	2022-06-27 15:36:10.2389+00
34052	AA	1000000	(0,0)	2022-06-27 15:36:10.2389+00	2022-06-27 15:36:10.2389+00
34053	AA	1000000	(0,0)	2022-06-27 15:36:10.2389+00	2022-06-27 15:36:10.2389+00
34054	AA	1000000	(0,0)	2022-06-27 15:36:10.2389+00	2022-06-27 15:36:10.2389+00
34055	AA	1000000	(0,0)	2022-06-27 15:36:10.2389+00	2022-06-27 15:36:10.2389+00
34058	AA	1000000	(0,0)	2022-06-27 15:36:10.2389+00	2022-06-27 15:36:10.2389+00
34060	AA	1000000	(0,0)	2022-06-27 15:36:10.2389+00	2022-06-27 15:36:10.2389+00
34066	AA	1000000	(0,0)	2022-06-27 15:36:10.2389+00	2022-06-27 15:36:10.2389+00
34067	AA	1000000	(0,0)	2022-06-27 15:36:10.2389+00	2022-06-27 15:36:10.2389+00
34068	AA	1000000	(0,0)	2022-06-27 15:36:10.2389+00	2022-06-27 15:36:10.2389+00
34069	AA	1000000	(0,0)	2022-06-27 15:36:10.2389+00	2022-06-27 15:36:10.2389+00
34078	AA	1000000	(0,0)	2022-06-27 15:36:10.2389+00	2022-06-27 15:36:10.2389+00
34080	AA	1000000	(0,0)	2022-06-27 15:36:10.2389+00	2022-06-27 15:36:10.2389+00
34081	AA	1000000	(0,0)	2022-06-27 15:36:10.2389+00	2022-06-27 15:36:10.2389+00
34082	AA	1000000	(0,0)	2022-06-27 15:36:10.2389+00	2022-06-27 15:36:10.2389+00
34083	AA	1000000	(0,0)	2022-06-27 15:36:10.2389+00	2022-06-27 15:36:10.2389+00
34084	AA	1000000	(0,0)	2022-06-27 15:36:10.2389+00	2022-06-27 15:36:10.2389+00
34085	AA	1000000	(0,0)	2022-06-27 15:36:10.2389+00	2022-06-27 15:36:10.2389+00
34086	AA	1000000	(0,0)	2022-06-27 15:36:10.2389+00	2022-06-27 15:36:10.2389+00
34087	AA	1000000	(0,0)	2022-06-27 15:36:10.2389+00	2022-06-27 15:36:10.2389+00
34088	AA	1000000	(0,0)	2022-06-27 15:36:10.2389+00	2022-06-27 15:36:10.2389+00
34089	AA	1000000	(0,0)	2022-06-27 15:36:10.2389+00	2022-06-27 15:36:10.2389+00
34090	AA	1000000	(0,0)	2022-06-27 15:36:10.2389+00	2022-06-27 15:36:10.2389+00
34091	AA	1000000	(0,0)	2022-06-27 15:36:10.2389+00	2022-06-27 15:36:10.2389+00
34092	AA	1000000	(0,0)	2022-06-27 15:36:10.2389+00	2022-06-27 15:36:10.2389+00
34093	AA	1000000	(0,0)	2022-06-27 15:36:10.2389+00	2022-06-27 15:36:10.2389+00
34094	AA	1000000	(0,0)	2022-06-27 15:36:10.2389+00	2022-06-27 15:36:10.2389+00
34095	AA	1000000	(0,0)	2022-06-27 15:36:10.2389+00	2022-06-27 15:36:10.2389+00
96201	AP	1000000	(0,0)	2022-06-27 15:36:10.2389+00	2022-06-27 15:36:10.2389+00
96202	AP	1000000	(0,0)	2022-06-27 15:36:10.2389+00	2022-06-27 15:36:10.2389+00
96203	AP	1000000	(0,0)	2022-06-27 15:36:10.2389+00	2022-06-27 15:36:10.2389+00
96204	AP	1000000	(0,0)	2022-06-27 15:36:10.2389+00	2022-06-27 15:36:10.2389+00
96205	AP	1000000	(0,0)	2022-06-27 15:36:10.2389+00	2022-06-27 15:36:10.2389+00
96206	AP	1000000	(0,0)	2022-06-27 15:36:10.2389+00	2022-06-27 15:36:10.2389+00
96207	AP	1000000	(0,0)	2022-06-27 15:36:10.2389+00	2022-06-27 15:36:10.2389+00
96208	AP	1000000	(0,0)	2022-06-27 15:36:10.2389+00	2022-06-27 15:36:10.2389+00
96209	AP	1000000	(0,0)	2022-06-27 15:36:10.2389+00	2022-06-27 15:36:10.2389+00
96210	AP	1000000	(0,0)	2022-06-27 15:36:10.2389+00	2022-06-27 15:36:10.2389+00
96212	AP	1000000	(0,0)	2022-06-27 15:36:10.2389+00	2022-06-27 15:36:10.2389+00
96213	AP	1000000	(0,0)	2022-06-27 15:36:10.2389+00	2022-06-27 15:36:10.2389+00
96214	AP	1000000	(0,0)	2022-06-27 15:36:10.2389+00	2022-06-27 15:36:10.2389+00
96218	AP	1000000	(0,0)	2022-06-27 15:36:10.2389+00	2022-06-27 15:36:10.2389+00
96224	AP	1000000	(0,0)	2022-06-27 15:36:10.2389+00	2022-06-27 15:36:10.2389+00
96251	AP	1000000	(0,0)	2022-06-27 15:36:10.2389+00	2022-06-27 15:36:10.2389+00
96257	AP	1000000	(0,0)	2022-06-27 15:36:10.2389+00	2022-06-27 15:36:10.2389+00
96258	AP	1000000	(0,0)	2022-06-27 15:36:10.2389+00	2022-06-27 15:36:10.2389+00
96260	AP	1000000	(0,0)	2022-06-27 15:36:10.2389+00	2022-06-27 15:36:10.2389+00
96262	AP	1000000	(0,0)	2022-06-27 15:36:10.2389+00	2022-06-27 15:36:10.2389+00
96264	AP	1000000	(0,0)	2022-06-27 15:36:10.2389+00	2022-06-27 15:36:10.2389+00
96266	AP	1000000	(0,0)	2022-06-27 15:36:10.2389+00	2022-06-27 15:36:10.2389+00
96267	AP	1000000	(0,0)	2022-06-27 15:36:10.2389+00	2022-06-27 15:36:10.2389+00
96269	AP	1000000	(0,0)	2022-06-27 15:36:10.2389+00	2022-06-27 15:36:10.2389+00
96271	AP	1000000	(0,0)	2022-06-27 15:36:10.2389+00	2022-06-27 15:36:10.2389+00
96273	AP	1000000	(0,0)	2022-06-27 15:36:10.2389+00	2022-06-27 15:36:10.2389+00
96275	AP	1000000	(0,0)	2022-06-27 15:36:10.2389+00	2022-06-27 15:36:10.2389+00
96276	AP	1000000	(0,0)	2022-06-27 15:36:10.2389+00	2022-06-27 15:36:10.2389+00
96278	AP	1000000	(0,0)	2022-06-27 15:36:10.2389+00	2022-06-27 15:36:10.2389+00
96283	AP	1000000	(0,0)	2022-06-27 15:36:10.2389+00	2022-06-27 15:36:10.2389+00
96284	AP	1000000	(0,0)	2022-06-27 15:36:10.2389+00	2022-06-27 15:36:10.2389+00
96297	AP	1000000	(0,0)	2022-06-27 15:36:10.2389+00	2022-06-27 15:36:10.2389+00
96301	AP	1000000	(0,0)	2022-06-27 15:36:10.2389+00	2022-06-27 15:36:10.2389+00
96303	AP	1000000	(0,0)	2022-06-27 15:36:10.2389+00	2022-06-27 15:36:10.2389+00
96306	AP	1000000	(0,0)	2022-06-27 15:36:10.2389+00	2022-06-27 15:36:10.2389+00
96309	AP	1000000	(0,0)	2022-06-27 15:36:10.2389+00	2022-06-27 15:36:10.2389+00
96310	AP	1000000	(0,0)	2022-06-27 15:36:10.2389+00	2022-06-27 15:36:10.2389+00
96311	AP	1000000	(0,0)	2022-06-27 15:36:10.2389+00	2022-06-27 15:36:10.2389+00
96315	AP	1000000	(0,0)	2022-06-27 15:36:10.2389+00	2022-06-27 15:36:10.2389+00
96319	AP	1000000	(0,0)	2022-06-27 15:36:10.2389+00	2022-06-27 15:36:10.2389+00
96321	AP	1000000	(0,0)	2022-06-27 15:36:10.2389+00	2022-06-27 15:36:10.2389+00
96322	AP	1000000	(0,0)	2022-06-27 15:36:10.2389+00	2022-06-27 15:36:10.2389+00
96323	AP	1000000	(0,0)	2022-06-27 15:36:10.2389+00	2022-06-27 15:36:10.2389+00
96326	AP	1000000	(0,0)	2022-06-27 15:36:10.2389+00	2022-06-27 15:36:10.2389+00
96328	AP	1000000	(0,0)	2022-06-27 15:36:10.2389+00	2022-06-27 15:36:10.2389+00
96330	AP	1000000	(0,0)	2022-06-27 15:36:10.2389+00	2022-06-27 15:36:10.2389+00
96331	AP	1000000	(0,0)	2022-06-27 15:36:10.2389+00	2022-06-27 15:36:10.2389+00
96336	AP	1000000	(0,0)	2022-06-27 15:36:10.2389+00	2022-06-27 15:36:10.2389+00
96337	AP	1000000	(0,0)	2022-06-27 15:36:10.2389+00	2022-06-27 15:36:10.2389+00
96338	AP	1000000	(0,0)	2022-06-27 15:36:10.2389+00	2022-06-27 15:36:10.2389+00
96339	AP	1000000	(0,0)	2022-06-27 15:36:10.2389+00	2022-06-27 15:36:10.2389+00
96343	AP	1000000	(0,0)	2022-06-27 15:36:10.2389+00	2022-06-27 15:36:10.2389+00
96346	AP	1000000	(0,0)	2022-06-27 15:36:10.2389+00	2022-06-27 15:36:10.2389+00
96347	AP	1000000	(0,0)	2022-06-27 15:36:10.2389+00	2022-06-27 15:36:10.2389+00
96349	AP	1000000	(0,0)	2022-06-27 15:36:10.2389+00	2022-06-27 15:36:10.2389+00
96350	AP	1000000	(0,0)	2022-06-27 15:36:10.2389+00	2022-06-27 15:36:10.2389+00
96351	AP	1000000	(0,0)	2022-06-27 15:36:10.2389+00	2022-06-27 15:36:10.2389+00
96362	AP	1000000	(0,0)	2022-06-27 15:36:10.2389+00	2022-06-27 15:36:10.2389+00
96365	AP	1000000	(0,0)	2022-06-27 15:36:10.2389+00	2022-06-27 15:36:10.2389+00
96367	AP	1000000	(0,0)	2022-06-27 15:36:10.2389+00	2022-06-27 15:36:10.2389+00
96368	AP	1000000	(0,0)	2022-06-27 15:36:10.2389+00	2022-06-27 15:36:10.2389+00
96370	AP	1000000	(0,0)	2022-06-27 15:36:10.2389+00	2022-06-27 15:36:10.2389+00
96371	AP	1000000	(0,0)	2022-06-27 15:36:10.2389+00	2022-06-27 15:36:10.2389+00
96372	AP	1000000	(0,0)	2022-06-27 15:36:10.2389+00	2022-06-27 15:36:10.2389+00
96373	AP	1000000	(0,0)	2022-06-27 15:36:10.2389+00	2022-06-27 15:36:10.2389+00
96374	AP	1000000	(0,0)	2022-06-27 15:36:10.2389+00	2022-06-27 15:36:10.2389+00
96375	AP	1000000	(0,0)	2022-06-27 15:36:10.2389+00	2022-06-27 15:36:10.2389+00
96376	AP	1000000	(0,0)	2022-06-27 15:36:10.2389+00	2022-06-27 15:36:10.2389+00
96377	AP	1000000	(0,0)	2022-06-27 15:36:10.2389+00	2022-06-27 15:36:10.2389+00
96378	AP	1000000	(0,0)	2022-06-27 15:36:10.2389+00	2022-06-27 15:36:10.2389+00
96379	AP	1000000	(0,0)	2022-06-27 15:36:10.2389+00	2022-06-27 15:36:10.2389+00
96380	AP	1000000	(0,0)	2022-06-27 15:36:10.2389+00	2022-06-27 15:36:10.2389+00
96382	AP	1000000	(0,0)	2022-06-27 15:36:10.2389+00	2022-06-27 15:36:10.2389+00
96384	AP	1000000	(0,0)	2022-06-27 15:36:10.2389+00	2022-06-27 15:36:10.2389+00
96385	AP	1000000	(0,0)	2022-06-27 15:36:10.2389+00	2022-06-27 15:36:10.2389+00
96386	AP	1000000	(0,0)	2022-06-27 15:36:10.2389+00	2022-06-27 15:36:10.2389+00
96387	AP	1000000	(0,0)	2022-06-27 15:36:10.2389+00	2022-06-27 15:36:10.2389+00
96388	AP	1000000	(0,0)	2022-06-27 15:36:10.2389+00	2022-06-27 15:36:10.2389+00
96389	AP	1000000	(0,0)	2022-06-27 15:36:10.2389+00	2022-06-27 15:36:10.2389+00
96401	AP	1000000	(0,0)	2022-06-27 15:36:10.2389+00	2022-06-27 15:36:10.2389+00
96502	AP	1000000	(0,0)	2022-06-27 15:36:10.2389+00	2022-06-27 15:36:10.2389+00
96504	AP	1000000	(0,0)	2022-06-27 15:36:10.2389+00	2022-06-27 15:36:10.2389+00
96505	AP	1000000	(0,0)	2022-06-27 15:36:10.2389+00	2022-06-27 15:36:10.2389+00
96507	AP	1000000	(0,0)	2022-06-27 15:36:10.2389+00	2022-06-27 15:36:10.2389+00
96510	AP	1000000	(0,0)	2022-06-27 15:36:10.2389+00	2022-06-27 15:36:10.2389+00
96511	AP	1000000	(0,0)	2022-06-27 15:36:10.2389+00	2022-06-27 15:36:10.2389+00
96515	AP	1000000	(0,0)	2022-06-27 15:36:10.2389+00	2022-06-27 15:36:10.2389+00
96516	AP	1000000	(0,0)	2022-06-27 15:36:10.2389+00	2022-06-27 15:36:10.2389+00
96517	AP	1000000	(0,0)	2022-06-27 15:36:10.2389+00	2022-06-27 15:36:10.2389+00
96520	AP	1000000	(0,0)	2022-06-27 15:36:10.2389+00	2022-06-27 15:36:10.2389+00
96521	AP	1000000	(0,0)	2022-06-27 15:36:10.2389+00	2022-06-27 15:36:10.2389+00
96522	AP	1000000	(0,0)	2022-06-27 15:36:10.2389+00	2022-06-27 15:36:10.2389+00
96530	AP	1000000	(0,0)	2022-06-27 15:36:10.2389+00	2022-06-27 15:36:10.2389+00
96531	AP	1000000	(0,0)	2022-06-27 15:36:10.2389+00	2022-06-27 15:36:10.2389+00
96532	AP	1000000	(0,0)	2022-06-27 15:36:10.2389+00	2022-06-27 15:36:10.2389+00
96534	AP	1000000	(0,0)	2022-06-27 15:36:10.2389+00	2022-06-27 15:36:10.2389+00
96535	AP	1000000	(0,0)	2022-06-27 15:36:10.2389+00	2022-06-27 15:36:10.2389+00
96537	AP	1000000	(0,0)	2022-06-27 15:36:10.2389+00	2022-06-27 15:36:10.2389+00
96539	AP	1000000	(0,0)	2022-06-27 15:36:10.2389+00	2022-06-27 15:36:10.2389+00
96540	AP	1000000	(0,0)	2022-06-27 15:36:10.2389+00	2022-06-27 15:36:10.2389+00
96542	AP	1000000	(0,0)	2022-06-27 15:36:10.2389+00	2022-06-27 15:36:10.2389+00
96543	AP	1000000	(0,0)	2022-06-27 15:36:10.2389+00	2022-06-27 15:36:10.2389+00
96546	AP	1000000	(0,0)	2022-06-27 15:36:10.2389+00	2022-06-27 15:36:10.2389+00
96548	AP	1000000	(0,0)	2022-06-27 15:36:10.2389+00	2022-06-27 15:36:10.2389+00
96549	AP	1000000	(0,0)	2022-06-27 15:36:10.2389+00	2022-06-27 15:36:10.2389+00
96550	AP	1000000	(0,0)	2022-06-27 15:36:10.2389+00	2022-06-27 15:36:10.2389+00
96551	AP	1000000	(0,0)	2022-06-27 15:36:10.2389+00	2022-06-27 15:36:10.2389+00
96552	AP	1000000	(0,0)	2022-06-27 15:36:10.2389+00	2022-06-27 15:36:10.2389+00
96553	AP	1000000	(0,0)	2022-06-27 15:36:10.2389+00	2022-06-27 15:36:10.2389+00
96554	AP	1000000	(0,0)	2022-06-27 15:36:10.2389+00	2022-06-27 15:36:10.2389+00
96555	AP	1000000	(0,0)	2022-06-27 15:36:10.2389+00	2022-06-27 15:36:10.2389+00
96557	AP	1000000	(0,0)	2022-06-27 15:36:10.2389+00	2022-06-27 15:36:10.2389+00
96562	AP	1000000	(0,0)	2022-06-27 15:36:10.2389+00	2022-06-27 15:36:10.2389+00
96577	AP	1000000	(0,0)	2022-06-27 15:36:10.2389+00	2022-06-27 15:36:10.2389+00
96578	AP	1000000	(0,0)	2022-06-27 15:36:10.2389+00	2022-06-27 15:36:10.2389+00
96595	AP	1000000	(0,0)	2022-06-27 15:36:10.2389+00	2022-06-27 15:36:10.2389+00
96598	AP	1000000	(0,0)	2022-06-27 15:36:10.2389+00	2022-06-27 15:36:10.2389+00
96599	AP	1000000	(0,0)	2022-06-27 15:36:10.2389+00	2022-06-27 15:36:10.2389+00
96601	AP	1000000	(0,0)	2022-06-27 15:36:10.2389+00	2022-06-27 15:36:10.2389+00
96602	AP	1000000	(0,0)	2022-06-27 15:36:10.2389+00	2022-06-27 15:36:10.2389+00
96603	AP	1000000	(0,0)	2022-06-27 15:36:10.2389+00	2022-06-27 15:36:10.2389+00
96604	AP	1000000	(0,0)	2022-06-27 15:36:10.2389+00	2022-06-27 15:36:10.2389+00
96605	AP	1000000	(0,0)	2022-06-27 15:36:10.2389+00	2022-06-27 15:36:10.2389+00
96606	AP	1000000	(0,0)	2022-06-27 15:36:10.2389+00	2022-06-27 15:36:10.2389+00
96607	AP	1000000	(0,0)	2022-06-27 15:36:10.2389+00	2022-06-27 15:36:10.2389+00
96608	AP	1000000	(0,0)	2022-06-27 15:36:10.2389+00	2022-06-27 15:36:10.2389+00
96609	AP	1000000	(0,0)	2022-06-27 15:36:10.2389+00	2022-06-27 15:36:10.2389+00
96610	AP	1000000	(0,0)	2022-06-27 15:36:10.2389+00	2022-06-27 15:36:10.2389+00
96611	AP	1000000	(0,0)	2022-06-27 15:36:10.2389+00	2022-06-27 15:36:10.2389+00
96612	AP	1000000	(0,0)	2022-06-27 15:36:10.2389+00	2022-06-27 15:36:10.2389+00
96613	AP	1000000	(0,0)	2022-06-27 15:36:10.2389+00	2022-06-27 15:36:10.2389+00
96615	AP	1000000	(0,0)	2022-06-27 15:36:10.2389+00	2022-06-27 15:36:10.2389+00
96616	AP	1000000	(0,0)	2022-06-27 15:36:10.2389+00	2022-06-27 15:36:10.2389+00
96617	AP	1000000	(0,0)	2022-06-27 15:36:10.2389+00	2022-06-27 15:36:10.2389+00
96619	AP	1000000	(0,0)	2022-06-27 15:36:10.2389+00	2022-06-27 15:36:10.2389+00
96620	AP	1000000	(0,0)	2022-06-27 15:36:10.2389+00	2022-06-27 15:36:10.2389+00
96628	AP	1000000	(0,0)	2022-06-27 15:36:10.2389+00	2022-06-27 15:36:10.2389+00
96629	AP	1000000	(0,0)	2022-06-27 15:36:10.2389+00	2022-06-27 15:36:10.2389+00
96632	AP	1000000	(0,0)	2022-06-27 15:36:10.2389+00	2022-06-27 15:36:10.2389+00
96633	AP	1000000	(0,0)	2022-06-27 15:36:10.2389+00	2022-06-27 15:36:10.2389+00
96641	AP	1000000	(0,0)	2022-06-27 15:36:10.2389+00	2022-06-27 15:36:10.2389+00
96642	AP	1000000	(0,0)	2022-06-27 15:36:10.2389+00	2022-06-27 15:36:10.2389+00
96643	AP	1000000	(0,0)	2022-06-27 15:36:10.2389+00	2022-06-27 15:36:10.2389+00
96644	AP	1000000	(0,0)	2022-06-27 15:36:10.2389+00	2022-06-27 15:36:10.2389+00
96645	AP	1000000	(0,0)	2022-06-27 15:36:10.2389+00	2022-06-27 15:36:10.2389+00
96649	AP	1000000	(0,0)	2022-06-27 15:36:10.2389+00	2022-06-27 15:36:10.2389+00
96650	AP	1000000	(0,0)	2022-06-27 15:36:10.2389+00	2022-06-27 15:36:10.2389+00
96657	AP	1000000	(0,0)	2022-06-27 15:36:10.2389+00	2022-06-27 15:36:10.2389+00
96660	AP	1000000	(0,0)	2022-06-27 15:36:10.2389+00	2022-06-27 15:36:10.2389+00
96661	AP	1000000	(0,0)	2022-06-27 15:36:10.2389+00	2022-06-27 15:36:10.2389+00
96662	AP	1000000	(0,0)	2022-06-27 15:36:10.2389+00	2022-06-27 15:36:10.2389+00
96663	AP	1000000	(0,0)	2022-06-27 15:36:10.2389+00	2022-06-27 15:36:10.2389+00
96664	AP	1000000	(0,0)	2022-06-27 15:36:10.2389+00	2022-06-27 15:36:10.2389+00
96665	AP	1000000	(0,0)	2022-06-27 15:36:10.2389+00	2022-06-27 15:36:10.2389+00
96666	AP	1000000	(0,0)	2022-06-27 15:36:10.2389+00	2022-06-27 15:36:10.2389+00
96667	AP	1000000	(0,0)	2022-06-27 15:36:10.2389+00	2022-06-27 15:36:10.2389+00
96668	AP	1000000	(0,0)	2022-06-27 15:36:10.2389+00	2022-06-27 15:36:10.2389+00
96669	AP	1000000	(0,0)	2022-06-27 15:36:10.2389+00	2022-06-27 15:36:10.2389+00
96670	AP	1000000	(0,0)	2022-06-27 15:36:10.2389+00	2022-06-27 15:36:10.2389+00
96671	AP	1000000	(0,0)	2022-06-27 15:36:10.2389+00	2022-06-27 15:36:10.2389+00
96672	AP	1000000	(0,0)	2022-06-27 15:36:10.2389+00	2022-06-27 15:36:10.2389+00
96673	AP	1000000	(0,0)	2022-06-27 15:36:10.2389+00	2022-06-27 15:36:10.2389+00
96674	AP	1000000	(0,0)	2022-06-27 15:36:10.2389+00	2022-06-27 15:36:10.2389+00
96675	AP	1000000	(0,0)	2022-06-27 15:36:10.2389+00	2022-06-27 15:36:10.2389+00
96677	AP	1000000	(0,0)	2022-06-27 15:36:10.2389+00	2022-06-27 15:36:10.2389+00
96678	AP	1000000	(0,0)	2022-06-27 15:36:10.2389+00	2022-06-27 15:36:10.2389+00
96679	AP	1000000	(0,0)	2022-06-27 15:36:10.2389+00	2022-06-27 15:36:10.2389+00
96681	AP	1000000	(0,0)	2022-06-27 15:36:10.2389+00	2022-06-27 15:36:10.2389+00
96682	AP	1000000	(0,0)	2022-06-27 15:36:10.2389+00	2022-06-27 15:36:10.2389+00
96683	AP	1000000	(0,0)	2022-06-27 15:36:10.2389+00	2022-06-27 15:36:10.2389+00
96686	AP	1000000	(0,0)	2022-06-27 15:36:10.2389+00	2022-06-27 15:36:10.2389+00
96691	AP	1000000	(0,0)	2022-06-27 15:36:10.2389+00	2022-06-27 15:36:10.2389+00
96692	AP	1000000	(0,0)	2022-06-27 15:36:10.2389+00	2022-06-27 15:36:10.2389+00
96693	AP	1000000	(0,0)	2022-06-27 15:36:10.2389+00	2022-06-27 15:36:10.2389+00
96694	AP	1000000	(0,0)	2022-06-27 15:36:10.2389+00	2022-06-27 15:36:10.2389+00
96695	AP	1000000	(0,0)	2022-06-27 15:36:10.2389+00	2022-06-27 15:36:10.2389+00
96696	AP	1000000	(0,0)	2022-06-27 15:36:10.2389+00	2022-06-27 15:36:10.2389+00
96698	AP	1000000	(0,0)	2022-06-27 15:36:10.2389+00	2022-06-27 15:36:10.2389+00
601	PR	16001	(18.16,-66.72)	2022-06-27 15:36:10.2389+00	2022-06-27 15:36:10.2389+00
602	PR	19801	(18.38,-67.18)	2022-06-27 15:36:10.2389+00	2022-06-27 15:36:10.2389+00
603	PR	18973	(18.43,-67.15)	2022-06-27 15:36:10.2389+00	2022-06-27 15:36:10.2389+00
604	PR	0	(18.43,-67.15)	2022-06-27 15:36:10.2389+00	2022-06-27 15:36:10.2389+00
605	PR	0	(18.43,-67.15)	2022-06-27 15:36:10.2389+00	2022-06-27 15:36:10.2389+00
606	PR	15298	(18.18,-66.98)	2022-06-27 15:36:10.2389+00	2022-06-27 15:36:10.2389+00
610	PR	23612	(18.28,-67.14)	2022-06-27 15:36:10.2389+00	2022-06-27 15:36:10.2389+00
611	PR	0	(18.28,-66.79)	2022-06-27 15:36:10.2389+00	2022-06-27 15:36:10.2389+00
612	PR	24339	(18.45,-66.73)	2022-06-27 15:36:10.2389+00	2022-06-27 15:36:10.2389+00
613	PR	0	(18.45,-66.73)	2022-06-27 15:36:10.2389+00	2022-06-27 15:36:10.2389+00
614	PR	0	(18.45,-66.73)	2022-06-27 15:36:10.2389+00	2022-06-27 15:36:10.2389+00
616	PR	20805	(18.42,-66.67)	2022-06-27 15:36:10.2389+00	2022-06-27 15:36:10.2389+00
617	PR	19838	(18.45,-66.56)	2022-06-27 15:36:10.2389+00	2022-06-27 15:36:10.2389+00
622	PR	17290	(17.99,-67.15)	2022-06-27 15:36:10.2389+00	2022-06-27 15:36:10.2389+00
623	PR	20448	(18.08,-67.14)	2022-06-27 15:36:10.2389+00	2022-06-27 15:36:10.2389+00
624	PR	19342	(18.06,-66.72)	2022-06-27 15:36:10.2389+00	2022-06-27 15:36:10.2389+00
627	PR	20616	(18.48,-66.84)	2022-06-27 15:36:10.2389+00	2022-06-27 15:36:10.2389+00
631	PR	12188	(18.19,-66.82)	2022-06-27 15:36:10.2389+00	2022-06-27 15:36:10.2389+00
636	PR	0	(18.15,-67.06)	2022-06-27 15:36:10.2389+00	2022-06-27 15:36:10.2389+00
637	PR	22106	(18.08,-66.96)	2022-06-27 15:36:10.2389+00	2022-06-27 15:36:10.2389+00
638	PR	18914	(18.33,-66.47)	2022-06-27 15:36:10.2389+00	2022-06-27 15:36:10.2389+00
641	PR	19972	(18.27,-66.7)	2022-06-27 15:36:10.2389+00	2022-06-27 15:36:10.2389+00
646	PR	37357	(18.47,-66.27)	2022-06-27 15:36:10.2389+00	2022-06-27 15:36:10.2389+00
647	PR	17659	(17.96,-66.94)	2022-06-27 15:36:10.2389+00	2022-06-27 15:36:10.2389+00
650	PR	22310	(18.36,-66.56)	2022-06-27 15:36:10.2389+00	2022-06-27 15:36:10.2389+00
652	PR	24154	(18.45,-66.6)	2022-06-27 15:36:10.2389+00	2022-06-27 15:36:10.2389+00
653	PR	15234	(17.99,-66.89)	2022-06-27 15:36:10.2389+00	2022-06-27 15:36:10.2389+00
656	PR	19699	(18.02,-66.79)	2022-06-27 15:36:10.2389+00	2022-06-27 15:36:10.2389+00
659	PR	23679	(18.48,-66.82)	2022-06-27 15:36:10.2389+00	2022-06-27 15:36:10.2389+00
660	PR	23658	(18.14,-67.12)	2022-06-27 15:36:10.2389+00	2022-06-27 15:36:10.2389+00
662	PR	18840	(18.5,-67.02)	2022-06-27 15:36:10.2389+00	2022-06-27 15:36:10.2389+00
664	PR	17403	(18.22,-66.59)	2022-06-27 15:36:10.2389+00	2022-06-27 15:36:10.2389+00
667	PR	16166	(18.04,-67.06)	2022-06-27 15:36:10.2389+00	2022-06-27 15:36:10.2389+00
669	PR	19540	(18.29,-66.88)	2022-06-27 15:36:10.2389+00	2022-06-27 15:36:10.2389+00
670	PR	17861	(18.27,-67.06)	2022-06-27 15:36:10.2389+00	2022-06-27 15:36:10.2389+00
674	PR	23424	(18.43,-66.48)	2022-06-27 15:36:10.2389+00	2022-06-27 15:36:10.2389+00
676	PR	18630	(18.39,-67.11)	2022-06-27 15:36:10.2389+00	2022-06-27 15:36:10.2389+00
677	PR	29440	(18.34,-67.25)	2022-06-27 15:36:10.2389+00	2022-06-27 15:36:10.2389+00
678	PR	20992	(18.47,-66.93)	2022-06-27 15:36:10.2389+00	2022-06-27 15:36:10.2389+00
680	PR	20674	(18.2,-67.14)	2022-06-27 15:36:10.2389+00	2022-06-27 15:36:10.2389+00
681	PR	0	(18.2,-67.14)	2022-06-27 15:36:10.2389+00	2022-06-27 15:36:10.2389+00
682	PR	20240	(18.22,-67.16)	2022-06-27 15:36:10.2389+00	2022-06-27 15:36:10.2389+00
683	PR	21870	(18.08,-67.04)	2022-06-27 15:36:10.2389+00	2022-06-27 15:36:10.2389+00
685	PR	18690	(18.33,-66.99)	2022-06-27 15:36:10.2389+00	2022-06-27 15:36:10.2389+00
687	PR	22147	(18.32,-66.4)	2022-06-27 15:36:10.2389+00	2022-06-27 15:36:10.2389+00
688	PR	20520	(18.38,-66.62)	2022-06-27 15:36:10.2389+00	2022-06-27 15:36:10.2389+00
690	PR	22042	(18.49,-67.09)	2022-06-27 15:36:10.2389+00	2022-06-27 15:36:10.2389+00
692	PR	23253	(18.41,-66.32)	2022-06-27 15:36:10.2389+00	2022-06-27 15:36:10.2389+00
693	PR	24677	(18.44,-66.39)	2022-06-27 15:36:10.2389+00	2022-06-27 15:36:10.2389+00
694	PR	0	(18.48,-66.39)	2022-06-27 15:36:10.2389+00	2022-06-27 15:36:10.2389+00
698	PR	20794	(18.03,-66.86)	2022-06-27 15:36:10.2389+00	2022-06-27 15:36:10.2389+00
703	PR	21940	(18.25,-66.1)	2022-06-27 15:36:10.2389+00	2022-06-27 15:36:10.2389+00
704	PR	20742	(17.96,-66.22)	2022-06-27 15:36:10.2389+00	2022-06-27 15:36:10.2389+00
705	PR	23627	(18.14,-66.26)	2022-06-27 15:36:10.2389+00	2022-06-27 15:36:10.2389+00
707	PR	23232	(18,-65.9)	2022-06-27 15:36:10.2389+00	2022-06-27 15:36:10.2389+00
714	PR	19524	(17.97,-66.06)	2022-06-27 15:36:10.2389+00	2022-06-27 15:36:10.2389+00
715	PR	13750	(18.01,-66.56)	2022-06-27 15:36:10.2389+00	2022-06-27 15:36:10.2389+00
716	PR	21350	(17.98,-66.6)	2022-06-27 15:36:10.2389+00	2022-06-27 15:36:10.2389+00
717	PR	16926	(18,-66.61)	2022-06-27 15:36:10.2389+00	2022-06-27 15:36:10.2389+00
718	PR	21011	(18.21,-65.73)	2022-06-27 15:36:10.2389+00	2022-06-27 15:36:10.2389+00
719	PR	23625	(18.3,-66.24)	2022-06-27 15:36:10.2389+00	2022-06-27 15:36:10.2389+00
720	PR	16709	(18.22,-66.39)	2022-06-27 15:36:10.2389+00	2022-06-27 15:36:10.2389+00
721	PR	0	(18.37,-65.77)	2022-06-27 15:36:10.2389+00	2022-06-27 15:36:10.2389+00
723	PR	19915	(18,-66.01)	2022-06-27 15:36:10.2389+00	2022-06-27 15:36:10.2389+00
725	PR	26273	(18.23,-66.03)	2022-06-27 15:36:10.2389+00	2022-06-27 15:36:10.2389+00
726	PR	0	(18.23,-66.03)	2022-06-27 15:36:10.2389+00	2022-06-27 15:36:10.2389+00
727	PR	37017	(18.22,-66.07)	2022-06-27 15:36:10.2389+00	2022-06-27 15:36:10.2389+00
728	PR	22100	(17.99,-66.66)	2022-06-27 15:36:10.2389+00	2022-06-27 15:36:10.2389+00
729	PR	26701	(18.37,-65.9)	2022-06-27 15:36:10.2389+00	2022-06-27 15:36:10.2389+00
730	PR	19328	(18.03,-66.62)	2022-06-27 15:36:10.2389+00	2022-06-27 15:36:10.2389+00
731	PR	19853	(18.11,-66.63)	2022-06-27 15:36:10.2389+00	2022-06-27 15:36:10.2389+00
732	PR	0	(17.98,-66.6)	2022-06-27 15:36:10.2389+00	2022-06-27 15:36:10.2389+00
733	PR	0	(17.98,-66.6)	2022-06-27 15:36:10.2389+00	2022-06-27 15:36:10.2389+00
734	PR	0	(17.98,-66.6)	2022-06-27 15:36:10.2389+00	2022-06-27 15:36:10.2389+00
735	PR	22403	(18.25,-65.68)	2022-06-27 15:36:10.2389+00	2022-06-27 15:36:10.2389+00
736	PR	25507	(18.11,-66.16)	2022-06-27 15:36:10.2389+00	2022-06-27 15:36:10.2389+00
737	PR	0	(18.11,-66.16)	2022-06-27 15:36:10.2389+00	2022-06-27 15:36:10.2389+00
738	PR	24045	(18.33,-65.65)	2022-06-27 15:36:10.2389+00	2022-06-27 15:36:10.2389+00
739	PR	22474	(18.17,-66.15)	2022-06-27 15:36:10.2389+00	2022-06-27 15:36:10.2389+00
740	PR	15061	(18.33,-65.63)	2022-06-27 15:36:10.2389+00	2022-06-27 15:36:10.2389+00
741	PR	25750	(18.16,-65.75)	2022-06-27 15:36:10.2389+00	2022-06-27 15:36:10.2389+00
742	PR	0	(18.27,-65.65)	2022-06-27 15:36:10.2389+00	2022-06-27 15:36:10.2389+00
744	PR	0	(18.22,-65.79)	2022-06-27 15:36:10.2389+00	2022-06-27 15:36:10.2389+00
745	PR	27260	(18.38,-65.83)	2022-06-27 15:36:10.2389+00	2022-06-27 15:36:10.2389+00
751	PR	21315	(17.97,-66.29)	2022-06-27 15:36:10.2389+00	2022-06-27 15:36:10.2389+00
754	PR	23476	(18.19,-65.96)	2022-06-27 15:36:10.2389+00	2022-06-27 15:36:10.2389+00
757	PR	23965	(17.97,-66.4)	2022-06-27 15:36:10.2389+00	2022-06-27 15:36:10.2389+00
765	PR	22301	(18.13,-65.44)	2022-06-27 15:36:10.2389+00	2022-06-27 15:36:10.2389+00
766	PR	23195	(18.13,-66.48)	2022-06-27 15:36:10.2389+00	2022-06-27 15:36:10.2389+00
767	PR	20785	(18.04,-65.87)	2022-06-27 15:36:10.2389+00	2022-06-27 15:36:10.2389+00
769	PR	24221	(18.08,-66.36)	2022-06-27 15:36:10.2389+00	2022-06-27 15:36:10.2389+00
771	PR	25175	(18.18,-65.86)	2022-06-27 15:36:10.2389+00	2022-06-27 15:36:10.2389+00
772	PR	20101	(18.43,-65.88)	2022-06-27 15:36:10.2389+00	2022-06-27 15:36:10.2389+00
773	PR	25135	(18.37,-65.71)	2022-06-27 15:36:10.2389+00	2022-06-27 15:36:10.2389+00
775	PR	33625	(18.33,-65.3)	2022-06-27 15:36:10.2389+00	2022-06-27 15:36:10.2389+00
777	PR	21426	(18.22,-65.91)	2022-06-27 15:36:10.2389+00	2022-06-27 15:36:10.2389+00
778	PR	39044	(18.25,-65.97)	2022-06-27 15:36:10.2389+00	2022-06-27 15:36:10.2389+00
780	PR	23592	(18.09,-66.57)	2022-06-27 15:36:10.2389+00	2022-06-27 15:36:10.2389+00
782	PR	16700	(18.22,-66.22)	2022-06-27 15:36:10.2389+00	2022-06-27 15:36:10.2389+00
783	PR	17808	(18.34,-66.31)	2022-06-27 15:36:10.2389+00	2022-06-27 15:36:10.2389+00
784	PR	21116	(17.97,-66.11)	2022-06-27 15:36:10.2389+00	2022-06-27 15:36:10.2389+00
785	PR	0	(17.97,-66.11)	2022-06-27 15:36:10.2389+00	2022-06-27 15:36:10.2389+00
786	PR	37552	(18.16,-66.23)	2022-06-27 15:36:10.2389+00	2022-06-27 15:36:10.2389+00
791	PR	25582	(18.15,-65.81)	2022-06-27 15:36:10.2389+00	2022-06-27 15:36:10.2389+00
792	PR	0	(18.15,-65.81)	2022-06-27 15:36:10.2389+00	2022-06-27 15:36:10.2389+00
794	PR	19682	(18.18,-66.3)	2022-06-27 15:36:10.2389+00	2022-06-27 15:36:10.2389+00
795	PR	23528	(18.05,-66.5)	2022-06-27 15:36:10.2389+00	2022-06-27 15:36:10.2389+00
801	VI	0	(18.35,-64.93)	2022-06-27 15:36:10.2389+00	2022-06-27 15:36:10.2389+00
802	VI	0	(18.35,-64.93)	2022-06-27 15:36:10.2389+00	2022-06-27 15:36:10.2389+00
803	VI	0	(18.35,-64.93)	2022-06-27 15:36:10.2389+00	2022-06-27 15:36:10.2389+00
804	VI	0	(18.35,-64.93)	2022-06-27 15:36:10.2389+00	2022-06-27 15:36:10.2389+00
805	VI	0	(18.34,-64.93)	2022-06-27 15:36:10.2389+00	2022-06-27 15:36:10.2389+00
820	VI	0	(17.74,-64.7)	2022-06-27 15:36:10.2389+00	2022-06-27 15:36:10.2389+00
821	VI	0	(17.74,-64.7)	2022-06-27 15:36:10.2389+00	2022-06-27 15:36:10.2389+00
822	VI	0	(17.74,-64.7)	2022-06-27 15:36:10.2389+00	2022-06-27 15:36:10.2389+00
823	VI	0	(17.74,-64.7)	2022-06-27 15:36:10.2389+00	2022-06-27 15:36:10.2389+00
824	VI	0	(17.74,-64.7)	2022-06-27 15:36:10.2389+00	2022-06-27 15:36:10.2389+00
830	VI	0	(18.33,-64.79)	2022-06-27 15:36:10.2389+00	2022-06-27 15:36:10.2389+00
831	VI	0	(18.33,-64.79)	2022-06-27 15:36:10.2389+00	2022-06-27 15:36:10.2389+00
840	VI	0	(17.71,-64.88)	2022-06-27 15:36:10.2389+00	2022-06-27 15:36:10.2389+00
841	VI	0	(17.71,-64.88)	2022-06-27 15:36:10.2389+00	2022-06-27 15:36:10.2389+00
850	VI	0	(17.76,-64.82)	2022-06-27 15:36:10.2389+00	2022-06-27 15:36:10.2389+00
851	VI	0	(17.73,-64.8)	2022-06-27 15:36:10.2389+00	2022-06-27 15:36:10.2389+00
901	PR	40839	(18.47,-66.1)	2022-06-27 15:36:10.2389+00	2022-06-27 15:36:10.2389+00
902	PR	0	(18.4,-66.06)	2022-06-27 15:36:10.2389+00	2022-06-27 15:36:10.2389+00
906	PR	0	(18.46,-66.09)	2022-06-27 15:36:10.2389+00	2022-06-27 15:36:10.2389+00
907	PR	54813	(18.45,-66.08)	2022-06-27 15:36:10.2389+00	2022-06-27 15:36:10.2389+00
908	PR	0	(18.4,-66.06)	2022-06-27 15:36:10.2389+00	2022-06-27 15:36:10.2389+00
909	PR	24201	(18.44,-66.07)	2022-06-27 15:36:10.2389+00	2022-06-27 15:36:10.2389+00
910	PR	0	(18.4,-66.06)	2022-06-27 15:36:10.2389+00	2022-06-27 15:36:10.2389+00
911	PR	52912	(18.45,-66.06)	2022-06-27 15:36:10.2389+00	2022-06-27 15:36:10.2389+00
912	PR	28107	(18.45,-66.06)	2022-06-27 15:36:10.2389+00	2022-06-27 15:36:10.2389+00
913	PR	4506	(18.45,-66.04)	2022-06-27 15:36:10.2389+00	2022-06-27 15:36:10.2389+00
914	PR	0	(18.4,-66.06)	2022-06-27 15:36:10.2389+00	2022-06-27 15:36:10.2389+00
915	PR	15508	(18.44,-66.05)	2022-06-27 15:36:10.2389+00	2022-06-27 15:36:10.2389+00
916	PR	0	(18.4,-66.06)	2022-06-27 15:36:10.2389+00	2022-06-27 15:36:10.2389+00
917	PR	21911	(18.42,-66.05)	2022-06-27 15:36:10.2389+00	2022-06-27 15:36:10.2389+00
918	PR	43022	(18.42,-66.07)	2022-06-27 15:36:10.2389+00	2022-06-27 15:36:10.2389+00
919	PR	0	(18.4,-66.06)	2022-06-27 15:36:10.2389+00	2022-06-27 15:36:10.2389+00
920	PR	33612	(18.41,-66.09)	2022-06-27 15:36:10.2389+00	2022-06-27 15:36:10.2389+00
921	PR	23803	(18.39,-66.09)	2022-06-27 15:36:10.2389+00	2022-06-27 15:36:10.2389+00
922	PR	0	(18.4,-66.06)	2022-06-27 15:36:10.2389+00	2022-06-27 15:36:10.2389+00
923	PR	18466	(18.41,-66.04)	2022-06-27 15:36:10.2389+00	2022-06-27 15:36:10.2389+00
924	PR	20848	(18.4,-66.01)	2022-06-27 15:36:10.2389+00	2022-06-27 15:36:10.2389+00
925	PR	17024	(18.4,-66.05)	2022-06-27 15:36:10.2389+00	2022-06-27 15:36:10.2389+00
926	PR	45197	(18.35,-66.05)	2022-06-27 15:36:10.2389+00	2022-06-27 15:36:10.2389+00
927	PR	51667	(18.4,-66.06)	2022-06-27 15:36:10.2389+00	2022-06-27 15:36:10.2389+00
928	PR	0	(18.4,-66.06)	2022-06-27 15:36:10.2389+00	2022-06-27 15:36:10.2389+00
929	PR	0	(18.4,-66.06)	2022-06-27 15:36:10.2389+00	2022-06-27 15:36:10.2389+00
930	PR	0	(18.4,-66.06)	2022-06-27 15:36:10.2389+00	2022-06-27 15:36:10.2389+00
931	PR	0	(18.4,-66.06)	2022-06-27 15:36:10.2389+00	2022-06-27 15:36:10.2389+00
933	PR	0	(18.4,-66.06)	2022-06-27 15:36:10.2389+00	2022-06-27 15:36:10.2389+00
934	PR	0	(18.41,-66.12)	2022-06-27 15:36:10.2389+00	2022-06-27 15:36:10.2389+00
935	PR	0	(18.4,-66.06)	2022-06-27 15:36:10.2389+00	2022-06-27 15:36:10.2389+00
936	PR	0	(18.4,-66.07)	2022-06-27 15:36:10.2389+00	2022-06-27 15:36:10.2389+00
937	PR	0	(18.4,-66.06)	2022-06-27 15:36:10.2389+00	2022-06-27 15:36:10.2389+00
939	PR	0	(18.4,-66.06)	2022-06-27 15:36:10.2389+00	2022-06-27 15:36:10.2389+00
940	PR	0	(18.4,-66.06)	2022-06-27 15:36:10.2389+00	2022-06-27 15:36:10.2389+00
949	PR	32175	(18.44,-66.25)	2022-06-27 15:36:10.2389+00	2022-06-27 15:36:10.2389+00
950	PR	0	(18.46,-66.23)	2022-06-27 15:36:10.2389+00	2022-06-27 15:36:10.2389+00
951	PR	0	(18.43,-66.25)	2022-06-27 15:36:10.2389+00	2022-06-27 15:36:10.2389+00
952	PR	18679	(18.42,-66.19)	2022-06-27 15:36:10.2389+00	2022-06-27 15:36:10.2389+00
953	PR	34545	(18.39,-66.25)	2022-06-27 15:36:10.2389+00	2022-06-27 15:36:10.2389+00
954	PR	0	(18.39,-66.25)	2022-06-27 15:36:10.2389+00	2022-06-27 15:36:10.2389+00
955	PR	0	(18.4,-66.06)	2022-06-27 15:36:10.2389+00	2022-06-27 15:36:10.2389+00
956	PR	27862	(18.32,-66.17)	2022-06-27 15:36:10.2389+00	2022-06-27 15:36:10.2389+00
957	PR	30522	(18.37,-66.19)	2022-06-27 15:36:10.2389+00	2022-06-27 15:36:10.2389+00
958	PR	0	(18.28,-66.13)	2022-06-27 15:36:10.2389+00	2022-06-27 15:36:10.2389+00
959	PR	36643	(18.39,-66.15)	2022-06-27 15:36:10.2389+00	2022-06-27 15:36:10.2389+00
960	PR	0	(18.42,-66.15)	2022-06-27 15:36:10.2389+00	2022-06-27 15:36:10.2389+00
961	PR	36292	(18.41,-66.17)	2022-06-27 15:36:10.2389+00	2022-06-27 15:36:10.2389+00
962	PR	18520	(18.44,-66.15)	2022-06-27 15:36:10.2389+00	2022-06-27 15:36:10.2389+00
963	PR	0	(18.43,-66.11)	2022-06-27 15:36:10.2389+00	2022-06-27 15:36:10.2389+00
965	PR	19460	(18.43,-66.11)	2022-06-27 15:36:10.2389+00	2022-06-27 15:36:10.2389+00
966	PR	65114	(18.4,-66.12)	2022-06-27 15:36:10.2389+00	2022-06-27 15:36:10.2389+00
968	PR	88869	(18.41,-66.1)	2022-06-27 15:36:10.2389+00	2022-06-27 15:36:10.2389+00
969	PR	58539	(18.38,-66.11)	2022-06-27 15:36:10.2389+00	2022-06-27 15:36:10.2389+00
970	PR	0	(18.38,-66.11)	2022-06-27 15:36:10.2389+00	2022-06-27 15:36:10.2389+00
971	PR	29418	(18.32,-66.12)	2022-06-27 15:36:10.2389+00	2022-06-27 15:36:10.2389+00
975	PR	0	(18.4,-66.06)	2022-06-27 15:36:10.2389+00	2022-06-27 15:36:10.2389+00
976	PR	39346	(18.36,-66.01)	2022-06-27 15:36:10.2389+00	2022-06-27 15:36:10.2389+00
977	PR	0	(18.36,-66.01)	2022-06-27 15:36:10.2389+00	2022-06-27 15:36:10.2389+00
978	PR	0	(18.37,-66.01)	2022-06-27 15:36:10.2389+00	2022-06-27 15:36:10.2389+00
979	PR	47639	(18.44,-66.03)	2022-06-27 15:36:10.2389+00	2022-06-27 15:36:10.2389+00
981	PR	0	(18.4,-65.98)	2022-06-27 15:36:10.2389+00	2022-06-27 15:36:10.2389+00
982	PR	28143	(18.41,-65.99)	2022-06-27 15:36:10.2389+00	2022-06-27 15:36:10.2389+00
983	PR	30010	(18.4,-65.98)	2022-06-27 15:36:10.2389+00	2022-06-27 15:36:10.2389+00
984	PR	0	(18.4,-65.98)	2022-06-27 15:36:10.2389+00	2022-06-27 15:36:10.2389+00
985	PR	31349	(18.41,-65.95)	2022-06-27 15:36:10.2389+00	2022-06-27 15:36:10.2389+00
986	PR	0	(18.4,-65.98)	2022-06-27 15:36:10.2389+00	2022-06-27 15:36:10.2389+00
987	PR	37438	(18.34,-65.94)	2022-06-27 15:36:10.2389+00	2022-06-27 15:36:10.2389+00
988	PR	0	(18.4,-65.98)	2022-06-27 15:36:10.2389+00	2022-06-27 15:36:10.2389+00
96799	AS	0	(-14.27,-170.7)	2022-06-27 15:36:10.2389+00	2022-06-27 15:36:10.2389+00
96910	GU	0	(13.47,144.74)	2022-06-27 15:36:10.2389+00	2022-06-27 15:36:10.2389+00
96912	GU	0	(13.51,144.83)	2022-06-27 15:36:10.2389+00	2022-06-27 15:36:10.2389+00
96913	GU	0	(13.46,144.79)	2022-06-27 15:36:10.2389+00	2022-06-27 15:36:10.2389+00
96915	GU	0	(13.38,144.66)	2022-06-27 15:36:10.2389+00	2022-06-27 15:36:10.2389+00
96916	GU	0	(13.26,144.66)	2022-06-27 15:36:10.2389+00	2022-06-27 15:36:10.2389+00
96917	GU	0	(13.27,144.74)	2022-06-27 15:36:10.2389+00	2022-06-27 15:36:10.2389+00
96919	GU	0	(13.46,144.74)	2022-06-27 15:36:10.2389+00	2022-06-27 15:36:10.2389+00
96921	GU	0	(13.46,144.79)	2022-06-27 15:36:10.2389+00	2022-06-27 15:36:10.2389+00
96923	GU	0	(13.43,144.79)	2022-06-27 15:36:10.2389+00	2022-06-27 15:36:10.2389+00
96928	GU	0	(13.38,144.65)	2022-06-27 15:36:10.2389+00	2022-06-27 15:36:10.2389+00
96929	GU	0	(13.53,144.88)	2022-06-27 15:36:10.2389+00	2022-06-27 15:36:10.2389+00
96931	GU	0	(13.48,144.77)	2022-06-27 15:36:10.2389+00	2022-06-27 15:36:10.2389+00
96932	GU	0	(13.47,144.74)	2022-06-27 15:36:10.2389+00	2022-06-27 15:36:10.2389+00
96939	PW	0	(7.51,134.58)	2022-06-27 15:36:10.2389+00	2022-06-27 15:36:10.2389+00
96940	PW	0	(7.5,134.5)	2022-06-27 15:36:10.2389+00	2022-06-27 15:36:10.2389+00
96941	FM	0	(6.85,158.26)	2022-06-27 15:36:10.2389+00	2022-06-27 15:36:10.2389+00
96942	FM	0	(7.33,151.8)	2022-06-27 15:36:10.2389+00	2022-06-27 15:36:10.2389+00
96943	FM	0	(9.5,138.14)	2022-06-27 15:36:10.2389+00	2022-06-27 15:36:10.2389+00
96944	FM	0	(5.29,162.97)	2022-06-27 15:36:10.2389+00	2022-06-27 15:36:10.2389+00
96950	MP	0	(15.17,145.75)	2022-06-27 15:36:10.2389+00	2022-06-27 15:36:10.2389+00
96951	MP	0	(14.15,145.21)	2022-06-27 15:36:10.2389+00	2022-06-27 15:36:10.2389+00
96952	MP	0	(15,145.63)	2022-06-27 15:36:10.2389+00	2022-06-27 15:36:10.2389+00
96960	MH	0	(7.11,171.18)	2022-06-27 15:36:10.2389+00	2022-06-27 15:36:10.2389+00
96970	MH	0	(8.78,167.73)	2022-06-27 15:36:10.2389+00	2022-06-27 15:36:10.2389+00
\.


--
-- Data for Name: schools; Type: TABLE DATA; Schema: upchieve; Owner: admin
--

COPY upchieve.schools (id, name, approved, partner, city_id, created_at, updated_at, mongo_id, legacy_city_name) FROM stdin;
0181a5ce-56a0-f2a2-dfa9-bbfb0c0d72ed	Unapproved School	f	f	1	2022-06-27 15:36:12.192665+00	2022-06-27 15:36:12.192665+00	\N	\N
0181a5ce-56a0-0bc3-a078-d2708bc461d1	Approved School	t	f	1	2022-06-27 15:36:12.194405+00	2022-06-27 15:36:12.194405+00	\N	\N
0181a5ce-56a0-d0b7-0fd1-0d57e5f769f7	Approved Partner School	t	t	2	2022-06-27 15:36:12.195498+00	2022-06-27 15:36:12.195498+00	\N	\N
0181a5ce-56a0-04a0-87d8-25f3104aacc3	Another Approved Partner School	t	t	2	2022-06-27 15:36:12.196416+00	2022-06-27 15:36:12.196416+00	\N	\N
\.


--
-- Data for Name: ineligible_students; Type: TABLE DATA; Schema: upchieve; Owner: admin
--

COPY upchieve.ineligible_students (id, email, postal_code, ip_address_id, school_id, grade_level_id, created_at, updated_at, mongo_id, referred_by) FROM stdin;
\.


--
-- Data for Name: legacy_availability_histories; Type: TABLE DATA; Schema: upchieve; Owner: admin
--

COPY upchieve.legacy_availability_histories (id, mongo_id, user_id, timezone, recorded_at, legacy_availability, created_at, updated_at) FROM stdin;
\.


--
-- Data for Name: notification_methods; Type: TABLE DATA; Schema: upchieve; Owner: admin
--

COPY upchieve.notification_methods (id, method, created_at, updated_at) FROM stdin;
1	sms	2022-06-27 15:36:10.176583+00	2022-06-27 15:36:10.176583+00
2	push	2022-06-27 15:36:10.177461+00	2022-06-27 15:36:10.177461+00
3	voice	2022-06-27 15:36:10.178089+00	2022-06-27 15:36:10.178089+00
4	email	2022-06-27 15:36:10.178713+00	2022-06-27 15:36:10.178713+00
\.


--
-- Data for Name: notification_priority_groups; Type: TABLE DATA; Schema: upchieve; Owner: admin
--

COPY upchieve.notification_priority_groups (id, name, priority, created_at, updated_at) FROM stdin;
1	follow-up	-1	2022-06-27 15:36:10.179462+00	2022-06-27 15:36:10.179462+00
11	LEGACY: Regular volunteers - not notified in the last 7 days	-1	2022-06-27 15:36:10.18693+00	2022-06-27 15:36:10.18693+00
12	LEGACY: Partner volunteers - not notified in the last 7 days	-1	2022-06-27 15:36:10.1876+00	2022-06-27 15:36:10.1876+00
13	LEGACY: Partner volunteers - not notified in the last 3 days	-1	2022-06-27 15:36:10.188301+00	2022-06-27 15:36:10.188301+00
14	LEGACY: All volunteers - not notified in the last 15 mins who don't have "high level subjects"	-1	2022-06-27 15:36:10.189012+00	2022-06-27 15:36:10.189012+00
15	LEGACY: Mizuho and Atlassian volunteers - Not notified in last 3 days	-1	2022-06-27 15:36:10.189692+00	2022-06-27 15:36:10.189692+00
16	LEGACY: null	-1	2022-06-27 15:36:10.190374+00	2022-06-27 15:36:10.190374+00
2	Partner volunteers - not notified in the last 3 days AND they don't have "high level subjects"	20	2022-06-27 15:36:10.180256+00	2022-06-27 15:36:10.227306+00
3	Regular volunteers - not notified in the last 3 days AND they don't have "high level subjects"	30	2022-06-27 15:36:10.180938+00	2022-06-27 15:36:10.227306+00
4	Partner volunteers - not notified in the last 24 hours AND they don't have "high level subjects"	40	2022-06-27 15:36:10.181641+00	2022-06-27 15:36:10.227306+00
5	Regular volunteers - not notified in the last 24 hours AND they don't have "high level subjects"	50	2022-06-27 15:36:10.182356+00	2022-06-27 15:36:10.227306+00
6	All volunteers - not notified in the last 24 hours	60	2022-06-27 15:36:10.183073+00	2022-06-27 15:36:10.227306+00
7	All volunteers - not notified in the last 60 mins	70	2022-06-27 15:36:10.183756+00	2022-06-27 15:36:10.227306+00
8	All volunteers - not notified in the last 15 mins	80	2022-06-27 15:36:10.184398+00	2022-06-27 15:36:10.227306+00
9	Verizon volunteers - not notified in the last 24 hours AND they don't have "high level subjects"	90	2022-06-27 15:36:10.185416+00	2022-06-27 15:36:10.227306+00
10	Verizon volunteers - not notified in the last 3 days AND they don't have "high level subjects"	100	2022-06-27 15:36:10.186059+00	2022-06-27 15:36:10.227306+00
17	Favorite volunteers - not notified in the last 15 mins	10	2022-06-27 15:36:10.227306+00	2022-06-27 15:36:10.227306+00
18	Associated partner volunteers - not notified in the last 24 hours AND they don't have "high level subjects"	85	2022-06-27 15:36:10.253325+00	2022-06-27 15:36:10.253325+00
19	Associated partner volunteers - not notified in the last 3 days AND they don't have "high level subjects"	95	2022-06-27 15:36:10.253325+00	2022-06-27 15:36:10.253325+00
\.


--
-- Data for Name: notification_types; Type: TABLE DATA; Schema: upchieve; Owner: admin
--

COPY upchieve.notification_types (id, type, created_at, updated_at) FROM stdin;
1	initial	2022-06-27 15:36:10.174943+00	2022-06-27 15:36:10.174943+00
2	followup	2022-06-27 15:36:10.175828+00	2022-06-27 15:36:10.175828+00
\.


--
-- Data for Name: notifications; Type: TABLE DATA; Schema: upchieve; Owner: admin
--

COPY upchieve.notifications (id, user_id, sent_at, type_id, method_id, priority_group_id, successful, session_id, message_carrier_id, created_at, updated_at, mongo_id) FROM stdin;
\.


--
-- Data for Name: photo_id_statuses; Type: TABLE DATA; Schema: upchieve; Owner: admin
--

COPY upchieve.photo_id_statuses (id, name, created_at, updated_at) FROM stdin;
1	approved	2022-06-27 15:36:09.819682+00	2022-06-27 15:36:09.819682+00
2	submitted	2022-06-27 15:36:09.820677+00	2022-06-27 15:36:09.820677+00
3	rejected	2022-06-27 15:36:09.821431+00	2022-06-27 15:36:09.821431+00
4	empty	2022-06-27 15:36:09.822247+00	2022-06-27 15:36:09.822247+00
\.


--
-- Data for Name: pre_session_surveys; Type: TABLE DATA; Schema: upchieve; Owner: admin
--

COPY upchieve.pre_session_surveys (id, response_data, session_id, user_id, created_at, updated_at, mongo_id) FROM stdin;
\.


--
-- Data for Name: push_tokens; Type: TABLE DATA; Schema: upchieve; Owner: admin
--

COPY upchieve.push_tokens (id, user_id, token, created_at, updated_at) FROM stdin;
\.


--
-- Data for Name: question_tags; Type: TABLE DATA; Schema: upchieve; Owner: admin
--

COPY upchieve.question_tags (id, name, created_at, updated_at) FROM stdin;
\.


--
-- Data for Name: question_types; Type: TABLE DATA; Schema: upchieve; Owner: admin
--

COPY upchieve.question_types (id, name, created_at, updated_at) FROM stdin;
1	multiple choice	2022-06-27 15:36:10.256991+00	2022-06-27 15:36:10.256991+00
2	check box	2022-06-27 15:36:10.256991+00	2022-06-27 15:36:10.256991+00
3	free response	2022-06-27 15:36:10.256991+00	2022-06-27 15:36:10.256991+00
\.


--
-- Data for Name: quizzes; Type: TABLE DATA; Schema: upchieve; Owner: admin
--

COPY upchieve.quizzes (id, name, created_at, updated_at) FROM stdin;
1	prealgebra	2022-06-27 15:36:09.854672+00	2022-06-27 15:36:09.854672+00
2	statistics	2022-06-27 15:36:09.855637+00	2022-06-27 15:36:09.855637+00
3	geometry	2022-06-27 15:36:09.856339+00	2022-06-27 15:36:09.856339+00
4	biology	2022-06-27 15:36:09.857002+00	2022-06-27 15:36:09.857002+00
5	chemistry	2022-06-27 15:36:09.857688+00	2022-06-27 15:36:09.857688+00
6	physicsOne	2022-06-27 15:36:09.858366+00	2022-06-27 15:36:09.858366+00
7	physicsTwo	2022-06-27 15:36:09.859027+00	2022-06-27 15:36:09.859027+00
8	environmentalScience	2022-06-27 15:36:09.859707+00	2022-06-27 15:36:09.859707+00
9	essays	2022-06-27 15:36:09.860391+00	2022-06-27 15:36:09.860391+00
10	applications	2022-06-27 15:36:09.86108+00	2022-06-27 15:36:09.86108+00
11	planning	2022-06-27 15:36:09.861769+00	2022-06-27 15:36:09.861769+00
12	satMath	2022-06-27 15:36:09.86248+00	2022-06-27 15:36:09.86248+00
13	satReading	2022-06-27 15:36:09.863132+00	2022-06-27 15:36:09.863132+00
14	collegeCounseling	2022-06-27 15:36:09.863847+00	2022-06-27 15:36:09.863847+00
15	humanitiesEssays	2022-06-27 15:36:09.864536+00	2022-06-27 15:36:09.864536+00
16	algebraOne	2022-06-27 15:36:09.86521+00	2022-06-27 15:36:09.86521+00
17	algebraTwo	2022-06-27 15:36:09.865906+00	2022-06-27 15:36:09.865906+00
18	trigonometry	2022-06-27 15:36:09.866605+00	2022-06-27 15:36:09.866605+00
19	precalculus	2022-06-27 15:36:09.867295+00	2022-06-27 15:36:09.867295+00
20	calculusAB	2022-06-27 15:36:09.86795+00	2022-06-27 15:36:09.86795+00
21	calculusBC	2022-06-27 15:36:09.868622+00	2022-06-27 15:36:09.868622+00
22	upchieve101	2022-06-27 15:36:09.869324+00	2022-06-27 15:36:09.869324+00
23	reading	2022-06-27 15:36:09.869984+00	2022-06-27 15:36:09.869984+00
24	anatomy	2022-06-27 15:36:09.870676+00	2022-06-27 15:36:09.870676+00
25	usHistory	2022-06-27 15:36:10.273686+00	2022-06-27 15:36:10.273686+00
\.


--
-- Data for Name: quiz_certification_grants; Type: TABLE DATA; Schema: upchieve; Owner: admin
--

COPY upchieve.quiz_certification_grants (quiz_id, certification_id, created_at, updated_at) FROM stdin;
1	1	2022-06-27 15:36:10.112943+00	2022-06-27 15:36:10.112943+00
2	2	2022-06-27 15:36:10.113887+00	2022-06-27 15:36:10.113887+00
3	3	2022-06-27 15:36:10.114611+00	2022-06-27 15:36:10.114611+00
4	4	2022-06-27 15:36:10.115326+00	2022-06-27 15:36:10.115326+00
5	5	2022-06-27 15:36:10.116012+00	2022-06-27 15:36:10.116012+00
6	6	2022-06-27 15:36:10.116672+00	2022-06-27 15:36:10.116672+00
7	7	2022-06-27 15:36:10.11737+00	2022-06-27 15:36:10.11737+00
8	8	2022-06-27 15:36:10.11802+00	2022-06-27 15:36:10.11802+00
9	9	2022-06-27 15:36:10.118698+00	2022-06-27 15:36:10.118698+00
10	10	2022-06-27 15:36:10.119332+00	2022-06-27 15:36:10.119332+00
11	11	2022-06-27 15:36:10.119939+00	2022-06-27 15:36:10.119939+00
12	12	2022-06-27 15:36:10.120856+00	2022-06-27 15:36:10.120856+00
13	13	2022-06-27 15:36:10.121573+00	2022-06-27 15:36:10.121573+00
14	11	2022-06-27 15:36:10.122299+00	2022-06-27 15:36:10.122299+00
14	10	2022-06-27 15:36:10.122956+00	2022-06-27 15:36:10.122956+00
15	15	2022-06-27 15:36:10.123803+00	2022-06-27 15:36:10.123803+00
17	16	2022-06-27 15:36:10.124531+00	2022-06-27 15:36:10.124531+00
17	17	2022-06-27 15:36:10.125298+00	2022-06-27 15:36:10.125298+00
17	1	2022-06-27 15:36:10.12604+00	2022-06-27 15:36:10.12604+00
16	16	2022-06-27 15:36:10.12669+00	2022-06-27 15:36:10.12669+00
16	1	2022-06-27 15:36:10.127394+00	2022-06-27 15:36:10.127394+00
18	18	2022-06-27 15:36:10.128062+00	2022-06-27 15:36:10.128062+00
19	16	2022-06-27 15:36:10.128695+00	2022-06-27 15:36:10.128695+00
19	17	2022-06-27 15:36:10.129348+00	2022-06-27 15:36:10.129348+00
19	1	2022-06-27 15:36:10.129995+00	2022-06-27 15:36:10.129995+00
19	18	2022-06-27 15:36:10.130644+00	2022-06-27 15:36:10.130644+00
19	19	2022-06-27 15:36:10.131299+00	2022-06-27 15:36:10.131299+00
20	16	2022-06-27 15:36:10.131962+00	2022-06-27 15:36:10.131962+00
20	17	2022-06-27 15:36:10.132636+00	2022-06-27 15:36:10.132636+00
20	1	2022-06-27 15:36:10.133297+00	2022-06-27 15:36:10.133297+00
20	18	2022-06-27 15:36:10.133927+00	2022-06-27 15:36:10.133927+00
20	19	2022-06-27 15:36:10.135294+00	2022-06-27 15:36:10.135294+00
20	20	2022-06-27 15:36:10.136805+00	2022-06-27 15:36:10.136805+00
21	16	2022-06-27 15:36:10.13754+00	2022-06-27 15:36:10.13754+00
21	17	2022-06-27 15:36:10.138211+00	2022-06-27 15:36:10.138211+00
21	1	2022-06-27 15:36:10.138863+00	2022-06-27 15:36:10.138863+00
21	18	2022-06-27 15:36:10.140005+00	2022-06-27 15:36:10.140005+00
21	19	2022-06-27 15:36:10.140804+00	2022-06-27 15:36:10.140804+00
21	20	2022-06-27 15:36:10.141526+00	2022-06-27 15:36:10.141526+00
21	21	2022-06-27 15:36:10.142255+00	2022-06-27 15:36:10.142255+00
23	22	2022-06-27 15:36:10.232176+00	2022-06-27 15:36:10.232176+00
25	23	2022-06-27 15:36:10.273686+00	2022-06-27 15:36:10.273686+00
\.


--
-- Data for Name: quiz_subcategories; Type: TABLE DATA; Schema: upchieve; Owner: admin
--

COPY upchieve.quiz_subcategories (id, name, quiz_id, created_at, updated_at) FROM stdin;
1	numbers	1	2022-06-27 15:36:09.872537+00	2022-06-27 15:36:09.872537+00
2	arithmetic properties	1	2022-06-27 15:36:09.873521+00	2022-06-27 15:36:09.873521+00
3	exponents	1	2022-06-27 15:36:09.874376+00	2022-06-27 15:36:09.874376+00
4	exponents and radicals	1	2022-06-27 15:36:09.875098+00	2022-06-27 15:36:09.875098+00
5	polynomials	1	2022-06-27 15:36:09.875797+00	2022-06-27 15:36:09.875797+00
6	fractions	1	2022-06-27 15:36:09.876595+00	2022-06-27 15:36:09.876595+00
7	linear equations	16	2022-06-27 15:36:09.877393+00	2022-06-27 15:36:09.877393+00
8	rational exponents and radicals	16	2022-06-27 15:36:09.878104+00	2022-06-27 15:36:09.878104+00
9	application of linear equations	16	2022-06-27 15:36:09.878819+00	2022-06-27 15:36:09.878819+00
10	two variable equations	16	2022-06-27 15:36:09.879568+00	2022-06-27 15:36:09.879568+00
11	rational expressions	16	2022-06-27 15:36:09.881691+00	2022-06-27 15:36:09.881691+00
12	complex numbers	16	2022-06-27 15:36:09.882506+00	2022-06-27 15:36:09.882506+00
13	functions_domain_range	17	2022-06-27 15:36:09.88326+00	2022-06-27 15:36:09.88326+00
14	higher_degree_polynomials	17	2022-06-27 15:36:09.883958+00	2022-06-27 15:36:09.883958+00
15	square_root_equations	17	2022-06-27 15:36:09.884628+00	2022-06-27 15:36:09.884628+00
16	roots_of_polynomials	17	2022-06-27 15:36:09.885304+00	2022-06-27 15:36:09.885304+00
17	multiply_polynomials_binomial	17	2022-06-27 15:36:09.885999+00	2022-06-27 15:36:09.885999+00
18	rational_radical_absolute	17	2022-06-27 15:36:09.886693+00	2022-06-27 15:36:09.886693+00
19	logarithms_properties	17	2022-06-27 15:36:09.887427+00	2022-06-27 15:36:09.887427+00
20	rational_expressions	17	2022-06-27 15:36:09.888093+00	2022-06-27 15:36:09.888093+00
21	systems_of_linear_equations	17	2022-06-27 15:36:09.888795+00	2022-06-27 15:36:09.888795+00
22	arithmetic_and_geometric_sequences	17	2022-06-27 15:36:09.889484+00	2022-06-27 15:36:09.889484+00
23	functions_domain	17	2022-06-27 15:36:09.890161+00	2022-06-27 15:36:09.890161+00
24	solving_linear_equations	17	2022-06-27 15:36:09.890828+00	2022-06-27 15:36:09.890828+00
25	function_transformations_shifts	17	2022-06-27 15:36:09.891481+00	2022-06-27 15:36:09.891481+00
26	graphing_quadratic_functions	17	2022-06-27 15:36:09.892128+00	2022-06-27 15:36:09.892128+00
27	exponential_functions_growth	17	2022-06-27 15:36:09.892808+00	2022-06-27 15:36:09.892808+00
28	rounding_and_scientific_notation	17	2022-06-27 15:36:09.893463+00	2022-06-27 15:36:09.893463+00
29	square root_equations_quadratic	17	2022-06-27 15:36:09.894109+00	2022-06-27 15:36:09.894109+00
30	advanced_factoring_techniques	17	2022-06-27 15:36:09.894831+00	2022-06-27 15:36:09.894831+00
31	congruence and similarity	3	2022-06-27 15:36:09.895504+00	2022-06-27 15:36:09.895504+00
32	vertices	3	2022-06-27 15:36:09.896152+00	2022-06-27 15:36:09.896152+00
33	angles	3	2022-06-27 15:36:09.896863+00	2022-06-27 15:36:09.896863+00
34	circles	3	2022-06-27 15:36:09.897725+00	2022-06-27 15:36:09.897725+00
35	triangles	3	2022-06-27 15:36:09.898444+00	2022-06-27 15:36:09.898444+00
36	rectangles	3	2022-06-27 15:36:09.899136+00	2022-06-27 15:36:09.899136+00
37	angles	18	2022-06-27 15:36:09.89982+00	2022-06-27 15:36:09.89982+00
38	triangles	18	2022-06-27 15:36:09.900543+00	2022-06-27 15:36:09.900543+00
39	right triangles	18	2022-06-27 15:36:09.901223+00	2022-06-27 15:36:09.901223+00
40	quadrants	18	2022-06-27 15:36:09.901883+00	2022-06-27 15:36:09.901883+00
41	radians	18	2022-06-27 15:36:09.902546+00	2022-06-27 15:36:09.902546+00
42	unit circles	18	2022-06-27 15:36:09.903218+00	2022-06-27 15:36:09.903218+00
43	inequalities	18	2022-06-27 15:36:09.903891+00	2022-06-27 15:36:09.903891+00
44	representing data numerically	2	2022-06-27 15:36:09.90463+00	2022-06-27 15:36:09.90463+00
45	representing data graphically	2	2022-06-27 15:36:09.905338+00	2022-06-27 15:36:09.905338+00
46	two means	2	2022-06-27 15:36:09.906118+00	2022-06-27 15:36:09.906118+00
47	two proportions	2	2022-06-27 15:36:09.906902+00	2022-06-27 15:36:09.906902+00
48	levels of measurement	2	2022-06-27 15:36:09.907587+00	2022-06-27 15:36:09.907587+00
49	types of sampling	2	2022-06-27 15:36:09.908306+00	2022-06-27 15:36:09.908306+00
50	finding probability	2	2022-06-27 15:36:09.908993+00	2022-06-27 15:36:09.908993+00
51	finding x from z score	2	2022-06-27 15:36:09.909649+00	2022-06-27 15:36:09.909649+00
52	z score	2	2022-06-27 15:36:09.910341+00	2022-06-27 15:36:09.910341+00
53	basic set operations	2	2022-06-27 15:36:09.911011+00	2022-06-27 15:36:09.911011+00
54	compound events	2	2022-06-27 15:36:09.911746+00	2022-06-27 15:36:09.911746+00
55	conditional probability	2	2022-06-27 15:36:09.912426+00	2022-06-27 15:36:09.912426+00
56	independent probability	2	2022-06-27 15:36:09.913111+00	2022-06-27 15:36:09.913111+00
57	permutations and combinations	2	2022-06-27 15:36:09.913801+00	2022-06-27 15:36:09.913801+00
58	random variables distributions	2	2022-06-27 15:36:09.914441+00	2022-06-27 15:36:09.914441+00
59	relationships between variables	2	2022-06-27 15:36:09.915113+00	2022-06-27 15:36:09.915113+00
60	confidence intervals	2	2022-06-27 15:36:09.915784+00	2022-06-27 15:36:09.915784+00
61	interpreting pvalue	2	2022-06-27 15:36:09.916496+00	2022-06-27 15:36:09.916496+00
62	finding the test statistic	2	2022-06-27 15:36:09.91714+00	2022-06-27 15:36:09.91714+00
63	rectangular coordinates	19	2022-06-27 15:36:09.918096+00	2022-06-27 15:36:09.918096+00
64	linear inequalities	19	2022-06-27 15:36:09.918918+00	2022-06-27 15:36:09.918918+00
65	functions	19	2022-06-27 15:36:09.919611+00	2022-06-27 15:36:09.919611+00
66	rational exponents	19	2022-06-27 15:36:09.920353+00	2022-06-27 15:36:09.920353+00
67	quadratic functions	19	2022-06-27 15:36:09.921122+00	2022-06-27 15:36:09.921122+00
68	logarithms and exponents	19	2022-06-27 15:36:09.921818+00	2022-06-27 15:36:09.921818+00
69	absolute extrema	20	2022-06-27 15:36:09.922517+00	2022-06-27 15:36:09.922517+00
70	antiderivatives	20	2022-06-27 15:36:09.923271+00	2022-06-27 15:36:09.923271+00
71	area between curves	20	2022-06-27 15:36:09.923962+00	2022-06-27 15:36:09.923962+00
72	chain rule	20	2022-06-27 15:36:09.924625+00	2022-06-27 15:36:09.924625+00
73	concavity	20	2022-06-27 15:36:09.925319+00	2022-06-27 15:36:09.925319+00
74	continuity	20	2022-06-27 15:36:09.926044+00	2022-06-27 15:36:09.926044+00
75	derivatives	20	2022-06-27 15:36:09.926729+00	2022-06-27 15:36:09.926729+00
76	differential equations	20	2022-06-27 15:36:09.927383+00	2022-06-27 15:36:09.927383+00
77	fundamental theorem	20	2022-06-27 15:36:09.928067+00	2022-06-27 15:36:09.928067+00
78	lhopitals rule	20	2022-06-27 15:36:09.928757+00	2022-06-27 15:36:09.928757+00
79	implicit differentiation	20	2022-06-27 15:36:09.929412+00	2022-06-27 15:36:09.929412+00
80	mean value theorem	20	2022-06-27 15:36:09.930074+00	2022-06-27 15:36:09.930074+00
81	optimization	20	2022-06-27 15:36:09.930902+00	2022-06-27 15:36:09.930902+00
82	reimann sums	20	2022-06-27 15:36:09.931606+00	2022-06-27 15:36:09.931606+00
83	related rates	20	2022-06-27 15:36:09.932311+00	2022-06-27 15:36:09.932311+00
84	relative extrema	20	2022-06-27 15:36:09.933002+00	2022-06-27 15:36:09.933002+00
85	absolute extrema	21	2022-06-27 15:36:09.93371+00	2022-06-27 15:36:09.93371+00
86	antiderivatives	21	2022-06-27 15:36:09.935059+00	2022-06-27 15:36:09.935059+00
87	area between curves	21	2022-06-27 15:36:09.936832+00	2022-06-27 15:36:09.936832+00
88	chain rule	21	2022-06-27 15:36:09.937611+00	2022-06-27 15:36:09.937611+00
89	derivatives	21	2022-06-27 15:36:09.938335+00	2022-06-27 15:36:09.938335+00
90	differential equations	21	2022-06-27 15:36:09.939091+00	2022-06-27 15:36:09.939091+00
91	fundamental theorem of calculus	21	2022-06-27 15:36:09.939788+00	2022-06-27 15:36:09.939788+00
92	implicit differentiation	21	2022-06-27 15:36:09.940487+00	2022-06-27 15:36:09.940487+00
93	infinite sequences	21	2022-06-27 15:36:09.941193+00	2022-06-27 15:36:09.941193+00
94	limits	21	2022-06-27 15:36:09.941872+00	2022-06-27 15:36:09.941872+00
95	integration by parts	21	2022-06-27 15:36:09.942537+00	2022-06-27 15:36:09.942537+00
96	mean value theorem	21	2022-06-27 15:36:09.943178+00	2022-06-27 15:36:09.943178+00
97	optimization	21	2022-06-27 15:36:09.943827+00	2022-06-27 15:36:09.943827+00
98	parametric	21	2022-06-27 15:36:09.944564+00	2022-06-27 15:36:09.944564+00
99	reimann sums	21	2022-06-27 15:36:09.945293+00	2022-06-27 15:36:09.945293+00
100	relative extrema	21	2022-06-27 15:36:09.946026+00	2022-06-27 15:36:09.946026+00
101	taylor polynomials	21	2022-06-27 15:36:09.946689+00	2022-06-27 15:36:09.946689+00
102	basic	9	2022-06-27 15:36:09.947372+00	2022-06-27 15:36:09.947372+00
103	commonapp	9	2022-06-27 15:36:09.948057+00	2022-06-27 15:36:09.948057+00
104	answer	9	2022-06-27 15:36:09.948749+00	2022-06-27 15:36:09.948749+00
105	dhistory	9	2022-06-27 15:36:09.94941+00	2022-06-27 15:36:09.94941+00
106	optional	9	2022-06-27 15:36:09.950207+00	2022-06-27 15:36:09.950207+00
107	supplemental	9	2022-06-27 15:36:09.950918+00	2022-06-27 15:36:09.950918+00
108	exam	11	2022-06-27 15:36:09.951638+00	2022-06-27 15:36:09.951638+00
109	type	11	2022-06-27 15:36:09.952424+00	2022-06-27 15:36:09.952424+00
110	LOR	11	2022-06-27 15:36:09.9531+00	2022-06-27 15:36:09.9531+00
111	basic	11	2022-06-27 15:36:09.953762+00	2022-06-27 15:36:09.953762+00
112	timeline	10	2022-06-27 15:36:09.954457+00	2022-06-27 15:36:09.954457+00
113	resume	10	2022-06-27 15:36:09.955334+00	2022-06-27 15:36:09.955334+00
114	schools	10	2022-06-27 15:36:09.956052+00	2022-06-27 15:36:09.956052+00
115	fees	10	2022-06-27 15:36:09.956734+00	2022-06-27 15:36:09.956734+00
116	FinAid	10	2022-06-27 15:36:09.957455+00	2022-06-27 15:36:09.957455+00
117	LOR	10	2022-06-27 15:36:09.958138+00	2022-06-27 15:36:09.958138+00
118	basic	10	2022-06-27 15:36:09.959182+00	2022-06-27 15:36:09.959182+00
119	biochemistry	4	2022-06-27 15:36:09.959933+00	2022-06-27 15:36:09.959933+00
120	the cell	4	2022-06-27 15:36:09.960688+00	2022-06-27 15:36:09.960688+00
121	cell division	4	2022-06-27 15:36:09.961408+00	2022-06-27 15:36:09.961408+00
122	cellular respiration	4	2022-06-27 15:36:09.962253+00	2022-06-27 15:36:09.962253+00
123	photosynthesis and plants	4	2022-06-27 15:36:09.962985+00	2022-06-27 15:36:09.962985+00
124	classical genetics	4	2022-06-27 15:36:09.963812+00	2022-06-27 15:36:09.963812+00
125	molecular genetics	4	2022-06-27 15:36:09.964557+00	2022-06-27 15:36:09.964557+00
126	animal behavior and physiology	4	2022-06-27 15:36:09.965285+00	2022-06-27 15:36:09.965285+00
127	ecology	4	2022-06-27 15:36:09.966032+00	2022-06-27 15:36:09.966032+00
128	human physiology and anatomy	4	2022-06-27 15:36:09.966726+00	2022-06-27 15:36:09.966726+00
129	evolution and taxonomy	4	2022-06-27 15:36:09.967435+00	2022-06-27 15:36:09.967435+00
130	chemical reactions	5	2022-06-27 15:36:09.968139+00	2022-06-27 15:36:09.968139+00
131	atoms, compounds, and ions	5	2022-06-27 15:36:09.968816+00	2022-06-27 15:36:09.968816+00
132	stoichiometry	5	2022-06-27 15:36:09.969551+00	2022-06-27 15:36:09.969551+00
133	electron structure of atoms	5	2022-06-27 15:36:09.970211+00	2022-06-27 15:36:09.970211+00
134	periodic table	5	2022-06-27 15:36:09.97088+00	2022-06-27 15:36:09.97088+00
135	chemical bonds	5	2022-06-27 15:36:09.971529+00	2022-06-27 15:36:09.971529+00
136	gases	5	2022-06-27 15:36:09.972207+00	2022-06-27 15:36:09.972207+00
137	states of matter and intermolecular forces	5	2022-06-27 15:36:09.972879+00	2022-06-27 15:36:09.972879+00
138	chemical equilibrium	5	2022-06-27 15:36:09.973523+00	2022-06-27 15:36:09.973523+00
139	acids and bases	5	2022-06-27 15:36:09.974189+00	2022-06-27 15:36:09.974189+00
140	buffers, titrations, and solubility equilibria	5	2022-06-27 15:36:09.974843+00	2022-06-27 15:36:09.974843+00
141	thermodynamics	5	2022-06-27 15:36:09.975493+00	2022-06-27 15:36:09.975493+00
142	redox reactions and electrochemistry	5	2022-06-27 15:36:09.976153+00	2022-06-27 15:36:09.976153+00
143	kinetics	5	2022-06-27 15:36:09.976829+00	2022-06-27 15:36:09.976829+00
144	nuclear chemistry	5	2022-06-27 15:36:09.977521+00	2022-06-27 15:36:09.977521+00
145	kinematics	5	2022-06-27 15:36:09.97819+00	2022-06-27 15:36:09.97819+00
146	kinematics	6	2022-06-27 15:36:09.978887+00	2022-06-27 15:36:09.978887+00
147	newton's laws	6	2022-06-27 15:36:09.979566+00	2022-06-27 15:36:09.979566+00
148	rotational mechanics	6	2022-06-27 15:36:09.980371+00	2022-06-27 15:36:09.980371+00
149	work and energy	6	2022-06-27 15:36:09.981071+00	2022-06-27 15:36:09.981071+00
150	momentum and collisions	6	2022-06-27 15:36:09.981709+00	2022-06-27 15:36:09.981709+00
151	thermodynamics	6	2022-06-27 15:36:09.982392+00	2022-06-27 15:36:09.982392+00
152	electrostatics	6	2022-06-27 15:36:09.983045+00	2022-06-27 15:36:09.983045+00
153	magnetism	6	2022-06-27 15:36:09.983721+00	2022-06-27 15:36:09.983721+00
154	waves and sound	6	2022-06-27 15:36:09.984381+00	2022-06-27 15:36:09.984381+00
155	refraction and reflection	6	2022-06-27 15:36:09.985023+00	2022-06-27 15:36:09.985023+00
156	gravity/gen relativity	6	2022-06-27 15:36:09.986066+00	2022-06-27 15:36:09.986066+00
157	Fluids - density and pressure	7	2022-06-27 15:36:09.986903+00	2022-06-27 15:36:09.986903+00
158	Fluids - dynamics	7	2022-06-27 15:36:09.98817+00	2022-06-27 15:36:09.98817+00
159	THD - Ideal Gases	7	2022-06-27 15:36:09.98893+00	2022-06-27 15:36:09.98893+00
160	thermodynamics	7	2022-06-27 15:36:09.989659+00	2022-06-27 15:36:09.989659+00
161	Electric Field	7	2022-06-27 15:36:09.990442+00	2022-06-27 15:36:09.990442+00
162	Electric Potential	7	2022-06-27 15:36:09.991125+00	2022-06-27 15:36:09.991125+00
163	Magnetic Fields	7	2022-06-27 15:36:09.992142+00	2022-06-27 15:36:09.992142+00
164	Magnetic Induction	7	2022-06-27 15:36:09.992959+00	2022-06-27 15:36:09.992959+00
165	Electromagnetic Waves	7	2022-06-27 15:36:09.993826+00	2022-06-27 15:36:09.993826+00
166	Optics - refraction and reflection	7	2022-06-27 15:36:09.99463+00	2022-06-27 15:36:09.99463+00
167	Quantum & Atomic Physics	7	2022-06-27 15:36:09.995433+00	2022-06-27 15:36:09.995433+00
168	dynamics 2	7	2022-06-27 15:36:09.996634+00	2022-06-27 15:36:09.996634+00
169	Electric Circuits	7	2022-06-27 15:36:09.997431+00	2022-06-27 15:36:09.997431+00
170	earth systems and resources	8	2022-06-27 15:36:09.998156+00	2022-06-27 15:36:09.998156+00
171	ecology	8	2022-06-27 15:36:09.999007+00	2022-06-27 15:36:09.999007+00
172	energy resources and consumption	8	2022-06-27 15:36:09.999754+00	2022-06-27 15:36:09.999754+00
173	global change	8	2022-06-27 15:36:10.0005+00	2022-06-27 15:36:10.0005+00
174	impact of human health and environment	8	2022-06-27 15:36:10.001233+00	2022-06-27 15:36:10.001233+00
175	interdependence of organisms	8	2022-06-27 15:36:10.002376+00	2022-06-27 15:36:10.002376+00
176	land and water resources and use	8	2022-06-27 15:36:10.003229+00	2022-06-27 15:36:10.003229+00
177	introduction to environmental science	8	2022-06-27 15:36:10.004063+00	2022-06-27 15:36:10.004063+00
178	natural biogeochemical cycles	8	2022-06-27 15:36:10.004842+00	2022-06-27 15:36:10.004842+00
179	pollution	8	2022-06-27 15:36:10.005648+00	2022-06-27 15:36:10.005648+00
180	populations	8	2022-06-27 15:36:10.006383+00	2022-06-27 15:36:10.006383+00
181	the atmosphere	8	2022-06-27 15:36:10.007114+00	2022-06-27 15:36:10.007114+00
182	upchieve	22	2022-06-27 15:36:10.007837+00	2022-06-27 15:36:10.007837+00
183	linear_equations	12	2022-06-27 15:36:10.008551+00	2022-06-27 15:36:10.008551+00
184	linear_inequalities	12	2022-06-27 15:36:10.009278+00	2022-06-27 15:36:10.009278+00
185	linear_functions	12	2022-06-27 15:36:10.010107+00	2022-06-27 15:36:10.010107+00
186	quadratic_problems	12	2022-06-27 15:36:10.010938+00	2022-06-27 15:36:10.010938+00
187	nonlinear_equations	12	2022-06-27 15:36:10.01169+00	2022-06-27 15:36:10.01169+00
188	rational_expressions	12	2022-06-27 15:36:10.012383+00	2022-06-27 15:36:10.012383+00
189	isolating_quantities	12	2022-06-27 15:36:10.013048+00	2022-06-27 15:36:10.013048+00
190	linear_systems	12	2022-06-27 15:36:10.01375+00	2022-06-27 15:36:10.01375+00
191	ratios_rates	12	2022-06-27 15:36:10.01443+00	2022-06-27 15:36:10.01443+00
192	units	12	2022-06-27 15:36:10.015097+00	2022-06-27 15:36:10.015097+00
193	percentages	12	2022-06-27 15:36:10.015929+00	2022-06-27 15:36:10.015929+00
194	linear_and_exponential	12	2022-06-27 15:36:10.016693+00	2022-06-27 15:36:10.016693+00
195	data_inferences	12	2022-06-27 15:36:10.017371+00	2022-06-27 15:36:10.017371+00
196	volume_word_problems	12	2022-06-27 15:36:10.018078+00	2022-06-27 15:36:10.018078+00
197	complex_numbers	12	2022-06-27 15:36:10.018777+00	2022-06-27 15:36:10.018777+00
198	circle_equations	12	2022-06-27 15:36:10.019465+00	2022-06-27 15:36:10.019465+00
199	table_data	12	2022-06-27 15:36:10.020179+00	2022-06-27 15:36:10.020179+00
200	scatterplots	12	2022-06-27 15:36:10.020939+00	2022-06-27 15:36:10.020939+00
201	graphs	12	2022-06-27 15:36:10.021668+00	2022-06-27 15:36:10.021668+00
202	shape_of_distributions	12	2022-06-27 15:36:10.022364+00	2022-06-27 15:36:10.022364+00
203	right_triangle_problems	12	2022-06-27 15:36:10.023077+00	2022-06-27 15:36:10.023077+00
204	congruence_and_similarity	12	2022-06-27 15:36:10.023774+00	2022-06-27 15:36:10.023774+00
205	explict_v_implicit	13	2022-06-27 15:36:10.024451+00	2022-06-27 15:36:10.024451+00
206	point_of_view	13	2022-06-27 15:36:10.025149+00	2022-06-27 15:36:10.025149+00
207	analyzing_relationships	13	2022-06-27 15:36:10.02582+00	2022-06-27 15:36:10.02582+00
208	citing_evidence	13	2022-06-27 15:36:10.026509+00	2022-06-27 15:36:10.026509+00
209	summarizing	13	2022-06-27 15:36:10.02717+00	2022-06-27 15:36:10.02717+00
210	analogical_reasoning	13	2022-06-27 15:36:10.027881+00	2022-06-27 15:36:10.027881+00
211	structure_passage	13	2022-06-27 15:36:10.028539+00	2022-06-27 15:36:10.028539+00
212	word_choice	13	2022-06-27 15:36:10.029211+00	2022-06-27 15:36:10.029211+00
213	graphs_and_data	13	2022-06-27 15:36:10.029889+00	2022-06-27 15:36:10.029889+00
214	purpose_of_text	13	2022-06-27 15:36:10.030525+00	2022-06-27 15:36:10.030525+00
215	analyzing_arguments	13	2022-06-27 15:36:10.031222+00	2022-06-27 15:36:10.031222+00
216	connecting_texts	13	2022-06-27 15:36:10.032041+00	2022-06-27 15:36:10.032041+00
217	history_passages	13	2022-06-27 15:36:10.032762+00	2022-06-27 15:36:10.032762+00
218	strategies	13	2022-06-27 15:36:10.033479+00	2022-06-27 15:36:10.033479+00
219	types_of_essays	15	2022-06-27 15:36:10.034227+00	2022-06-27 15:36:10.034227+00
220	essay_structure	15	2022-06-27 15:36:10.036381+00	2022-06-27 15:36:10.036381+00
221	point_of_view	15	2022-06-27 15:36:10.037244+00	2022-06-27 15:36:10.037244+00
222	persuasive_techniques	15	2022-06-27 15:36:10.038023+00	2022-06-27 15:36:10.038023+00
223	citations	15	2022-06-27 15:36:10.038693+00	2022-06-27 15:36:10.038693+00
224	independent_and_dependent_clauses	15	2022-06-27 15:36:10.03938+00	2022-06-27 15:36:10.03938+00
225	punctuation	15	2022-06-27 15:36:10.040081+00	2022-06-27 15:36:10.040081+00
226	verb_tense	15	2022-06-27 15:36:10.040744+00	2022-06-27 15:36:10.040744+00
227	subject_verb_agreement	15	2022-06-27 15:36:10.041421+00	2022-06-27 15:36:10.041421+00
228	specificity_and_coherence	15	2022-06-27 15:36:10.042113+00	2022-06-27 15:36:10.042113+00
229	plagiarism	15	2022-06-27 15:36:10.042763+00	2022-06-27 15:36:10.042763+00
230	nonnvarying_sentence_length	15	2022-06-27 15:36:10.043516+00	2022-06-27 15:36:10.043516+00
231	wordiness	15	2022-06-27 15:36:10.044215+00	2022-06-27 15:36:10.044215+00
232	grammatical_errors	15	2022-06-27 15:36:10.044894+00	2022-06-27 15:36:10.044894+00
233	common_requests	15	2022-06-27 15:36:10.045588+00	2022-06-27 15:36:10.045588+00
234	inference	13	2022-06-27 15:36:10.046292+00	2022-06-27 15:36:10.046292+00
235	integumentary	24	2022-06-27 15:36:10.046999+00	2022-06-27 15:36:10.046999+00
236	little_detail	13	2022-06-27 15:36:10.047664+00	2022-06-27 15:36:10.047664+00
237	lymphatic	24	2022-06-27 15:36:10.048344+00	2022-06-27 15:36:10.048344+00
238	muscular	24	2022-06-27 15:36:10.049011+00	2022-06-27 15:36:10.049011+00
239	nervous	24	2022-06-27 15:36:10.049698+00	2022-06-27 15:36:10.049698+00
240	probingqs	23	2022-06-27 15:36:10.050407+00	2022-06-27 15:36:10.050407+00
241	questions	23	2022-06-27 15:36:10.051092+00	2022-06-27 15:36:10.051092+00
242	reproductive	24	2022-06-27 15:36:10.051795+00	2022-06-27 15:36:10.051795+00
243	respiratory	24	2022-06-27 15:36:10.05252+00	2022-06-27 15:36:10.05252+00
244	sense_organs	24	2022-06-27 15:36:10.053184+00	2022-06-27 15:36:10.053184+00
245	skeletal	24	2022-06-27 15:36:10.053932+00	2022-06-27 15:36:10.053932+00
246	texttype	23	2022-06-27 15:36:10.054713+00	2022-06-27 15:36:10.054713+00
247	tissues	24	2022-06-27 15:36:10.055522+00	2022-06-27 15:36:10.055522+00
248	urinary	24	2022-06-27 15:36:10.056248+00	2022-06-27 15:36:10.056248+00
249	vocab_in_context	13	2022-06-27 15:36:10.056951+00	2022-06-27 15:36:10.056951+00
250	vocabulary	23	2022-06-27 15:36:10.057849+00	2022-06-27 15:36:10.057849+00
251	activatebk	23	2022-06-27 15:36:10.058844+00	2022-06-27 15:36:10.058844+00
252	author_technique	13	2022-06-27 15:36:10.059614+00	2022-06-27 15:36:10.059614+00
253	backgroundknowledge	23	2022-06-27 15:36:10.060361+00	2022-06-27 15:36:10.060361+00
254	big_picture	13	2022-06-27 15:36:10.061054+00	2022-06-27 15:36:10.061054+00
255	cells	24	2022-06-27 15:36:10.061805+00	2022-06-27 15:36:10.061805+00
256	circulatory_system	24	2022-06-27 15:36:10.062699+00	2022-06-27 15:36:10.062699+00
257	comprehensionsupport	23	2022-06-27 15:36:10.063618+00	2022-06-27 15:36:10.063618+00
258	context	23	2022-06-27 15:36:10.064391+00	2022-06-27 15:36:10.064391+00
259	corrections	23	2022-06-27 15:36:10.065047+00	2022-06-27 15:36:10.065047+00
260	digestive	24	2022-06-27 15:36:10.066374+00	2022-06-27 15:36:10.066374+00
261	editing	23	2022-06-27 15:36:10.067114+00	2022-06-27 15:36:10.067114+00
262	endocrine	24	2022-06-27 15:36:10.068015+00	2022-06-27 15:36:10.068015+00
263	evidence_support	13	2022-06-27 15:36:10.068926+00	2022-06-27 15:36:10.068926+00
264	function	13	2022-06-27 15:36:10.069824+00	2022-06-27 15:36:10.069824+00
265	strategies	12	2022-06-27 15:36:10.070651+00	2022-06-27 15:36:10.070651+00
266	unit circle	18	2022-06-27 15:36:10.071361+00	2022-06-27 15:36:10.071361+00
267	dynamics 1	6	2022-06-27 15:36:10.072078+00	2022-06-27 15:36:10.072078+00
268	energy 1	6	2022-06-27 15:36:10.073092+00	2022-06-27 15:36:10.073092+00
269	dynamics 2	6	2022-06-27 15:36:10.07385+00	2022-06-27 15:36:10.07385+00
270	energy 2	6	2022-06-27 15:36:10.074743+00	2022-06-27 15:36:10.074743+00
271	pythagorean theorem	18	2022-06-27 15:36:10.07552+00	2022-06-27 15:36:10.07552+00
272	degrees and radians	18	2022-06-27 15:36:10.076381+00	2022-06-27 15:36:10.076381+00
273	graphing trig functions	18	2022-06-27 15:36:10.077081+00	2022-06-27 15:36:10.077081+00
274	inverse trig functions	18	2022-06-27 15:36:10.077824+00	2022-06-27 15:36:10.077824+00
275	trigonometric identities	18	2022-06-27 15:36:10.078571+00	2022-06-27 15:36:10.078571+00
276	complex numbers	19	2022-06-27 15:36:10.079284+00	2022-06-27 15:36:10.079284+00
277	conic sections	19	2022-06-27 15:36:10.080031+00	2022-06-27 15:36:10.080031+00
278	graphing exponential functions	19	2022-06-27 15:36:10.081373+00	2022-06-27 15:36:10.081373+00
279	graphing polynomials	19	2022-06-27 15:36:10.08223+00	2022-06-27 15:36:10.08223+00
280	graphing rational functions	19	2022-06-27 15:36:10.083044+00	2022-06-27 15:36:10.083044+00
281	logarithms	19	2022-06-27 15:36:10.08374+00	2022-06-27 15:36:10.08374+00
282	inverse functions	19	2022-06-27 15:36:10.084636+00	2022-06-27 15:36:10.084636+00
283	polynomial division	19	2022-06-27 15:36:10.085357+00	2022-06-27 15:36:10.085357+00
284	rational expressions	19	2022-06-27 15:36:10.086063+00	2022-06-27 15:36:10.086063+00
285	sequences series	19	2022-06-27 15:36:10.086773+00	2022-06-27 15:36:10.086773+00
286	exponential logarithmic equations	19	2022-06-27 15:36:10.087458+00	2022-06-27 15:36:10.087458+00
287	other equations	19	2022-06-27 15:36:10.088131+00	2022-06-27 15:36:10.088131+00
288	quadratic and absolute	19	2022-06-27 15:36:10.088775+00	2022-06-27 15:36:10.088775+00
289	solving quadratic equations	19	2022-06-27 15:36:10.089425+00	2022-06-27 15:36:10.089425+00
290	transformations functions	19	2022-06-27 15:36:10.090147+00	2022-06-27 15:36:10.090147+00
291	vectors	19	2022-06-27 15:36:10.090766+00	2022-06-27 15:36:10.090766+00
292	trig functions	18	2022-06-27 15:36:10.09141+00	2022-06-27 15:36:10.09141+00
293	random variables and distributions	2	2022-06-27 15:36:10.092106+00	2022-06-27 15:36:10.092106+00
294	kinematics 2	6	2022-06-27 15:36:10.092827+00	2022-06-27 15:36:10.092827+00
295	DC Circuits	6	2022-06-27 15:36:10.093549+00	2022-06-27 15:36:10.093549+00
296	rotational motion	6	2022-06-27 15:36:10.094306+00	2022-06-27 15:36:10.094306+00
297	polynomials	12	2022-06-27 15:36:10.094959+00	2022-06-27 15:36:10.094959+00
298	functions	12	2022-06-27 15:36:10.096342+00	2022-06-27 15:36:10.096342+00
299	angles	12	2022-06-27 15:36:10.097108+00	2022-06-27 15:36:10.097108+00
\.


--
-- Data for Name: quiz_questions; Type: TABLE DATA; Schema: upchieve; Owner: admin
--

COPY upchieve.quiz_questions (id, question_text, possible_answers, correct_answer, quiz_subcategory_id, image_source, created_at, updated_at, mongo_id) FROM stdin;
\.


--
-- Data for Name: report_reasons; Type: TABLE DATA; Schema: upchieve; Owner: admin
--

COPY upchieve.report_reasons (id, reason, created_at, updated_at) FROM stdin;
1	This student was extremely rude or inappropriate	2022-06-27 15:36:10.171249+00	2022-06-27 15:36:10.171249+00
2	I am worried for the immediate safety of this student	2022-06-27 15:36:10.172094+00	2022-06-27 15:36:10.172094+00
3	LEGACY: Student was unresponsive	2022-06-27 15:36:10.172707+00	2022-06-27 15:36:10.172707+00
4	LEGACY: Technical issue	2022-06-27 15:36:10.173354+00	2022-06-27 15:36:10.173354+00
5	LEGACY: Other	2022-06-27 15:36:10.173966+00	2022-06-27 15:36:10.173966+00
\.


--
-- Data for Name: required_email_domains; Type: TABLE DATA; Schema: upchieve; Owner: admin
--

COPY upchieve.required_email_domains (id, domain, volunteer_partner_org_id, created_at, updated_at) FROM stdin;
0181a5ce-569a-379a-5447-298a833c069a	mailtrap.com	0181a5ce-5698-eba9-a474-dfd3b7cf6b4d	2022-06-27 15:36:12.187158+00	2022-06-27 15:36:12.187158+00
\.


--
-- Data for Name: school_nces_metadata; Type: TABLE DATA; Schema: upchieve; Owner: admin
--

COPY upchieve.school_nces_metadata (school_id, created_at, updated_at, school_year, fipst, statename, st, sch_name, lea_name, state_agency_no, "union", st_leaid, leaid, st_schid, ncessch, schid, mstreet1, mstreet2, mstreet3, mcity, mstate, mzip, mzip4, lstreet1, lstreet2, lstreet3, lcity, lzip, lzip4, phone, website, sy_status, sy_status_text, updated_status, updated_status_text, effective_date, sch_type, sch_type_text, recon_status, out_of_state_flag, charter_text, chartauth1, chartauthn1, chartauth2, chartauthn2, nogrades, g_pk_offered, g_kg_offered, g_1_offered, g_2_offered, g_3_offered, g_4_offered, g_5_offered, g_6_offered, g_7_offered, g_8_offered, g_9_offered, g_10_offered, g_11_offered, g_12_offered, g_13_offered, g_ug_offered, g_ae_offered, gslo, gshi, level, igoffered) FROM stdin;
\.


--
-- Data for Name: schools_sponsor_orgs; Type: TABLE DATA; Schema: upchieve; Owner: admin
--

COPY upchieve.schools_sponsor_orgs (school_id, sponsor_org_id, created_at, updated_at) FROM stdin;
0181a5ce-56a0-d0b7-0fd1-0d57e5f769f7	0181a5ce-56a4-e9e8-afa1-36deb8a3e14e	2022-06-27 15:36:12.199857+00	2022-06-27 15:36:12.199857+00
0181a5ce-56a0-04a0-87d8-25f3104aacc3	0181a5ce-56a4-df1b-73dd-88d7fbfd23ee	2022-06-27 15:36:12.200947+00	2022-06-27 15:36:12.200947+00
\.


--
-- Data for Name: session_failed_joins; Type: TABLE DATA; Schema: upchieve; Owner: admin
--

COPY upchieve.session_failed_joins (session_id, user_id, created_at, updated_at) FROM stdin;
\.


--
-- Data for Name: session_flags; Type: TABLE DATA; Schema: upchieve; Owner: admin
--

COPY upchieve.session_flags (id, name, created_at, updated_at) FROM stdin;
1	Absent student	2022-06-27 15:36:10.163307+00	2022-06-27 15:36:10.163307+00
2	Absent volunteer	2022-06-27 15:36:10.164221+00	2022-06-27 15:36:10.164221+00
3	Low session rating from coach	2022-06-27 15:36:10.164967+00	2022-06-27 15:36:10.164967+00
4	Low session rating from student	2022-06-27 15:36:10.165606+00	2022-06-27 15:36:10.165606+00
5	Low coach rating from student	2022-06-27 15:36:10.166223+00	2022-06-27 15:36:10.166223+00
6	Reported	2022-06-27 15:36:10.166845+00	2022-06-27 15:36:10.166845+00
7	Only looking for answers	2022-06-27 15:36:10.167417+00	2022-06-27 15:36:10.167417+00
8	Rude or inappropriate	2022-06-27 15:36:10.168064+00	2022-06-27 15:36:10.168064+00
9	Comment from student	2022-06-27 15:36:10.168657+00	2022-06-27 15:36:10.168657+00
10	Comment from volunteer	2022-06-27 15:36:10.169274+00	2022-06-27 15:36:10.169274+00
11	Has been unmatched	2022-06-27 15:36:10.169939+00	2022-06-27 15:36:10.169939+00
12	Has had technical issues	2022-06-27 15:36:10.170549+00	2022-06-27 15:36:10.170549+00
\.


--
-- Data for Name: session_messages; Type: TABLE DATA; Schema: upchieve; Owner: admin
--

COPY upchieve.session_messages (id, sender_id, contents, session_id, created_at, updated_at, mongo_id) FROM stdin;
\.


--
-- Data for Name: session_photos; Type: TABLE DATA; Schema: upchieve; Owner: admin
--

COPY upchieve.session_photos (session_id, photo_key, created_at, updated_at) FROM stdin;
\.


--
-- Data for Name: session_reports; Type: TABLE DATA; Schema: upchieve; Owner: admin
--

COPY upchieve.session_reports (id, report_reason_id, report_message, reporting_user_id, session_id, reported_user_id, created_at, updated_at) FROM stdin;
\.


--
-- Data for Name: session_review_reasons; Type: TABLE DATA; Schema: upchieve; Owner: admin
--

COPY upchieve.session_review_reasons (session_id, session_flag_id, created_at, updated_at) FROM stdin;
\.


--
-- Data for Name: sessions_session_flags; Type: TABLE DATA; Schema: upchieve; Owner: admin
--

COPY upchieve.sessions_session_flags (session_id, session_flag_id, created_at, updated_at) FROM stdin;
\.


--
-- Data for Name: student_favorite_volunteers; Type: TABLE DATA; Schema: upchieve; Owner: admin
--

COPY upchieve.student_favorite_volunteers (student_id, volunteer_id, created_at, updated_at) FROM stdin;
\.


--
-- Data for Name: student_partner_org_sites; Type: TABLE DATA; Schema: upchieve; Owner: admin
--

COPY upchieve.student_partner_org_sites (id, name, student_partner_org_id, created_at, updated_at) FROM stdin;
0181a5ce-5692-4eb1-e481-1416c5955860	Brooklyn	0181a5ce-5651-c952-a290-f2aadf4d11b7	2022-06-27 15:36:12.179462+00	2022-06-27 15:36:12.179462+00
0181a5ce-5692-ae47-54b8-489a3566db76	Denver	0181a5ce-5651-c952-a290-f2aadf4d11b7	2022-06-27 15:36:12.182367+00	2022-06-27 15:36:12.182367+00
0181a5ce-5692-2ffe-c4b5-b6bf49cc7fa9	Oakland	0181a5ce-5651-c952-a290-f2aadf4d11b7	2022-06-27 15:36:12.183522+00	2022-06-27 15:36:12.183522+00
\.


--
-- Data for Name: student_partner_orgs_sponsor_orgs; Type: TABLE DATA; Schema: upchieve; Owner: admin
--

COPY upchieve.student_partner_orgs_sponsor_orgs (student_partner_org_id, sponsor_org_id, created_at, updated_at) FROM stdin;
0181a5ce-5651-3f29-a812-e97f2d4b1c28	0181a5ce-56a4-2c2f-41cf-5c21b077af2c	2022-06-27 15:36:12.201821+00	2022-06-27 15:36:12.201821+00
0181a5ce-5651-25e9-143d-9a9aff01a957	0181a5ce-56a4-df1b-73dd-88d7fbfd23ee	2022-06-27 15:36:12.202872+00	2022-06-27 15:36:12.202872+00
\.


--
-- Data for Name: student_profiles; Type: TABLE DATA; Schema: upchieve; Owner: admin
--

COPY upchieve.student_profiles (user_id, college, school_id, postal_code, grade_level_id, student_partner_org_user_id, student_partner_org_id, student_partner_org_site_id, created_at, updated_at) FROM stdin;
0181a5ce-56fc-e853-d1af-a60f13d0f91b	\N	0181a5ce-56a0-0bc3-a078-d2708bc461d1	\N	\N	\N	\N	\N	2022-06-27 15:36:12.28712+00	2022-06-27 15:36:12.28712+00
0181a5ce-56fc-8533-5a46-9c25f22bb0b8	\N	0181a5ce-56a0-d0b7-0fd1-0d57e5f769f7	\N	\N	\N	0181a5ce-5651-c952-a290-f2aadf4d11b7	\N	2022-06-27 15:36:12.288142+00	2022-06-27 15:36:12.288142+00
0181a5ce-56fc-e9c0-f73b-8f40106cc2e7	\N	\N	\N	\N	\N	0181a5ce-5651-25e9-143d-9a9aff01a957	\N	2022-06-27 15:36:12.288959+00	2022-06-27 15:36:12.288959+00
\.


--
-- Data for Name: survey_questions; Type: TABLE DATA; Schema: upchieve; Owner: admin
--

COPY upchieve.survey_questions (id, question_type_id, question_text, created_at, updated_at) FROM stdin;
1	1	What is your primary goal for today's session?	2022-06-27 15:36:10.256991+00	2022-06-27 15:36:10.256991+00
2	1	Where are you in the process of reaching your goal?	2022-06-27 15:36:10.256991+00	2022-06-27 15:36:10.256991+00
3	1	How do you feel about your ability to get accepted to college?	2022-06-27 15:36:10.256991+00	2022-06-27 15:36:10.256991+00
4	1	Where are you in the process of learning this specific topic?	2022-06-27 15:36:10.256991+00	2022-06-27 15:36:10.256991+00
5	1	How do you feel about your ability to learn this topic?	2022-06-27 15:36:10.256991+00	2022-06-27 15:36:10.256991+00
\.


--
-- Data for Name: survey_questions_question_tags; Type: TABLE DATA; Schema: upchieve; Owner: admin
--

COPY upchieve.survey_questions_question_tags (id, survey_question_id, question_tag_id, created_at, updated_at) FROM stdin;
\.


--
-- Data for Name: survey_response_choices; Type: TABLE DATA; Schema: upchieve; Owner: admin
--

COPY upchieve.survey_response_choices (id, score, choice_text, created_at, updated_at) FROM stdin;
1	0	Solve a specific question	2022-06-27 15:36:10.256991+00	2022-06-27 15:36:10.256991+00
2	0	Complete a homework assignment	2022-06-27 15:36:10.256991+00	2022-06-27 15:36:10.256991+00
3	0	Prepare for a quiz/test	2022-06-27 15:36:10.256991+00	2022-06-27 15:36:10.256991+00
4	0	Check my answers	2022-06-27 15:36:10.256991+00	2022-06-27 15:36:10.256991+00
5	0	Improve my understanding of a topic	2022-06-27 15:36:10.256991+00	2022-06-27 15:36:10.256991+00
6	0	Other	2022-06-27 15:36:10.256991+00	2022-06-27 15:36:10.256991+00
7	0	Brainstorm or research an essay topic	2022-06-27 15:36:10.256991+00	2022-06-27 15:36:10.256991+00
8	0	Develop a thesis statement	2022-06-27 15:36:10.256991+00	2022-06-27 15:36:10.256991+00
9	0	Create an essay outline	2022-06-27 15:36:10.256991+00	2022-06-27 15:36:10.256991+00
10	0	Revise essay structure and ideas	2022-06-27 15:36:10.256991+00	2022-06-27 15:36:10.256991+00
11	0	Edit grammar	2022-06-27 15:36:10.256991+00	2022-06-27 15:36:10.256991+00
12	0	Improve my understanding of a text	2022-06-27 15:36:10.256991+00	2022-06-27 15:36:10.256991+00
13	0	Answer questions based on a text	2022-06-27 15:36:10.256991+00	2022-06-27 15:36:10.256991+00
14	0	Revise my response(s) to reading questions	2022-06-27 15:36:10.256991+00	2022-06-27 15:36:10.256991+00
15	0	Understand college requirements	2022-06-27 15:36:10.256991+00	2022-06-27 15:36:10.256991+00
16	0	Pick classes or extracurricular activities	2022-06-27 15:36:10.256991+00	2022-06-27 15:36:10.256991+00
17	0	Research majors or careers	2022-06-27 15:36:10.256991+00	2022-06-27 15:36:10.256991+00
18	0	Select colleges to apply to	2022-06-27 15:36:10.256991+00	2022-06-27 15:36:10.256991+00
19	0	Learn about financial aid and scholarships	2022-06-27 15:36:10.256991+00	2022-06-27 15:36:10.256991+00
20	0	Select a prompt and brainstorm topics	2022-06-27 15:36:10.256991+00	2022-06-27 15:36:10.256991+00
21	0	Create an outline	2022-06-27 15:36:10.256991+00	2022-06-27 15:36:10.256991+00
22	0	Understand the parts of an application	2022-06-27 15:36:10.256991+00	2022-06-27 15:36:10.256991+00
23	0	Create an application timeline	2022-06-27 15:36:10.256991+00	2022-06-27 15:36:10.256991+00
24	0	Work on an application	2022-06-27 15:36:10.256991+00	2022-06-27 15:36:10.256991+00
25	0	Prepare for an interview	2022-06-27 15:36:10.256991+00	2022-06-27 15:36:10.256991+00
26	0	Complete financial aid applications	2022-06-27 15:36:10.256991+00	2022-06-27 15:36:10.256991+00
27	0	Learn more about the exam	2022-06-27 15:36:10.256991+00	2022-06-27 15:36:10.256991+00
28	0	Work on a practice question(s)	2022-06-27 15:36:10.256991+00	2022-06-27 15:36:10.256991+00
29	0	Learn test taking strategies	2022-06-27 15:36:10.256991+00	2022-06-27 15:36:10.256991+00
30	0	Improve my understanding of a concept	2022-06-27 15:36:10.256991+00	2022-06-27 15:36:10.256991+00
31	1	I haven't started on this yet	2022-06-27 15:36:10.256991+00	2022-06-27 15:36:10.256991+00
32	2	I've done some work on this	2022-06-27 15:36:10.256991+00	2022-06-27 15:36:10.256991+00
33	3	I'm finishing this up 	2022-06-27 15:36:10.256991+00	2022-06-27 15:36:10.256991+00
34	4	I've completed this 	2022-06-27 15:36:10.256991+00	2022-06-27 15:36:10.256991+00
35	1		2022-06-27 15:36:10.256991+00	2022-06-27 15:36:10.256991+00
36	2		2022-06-27 15:36:10.256991+00	2022-06-27 15:36:10.256991+00
37	3		2022-06-27 15:36:10.256991+00	2022-06-27 15:36:10.256991+00
38	4		2022-06-27 15:36:10.256991+00	2022-06-27 15:36:10.256991+00
39	1	I don't know how to do it yet	2022-06-27 15:36:10.256991+00	2022-06-27 15:36:10.256991+00
40	2	I am beginning to understand this, but I need some help	2022-06-27 15:36:10.256991+00	2022-06-27 15:36:10.256991+00
41	3	I understand this and can do it by myself	2022-06-27 15:36:10.256991+00	2022-06-27 15:36:10.256991+00
42	4	I understand this so well that I can help my friends do it	2022-06-27 15:36:10.256991+00	2022-06-27 15:36:10.256991+00
\.


--
-- Data for Name: surveys; Type: TABLE DATA; Schema: upchieve; Owner: admin
--

COPY upchieve.surveys (id, name, created_at, updated_at) FROM stdin;
1	STEM Pre-Session Survey	2022-06-27 15:36:10.256991+00	2022-06-27 15:36:10.256991+00
2	Humanities Essays Pre-Session Survey	2022-06-27 15:36:10.256991+00	2022-06-27 15:36:10.256991+00
3	Reading Pre-Session Survey	2022-06-27 15:36:10.256991+00	2022-06-27 15:36:10.256991+00
4	College Planning Pre-Session Survey	2022-06-27 15:36:10.256991+00	2022-06-27 15:36:10.256991+00
5	College Essays Pre-Session Survey	2022-06-27 15:36:10.256991+00	2022-06-27 15:36:10.256991+00
6	College Applications Pre-Session Survey	2022-06-27 15:36:10.256991+00	2022-06-27 15:36:10.256991+00
7	SAT Prep Pre-Session Survey	2022-06-27 15:36:10.256991+00	2022-06-27 15:36:10.256991+00
\.


--
-- Data for Name: surveys_survey_questions; Type: TABLE DATA; Schema: upchieve; Owner: admin
--

COPY upchieve.surveys_survey_questions (id, survey_id, survey_question_id, display_priority, created_at, updated_at) FROM stdin;
1	1	1	10	2022-06-27 15:36:10.256991+00	2022-06-27 15:36:10.256991+00
2	2	1	10	2022-06-27 15:36:10.256991+00	2022-06-27 15:36:10.256991+00
3	3	1	10	2022-06-27 15:36:10.256991+00	2022-06-27 15:36:10.256991+00
4	4	1	10	2022-06-27 15:36:10.256991+00	2022-06-27 15:36:10.256991+00
5	5	1	10	2022-06-27 15:36:10.256991+00	2022-06-27 15:36:10.256991+00
6	6	1	10	2022-06-27 15:36:10.256991+00	2022-06-27 15:36:10.256991+00
7	7	1	10	2022-06-27 15:36:10.256991+00	2022-06-27 15:36:10.256991+00
8	4	2	20	2022-06-27 15:36:10.256991+00	2022-06-27 15:36:10.256991+00
9	5	2	20	2022-06-27 15:36:10.256991+00	2022-06-27 15:36:10.256991+00
10	6	2	20	2022-06-27 15:36:10.256991+00	2022-06-27 15:36:10.256991+00
11	4	3	30	2022-06-27 15:36:10.256991+00	2022-06-27 15:36:10.256991+00
12	5	3	30	2022-06-27 15:36:10.256991+00	2022-06-27 15:36:10.256991+00
13	6	3	30	2022-06-27 15:36:10.256991+00	2022-06-27 15:36:10.256991+00
14	1	4	20	2022-06-27 15:36:10.256991+00	2022-06-27 15:36:10.256991+00
15	2	4	20	2022-06-27 15:36:10.256991+00	2022-06-27 15:36:10.256991+00
16	3	4	20	2022-06-27 15:36:10.256991+00	2022-06-27 15:36:10.256991+00
17	7	4	20	2022-06-27 15:36:10.256991+00	2022-06-27 15:36:10.256991+00
18	1	5	30	2022-06-27 15:36:10.256991+00	2022-06-27 15:36:10.256991+00
19	2	5	30	2022-06-27 15:36:10.256991+00	2022-06-27 15:36:10.256991+00
20	3	5	30	2022-06-27 15:36:10.256991+00	2022-06-27 15:36:10.256991+00
21	7	5	30	2022-06-27 15:36:10.256991+00	2022-06-27 15:36:10.256991+00
\.


--
-- Data for Name: survey_questions_response_choices; Type: TABLE DATA; Schema: upchieve; Owner: admin
--

COPY upchieve.survey_questions_response_choices (response_choice_id, display_priority, created_at, updated_at, surveys_survey_question_id) FROM stdin;
1	10	2022-06-27 15:36:10.256991+00	2022-06-27 15:36:10.256991+00	1
7	10	2022-06-27 15:36:10.256991+00	2022-06-27 15:36:10.256991+00	2
12	10	2022-06-27 15:36:10.256991+00	2022-06-27 15:36:10.256991+00	3
15	10	2022-06-27 15:36:10.256991+00	2022-06-27 15:36:10.256991+00	4
20	10	2022-06-27 15:36:10.256991+00	2022-06-27 15:36:10.256991+00	5
22	10	2022-06-27 15:36:10.256991+00	2022-06-27 15:36:10.256991+00	6
27	10	2022-06-27 15:36:10.256991+00	2022-06-27 15:36:10.256991+00	7
31	10	2022-06-27 15:36:10.256991+00	2022-06-27 15:36:10.256991+00	8
31	10	2022-06-27 15:36:10.256991+00	2022-06-27 15:36:10.256991+00	9
31	10	2022-06-27 15:36:10.256991+00	2022-06-27 15:36:10.256991+00	10
35	10	2022-06-27 15:36:10.256991+00	2022-06-27 15:36:10.256991+00	11
35	10	2022-06-27 15:36:10.256991+00	2022-06-27 15:36:10.256991+00	12
35	10	2022-06-27 15:36:10.256991+00	2022-06-27 15:36:10.256991+00	13
39	10	2022-06-27 15:36:10.256991+00	2022-06-27 15:36:10.256991+00	14
39	10	2022-06-27 15:36:10.256991+00	2022-06-27 15:36:10.256991+00	15
39	10	2022-06-27 15:36:10.256991+00	2022-06-27 15:36:10.256991+00	16
39	10	2022-06-27 15:36:10.256991+00	2022-06-27 15:36:10.256991+00	17
35	10	2022-06-27 15:36:10.256991+00	2022-06-27 15:36:10.256991+00	18
35	10	2022-06-27 15:36:10.256991+00	2022-06-27 15:36:10.256991+00	19
35	10	2022-06-27 15:36:10.256991+00	2022-06-27 15:36:10.256991+00	20
35	10	2022-06-27 15:36:10.256991+00	2022-06-27 15:36:10.256991+00	21
2	20	2022-06-27 15:36:10.256991+00	2022-06-27 15:36:10.256991+00	1
8	20	2022-06-27 15:36:10.256991+00	2022-06-27 15:36:10.256991+00	2
13	20	2022-06-27 15:36:10.256991+00	2022-06-27 15:36:10.256991+00	3
16	20	2022-06-27 15:36:10.256991+00	2022-06-27 15:36:10.256991+00	4
21	20	2022-06-27 15:36:10.256991+00	2022-06-27 15:36:10.256991+00	5
23	20	2022-06-27 15:36:10.256991+00	2022-06-27 15:36:10.256991+00	6
29	20	2022-06-27 15:36:10.256991+00	2022-06-27 15:36:10.256991+00	7
36	20	2022-06-27 15:36:10.256991+00	2022-06-27 15:36:10.256991+00	11
36	20	2022-06-27 15:36:10.256991+00	2022-06-27 15:36:10.256991+00	12
36	20	2022-06-27 15:36:10.256991+00	2022-06-27 15:36:10.256991+00	13
40	20	2022-06-27 15:36:10.256991+00	2022-06-27 15:36:10.256991+00	14
40	20	2022-06-27 15:36:10.256991+00	2022-06-27 15:36:10.256991+00	15
40	20	2022-06-27 15:36:10.256991+00	2022-06-27 15:36:10.256991+00	16
40	20	2022-06-27 15:36:10.256991+00	2022-06-27 15:36:10.256991+00	17
36	20	2022-06-27 15:36:10.256991+00	2022-06-27 15:36:10.256991+00	18
36	20	2022-06-27 15:36:10.256991+00	2022-06-27 15:36:10.256991+00	19
36	20	2022-06-27 15:36:10.256991+00	2022-06-27 15:36:10.256991+00	20
36	20	2022-06-27 15:36:10.256991+00	2022-06-27 15:36:10.256991+00	21
3	30	2022-06-27 15:36:10.256991+00	2022-06-27 15:36:10.256991+00	1
9	30	2022-06-27 15:36:10.256991+00	2022-06-27 15:36:10.256991+00	2
14	30	2022-06-27 15:36:10.256991+00	2022-06-27 15:36:10.256991+00	3
17	30	2022-06-27 15:36:10.256991+00	2022-06-27 15:36:10.256991+00	4
10	30	2022-06-27 15:36:10.256991+00	2022-06-27 15:36:10.256991+00	5
24	30	2022-06-27 15:36:10.256991+00	2022-06-27 15:36:10.256991+00	6
28	30	2022-06-27 15:36:10.256991+00	2022-06-27 15:36:10.256991+00	7
33	30	2022-06-27 15:36:10.256991+00	2022-06-27 15:36:10.256991+00	8
33	30	2022-06-27 15:36:10.256991+00	2022-06-27 15:36:10.256991+00	9
33	30	2022-06-27 15:36:10.256991+00	2022-06-27 15:36:10.256991+00	10
37	30	2022-06-27 15:36:10.256991+00	2022-06-27 15:36:10.256991+00	11
37	30	2022-06-27 15:36:10.256991+00	2022-06-27 15:36:10.256991+00	12
37	30	2022-06-27 15:36:10.256991+00	2022-06-27 15:36:10.256991+00	13
41	30	2022-06-27 15:36:10.256991+00	2022-06-27 15:36:10.256991+00	14
41	30	2022-06-27 15:36:10.256991+00	2022-06-27 15:36:10.256991+00	15
41	30	2022-06-27 15:36:10.256991+00	2022-06-27 15:36:10.256991+00	16
41	30	2022-06-27 15:36:10.256991+00	2022-06-27 15:36:10.256991+00	17
37	30	2022-06-27 15:36:10.256991+00	2022-06-27 15:36:10.256991+00	18
37	30	2022-06-27 15:36:10.256991+00	2022-06-27 15:36:10.256991+00	19
37	30	2022-06-27 15:36:10.256991+00	2022-06-27 15:36:10.256991+00	20
37	30	2022-06-27 15:36:10.256991+00	2022-06-27 15:36:10.256991+00	21
4	40	2022-06-27 15:36:10.256991+00	2022-06-27 15:36:10.256991+00	1
10	40	2022-06-27 15:36:10.256991+00	2022-06-27 15:36:10.256991+00	2
6	40	2022-06-27 15:36:10.256991+00	2022-06-27 15:36:10.256991+00	3
18	40	2022-06-27 15:36:10.256991+00	2022-06-27 15:36:10.256991+00	4
11	40	2022-06-27 15:36:10.256991+00	2022-06-27 15:36:10.256991+00	5
25	40	2022-06-27 15:36:10.256991+00	2022-06-27 15:36:10.256991+00	6
4	40	2022-06-27 15:36:10.256991+00	2022-06-27 15:36:10.256991+00	7
38	40	2022-06-27 15:36:10.256991+00	2022-06-27 15:36:10.256991+00	11
38	40	2022-06-27 15:36:10.256991+00	2022-06-27 15:36:10.256991+00	12
38	40	2022-06-27 15:36:10.256991+00	2022-06-27 15:36:10.256991+00	13
42	40	2022-06-27 15:36:10.256991+00	2022-06-27 15:36:10.256991+00	14
42	40	2022-06-27 15:36:10.256991+00	2022-06-27 15:36:10.256991+00	15
42	40	2022-06-27 15:36:10.256991+00	2022-06-27 15:36:10.256991+00	16
42	40	2022-06-27 15:36:10.256991+00	2022-06-27 15:36:10.256991+00	17
38	40	2022-06-27 15:36:10.256991+00	2022-06-27 15:36:10.256991+00	18
38	40	2022-06-27 15:36:10.256991+00	2022-06-27 15:36:10.256991+00	19
38	40	2022-06-27 15:36:10.256991+00	2022-06-27 15:36:10.256991+00	20
38	40	2022-06-27 15:36:10.256991+00	2022-06-27 15:36:10.256991+00	21
5	50	2022-06-27 15:36:10.256991+00	2022-06-27 15:36:10.256991+00	1
11	50	2022-06-27 15:36:10.256991+00	2022-06-27 15:36:10.256991+00	2
19	50	2022-06-27 15:36:10.256991+00	2022-06-27 15:36:10.256991+00	4
6	50	2022-06-27 15:36:10.256991+00	2022-06-27 15:36:10.256991+00	5
26	50	2022-06-27 15:36:10.256991+00	2022-06-27 15:36:10.256991+00	6
30	50	2022-06-27 15:36:10.256991+00	2022-06-27 15:36:10.256991+00	7
6	60	2022-06-27 15:36:10.256991+00	2022-06-27 15:36:10.256991+00	1
6	60	2022-06-27 15:36:10.256991+00	2022-06-27 15:36:10.256991+00	2
6	60	2022-06-27 15:36:10.256991+00	2022-06-27 15:36:10.256991+00	4
6	60	2022-06-27 15:36:10.256991+00	2022-06-27 15:36:10.256991+00	6
6	60	2022-06-27 15:36:10.256991+00	2022-06-27 15:36:10.256991+00	7
\.


--
-- Data for Name: surveys_postsession; Type: TABLE DATA; Schema: upchieve; Owner: admin
--

COPY upchieve.surveys_postsession (survey_id, subject_id, created_at, updated_at) FROM stdin;
\.


--
-- Data for Name: surveys_presession; Type: TABLE DATA; Schema: upchieve; Owner: admin
--

COPY upchieve.surveys_presession (survey_id, subject_id, created_at, updated_at) FROM stdin;
1	1	2022-06-27 15:36:10.256991+00	2022-06-27 15:36:10.256991+00
1	2	2022-06-27 15:36:10.256991+00	2022-06-27 15:36:10.256991+00
1	3	2022-06-27 15:36:10.256991+00	2022-06-27 15:36:10.256991+00
1	4	2022-06-27 15:36:10.256991+00	2022-06-27 15:36:10.256991+00
1	5	2022-06-27 15:36:10.256991+00	2022-06-27 15:36:10.256991+00
1	6	2022-06-27 15:36:10.256991+00	2022-06-27 15:36:10.256991+00
1	7	2022-06-27 15:36:10.256991+00	2022-06-27 15:36:10.256991+00
1	8	2022-06-27 15:36:10.256991+00	2022-06-27 15:36:10.256991+00
1	9	2022-06-27 15:36:10.256991+00	2022-06-27 15:36:10.256991+00
1	10	2022-06-27 15:36:10.256991+00	2022-06-27 15:36:10.256991+00
1	11	2022-06-27 15:36:10.256991+00	2022-06-27 15:36:10.256991+00
1	12	2022-06-27 15:36:10.256991+00	2022-06-27 15:36:10.256991+00
1	13	2022-06-27 15:36:10.256991+00	2022-06-27 15:36:10.256991+00
1	14	2022-06-27 15:36:10.256991+00	2022-06-27 15:36:10.256991+00
1	21	2022-06-27 15:36:10.256991+00	2022-06-27 15:36:10.256991+00
1	22	2022-06-27 15:36:10.256991+00	2022-06-27 15:36:10.256991+00
1	23	2022-06-27 15:36:10.256991+00	2022-06-27 15:36:10.256991+00
1	24	2022-06-27 15:36:10.256991+00	2022-06-27 15:36:10.256991+00
2	20	2022-06-27 15:36:10.256991+00	2022-06-27 15:36:10.256991+00
3	25	2022-06-27 15:36:10.256991+00	2022-06-27 15:36:10.256991+00
4	18	2022-06-27 15:36:10.256991+00	2022-06-27 15:36:10.256991+00
6	19	2022-06-27 15:36:10.256991+00	2022-06-27 15:36:10.256991+00
7	15	2022-06-27 15:36:10.256991+00	2022-06-27 15:36:10.256991+00
7	16	2022-06-27 15:36:10.256991+00	2022-06-27 15:36:10.256991+00
\.


--
-- Data for Name: training_courses; Type: TABLE DATA; Schema: upchieve; Owner: admin
--

COPY upchieve.training_courses (id, name, created_at, updated_at) FROM stdin;
1	upchieve101	2022-06-27 15:36:09.823033+00	2022-06-27 15:36:09.823033+00
\.


--
-- Data for Name: user_actions; Type: TABLE DATA; Schema: upchieve; Owner: admin
--

COPY upchieve.user_actions (id, user_id, session_id, action_type, action, ip_address_id, device, browser, browser_version, operating_system, operating_system_version, quiz_subcategory, quiz_category, created_at, updated_at, mongo_id, reference_email, volunteer_id, ban_reason) FROM stdin;
\.


--
-- Data for Name: user_product_flags; Type: TABLE DATA; Schema: upchieve; Owner: admin
--

COPY upchieve.user_product_flags (user_id, sent_ready_to_coach_email, sent_hour_summary_intro_email, sent_inactive_thirty_day_email, sent_inactive_sixty_day_email, sent_inactive_ninety_day_email, gates_qualified, created_at, updated_at, in_gates_study) FROM stdin;
\.


--
-- Data for Name: user_session_metrics; Type: TABLE DATA; Schema: upchieve; Owner: admin
--

COPY upchieve.user_session_metrics (user_id, absent_student, absent_volunteer, low_session_rating_from_coach, low_session_rating_from_student, low_coach_rating_from_student, reported, only_looking_for_answers, rude_or_inappropriate, comment_from_student, comment_from_volunteer, has_been_unmatched, has_had_technical_issues, created_at, updated_at) FROM stdin;
\.


--
-- Data for Name: users_certifications; Type: TABLE DATA; Schema: upchieve; Owner: admin
--

COPY upchieve.users_certifications (user_id, certification_id, created_at, updated_at) FROM stdin;
0181a5ce-56ad-c360-0b27-f4542cd00589	1	2022-06-27 15:36:12.218118+00	2022-06-27 15:36:12.218118+00
0181a5ce-56ad-c360-0b27-f4542cd00589	16	2022-06-27 15:36:12.219273+00	2022-06-27 15:36:12.219273+00
0181a5ce-56ad-c360-0b27-f4542cd00589	17	2022-06-27 15:36:12.220162+00	2022-06-27 15:36:12.220162+00
0181a5ce-56ad-c360-0b27-f4542cd00589	11	2022-06-27 15:36:12.221068+00	2022-06-27 15:36:12.221068+00
0181a5ce-56ad-c360-0b27-f4542cd00589	4	2022-06-27 15:36:12.221962+00	2022-06-27 15:36:12.221962+00
0181a5ce-56ad-c360-0b27-f4542cd00589	20	2022-06-27 15:36:12.222871+00	2022-06-27 15:36:12.222871+00
0181a5ce-56ad-c360-0b27-f4542cd00589	5	2022-06-27 15:36:12.223814+00	2022-06-27 15:36:12.223814+00
0181a5ce-56ad-c360-0b27-f4542cd00589	9	2022-06-27 15:36:12.224657+00	2022-06-27 15:36:12.224657+00
0181a5ce-56ad-c360-0b27-f4542cd00589	3	2022-06-27 15:36:12.225542+00	2022-06-27 15:36:12.225542+00
0181a5ce-56ad-c360-0b27-f4542cd00589	6	2022-06-27 15:36:12.226479+00	2022-06-27 15:36:12.226479+00
0181a5ce-56ad-c360-0b27-f4542cd00589	19	2022-06-27 15:36:12.227322+00	2022-06-27 15:36:12.227322+00
0181a5ce-56ad-c360-0b27-f4542cd00589	18	2022-06-27 15:36:12.228116+00	2022-06-27 15:36:12.228116+00
0181a5ce-56ad-c360-0b27-f4542cd00589	15	2022-06-27 15:36:12.228969+00	2022-06-27 15:36:12.228969+00
0181a5ce-56ad-5701-bfe8-c3cff4df6578	1	2022-06-27 15:36:12.22993+00	2022-06-27 15:36:12.22993+00
0181a5ce-56ad-5701-bfe8-c3cff4df6578	16	2022-06-27 15:36:12.230779+00	2022-06-27 15:36:12.230779+00
0181a5ce-56ad-5701-bfe8-c3cff4df6578	17	2022-06-27 15:36:12.231669+00	2022-06-27 15:36:12.231669+00
0181a5ce-56ad-5701-bfe8-c3cff4df6578	10	2022-06-27 15:36:12.23254+00	2022-06-27 15:36:12.23254+00
0181a5ce-56ad-5701-bfe8-c3cff4df6578	4	2022-06-27 15:36:12.233346+00	2022-06-27 15:36:12.233346+00
0181a5ce-56ad-5701-bfe8-c3cff4df6578	20	2022-06-27 15:36:12.234175+00	2022-06-27 15:36:12.234175+00
0181a5ce-56ad-5701-bfe8-c3cff4df6578	5	2022-06-27 15:36:12.234904+00	2022-06-27 15:36:12.234904+00
0181a5ce-56ad-5701-bfe8-c3cff4df6578	9	2022-06-27 15:36:12.235676+00	2022-06-27 15:36:12.235676+00
0181a5ce-56ad-5701-bfe8-c3cff4df6578	3	2022-06-27 15:36:12.236459+00	2022-06-27 15:36:12.236459+00
0181a5ce-56ad-5701-bfe8-c3cff4df6578	6	2022-06-27 15:36:12.237248+00	2022-06-27 15:36:12.237248+00
0181a5ce-56ad-5701-bfe8-c3cff4df6578	11	2022-06-27 15:36:12.238131+00	2022-06-27 15:36:12.238131+00
0181a5ce-56ad-5701-bfe8-c3cff4df6578	19	2022-06-27 15:36:12.238937+00	2022-06-27 15:36:12.238937+00
0181a5ce-56ad-5701-bfe8-c3cff4df6578	18	2022-06-27 15:36:12.239688+00	2022-06-27 15:36:12.239688+00
0181a5ce-56ad-a9a4-a3ce-e25d663397e6	1	2022-06-27 15:36:12.240479+00	2022-06-27 15:36:12.240479+00
0181a5ce-56ad-a9a4-a3ce-e25d663397e6	16	2022-06-27 15:36:12.241264+00	2022-06-27 15:36:12.241264+00
0181a5ce-56ad-a9a4-a3ce-e25d663397e6	17	2022-06-27 15:36:12.24209+00	2022-06-27 15:36:12.24209+00
0181a5ce-56ad-a9a4-a3ce-e25d663397e6	10	2022-06-27 15:36:12.242912+00	2022-06-27 15:36:12.242912+00
0181a5ce-56ad-a9a4-a3ce-e25d663397e6	4	2022-06-27 15:36:12.243613+00	2022-06-27 15:36:12.243613+00
0181a5ce-56ad-a9a4-a3ce-e25d663397e6	20	2022-06-27 15:36:12.244345+00	2022-06-27 15:36:12.244345+00
0181a5ce-56ad-a9a4-a3ce-e25d663397e6	5	2022-06-27 15:36:12.245049+00	2022-06-27 15:36:12.245049+00
0181a5ce-56ad-a9a4-a3ce-e25d663397e6	9	2022-06-27 15:36:12.245814+00	2022-06-27 15:36:12.245814+00
0181a5ce-56ad-a9a4-a3ce-e25d663397e6	3	2022-06-27 15:36:12.246588+00	2022-06-27 15:36:12.246588+00
0181a5ce-56ad-a9a4-a3ce-e25d663397e6	6	2022-06-27 15:36:12.24732+00	2022-06-27 15:36:12.24732+00
0181a5ce-56ad-a9a4-a3ce-e25d663397e6	11	2022-06-27 15:36:12.248209+00	2022-06-27 15:36:12.248209+00
0181a5ce-56ad-a9a4-a3ce-e25d663397e6	19	2022-06-27 15:36:12.248999+00	2022-06-27 15:36:12.248999+00
0181a5ce-56ad-a9a4-a3ce-e25d663397e6	18	2022-06-27 15:36:12.249726+00	2022-06-27 15:36:12.249726+00
\.


--
-- Data for Name: users_ip_addresses; Type: TABLE DATA; Schema: upchieve; Owner: admin
--

COPY upchieve.users_ip_addresses (id, ip_address_id, user_id, created_at, updated_at) FROM stdin;
\.


--
-- Data for Name: users_quizzes; Type: TABLE DATA; Schema: upchieve; Owner: admin
--

COPY upchieve.users_quizzes (user_id, quiz_id, attempts, passed, created_at, updated_at) FROM stdin;
0181a5ce-56ad-c360-0b27-f4542cd00589	1	1	t	2022-06-27 15:36:12.250562+00	2022-06-27 15:36:12.250562+00
0181a5ce-56ad-c360-0b27-f4542cd00589	16	1	t	2022-06-27 15:36:12.251762+00	2022-06-27 15:36:12.251762+00
0181a5ce-56ad-c360-0b27-f4542cd00589	17	1	t	2022-06-27 15:36:12.252872+00	2022-06-27 15:36:12.252872+00
0181a5ce-56ad-c360-0b27-f4542cd00589	10	1	t	2022-06-27 15:36:12.253928+00	2022-06-27 15:36:12.253928+00
0181a5ce-56ad-c360-0b27-f4542cd00589	4	1	t	2022-06-27 15:36:12.25499+00	2022-06-27 15:36:12.25499+00
0181a5ce-56ad-c360-0b27-f4542cd00589	20	1	t	2022-06-27 15:36:12.256091+00	2022-06-27 15:36:12.256091+00
0181a5ce-56ad-c360-0b27-f4542cd00589	5	1	t	2022-06-27 15:36:12.257109+00	2022-06-27 15:36:12.257109+00
0181a5ce-56ad-c360-0b27-f4542cd00589	9	1	t	2022-06-27 15:36:12.257958+00	2022-06-27 15:36:12.257958+00
0181a5ce-56ad-c360-0b27-f4542cd00589	3	1	t	2022-06-27 15:36:12.258792+00	2022-06-27 15:36:12.258792+00
0181a5ce-56ad-c360-0b27-f4542cd00589	6	1	t	2022-06-27 15:36:12.259551+00	2022-06-27 15:36:12.259551+00
0181a5ce-56ad-c360-0b27-f4542cd00589	11	1	t	2022-06-27 15:36:12.260276+00	2022-06-27 15:36:12.260276+00
0181a5ce-56ad-c360-0b27-f4542cd00589	19	1	t	2022-06-27 15:36:12.26103+00	2022-06-27 15:36:12.26103+00
0181a5ce-56ad-c360-0b27-f4542cd00589	18	1	t	2022-06-27 15:36:12.261796+00	2022-06-27 15:36:12.261796+00
0181a5ce-56ad-c360-0b27-f4542cd00589	15	1	t	2022-06-27 15:36:12.262559+00	2022-06-27 15:36:12.262559+00
0181a5ce-56ad-c360-0b27-f4542cd00589	23	1	t	2022-06-27 15:36:12.263244+00	2022-06-27 15:36:12.263244+00
0181a5ce-56ad-5701-bfe8-c3cff4df6578	1	1	t	2022-06-27 15:36:12.263994+00	2022-06-27 15:36:12.263994+00
0181a5ce-56ad-5701-bfe8-c3cff4df6578	16	1	t	2022-06-27 15:36:12.264767+00	2022-06-27 15:36:12.264767+00
0181a5ce-56ad-5701-bfe8-c3cff4df6578	17	1	t	2022-06-27 15:36:12.265537+00	2022-06-27 15:36:12.265537+00
0181a5ce-56ad-5701-bfe8-c3cff4df6578	10	1	t	2022-06-27 15:36:12.26625+00	2022-06-27 15:36:12.26625+00
0181a5ce-56ad-5701-bfe8-c3cff4df6578	4	1	t	2022-06-27 15:36:12.267038+00	2022-06-27 15:36:12.267038+00
0181a5ce-56ad-5701-bfe8-c3cff4df6578	20	1	t	2022-06-27 15:36:12.267797+00	2022-06-27 15:36:12.267797+00
0181a5ce-56ad-5701-bfe8-c3cff4df6578	5	1	t	2022-06-27 15:36:12.268526+00	2022-06-27 15:36:12.268526+00
0181a5ce-56ad-5701-bfe8-c3cff4df6578	9	1	t	2022-06-27 15:36:12.269241+00	2022-06-27 15:36:12.269241+00
0181a5ce-56ad-5701-bfe8-c3cff4df6578	3	1	t	2022-06-27 15:36:12.269963+00	2022-06-27 15:36:12.269963+00
0181a5ce-56ad-5701-bfe8-c3cff4df6578	6	1	t	2022-06-27 15:36:12.270712+00	2022-06-27 15:36:12.270712+00
0181a5ce-56ad-5701-bfe8-c3cff4df6578	11	1	t	2022-06-27 15:36:12.271448+00	2022-06-27 15:36:12.271448+00
0181a5ce-56ad-5701-bfe8-c3cff4df6578	19	1	t	2022-06-27 15:36:12.272178+00	2022-06-27 15:36:12.272178+00
0181a5ce-56ad-5701-bfe8-c3cff4df6578	18	1	t	2022-06-27 15:36:12.27289+00	2022-06-27 15:36:12.27289+00
0181a5ce-56ad-a9a4-a3ce-e25d663397e6	1	1	t	2022-06-27 15:36:12.273679+00	2022-06-27 15:36:12.273679+00
0181a5ce-56ad-a9a4-a3ce-e25d663397e6	16	1	t	2022-06-27 15:36:12.274407+00	2022-06-27 15:36:12.274407+00
0181a5ce-56ad-a9a4-a3ce-e25d663397e6	17	1	t	2022-06-27 15:36:12.275167+00	2022-06-27 15:36:12.275167+00
0181a5ce-56ad-a9a4-a3ce-e25d663397e6	10	1	t	2022-06-27 15:36:12.276014+00	2022-06-27 15:36:12.276014+00
0181a5ce-56ad-a9a4-a3ce-e25d663397e6	4	1	t	2022-06-27 15:36:12.276785+00	2022-06-27 15:36:12.276785+00
0181a5ce-56ad-a9a4-a3ce-e25d663397e6	20	1	t	2022-06-27 15:36:12.277636+00	2022-06-27 15:36:12.277636+00
0181a5ce-56ad-a9a4-a3ce-e25d663397e6	5	1	t	2022-06-27 15:36:12.278456+00	2022-06-27 15:36:12.278456+00
0181a5ce-56ad-a9a4-a3ce-e25d663397e6	9	1	t	2022-06-27 15:36:12.279159+00	2022-06-27 15:36:12.279159+00
0181a5ce-56ad-a9a4-a3ce-e25d663397e6	3	1	t	2022-06-27 15:36:12.279862+00	2022-06-27 15:36:12.279862+00
0181a5ce-56ad-a9a4-a3ce-e25d663397e6	6	1	t	2022-06-27 15:36:12.280541+00	2022-06-27 15:36:12.280541+00
0181a5ce-56ad-a9a4-a3ce-e25d663397e6	11	1	t	2022-06-27 15:36:12.2812+00	2022-06-27 15:36:12.2812+00
0181a5ce-56ad-a9a4-a3ce-e25d663397e6	19	1	t	2022-06-27 15:36:12.281872+00	2022-06-27 15:36:12.281872+00
0181a5ce-56ad-a9a4-a3ce-e25d663397e6	18	1	t	2022-06-27 15:36:12.282602+00	2022-06-27 15:36:12.282602+00
\.


--
-- Data for Name: users_roles; Type: TABLE DATA; Schema: upchieve; Owner: admin
--

COPY upchieve.users_roles (user_id, role_id, created_at, updated_at) FROM stdin;
\.


--
-- Data for Name: users_surveys; Type: TABLE DATA; Schema: upchieve; Owner: admin
--

COPY upchieve.users_surveys (id, survey_id, user_id, created_at, updated_at) FROM stdin;
\.


--
-- Data for Name: users_surveys_submissions; Type: TABLE DATA; Schema: upchieve; Owner: admin
--

COPY upchieve.users_surveys_submissions (user_survey_id, survey_question_id, survey_response_choice_id, open_response, created_at, updated_at) FROM stdin;
\.


--
-- Data for Name: users_training_courses; Type: TABLE DATA; Schema: upchieve; Owner: admin
--

COPY upchieve.users_training_courses (user_id, training_course_id, complete, progress, completed_materials, created_at, updated_at) FROM stdin;
\.


--
-- Data for Name: volunteer_occupations; Type: TABLE DATA; Schema: upchieve; Owner: admin
--

COPY upchieve.volunteer_occupations (user_id, occupation, created_at, updated_at) FROM stdin;
\.


--
-- Data for Name: volunteer_profiles; Type: TABLE DATA; Schema: upchieve; Owner: admin
--

COPY upchieve.volunteer_profiles (user_id, volunteer_partner_org_id, timezone, approved, onboarded, photo_id_s3_key, photo_id_status, linkedin_url, college, company, languages, experience, city, state, country, created_at, updated_at, total_volunteer_hours, elapsed_availability) FROM stdin;
0181a5ce-56ad-c360-0b27-f4542cd00589	0181a5ce-5698-ae46-faac-0f1641a2d53c	America/New_York	t	t	\N	\N	\N	Volunteer College	\N	\N	\N	\N	\N	\N	2022-06-27 15:36:12.212652+00	2022-06-27 15:36:12.212652+00	\N	\N
0181a5ce-56ad-5701-bfe8-c3cff4df6578	0181a5ce-5698-eba9-a474-dfd3b7cf6b4d	America/New_York	t	t	\N	\N	\N	Volunteer College	\N	\N	\N	\N	\N	\N	2022-06-27 15:36:12.213789+00	2022-06-27 15:36:12.213789+00	\N	\N
0181a5ce-56ad-a9a4-a3ce-e25d663397e6	\N	America/Denver	t	t	\N	\N	\N	Volunteer College	\N	\N	\N	\N	\N	\N	2022-06-27 15:36:12.214685+00	2022-06-27 15:36:12.214685+00	\N	\N
0181a5ce-56ad-8f0e-f62c-72d08ab79d5c	\N	America/New_York	t	f	\N	\N	\N	Volunteer College	\N	\N	\N	\N	\N	\N	2022-06-27 15:36:12.215532+00	2022-06-27 15:36:12.215532+00	\N	\N
0181a5ce-56ad-8188-64eb-108006873637	\N	America/New_York	f	f	\N	\N	\N	Volunteer College	\N	\N	\N	\N	\N	\N	2022-06-27 15:36:12.216373+00	2022-06-27 15:36:12.216373+00	\N	\N
0181a5ce-56ad-1e1e-d2e5-21684c956269	\N	America/New_York	t	t	\N	\N	\N		\N	\N	\N	\N	\N	\N	2022-06-27 15:36:12.217279+00	2022-06-27 15:36:12.217279+00	\N	\N
\.


--
-- Data for Name: volunteer_reference_statuses; Type: TABLE DATA; Schema: upchieve; Owner: admin
--

COPY upchieve.volunteer_reference_statuses (id, name, created_at, updated_at) FROM stdin;
1	sent	2022-06-27 15:36:09.824025+00	2022-06-27 15:36:09.824025+00
2	submitted	2022-06-27 15:36:09.824953+00	2022-06-27 15:36:09.824953+00
3	approved	2022-06-27 15:36:09.825728+00	2022-06-27 15:36:09.825728+00
4	rejected	2022-06-27 15:36:09.826463+00	2022-06-27 15:36:09.826463+00
5	removed	2022-06-27 15:36:09.827219+00	2022-06-27 15:36:09.827219+00
6	unsent	2022-06-27 15:36:09.827963+00	2022-06-27 15:36:09.827963+00
\.


--
-- Data for Name: volunteer_references; Type: TABLE DATA; Schema: upchieve; Owner: admin
--

COPY upchieve.volunteer_references (id, user_id, first_name, last_name, email, status_id, sent_at, affiliation, relationship_length, patient, positive_role_model, agreeable_and_approachable, communicates_effectively, rejection_reason, additional_info, created_at, updated_at, trustworthy_with_children) FROM stdin;
\.


--
-- Name: ban_reasons_id_seq; Type: SEQUENCE SET; Schema: upchieve; Owner: admin
--

SELECT pg_catalog.setval('upchieve.ban_reasons_id_seq', 5, true);


--
-- Name: certifications_id_seq; Type: SEQUENCE SET; Schema: upchieve; Owner: admin
--

SELECT pg_catalog.setval('upchieve.certifications_id_seq', 23, true);


--
-- Name: cities_id_seq; Type: SEQUENCE SET; Schema: upchieve; Owner: admin
--

SELECT pg_catalog.setval('upchieve.cities_id_seq', 2, true);


--
-- Name: grade_levels_id_seq; Type: SEQUENCE SET; Schema: upchieve; Owner: admin
--

SELECT pg_catalog.setval('upchieve.grade_levels_id_seq', 6, true);


--
-- Name: ip_addresses_id_seq; Type: SEQUENCE SET; Schema: upchieve; Owner: admin
--

SELECT pg_catalog.setval('upchieve.ip_addresses_id_seq', 1, false);


--
-- Name: notification_methods_id_seq; Type: SEQUENCE SET; Schema: upchieve; Owner: admin
--

SELECT pg_catalog.setval('upchieve.notification_methods_id_seq', 4, true);


--
-- Name: notification_priority_groups_id_seq; Type: SEQUENCE SET; Schema: upchieve; Owner: admin
--

SELECT pg_catalog.setval('upchieve.notification_priority_groups_id_seq', 19, true);


--
-- Name: notification_types_id_seq; Type: SEQUENCE SET; Schema: upchieve; Owner: admin
--

SELECT pg_catalog.setval('upchieve.notification_types_id_seq', 2, true);


--
-- Name: photo_id_statuses_id_seq; Type: SEQUENCE SET; Schema: upchieve; Owner: admin
--

SELECT pg_catalog.setval('upchieve.photo_id_statuses_id_seq', 4, true);


--
-- Name: question_tags_id_seq; Type: SEQUENCE SET; Schema: upchieve; Owner: admin
--

SELECT pg_catalog.setval('upchieve.question_tags_id_seq', 1, false);


--
-- Name: question_types_id_seq; Type: SEQUENCE SET; Schema: upchieve; Owner: admin
--

SELECT pg_catalog.setval('upchieve.question_types_id_seq', 3, true);


--
-- Name: quiz_questions_id_seq; Type: SEQUENCE SET; Schema: upchieve; Owner: admin
--

SELECT pg_catalog.setval('upchieve.quiz_questions_id_seq', 1, false);


--
-- Name: quiz_subcategories_id_seq; Type: SEQUENCE SET; Schema: upchieve; Owner: admin
--

SELECT pg_catalog.setval('upchieve.quiz_subcategories_id_seq', 299, true);


--
-- Name: quizzes_id_seq; Type: SEQUENCE SET; Schema: upchieve; Owner: admin
--

SELECT pg_catalog.setval('upchieve.quizzes_id_seq', 25, true);


--
-- Name: report_reasons_id_seq; Type: SEQUENCE SET; Schema: upchieve; Owner: admin
--

SELECT pg_catalog.setval('upchieve.report_reasons_id_seq', 5, true);


--
-- Name: session_flags_id_seq; Type: SEQUENCE SET; Schema: upchieve; Owner: admin
--

SELECT pg_catalog.setval('upchieve.session_flags_id_seq', 12, true);


--
-- Name: signup_sources_id_seq; Type: SEQUENCE SET; Schema: upchieve; Owner: admin
--

SELECT pg_catalog.setval('upchieve.signup_sources_id_seq', 6, true);


--
-- Name: subjects_id_seq; Type: SEQUENCE SET; Schema: upchieve; Owner: admin
--

SELECT pg_catalog.setval('upchieve.subjects_id_seq', 26, true);


--
-- Name: survey_questions_id_seq; Type: SEQUENCE SET; Schema: upchieve; Owner: admin
--

SELECT pg_catalog.setval('upchieve.survey_questions_id_seq', 5, true);


--
-- Name: survey_questions_question_tags_id_seq; Type: SEQUENCE SET; Schema: upchieve; Owner: admin
--

SELECT pg_catalog.setval('upchieve.survey_questions_question_tags_id_seq', 1, false);


--
-- Name: survey_response_choices_id_seq; Type: SEQUENCE SET; Schema: upchieve; Owner: admin
--

SELECT pg_catalog.setval('upchieve.survey_response_choices_id_seq', 42, true);


--
-- Name: surveys_id_seq; Type: SEQUENCE SET; Schema: upchieve; Owner: admin
--

SELECT pg_catalog.setval('upchieve.surveys_id_seq', 7, true);


--
-- Name: surveys_survey_questions_id_seq; Type: SEQUENCE SET; Schema: upchieve; Owner: admin
--

SELECT pg_catalog.setval('upchieve.surveys_survey_questions_id_seq', 21, true);


--
-- Name: tool_types_id_seq; Type: SEQUENCE SET; Schema: upchieve; Owner: admin
--

SELECT pg_catalog.setval('upchieve.tool_types_id_seq', 2, true);


--
-- Name: topics_id_seq; Type: SEQUENCE SET; Schema: upchieve; Owner: admin
--

SELECT pg_catalog.setval('upchieve.topics_id_seq', 6, true);


--
-- Name: training_courses_id_seq; Type: SEQUENCE SET; Schema: upchieve; Owner: admin
--

SELECT pg_catalog.setval('upchieve.training_courses_id_seq', 1, true);


--
-- Name: user_actions_id_seq; Type: SEQUENCE SET; Schema: upchieve; Owner: admin
--

SELECT pg_catalog.setval('upchieve.user_actions_id_seq', 1, false);


--
-- Name: user_roles_id_seq; Type: SEQUENCE SET; Schema: upchieve; Owner: admin
--

SELECT pg_catalog.setval('upchieve.user_roles_id_seq', 3, true);


--
-- Name: volunteer_reference_statuses_id_seq; Type: SEQUENCE SET; Schema: upchieve; Owner: admin
--

SELECT pg_catalog.setval('upchieve.volunteer_reference_statuses_id_seq', 6, true);


--
-- Name: weekdays_id_seq; Type: SEQUENCE SET; Schema: upchieve; Owner: admin
--

SELECT pg_catalog.setval('upchieve.weekdays_id_seq', 1, false);


--
-- PostgreSQL database dump complete
--

