--
-- PostgreSQL database dump
--

-- Dumped from database version 14.2 (Debian 14.2-1.pgdg110+1)
-- Dumped by pg_dump version 14.2

SET statement_timeout = 0;
SET lock_timeout = 0;
SET idle_in_transaction_session_timeout = 0;
SET client_encoding = 'UTF8';
SET standard_conforming_strings = on;
SELECT pg_catalog.set_config('search_path', '', false);
SET check_function_bodies = false;
SET xmloption = content;
SET client_min_messages = warning;
SET row_security = off;

--
-- Data for Name: ban_reasons; Type: TABLE DATA; Schema: upchieve; Owner: admin
--

COPY upchieve.ban_reasons (id, name, created_at, updated_at) FROM stdin;
1	non us signup	2022-08-19 19:41:30.04005+00	2022-08-19 19:41:30.04005+00
2	session reported	2022-08-19 19:41:30.04148+00	2022-08-19 19:41:30.04148+00
3	used banned ip	2022-08-19 19:41:30.042409+00	2022-08-19 19:41:30.042409+00
4	admin	2022-08-19 19:41:30.043275+00	2022-08-19 19:41:30.043275+00
5	banned service provider	2022-08-19 19:41:30.044125+00	2022-08-19 19:41:30.044125+00
\.


--
-- Data for Name: signup_sources; Type: TABLE DATA; Schema: upchieve; Owner: admin
--

COPY upchieve.signup_sources (id, name, created_at, updated_at) FROM stdin;
1	Web search	2022-08-19 19:41:30.045041+00	2022-08-19 19:41:30.045041+00
2	Social media	2022-08-19 19:41:30.046467+00	2022-08-19 19:41:30.046467+00
3	Friend / Classmate	2022-08-19 19:41:30.047435+00	2022-08-19 19:41:30.047435+00
4	School / Teacher	2022-08-19 19:41:30.048591+00	2022-08-19 19:41:30.048591+00
5	Parent / Relative	2022-08-19 19:41:30.049843+00	2022-08-19 19:41:30.049843+00
6	Other	2022-08-19 19:41:30.051073+00	2022-08-19 19:41:30.051073+00
\.


--
-- Data for Name: users; Type: TABLE DATA; Schema: upchieve; Owner: admin
--

COPY upchieve.users (id, verified, email_verified, phone_verified, email, password, password_reset_token, first_name, last_name, deactivated, last_activity_at, referral_code, referred_by, test_user, banned, ban_reason_id, time_tutored, signup_source_id, created_at, updated_at, phone, mongo_id) FROM stdin;
0182b7a0-030d-119e-0804-22a0b74977eb	t	f	f	volunteer1@upchieve.org	$2a$10$z.JMHnbX9IubnNZtqI.FOecTPVY1VTU1DJ6AJGIOT/x/OyAtdw3.y	\N	Partner	UPchieve	f	\N	B	\N	f	f	\N	25200000	\N	2022-08-19 19:41:33.325923+00	2022-08-19 19:41:33.325923+00	+12125551212	\N
0182b7a0-030d-a509-fdd2-f376483e5809	t	f	f	volunteer2@upchieve.org	$2a$10$z.JMHnbX9IubnNZtqI.FOecTPVY1VTU1DJ6AJGIOT/x/OyAtdw3.y	\N	Special Reporting	UPchieve	f	\N	C	\N	f	f	\N	25200000	\N	2022-08-19 19:41:33.328741+00	2022-08-19 19:41:33.328741+00	+12125551213	\N
0182b7a0-030d-a83b-031b-f187973d1bea	t	f	f	volunteer3@upchieve.org	$2a$10$z.JMHnbX9IubnNZtqI.FOecTPVY1VTU1DJ6AJGIOT/x/OyAtdw3.y	\N	Open Sign Up	UPchieve	f	\N	D	\N	f	f	\N	25200000	\N	2022-08-19 19:41:33.330748+00	2022-08-19 19:41:33.330748+00	+12125551214	\N
0182b7a0-030d-bcf6-b329-fddd4d818109	t	f	f	volunteer4@upchieve.org	$2a$10$z.JMHnbX9IubnNZtqI.FOecTPVY1VTU1DJ6AJGIOT/x/OyAtdw3.y	\N	Needs Onboarding	UPchieve	f	\N	E	\N	f	f	\N	0	\N	2022-08-19 19:41:33.332789+00	2022-08-19 19:41:33.332789+00	+12125551215	\N
0182b7a0-030d-3ef1-7ac0-7aede3b25389	t	f	f	volunteer5@upchieve.org	$2a$10$z.JMHnbX9IubnNZtqI.FOecTPVY1VTU1DJ6AJGIOT/x/OyAtdw3.y	\N	Needs Approval	UPchieve	f	\N	Z	\N	f	f	\N	0	\N	2022-08-19 19:41:33.335224+00	2022-08-19 19:41:33.335224+00	+12125551216	\N
0182b7a0-030d-0fb4-46a6-259c3ad0d828	t	f	f	volunteer6@upchieve.org	$2a$10$z.JMHnbX9IubnNZtqI.FOecTPVY1VTU1DJ6AJGIOT/x/OyAtdw3.y	\N	Admin	UPchieve	f	\N	Y	\N	f	f	\N	0	\N	2022-08-19 19:41:33.33741+00	2022-08-19 19:41:33.33741+00	+12125551217	\N
0182b7a0-03c2-595e-6444-8f69201dd1a9	t	f	f	student1@upchieve.org	$2a$10$z.JMHnbX9IubnNZtqI.FOecTPVY1VTU1DJ6AJGIOT/x/OyAtdw3.y	\N	Student	UPchieve	f	\N	A	\N	f	f	\N	\N	\N	2022-08-19 19:41:33.507436+00	2022-08-19 19:41:33.507436+00	\N	\N
0182b7a0-03c2-3032-7cb5-00c0c6bd60c7	t	f	f	student2@upchieve.org	$2a$10$z.JMHnbX9IubnNZtqI.FOecTPVY1VTU1DJ6AJGIOT/x/OyAtdw3.y	\N	Student	UPchieve	f	\N	F	\N	f	f	\N	\N	\N	2022-08-19 19:41:33.509496+00	2022-08-19 19:41:33.509496+00	\N	\N
0182b7a0-03c2-26dd-c2a2-a46150ad091a	t	f	f	student3@upchieve.org	$2a$10$z.JMHnbX9IubnNZtqI.FOecTPVY1VTU1DJ6AJGIOT/x/OyAtdw3.y	\N	Student	UPchieve	f	\N	G	\N	f	f	\N	\N	\N	2022-08-19 19:41:33.511828+00	2022-08-19 19:41:33.511828+00	\N	\N
\.


--
-- Data for Name: admin_profiles; Type: TABLE DATA; Schema: upchieve; Owner: admin
--

COPY upchieve.admin_profiles (user_id, created_at, updated_at) FROM stdin;
0182b7a0-030d-0fb4-46a6-259c3ad0d828	2022-08-19 19:41:33.505809+00	2022-08-19 19:41:33.505809+00
\.


--
-- Data for Name: tool_types; Type: TABLE DATA; Schema: upchieve; Owner: admin
--

COPY upchieve.tool_types (id, name, created_at, updated_at) FROM stdin;
1	whiteboard	2022-08-19 19:41:30.076355+00	2022-08-19 19:41:30.076355+00
2	documenteditor	2022-08-19 19:41:30.077742+00	2022-08-19 19:41:30.077742+00
\.


--
-- Data for Name: topics; Type: TABLE DATA; Schema: upchieve; Owner: admin
--

COPY upchieve.topics (id, name, icon_link, color, dashboard_order, display_name, created_at, updated_at) FROM stdin;
1	math	\N	\N	1	Math	2022-08-19 19:41:30.071213+00	2022-08-19 19:41:30.071213+00
2	science	\N	\N	4	Science	2022-08-19 19:41:30.072419+00	2022-08-19 19:41:30.072419+00
3	college	\N	\N	3	College Counseling	2022-08-19 19:41:30.073262+00	2022-08-19 19:41:30.073262+00
4	sat	\N	\N	2	Standardized Testing	2022-08-19 19:41:30.074088+00	2022-08-19 19:41:30.074088+00
5	readingWriting	\N	\N	5	Reading and Writing	2022-08-19 19:41:30.074982+00	2022-08-19 19:41:30.074982+00
6	socialStudies	\N	\N	6	Social Studies	2022-08-19 19:41:30.883935+00	2022-08-19 19:41:30.883935+00
\.


--
-- Data for Name: subjects; Type: TABLE DATA; Schema: upchieve; Owner: admin
--

COPY upchieve.subjects (id, name, display_name, display_order, topic_id, tool_type_id, created_at, updated_at) FROM stdin;
1	prealgebra	Prealgebra	1	1	1	2022-08-19 19:41:30.078967+00	2022-08-19 19:41:30.078967+00
2	algebraOne	Algebra 1	2	1	1	2022-08-19 19:41:30.080537+00	2022-08-19 19:41:30.080537+00
3	algebraTwo	Algebra 2	3	1	1	2022-08-19 19:41:30.081496+00	2022-08-19 19:41:30.081496+00
4	geometry	Geometry	4	1	1	2022-08-19 19:41:30.08256+00	2022-08-19 19:41:30.08256+00
5	trigonometry	Trigonometry	5	1	1	2022-08-19 19:41:30.083495+00	2022-08-19 19:41:30.083495+00
6	precalculus	Precalculus	6	1	1	2022-08-19 19:41:30.084416+00	2022-08-19 19:41:30.084416+00
7	calculusAB	Calculus AB	7	1	1	2022-08-19 19:41:30.085396+00	2022-08-19 19:41:30.085396+00
8	calculusBC	Calculus BC	8	1	1	2022-08-19 19:41:30.086356+00	2022-08-19 19:41:30.086356+00
9	statistics	Statistics	9	1	1	2022-08-19 19:41:30.087342+00	2022-08-19 19:41:30.087342+00
10	biology	Biology	1	2	1	2022-08-19 19:41:30.088557+00	2022-08-19 19:41:30.088557+00
11	chemistry	Chemistry	2	2	1	2022-08-19 19:41:30.08958+00	2022-08-19 19:41:30.08958+00
12	physicsOne	Physics 1	3	2	1	2022-08-19 19:41:30.090495+00	2022-08-19 19:41:30.090495+00
13	physicsTwo	Physics 2	4	2	1	2022-08-19 19:41:30.091434+00	2022-08-19 19:41:30.091434+00
14	environmentalScience	Environmental Science	5	2	1	2022-08-19 19:41:30.092496+00	2022-08-19 19:41:30.092496+00
15	satMath	SAT Math	1	4	1	2022-08-19 19:41:30.093473+00	2022-08-19 19:41:30.093473+00
16	satReading	SAT Reading	2	4	2	2022-08-19 19:41:30.094503+00	2022-08-19 19:41:30.094503+00
17	essays	College Essays	2	3	2	2022-08-19 19:41:30.095514+00	2022-08-19 19:41:30.095514+00
18	planning	Planning	1	3	2	2022-08-19 19:41:30.096517+00	2022-08-19 19:41:30.096517+00
19	applications	Applications	3	3	2	2022-08-19 19:41:30.097452+00	2022-08-19 19:41:30.097452+00
20	humanitiesEssays	Humanities Essays	1	5	2	2022-08-19 19:41:30.098435+00	2022-08-19 19:41:30.098435+00
21	integratedMathOne	Integrated Math One	9	1	1	2022-08-19 19:41:30.099391+00	2022-08-19 19:41:30.099391+00
22	integratedMathTwo	Integrated Math Two	9	1	1	2022-08-19 19:41:30.100448+00	2022-08-19 19:41:30.100448+00
23	integratedMathThree	Integrated Math Three	9	1	1	2022-08-19 19:41:30.101328+00	2022-08-19 19:41:30.101328+00
24	integratedMathFour	Integrated Math Four	9	1	1	2022-08-19 19:41:30.102298+00	2022-08-19 19:41:30.102298+00
25	reading	Reading	2	5	2	2022-08-19 19:41:30.820949+00	2022-08-19 19:41:30.820949+00
26	usHistory	U.S. History	1	6	2	2022-08-19 19:41:30.883935+00	2022-08-19 19:41:30.883935+00
\.


--
-- Data for Name: user_roles; Type: TABLE DATA; Schema: upchieve; Owner: admin
--

COPY upchieve.user_roles (id, name, created_at, updated_at) FROM stdin;
1	student	2022-08-19 19:41:30.03674+00	2022-08-19 19:41:30.03674+00
2	volunteer	2022-08-19 19:41:30.038118+00	2022-08-19 19:41:30.038118+00
3	admin	2022-08-19 19:41:30.039083+00	2022-08-19 19:41:30.039083+00
\.


--
-- Data for Name: sessions; Type: TABLE DATA; Schema: upchieve; Owner: admin
--

COPY upchieve.sessions (id, student_id, volunteer_id, subject_id, has_whiteboard_doc, quill_doc, volunteer_joined_at, ended_at, ended_by_role_id, reviewed, to_review, student_banned, time_tutored, created_at, updated_at, mongo_id) FROM stdin;
\.


--
-- Data for Name: assistments_data; Type: TABLE DATA; Schema: upchieve; Owner: admin
--

COPY upchieve.assistments_data (id, problem_id, assignment_id, student_id, session_id, sent, created_at, updated_at, sent_at, mongo_id) FROM stdin;
\.


--
-- Data for Name: sponsor_orgs; Type: TABLE DATA; Schema: upchieve; Owner: admin
--

COPY upchieve.sponsor_orgs (id, name, created_at, updated_at, key) FROM stdin;
0182b7a0-0302-3d43-f409-5fbe0f7a15a8	Only Sponsors Schools	2022-08-19 19:41:33.315271+00	2022-08-19 19:41:33.315271+00	onlySponsorsSchools
0182b7a0-0302-3b86-87cf-d5333f4d1391	Only Sponsors Partner Orgs	2022-08-19 19:41:33.316626+00	2022-08-19 19:41:33.316626+00	onlySponsorsPartnerOrgs
0182b7a0-0302-fa07-263f-9700169c1a32	Sponsors Both	2022-08-19 19:41:33.317698+00	2022-08-19 19:41:33.317698+00	sponsorsBoth
\.


--
-- Data for Name: student_partner_orgs; Type: TABLE DATA; Schema: upchieve; Owner: admin
--

COPY upchieve.student_partner_orgs (id, key, name, signup_code, high_school_signup, college_signup, school_signup_required, created_at, updated_at, school_id) FROM stdin;
0182b7a0-02ac-b739-5814-2d0694b80ffa	college-mentors	College Mentors	MENTORS	t	f	t	2022-08-19 19:41:33.285128+00	2022-08-19 19:41:33.285128+00	\N
0182b7a0-02ad-4bb6-6c21-32fc382b8319	community-org	Community Org	COMMUNITY	t	f	f	2022-08-19 19:41:33.288906+00	2022-08-19 19:41:33.288906+00	\N
0182b7a0-02ad-4c0e-a0c9-afda6910aea9	school-helpers	School Helpers	SCHOOLHELPERS	f	f	f	2022-08-19 19:41:33.290732+00	2022-08-19 19:41:33.290732+00	\N
0182b7a0-02ad-eb6b-4f3d-7b8c5a96338b	college-learners	College Learners	COLLEGELEARNERS	f	t	t	2022-08-19 19:41:33.292464+00	2022-08-19 19:41:33.292464+00	\N
0182b7a0-02ad-b7d6-7e97-70d9ece4a212	all-the-students	All The Students	ALLTHESTUDENTS	t	t	t	2022-08-19 19:41:33.294283+00	2022-08-19 19:41:33.294283+00	\N
\.


--
-- Data for Name: volunteer_partner_orgs; Type: TABLE DATA; Schema: upchieve; Owner: admin
--

COPY upchieve.volunteer_partner_orgs (id, key, name, receive_weekly_hour_summary_email, created_at, updated_at) FROM stdin;
0182b7a0-02f3-c31e-e1e0-20534b73f906	big-telecom	Big Telecom	t	2022-08-19 19:41:33.300351+00	2022-08-19 19:41:33.300351+00
0182b7a0-02f3-3975-5559-889a9bb1bc8b	health-co	Health Co	f	2022-08-19 19:41:33.301853+00	2022-08-19 19:41:33.301853+00
\.


--
-- Data for Name: associated_partners; Type: TABLE DATA; Schema: upchieve; Owner: admin
--

COPY upchieve.associated_partners (id, key, volunteer_partner_org_id, student_partner_org_id, student_sponsor_org_id, created_at, updated_at) FROM stdin;
0182b7a0-030a-db2d-b151-022989e84b34	associatedWithSponsorOrg	0182b7a0-02f3-c31e-e1e0-20534b73f906	\N	0182b7a0-0302-3d43-f409-5fbe0f7a15a8	2022-08-19 19:41:33.323403+00	2022-08-19 19:41:33.323403+00
0182b7a0-030a-679d-195a-5b234e9f89d3	associatedWithPartnerOrg	0182b7a0-02f3-c31e-e1e0-20534b73f906	0182b7a0-02ac-b739-5814-2d0694b80ffa	\N	2022-08-19 19:41:33.32457+00	2022-08-19 19:41:33.32457+00
\.


--
-- Data for Name: weekdays; Type: TABLE DATA; Schema: upchieve; Owner: admin
--

COPY upchieve.weekdays (id, day, created_at, updated_at) FROM stdin;
1	Sunday	2022-08-19 19:41:30.028981+00	2022-08-19 19:41:30.028981+00
2	Monday	2022-08-19 19:41:30.0304+00	2022-08-19 19:41:30.0304+00
3	Tuesday	2022-08-19 19:41:30.03139+00	2022-08-19 19:41:30.03139+00
4	Wednesday	2022-08-19 19:41:30.032287+00	2022-08-19 19:41:30.032287+00
5	Thursday	2022-08-19 19:41:30.033516+00	2022-08-19 19:41:30.033516+00
6	Friday	2022-08-19 19:41:30.034646+00	2022-08-19 19:41:30.034646+00
7	Saturday	2022-08-19 19:41:30.035746+00	2022-08-19 19:41:30.035746+00
\.


--
-- Data for Name: availabilities; Type: TABLE DATA; Schema: upchieve; Owner: admin
--

COPY upchieve.availabilities (id, user_id, weekday_id, available_start, available_end, timezone, created_at, updated_at) FROM stdin;
\.


--
-- Data for Name: availability_histories; Type: TABLE DATA; Schema: upchieve; Owner: admin
--

COPY upchieve.availability_histories (id, user_id, weekday_id, available_start, available_end, timezone, recorded_at, created_at, updated_at) FROM stdin;
\.


--
-- Data for Name: certifications; Type: TABLE DATA; Schema: upchieve; Owner: admin
--

COPY upchieve.certifications (id, name, created_at, updated_at) FROM stdin;
1	prealgebra	2022-08-19 19:41:30.443801+00	2022-08-19 19:41:30.443801+00
2	statistics	2022-08-19 19:41:30.444897+00	2022-08-19 19:41:30.444897+00
3	geometry	2022-08-19 19:41:30.44594+00	2022-08-19 19:41:30.44594+00
4	biology	2022-08-19 19:41:30.447044+00	2022-08-19 19:41:30.447044+00
5	chemistry	2022-08-19 19:41:30.447974+00	2022-08-19 19:41:30.447974+00
6	physicsOne	2022-08-19 19:41:30.448719+00	2022-08-19 19:41:30.448719+00
7	physicsTwo	2022-08-19 19:41:30.45118+00	2022-08-19 19:41:30.45118+00
8	environmentalScience	2022-08-19 19:41:30.452109+00	2022-08-19 19:41:30.452109+00
9	essays	2022-08-19 19:41:30.454509+00	2022-08-19 19:41:30.454509+00
10	applications	2022-08-19 19:41:30.455533+00	2022-08-19 19:41:30.455533+00
11	planning	2022-08-19 19:41:30.456589+00	2022-08-19 19:41:30.456589+00
12	satMath	2022-08-19 19:41:30.457616+00	2022-08-19 19:41:30.457616+00
13	satReading	2022-08-19 19:41:30.458595+00	2022-08-19 19:41:30.458595+00
14	collegeCounseling	2022-08-19 19:41:30.459766+00	2022-08-19 19:41:30.459766+00
15	humanitiesEssays	2022-08-19 19:41:30.461145+00	2022-08-19 19:41:30.461145+00
16	algebraOne	2022-08-19 19:41:30.46266+00	2022-08-19 19:41:30.46266+00
17	algebraTwo	2022-08-19 19:41:30.468922+00	2022-08-19 19:41:30.468922+00
18	trigonometry	2022-08-19 19:41:30.470211+00	2022-08-19 19:41:30.470211+00
19	precalculus	2022-08-19 19:41:30.472879+00	2022-08-19 19:41:30.472879+00
20	calculusAB	2022-08-19 19:41:30.474391+00	2022-08-19 19:41:30.474391+00
21	calculusBC	2022-08-19 19:41:30.475439+00	2022-08-19 19:41:30.475439+00
22	reading	2022-08-19 19:41:30.820949+00	2022-08-19 19:41:30.820949+00
23	usHistory	2022-08-19 19:41:30.883935+00	2022-08-19 19:41:30.883935+00
\.


--
-- Data for Name: certification_subject_unlocks; Type: TABLE DATA; Schema: upchieve; Owner: admin
--

COPY upchieve.certification_subject_unlocks (subject_id, certification_id, created_at, updated_at) FROM stdin;
21	16	2022-08-19 19:41:30.530126+00	2022-08-19 19:41:30.530126+00
21	3	2022-08-19 19:41:30.531383+00	2022-08-19 19:41:30.531383+00
21	2	2022-08-19 19:41:30.532301+00	2022-08-19 19:41:30.532301+00
22	16	2022-08-19 19:41:30.533134+00	2022-08-19 19:41:30.533134+00
22	3	2022-08-19 19:41:30.534047+00	2022-08-19 19:41:30.534047+00
22	2	2022-08-19 19:41:30.535001+00	2022-08-19 19:41:30.535001+00
22	18	2022-08-19 19:41:30.536131+00	2022-08-19 19:41:30.536131+00
23	19	2022-08-19 19:41:30.537243+00	2022-08-19 19:41:30.537243+00
23	2	2022-08-19 19:41:30.538485+00	2022-08-19 19:41:30.538485+00
24	19	2022-08-19 19:41:30.540122+00	2022-08-19 19:41:30.540122+00
1	1	2022-08-19 19:41:30.541368+00	2022-08-19 19:41:30.541368+00
9	2	2022-08-19 19:41:30.54276+00	2022-08-19 19:41:30.54276+00
4	3	2022-08-19 19:41:30.545426+00	2022-08-19 19:41:30.545426+00
10	4	2022-08-19 19:41:30.546814+00	2022-08-19 19:41:30.546814+00
11	5	2022-08-19 19:41:30.548218+00	2022-08-19 19:41:30.548218+00
12	6	2022-08-19 19:41:30.549335+00	2022-08-19 19:41:30.549335+00
13	7	2022-08-19 19:41:30.550514+00	2022-08-19 19:41:30.550514+00
14	8	2022-08-19 19:41:30.551474+00	2022-08-19 19:41:30.551474+00
17	9	2022-08-19 19:41:30.552444+00	2022-08-19 19:41:30.552444+00
19	10	2022-08-19 19:41:30.553323+00	2022-08-19 19:41:30.553323+00
18	11	2022-08-19 19:41:30.554887+00	2022-08-19 19:41:30.554887+00
15	12	2022-08-19 19:41:30.559253+00	2022-08-19 19:41:30.559253+00
16	13	2022-08-19 19:41:30.560143+00	2022-08-19 19:41:30.560143+00
20	15	2022-08-19 19:41:30.566245+00	2022-08-19 19:41:30.566245+00
2	16	2022-08-19 19:41:30.567679+00	2022-08-19 19:41:30.567679+00
3	17	2022-08-19 19:41:30.569091+00	2022-08-19 19:41:30.569091+00
5	18	2022-08-19 19:41:30.570089+00	2022-08-19 19:41:30.570089+00
6	19	2022-08-19 19:41:30.570976+00	2022-08-19 19:41:30.570976+00
7	20	2022-08-19 19:41:30.571713+00	2022-08-19 19:41:30.571713+00
8	21	2022-08-19 19:41:30.572564+00	2022-08-19 19:41:30.572564+00
25	22	2022-08-19 19:41:30.820949+00	2022-08-19 19:41:30.820949+00
26	23	2022-08-19 19:41:30.883935+00	2022-08-19 19:41:30.883935+00
\.


--
-- Data for Name: us_states; Type: TABLE DATA; Schema: upchieve; Owner: admin
--

COPY upchieve.us_states (code, name, created_at, updated_at) FROM stdin;
AL	Alabama	2022-08-19 19:41:29.709375+00	2022-08-19 19:41:29.709375+00
AK	Alaska	2022-08-19 19:41:29.71238+00	2022-08-19 19:41:29.71238+00
AR	Arkansas	2022-08-19 19:41:29.713664+00	2022-08-19 19:41:29.713664+00
AZ	Arizona	2022-08-19 19:41:29.71478+00	2022-08-19 19:41:29.71478+00
CA	California	2022-08-19 19:41:29.715863+00	2022-08-19 19:41:29.715863+00
CO	Colorado	2022-08-19 19:41:29.716947+00	2022-08-19 19:41:29.716947+00
CT	Connecticut	2022-08-19 19:41:29.717905+00	2022-08-19 19:41:29.717905+00
DE	Delaware	2022-08-19 19:41:29.719213+00	2022-08-19 19:41:29.719213+00
DC	District of Columbia	2022-08-19 19:41:29.720218+00	2022-08-19 19:41:29.720218+00
FL	Florida	2022-08-19 19:41:29.721259+00	2022-08-19 19:41:29.721259+00
GA	Georgia	2022-08-19 19:41:29.722241+00	2022-08-19 19:41:29.722241+00
HI	Hawaii	2022-08-19 19:41:29.723138+00	2022-08-19 19:41:29.723138+00
ID	Idaho	2022-08-19 19:41:29.724151+00	2022-08-19 19:41:29.724151+00
IL	Illinois	2022-08-19 19:41:29.725023+00	2022-08-19 19:41:29.725023+00
IN	Indiana	2022-08-19 19:41:29.725887+00	2022-08-19 19:41:29.725887+00
IA	Iowa	2022-08-19 19:41:29.726869+00	2022-08-19 19:41:29.726869+00
KS	Kansas	2022-08-19 19:41:29.72774+00	2022-08-19 19:41:29.72774+00
KY	Kentucky	2022-08-19 19:41:29.728678+00	2022-08-19 19:41:29.728678+00
LA	Louisiana	2022-08-19 19:41:29.729571+00	2022-08-19 19:41:29.729571+00
ME	Maine	2022-08-19 19:41:29.730558+00	2022-08-19 19:41:29.730558+00
MD	Maryland	2022-08-19 19:41:29.731453+00	2022-08-19 19:41:29.731453+00
MA	Massachusetts	2022-08-19 19:41:29.73241+00	2022-08-19 19:41:29.73241+00
MI	Michigan	2022-08-19 19:41:29.733351+00	2022-08-19 19:41:29.733351+00
MN	Minnesota	2022-08-19 19:41:29.734256+00	2022-08-19 19:41:29.734256+00
MS	Mississippi	2022-08-19 19:41:29.735105+00	2022-08-19 19:41:29.735105+00
MO	Missouri	2022-08-19 19:41:29.736019+00	2022-08-19 19:41:29.736019+00
MT	Montana	2022-08-19 19:41:29.737004+00	2022-08-19 19:41:29.737004+00
NE	Nebraska	2022-08-19 19:41:29.737974+00	2022-08-19 19:41:29.737974+00
NV	Nevada	2022-08-19 19:41:29.738972+00	2022-08-19 19:41:29.738972+00
NH	New Hampshire	2022-08-19 19:41:29.739911+00	2022-08-19 19:41:29.739911+00
NJ	New Jersey	2022-08-19 19:41:29.74081+00	2022-08-19 19:41:29.74081+00
NM	New Mexico	2022-08-19 19:41:29.741789+00	2022-08-19 19:41:29.741789+00
NY	New York	2022-08-19 19:41:29.742783+00	2022-08-19 19:41:29.742783+00
NC	North Carolina	2022-08-19 19:41:29.743692+00	2022-08-19 19:41:29.743692+00
ND	North Dakota	2022-08-19 19:41:29.744622+00	2022-08-19 19:41:29.744622+00
OH	Ohio	2022-08-19 19:41:29.745595+00	2022-08-19 19:41:29.745595+00
OK	Oklahoma	2022-08-19 19:41:29.746547+00	2022-08-19 19:41:29.746547+00
OR	Oregon	2022-08-19 19:41:29.747538+00	2022-08-19 19:41:29.747538+00
PA	Pennsylvania	2022-08-19 19:41:29.748484+00	2022-08-19 19:41:29.748484+00
RI	Rhode Island	2022-08-19 19:41:29.749369+00	2022-08-19 19:41:29.749369+00
SC	South Carolina	2022-08-19 19:41:29.750243+00	2022-08-19 19:41:29.750243+00
SD	South Dakota	2022-08-19 19:41:29.75121+00	2022-08-19 19:41:29.75121+00
TN	Tennessee	2022-08-19 19:41:29.752113+00	2022-08-19 19:41:29.752113+00
TX	Texas	2022-08-19 19:41:29.75321+00	2022-08-19 19:41:29.75321+00
UT	Utah	2022-08-19 19:41:29.754169+00	2022-08-19 19:41:29.754169+00
VT	Vermont	2022-08-19 19:41:29.755116+00	2022-08-19 19:41:29.755116+00
VA	Virginia	2022-08-19 19:41:29.756181+00	2022-08-19 19:41:29.756181+00
WA	Washington	2022-08-19 19:41:29.757259+00	2022-08-19 19:41:29.757259+00
WV	West Virginia	2022-08-19 19:41:29.758198+00	2022-08-19 19:41:29.758198+00
WI	Wisconsin	2022-08-19 19:41:29.759093+00	2022-08-19 19:41:29.759093+00
WY	Wyoming	2022-08-19 19:41:29.760196+00	2022-08-19 19:41:29.760196+00
PR	Puerto Rico	2022-08-19 19:41:29.761256+00	2022-08-19 19:41:29.761256+00
GU	Guam	2022-08-19 19:41:29.76237+00	2022-08-19 19:41:29.76237+00
VI	Virgin Islands	2022-08-19 19:41:29.763549+00	2022-08-19 19:41:29.763549+00
AS	American Samoa	2022-08-19 19:41:29.764634+00	2022-08-19 19:41:29.764634+00
BI	Bureau of Indian Education	2022-08-19 19:41:29.765632+00	2022-08-19 19:41:29.765632+00
NA	NA	2022-08-19 19:41:29.766839+00	2022-08-19 19:41:29.766839+00
AE	U.S. Armed Forced - Europe	2022-08-19 19:41:30.829048+00	2022-08-19 19:41:30.829048+00
AA	U.S. Armed Forced - Americas	2022-08-19 19:41:30.829048+00	2022-08-19 19:41:30.829048+00
AP	U.S. Armed Forced - Pacific	2022-08-19 19:41:30.829048+00	2022-08-19 19:41:30.829048+00
PW	Palau	2022-08-19 19:41:30.829048+00	2022-08-19 19:41:30.829048+00
FM	Micronesia	2022-08-19 19:41:30.829048+00	2022-08-19 19:41:30.829048+00
MP	Norther Mariana Islands	2022-08-19 19:41:30.829048+00	2022-08-19 19:41:30.829048+00
MH	Marshall Islands	2022-08-19 19:41:30.829048+00	2022-08-19 19:41:30.829048+00
\.


--
-- Data for Name: cities; Type: TABLE DATA; Schema: upchieve; Owner: admin
--

COPY upchieve.cities (id, name, us_state_code, created_at, updated_at) FROM stdin;
1	Denver	CO	2022-08-19 19:41:33.30622+00	2022-08-19 19:41:33.30622+00
2	Brooklyn	NY	2022-08-19 19:41:33.307836+00	2022-08-19 19:41:33.307836+00
\.


--
-- Data for Name: contact_form_submissions; Type: TABLE DATA; Schema: upchieve; Owner: admin
--

COPY upchieve.contact_form_submissions (id, user_id, user_email, message, topic, created_at, updated_at) FROM stdin;
\.


--
-- Data for Name: feedbacks; Type: TABLE DATA; Schema: upchieve; Owner: admin
--

COPY upchieve.feedbacks (id, topic_id, subject_id, user_role_id, session_id, student_tutoring_feedback, student_counseling_feedback, volunteer_feedback, comment, user_id, legacy_feedbacks, created_at, updated_at, mongo_id) FROM stdin;
\.


--
-- Data for Name: grade_levels; Type: TABLE DATA; Schema: upchieve; Owner: admin
--

COPY upchieve.grade_levels (id, name, created_at, updated_at) FROM stdin;
1	8th	2022-08-19 19:41:30.052864+00	2022-08-19 19:41:30.052864+00
2	9th	2022-08-19 19:41:30.054439+00	2022-08-19 19:41:30.054439+00
3	10th	2022-08-19 19:41:30.0556+00	2022-08-19 19:41:30.0556+00
4	11th	2022-08-19 19:41:30.056596+00	2022-08-19 19:41:30.056596+00
5	12th	2022-08-19 19:41:30.05749+00	2022-08-19 19:41:30.05749+00
6	College	2022-08-19 19:41:30.058428+00	2022-08-19 19:41:30.058428+00
\.


--
-- Data for Name: ip_addresses; Type: TABLE DATA; Schema: upchieve; Owner: admin
--

COPY upchieve.ip_addresses (id, ip, status, created_at, updated_at, mongo_id) FROM stdin;
\.


--
-- Data for Name: postal_codes; Type: TABLE DATA; Schema: upchieve; Owner: admin
--

COPY upchieve.postal_codes (code, us_state_code, income, location, created_at, updated_at) FROM stdin;
00501	NY	1000000	(40.81,-73.04)	2022-08-19 19:41:29.872778+00	2022-08-19 19:41:29.872778+00
01010	MA	100038	(42.11,-72.2)	2022-08-19 19:41:29.913995+00	2022-08-19 19:41:29.913995+00
00544	NY	1000000	(40.81,-73.04)	2022-08-19 19:41:29.914009+00	2022-08-19 19:41:29.914009+00
01011	MA	77656	(42.28,-72.98)	2022-08-19 19:41:29.924939+00	2022-08-19 19:41:29.924939+00
01004	MA	1000000	(42.37,-72.52)	2022-08-19 19:41:29.977112+00	2022-08-19 19:41:29.977112+00
01013	MA	56117	(42.15,-72.6)	2022-08-19 19:41:29.998888+00	2022-08-19 19:41:29.998888+00
01012	MA	76500	(42.4,-72.85)	2022-08-19 19:41:29.998882+00	2022-08-19 19:41:29.998882+00
01014	MA	1000000	(42.17,-72.57)	2022-08-19 19:41:29.999713+00	2022-08-19 19:41:29.999713+00
01020	MA	70955	(42.17,-72.57)	2022-08-19 19:41:30.000345+00	2022-08-19 19:41:30.000345+00
01009	MA	1000000	(42.2,-72.34)	2022-08-19 19:41:29.99956+00	2022-08-19 19:41:29.99956+00
01002	MA	97319	(42.37,-72.52)	2022-08-19 19:41:29.999294+00	2022-08-19 19:41:29.999294+00
01021	MA	1000000	(42.17,-72.57)	2022-08-19 19:41:30.001019+00	2022-08-19 19:41:30.001019+00
01022	MA	54023	(42.2,-72.54)	2022-08-19 19:41:30.00155+00	2022-08-19 19:41:30.00155+00
01026	MA	73333	(42.46,-72.9)	2022-08-19 19:41:30.001788+00	2022-08-19 19:41:30.001788+00
01005	MA	103825	(42.42,-72.1)	2022-08-19 19:41:30.000902+00	2022-08-19 19:41:30.000902+00
01007	MA	105997	(42.27,-72.4)	2022-08-19 19:41:30.001116+00	2022-08-19 19:41:30.001116+00
01008	MA	90417	(42.18,-72.93)	2022-08-19 19:41:30.002197+00	2022-08-19 19:41:30.002197+00
01027	MA	87883	(42.26,-72.68)	2022-08-19 19:41:30.002885+00	2022-08-19 19:41:30.002885+00
01001	MA	88816	(42.06,-72.61)	2022-08-19 19:41:30.002817+00	2022-08-19 19:41:30.002817+00
01003	MA	1000000	(42.39,-72.52)	2022-08-19 19:41:30.004031+00	2022-08-19 19:41:30.004031+00
01030	MA	96719	(42.06,-72.67)	2022-08-19 19:41:30.006811+00	2022-08-19 19:41:30.006811+00
01032	MA	110714	(42.46,-72.81)	2022-08-19 19:41:30.006996+00	2022-08-19 19:41:30.006996+00
01029	MA	1000000	(42.17,-73.03)	2022-08-19 19:41:30.007058+00	2022-08-19 19:41:30.007058+00
01034	MA	100000	(42.06,-72.86)	2022-08-19 19:41:30.007202+00	2022-08-19 19:41:30.007202+00
01031	MA	86000	(42.33,-72.2)	2022-08-19 19:41:30.007403+00	2022-08-19 19:41:30.007403+00
01028	MA	106591	(42.06,-72.51)	2022-08-19 19:41:30.007536+00	2022-08-19 19:41:30.007536+00
01033	MA	114279	(42.26,-72.52)	2022-08-19 19:41:30.00795+00	2022-08-19 19:41:30.00795+00
01035	MA	102083	(42.35,-72.58)	2022-08-19 19:41:30.008978+00	2022-08-19 19:41:30.008978+00
01037	MA	106691	(42.35,-72.2)	2022-08-19 19:41:30.00941+00	2022-08-19 19:41:30.00941+00
01050	MA	84625	(42.23,-72.88)	2022-08-19 19:41:30.009738+00	2022-08-19 19:41:30.009738+00
01040	MA	49481	(42.21,-72.64)	2022-08-19 19:41:30.009505+00	2022-08-19 19:41:30.009505+00
01038	MA	94408	(42.37,-72.6)	2022-08-19 19:41:30.009392+00	2022-08-19 19:41:30.009392+00
01036	MA	109886	(42.06,-72.41)	2022-08-19 19:41:30.009302+00	2022-08-19 19:41:30.009302+00
01054	MA	98942	(42.45,-72.5)	2022-08-19 19:41:30.010137+00	2022-08-19 19:41:30.010137+00
01041	MA	1000000	(42.21,-72.64)	2022-08-19 19:41:30.010199+00	2022-08-19 19:41:30.010199+00
01039	MA	117143	(42.39,-72.7)	2022-08-19 19:41:30.010041+00	2022-08-19 19:41:30.010041+00
01053	MA	89286	(42.35,-72.71)	2022-08-19 19:41:30.010638+00	2022-08-19 19:41:30.010638+00
01056	MA	86864	(42.16,-72.48)	2022-08-19 19:41:30.011227+00	2022-08-19 19:41:30.011227+00
01057	MA	104514	(42.09,-72.31)	2022-08-19 19:41:30.011977+00	2022-08-19 19:41:30.011977+00
01062	MA	96455	(42.32,-72.67)	2022-08-19 19:41:30.012185+00	2022-08-19 19:41:30.012185+00
01061	MA	1000000	(42.32,-72.67)	2022-08-19 19:41:30.012512+00	2022-08-19 19:41:30.012512+00
01059	MA	1000000	(42.4,-72.52)	2022-08-19 19:41:30.011987+00	2022-08-19 19:41:30.011987+00
01068	MA	95104	(42.35,-72.05)	2022-08-19 19:41:30.012582+00	2022-08-19 19:41:30.012582+00
01066	MA	1000000	(42.41,-72.66)	2022-08-19 19:41:30.012725+00	2022-08-19 19:41:30.012725+00
01069	MA	91395	(42.16,-72.32)	2022-08-19 19:41:30.012948+00	2022-08-19 19:41:30.012948+00
01060	MA	99420	(42.32,-72.63)	2022-08-19 19:41:30.012779+00	2022-08-19 19:41:30.012779+00
01063	MA	1000000	(42.32,-72.64)	2022-08-19 19:41:30.013123+00	2022-08-19 19:41:30.013123+00
01070	MA	73333	(42.51,-72.91)	2022-08-19 19:41:30.013268+00	2022-08-19 19:41:30.013268+00
01071	MA	80208	(42.18,-72.85)	2022-08-19 19:41:30.01418+00	2022-08-19 19:41:30.01418+00
01073	MA	132333	(42.23,-72.73)	2022-08-19 19:41:30.014609+00	2022-08-19 19:41:30.014609+00
01074	MA	56414	(42.39,-72.09)	2022-08-19 19:41:30.014608+00	2022-08-19 19:41:30.014608+00
01072	MA	95000	(42.45,-72.4)	2022-08-19 19:41:30.014818+00	2022-08-19 19:41:30.014818+00
01080	MA	68375	(42.18,-72.37)	2022-08-19 19:41:30.015321+00	2022-08-19 19:41:30.015321+00
01077	MA	95882	(42.05,-72.76)	2022-08-19 19:41:30.014851+00	2022-08-19 19:41:30.014851+00
01081	MA	75078	(42.06,-72.21)	2022-08-19 19:41:30.015378+00	2022-08-19 19:41:30.015378+00
01083	MA	91271	(42.21,-72.19)	2022-08-19 19:41:30.015764+00	2022-08-19 19:41:30.015764+00
01082	MA	78563	(42.25,-72.24)	2022-08-19 19:41:30.015774+00	2022-08-19 19:41:30.015774+00
01075	MA	92183	(42.26,-72.56)	2022-08-19 19:41:30.015147+00	2022-08-19 19:41:30.015147+00
01079	MA	1000000	(42.2,-72.33)	2022-08-19 19:41:30.016129+00	2022-08-19 19:41:30.016129+00
01084	MA	76250	(42.39,-72.88)	2022-08-19 19:41:30.01648+00	2022-08-19 19:41:30.01648+00
01085	MA	87144	(42.13,-72.75)	2022-08-19 19:41:30.016805+00	2022-08-19 19:41:30.016805+00
01086	MA	1000000	(42.13,-72.79)	2022-08-19 19:41:30.017087+00	2022-08-19 19:41:30.017087+00
01089	MA	73658	(42.12,-72.65)	2022-08-19 19:41:30.017696+00	2022-08-19 19:41:30.017696+00
01088	MA	59922	(42.39,-72.64)	2022-08-19 19:41:30.017752+00	2022-08-19 19:41:30.017752+00
01090	MA	1000000	(42.12,-72.65)	2022-08-19 19:41:30.017956+00	2022-08-19 19:41:30.017956+00
01092	MA	90509	(42.19,-72.24)	2022-08-19 19:41:30.01841+00	2022-08-19 19:41:30.01841+00
01094	MA	1000000	(42.35,-72.14)	2022-08-19 19:41:30.018781+00	2022-08-19 19:41:30.018781+00
01093	MA	107813	(42.44,-72.65)	2022-08-19 19:41:30.018775+00	2022-08-19 19:41:30.018775+00
01095	MA	121547	(42.13,-72.43)	2022-08-19 19:41:30.018893+00	2022-08-19 19:41:30.018893+00
01096	MA	100556	(42.4,-72.76)	2022-08-19 19:41:30.019034+00	2022-08-19 19:41:30.019034+00
01097	MA	1000000	(42.18,-72.83)	2022-08-19 19:41:30.019111+00	2022-08-19 19:41:30.019111+00
01101	MA	1000000	(42.11,-72.53)	2022-08-19 19:41:30.019602+00	2022-08-19 19:41:30.019602+00
01098	MA	96607	(42.41,-72.93)	2022-08-19 19:41:30.019724+00	2022-08-19 19:41:30.019724+00
01103	MA	31071	(42.1,-72.59)	2022-08-19 19:41:30.019878+00	2022-08-19 19:41:30.019878+00
01102	MA	1000000	(42.11,-72.53)	2022-08-19 19:41:30.019884+00	2022-08-19 19:41:30.019884+00
01104	MA	43384	(42.13,-72.57)	2022-08-19 19:41:30.020266+00	2022-08-19 19:41:30.020266+00
01105	MA	25322	(42.1,-72.58)	2022-08-19 19:41:30.021456+00	2022-08-19 19:41:30.021456+00
01106	MA	141886	(42.04,-72.57)	2022-08-19 19:41:30.021637+00	2022-08-19 19:41:30.021637+00
01108	MA	48065	(42.08,-72.56)	2022-08-19 19:41:30.021904+00	2022-08-19 19:41:30.021904+00
01109	MA	39954	(42.11,-72.53)	2022-08-19 19:41:30.022058+00	2022-08-19 19:41:30.022058+00
01116	MA	1000000	(42.04,-72.57)	2022-08-19 19:41:30.02211+00	2022-08-19 19:41:30.02211+00
01115	MA	1000000	(42.11,-72.53)	2022-08-19 19:41:30.022293+00	2022-08-19 19:41:30.022293+00
01111	MA	1000000	(42.11,-72.53)	2022-08-19 19:41:30.022407+00	2022-08-19 19:41:30.022407+00
01118	MA	74258	(42.09,-72.53)	2022-08-19 19:41:30.022076+00	2022-08-19 19:41:30.022076+00
01107	MA	34904	(42.12,-72.61)	2022-08-19 19:41:30.022578+00	2022-08-19 19:41:30.022578+00
01119	MA	55224	(42.12,-72.51)	2022-08-19 19:41:30.023177+00	2022-08-19 19:41:30.023177+00
01128	MA	93194	(42.09,-72.49)	2022-08-19 19:41:30.023548+00	2022-08-19 19:41:30.023548+00
01138	MA	1000000	(42.11,-72.53)	2022-08-19 19:41:30.024024+00	2022-08-19 19:41:30.024024+00
01129	MA	75574	(42.12,-72.49)	2022-08-19 19:41:30.024206+00	2022-08-19 19:41:30.024206+00
01151	MA	43988	(42.15,-72.51)	2022-08-19 19:41:30.024451+00	2022-08-19 19:41:30.024451+00
01201	MA	71969	(42.45,-73.26)	2022-08-19 19:41:30.024734+00	2022-08-19 19:41:30.024734+00
01152	MA	1000000	(42.11,-72.53)	2022-08-19 19:41:30.024471+00	2022-08-19 19:41:30.024471+00
01139	MA	1000000	(42.11,-72.53)	2022-08-19 19:41:30.024539+00	2022-08-19 19:41:30.024539+00
01199	MA	1000000	(42.12,-72.6)	2022-08-19 19:41:30.024942+00	2022-08-19 19:41:30.024942+00
01144	MA	1000000	(42.11,-72.53)	2022-08-19 19:41:30.02505+00	2022-08-19 19:41:30.02505+00
01202	MA	1000000	(42.45,-73.26)	2022-08-19 19:41:30.025192+00	2022-08-19 19:41:30.025192+00
01203	MA	1000000	(42.45,-73.26)	2022-08-19 19:41:30.025242+00	2022-08-19 19:41:30.025242+00
01220	MA	71845	(42.62,-73.11)	2022-08-19 19:41:30.025725+00	2022-08-19 19:41:30.025725+00
01223	MA	86122	(42.33,-73.07)	2022-08-19 19:41:30.026405+00	2022-08-19 19:41:30.026405+00
01222	MA	81944	(42.05,-73.33)	2022-08-19 19:41:30.026391+00	2022-08-19 19:41:30.026391+00
00000	NA	0	(0,0)	2022-08-19 19:41:30.027828+00	2022-08-19 19:41:30.027828+00
9001	AE	1000000	(0,0)	2022-08-19 19:41:30.829048+00	2022-08-19 19:41:30.829048+00
9002	AE	1000000	(0,0)	2022-08-19 19:41:30.829048+00	2022-08-19 19:41:30.829048+00
9003	AE	1000000	(0,0)	2022-08-19 19:41:30.829048+00	2022-08-19 19:41:30.829048+00
9004	AE	1000000	(0,0)	2022-08-19 19:41:30.829048+00	2022-08-19 19:41:30.829048+00
9005	AE	1000000	(0,0)	2022-08-19 19:41:30.829048+00	2022-08-19 19:41:30.829048+00
9006	AE	1000000	(0,0)	2022-08-19 19:41:30.829048+00	2022-08-19 19:41:30.829048+00
9008	AE	1000000	(0,0)	2022-08-19 19:41:30.829048+00	2022-08-19 19:41:30.829048+00
9009	AE	1000000	(0,0)	2022-08-19 19:41:30.829048+00	2022-08-19 19:41:30.829048+00
9010	AE	1000000	(0,0)	2022-08-19 19:41:30.829048+00	2022-08-19 19:41:30.829048+00
9011	AE	1000000	(0,0)	2022-08-19 19:41:30.829048+00	2022-08-19 19:41:30.829048+00
9012	AE	1000000	(0,0)	2022-08-19 19:41:30.829048+00	2022-08-19 19:41:30.829048+00
9013	AE	1000000	(0,0)	2022-08-19 19:41:30.829048+00	2022-08-19 19:41:30.829048+00
9014	AE	1000000	(0,0)	2022-08-19 19:41:30.829048+00	2022-08-19 19:41:30.829048+00
9015	AE	1000000	(0,0)	2022-08-19 19:41:30.829048+00	2022-08-19 19:41:30.829048+00
9016	AE	1000000	(0,0)	2022-08-19 19:41:30.829048+00	2022-08-19 19:41:30.829048+00
9017	AE	1000000	(0,0)	2022-08-19 19:41:30.829048+00	2022-08-19 19:41:30.829048+00
9018	AE	1000000	(0,0)	2022-08-19 19:41:30.829048+00	2022-08-19 19:41:30.829048+00
9020	AE	1000000	(0,0)	2022-08-19 19:41:30.829048+00	2022-08-19 19:41:30.829048+00
9021	AE	1000000	(0,0)	2022-08-19 19:41:30.829048+00	2022-08-19 19:41:30.829048+00
9034	AE	1000000	(0,0)	2022-08-19 19:41:30.829048+00	2022-08-19 19:41:30.829048+00
9044	AE	1000000	(0,0)	2022-08-19 19:41:30.829048+00	2022-08-19 19:41:30.829048+00
9046	AE	1000000	(0,0)	2022-08-19 19:41:30.829048+00	2022-08-19 19:41:30.829048+00
9049	AE	1000000	(0,0)	2022-08-19 19:41:30.829048+00	2022-08-19 19:41:30.829048+00
9053	AE	1000000	(0,0)	2022-08-19 19:41:30.829048+00	2022-08-19 19:41:30.829048+00
9055	AE	1000000	(0,0)	2022-08-19 19:41:30.829048+00	2022-08-19 19:41:30.829048+00
9060	AE	1000000	(0,0)	2022-08-19 19:41:30.829048+00	2022-08-19 19:41:30.829048+00
9067	AE	1000000	(0,0)	2022-08-19 19:41:30.829048+00	2022-08-19 19:41:30.829048+00
9068	AE	1000000	(0,0)	2022-08-19 19:41:30.829048+00	2022-08-19 19:41:30.829048+00
9069	AE	1000000	(0,0)	2022-08-19 19:41:30.829048+00	2022-08-19 19:41:30.829048+00
9079	AE	1000000	(0,0)	2022-08-19 19:41:30.829048+00	2022-08-19 19:41:30.829048+00
9094	AE	1000000	(0,0)	2022-08-19 19:41:30.829048+00	2022-08-19 19:41:30.829048+00
9095	AE	1000000	(0,0)	2022-08-19 19:41:30.829048+00	2022-08-19 19:41:30.829048+00
9096	AE	1000000	(0,0)	2022-08-19 19:41:30.829048+00	2022-08-19 19:41:30.829048+00
9103	AE	1000000	(0,0)	2022-08-19 19:41:30.829048+00	2022-08-19 19:41:30.829048+00
9104	AE	1000000	(0,0)	2022-08-19 19:41:30.829048+00	2022-08-19 19:41:30.829048+00
9107	AE	1000000	(0,0)	2022-08-19 19:41:30.829048+00	2022-08-19 19:41:30.829048+00
9112	AE	1000000	(0,0)	2022-08-19 19:41:30.829048+00	2022-08-19 19:41:30.829048+00
9113	AE	1000000	(0,0)	2022-08-19 19:41:30.829048+00	2022-08-19 19:41:30.829048+00
9114	AE	1000000	(0,0)	2022-08-19 19:41:30.829048+00	2022-08-19 19:41:30.829048+00
9115	AE	1000000	(0,0)	2022-08-19 19:41:30.829048+00	2022-08-19 19:41:30.829048+00
9116	AE	1000000	(0,0)	2022-08-19 19:41:30.829048+00	2022-08-19 19:41:30.829048+00
9123	AE	1000000	(0,0)	2022-08-19 19:41:30.829048+00	2022-08-19 19:41:30.829048+00
9125	AE	1000000	(0,0)	2022-08-19 19:41:30.829048+00	2022-08-19 19:41:30.829048+00
9126	AE	1000000	(0,0)	2022-08-19 19:41:30.829048+00	2022-08-19 19:41:30.829048+00
9128	AE	1000000	(0,0)	2022-08-19 19:41:30.829048+00	2022-08-19 19:41:30.829048+00
9131	AE	1000000	(0,0)	2022-08-19 19:41:30.829048+00	2022-08-19 19:41:30.829048+00
9135	AE	1000000	(0,0)	2022-08-19 19:41:30.829048+00	2022-08-19 19:41:30.829048+00
9136	AE	1000000	(0,0)	2022-08-19 19:41:30.829048+00	2022-08-19 19:41:30.829048+00
9138	AE	1000000	(0,0)	2022-08-19 19:41:30.829048+00	2022-08-19 19:41:30.829048+00
9139	AE	1000000	(0,0)	2022-08-19 19:41:30.829048+00	2022-08-19 19:41:30.829048+00
9140	AE	1000000	(0,0)	2022-08-19 19:41:30.829048+00	2022-08-19 19:41:30.829048+00
9142	AE	1000000	(0,0)	2022-08-19 19:41:30.829048+00	2022-08-19 19:41:30.829048+00
9154	AE	1000000	(0,0)	2022-08-19 19:41:30.829048+00	2022-08-19 19:41:30.829048+00
9160	AE	1000000	(0,0)	2022-08-19 19:41:30.829048+00	2022-08-19 19:41:30.829048+00
9170	AE	1000000	(0,0)	2022-08-19 19:41:30.829048+00	2022-08-19 19:41:30.829048+00
9171	AE	1000000	(0,0)	2022-08-19 19:41:30.829048+00	2022-08-19 19:41:30.829048+00
9172	AE	1000000	(0,0)	2022-08-19 19:41:30.829048+00	2022-08-19 19:41:30.829048+00
9173	AE	1000000	(0,0)	2022-08-19 19:41:30.829048+00	2022-08-19 19:41:30.829048+00
9174	AE	1000000	(0,0)	2022-08-19 19:41:30.829048+00	2022-08-19 19:41:30.829048+00
9175	AE	1000000	(0,0)	2022-08-19 19:41:30.829048+00	2022-08-19 19:41:30.829048+00
9176	AE	1000000	(0,0)	2022-08-19 19:41:30.829048+00	2022-08-19 19:41:30.829048+00
9177	AE	1000000	(0,0)	2022-08-19 19:41:30.829048+00	2022-08-19 19:41:30.829048+00
9178	AE	1000000	(0,0)	2022-08-19 19:41:30.829048+00	2022-08-19 19:41:30.829048+00
9180	AE	1000000	(0,0)	2022-08-19 19:41:30.829048+00	2022-08-19 19:41:30.829048+00
9186	AE	1000000	(0,0)	2022-08-19 19:41:30.829048+00	2022-08-19 19:41:30.829048+00
9203	AE	1000000	(0,0)	2022-08-19 19:41:30.829048+00	2022-08-19 19:41:30.829048+00
9204	AE	1000000	(0,0)	2022-08-19 19:41:30.829048+00	2022-08-19 19:41:30.829048+00
9211	AE	1000000	(0,0)	2022-08-19 19:41:30.829048+00	2022-08-19 19:41:30.829048+00
9213	AE	1000000	(0,0)	2022-08-19 19:41:30.829048+00	2022-08-19 19:41:30.829048+00
9214	AE	1000000	(0,0)	2022-08-19 19:41:30.829048+00	2022-08-19 19:41:30.829048+00
9216	AE	1000000	(0,0)	2022-08-19 19:41:30.829048+00	2022-08-19 19:41:30.829048+00
9226	AE	1000000	(0,0)	2022-08-19 19:41:30.829048+00	2022-08-19 19:41:30.829048+00
9227	AE	1000000	(0,0)	2022-08-19 19:41:30.829048+00	2022-08-19 19:41:30.829048+00
9240	AE	1000000	(0,0)	2022-08-19 19:41:30.829048+00	2022-08-19 19:41:30.829048+00
9241	AE	1000000	(0,0)	2022-08-19 19:41:30.829048+00	2022-08-19 19:41:30.829048+00
9242	AE	1000000	(0,0)	2022-08-19 19:41:30.829048+00	2022-08-19 19:41:30.829048+00
9250	AE	1000000	(0,0)	2022-08-19 19:41:30.829048+00	2022-08-19 19:41:30.829048+00
9261	AE	1000000	(0,0)	2022-08-19 19:41:30.829048+00	2022-08-19 19:41:30.829048+00
9263	AE	1000000	(0,0)	2022-08-19 19:41:30.829048+00	2022-08-19 19:41:30.829048+00
9264	AE	1000000	(0,0)	2022-08-19 19:41:30.829048+00	2022-08-19 19:41:30.829048+00
9265	AE	1000000	(0,0)	2022-08-19 19:41:30.829048+00	2022-08-19 19:41:30.829048+00
9266	AE	1000000	(0,0)	2022-08-19 19:41:30.829048+00	2022-08-19 19:41:30.829048+00
9276	AE	1000000	(0,0)	2022-08-19 19:41:30.829048+00	2022-08-19 19:41:30.829048+00
9277	AE	1000000	(0,0)	2022-08-19 19:41:30.829048+00	2022-08-19 19:41:30.829048+00
9278	AE	1000000	(0,0)	2022-08-19 19:41:30.829048+00	2022-08-19 19:41:30.829048+00
9279	AE	1000000	(0,0)	2022-08-19 19:41:30.829048+00	2022-08-19 19:41:30.829048+00
9283	AE	1000000	(0,0)	2022-08-19 19:41:30.829048+00	2022-08-19 19:41:30.829048+00
9285	AE	1000000	(0,0)	2022-08-19 19:41:30.829048+00	2022-08-19 19:41:30.829048+00
9287	AE	1000000	(0,0)	2022-08-19 19:41:30.829048+00	2022-08-19 19:41:30.829048+00
9289	AE	1000000	(0,0)	2022-08-19 19:41:30.829048+00	2022-08-19 19:41:30.829048+00
9290	AE	1000000	(0,0)	2022-08-19 19:41:30.829048+00	2022-08-19 19:41:30.829048+00
9291	AE	1000000	(0,0)	2022-08-19 19:41:30.829048+00	2022-08-19 19:41:30.829048+00
9292	AE	1000000	(0,0)	2022-08-19 19:41:30.829048+00	2022-08-19 19:41:30.829048+00
9301	AE	1000000	(0,0)	2022-08-19 19:41:30.829048+00	2022-08-19 19:41:30.829048+00
9302	AE	1000000	(0,0)	2022-08-19 19:41:30.829048+00	2022-08-19 19:41:30.829048+00
9304	AE	1000000	(0,0)	2022-08-19 19:41:30.829048+00	2022-08-19 19:41:30.829048+00
9305	AE	1000000	(0,0)	2022-08-19 19:41:30.829048+00	2022-08-19 19:41:30.829048+00
9306	AE	1000000	(0,0)	2022-08-19 19:41:30.829048+00	2022-08-19 19:41:30.829048+00
9307	AE	1000000	(0,0)	2022-08-19 19:41:30.829048+00	2022-08-19 19:41:30.829048+00
9309	AE	1000000	(0,0)	2022-08-19 19:41:30.829048+00	2022-08-19 19:41:30.829048+00
9310	AE	1000000	(0,0)	2022-08-19 19:41:30.829048+00	2022-08-19 19:41:30.829048+00
9311	AE	1000000	(0,0)	2022-08-19 19:41:30.829048+00	2022-08-19 19:41:30.829048+00
9312	AE	1000000	(0,0)	2022-08-19 19:41:30.829048+00	2022-08-19 19:41:30.829048+00
9313	AE	1000000	(0,0)	2022-08-19 19:41:30.829048+00	2022-08-19 19:41:30.829048+00
9315	AE	1000000	(0,0)	2022-08-19 19:41:30.829048+00	2022-08-19 19:41:30.829048+00
9316	AE	1000000	(0,0)	2022-08-19 19:41:30.829048+00	2022-08-19 19:41:30.829048+00
9317	AE	1000000	(0,0)	2022-08-19 19:41:30.829048+00	2022-08-19 19:41:30.829048+00
9318	AE	1000000	(0,0)	2022-08-19 19:41:30.829048+00	2022-08-19 19:41:30.829048+00
9319	AE	1000000	(0,0)	2022-08-19 19:41:30.829048+00	2022-08-19 19:41:30.829048+00
9320	AE	1000000	(0,0)	2022-08-19 19:41:30.829048+00	2022-08-19 19:41:30.829048+00
9321	AE	1000000	(0,0)	2022-08-19 19:41:30.829048+00	2022-08-19 19:41:30.829048+00
9322	AE	1000000	(0,0)	2022-08-19 19:41:30.829048+00	2022-08-19 19:41:30.829048+00
9323	AE	1000000	(-44.25,33.53)	2022-08-19 19:41:30.829048+00	2022-08-19 19:41:30.829048+00
9330	AE	1000000	(0,0)	2022-08-19 19:41:30.829048+00	2022-08-19 19:41:30.829048+00
9333	AE	1000000	(0,0)	2022-08-19 19:41:30.829048+00	2022-08-19 19:41:30.829048+00
9337	AE	1000000	(0,0)	2022-08-19 19:41:30.829048+00	2022-08-19 19:41:30.829048+00
9340	AE	1000000	(0,0)	2022-08-19 19:41:30.829048+00	2022-08-19 19:41:30.829048+00
9343	AE	1000000	(0,0)	2022-08-19 19:41:30.829048+00	2022-08-19 19:41:30.829048+00
9347	AE	1000000	(0,0)	2022-08-19 19:41:30.829048+00	2022-08-19 19:41:30.829048+00
9348	AE	1000000	(0,0)	2022-08-19 19:41:30.829048+00	2022-08-19 19:41:30.829048+00
9351	AE	1000000	(0,0)	2022-08-19 19:41:30.829048+00	2022-08-19 19:41:30.829048+00
9352	AE	1000000	(0,0)	2022-08-19 19:41:30.829048+00	2022-08-19 19:41:30.829048+00
9354	AE	1000000	(0,0)	2022-08-19 19:41:30.829048+00	2022-08-19 19:41:30.829048+00
9355	AE	1000000	(0,0)	2022-08-19 19:41:30.829048+00	2022-08-19 19:41:30.829048+00
9356	AE	1000000	(0,0)	2022-08-19 19:41:30.829048+00	2022-08-19 19:41:30.829048+00
9357	AE	1000000	(0,0)	2022-08-19 19:41:30.829048+00	2022-08-19 19:41:30.829048+00
9363	AE	1000000	(0,0)	2022-08-19 19:41:30.829048+00	2022-08-19 19:41:30.829048+00
9365	AE	1000000	(0,0)	2022-08-19 19:41:30.829048+00	2022-08-19 19:41:30.829048+00
9366	AE	1000000	(0,0)	2022-08-19 19:41:30.829048+00	2022-08-19 19:41:30.829048+00
9378	AE	1000000	(0,0)	2022-08-19 19:41:30.829048+00	2022-08-19 19:41:30.829048+00
9381	AE	1000000	(0,0)	2022-08-19 19:41:30.829048+00	2022-08-19 19:41:30.829048+00
9401	AE	1000000	(0,0)	2022-08-19 19:41:30.829048+00	2022-08-19 19:41:30.829048+00
9403	AE	1000000	(0,0)	2022-08-19 19:41:30.829048+00	2022-08-19 19:41:30.829048+00
9410	AE	1000000	(0,0)	2022-08-19 19:41:30.829048+00	2022-08-19 19:41:30.829048+00
9421	AE	1000000	(0,0)	2022-08-19 19:41:30.829048+00	2022-08-19 19:41:30.829048+00
9447	AE	1000000	(0,0)	2022-08-19 19:41:30.829048+00	2022-08-19 19:41:30.829048+00
9454	AE	1000000	(0,0)	2022-08-19 19:41:30.829048+00	2022-08-19 19:41:30.829048+00
9456	AE	1000000	(0,0)	2022-08-19 19:41:30.829048+00	2022-08-19 19:41:30.829048+00
9459	AE	1000000	(0,0)	2022-08-19 19:41:30.829048+00	2022-08-19 19:41:30.829048+00
9461	AE	1000000	(0,0)	2022-08-19 19:41:30.829048+00	2022-08-19 19:41:30.829048+00
9463	AE	1000000	(0,0)	2022-08-19 19:41:30.829048+00	2022-08-19 19:41:30.829048+00
9464	AE	1000000	(0,0)	2022-08-19 19:41:30.829048+00	2022-08-19 19:41:30.829048+00
9467	AE	1000000	(0,0)	2022-08-19 19:41:30.829048+00	2022-08-19 19:41:30.829048+00
9468	AE	1000000	(0,0)	2022-08-19 19:41:30.829048+00	2022-08-19 19:41:30.829048+00
9469	AE	1000000	(0,0)	2022-08-19 19:41:30.829048+00	2022-08-19 19:41:30.829048+00
9470	AE	1000000	(0,0)	2022-08-19 19:41:30.829048+00	2022-08-19 19:41:30.829048+00
9487	AE	1000000	(0,0)	2022-08-19 19:41:30.829048+00	2022-08-19 19:41:30.829048+00
9488	AE	1000000	(0,0)	2022-08-19 19:41:30.829048+00	2022-08-19 19:41:30.829048+00
9489	AE	1000000	(0,0)	2022-08-19 19:41:30.829048+00	2022-08-19 19:41:30.829048+00
9490	AE	1000000	(0,0)	2022-08-19 19:41:30.829048+00	2022-08-19 19:41:30.829048+00
9491	AE	1000000	(0,0)	2022-08-19 19:41:30.829048+00	2022-08-19 19:41:30.829048+00
9494	AE	1000000	(0,0)	2022-08-19 19:41:30.829048+00	2022-08-19 19:41:30.829048+00
9496	AE	1000000	(0,0)	2022-08-19 19:41:30.829048+00	2022-08-19 19:41:30.829048+00
9497	AE	1000000	(0,0)	2022-08-19 19:41:30.829048+00	2022-08-19 19:41:30.829048+00
9498	AE	1000000	(0,0)	2022-08-19 19:41:30.829048+00	2022-08-19 19:41:30.829048+00
9501	AE	1000000	(0,0)	2022-08-19 19:41:30.829048+00	2022-08-19 19:41:30.829048+00
9502	AE	1000000	(0,0)	2022-08-19 19:41:30.829048+00	2022-08-19 19:41:30.829048+00
9503	AE	1000000	(0,0)	2022-08-19 19:41:30.829048+00	2022-08-19 19:41:30.829048+00
9504	AE	1000000	(0,0)	2022-08-19 19:41:30.829048+00	2022-08-19 19:41:30.829048+00
9505	AE	1000000	(0,0)	2022-08-19 19:41:30.829048+00	2022-08-19 19:41:30.829048+00
9506	AE	1000000	(0,0)	2022-08-19 19:41:30.829048+00	2022-08-19 19:41:30.829048+00
9507	AE	1000000	(0,0)	2022-08-19 19:41:30.829048+00	2022-08-19 19:41:30.829048+00
9508	AE	1000000	(0,0)	2022-08-19 19:41:30.829048+00	2022-08-19 19:41:30.829048+00
9509	AE	1000000	(0,0)	2022-08-19 19:41:30.829048+00	2022-08-19 19:41:30.829048+00
9510	AE	1000000	(0,0)	2022-08-19 19:41:30.829048+00	2022-08-19 19:41:30.829048+00
9511	AE	1000000	(0,0)	2022-08-19 19:41:30.829048+00	2022-08-19 19:41:30.829048+00
9512	AE	1000000	(0,0)	2022-08-19 19:41:30.829048+00	2022-08-19 19:41:30.829048+00
9513	AE	1000000	(0,0)	2022-08-19 19:41:30.829048+00	2022-08-19 19:41:30.829048+00
9514	AE	1000000	(0,0)	2022-08-19 19:41:30.829048+00	2022-08-19 19:41:30.829048+00
9517	AE	1000000	(0,0)	2022-08-19 19:41:30.829048+00	2022-08-19 19:41:30.829048+00
9520	AE	1000000	(0,0)	2022-08-19 19:41:30.829048+00	2022-08-19 19:41:30.829048+00
9522	AE	1000000	(0,0)	2022-08-19 19:41:30.829048+00	2022-08-19 19:41:30.829048+00
9523	AE	1000000	(0,0)	2022-08-19 19:41:30.829048+00	2022-08-19 19:41:30.829048+00
9524	AE	1000000	(0,0)	2022-08-19 19:41:30.829048+00	2022-08-19 19:41:30.829048+00
9532	AE	1000000	(0,0)	2022-08-19 19:41:30.829048+00	2022-08-19 19:41:30.829048+00
9533	AE	1000000	(0,0)	2022-08-19 19:41:30.829048+00	2022-08-19 19:41:30.829048+00
9534	AE	1000000	(0,0)	2022-08-19 19:41:30.829048+00	2022-08-19 19:41:30.829048+00
9541	AE	1000000	(0,0)	2022-08-19 19:41:30.829048+00	2022-08-19 19:41:30.829048+00
9542	AE	1000000	(0,0)	2022-08-19 19:41:30.829048+00	2022-08-19 19:41:30.829048+00
9543	AE	1000000	(0,0)	2022-08-19 19:41:30.829048+00	2022-08-19 19:41:30.829048+00
9544	AE	1000000	(0,0)	2022-08-19 19:41:30.829048+00	2022-08-19 19:41:30.829048+00
9545	AE	1000000	(0,0)	2022-08-19 19:41:30.829048+00	2022-08-19 19:41:30.829048+00
9550	AE	1000000	(0,0)	2022-08-19 19:41:30.829048+00	2022-08-19 19:41:30.829048+00
9554	AE	1000000	(0,0)	2022-08-19 19:41:30.829048+00	2022-08-19 19:41:30.829048+00
9556	AE	1000000	(0,0)	2022-08-19 19:41:30.829048+00	2022-08-19 19:41:30.829048+00
9564	AE	1000000	(0,0)	2022-08-19 19:41:30.829048+00	2022-08-19 19:41:30.829048+00
9565	AE	1000000	(0,0)	2022-08-19 19:41:30.829048+00	2022-08-19 19:41:30.829048+00
9566	AE	1000000	(0,0)	2022-08-19 19:41:30.829048+00	2022-08-19 19:41:30.829048+00
9567	AE	1000000	(0,0)	2022-08-19 19:41:30.829048+00	2022-08-19 19:41:30.829048+00
9568	AE	1000000	(0,0)	2022-08-19 19:41:30.829048+00	2022-08-19 19:41:30.829048+00
9569	AE	1000000	(0,0)	2022-08-19 19:41:30.829048+00	2022-08-19 19:41:30.829048+00
9570	AE	1000000	(0,0)	2022-08-19 19:41:30.829048+00	2022-08-19 19:41:30.829048+00
9573	AE	1000000	(0,0)	2022-08-19 19:41:30.829048+00	2022-08-19 19:41:30.829048+00
9574	AE	1000000	(0,0)	2022-08-19 19:41:30.829048+00	2022-08-19 19:41:30.829048+00
9575	AE	1000000	(0,0)	2022-08-19 19:41:30.829048+00	2022-08-19 19:41:30.829048+00
9576	AE	1000000	(0,0)	2022-08-19 19:41:30.829048+00	2022-08-19 19:41:30.829048+00
9577	AE	1000000	(0,0)	2022-08-19 19:41:30.829048+00	2022-08-19 19:41:30.829048+00
9578	AE	1000000	(0,0)	2022-08-19 19:41:30.829048+00	2022-08-19 19:41:30.829048+00
9579	AE	1000000	(0,0)	2022-08-19 19:41:30.829048+00	2022-08-19 19:41:30.829048+00
9581	AE	1000000	(0,0)	2022-08-19 19:41:30.829048+00	2022-08-19 19:41:30.829048+00
9582	AE	1000000	(0,0)	2022-08-19 19:41:30.829048+00	2022-08-19 19:41:30.829048+00
9583	AE	1000000	(0,0)	2022-08-19 19:41:30.829048+00	2022-08-19 19:41:30.829048+00
9586	AE	1000000	(0,0)	2022-08-19 19:41:30.829048+00	2022-08-19 19:41:30.829048+00
9587	AE	1000000	(0,0)	2022-08-19 19:41:30.829048+00	2022-08-19 19:41:30.829048+00
9588	AE	1000000	(0,0)	2022-08-19 19:41:30.829048+00	2022-08-19 19:41:30.829048+00
9589	AE	1000000	(0,0)	2022-08-19 19:41:30.829048+00	2022-08-19 19:41:30.829048+00
9590	AE	1000000	(0,0)	2022-08-19 19:41:30.829048+00	2022-08-19 19:41:30.829048+00
9591	AE	1000000	(0,0)	2022-08-19 19:41:30.829048+00	2022-08-19 19:41:30.829048+00
9592	AE	1000000	(0,0)	2022-08-19 19:41:30.829048+00	2022-08-19 19:41:30.829048+00
9593	AE	1000000	(0,0)	2022-08-19 19:41:30.829048+00	2022-08-19 19:41:30.829048+00
9594	AE	1000000	(0,0)	2022-08-19 19:41:30.829048+00	2022-08-19 19:41:30.829048+00
9595	AE	1000000	(0,0)	2022-08-19 19:41:30.829048+00	2022-08-19 19:41:30.829048+00
9596	AE	1000000	(0,0)	2022-08-19 19:41:30.829048+00	2022-08-19 19:41:30.829048+00
9599	AE	1000000	(0,0)	2022-08-19 19:41:30.829048+00	2022-08-19 19:41:30.829048+00
9600	AE	1000000	(0,0)	2022-08-19 19:41:30.829048+00	2022-08-19 19:41:30.829048+00
9601	AE	1000000	(0,0)	2022-08-19 19:41:30.829048+00	2022-08-19 19:41:30.829048+00
9602	AE	1000000	(0,0)	2022-08-19 19:41:30.829048+00	2022-08-19 19:41:30.829048+00
9603	AE	1000000	(0,0)	2022-08-19 19:41:30.829048+00	2022-08-19 19:41:30.829048+00
9604	AE	1000000	(0,0)	2022-08-19 19:41:30.829048+00	2022-08-19 19:41:30.829048+00
9605	AE	1000000	(0,0)	2022-08-19 19:41:30.829048+00	2022-08-19 19:41:30.829048+00
9606	AE	1000000	(0,0)	2022-08-19 19:41:30.829048+00	2022-08-19 19:41:30.829048+00
9607	AE	1000000	(0,0)	2022-08-19 19:41:30.829048+00	2022-08-19 19:41:30.829048+00
9608	AE	1000000	(0,0)	2022-08-19 19:41:30.829048+00	2022-08-19 19:41:30.829048+00
9609	AE	1000000	(0,0)	2022-08-19 19:41:30.829048+00	2022-08-19 19:41:30.829048+00
9610	AE	1000000	(0,0)	2022-08-19 19:41:30.829048+00	2022-08-19 19:41:30.829048+00
9613	AE	1000000	(0,0)	2022-08-19 19:41:30.829048+00	2022-08-19 19:41:30.829048+00
9614	AE	1000000	(0,0)	2022-08-19 19:41:30.829048+00	2022-08-19 19:41:30.829048+00
9617	AE	1000000	(0,0)	2022-08-19 19:41:30.829048+00	2022-08-19 19:41:30.829048+00
9618	AE	1000000	(0,0)	2022-08-19 19:41:30.829048+00	2022-08-19 19:41:30.829048+00
9620	AE	1000000	(0,0)	2022-08-19 19:41:30.829048+00	2022-08-19 19:41:30.829048+00
9621	AE	1000000	(0,0)	2022-08-19 19:41:30.829048+00	2022-08-19 19:41:30.829048+00
9622	AE	1000000	(0,0)	2022-08-19 19:41:30.829048+00	2022-08-19 19:41:30.829048+00
9623	AE	1000000	(0,0)	2022-08-19 19:41:30.829048+00	2022-08-19 19:41:30.829048+00
9624	AE	1000000	(0,0)	2022-08-19 19:41:30.829048+00	2022-08-19 19:41:30.829048+00
9625	AE	1000000	(0,0)	2022-08-19 19:41:30.829048+00	2022-08-19 19:41:30.829048+00
9626	AE	1000000	(0,0)	2022-08-19 19:41:30.829048+00	2022-08-19 19:41:30.829048+00
9627	AE	1000000	(0,0)	2022-08-19 19:41:30.829048+00	2022-08-19 19:41:30.829048+00
9630	AE	1000000	(0,0)	2022-08-19 19:41:30.829048+00	2022-08-19 19:41:30.829048+00
9631	AE	1000000	(0,0)	2022-08-19 19:41:30.829048+00	2022-08-19 19:41:30.829048+00
9633	AE	1000000	(0,0)	2022-08-19 19:41:30.829048+00	2022-08-19 19:41:30.829048+00
9634	AE	1000000	(0,0)	2022-08-19 19:41:30.829048+00	2022-08-19 19:41:30.829048+00
9636	AE	1000000	(0,0)	2022-08-19 19:41:30.829048+00	2022-08-19 19:41:30.829048+00
9642	AE	1000000	(0,0)	2022-08-19 19:41:30.829048+00	2022-08-19 19:41:30.829048+00
9643	AE	1000000	(0,0)	2022-08-19 19:41:30.829048+00	2022-08-19 19:41:30.829048+00
9645	AE	1000000	(0,0)	2022-08-19 19:41:30.829048+00	2022-08-19 19:41:30.829048+00
9647	AE	1000000	(0,0)	2022-08-19 19:41:30.829048+00	2022-08-19 19:41:30.829048+00
9648	AE	1000000	(0,0)	2022-08-19 19:41:30.829048+00	2022-08-19 19:41:30.829048+00
9649	AE	1000000	(0,0)	2022-08-19 19:41:30.829048+00	2022-08-19 19:41:30.829048+00
9701	AE	1000000	(0,0)	2022-08-19 19:41:30.829048+00	2022-08-19 19:41:30.829048+00
9702	AE	1000000	(0,0)	2022-08-19 19:41:30.829048+00	2022-08-19 19:41:30.829048+00
9703	AE	1000000	(0,0)	2022-08-19 19:41:30.829048+00	2022-08-19 19:41:30.829048+00
9704	AE	1000000	(0,0)	2022-08-19 19:41:30.829048+00	2022-08-19 19:41:30.829048+00
9705	AE	1000000	(0,0)	2022-08-19 19:41:30.829048+00	2022-08-19 19:41:30.829048+00
9706	AE	1000000	(0,0)	2022-08-19 19:41:30.829048+00	2022-08-19 19:41:30.829048+00
9707	AE	1000000	(0,0)	2022-08-19 19:41:30.829048+00	2022-08-19 19:41:30.829048+00
9708	AE	1000000	(0,0)	2022-08-19 19:41:30.829048+00	2022-08-19 19:41:30.829048+00
9709	AE	1000000	(0,0)	2022-08-19 19:41:30.829048+00	2022-08-19 19:41:30.829048+00
9710	AE	1000000	(0,0)	2022-08-19 19:41:30.829048+00	2022-08-19 19:41:30.829048+00
9711	AE	1000000	(0,0)	2022-08-19 19:41:30.829048+00	2022-08-19 19:41:30.829048+00
9712	AE	1000000	(0,0)	2022-08-19 19:41:30.829048+00	2022-08-19 19:41:30.829048+00
9714	AE	1000000	(0,0)	2022-08-19 19:41:30.829048+00	2022-08-19 19:41:30.829048+00
9715	AE	1000000	(0,0)	2022-08-19 19:41:30.829048+00	2022-08-19 19:41:30.829048+00
9716	AE	1000000	(0,0)	2022-08-19 19:41:30.829048+00	2022-08-19 19:41:30.829048+00
9717	AE	1000000	(0,0)	2022-08-19 19:41:30.829048+00	2022-08-19 19:41:30.829048+00
9718	AE	1000000	(0,0)	2022-08-19 19:41:30.829048+00	2022-08-19 19:41:30.829048+00
9719	AE	1000000	(0,0)	2022-08-19 19:41:30.829048+00	2022-08-19 19:41:30.829048+00
9720	AE	1000000	(0,0)	2022-08-19 19:41:30.829048+00	2022-08-19 19:41:30.829048+00
9722	AE	1000000	(0,0)	2022-08-19 19:41:30.829048+00	2022-08-19 19:41:30.829048+00
9723	AE	1000000	(0,0)	2022-08-19 19:41:30.829048+00	2022-08-19 19:41:30.829048+00
9724	AE	1000000	(0,0)	2022-08-19 19:41:30.829048+00	2022-08-19 19:41:30.829048+00
9725	AE	1000000	(0,0)	2022-08-19 19:41:30.829048+00	2022-08-19 19:41:30.829048+00
9726	AE	1000000	(0,0)	2022-08-19 19:41:30.829048+00	2022-08-19 19:41:30.829048+00
9727	AE	1000000	(0,0)	2022-08-19 19:41:30.829048+00	2022-08-19 19:41:30.829048+00
9728	AE	1000000	(0,0)	2022-08-19 19:41:30.829048+00	2022-08-19 19:41:30.829048+00
9729	AE	1000000	(0,0)	2022-08-19 19:41:30.829048+00	2022-08-19 19:41:30.829048+00
9730	AE	1000000	(0,0)	2022-08-19 19:41:30.829048+00	2022-08-19 19:41:30.829048+00
9731	AE	1000000	(0,0)	2022-08-19 19:41:30.829048+00	2022-08-19 19:41:30.829048+00
9732	AE	1000000	(0,0)	2022-08-19 19:41:30.829048+00	2022-08-19 19:41:30.829048+00
9733	AE	1000000	(0,0)	2022-08-19 19:41:30.829048+00	2022-08-19 19:41:30.829048+00
9734	AE	1000000	(0,0)	2022-08-19 19:41:30.829048+00	2022-08-19 19:41:30.829048+00
9735	AE	1000000	(0,0)	2022-08-19 19:41:30.829048+00	2022-08-19 19:41:30.829048+00
9736	AE	1000000	(0,0)	2022-08-19 19:41:30.829048+00	2022-08-19 19:41:30.829048+00
9737	AE	1000000	(0,0)	2022-08-19 19:41:30.829048+00	2022-08-19 19:41:30.829048+00
9738	AE	1000000	(0,0)	2022-08-19 19:41:30.829048+00	2022-08-19 19:41:30.829048+00
9739	AE	1000000	(0,0)	2022-08-19 19:41:30.829048+00	2022-08-19 19:41:30.829048+00
9741	AE	1000000	(0,0)	2022-08-19 19:41:30.829048+00	2022-08-19 19:41:30.829048+00
9742	AE	1000000	(0,0)	2022-08-19 19:41:30.829048+00	2022-08-19 19:41:30.829048+00
9743	AE	1000000	(0,0)	2022-08-19 19:41:30.829048+00	2022-08-19 19:41:30.829048+00
9744	AE	1000000	(0,0)	2022-08-19 19:41:30.829048+00	2022-08-19 19:41:30.829048+00
9745	AE	1000000	(0,0)	2022-08-19 19:41:30.829048+00	2022-08-19 19:41:30.829048+00
9748	AE	1000000	(0,0)	2022-08-19 19:41:30.829048+00	2022-08-19 19:41:30.829048+00
9749	AE	1000000	(0,0)	2022-08-19 19:41:30.829048+00	2022-08-19 19:41:30.829048+00
9750	AE	1000000	(0,0)	2022-08-19 19:41:30.829048+00	2022-08-19 19:41:30.829048+00
9751	AE	1000000	(0,0)	2022-08-19 19:41:30.829048+00	2022-08-19 19:41:30.829048+00
9752	AE	1000000	(0,0)	2022-08-19 19:41:30.829048+00	2022-08-19 19:41:30.829048+00
9753	AE	1000000	(0,0)	2022-08-19 19:41:30.829048+00	2022-08-19 19:41:30.829048+00
9754	AE	1000000	(0,0)	2022-08-19 19:41:30.829048+00	2022-08-19 19:41:30.829048+00
9755	AE	1000000	(0,0)	2022-08-19 19:41:30.829048+00	2022-08-19 19:41:30.829048+00
9756	AE	1000000	(0,0)	2022-08-19 19:41:30.829048+00	2022-08-19 19:41:30.829048+00
9758	AE	1000000	(0,0)	2022-08-19 19:41:30.829048+00	2022-08-19 19:41:30.829048+00
9759	AE	1000000	(0,0)	2022-08-19 19:41:30.829048+00	2022-08-19 19:41:30.829048+00
9760	AE	1000000	(0,0)	2022-08-19 19:41:30.829048+00	2022-08-19 19:41:30.829048+00
9761	AE	1000000	(0,0)	2022-08-19 19:41:30.829048+00	2022-08-19 19:41:30.829048+00
9762	AE	1000000	(0,0)	2022-08-19 19:41:30.829048+00	2022-08-19 19:41:30.829048+00
9769	AE	1000000	(0,0)	2022-08-19 19:41:30.829048+00	2022-08-19 19:41:30.829048+00
9777	AE	1000000	(0,0)	2022-08-19 19:41:30.829048+00	2022-08-19 19:41:30.829048+00
9780	AE	1000000	(0,0)	2022-08-19 19:41:30.829048+00	2022-08-19 19:41:30.829048+00
9789	AE	1000000	(0,0)	2022-08-19 19:41:30.829048+00	2022-08-19 19:41:30.829048+00
9800	AE	1000000	(0,0)	2022-08-19 19:41:30.829048+00	2022-08-19 19:41:30.829048+00
9801	AE	1000000	(0,0)	2022-08-19 19:41:30.829048+00	2022-08-19 19:41:30.829048+00
9802	AE	1000000	(0,0)	2022-08-19 19:41:30.829048+00	2022-08-19 19:41:30.829048+00
9803	AE	1000000	(0,0)	2022-08-19 19:41:30.829048+00	2022-08-19 19:41:30.829048+00
9804	AE	1000000	(0,0)	2022-08-19 19:41:30.829048+00	2022-08-19 19:41:30.829048+00
9805	AE	1000000	(0,0)	2022-08-19 19:41:30.829048+00	2022-08-19 19:41:30.829048+00
9806	AE	1000000	(0,0)	2022-08-19 19:41:30.829048+00	2022-08-19 19:41:30.829048+00
9807	AE	1000000	(0,0)	2022-08-19 19:41:30.829048+00	2022-08-19 19:41:30.829048+00
9808	AE	1000000	(0,0)	2022-08-19 19:41:30.829048+00	2022-08-19 19:41:30.829048+00
9809	AE	1000000	(0,0)	2022-08-19 19:41:30.829048+00	2022-08-19 19:41:30.829048+00
9810	AE	1000000	(0,0)	2022-08-19 19:41:30.829048+00	2022-08-19 19:41:30.829048+00
9811	AE	1000000	(0,0)	2022-08-19 19:41:30.829048+00	2022-08-19 19:41:30.829048+00
9812	AE	1000000	(0,0)	2022-08-19 19:41:30.829048+00	2022-08-19 19:41:30.829048+00
9813	AE	1000000	(0,0)	2022-08-19 19:41:30.829048+00	2022-08-19 19:41:30.829048+00
9814	AE	1000000	(0,0)	2022-08-19 19:41:30.829048+00	2022-08-19 19:41:30.829048+00
9815	AE	1000000	(0,0)	2022-08-19 19:41:30.829048+00	2022-08-19 19:41:30.829048+00
9816	AE	1000000	(0,0)	2022-08-19 19:41:30.829048+00	2022-08-19 19:41:30.829048+00
9817	AE	1000000	(0,0)	2022-08-19 19:41:30.829048+00	2022-08-19 19:41:30.829048+00
9818	AE	1000000	(0,0)	2022-08-19 19:41:30.829048+00	2022-08-19 19:41:30.829048+00
9820	AE	1000000	(0,0)	2022-08-19 19:41:30.829048+00	2022-08-19 19:41:30.829048+00
9821	AE	1000000	(0,0)	2022-08-19 19:41:30.829048+00	2022-08-19 19:41:30.829048+00
9822	AE	1000000	(0,0)	2022-08-19 19:41:30.829048+00	2022-08-19 19:41:30.829048+00
9823	AE	1000000	(0,0)	2022-08-19 19:41:30.829048+00	2022-08-19 19:41:30.829048+00
9824	AE	1000000	(0,0)	2022-08-19 19:41:30.829048+00	2022-08-19 19:41:30.829048+00
9825	AE	1000000	(0,0)	2022-08-19 19:41:30.829048+00	2022-08-19 19:41:30.829048+00
9826	AE	1000000	(0,0)	2022-08-19 19:41:30.829048+00	2022-08-19 19:41:30.829048+00
9827	AE	1000000	(0,0)	2022-08-19 19:41:30.829048+00	2022-08-19 19:41:30.829048+00
9828	AE	1000000	(0,0)	2022-08-19 19:41:30.829048+00	2022-08-19 19:41:30.829048+00
9829	AE	1000000	(0,0)	2022-08-19 19:41:30.829048+00	2022-08-19 19:41:30.829048+00
9830	AE	1000000	(0,0)	2022-08-19 19:41:30.829048+00	2022-08-19 19:41:30.829048+00
9831	AE	1000000	(0,0)	2022-08-19 19:41:30.829048+00	2022-08-19 19:41:30.829048+00
9832	AE	1000000	(0,0)	2022-08-19 19:41:30.829048+00	2022-08-19 19:41:30.829048+00
9833	AE	1000000	(0,0)	2022-08-19 19:41:30.829048+00	2022-08-19 19:41:30.829048+00
9834	AE	1000000	(0,0)	2022-08-19 19:41:30.829048+00	2022-08-19 19:41:30.829048+00
9836	AE	1000000	(0,0)	2022-08-19 19:41:30.829048+00	2022-08-19 19:41:30.829048+00
9837	AE	1000000	(0,0)	2022-08-19 19:41:30.829048+00	2022-08-19 19:41:30.829048+00
9838	AE	1000000	(0,0)	2022-08-19 19:41:30.829048+00	2022-08-19 19:41:30.829048+00
9839	AE	1000000	(0,0)	2022-08-19 19:41:30.829048+00	2022-08-19 19:41:30.829048+00
9841	AE	1000000	(0,0)	2022-08-19 19:41:30.829048+00	2022-08-19 19:41:30.829048+00
9842	AE	1000000	(0,0)	2022-08-19 19:41:30.829048+00	2022-08-19 19:41:30.829048+00
9844	AE	1000000	(0,0)	2022-08-19 19:41:30.829048+00	2022-08-19 19:41:30.829048+00
9845	AE	1000000	(0,0)	2022-08-19 19:41:30.829048+00	2022-08-19 19:41:30.829048+00
9846	AE	1000000	(0,0)	2022-08-19 19:41:30.829048+00	2022-08-19 19:41:30.829048+00
9847	AE	1000000	(0,0)	2022-08-19 19:41:30.829048+00	2022-08-19 19:41:30.829048+00
9848	AE	1000000	(0,0)	2022-08-19 19:41:30.829048+00	2022-08-19 19:41:30.829048+00
9851	AE	1000000	(0,0)	2022-08-19 19:41:30.829048+00	2022-08-19 19:41:30.829048+00
9852	AE	1000000	(0,0)	2022-08-19 19:41:30.829048+00	2022-08-19 19:41:30.829048+00
9853	AE	1000000	(0,0)	2022-08-19 19:41:30.829048+00	2022-08-19 19:41:30.829048+00
9854	AE	1000000	(0,0)	2022-08-19 19:41:30.829048+00	2022-08-19 19:41:30.829048+00
9855	AE	1000000	(0,0)	2022-08-19 19:41:30.829048+00	2022-08-19 19:41:30.829048+00
9856	AE	1000000	(0,0)	2022-08-19 19:41:30.829048+00	2022-08-19 19:41:30.829048+00
9857	AE	1000000	(0,0)	2022-08-19 19:41:30.829048+00	2022-08-19 19:41:30.829048+00
9858	AE	1000000	(0,0)	2022-08-19 19:41:30.829048+00	2022-08-19 19:41:30.829048+00
9859	AE	1000000	(0,0)	2022-08-19 19:41:30.829048+00	2022-08-19 19:41:30.829048+00
9860	AE	1000000	(0,0)	2022-08-19 19:41:30.829048+00	2022-08-19 19:41:30.829048+00
9861	AE	1000000	(0,0)	2022-08-19 19:41:30.829048+00	2022-08-19 19:41:30.829048+00
9862	AE	1000000	(0,0)	2022-08-19 19:41:30.829048+00	2022-08-19 19:41:30.829048+00
9863	AE	1000000	(0,0)	2022-08-19 19:41:30.829048+00	2022-08-19 19:41:30.829048+00
9864	AE	1000000	(0,0)	2022-08-19 19:41:30.829048+00	2022-08-19 19:41:30.829048+00
9865	AE	1000000	(0,0)	2022-08-19 19:41:30.829048+00	2022-08-19 19:41:30.829048+00
9867	AE	1000000	(0,0)	2022-08-19 19:41:30.829048+00	2022-08-19 19:41:30.829048+00
9868	AE	1000000	(0,0)	2022-08-19 19:41:30.829048+00	2022-08-19 19:41:30.829048+00
9869	AE	1000000	(0,0)	2022-08-19 19:41:30.829048+00	2022-08-19 19:41:30.829048+00
9870	AE	1000000	(0,0)	2022-08-19 19:41:30.829048+00	2022-08-19 19:41:30.829048+00
9873	AE	1000000	(0,0)	2022-08-19 19:41:30.829048+00	2022-08-19 19:41:30.829048+00
9874	AE	1000000	(0,0)	2022-08-19 19:41:30.829048+00	2022-08-19 19:41:30.829048+00
9875	AE	1000000	(0,0)	2022-08-19 19:41:30.829048+00	2022-08-19 19:41:30.829048+00
9876	AE	1000000	(0,0)	2022-08-19 19:41:30.829048+00	2022-08-19 19:41:30.829048+00
9877	AE	1000000	(0,0)	2022-08-19 19:41:30.829048+00	2022-08-19 19:41:30.829048+00
9880	AE	1000000	(0,0)	2022-08-19 19:41:30.829048+00	2022-08-19 19:41:30.829048+00
9890	AE	1000000	(0,0)	2022-08-19 19:41:30.829048+00	2022-08-19 19:41:30.829048+00
9892	AE	1000000	(0,0)	2022-08-19 19:41:30.829048+00	2022-08-19 19:41:30.829048+00
9895	AE	1000000	(0,0)	2022-08-19 19:41:30.829048+00	2022-08-19 19:41:30.829048+00
9898	AE	1000000	(0,0)	2022-08-19 19:41:30.829048+00	2022-08-19 19:41:30.829048+00
9901	AE	1000000	(0,0)	2022-08-19 19:41:30.829048+00	2022-08-19 19:41:30.829048+00
9902	AE	1000000	(0,0)	2022-08-19 19:41:30.829048+00	2022-08-19 19:41:30.829048+00
9903	AE	1000000	(0,0)	2022-08-19 19:41:30.829048+00	2022-08-19 19:41:30.829048+00
9904	AE	1000000	(0,0)	2022-08-19 19:41:30.829048+00	2022-08-19 19:41:30.829048+00
9908	AE	1000000	(0,0)	2022-08-19 19:41:30.829048+00	2022-08-19 19:41:30.829048+00
9909	AE	1000000	(0,0)	2022-08-19 19:41:30.829048+00	2022-08-19 19:41:30.829048+00
9910	AE	1000000	(0,0)	2022-08-19 19:41:30.829048+00	2022-08-19 19:41:30.829048+00
9974	AE	1000000	(0,0)	2022-08-19 19:41:30.829048+00	2022-08-19 19:41:30.829048+00
9975	AE	1000000	(0,0)	2022-08-19 19:41:30.829048+00	2022-08-19 19:41:30.829048+00
9976	AE	1000000	(0,0)	2022-08-19 19:41:30.829048+00	2022-08-19 19:41:30.829048+00
9977	AE	1000000	(0,0)	2022-08-19 19:41:30.829048+00	2022-08-19 19:41:30.829048+00
34001	AA	1000000	(0,0)	2022-08-19 19:41:30.829048+00	2022-08-19 19:41:30.829048+00
34002	AA	1000000	(0,0)	2022-08-19 19:41:30.829048+00	2022-08-19 19:41:30.829048+00
34004	AA	1000000	(0,0)	2022-08-19 19:41:30.829048+00	2022-08-19 19:41:30.829048+00
34007	AA	1000000	(0,0)	2022-08-19 19:41:30.829048+00	2022-08-19 19:41:30.829048+00
34008	AA	1000000	(0,0)	2022-08-19 19:41:30.829048+00	2022-08-19 19:41:30.829048+00
34011	AA	1000000	(0,0)	2022-08-19 19:41:30.829048+00	2022-08-19 19:41:30.829048+00
34020	AA	1000000	(0,0)	2022-08-19 19:41:30.829048+00	2022-08-19 19:41:30.829048+00
34021	AA	1000000	(0,0)	2022-08-19 19:41:30.829048+00	2022-08-19 19:41:30.829048+00
34022	AA	1000000	(0,0)	2022-08-19 19:41:30.829048+00	2022-08-19 19:41:30.829048+00
34023	AA	1000000	(0,0)	2022-08-19 19:41:30.829048+00	2022-08-19 19:41:30.829048+00
34024	AA	1000000	(0,0)	2022-08-19 19:41:30.829048+00	2022-08-19 19:41:30.829048+00
34025	AA	1000000	(0,0)	2022-08-19 19:41:30.829048+00	2022-08-19 19:41:30.829048+00
34030	AA	1000000	(0,0)	2022-08-19 19:41:30.829048+00	2022-08-19 19:41:30.829048+00
34031	AA	1000000	(0,0)	2022-08-19 19:41:30.829048+00	2022-08-19 19:41:30.829048+00
34032	AA	1000000	(0,0)	2022-08-19 19:41:30.829048+00	2022-08-19 19:41:30.829048+00
34033	AA	1000000	(0,0)	2022-08-19 19:41:30.829048+00	2022-08-19 19:41:30.829048+00
34034	AA	1000000	(0,0)	2022-08-19 19:41:30.829048+00	2022-08-19 19:41:30.829048+00
34035	AA	1000000	(0,0)	2022-08-19 19:41:30.829048+00	2022-08-19 19:41:30.829048+00
34036	AA	1000000	(0,0)	2022-08-19 19:41:30.829048+00	2022-08-19 19:41:30.829048+00
34037	AA	1000000	(0,0)	2022-08-19 19:41:30.829048+00	2022-08-19 19:41:30.829048+00
34038	AA	1000000	(0,0)	2022-08-19 19:41:30.829048+00	2022-08-19 19:41:30.829048+00
34039	AA	1000000	(0,0)	2022-08-19 19:41:30.829048+00	2022-08-19 19:41:30.829048+00
34041	AA	1000000	(0,0)	2022-08-19 19:41:30.829048+00	2022-08-19 19:41:30.829048+00
34042	AA	1000000	(0,0)	2022-08-19 19:41:30.829048+00	2022-08-19 19:41:30.829048+00
34044	AA	1000000	(0,0)	2022-08-19 19:41:30.829048+00	2022-08-19 19:41:30.829048+00
34050	AA	1000000	(0,0)	2022-08-19 19:41:30.829048+00	2022-08-19 19:41:30.829048+00
34051	AA	1000000	(0,0)	2022-08-19 19:41:30.829048+00	2022-08-19 19:41:30.829048+00
34052	AA	1000000	(0,0)	2022-08-19 19:41:30.829048+00	2022-08-19 19:41:30.829048+00
34053	AA	1000000	(0,0)	2022-08-19 19:41:30.829048+00	2022-08-19 19:41:30.829048+00
34054	AA	1000000	(0,0)	2022-08-19 19:41:30.829048+00	2022-08-19 19:41:30.829048+00
34055	AA	1000000	(0,0)	2022-08-19 19:41:30.829048+00	2022-08-19 19:41:30.829048+00
34058	AA	1000000	(0,0)	2022-08-19 19:41:30.829048+00	2022-08-19 19:41:30.829048+00
34060	AA	1000000	(0,0)	2022-08-19 19:41:30.829048+00	2022-08-19 19:41:30.829048+00
34066	AA	1000000	(0,0)	2022-08-19 19:41:30.829048+00	2022-08-19 19:41:30.829048+00
34067	AA	1000000	(0,0)	2022-08-19 19:41:30.829048+00	2022-08-19 19:41:30.829048+00
34068	AA	1000000	(0,0)	2022-08-19 19:41:30.829048+00	2022-08-19 19:41:30.829048+00
34069	AA	1000000	(0,0)	2022-08-19 19:41:30.829048+00	2022-08-19 19:41:30.829048+00
34078	AA	1000000	(0,0)	2022-08-19 19:41:30.829048+00	2022-08-19 19:41:30.829048+00
34080	AA	1000000	(0,0)	2022-08-19 19:41:30.829048+00	2022-08-19 19:41:30.829048+00
34081	AA	1000000	(0,0)	2022-08-19 19:41:30.829048+00	2022-08-19 19:41:30.829048+00
34082	AA	1000000	(0,0)	2022-08-19 19:41:30.829048+00	2022-08-19 19:41:30.829048+00
34083	AA	1000000	(0,0)	2022-08-19 19:41:30.829048+00	2022-08-19 19:41:30.829048+00
34084	AA	1000000	(0,0)	2022-08-19 19:41:30.829048+00	2022-08-19 19:41:30.829048+00
34085	AA	1000000	(0,0)	2022-08-19 19:41:30.829048+00	2022-08-19 19:41:30.829048+00
34086	AA	1000000	(0,0)	2022-08-19 19:41:30.829048+00	2022-08-19 19:41:30.829048+00
34087	AA	1000000	(0,0)	2022-08-19 19:41:30.829048+00	2022-08-19 19:41:30.829048+00
34088	AA	1000000	(0,0)	2022-08-19 19:41:30.829048+00	2022-08-19 19:41:30.829048+00
34089	AA	1000000	(0,0)	2022-08-19 19:41:30.829048+00	2022-08-19 19:41:30.829048+00
34090	AA	1000000	(0,0)	2022-08-19 19:41:30.829048+00	2022-08-19 19:41:30.829048+00
34091	AA	1000000	(0,0)	2022-08-19 19:41:30.829048+00	2022-08-19 19:41:30.829048+00
34092	AA	1000000	(0,0)	2022-08-19 19:41:30.829048+00	2022-08-19 19:41:30.829048+00
34093	AA	1000000	(0,0)	2022-08-19 19:41:30.829048+00	2022-08-19 19:41:30.829048+00
34094	AA	1000000	(0,0)	2022-08-19 19:41:30.829048+00	2022-08-19 19:41:30.829048+00
34095	AA	1000000	(0,0)	2022-08-19 19:41:30.829048+00	2022-08-19 19:41:30.829048+00
96201	AP	1000000	(0,0)	2022-08-19 19:41:30.829048+00	2022-08-19 19:41:30.829048+00
96202	AP	1000000	(0,0)	2022-08-19 19:41:30.829048+00	2022-08-19 19:41:30.829048+00
96203	AP	1000000	(0,0)	2022-08-19 19:41:30.829048+00	2022-08-19 19:41:30.829048+00
96204	AP	1000000	(0,0)	2022-08-19 19:41:30.829048+00	2022-08-19 19:41:30.829048+00
96205	AP	1000000	(0,0)	2022-08-19 19:41:30.829048+00	2022-08-19 19:41:30.829048+00
96206	AP	1000000	(0,0)	2022-08-19 19:41:30.829048+00	2022-08-19 19:41:30.829048+00
96207	AP	1000000	(0,0)	2022-08-19 19:41:30.829048+00	2022-08-19 19:41:30.829048+00
96208	AP	1000000	(0,0)	2022-08-19 19:41:30.829048+00	2022-08-19 19:41:30.829048+00
96209	AP	1000000	(0,0)	2022-08-19 19:41:30.829048+00	2022-08-19 19:41:30.829048+00
96210	AP	1000000	(0,0)	2022-08-19 19:41:30.829048+00	2022-08-19 19:41:30.829048+00
96212	AP	1000000	(0,0)	2022-08-19 19:41:30.829048+00	2022-08-19 19:41:30.829048+00
96213	AP	1000000	(0,0)	2022-08-19 19:41:30.829048+00	2022-08-19 19:41:30.829048+00
96214	AP	1000000	(0,0)	2022-08-19 19:41:30.829048+00	2022-08-19 19:41:30.829048+00
96218	AP	1000000	(0,0)	2022-08-19 19:41:30.829048+00	2022-08-19 19:41:30.829048+00
96224	AP	1000000	(0,0)	2022-08-19 19:41:30.829048+00	2022-08-19 19:41:30.829048+00
96251	AP	1000000	(0,0)	2022-08-19 19:41:30.829048+00	2022-08-19 19:41:30.829048+00
96257	AP	1000000	(0,0)	2022-08-19 19:41:30.829048+00	2022-08-19 19:41:30.829048+00
96258	AP	1000000	(0,0)	2022-08-19 19:41:30.829048+00	2022-08-19 19:41:30.829048+00
96260	AP	1000000	(0,0)	2022-08-19 19:41:30.829048+00	2022-08-19 19:41:30.829048+00
96262	AP	1000000	(0,0)	2022-08-19 19:41:30.829048+00	2022-08-19 19:41:30.829048+00
96264	AP	1000000	(0,0)	2022-08-19 19:41:30.829048+00	2022-08-19 19:41:30.829048+00
96266	AP	1000000	(0,0)	2022-08-19 19:41:30.829048+00	2022-08-19 19:41:30.829048+00
96267	AP	1000000	(0,0)	2022-08-19 19:41:30.829048+00	2022-08-19 19:41:30.829048+00
96269	AP	1000000	(0,0)	2022-08-19 19:41:30.829048+00	2022-08-19 19:41:30.829048+00
96271	AP	1000000	(0,0)	2022-08-19 19:41:30.829048+00	2022-08-19 19:41:30.829048+00
96273	AP	1000000	(0,0)	2022-08-19 19:41:30.829048+00	2022-08-19 19:41:30.829048+00
96275	AP	1000000	(0,0)	2022-08-19 19:41:30.829048+00	2022-08-19 19:41:30.829048+00
96276	AP	1000000	(0,0)	2022-08-19 19:41:30.829048+00	2022-08-19 19:41:30.829048+00
96278	AP	1000000	(0,0)	2022-08-19 19:41:30.829048+00	2022-08-19 19:41:30.829048+00
96283	AP	1000000	(0,0)	2022-08-19 19:41:30.829048+00	2022-08-19 19:41:30.829048+00
96284	AP	1000000	(0,0)	2022-08-19 19:41:30.829048+00	2022-08-19 19:41:30.829048+00
96297	AP	1000000	(0,0)	2022-08-19 19:41:30.829048+00	2022-08-19 19:41:30.829048+00
96301	AP	1000000	(0,0)	2022-08-19 19:41:30.829048+00	2022-08-19 19:41:30.829048+00
96303	AP	1000000	(0,0)	2022-08-19 19:41:30.829048+00	2022-08-19 19:41:30.829048+00
96306	AP	1000000	(0,0)	2022-08-19 19:41:30.829048+00	2022-08-19 19:41:30.829048+00
96309	AP	1000000	(0,0)	2022-08-19 19:41:30.829048+00	2022-08-19 19:41:30.829048+00
96310	AP	1000000	(0,0)	2022-08-19 19:41:30.829048+00	2022-08-19 19:41:30.829048+00
96311	AP	1000000	(0,0)	2022-08-19 19:41:30.829048+00	2022-08-19 19:41:30.829048+00
96315	AP	1000000	(0,0)	2022-08-19 19:41:30.829048+00	2022-08-19 19:41:30.829048+00
96319	AP	1000000	(0,0)	2022-08-19 19:41:30.829048+00	2022-08-19 19:41:30.829048+00
96321	AP	1000000	(0,0)	2022-08-19 19:41:30.829048+00	2022-08-19 19:41:30.829048+00
96322	AP	1000000	(0,0)	2022-08-19 19:41:30.829048+00	2022-08-19 19:41:30.829048+00
96323	AP	1000000	(0,0)	2022-08-19 19:41:30.829048+00	2022-08-19 19:41:30.829048+00
96326	AP	1000000	(0,0)	2022-08-19 19:41:30.829048+00	2022-08-19 19:41:30.829048+00
96328	AP	1000000	(0,0)	2022-08-19 19:41:30.829048+00	2022-08-19 19:41:30.829048+00
96330	AP	1000000	(0,0)	2022-08-19 19:41:30.829048+00	2022-08-19 19:41:30.829048+00
96331	AP	1000000	(0,0)	2022-08-19 19:41:30.829048+00	2022-08-19 19:41:30.829048+00
96336	AP	1000000	(0,0)	2022-08-19 19:41:30.829048+00	2022-08-19 19:41:30.829048+00
96337	AP	1000000	(0,0)	2022-08-19 19:41:30.829048+00	2022-08-19 19:41:30.829048+00
96338	AP	1000000	(0,0)	2022-08-19 19:41:30.829048+00	2022-08-19 19:41:30.829048+00
96339	AP	1000000	(0,0)	2022-08-19 19:41:30.829048+00	2022-08-19 19:41:30.829048+00
96343	AP	1000000	(0,0)	2022-08-19 19:41:30.829048+00	2022-08-19 19:41:30.829048+00
96346	AP	1000000	(0,0)	2022-08-19 19:41:30.829048+00	2022-08-19 19:41:30.829048+00
96347	AP	1000000	(0,0)	2022-08-19 19:41:30.829048+00	2022-08-19 19:41:30.829048+00
96349	AP	1000000	(0,0)	2022-08-19 19:41:30.829048+00	2022-08-19 19:41:30.829048+00
96350	AP	1000000	(0,0)	2022-08-19 19:41:30.829048+00	2022-08-19 19:41:30.829048+00
96351	AP	1000000	(0,0)	2022-08-19 19:41:30.829048+00	2022-08-19 19:41:30.829048+00
96362	AP	1000000	(0,0)	2022-08-19 19:41:30.829048+00	2022-08-19 19:41:30.829048+00
96365	AP	1000000	(0,0)	2022-08-19 19:41:30.829048+00	2022-08-19 19:41:30.829048+00
96367	AP	1000000	(0,0)	2022-08-19 19:41:30.829048+00	2022-08-19 19:41:30.829048+00
96368	AP	1000000	(0,0)	2022-08-19 19:41:30.829048+00	2022-08-19 19:41:30.829048+00
96370	AP	1000000	(0,0)	2022-08-19 19:41:30.829048+00	2022-08-19 19:41:30.829048+00
96371	AP	1000000	(0,0)	2022-08-19 19:41:30.829048+00	2022-08-19 19:41:30.829048+00
96372	AP	1000000	(0,0)	2022-08-19 19:41:30.829048+00	2022-08-19 19:41:30.829048+00
96373	AP	1000000	(0,0)	2022-08-19 19:41:30.829048+00	2022-08-19 19:41:30.829048+00
96374	AP	1000000	(0,0)	2022-08-19 19:41:30.829048+00	2022-08-19 19:41:30.829048+00
96375	AP	1000000	(0,0)	2022-08-19 19:41:30.829048+00	2022-08-19 19:41:30.829048+00
96376	AP	1000000	(0,0)	2022-08-19 19:41:30.829048+00	2022-08-19 19:41:30.829048+00
96377	AP	1000000	(0,0)	2022-08-19 19:41:30.829048+00	2022-08-19 19:41:30.829048+00
96378	AP	1000000	(0,0)	2022-08-19 19:41:30.829048+00	2022-08-19 19:41:30.829048+00
96379	AP	1000000	(0,0)	2022-08-19 19:41:30.829048+00	2022-08-19 19:41:30.829048+00
96380	AP	1000000	(0,0)	2022-08-19 19:41:30.829048+00	2022-08-19 19:41:30.829048+00
96382	AP	1000000	(0,0)	2022-08-19 19:41:30.829048+00	2022-08-19 19:41:30.829048+00
96384	AP	1000000	(0,0)	2022-08-19 19:41:30.829048+00	2022-08-19 19:41:30.829048+00
96385	AP	1000000	(0,0)	2022-08-19 19:41:30.829048+00	2022-08-19 19:41:30.829048+00
96386	AP	1000000	(0,0)	2022-08-19 19:41:30.829048+00	2022-08-19 19:41:30.829048+00
96387	AP	1000000	(0,0)	2022-08-19 19:41:30.829048+00	2022-08-19 19:41:30.829048+00
96388	AP	1000000	(0,0)	2022-08-19 19:41:30.829048+00	2022-08-19 19:41:30.829048+00
96389	AP	1000000	(0,0)	2022-08-19 19:41:30.829048+00	2022-08-19 19:41:30.829048+00
96401	AP	1000000	(0,0)	2022-08-19 19:41:30.829048+00	2022-08-19 19:41:30.829048+00
96502	AP	1000000	(0,0)	2022-08-19 19:41:30.829048+00	2022-08-19 19:41:30.829048+00
96504	AP	1000000	(0,0)	2022-08-19 19:41:30.829048+00	2022-08-19 19:41:30.829048+00
96505	AP	1000000	(0,0)	2022-08-19 19:41:30.829048+00	2022-08-19 19:41:30.829048+00
96507	AP	1000000	(0,0)	2022-08-19 19:41:30.829048+00	2022-08-19 19:41:30.829048+00
96510	AP	1000000	(0,0)	2022-08-19 19:41:30.829048+00	2022-08-19 19:41:30.829048+00
96511	AP	1000000	(0,0)	2022-08-19 19:41:30.829048+00	2022-08-19 19:41:30.829048+00
96515	AP	1000000	(0,0)	2022-08-19 19:41:30.829048+00	2022-08-19 19:41:30.829048+00
96516	AP	1000000	(0,0)	2022-08-19 19:41:30.829048+00	2022-08-19 19:41:30.829048+00
96517	AP	1000000	(0,0)	2022-08-19 19:41:30.829048+00	2022-08-19 19:41:30.829048+00
96520	AP	1000000	(0,0)	2022-08-19 19:41:30.829048+00	2022-08-19 19:41:30.829048+00
96521	AP	1000000	(0,0)	2022-08-19 19:41:30.829048+00	2022-08-19 19:41:30.829048+00
96522	AP	1000000	(0,0)	2022-08-19 19:41:30.829048+00	2022-08-19 19:41:30.829048+00
96530	AP	1000000	(0,0)	2022-08-19 19:41:30.829048+00	2022-08-19 19:41:30.829048+00
96531	AP	1000000	(0,0)	2022-08-19 19:41:30.829048+00	2022-08-19 19:41:30.829048+00
96532	AP	1000000	(0,0)	2022-08-19 19:41:30.829048+00	2022-08-19 19:41:30.829048+00
96534	AP	1000000	(0,0)	2022-08-19 19:41:30.829048+00	2022-08-19 19:41:30.829048+00
96535	AP	1000000	(0,0)	2022-08-19 19:41:30.829048+00	2022-08-19 19:41:30.829048+00
96537	AP	1000000	(0,0)	2022-08-19 19:41:30.829048+00	2022-08-19 19:41:30.829048+00
96539	AP	1000000	(0,0)	2022-08-19 19:41:30.829048+00	2022-08-19 19:41:30.829048+00
96540	AP	1000000	(0,0)	2022-08-19 19:41:30.829048+00	2022-08-19 19:41:30.829048+00
96542	AP	1000000	(0,0)	2022-08-19 19:41:30.829048+00	2022-08-19 19:41:30.829048+00
96543	AP	1000000	(0,0)	2022-08-19 19:41:30.829048+00	2022-08-19 19:41:30.829048+00
96546	AP	1000000	(0,0)	2022-08-19 19:41:30.829048+00	2022-08-19 19:41:30.829048+00
96548	AP	1000000	(0,0)	2022-08-19 19:41:30.829048+00	2022-08-19 19:41:30.829048+00
96549	AP	1000000	(0,0)	2022-08-19 19:41:30.829048+00	2022-08-19 19:41:30.829048+00
96550	AP	1000000	(0,0)	2022-08-19 19:41:30.829048+00	2022-08-19 19:41:30.829048+00
96551	AP	1000000	(0,0)	2022-08-19 19:41:30.829048+00	2022-08-19 19:41:30.829048+00
96552	AP	1000000	(0,0)	2022-08-19 19:41:30.829048+00	2022-08-19 19:41:30.829048+00
96553	AP	1000000	(0,0)	2022-08-19 19:41:30.829048+00	2022-08-19 19:41:30.829048+00
96554	AP	1000000	(0,0)	2022-08-19 19:41:30.829048+00	2022-08-19 19:41:30.829048+00
96555	AP	1000000	(0,0)	2022-08-19 19:41:30.829048+00	2022-08-19 19:41:30.829048+00
96557	AP	1000000	(0,0)	2022-08-19 19:41:30.829048+00	2022-08-19 19:41:30.829048+00
96562	AP	1000000	(0,0)	2022-08-19 19:41:30.829048+00	2022-08-19 19:41:30.829048+00
96577	AP	1000000	(0,0)	2022-08-19 19:41:30.829048+00	2022-08-19 19:41:30.829048+00
96578	AP	1000000	(0,0)	2022-08-19 19:41:30.829048+00	2022-08-19 19:41:30.829048+00
96595	AP	1000000	(0,0)	2022-08-19 19:41:30.829048+00	2022-08-19 19:41:30.829048+00
96598	AP	1000000	(0,0)	2022-08-19 19:41:30.829048+00	2022-08-19 19:41:30.829048+00
96599	AP	1000000	(0,0)	2022-08-19 19:41:30.829048+00	2022-08-19 19:41:30.829048+00
96601	AP	1000000	(0,0)	2022-08-19 19:41:30.829048+00	2022-08-19 19:41:30.829048+00
96602	AP	1000000	(0,0)	2022-08-19 19:41:30.829048+00	2022-08-19 19:41:30.829048+00
96603	AP	1000000	(0,0)	2022-08-19 19:41:30.829048+00	2022-08-19 19:41:30.829048+00
96604	AP	1000000	(0,0)	2022-08-19 19:41:30.829048+00	2022-08-19 19:41:30.829048+00
96605	AP	1000000	(0,0)	2022-08-19 19:41:30.829048+00	2022-08-19 19:41:30.829048+00
96606	AP	1000000	(0,0)	2022-08-19 19:41:30.829048+00	2022-08-19 19:41:30.829048+00
96607	AP	1000000	(0,0)	2022-08-19 19:41:30.829048+00	2022-08-19 19:41:30.829048+00
96608	AP	1000000	(0,0)	2022-08-19 19:41:30.829048+00	2022-08-19 19:41:30.829048+00
96609	AP	1000000	(0,0)	2022-08-19 19:41:30.829048+00	2022-08-19 19:41:30.829048+00
96610	AP	1000000	(0,0)	2022-08-19 19:41:30.829048+00	2022-08-19 19:41:30.829048+00
96611	AP	1000000	(0,0)	2022-08-19 19:41:30.829048+00	2022-08-19 19:41:30.829048+00
96612	AP	1000000	(0,0)	2022-08-19 19:41:30.829048+00	2022-08-19 19:41:30.829048+00
96613	AP	1000000	(0,0)	2022-08-19 19:41:30.829048+00	2022-08-19 19:41:30.829048+00
96615	AP	1000000	(0,0)	2022-08-19 19:41:30.829048+00	2022-08-19 19:41:30.829048+00
96616	AP	1000000	(0,0)	2022-08-19 19:41:30.829048+00	2022-08-19 19:41:30.829048+00
96617	AP	1000000	(0,0)	2022-08-19 19:41:30.829048+00	2022-08-19 19:41:30.829048+00
96619	AP	1000000	(0,0)	2022-08-19 19:41:30.829048+00	2022-08-19 19:41:30.829048+00
96620	AP	1000000	(0,0)	2022-08-19 19:41:30.829048+00	2022-08-19 19:41:30.829048+00
96628	AP	1000000	(0,0)	2022-08-19 19:41:30.829048+00	2022-08-19 19:41:30.829048+00
96629	AP	1000000	(0,0)	2022-08-19 19:41:30.829048+00	2022-08-19 19:41:30.829048+00
96632	AP	1000000	(0,0)	2022-08-19 19:41:30.829048+00	2022-08-19 19:41:30.829048+00
96633	AP	1000000	(0,0)	2022-08-19 19:41:30.829048+00	2022-08-19 19:41:30.829048+00
96641	AP	1000000	(0,0)	2022-08-19 19:41:30.829048+00	2022-08-19 19:41:30.829048+00
96642	AP	1000000	(0,0)	2022-08-19 19:41:30.829048+00	2022-08-19 19:41:30.829048+00
96643	AP	1000000	(0,0)	2022-08-19 19:41:30.829048+00	2022-08-19 19:41:30.829048+00
96644	AP	1000000	(0,0)	2022-08-19 19:41:30.829048+00	2022-08-19 19:41:30.829048+00
96645	AP	1000000	(0,0)	2022-08-19 19:41:30.829048+00	2022-08-19 19:41:30.829048+00
96649	AP	1000000	(0,0)	2022-08-19 19:41:30.829048+00	2022-08-19 19:41:30.829048+00
96650	AP	1000000	(0,0)	2022-08-19 19:41:30.829048+00	2022-08-19 19:41:30.829048+00
96657	AP	1000000	(0,0)	2022-08-19 19:41:30.829048+00	2022-08-19 19:41:30.829048+00
96660	AP	1000000	(0,0)	2022-08-19 19:41:30.829048+00	2022-08-19 19:41:30.829048+00
96661	AP	1000000	(0,0)	2022-08-19 19:41:30.829048+00	2022-08-19 19:41:30.829048+00
96662	AP	1000000	(0,0)	2022-08-19 19:41:30.829048+00	2022-08-19 19:41:30.829048+00
96663	AP	1000000	(0,0)	2022-08-19 19:41:30.829048+00	2022-08-19 19:41:30.829048+00
96664	AP	1000000	(0,0)	2022-08-19 19:41:30.829048+00	2022-08-19 19:41:30.829048+00
96665	AP	1000000	(0,0)	2022-08-19 19:41:30.829048+00	2022-08-19 19:41:30.829048+00
96666	AP	1000000	(0,0)	2022-08-19 19:41:30.829048+00	2022-08-19 19:41:30.829048+00
96667	AP	1000000	(0,0)	2022-08-19 19:41:30.829048+00	2022-08-19 19:41:30.829048+00
96668	AP	1000000	(0,0)	2022-08-19 19:41:30.829048+00	2022-08-19 19:41:30.829048+00
96669	AP	1000000	(0,0)	2022-08-19 19:41:30.829048+00	2022-08-19 19:41:30.829048+00
96670	AP	1000000	(0,0)	2022-08-19 19:41:30.829048+00	2022-08-19 19:41:30.829048+00
96671	AP	1000000	(0,0)	2022-08-19 19:41:30.829048+00	2022-08-19 19:41:30.829048+00
96672	AP	1000000	(0,0)	2022-08-19 19:41:30.829048+00	2022-08-19 19:41:30.829048+00
96673	AP	1000000	(0,0)	2022-08-19 19:41:30.829048+00	2022-08-19 19:41:30.829048+00
96674	AP	1000000	(0,0)	2022-08-19 19:41:30.829048+00	2022-08-19 19:41:30.829048+00
96675	AP	1000000	(0,0)	2022-08-19 19:41:30.829048+00	2022-08-19 19:41:30.829048+00
96677	AP	1000000	(0,0)	2022-08-19 19:41:30.829048+00	2022-08-19 19:41:30.829048+00
96678	AP	1000000	(0,0)	2022-08-19 19:41:30.829048+00	2022-08-19 19:41:30.829048+00
96679	AP	1000000	(0,0)	2022-08-19 19:41:30.829048+00	2022-08-19 19:41:30.829048+00
96681	AP	1000000	(0,0)	2022-08-19 19:41:30.829048+00	2022-08-19 19:41:30.829048+00
96682	AP	1000000	(0,0)	2022-08-19 19:41:30.829048+00	2022-08-19 19:41:30.829048+00
96683	AP	1000000	(0,0)	2022-08-19 19:41:30.829048+00	2022-08-19 19:41:30.829048+00
96686	AP	1000000	(0,0)	2022-08-19 19:41:30.829048+00	2022-08-19 19:41:30.829048+00
96691	AP	1000000	(0,0)	2022-08-19 19:41:30.829048+00	2022-08-19 19:41:30.829048+00
96692	AP	1000000	(0,0)	2022-08-19 19:41:30.829048+00	2022-08-19 19:41:30.829048+00
96693	AP	1000000	(0,0)	2022-08-19 19:41:30.829048+00	2022-08-19 19:41:30.829048+00
96694	AP	1000000	(0,0)	2022-08-19 19:41:30.829048+00	2022-08-19 19:41:30.829048+00
96695	AP	1000000	(0,0)	2022-08-19 19:41:30.829048+00	2022-08-19 19:41:30.829048+00
96696	AP	1000000	(0,0)	2022-08-19 19:41:30.829048+00	2022-08-19 19:41:30.829048+00
96698	AP	1000000	(0,0)	2022-08-19 19:41:30.829048+00	2022-08-19 19:41:30.829048+00
601	PR	16001	(18.16,-66.72)	2022-08-19 19:41:30.829048+00	2022-08-19 19:41:30.829048+00
602	PR	19801	(18.38,-67.18)	2022-08-19 19:41:30.829048+00	2022-08-19 19:41:30.829048+00
603	PR	18973	(18.43,-67.15)	2022-08-19 19:41:30.829048+00	2022-08-19 19:41:30.829048+00
604	PR	0	(18.43,-67.15)	2022-08-19 19:41:30.829048+00	2022-08-19 19:41:30.829048+00
605	PR	0	(18.43,-67.15)	2022-08-19 19:41:30.829048+00	2022-08-19 19:41:30.829048+00
606	PR	15298	(18.18,-66.98)	2022-08-19 19:41:30.829048+00	2022-08-19 19:41:30.829048+00
610	PR	23612	(18.28,-67.14)	2022-08-19 19:41:30.829048+00	2022-08-19 19:41:30.829048+00
611	PR	0	(18.28,-66.79)	2022-08-19 19:41:30.829048+00	2022-08-19 19:41:30.829048+00
612	PR	24339	(18.45,-66.73)	2022-08-19 19:41:30.829048+00	2022-08-19 19:41:30.829048+00
613	PR	0	(18.45,-66.73)	2022-08-19 19:41:30.829048+00	2022-08-19 19:41:30.829048+00
614	PR	0	(18.45,-66.73)	2022-08-19 19:41:30.829048+00	2022-08-19 19:41:30.829048+00
616	PR	20805	(18.42,-66.67)	2022-08-19 19:41:30.829048+00	2022-08-19 19:41:30.829048+00
617	PR	19838	(18.45,-66.56)	2022-08-19 19:41:30.829048+00	2022-08-19 19:41:30.829048+00
622	PR	17290	(17.99,-67.15)	2022-08-19 19:41:30.829048+00	2022-08-19 19:41:30.829048+00
623	PR	20448	(18.08,-67.14)	2022-08-19 19:41:30.829048+00	2022-08-19 19:41:30.829048+00
624	PR	19342	(18.06,-66.72)	2022-08-19 19:41:30.829048+00	2022-08-19 19:41:30.829048+00
627	PR	20616	(18.48,-66.84)	2022-08-19 19:41:30.829048+00	2022-08-19 19:41:30.829048+00
631	PR	12188	(18.19,-66.82)	2022-08-19 19:41:30.829048+00	2022-08-19 19:41:30.829048+00
636	PR	0	(18.15,-67.06)	2022-08-19 19:41:30.829048+00	2022-08-19 19:41:30.829048+00
637	PR	22106	(18.08,-66.96)	2022-08-19 19:41:30.829048+00	2022-08-19 19:41:30.829048+00
638	PR	18914	(18.33,-66.47)	2022-08-19 19:41:30.829048+00	2022-08-19 19:41:30.829048+00
641	PR	19972	(18.27,-66.7)	2022-08-19 19:41:30.829048+00	2022-08-19 19:41:30.829048+00
646	PR	37357	(18.47,-66.27)	2022-08-19 19:41:30.829048+00	2022-08-19 19:41:30.829048+00
647	PR	17659	(17.96,-66.94)	2022-08-19 19:41:30.829048+00	2022-08-19 19:41:30.829048+00
650	PR	22310	(18.36,-66.56)	2022-08-19 19:41:30.829048+00	2022-08-19 19:41:30.829048+00
652	PR	24154	(18.45,-66.6)	2022-08-19 19:41:30.829048+00	2022-08-19 19:41:30.829048+00
653	PR	15234	(17.99,-66.89)	2022-08-19 19:41:30.829048+00	2022-08-19 19:41:30.829048+00
656	PR	19699	(18.02,-66.79)	2022-08-19 19:41:30.829048+00	2022-08-19 19:41:30.829048+00
659	PR	23679	(18.48,-66.82)	2022-08-19 19:41:30.829048+00	2022-08-19 19:41:30.829048+00
660	PR	23658	(18.14,-67.12)	2022-08-19 19:41:30.829048+00	2022-08-19 19:41:30.829048+00
662	PR	18840	(18.5,-67.02)	2022-08-19 19:41:30.829048+00	2022-08-19 19:41:30.829048+00
664	PR	17403	(18.22,-66.59)	2022-08-19 19:41:30.829048+00	2022-08-19 19:41:30.829048+00
667	PR	16166	(18.04,-67.06)	2022-08-19 19:41:30.829048+00	2022-08-19 19:41:30.829048+00
669	PR	19540	(18.29,-66.88)	2022-08-19 19:41:30.829048+00	2022-08-19 19:41:30.829048+00
670	PR	17861	(18.27,-67.06)	2022-08-19 19:41:30.829048+00	2022-08-19 19:41:30.829048+00
674	PR	23424	(18.43,-66.48)	2022-08-19 19:41:30.829048+00	2022-08-19 19:41:30.829048+00
676	PR	18630	(18.39,-67.11)	2022-08-19 19:41:30.829048+00	2022-08-19 19:41:30.829048+00
677	PR	29440	(18.34,-67.25)	2022-08-19 19:41:30.829048+00	2022-08-19 19:41:30.829048+00
678	PR	20992	(18.47,-66.93)	2022-08-19 19:41:30.829048+00	2022-08-19 19:41:30.829048+00
680	PR	20674	(18.2,-67.14)	2022-08-19 19:41:30.829048+00	2022-08-19 19:41:30.829048+00
681	PR	0	(18.2,-67.14)	2022-08-19 19:41:30.829048+00	2022-08-19 19:41:30.829048+00
682	PR	20240	(18.22,-67.16)	2022-08-19 19:41:30.829048+00	2022-08-19 19:41:30.829048+00
683	PR	21870	(18.08,-67.04)	2022-08-19 19:41:30.829048+00	2022-08-19 19:41:30.829048+00
685	PR	18690	(18.33,-66.99)	2022-08-19 19:41:30.829048+00	2022-08-19 19:41:30.829048+00
687	PR	22147	(18.32,-66.4)	2022-08-19 19:41:30.829048+00	2022-08-19 19:41:30.829048+00
688	PR	20520	(18.38,-66.62)	2022-08-19 19:41:30.829048+00	2022-08-19 19:41:30.829048+00
690	PR	22042	(18.49,-67.09)	2022-08-19 19:41:30.829048+00	2022-08-19 19:41:30.829048+00
692	PR	23253	(18.41,-66.32)	2022-08-19 19:41:30.829048+00	2022-08-19 19:41:30.829048+00
693	PR	24677	(18.44,-66.39)	2022-08-19 19:41:30.829048+00	2022-08-19 19:41:30.829048+00
694	PR	0	(18.48,-66.39)	2022-08-19 19:41:30.829048+00	2022-08-19 19:41:30.829048+00
698	PR	20794	(18.03,-66.86)	2022-08-19 19:41:30.829048+00	2022-08-19 19:41:30.829048+00
703	PR	21940	(18.25,-66.1)	2022-08-19 19:41:30.829048+00	2022-08-19 19:41:30.829048+00
704	PR	20742	(17.96,-66.22)	2022-08-19 19:41:30.829048+00	2022-08-19 19:41:30.829048+00
705	PR	23627	(18.14,-66.26)	2022-08-19 19:41:30.829048+00	2022-08-19 19:41:30.829048+00
707	PR	23232	(18,-65.9)	2022-08-19 19:41:30.829048+00	2022-08-19 19:41:30.829048+00
714	PR	19524	(17.97,-66.06)	2022-08-19 19:41:30.829048+00	2022-08-19 19:41:30.829048+00
715	PR	13750	(18.01,-66.56)	2022-08-19 19:41:30.829048+00	2022-08-19 19:41:30.829048+00
716	PR	21350	(17.98,-66.6)	2022-08-19 19:41:30.829048+00	2022-08-19 19:41:30.829048+00
717	PR	16926	(18,-66.61)	2022-08-19 19:41:30.829048+00	2022-08-19 19:41:30.829048+00
718	PR	21011	(18.21,-65.73)	2022-08-19 19:41:30.829048+00	2022-08-19 19:41:30.829048+00
719	PR	23625	(18.3,-66.24)	2022-08-19 19:41:30.829048+00	2022-08-19 19:41:30.829048+00
720	PR	16709	(18.22,-66.39)	2022-08-19 19:41:30.829048+00	2022-08-19 19:41:30.829048+00
721	PR	0	(18.37,-65.77)	2022-08-19 19:41:30.829048+00	2022-08-19 19:41:30.829048+00
723	PR	19915	(18,-66.01)	2022-08-19 19:41:30.829048+00	2022-08-19 19:41:30.829048+00
725	PR	26273	(18.23,-66.03)	2022-08-19 19:41:30.829048+00	2022-08-19 19:41:30.829048+00
726	PR	0	(18.23,-66.03)	2022-08-19 19:41:30.829048+00	2022-08-19 19:41:30.829048+00
727	PR	37017	(18.22,-66.07)	2022-08-19 19:41:30.829048+00	2022-08-19 19:41:30.829048+00
728	PR	22100	(17.99,-66.66)	2022-08-19 19:41:30.829048+00	2022-08-19 19:41:30.829048+00
729	PR	26701	(18.37,-65.9)	2022-08-19 19:41:30.829048+00	2022-08-19 19:41:30.829048+00
730	PR	19328	(18.03,-66.62)	2022-08-19 19:41:30.829048+00	2022-08-19 19:41:30.829048+00
731	PR	19853	(18.11,-66.63)	2022-08-19 19:41:30.829048+00	2022-08-19 19:41:30.829048+00
732	PR	0	(17.98,-66.6)	2022-08-19 19:41:30.829048+00	2022-08-19 19:41:30.829048+00
733	PR	0	(17.98,-66.6)	2022-08-19 19:41:30.829048+00	2022-08-19 19:41:30.829048+00
734	PR	0	(17.98,-66.6)	2022-08-19 19:41:30.829048+00	2022-08-19 19:41:30.829048+00
735	PR	22403	(18.25,-65.68)	2022-08-19 19:41:30.829048+00	2022-08-19 19:41:30.829048+00
736	PR	25507	(18.11,-66.16)	2022-08-19 19:41:30.829048+00	2022-08-19 19:41:30.829048+00
737	PR	0	(18.11,-66.16)	2022-08-19 19:41:30.829048+00	2022-08-19 19:41:30.829048+00
738	PR	24045	(18.33,-65.65)	2022-08-19 19:41:30.829048+00	2022-08-19 19:41:30.829048+00
739	PR	22474	(18.17,-66.15)	2022-08-19 19:41:30.829048+00	2022-08-19 19:41:30.829048+00
740	PR	15061	(18.33,-65.63)	2022-08-19 19:41:30.829048+00	2022-08-19 19:41:30.829048+00
741	PR	25750	(18.16,-65.75)	2022-08-19 19:41:30.829048+00	2022-08-19 19:41:30.829048+00
742	PR	0	(18.27,-65.65)	2022-08-19 19:41:30.829048+00	2022-08-19 19:41:30.829048+00
744	PR	0	(18.22,-65.79)	2022-08-19 19:41:30.829048+00	2022-08-19 19:41:30.829048+00
745	PR	27260	(18.38,-65.83)	2022-08-19 19:41:30.829048+00	2022-08-19 19:41:30.829048+00
751	PR	21315	(17.97,-66.29)	2022-08-19 19:41:30.829048+00	2022-08-19 19:41:30.829048+00
754	PR	23476	(18.19,-65.96)	2022-08-19 19:41:30.829048+00	2022-08-19 19:41:30.829048+00
757	PR	23965	(17.97,-66.4)	2022-08-19 19:41:30.829048+00	2022-08-19 19:41:30.829048+00
765	PR	22301	(18.13,-65.44)	2022-08-19 19:41:30.829048+00	2022-08-19 19:41:30.829048+00
766	PR	23195	(18.13,-66.48)	2022-08-19 19:41:30.829048+00	2022-08-19 19:41:30.829048+00
767	PR	20785	(18.04,-65.87)	2022-08-19 19:41:30.829048+00	2022-08-19 19:41:30.829048+00
769	PR	24221	(18.08,-66.36)	2022-08-19 19:41:30.829048+00	2022-08-19 19:41:30.829048+00
771	PR	25175	(18.18,-65.86)	2022-08-19 19:41:30.829048+00	2022-08-19 19:41:30.829048+00
772	PR	20101	(18.43,-65.88)	2022-08-19 19:41:30.829048+00	2022-08-19 19:41:30.829048+00
773	PR	25135	(18.37,-65.71)	2022-08-19 19:41:30.829048+00	2022-08-19 19:41:30.829048+00
775	PR	33625	(18.33,-65.3)	2022-08-19 19:41:30.829048+00	2022-08-19 19:41:30.829048+00
777	PR	21426	(18.22,-65.91)	2022-08-19 19:41:30.829048+00	2022-08-19 19:41:30.829048+00
778	PR	39044	(18.25,-65.97)	2022-08-19 19:41:30.829048+00	2022-08-19 19:41:30.829048+00
780	PR	23592	(18.09,-66.57)	2022-08-19 19:41:30.829048+00	2022-08-19 19:41:30.829048+00
782	PR	16700	(18.22,-66.22)	2022-08-19 19:41:30.829048+00	2022-08-19 19:41:30.829048+00
783	PR	17808	(18.34,-66.31)	2022-08-19 19:41:30.829048+00	2022-08-19 19:41:30.829048+00
784	PR	21116	(17.97,-66.11)	2022-08-19 19:41:30.829048+00	2022-08-19 19:41:30.829048+00
785	PR	0	(17.97,-66.11)	2022-08-19 19:41:30.829048+00	2022-08-19 19:41:30.829048+00
786	PR	37552	(18.16,-66.23)	2022-08-19 19:41:30.829048+00	2022-08-19 19:41:30.829048+00
791	PR	25582	(18.15,-65.81)	2022-08-19 19:41:30.829048+00	2022-08-19 19:41:30.829048+00
792	PR	0	(18.15,-65.81)	2022-08-19 19:41:30.829048+00	2022-08-19 19:41:30.829048+00
794	PR	19682	(18.18,-66.3)	2022-08-19 19:41:30.829048+00	2022-08-19 19:41:30.829048+00
795	PR	23528	(18.05,-66.5)	2022-08-19 19:41:30.829048+00	2022-08-19 19:41:30.829048+00
801	VI	0	(18.35,-64.93)	2022-08-19 19:41:30.829048+00	2022-08-19 19:41:30.829048+00
802	VI	0	(18.35,-64.93)	2022-08-19 19:41:30.829048+00	2022-08-19 19:41:30.829048+00
803	VI	0	(18.35,-64.93)	2022-08-19 19:41:30.829048+00	2022-08-19 19:41:30.829048+00
804	VI	0	(18.35,-64.93)	2022-08-19 19:41:30.829048+00	2022-08-19 19:41:30.829048+00
805	VI	0	(18.34,-64.93)	2022-08-19 19:41:30.829048+00	2022-08-19 19:41:30.829048+00
820	VI	0	(17.74,-64.7)	2022-08-19 19:41:30.829048+00	2022-08-19 19:41:30.829048+00
821	VI	0	(17.74,-64.7)	2022-08-19 19:41:30.829048+00	2022-08-19 19:41:30.829048+00
822	VI	0	(17.74,-64.7)	2022-08-19 19:41:30.829048+00	2022-08-19 19:41:30.829048+00
823	VI	0	(17.74,-64.7)	2022-08-19 19:41:30.829048+00	2022-08-19 19:41:30.829048+00
824	VI	0	(17.74,-64.7)	2022-08-19 19:41:30.829048+00	2022-08-19 19:41:30.829048+00
830	VI	0	(18.33,-64.79)	2022-08-19 19:41:30.829048+00	2022-08-19 19:41:30.829048+00
831	VI	0	(18.33,-64.79)	2022-08-19 19:41:30.829048+00	2022-08-19 19:41:30.829048+00
840	VI	0	(17.71,-64.88)	2022-08-19 19:41:30.829048+00	2022-08-19 19:41:30.829048+00
841	VI	0	(17.71,-64.88)	2022-08-19 19:41:30.829048+00	2022-08-19 19:41:30.829048+00
850	VI	0	(17.76,-64.82)	2022-08-19 19:41:30.829048+00	2022-08-19 19:41:30.829048+00
851	VI	0	(17.73,-64.8)	2022-08-19 19:41:30.829048+00	2022-08-19 19:41:30.829048+00
901	PR	40839	(18.47,-66.1)	2022-08-19 19:41:30.829048+00	2022-08-19 19:41:30.829048+00
902	PR	0	(18.4,-66.06)	2022-08-19 19:41:30.829048+00	2022-08-19 19:41:30.829048+00
906	PR	0	(18.46,-66.09)	2022-08-19 19:41:30.829048+00	2022-08-19 19:41:30.829048+00
907	PR	54813	(18.45,-66.08)	2022-08-19 19:41:30.829048+00	2022-08-19 19:41:30.829048+00
908	PR	0	(18.4,-66.06)	2022-08-19 19:41:30.829048+00	2022-08-19 19:41:30.829048+00
909	PR	24201	(18.44,-66.07)	2022-08-19 19:41:30.829048+00	2022-08-19 19:41:30.829048+00
910	PR	0	(18.4,-66.06)	2022-08-19 19:41:30.829048+00	2022-08-19 19:41:30.829048+00
911	PR	52912	(18.45,-66.06)	2022-08-19 19:41:30.829048+00	2022-08-19 19:41:30.829048+00
912	PR	28107	(18.45,-66.06)	2022-08-19 19:41:30.829048+00	2022-08-19 19:41:30.829048+00
913	PR	4506	(18.45,-66.04)	2022-08-19 19:41:30.829048+00	2022-08-19 19:41:30.829048+00
914	PR	0	(18.4,-66.06)	2022-08-19 19:41:30.829048+00	2022-08-19 19:41:30.829048+00
915	PR	15508	(18.44,-66.05)	2022-08-19 19:41:30.829048+00	2022-08-19 19:41:30.829048+00
916	PR	0	(18.4,-66.06)	2022-08-19 19:41:30.829048+00	2022-08-19 19:41:30.829048+00
917	PR	21911	(18.42,-66.05)	2022-08-19 19:41:30.829048+00	2022-08-19 19:41:30.829048+00
918	PR	43022	(18.42,-66.07)	2022-08-19 19:41:30.829048+00	2022-08-19 19:41:30.829048+00
919	PR	0	(18.4,-66.06)	2022-08-19 19:41:30.829048+00	2022-08-19 19:41:30.829048+00
920	PR	33612	(18.41,-66.09)	2022-08-19 19:41:30.829048+00	2022-08-19 19:41:30.829048+00
921	PR	23803	(18.39,-66.09)	2022-08-19 19:41:30.829048+00	2022-08-19 19:41:30.829048+00
922	PR	0	(18.4,-66.06)	2022-08-19 19:41:30.829048+00	2022-08-19 19:41:30.829048+00
923	PR	18466	(18.41,-66.04)	2022-08-19 19:41:30.829048+00	2022-08-19 19:41:30.829048+00
924	PR	20848	(18.4,-66.01)	2022-08-19 19:41:30.829048+00	2022-08-19 19:41:30.829048+00
925	PR	17024	(18.4,-66.05)	2022-08-19 19:41:30.829048+00	2022-08-19 19:41:30.829048+00
926	PR	45197	(18.35,-66.05)	2022-08-19 19:41:30.829048+00	2022-08-19 19:41:30.829048+00
927	PR	51667	(18.4,-66.06)	2022-08-19 19:41:30.829048+00	2022-08-19 19:41:30.829048+00
928	PR	0	(18.4,-66.06)	2022-08-19 19:41:30.829048+00	2022-08-19 19:41:30.829048+00
929	PR	0	(18.4,-66.06)	2022-08-19 19:41:30.829048+00	2022-08-19 19:41:30.829048+00
930	PR	0	(18.4,-66.06)	2022-08-19 19:41:30.829048+00	2022-08-19 19:41:30.829048+00
931	PR	0	(18.4,-66.06)	2022-08-19 19:41:30.829048+00	2022-08-19 19:41:30.829048+00
933	PR	0	(18.4,-66.06)	2022-08-19 19:41:30.829048+00	2022-08-19 19:41:30.829048+00
934	PR	0	(18.41,-66.12)	2022-08-19 19:41:30.829048+00	2022-08-19 19:41:30.829048+00
935	PR	0	(18.4,-66.06)	2022-08-19 19:41:30.829048+00	2022-08-19 19:41:30.829048+00
936	PR	0	(18.4,-66.07)	2022-08-19 19:41:30.829048+00	2022-08-19 19:41:30.829048+00
937	PR	0	(18.4,-66.06)	2022-08-19 19:41:30.829048+00	2022-08-19 19:41:30.829048+00
939	PR	0	(18.4,-66.06)	2022-08-19 19:41:30.829048+00	2022-08-19 19:41:30.829048+00
940	PR	0	(18.4,-66.06)	2022-08-19 19:41:30.829048+00	2022-08-19 19:41:30.829048+00
949	PR	32175	(18.44,-66.25)	2022-08-19 19:41:30.829048+00	2022-08-19 19:41:30.829048+00
950	PR	0	(18.46,-66.23)	2022-08-19 19:41:30.829048+00	2022-08-19 19:41:30.829048+00
951	PR	0	(18.43,-66.25)	2022-08-19 19:41:30.829048+00	2022-08-19 19:41:30.829048+00
952	PR	18679	(18.42,-66.19)	2022-08-19 19:41:30.829048+00	2022-08-19 19:41:30.829048+00
953	PR	34545	(18.39,-66.25)	2022-08-19 19:41:30.829048+00	2022-08-19 19:41:30.829048+00
954	PR	0	(18.39,-66.25)	2022-08-19 19:41:30.829048+00	2022-08-19 19:41:30.829048+00
955	PR	0	(18.4,-66.06)	2022-08-19 19:41:30.829048+00	2022-08-19 19:41:30.829048+00
956	PR	27862	(18.32,-66.17)	2022-08-19 19:41:30.829048+00	2022-08-19 19:41:30.829048+00
957	PR	30522	(18.37,-66.19)	2022-08-19 19:41:30.829048+00	2022-08-19 19:41:30.829048+00
958	PR	0	(18.28,-66.13)	2022-08-19 19:41:30.829048+00	2022-08-19 19:41:30.829048+00
959	PR	36643	(18.39,-66.15)	2022-08-19 19:41:30.829048+00	2022-08-19 19:41:30.829048+00
960	PR	0	(18.42,-66.15)	2022-08-19 19:41:30.829048+00	2022-08-19 19:41:30.829048+00
961	PR	36292	(18.41,-66.17)	2022-08-19 19:41:30.829048+00	2022-08-19 19:41:30.829048+00
962	PR	18520	(18.44,-66.15)	2022-08-19 19:41:30.829048+00	2022-08-19 19:41:30.829048+00
963	PR	0	(18.43,-66.11)	2022-08-19 19:41:30.829048+00	2022-08-19 19:41:30.829048+00
965	PR	19460	(18.43,-66.11)	2022-08-19 19:41:30.829048+00	2022-08-19 19:41:30.829048+00
966	PR	65114	(18.4,-66.12)	2022-08-19 19:41:30.829048+00	2022-08-19 19:41:30.829048+00
968	PR	88869	(18.41,-66.1)	2022-08-19 19:41:30.829048+00	2022-08-19 19:41:30.829048+00
969	PR	58539	(18.38,-66.11)	2022-08-19 19:41:30.829048+00	2022-08-19 19:41:30.829048+00
970	PR	0	(18.38,-66.11)	2022-08-19 19:41:30.829048+00	2022-08-19 19:41:30.829048+00
971	PR	29418	(18.32,-66.12)	2022-08-19 19:41:30.829048+00	2022-08-19 19:41:30.829048+00
975	PR	0	(18.4,-66.06)	2022-08-19 19:41:30.829048+00	2022-08-19 19:41:30.829048+00
976	PR	39346	(18.36,-66.01)	2022-08-19 19:41:30.829048+00	2022-08-19 19:41:30.829048+00
977	PR	0	(18.36,-66.01)	2022-08-19 19:41:30.829048+00	2022-08-19 19:41:30.829048+00
978	PR	0	(18.37,-66.01)	2022-08-19 19:41:30.829048+00	2022-08-19 19:41:30.829048+00
979	PR	47639	(18.44,-66.03)	2022-08-19 19:41:30.829048+00	2022-08-19 19:41:30.829048+00
981	PR	0	(18.4,-65.98)	2022-08-19 19:41:30.829048+00	2022-08-19 19:41:30.829048+00
982	PR	28143	(18.41,-65.99)	2022-08-19 19:41:30.829048+00	2022-08-19 19:41:30.829048+00
983	PR	30010	(18.4,-65.98)	2022-08-19 19:41:30.829048+00	2022-08-19 19:41:30.829048+00
984	PR	0	(18.4,-65.98)	2022-08-19 19:41:30.829048+00	2022-08-19 19:41:30.829048+00
985	PR	31349	(18.41,-65.95)	2022-08-19 19:41:30.829048+00	2022-08-19 19:41:30.829048+00
986	PR	0	(18.4,-65.98)	2022-08-19 19:41:30.829048+00	2022-08-19 19:41:30.829048+00
987	PR	37438	(18.34,-65.94)	2022-08-19 19:41:30.829048+00	2022-08-19 19:41:30.829048+00
988	PR	0	(18.4,-65.98)	2022-08-19 19:41:30.829048+00	2022-08-19 19:41:30.829048+00
96799	AS	0	(-14.27,-170.7)	2022-08-19 19:41:30.829048+00	2022-08-19 19:41:30.829048+00
96910	GU	0	(13.47,144.74)	2022-08-19 19:41:30.829048+00	2022-08-19 19:41:30.829048+00
96912	GU	0	(13.51,144.83)	2022-08-19 19:41:30.829048+00	2022-08-19 19:41:30.829048+00
96913	GU	0	(13.46,144.79)	2022-08-19 19:41:30.829048+00	2022-08-19 19:41:30.829048+00
96915	GU	0	(13.38,144.66)	2022-08-19 19:41:30.829048+00	2022-08-19 19:41:30.829048+00
96916	GU	0	(13.26,144.66)	2022-08-19 19:41:30.829048+00	2022-08-19 19:41:30.829048+00
96917	GU	0	(13.27,144.74)	2022-08-19 19:41:30.829048+00	2022-08-19 19:41:30.829048+00
96919	GU	0	(13.46,144.74)	2022-08-19 19:41:30.829048+00	2022-08-19 19:41:30.829048+00
96921	GU	0	(13.46,144.79)	2022-08-19 19:41:30.829048+00	2022-08-19 19:41:30.829048+00
96923	GU	0	(13.43,144.79)	2022-08-19 19:41:30.829048+00	2022-08-19 19:41:30.829048+00
96928	GU	0	(13.38,144.65)	2022-08-19 19:41:30.829048+00	2022-08-19 19:41:30.829048+00
96929	GU	0	(13.53,144.88)	2022-08-19 19:41:30.829048+00	2022-08-19 19:41:30.829048+00
96931	GU	0	(13.48,144.77)	2022-08-19 19:41:30.829048+00	2022-08-19 19:41:30.829048+00
96932	GU	0	(13.47,144.74)	2022-08-19 19:41:30.829048+00	2022-08-19 19:41:30.829048+00
96939	PW	0	(7.51,134.58)	2022-08-19 19:41:30.829048+00	2022-08-19 19:41:30.829048+00
96940	PW	0	(7.5,134.5)	2022-08-19 19:41:30.829048+00	2022-08-19 19:41:30.829048+00
96941	FM	0	(6.85,158.26)	2022-08-19 19:41:30.829048+00	2022-08-19 19:41:30.829048+00
96942	FM	0	(7.33,151.8)	2022-08-19 19:41:30.829048+00	2022-08-19 19:41:30.829048+00
96943	FM	0	(9.5,138.14)	2022-08-19 19:41:30.829048+00	2022-08-19 19:41:30.829048+00
96944	FM	0	(5.29,162.97)	2022-08-19 19:41:30.829048+00	2022-08-19 19:41:30.829048+00
96950	MP	0	(15.17,145.75)	2022-08-19 19:41:30.829048+00	2022-08-19 19:41:30.829048+00
96951	MP	0	(14.15,145.21)	2022-08-19 19:41:30.829048+00	2022-08-19 19:41:30.829048+00
96952	MP	0	(15,145.63)	2022-08-19 19:41:30.829048+00	2022-08-19 19:41:30.829048+00
96960	MH	0	(7.11,171.18)	2022-08-19 19:41:30.829048+00	2022-08-19 19:41:30.829048+00
96970	MH	0	(8.78,167.73)	2022-08-19 19:41:30.829048+00	2022-08-19 19:41:30.829048+00
\.


--
-- Data for Name: schools; Type: TABLE DATA; Schema: upchieve; Owner: admin
--

COPY upchieve.schools (id, name, approved, partner, city_id, created_at, updated_at, mongo_id, legacy_city_name) FROM stdin;
0182b7a0-02fc-c7e8-409a-b13655e55bc4	Unapproved School	f	f	1	2022-08-19 19:41:33.309034+00	2022-08-19 19:41:33.309034+00	\N	\N
0182b7a0-02fc-1bc0-1835-0247f443e898	Approved School	t	f	1	2022-08-19 19:41:33.311561+00	2022-08-19 19:41:33.311561+00	\N	\N
0182b7a0-02fc-bf5f-3bfd-b7b0e77914f9	Approved Partner School	t	t	2	2022-08-19 19:41:33.312715+00	2022-08-19 19:41:33.312715+00	\N	\N
0182b7a0-02fc-3453-d211-3085bd0f2a91	Another Approved Partner School	t	t	2	2022-08-19 19:41:33.313902+00	2022-08-19 19:41:33.313902+00	\N	\N
\.


--
-- Data for Name: ineligible_students; Type: TABLE DATA; Schema: upchieve; Owner: admin
--

COPY upchieve.ineligible_students (id, email, postal_code, ip_address_id, school_id, grade_level_id, created_at, updated_at, mongo_id, referred_by) FROM stdin;
\.


--
-- Data for Name: legacy_availability_histories; Type: TABLE DATA; Schema: upchieve; Owner: admin
--

COPY upchieve.legacy_availability_histories (id, mongo_id, user_id, timezone, recorded_at, legacy_availability, created_at, updated_at) FROM stdin;
\.


--
-- Data for Name: notification_methods; Type: TABLE DATA; Schema: upchieve; Owner: admin
--

COPY upchieve.notification_methods (id, method, created_at, updated_at) FROM stdin;
1	sms	2022-08-19 19:41:30.597059+00	2022-08-19 19:41:30.597059+00
2	push	2022-08-19 19:41:30.598381+00	2022-08-19 19:41:30.598381+00
3	voice	2022-08-19 19:41:30.600347+00	2022-08-19 19:41:30.600347+00
4	email	2022-08-19 19:41:30.601225+00	2022-08-19 19:41:30.601225+00
\.


--
-- Data for Name: notification_priority_groups; Type: TABLE DATA; Schema: upchieve; Owner: admin
--

COPY upchieve.notification_priority_groups (id, name, priority, created_at, updated_at) FROM stdin;
1	follow-up	-1	2022-08-19 19:41:30.602557+00	2022-08-19 19:41:30.602557+00
11	LEGACY: Regular volunteers - not notified in the last 7 days	-1	2022-08-19 19:41:30.616424+00	2022-08-19 19:41:30.616424+00
12	LEGACY: Partner volunteers - not notified in the last 7 days	-1	2022-08-19 19:41:30.618146+00	2022-08-19 19:41:30.618146+00
13	LEGACY: Partner volunteers - not notified in the last 3 days	-1	2022-08-19 19:41:30.619421+00	2022-08-19 19:41:30.619421+00
14	LEGACY: All volunteers - not notified in the last 15 mins who don't have "high level subjects"	-1	2022-08-19 19:41:30.621505+00	2022-08-19 19:41:30.621505+00
15	LEGACY: Mizuho and Atlassian volunteers - Not notified in last 3 days	-1	2022-08-19 19:41:30.624043+00	2022-08-19 19:41:30.624043+00
16	LEGACY: null	-1	2022-08-19 19:41:30.625258+00	2022-08-19 19:41:30.625258+00
2	Partner volunteers - not notified in the last 3 days AND they don't have "high level subjects"	20	2022-08-19 19:41:30.603769+00	2022-08-19 19:41:30.815614+00
3	Regular volunteers - not notified in the last 3 days AND they don't have "high level subjects"	30	2022-08-19 19:41:30.604942+00	2022-08-19 19:41:30.815614+00
4	Partner volunteers - not notified in the last 24 hours AND they don't have "high level subjects"	40	2022-08-19 19:41:30.60619+00	2022-08-19 19:41:30.815614+00
5	Regular volunteers - not notified in the last 24 hours AND they don't have "high level subjects"	50	2022-08-19 19:41:30.607377+00	2022-08-19 19:41:30.815614+00
6	All volunteers - not notified in the last 24 hours	60	2022-08-19 19:41:30.608445+00	2022-08-19 19:41:30.815614+00
7	All volunteers - not notified in the last 60 mins	70	2022-08-19 19:41:30.609482+00	2022-08-19 19:41:30.815614+00
8	All volunteers - not notified in the last 15 mins	80	2022-08-19 19:41:30.611513+00	2022-08-19 19:41:30.815614+00
9	Verizon volunteers - not notified in the last 24 hours AND they don't have "high level subjects"	90	2022-08-19 19:41:30.612688+00	2022-08-19 19:41:30.815614+00
10	Verizon volunteers - not notified in the last 3 days AND they don't have "high level subjects"	100	2022-08-19 19:41:30.614752+00	2022-08-19 19:41:30.815614+00
17	Favorite volunteers - not notified in the last 15 mins	10	2022-08-19 19:41:30.815614+00	2022-08-19 19:41:30.815614+00
18	Associated partner volunteers - not notified in the last 24 hours AND they don't have "high level subjects"	85	2022-08-19 19:41:30.85086+00	2022-08-19 19:41:30.85086+00
19	Associated partner volunteers - not notified in the last 3 days AND they don't have "high level subjects"	95	2022-08-19 19:41:30.85086+00	2022-08-19 19:41:30.85086+00
\.


--
-- Data for Name: notification_types; Type: TABLE DATA; Schema: upchieve; Owner: admin
--

COPY upchieve.notification_types (id, type, created_at, updated_at) FROM stdin;
1	initial	2022-08-19 19:41:30.594762+00	2022-08-19 19:41:30.594762+00
2	followup	2022-08-19 19:41:30.596042+00	2022-08-19 19:41:30.596042+00
\.


--
-- Data for Name: notifications; Type: TABLE DATA; Schema: upchieve; Owner: admin
--

COPY upchieve.notifications (id, user_id, sent_at, type_id, method_id, priority_group_id, successful, session_id, message_carrier_id, created_at, updated_at, mongo_id) FROM stdin;
\.


--
-- Data for Name: photo_id_statuses; Type: TABLE DATA; Schema: upchieve; Owner: admin
--

COPY upchieve.photo_id_statuses (id, name, created_at, updated_at) FROM stdin;
1	approved	2022-08-19 19:41:30.059436+00	2022-08-19 19:41:30.059436+00
2	submitted	2022-08-19 19:41:30.060709+00	2022-08-19 19:41:30.060709+00
3	rejected	2022-08-19 19:41:30.061622+00	2022-08-19 19:41:30.061622+00
4	empty	2022-08-19 19:41:30.062511+00	2022-08-19 19:41:30.062511+00
\.


--
-- Data for Name: pre_session_surveys; Type: TABLE DATA; Schema: upchieve; Owner: admin
--

COPY upchieve.pre_session_surveys (id, response_data, session_id, user_id, created_at, updated_at, mongo_id) FROM stdin;
\.


--
-- Data for Name: push_tokens; Type: TABLE DATA; Schema: upchieve; Owner: admin
--

COPY upchieve.push_tokens (id, user_id, token, created_at, updated_at) FROM stdin;
\.


--
-- Data for Name: question_tags; Type: TABLE DATA; Schema: upchieve; Owner: admin
--

COPY upchieve.question_tags (id, name, created_at, updated_at) FROM stdin;
\.


--
-- Data for Name: question_types; Type: TABLE DATA; Schema: upchieve; Owner: admin
--

COPY upchieve.question_types (id, name, created_at, updated_at) FROM stdin;
1	multiple choice	2022-08-19 19:41:30.858783+00	2022-08-19 19:41:30.858783+00
2	check box	2022-08-19 19:41:30.858783+00	2022-08-19 19:41:30.858783+00
3	free response	2022-08-19 19:41:30.858783+00	2022-08-19 19:41:30.858783+00
\.


--
-- Data for Name: quizzes; Type: TABLE DATA; Schema: upchieve; Owner: admin
--

COPY upchieve.quizzes (id, name, created_at, updated_at) FROM stdin;
1	prealgebra	2022-08-19 19:41:30.103478+00	2022-08-19 19:41:30.103478+00
2	statistics	2022-08-19 19:41:30.104682+00	2022-08-19 19:41:30.104682+00
3	geometry	2022-08-19 19:41:30.105631+00	2022-08-19 19:41:30.105631+00
4	biology	2022-08-19 19:41:30.108619+00	2022-08-19 19:41:30.108619+00
5	chemistry	2022-08-19 19:41:30.10975+00	2022-08-19 19:41:30.10975+00
6	physicsOne	2022-08-19 19:41:30.110788+00	2022-08-19 19:41:30.110788+00
7	physicsTwo	2022-08-19 19:41:30.111742+00	2022-08-19 19:41:30.111742+00
8	environmentalScience	2022-08-19 19:41:30.112705+00	2022-08-19 19:41:30.112705+00
9	essays	2022-08-19 19:41:30.113743+00	2022-08-19 19:41:30.113743+00
10	applications	2022-08-19 19:41:30.114782+00	2022-08-19 19:41:30.114782+00
11	planning	2022-08-19 19:41:30.11576+00	2022-08-19 19:41:30.11576+00
12	satMath	2022-08-19 19:41:30.116726+00	2022-08-19 19:41:30.116726+00
13	satReading	2022-08-19 19:41:30.117705+00	2022-08-19 19:41:30.117705+00
14	collegeCounseling	2022-08-19 19:41:30.118679+00	2022-08-19 19:41:30.118679+00
15	humanitiesEssays	2022-08-19 19:41:30.119919+00	2022-08-19 19:41:30.119919+00
16	algebraOne	2022-08-19 19:41:30.120789+00	2022-08-19 19:41:30.120789+00
17	algebraTwo	2022-08-19 19:41:30.121728+00	2022-08-19 19:41:30.121728+00
18	trigonometry	2022-08-19 19:41:30.122646+00	2022-08-19 19:41:30.122646+00
19	precalculus	2022-08-19 19:41:30.123578+00	2022-08-19 19:41:30.123578+00
20	calculusAB	2022-08-19 19:41:30.124568+00	2022-08-19 19:41:30.124568+00
21	calculusBC	2022-08-19 19:41:30.125511+00	2022-08-19 19:41:30.125511+00
22	upchieve101	2022-08-19 19:41:30.126356+00	2022-08-19 19:41:30.126356+00
23	reading	2022-08-19 19:41:30.127332+00	2022-08-19 19:41:30.127332+00
24	anatomy	2022-08-19 19:41:30.128278+00	2022-08-19 19:41:30.128278+00
25	usHistory	2022-08-19 19:41:30.883935+00	2022-08-19 19:41:30.883935+00
\.


--
-- Data for Name: quiz_certification_grants; Type: TABLE DATA; Schema: upchieve; Owner: admin
--

COPY upchieve.quiz_certification_grants (quiz_id, certification_id, created_at, updated_at) FROM stdin;
1	1	2022-08-19 19:41:30.478707+00	2022-08-19 19:41:30.478707+00
2	2	2022-08-19 19:41:30.480238+00	2022-08-19 19:41:30.480238+00
3	3	2022-08-19 19:41:30.481835+00	2022-08-19 19:41:30.481835+00
4	4	2022-08-19 19:41:30.482818+00	2022-08-19 19:41:30.482818+00
5	5	2022-08-19 19:41:30.484433+00	2022-08-19 19:41:30.484433+00
6	6	2022-08-19 19:41:30.48548+00	2022-08-19 19:41:30.48548+00
7	7	2022-08-19 19:41:30.488356+00	2022-08-19 19:41:30.488356+00
8	8	2022-08-19 19:41:30.489451+00	2022-08-19 19:41:30.489451+00
9	9	2022-08-19 19:41:30.490516+00	2022-08-19 19:41:30.490516+00
10	10	2022-08-19 19:41:30.491459+00	2022-08-19 19:41:30.491459+00
11	11	2022-08-19 19:41:30.492385+00	2022-08-19 19:41:30.492385+00
12	12	2022-08-19 19:41:30.494191+00	2022-08-19 19:41:30.494191+00
13	13	2022-08-19 19:41:30.495203+00	2022-08-19 19:41:30.495203+00
14	11	2022-08-19 19:41:30.49645+00	2022-08-19 19:41:30.49645+00
14	10	2022-08-19 19:41:30.497608+00	2022-08-19 19:41:30.497608+00
15	15	2022-08-19 19:41:30.499824+00	2022-08-19 19:41:30.499824+00
17	16	2022-08-19 19:41:30.50152+00	2022-08-19 19:41:30.50152+00
17	17	2022-08-19 19:41:30.502699+00	2022-08-19 19:41:30.502699+00
17	1	2022-08-19 19:41:30.504109+00	2022-08-19 19:41:30.504109+00
16	16	2022-08-19 19:41:30.505449+00	2022-08-19 19:41:30.505449+00
16	1	2022-08-19 19:41:30.506821+00	2022-08-19 19:41:30.506821+00
18	18	2022-08-19 19:41:30.507901+00	2022-08-19 19:41:30.507901+00
19	16	2022-08-19 19:41:30.50923+00	2022-08-19 19:41:30.50923+00
19	17	2022-08-19 19:41:30.510385+00	2022-08-19 19:41:30.510385+00
19	1	2022-08-19 19:41:30.511423+00	2022-08-19 19:41:30.511423+00
19	18	2022-08-19 19:41:30.512379+00	2022-08-19 19:41:30.512379+00
19	19	2022-08-19 19:41:30.513581+00	2022-08-19 19:41:30.513581+00
20	16	2022-08-19 19:41:30.5146+00	2022-08-19 19:41:30.5146+00
20	17	2022-08-19 19:41:30.515536+00	2022-08-19 19:41:30.515536+00
20	1	2022-08-19 19:41:30.517075+00	2022-08-19 19:41:30.517075+00
20	18	2022-08-19 19:41:30.518564+00	2022-08-19 19:41:30.518564+00
20	19	2022-08-19 19:41:30.5196+00	2022-08-19 19:41:30.5196+00
20	20	2022-08-19 19:41:30.520646+00	2022-08-19 19:41:30.520646+00
21	16	2022-08-19 19:41:30.522405+00	2022-08-19 19:41:30.522405+00
21	17	2022-08-19 19:41:30.523372+00	2022-08-19 19:41:30.523372+00
21	1	2022-08-19 19:41:30.524287+00	2022-08-19 19:41:30.524287+00
21	18	2022-08-19 19:41:30.52551+00	2022-08-19 19:41:30.52551+00
21	19	2022-08-19 19:41:30.526372+00	2022-08-19 19:41:30.526372+00
21	20	2022-08-19 19:41:30.527542+00	2022-08-19 19:41:30.527542+00
21	21	2022-08-19 19:41:30.528828+00	2022-08-19 19:41:30.528828+00
23	22	2022-08-19 19:41:30.820949+00	2022-08-19 19:41:30.820949+00
25	23	2022-08-19 19:41:30.883935+00	2022-08-19 19:41:30.883935+00
\.


--
-- Data for Name: quiz_subcategories; Type: TABLE DATA; Schema: upchieve; Owner: admin
--

COPY upchieve.quiz_subcategories (id, name, quiz_id, created_at, updated_at) FROM stdin;
1	numbers	1	2022-08-19 19:41:30.130922+00	2022-08-19 19:41:30.130922+00
2	arithmetic properties	1	2022-08-19 19:41:30.13245+00	2022-08-19 19:41:30.13245+00
3	exponents	1	2022-08-19 19:41:30.133491+00	2022-08-19 19:41:30.133491+00
4	exponents and radicals	1	2022-08-19 19:41:30.134566+00	2022-08-19 19:41:30.134566+00
5	polynomials	1	2022-08-19 19:41:30.135986+00	2022-08-19 19:41:30.135986+00
6	fractions	1	2022-08-19 19:41:30.137114+00	2022-08-19 19:41:30.137114+00
7	linear equations	16	2022-08-19 19:41:30.138212+00	2022-08-19 19:41:30.138212+00
8	rational exponents and radicals	16	2022-08-19 19:41:30.139267+00	2022-08-19 19:41:30.139267+00
9	application of linear equations	16	2022-08-19 19:41:30.140292+00	2022-08-19 19:41:30.140292+00
10	two variable equations	16	2022-08-19 19:41:30.141502+00	2022-08-19 19:41:30.141502+00
11	rational expressions	16	2022-08-19 19:41:30.142444+00	2022-08-19 19:41:30.142444+00
12	complex numbers	16	2022-08-19 19:41:30.143348+00	2022-08-19 19:41:30.143348+00
13	functions_domain_range	17	2022-08-19 19:41:30.144216+00	2022-08-19 19:41:30.144216+00
14	higher_degree_polynomials	17	2022-08-19 19:41:30.145045+00	2022-08-19 19:41:30.145045+00
15	square_root_equations	17	2022-08-19 19:41:30.145942+00	2022-08-19 19:41:30.145942+00
16	roots_of_polynomials	17	2022-08-19 19:41:30.146744+00	2022-08-19 19:41:30.146744+00
17	multiply_polynomials_binomial	17	2022-08-19 19:41:30.147594+00	2022-08-19 19:41:30.147594+00
18	rational_radical_absolute	17	2022-08-19 19:41:30.148436+00	2022-08-19 19:41:30.148436+00
19	logarithms_properties	17	2022-08-19 19:41:30.1493+00	2022-08-19 19:41:30.1493+00
20	rational_expressions	17	2022-08-19 19:41:30.150154+00	2022-08-19 19:41:30.150154+00
21	systems_of_linear_equations	17	2022-08-19 19:41:30.151375+00	2022-08-19 19:41:30.151375+00
22	arithmetic_and_geometric_sequences	17	2022-08-19 19:41:30.152333+00	2022-08-19 19:41:30.152333+00
23	functions_domain	17	2022-08-19 19:41:30.153151+00	2022-08-19 19:41:30.153151+00
24	solving_linear_equations	17	2022-08-19 19:41:30.154031+00	2022-08-19 19:41:30.154031+00
25	function_transformations_shifts	17	2022-08-19 19:41:30.154893+00	2022-08-19 19:41:30.154893+00
26	graphing_quadratic_functions	17	2022-08-19 19:41:30.155768+00	2022-08-19 19:41:30.155768+00
27	exponential_functions_growth	17	2022-08-19 19:41:30.156535+00	2022-08-19 19:41:30.156535+00
28	rounding_and_scientific_notation	17	2022-08-19 19:41:30.157313+00	2022-08-19 19:41:30.157313+00
29	square root_equations_quadratic	17	2022-08-19 19:41:30.158078+00	2022-08-19 19:41:30.158078+00
30	advanced_factoring_techniques	17	2022-08-19 19:41:30.158911+00	2022-08-19 19:41:30.158911+00
31	congruence and similarity	3	2022-08-19 19:41:30.159898+00	2022-08-19 19:41:30.159898+00
32	vertices	3	2022-08-19 19:41:30.161053+00	2022-08-19 19:41:30.161053+00
33	angles	3	2022-08-19 19:41:30.161954+00	2022-08-19 19:41:30.161954+00
34	circles	3	2022-08-19 19:41:30.162901+00	2022-08-19 19:41:30.162901+00
35	triangles	3	2022-08-19 19:41:30.16386+00	2022-08-19 19:41:30.16386+00
36	rectangles	3	2022-08-19 19:41:30.164821+00	2022-08-19 19:41:30.164821+00
37	angles	18	2022-08-19 19:41:30.165713+00	2022-08-19 19:41:30.165713+00
38	triangles	18	2022-08-19 19:41:30.166717+00	2022-08-19 19:41:30.166717+00
39	right triangles	18	2022-08-19 19:41:30.167731+00	2022-08-19 19:41:30.167731+00
40	quadrants	18	2022-08-19 19:41:30.168742+00	2022-08-19 19:41:30.168742+00
41	radians	18	2022-08-19 19:41:30.169699+00	2022-08-19 19:41:30.169699+00
42	unit circles	18	2022-08-19 19:41:30.170887+00	2022-08-19 19:41:30.170887+00
43	inequalities	18	2022-08-19 19:41:30.171835+00	2022-08-19 19:41:30.171835+00
44	representing data numerically	2	2022-08-19 19:41:30.17284+00	2022-08-19 19:41:30.17284+00
45	representing data graphically	2	2022-08-19 19:41:30.173703+00	2022-08-19 19:41:30.173703+00
46	two means	2	2022-08-19 19:41:30.174602+00	2022-08-19 19:41:30.174602+00
47	two proportions	2	2022-08-19 19:41:30.175501+00	2022-08-19 19:41:30.175501+00
48	levels of measurement	2	2022-08-19 19:41:30.176498+00	2022-08-19 19:41:30.176498+00
49	types of sampling	2	2022-08-19 19:41:30.177353+00	2022-08-19 19:41:30.177353+00
50	finding probability	2	2022-08-19 19:41:30.178291+00	2022-08-19 19:41:30.178291+00
51	finding x from z score	2	2022-08-19 19:41:30.179198+00	2022-08-19 19:41:30.179198+00
52	z score	2	2022-08-19 19:41:30.180141+00	2022-08-19 19:41:30.180141+00
53	basic set operations	2	2022-08-19 19:41:30.181077+00	2022-08-19 19:41:30.181077+00
54	compound events	2	2022-08-19 19:41:30.182011+00	2022-08-19 19:41:30.182011+00
55	conditional probability	2	2022-08-19 19:41:30.182865+00	2022-08-19 19:41:30.182865+00
56	independent probability	2	2022-08-19 19:41:30.183887+00	2022-08-19 19:41:30.183887+00
57	permutations and combinations	2	2022-08-19 19:41:30.184757+00	2022-08-19 19:41:30.184757+00
58	random variables distributions	2	2022-08-19 19:41:30.185591+00	2022-08-19 19:41:30.185591+00
59	relationships between variables	2	2022-08-19 19:41:30.18684+00	2022-08-19 19:41:30.18684+00
60	confidence intervals	2	2022-08-19 19:41:30.18775+00	2022-08-19 19:41:30.18775+00
61	interpreting pvalue	2	2022-08-19 19:41:30.188651+00	2022-08-19 19:41:30.188651+00
62	finding the test statistic	2	2022-08-19 19:41:30.189613+00	2022-08-19 19:41:30.189613+00
63	rectangular coordinates	19	2022-08-19 19:41:30.190627+00	2022-08-19 19:41:30.190627+00
64	linear inequalities	19	2022-08-19 19:41:30.191484+00	2022-08-19 19:41:30.191484+00
65	functions	19	2022-08-19 19:41:30.192439+00	2022-08-19 19:41:30.192439+00
66	rational exponents	19	2022-08-19 19:41:30.193291+00	2022-08-19 19:41:30.193291+00
67	quadratic functions	19	2022-08-19 19:41:30.194175+00	2022-08-19 19:41:30.194175+00
68	logarithms and exponents	19	2022-08-19 19:41:30.195083+00	2022-08-19 19:41:30.195083+00
69	absolute extrema	20	2022-08-19 19:41:30.19592+00	2022-08-19 19:41:30.19592+00
70	antiderivatives	20	2022-08-19 19:41:30.196786+00	2022-08-19 19:41:30.196786+00
71	area between curves	20	2022-08-19 19:41:30.19753+00	2022-08-19 19:41:30.19753+00
72	chain rule	20	2022-08-19 19:41:30.198504+00	2022-08-19 19:41:30.198504+00
73	concavity	20	2022-08-19 19:41:30.199325+00	2022-08-19 19:41:30.199325+00
74	continuity	20	2022-08-19 19:41:30.200274+00	2022-08-19 19:41:30.200274+00
75	derivatives	20	2022-08-19 19:41:30.201125+00	2022-08-19 19:41:30.201125+00
76	differential equations	20	2022-08-19 19:41:30.202003+00	2022-08-19 19:41:30.202003+00
77	fundamental theorem	20	2022-08-19 19:41:30.202933+00	2022-08-19 19:41:30.202933+00
78	lhopitals rule	20	2022-08-19 19:41:30.203791+00	2022-08-19 19:41:30.203791+00
79	implicit differentiation	20	2022-08-19 19:41:30.204629+00	2022-08-19 19:41:30.204629+00
80	mean value theorem	20	2022-08-19 19:41:30.205571+00	2022-08-19 19:41:30.205571+00
81	optimization	20	2022-08-19 19:41:30.206508+00	2022-08-19 19:41:30.206508+00
82	reimann sums	20	2022-08-19 19:41:30.207454+00	2022-08-19 19:41:30.207454+00
83	related rates	20	2022-08-19 19:41:30.208404+00	2022-08-19 19:41:30.208404+00
84	relative extrema	20	2022-08-19 19:41:30.20943+00	2022-08-19 19:41:30.20943+00
85	absolute extrema	21	2022-08-19 19:41:30.210409+00	2022-08-19 19:41:30.210409+00
86	antiderivatives	21	2022-08-19 19:41:30.211292+00	2022-08-19 19:41:30.211292+00
87	area between curves	21	2022-08-19 19:41:30.212443+00	2022-08-19 19:41:30.212443+00
88	chain rule	21	2022-08-19 19:41:30.213453+00	2022-08-19 19:41:30.213453+00
89	derivatives	21	2022-08-19 19:41:30.214406+00	2022-08-19 19:41:30.214406+00
90	differential equations	21	2022-08-19 19:41:30.215333+00	2022-08-19 19:41:30.215333+00
91	fundamental theorem of calculus	21	2022-08-19 19:41:30.21633+00	2022-08-19 19:41:30.21633+00
92	implicit differentiation	21	2022-08-19 19:41:30.217256+00	2022-08-19 19:41:30.217256+00
93	infinite sequences	21	2022-08-19 19:41:30.21814+00	2022-08-19 19:41:30.21814+00
94	limits	21	2022-08-19 19:41:30.218952+00	2022-08-19 19:41:30.218952+00
95	integration by parts	21	2022-08-19 19:41:30.219748+00	2022-08-19 19:41:30.219748+00
96	mean value theorem	21	2022-08-19 19:41:30.220588+00	2022-08-19 19:41:30.220588+00
97	optimization	21	2022-08-19 19:41:30.221579+00	2022-08-19 19:41:30.221579+00
98	parametric	21	2022-08-19 19:41:30.222577+00	2022-08-19 19:41:30.222577+00
99	reimann sums	21	2022-08-19 19:41:30.223654+00	2022-08-19 19:41:30.223654+00
100	relative extrema	21	2022-08-19 19:41:30.224644+00	2022-08-19 19:41:30.224644+00
101	taylor polynomials	21	2022-08-19 19:41:30.225719+00	2022-08-19 19:41:30.225719+00
102	basic	9	2022-08-19 19:41:30.226725+00	2022-08-19 19:41:30.226725+00
103	commonapp	9	2022-08-19 19:41:30.227701+00	2022-08-19 19:41:30.227701+00
104	answer	9	2022-08-19 19:41:30.228697+00	2022-08-19 19:41:30.228697+00
105	dhistory	9	2022-08-19 19:41:30.229648+00	2022-08-19 19:41:30.229648+00
106	optional	9	2022-08-19 19:41:30.230752+00	2022-08-19 19:41:30.230752+00
107	supplemental	9	2022-08-19 19:41:30.231835+00	2022-08-19 19:41:30.231835+00
108	exam	11	2022-08-19 19:41:30.232865+00	2022-08-19 19:41:30.232865+00
109	type	11	2022-08-19 19:41:30.233903+00	2022-08-19 19:41:30.233903+00
110	LOR	11	2022-08-19 19:41:30.234919+00	2022-08-19 19:41:30.234919+00
111	basic	11	2022-08-19 19:41:30.235934+00	2022-08-19 19:41:30.235934+00
112	timeline	10	2022-08-19 19:41:30.236884+00	2022-08-19 19:41:30.236884+00
113	resume	10	2022-08-19 19:41:30.238032+00	2022-08-19 19:41:30.238032+00
114	schools	10	2022-08-19 19:41:30.238996+00	2022-08-19 19:41:30.238996+00
115	fees	10	2022-08-19 19:41:30.240053+00	2022-08-19 19:41:30.240053+00
116	FinAid	10	2022-08-19 19:41:30.241127+00	2022-08-19 19:41:30.241127+00
117	LOR	10	2022-08-19 19:41:30.242102+00	2022-08-19 19:41:30.242102+00
118	basic	10	2022-08-19 19:41:30.243068+00	2022-08-19 19:41:30.243068+00
119	biochemistry	4	2022-08-19 19:41:30.244097+00	2022-08-19 19:41:30.244097+00
120	the cell	4	2022-08-19 19:41:30.245086+00	2022-08-19 19:41:30.245086+00
121	cell division	4	2022-08-19 19:41:30.246054+00	2022-08-19 19:41:30.246054+00
122	cellular respiration	4	2022-08-19 19:41:30.247214+00	2022-08-19 19:41:30.247214+00
123	photosynthesis and plants	4	2022-08-19 19:41:30.24827+00	2022-08-19 19:41:30.24827+00
124	classical genetics	4	2022-08-19 19:41:30.249262+00	2022-08-19 19:41:30.249262+00
125	molecular genetics	4	2022-08-19 19:41:30.250361+00	2022-08-19 19:41:30.250361+00
126	animal behavior and physiology	4	2022-08-19 19:41:30.251503+00	2022-08-19 19:41:30.251503+00
127	ecology	4	2022-08-19 19:41:30.252348+00	2022-08-19 19:41:30.252348+00
128	human physiology and anatomy	4	2022-08-19 19:41:30.253249+00	2022-08-19 19:41:30.253249+00
129	evolution and taxonomy	4	2022-08-19 19:41:30.254188+00	2022-08-19 19:41:30.254188+00
130	chemical reactions	5	2022-08-19 19:41:30.255181+00	2022-08-19 19:41:30.255181+00
131	atoms, compounds, and ions	5	2022-08-19 19:41:30.256225+00	2022-08-19 19:41:30.256225+00
132	stoichiometry	5	2022-08-19 19:41:30.257153+00	2022-08-19 19:41:30.257153+00
133	electron structure of atoms	5	2022-08-19 19:41:30.258053+00	2022-08-19 19:41:30.258053+00
134	periodic table	5	2022-08-19 19:41:30.259054+00	2022-08-19 19:41:30.259054+00
135	chemical bonds	5	2022-08-19 19:41:30.259907+00	2022-08-19 19:41:30.259907+00
136	gases	5	2022-08-19 19:41:30.261142+00	2022-08-19 19:41:30.261142+00
137	states of matter and intermolecular forces	5	2022-08-19 19:41:30.262052+00	2022-08-19 19:41:30.262052+00
138	chemical equilibrium	5	2022-08-19 19:41:30.262894+00	2022-08-19 19:41:30.262894+00
139	acids and bases	5	2022-08-19 19:41:30.263791+00	2022-08-19 19:41:30.263791+00
140	buffers, titrations, and solubility equilibria	5	2022-08-19 19:41:30.264642+00	2022-08-19 19:41:30.264642+00
141	thermodynamics	5	2022-08-19 19:41:30.265529+00	2022-08-19 19:41:30.265529+00
142	redox reactions and electrochemistry	5	2022-08-19 19:41:30.266436+00	2022-08-19 19:41:30.266436+00
143	kinetics	5	2022-08-19 19:41:30.267302+00	2022-08-19 19:41:30.267302+00
144	nuclear chemistry	5	2022-08-19 19:41:30.268218+00	2022-08-19 19:41:30.268218+00
145	kinematics	5	2022-08-19 19:41:30.269115+00	2022-08-19 19:41:30.269115+00
146	kinematics	6	2022-08-19 19:41:30.270476+00	2022-08-19 19:41:30.270476+00
147	newton's laws	6	2022-08-19 19:41:30.271312+00	2022-08-19 19:41:30.271312+00
148	rotational mechanics	6	2022-08-19 19:41:30.272218+00	2022-08-19 19:41:30.272218+00
149	work and energy	6	2022-08-19 19:41:30.273095+00	2022-08-19 19:41:30.273095+00
150	momentum and collisions	6	2022-08-19 19:41:30.273925+00	2022-08-19 19:41:30.273925+00
151	thermodynamics	6	2022-08-19 19:41:30.274773+00	2022-08-19 19:41:30.274773+00
152	electrostatics	6	2022-08-19 19:41:30.275621+00	2022-08-19 19:41:30.275621+00
153	magnetism	6	2022-08-19 19:41:30.276564+00	2022-08-19 19:41:30.276564+00
154	waves and sound	6	2022-08-19 19:41:30.277408+00	2022-08-19 19:41:30.277408+00
155	refraction and reflection	6	2022-08-19 19:41:30.27818+00	2022-08-19 19:41:30.27818+00
156	gravity/gen relativity	6	2022-08-19 19:41:30.279742+00	2022-08-19 19:41:30.279742+00
157	Fluids - density and pressure	7	2022-08-19 19:41:30.280944+00	2022-08-19 19:41:30.280944+00
158	Fluids - dynamics	7	2022-08-19 19:41:30.28225+00	2022-08-19 19:41:30.28225+00
159	THD - Ideal Gases	7	2022-08-19 19:41:30.283215+00	2022-08-19 19:41:30.283215+00
160	thermodynamics	7	2022-08-19 19:41:30.284276+00	2022-08-19 19:41:30.284276+00
161	Electric Field	7	2022-08-19 19:41:30.285303+00	2022-08-19 19:41:30.285303+00
162	Electric Potential	7	2022-08-19 19:41:30.286202+00	2022-08-19 19:41:30.286202+00
163	Magnetic Fields	7	2022-08-19 19:41:30.287047+00	2022-08-19 19:41:30.287047+00
164	Magnetic Induction	7	2022-08-19 19:41:30.287888+00	2022-08-19 19:41:30.287888+00
165	Electromagnetic Waves	7	2022-08-19 19:41:30.28878+00	2022-08-19 19:41:30.28878+00
166	Optics - refraction and reflection	7	2022-08-19 19:41:30.289622+00	2022-08-19 19:41:30.289622+00
167	Quantum & Atomic Physics	7	2022-08-19 19:41:30.290848+00	2022-08-19 19:41:30.290848+00
168	dynamics 2	7	2022-08-19 19:41:30.291847+00	2022-08-19 19:41:30.291847+00
169	Electric Circuits	7	2022-08-19 19:41:30.293084+00	2022-08-19 19:41:30.293084+00
170	earth systems and resources	8	2022-08-19 19:41:30.294241+00	2022-08-19 19:41:30.294241+00
171	ecology	8	2022-08-19 19:41:30.29532+00	2022-08-19 19:41:30.29532+00
172	energy resources and consumption	8	2022-08-19 19:41:30.297567+00	2022-08-19 19:41:30.297567+00
173	global change	8	2022-08-19 19:41:30.298543+00	2022-08-19 19:41:30.298543+00
174	impact of human health and environment	8	2022-08-19 19:41:30.299504+00	2022-08-19 19:41:30.299504+00
175	interdependence of organisms	8	2022-08-19 19:41:30.30066+00	2022-08-19 19:41:30.30066+00
176	land and water resources and use	8	2022-08-19 19:41:30.30182+00	2022-08-19 19:41:30.30182+00
177	introduction to environmental science	8	2022-08-19 19:41:30.30294+00	2022-08-19 19:41:30.30294+00
178	natural biogeochemical cycles	8	2022-08-19 19:41:30.303889+00	2022-08-19 19:41:30.303889+00
179	pollution	8	2022-08-19 19:41:30.304771+00	2022-08-19 19:41:30.304771+00
180	populations	8	2022-08-19 19:41:30.306005+00	2022-08-19 19:41:30.306005+00
181	the atmosphere	8	2022-08-19 19:41:30.307359+00	2022-08-19 19:41:30.307359+00
182	upchieve	22	2022-08-19 19:41:30.308378+00	2022-08-19 19:41:30.308378+00
183	linear_equations	12	2022-08-19 19:41:30.309342+00	2022-08-19 19:41:30.309342+00
184	linear_inequalities	12	2022-08-19 19:41:30.310482+00	2022-08-19 19:41:30.310482+00
185	linear_functions	12	2022-08-19 19:41:30.311451+00	2022-08-19 19:41:30.311451+00
186	quadratic_problems	12	2022-08-19 19:41:30.312401+00	2022-08-19 19:41:30.312401+00
187	nonlinear_equations	12	2022-08-19 19:41:30.313287+00	2022-08-19 19:41:30.313287+00
188	rational_expressions	12	2022-08-19 19:41:30.314288+00	2022-08-19 19:41:30.314288+00
189	isolating_quantities	12	2022-08-19 19:41:30.31541+00	2022-08-19 19:41:30.31541+00
190	linear_systems	12	2022-08-19 19:41:30.31649+00	2022-08-19 19:41:30.31649+00
191	ratios_rates	12	2022-08-19 19:41:30.317384+00	2022-08-19 19:41:30.317384+00
192	units	12	2022-08-19 19:41:30.318403+00	2022-08-19 19:41:30.318403+00
193	percentages	12	2022-08-19 19:41:30.319238+00	2022-08-19 19:41:30.319238+00
194	linear_and_exponential	12	2022-08-19 19:41:30.320202+00	2022-08-19 19:41:30.320202+00
195	data_inferences	12	2022-08-19 19:41:30.321306+00	2022-08-19 19:41:30.321306+00
196	volume_word_problems	12	2022-08-19 19:41:30.322387+00	2022-08-19 19:41:30.322387+00
197	complex_numbers	12	2022-08-19 19:41:30.323419+00	2022-08-19 19:41:30.323419+00
198	circle_equations	12	2022-08-19 19:41:30.324381+00	2022-08-19 19:41:30.324381+00
199	table_data	12	2022-08-19 19:41:30.325267+00	2022-08-19 19:41:30.325267+00
200	scatterplots	12	2022-08-19 19:41:30.326238+00	2022-08-19 19:41:30.326238+00
201	graphs	12	2022-08-19 19:41:30.327131+00	2022-08-19 19:41:30.327131+00
202	shape_of_distributions	12	2022-08-19 19:41:30.328101+00	2022-08-19 19:41:30.328101+00
203	right_triangle_problems	12	2022-08-19 19:41:30.329555+00	2022-08-19 19:41:30.329555+00
204	congruence_and_similarity	12	2022-08-19 19:41:30.331189+00	2022-08-19 19:41:30.331189+00
205	explict_v_implicit	13	2022-08-19 19:41:30.33234+00	2022-08-19 19:41:30.33234+00
206	point_of_view	13	2022-08-19 19:41:30.333199+00	2022-08-19 19:41:30.333199+00
207	analyzing_relationships	13	2022-08-19 19:41:30.334105+00	2022-08-19 19:41:30.334105+00
208	citing_evidence	13	2022-08-19 19:41:30.335141+00	2022-08-19 19:41:30.335141+00
209	summarizing	13	2022-08-19 19:41:30.336203+00	2022-08-19 19:41:30.336203+00
210	analogical_reasoning	13	2022-08-19 19:41:30.337202+00	2022-08-19 19:41:30.337202+00
211	structure_passage	13	2022-08-19 19:41:30.338123+00	2022-08-19 19:41:30.338123+00
212	word_choice	13	2022-08-19 19:41:30.339055+00	2022-08-19 19:41:30.339055+00
213	graphs_and_data	13	2022-08-19 19:41:30.340097+00	2022-08-19 19:41:30.340097+00
214	purpose_of_text	13	2022-08-19 19:41:30.341175+00	2022-08-19 19:41:30.341175+00
215	analyzing_arguments	13	2022-08-19 19:41:30.342307+00	2022-08-19 19:41:30.342307+00
216	connecting_texts	13	2022-08-19 19:41:30.343408+00	2022-08-19 19:41:30.343408+00
217	history_passages	13	2022-08-19 19:41:30.344388+00	2022-08-19 19:41:30.344388+00
218	strategies	13	2022-08-19 19:41:30.345396+00	2022-08-19 19:41:30.345396+00
219	types_of_essays	15	2022-08-19 19:41:30.346253+00	2022-08-19 19:41:30.346253+00
220	essay_structure	15	2022-08-19 19:41:30.347409+00	2022-08-19 19:41:30.347409+00
221	point_of_view	15	2022-08-19 19:41:30.348442+00	2022-08-19 19:41:30.348442+00
222	persuasive_techniques	15	2022-08-19 19:41:30.34939+00	2022-08-19 19:41:30.34939+00
223	citations	15	2022-08-19 19:41:30.350456+00	2022-08-19 19:41:30.350456+00
224	independent_and_dependent_clauses	15	2022-08-19 19:41:30.351671+00	2022-08-19 19:41:30.351671+00
225	punctuation	15	2022-08-19 19:41:30.352796+00	2022-08-19 19:41:30.352796+00
226	verb_tense	15	2022-08-19 19:41:30.353796+00	2022-08-19 19:41:30.353796+00
227	subject_verb_agreement	15	2022-08-19 19:41:30.354728+00	2022-08-19 19:41:30.354728+00
228	specificity_and_coherence	15	2022-08-19 19:41:30.355604+00	2022-08-19 19:41:30.355604+00
229	plagiarism	15	2022-08-19 19:41:30.35646+00	2022-08-19 19:41:30.35646+00
230	nonnvarying_sentence_length	15	2022-08-19 19:41:30.35768+00	2022-08-19 19:41:30.35768+00
231	wordiness	15	2022-08-19 19:41:30.359111+00	2022-08-19 19:41:30.359111+00
232	grammatical_errors	15	2022-08-19 19:41:30.36021+00	2022-08-19 19:41:30.36021+00
233	common_requests	15	2022-08-19 19:41:30.361223+00	2022-08-19 19:41:30.361223+00
234	inference	13	2022-08-19 19:41:30.362403+00	2022-08-19 19:41:30.362403+00
235	integumentary	24	2022-08-19 19:41:30.363602+00	2022-08-19 19:41:30.363602+00
236	little_detail	13	2022-08-19 19:41:30.366459+00	2022-08-19 19:41:30.366459+00
237	lymphatic	24	2022-08-19 19:41:30.367895+00	2022-08-19 19:41:30.367895+00
238	muscular	24	2022-08-19 19:41:30.368971+00	2022-08-19 19:41:30.368971+00
239	nervous	24	2022-08-19 19:41:30.370026+00	2022-08-19 19:41:30.370026+00
240	probingqs	23	2022-08-19 19:41:30.371132+00	2022-08-19 19:41:30.371132+00
241	questions	23	2022-08-19 19:41:30.372438+00	2022-08-19 19:41:30.372438+00
242	reproductive	24	2022-08-19 19:41:30.373518+00	2022-08-19 19:41:30.373518+00
243	respiratory	24	2022-08-19 19:41:30.374802+00	2022-08-19 19:41:30.374802+00
244	sense_organs	24	2022-08-19 19:41:30.375986+00	2022-08-19 19:41:30.375986+00
245	skeletal	24	2022-08-19 19:41:30.377059+00	2022-08-19 19:41:30.377059+00
246	texttype	23	2022-08-19 19:41:30.37797+00	2022-08-19 19:41:30.37797+00
247	tissues	24	2022-08-19 19:41:30.379223+00	2022-08-19 19:41:30.379223+00
248	urinary	24	2022-08-19 19:41:30.38049+00	2022-08-19 19:41:30.38049+00
249	vocab_in_context	13	2022-08-19 19:41:30.3816+00	2022-08-19 19:41:30.3816+00
250	vocabulary	23	2022-08-19 19:41:30.382934+00	2022-08-19 19:41:30.382934+00
251	activatebk	23	2022-08-19 19:41:30.384093+00	2022-08-19 19:41:30.384093+00
252	author_technique	13	2022-08-19 19:41:30.385071+00	2022-08-19 19:41:30.385071+00
253	backgroundknowledge	23	2022-08-19 19:41:30.386414+00	2022-08-19 19:41:30.386414+00
254	big_picture	13	2022-08-19 19:41:30.387596+00	2022-08-19 19:41:30.387596+00
255	cells	24	2022-08-19 19:41:30.388712+00	2022-08-19 19:41:30.388712+00
256	circulatory_system	24	2022-08-19 19:41:30.389945+00	2022-08-19 19:41:30.389945+00
257	comprehensionsupport	23	2022-08-19 19:41:30.391622+00	2022-08-19 19:41:30.391622+00
258	context	23	2022-08-19 19:41:30.392768+00	2022-08-19 19:41:30.392768+00
259	corrections	23	2022-08-19 19:41:30.394477+00	2022-08-19 19:41:30.394477+00
260	digestive	24	2022-08-19 19:41:30.396643+00	2022-08-19 19:41:30.396643+00
261	editing	23	2022-08-19 19:41:30.398313+00	2022-08-19 19:41:30.398313+00
262	endocrine	24	2022-08-19 19:41:30.399701+00	2022-08-19 19:41:30.399701+00
263	evidence_support	13	2022-08-19 19:41:30.401082+00	2022-08-19 19:41:30.401082+00
264	function	13	2022-08-19 19:41:30.402352+00	2022-08-19 19:41:30.402352+00
265	strategies	12	2022-08-19 19:41:30.403388+00	2022-08-19 19:41:30.403388+00
266	unit circle	18	2022-08-19 19:41:30.404432+00	2022-08-19 19:41:30.404432+00
267	dynamics 1	6	2022-08-19 19:41:30.405608+00	2022-08-19 19:41:30.405608+00
268	energy 1	6	2022-08-19 19:41:30.407014+00	2022-08-19 19:41:30.407014+00
269	dynamics 2	6	2022-08-19 19:41:30.408131+00	2022-08-19 19:41:30.408131+00
270	energy 2	6	2022-08-19 19:41:30.409275+00	2022-08-19 19:41:30.409275+00
271	pythagorean theorem	18	2022-08-19 19:41:30.410287+00	2022-08-19 19:41:30.410287+00
272	degrees and radians	18	2022-08-19 19:41:30.411268+00	2022-08-19 19:41:30.411268+00
273	graphing trig functions	18	2022-08-19 19:41:30.41219+00	2022-08-19 19:41:30.41219+00
274	inverse trig functions	18	2022-08-19 19:41:30.413022+00	2022-08-19 19:41:30.413022+00
275	trigonometric identities	18	2022-08-19 19:41:30.414759+00	2022-08-19 19:41:30.414759+00
276	complex numbers	19	2022-08-19 19:41:30.415858+00	2022-08-19 19:41:30.415858+00
277	conic sections	19	2022-08-19 19:41:30.416949+00	2022-08-19 19:41:30.416949+00
278	graphing exponential functions	19	2022-08-19 19:41:30.418057+00	2022-08-19 19:41:30.418057+00
279	graphing polynomials	19	2022-08-19 19:41:30.41926+00	2022-08-19 19:41:30.41926+00
280	graphing rational functions	19	2022-08-19 19:41:30.420499+00	2022-08-19 19:41:30.420499+00
281	logarithms	19	2022-08-19 19:41:30.422127+00	2022-08-19 19:41:30.422127+00
282	inverse functions	19	2022-08-19 19:41:30.423391+00	2022-08-19 19:41:30.423391+00
283	polynomial division	19	2022-08-19 19:41:30.42439+00	2022-08-19 19:41:30.42439+00
284	rational expressions	19	2022-08-19 19:41:30.425338+00	2022-08-19 19:41:30.425338+00
285	sequences series	19	2022-08-19 19:41:30.426393+00	2022-08-19 19:41:30.426393+00
286	exponential logarithmic equations	19	2022-08-19 19:41:30.427526+00	2022-08-19 19:41:30.427526+00
287	other equations	19	2022-08-19 19:41:30.428527+00	2022-08-19 19:41:30.428527+00
288	quadratic and absolute	19	2022-08-19 19:41:30.429467+00	2022-08-19 19:41:30.429467+00
289	solving quadratic equations	19	2022-08-19 19:41:30.430534+00	2022-08-19 19:41:30.430534+00
290	transformations functions	19	2022-08-19 19:41:30.43181+00	2022-08-19 19:41:30.43181+00
291	vectors	19	2022-08-19 19:41:30.432683+00	2022-08-19 19:41:30.432683+00
292	trig functions	18	2022-08-19 19:41:30.433516+00	2022-08-19 19:41:30.433516+00
293	random variables and distributions	2	2022-08-19 19:41:30.434426+00	2022-08-19 19:41:30.434426+00
294	kinematics 2	6	2022-08-19 19:41:30.436594+00	2022-08-19 19:41:30.436594+00
295	DC Circuits	6	2022-08-19 19:41:30.437777+00	2022-08-19 19:41:30.437777+00
296	rotational motion	6	2022-08-19 19:41:30.439084+00	2022-08-19 19:41:30.439084+00
297	polynomials	12	2022-08-19 19:41:30.440415+00	2022-08-19 19:41:30.440415+00
298	functions	12	2022-08-19 19:41:30.441745+00	2022-08-19 19:41:30.441745+00
299	angles	12	2022-08-19 19:41:30.442801+00	2022-08-19 19:41:30.442801+00
\.


--
-- Data for Name: quiz_questions; Type: TABLE DATA; Schema: upchieve; Owner: admin
--

COPY upchieve.quiz_questions (id, question_text, possible_answers, correct_answer, quiz_subcategory_id, image_source, created_at, updated_at, mongo_id) FROM stdin;
\.


--
-- Data for Name: report_reasons; Type: TABLE DATA; Schema: upchieve; Owner: admin
--

COPY upchieve.report_reasons (id, reason, created_at, updated_at) FROM stdin;
1	This student was extremely rude or inappropriate	2022-08-19 19:41:30.589541+00	2022-08-19 19:41:30.589541+00
2	I am worried for the immediate safety of this student	2022-08-19 19:41:30.590771+00	2022-08-19 19:41:30.590771+00
3	LEGACY: Student was unresponsive	2022-08-19 19:41:30.591696+00	2022-08-19 19:41:30.591696+00
4	LEGACY: Technical issue	2022-08-19 19:41:30.592705+00	2022-08-19 19:41:30.592705+00
5	LEGACY: Other	2022-08-19 19:41:30.593665+00	2022-08-19 19:41:30.593665+00
\.


--
-- Data for Name: required_email_domains; Type: TABLE DATA; Schema: upchieve; Owner: admin
--

COPY upchieve.required_email_domains (id, domain, volunteer_partner_org_id, created_at, updated_at) FROM stdin;
0182b7a0-02f6-5264-2235-ea982ccf9197	mailtrap.com	0182b7a0-02f3-c31e-e1e0-20534b73f906	2022-08-19 19:41:33.302945+00	2022-08-19 19:41:33.302945+00
\.


--
-- Data for Name: school_nces_metadata; Type: TABLE DATA; Schema: upchieve; Owner: admin
--

COPY upchieve.school_nces_metadata (school_id, created_at, updated_at, school_year, fipst, statename, st, sch_name, lea_name, state_agency_no, "union", st_leaid, leaid, st_schid, ncessch, schid, mstreet1, mstreet2, mstreet3, mcity, mstate, mzip, mzip4, lstreet1, lstreet2, lstreet3, lcity, lzip, lzip4, phone, website, sy_status, sy_status_text, updated_status, updated_status_text, effective_date, sch_type, sch_type_text, recon_status, out_of_state_flag, charter_text, chartauth1, chartauthn1, chartauth2, chartauthn2, nogrades, g_pk_offered, g_kg_offered, g_1_offered, g_2_offered, g_3_offered, g_4_offered, g_5_offered, g_6_offered, g_7_offered, g_8_offered, g_9_offered, g_10_offered, g_11_offered, g_12_offered, g_13_offered, g_ug_offered, g_ae_offered, gslo, gshi, level, igoffered) FROM stdin;
\.


--
-- Data for Name: schools_sponsor_orgs; Type: TABLE DATA; Schema: upchieve; Owner: admin
--

COPY upchieve.schools_sponsor_orgs (school_id, sponsor_org_id, created_at, updated_at) FROM stdin;
0182b7a0-02fc-bf5f-3bfd-b7b0e77914f9	0182b7a0-0302-3d43-f409-5fbe0f7a15a8	2022-08-19 19:41:33.318895+00	2022-08-19 19:41:33.318895+00
0182b7a0-02fc-3453-d211-3085bd0f2a91	0182b7a0-0302-fa07-263f-9700169c1a32	2022-08-19 19:41:33.320235+00	2022-08-19 19:41:33.320235+00
\.


--
-- Data for Name: schools_sponsor_orgs_instances; Type: TABLE DATA; Schema: upchieve; Owner: admin
--

COPY upchieve.schools_sponsor_orgs_instances (school_id, sponsor_org_id, deactivated_on, created_at, updated_at) FROM stdin;
\.


--
-- Data for Name: session_failed_joins; Type: TABLE DATA; Schema: upchieve; Owner: admin
--

COPY upchieve.session_failed_joins (session_id, user_id, created_at, updated_at) FROM stdin;
\.


--
-- Data for Name: session_flags; Type: TABLE DATA; Schema: upchieve; Owner: admin
--

COPY upchieve.session_flags (id, name, created_at, updated_at) FROM stdin;
1	Absent student	2022-08-19 19:41:30.573787+00	2022-08-19 19:41:30.573787+00
2	Absent volunteer	2022-08-19 19:41:30.57493+00	2022-08-19 19:41:30.57493+00
3	Low session rating from coach	2022-08-19 19:41:30.575683+00	2022-08-19 19:41:30.575683+00
4	Low session rating from student	2022-08-19 19:41:30.576457+00	2022-08-19 19:41:30.576457+00
5	Low coach rating from student	2022-08-19 19:41:30.577721+00	2022-08-19 19:41:30.577721+00
6	Reported	2022-08-19 19:41:30.579747+00	2022-08-19 19:41:30.579747+00
7	Only looking for answers	2022-08-19 19:41:30.581754+00	2022-08-19 19:41:30.581754+00
8	Rude or inappropriate	2022-08-19 19:41:30.582678+00	2022-08-19 19:41:30.582678+00
9	Comment from student	2022-08-19 19:41:30.584039+00	2022-08-19 19:41:30.584039+00
10	Comment from volunteer	2022-08-19 19:41:30.585505+00	2022-08-19 19:41:30.585505+00
11	Has been unmatched	2022-08-19 19:41:30.586495+00	2022-08-19 19:41:30.586495+00
12	Has had technical issues	2022-08-19 19:41:30.587554+00	2022-08-19 19:41:30.587554+00
\.


--
-- Data for Name: session_messages; Type: TABLE DATA; Schema: upchieve; Owner: admin
--

COPY upchieve.session_messages (id, sender_id, contents, session_id, created_at, updated_at, mongo_id) FROM stdin;
\.


--
-- Data for Name: session_photos; Type: TABLE DATA; Schema: upchieve; Owner: admin
--

COPY upchieve.session_photos (session_id, photo_key, created_at, updated_at) FROM stdin;
\.


--
-- Data for Name: session_reports; Type: TABLE DATA; Schema: upchieve; Owner: admin
--

COPY upchieve.session_reports (id, report_reason_id, report_message, reporting_user_id, session_id, reported_user_id, created_at, updated_at) FROM stdin;
\.


--
-- Data for Name: session_review_reasons; Type: TABLE DATA; Schema: upchieve; Owner: admin
--

COPY upchieve.session_review_reasons (session_id, session_flag_id, created_at, updated_at) FROM stdin;
\.


--
-- Data for Name: sessions_session_flags; Type: TABLE DATA; Schema: upchieve; Owner: admin
--

COPY upchieve.sessions_session_flags (session_id, session_flag_id, created_at, updated_at) FROM stdin;
\.


--
-- Data for Name: sponsor_orgs_upchieve_instances; Type: TABLE DATA; Schema: upchieve; Owner: admin
--

COPY upchieve.sponsor_orgs_upchieve_instances (id, sponsor_org_id, deactivated_on, created_at, updated_at) FROM stdin;
\.


--
-- Data for Name: sponsor_orgs_volunteer_partner_orgs_instances; Type: TABLE DATA; Schema: upchieve; Owner: admin
--

COPY upchieve.sponsor_orgs_volunteer_partner_orgs_instances (sponsor_org_id, volunteer_partner_org_id, deactivated_on, created_at, updated_at) FROM stdin;
\.


--
-- Data for Name: student_favorite_volunteers; Type: TABLE DATA; Schema: upchieve; Owner: admin
--

COPY upchieve.student_favorite_volunteers (student_id, volunteer_id, created_at, updated_at) FROM stdin;
\.


--
-- Data for Name: student_partner_org_sites; Type: TABLE DATA; Schema: upchieve; Owner: admin
--

COPY upchieve.student_partner_org_sites (id, name, student_partner_org_id, created_at, updated_at) FROM stdin;
0182b7a0-02ef-0532-b2b3-acdeab7e6fea	Brooklyn	0182b7a0-02ac-b739-5814-2d0694b80ffa	2022-08-19 19:41:33.296059+00	2022-08-19 19:41:33.296059+00
0182b7a0-02ef-ee1e-99c5-8219a1efb4fc	Denver	0182b7a0-02ac-b739-5814-2d0694b80ffa	2022-08-19 19:41:33.298054+00	2022-08-19 19:41:33.298054+00
0182b7a0-02ef-d736-bc60-48209910cbe1	Oakland	0182b7a0-02ac-b739-5814-2d0694b80ffa	2022-08-19 19:41:33.299182+00	2022-08-19 19:41:33.299182+00
\.


--
-- Data for Name: student_partner_orgs_sponsor_orgs; Type: TABLE DATA; Schema: upchieve; Owner: admin
--

COPY upchieve.student_partner_orgs_sponsor_orgs (student_partner_org_id, sponsor_org_id, created_at, updated_at) FROM stdin;
0182b7a0-02ad-4bb6-6c21-32fc382b8319	0182b7a0-0302-3b86-87cf-d5333f4d1391	2022-08-19 19:41:33.321206+00	2022-08-19 19:41:33.321206+00
0182b7a0-02ad-4c0e-a0c9-afda6910aea9	0182b7a0-0302-fa07-263f-9700169c1a32	2022-08-19 19:41:33.322355+00	2022-08-19 19:41:33.322355+00
\.


--
-- Data for Name: student_partner_orgs_sponsor_orgs_instances; Type: TABLE DATA; Schema: upchieve; Owner: admin
--

COPY upchieve.student_partner_orgs_sponsor_orgs_instances (student_partner_org_id, sponsor_org_id, deactivated_on, created_at, updated_at) FROM stdin;
\.


--
-- Data for Name: student_partner_orgs_upchieve_instances; Type: TABLE DATA; Schema: upchieve; Owner: admin
--

COPY upchieve.student_partner_orgs_upchieve_instances (id, student_partner_org_id, deactivated_on, created_at, updated_at) FROM stdin;
\.


--
-- Data for Name: student_partner_orgs_volunteer_partner_orgs_instances; Type: TABLE DATA; Schema: upchieve; Owner: admin
--

COPY upchieve.student_partner_orgs_volunteer_partner_orgs_instances (student_partner_org_id, volunteer_partner_org_id, deactivated_on, created_at, updated_at) FROM stdin;
\.


--
-- Data for Name: student_profiles; Type: TABLE DATA; Schema: upchieve; Owner: admin
--

COPY upchieve.student_profiles (user_id, college, school_id, postal_code, grade_level_id, student_partner_org_user_id, student_partner_org_id, student_partner_org_site_id, created_at, updated_at) FROM stdin;
0182b7a0-03c2-595e-6444-8f69201dd1a9	\N	0182b7a0-02fc-1bc0-1835-0247f443e898	\N	\N	\N	\N	\N	2022-08-19 19:41:33.514254+00	2022-08-19 19:41:33.514254+00
0182b7a0-03c2-3032-7cb5-00c0c6bd60c7	\N	0182b7a0-02fc-bf5f-3bfd-b7b0e77914f9	\N	\N	\N	0182b7a0-02ac-b739-5814-2d0694b80ffa	\N	2022-08-19 19:41:33.515713+00	2022-08-19 19:41:33.515713+00
0182b7a0-03c2-26dd-c2a2-a46150ad091a	\N	\N	\N	\N	\N	0182b7a0-02ad-4c0e-a0c9-afda6910aea9	\N	2022-08-19 19:41:33.516815+00	2022-08-19 19:41:33.516815+00
\.


--
-- Data for Name: survey_questions; Type: TABLE DATA; Schema: upchieve; Owner: admin
--

COPY upchieve.survey_questions (id, question_type_id, question_text, created_at, updated_at, response_display_text) FROM stdin;
6	1	Your goal for this session was to %s. Did UPchieve help you achieve your goal?	2022-08-19 19:41:30.905468+00	2022-08-19 19:41:30.905468+00	\N
7	1	Sorry to hear that, what happened?	2022-08-19 19:41:30.905468+00	2022-08-19 19:41:30.905468+00	\N
8	1	Would you like to favorite your coach %s?	2022-08-19 19:41:30.905468+00	2022-08-19 19:41:30.905468+00	\N
9	1	Overall, how supportive was your coach today?	2022-08-19 19:41:30.905468+00	2022-08-19 19:41:30.905468+00	\N
10	1	Overall, how much did your coach push you to do your best work today?	2022-08-19 19:41:30.905468+00	2022-08-19 19:41:30.905468+00	\N
11	3	This can be about the web app, the Academic Coach who helped you, the services UPchieve offers, etc.	2022-08-19 19:41:30.905468+00	2022-08-19 19:41:30.905468+00	\N
1	1	What is your primary goal for today's session?	2022-08-19 19:41:30.858783+00	2022-08-19 19:41:30.939268+00	Their goal for the session:
2	1	Where are you in the process of reaching your goal?	2022-08-19 19:41:30.858783+00	2022-08-19 19:41:30.939268+00	How much progress they've made towards their goal:
3	1	Overall, how do you feel about applying to college?	2022-08-19 19:41:30.858783+00	2022-08-19 19:41:30.939268+00	How they feel about applying to college:
4	1	How well do you understand the topic you want to talk about today?	2022-08-19 19:41:30.858783+00	2022-08-19 19:41:30.939268+00	How well they understand the topic:
12	1	Overall, how do you feel about the %s section?	2022-08-19 19:41:30.939268+00	2022-08-19 19:41:30.939268+00	How they feel about %s:
5	1	Overall, how do you feel about %s?	2022-08-19 19:41:30.858783+00	2022-08-19 19:41:30.939268+00	How they feel about %s:
13	1	%s's goal for this session was to %s. Were you able to help them achieve their goal?	2022-08-19 19:41:30.956677+00	2022-08-19 19:41:30.956677+00	\N
14	1	How do you think %s feels about %s at the end of this session?	2022-08-19 19:41:30.956677+00	2022-08-19 19:41:30.956677+00	\N
15	1	How do you think %s feels about the %s at the end of this session?	2022-08-19 19:41:30.956677+00	2022-08-19 19:41:30.956677+00	\N
16	1	How do you think %s feels about applying to college at the end of this session?	2022-08-19 19:41:30.956677+00	2022-08-19 19:41:30.956677+00	\N
17	1	Were there any student safety, academic integrity, or community guideline issues during this session?	2022-08-19 19:41:30.956677+00	2022-08-19 19:41:30.956677+00	\N
18	1	Please select all that apply	2022-08-19 19:41:30.956677+00	2022-08-19 19:41:30.956677+00	\N
19	3	This can be about the web app, the student you helped, technical issues, etc.	2022-08-19 19:41:30.956677+00	2022-08-19 19:41:30.956677+00	\N
\.


--
-- Data for Name: survey_questions_question_tags; Type: TABLE DATA; Schema: upchieve; Owner: admin
--

COPY upchieve.survey_questions_question_tags (id, survey_question_id, question_tag_id, created_at, updated_at) FROM stdin;
\.


--
-- Data for Name: survey_response_choices; Type: TABLE DATA; Schema: upchieve; Owner: admin
--

COPY upchieve.survey_response_choices (id, score, choice_text, created_at, updated_at, display_image) FROM stdin;
1	0	Solve a specific question	2022-08-19 19:41:30.858783+00	2022-08-19 19:41:30.858783+00	\N
2	0	Complete a homework assignment	2022-08-19 19:41:30.858783+00	2022-08-19 19:41:30.858783+00	\N
3	0	Prepare for a quiz/test	2022-08-19 19:41:30.858783+00	2022-08-19 19:41:30.858783+00	\N
4	0	Check my answers	2022-08-19 19:41:30.858783+00	2022-08-19 19:41:30.858783+00	\N
7	0	Brainstorm or research an essay topic	2022-08-19 19:41:30.858783+00	2022-08-19 19:41:30.858783+00	\N
8	0	Develop a thesis statement	2022-08-19 19:41:30.858783+00	2022-08-19 19:41:30.858783+00	\N
9	0	Create an essay outline	2022-08-19 19:41:30.858783+00	2022-08-19 19:41:30.858783+00	\N
10	0	Revise essay structure and ideas	2022-08-19 19:41:30.858783+00	2022-08-19 19:41:30.858783+00	\N
11	0	Edit grammar	2022-08-19 19:41:30.858783+00	2022-08-19 19:41:30.858783+00	\N
12	0	Improve my understanding of a text	2022-08-19 19:41:30.858783+00	2022-08-19 19:41:30.858783+00	\N
13	0	Answer questions based on a text	2022-08-19 19:41:30.858783+00	2022-08-19 19:41:30.858783+00	\N
14	0	Revise my response(s) to reading questions	2022-08-19 19:41:30.858783+00	2022-08-19 19:41:30.858783+00	\N
15	0	Understand college requirements	2022-08-19 19:41:30.858783+00	2022-08-19 19:41:30.858783+00	\N
16	0	Pick classes or extracurricular activities	2022-08-19 19:41:30.858783+00	2022-08-19 19:41:30.858783+00	\N
17	0	Research majors or careers	2022-08-19 19:41:30.858783+00	2022-08-19 19:41:30.858783+00	\N
18	0	Select colleges to apply to	2022-08-19 19:41:30.858783+00	2022-08-19 19:41:30.858783+00	\N
19	0	Learn about financial aid and scholarships	2022-08-19 19:41:30.858783+00	2022-08-19 19:41:30.858783+00	\N
20	0	Select a prompt and brainstorm topics	2022-08-19 19:41:30.858783+00	2022-08-19 19:41:30.858783+00	\N
21	0	Create an outline	2022-08-19 19:41:30.858783+00	2022-08-19 19:41:30.858783+00	\N
22	0	Understand the parts of an application	2022-08-19 19:41:30.858783+00	2022-08-19 19:41:30.858783+00	\N
23	0	Create an application timeline	2022-08-19 19:41:30.858783+00	2022-08-19 19:41:30.858783+00	\N
24	0	Work on an application	2022-08-19 19:41:30.858783+00	2022-08-19 19:41:30.858783+00	\N
25	0	Prepare for an interview	2022-08-19 19:41:30.858783+00	2022-08-19 19:41:30.858783+00	\N
26	0	Complete financial aid applications	2022-08-19 19:41:30.858783+00	2022-08-19 19:41:30.858783+00	\N
27	0	Learn more about the exam	2022-08-19 19:41:30.858783+00	2022-08-19 19:41:30.858783+00	\N
28	0	Work on a practice question(s)	2022-08-19 19:41:30.858783+00	2022-08-19 19:41:30.858783+00	\N
29	0	Learn test taking strategies	2022-08-19 19:41:30.858783+00	2022-08-19 19:41:30.858783+00	\N
31	1	I haven't started on this yet	2022-08-19 19:41:30.858783+00	2022-08-19 19:41:30.858783+00	\N
32	2	I've done some work on this	2022-08-19 19:41:30.858783+00	2022-08-19 19:41:30.858783+00	\N
44	2	Sorta but not really	2022-08-19 19:41:30.905468+00	2022-08-19 19:41:30.905468+00	\N
45	3	I guess so	2022-08-19 19:41:30.905468+00	2022-08-19 19:41:30.905468+00	\N
46	4	I'm def closer to my goal	2022-08-19 19:41:30.905468+00	2022-08-19 19:41:30.905468+00	\N
47	5	GOAL ACHIEVED	2022-08-19 19:41:30.905468+00	2022-08-19 19:41:30.905468+00	\N
48	3	Somewhat	2022-08-19 19:41:30.905468+00	2022-08-19 19:41:30.905468+00	\N
49	4	Mostly	2022-08-19 19:41:30.905468+00	2022-08-19 19:41:30.905468+00	\N
50	5	Extremely	2022-08-19 19:41:30.905468+00	2022-08-19 19:41:30.905468+00	\N
51	5	A lot	2022-08-19 19:41:30.905468+00	2022-08-19 19:41:30.905468+00	\N
52	0	Rude coach	2022-08-19 19:41:30.905468+00	2022-08-19 19:41:30.905468+00	\N
53	0	Coach didn't know topic	2022-08-19 19:41:30.905468+00	2022-08-19 19:41:30.905468+00	\N
54	0	Coach slow to respond	2022-08-19 19:41:30.905468+00	2022-08-19 19:41:30.905468+00	\N
55	0	Ran out of time	2022-08-19 19:41:30.905468+00	2022-08-19 19:41:30.905468+00	\N
56	0	Tech issue	2022-08-19 19:41:30.905468+00	2022-08-19 19:41:30.905468+00	\N
58	0	Yes	2022-08-19 19:41:30.905468+00	2022-08-19 19:41:30.905468+00	\N
59	0	Maybe later	2022-08-19 19:41:30.905468+00	2022-08-19 19:41:30.905468+00	\N
5	0	Deepen my understanding of a topic	2022-08-19 19:41:30.858783+00	2022-08-19 19:41:30.918704+00	\N
30	0	Deepen my understanding of a concept	2022-08-19 19:41:30.858783+00	2022-08-19 19:41:30.918704+00	\N
60	0	I'm curious and want to learn something new	2022-08-19 19:41:30.923614+00	2022-08-19 19:41:30.923614+00	\N
61	3	Neutral	2022-08-19 19:41:30.932754+00	2022-08-19 19:41:30.932754+00	https://cdn.upchieve.org/site-images/emojis/neutral-emoji.svg
35	1	Stressed	2022-08-19 19:41:30.858783+00	2022-08-19 19:41:30.932754+00	https://cdn.upchieve.org/site-images/emojis/stressed-emoji.svg
36	2	Nervous	2022-08-19 19:41:30.858783+00	2022-08-19 19:41:30.932754+00	https://cdn.upchieve.org/site-images/emojis/nervous-emoji.svg
37	4	Optimistic	2022-08-19 19:41:30.858783+00	2022-08-19 19:41:30.932754+00	https://cdn.upchieve.org/site-images/emojis/optimistic-emoji.svg
38	5	Confident	2022-08-19 19:41:30.858783+00	2022-08-19 19:41:30.932754+00	https://cdn.upchieve.org/site-images/emojis/confident-emoji.svg
40	2	A little	2022-08-19 19:41:30.858783+00	2022-08-19 19:41:30.939268+00	\N
41	3	A medium amount	2022-08-19 19:41:30.858783+00	2022-08-19 19:41:30.939268+00	\N
42	4	Really well	2022-08-19 19:41:30.858783+00	2022-08-19 19:41:30.939268+00	\N
62	5	Almost perfectly	2022-08-19 19:41:30.939268+00	2022-08-19 19:41:30.939268+00	\N
33	3	I'm finishing this up	2022-08-19 19:41:30.858783+00	2022-08-19 19:41:30.939268+00	\N
34	4	I've completed this	2022-08-19 19:41:30.858783+00	2022-08-19 19:41:30.939268+00	\N
63	0	Yes	2022-08-19 19:41:30.956677+00	2022-08-19 19:41:30.956677+00	\N
64	0	No	2022-08-19 19:41:30.956677+00	2022-08-19 19:41:30.956677+00	\N
65	0	I didn't know topic	2022-08-19 19:41:30.956677+00	2022-08-19 19:41:30.956677+00	\N
66	0	Wrong subject	2022-08-19 19:41:30.956677+00	2022-08-19 19:41:30.956677+00	\N
67	0	Student participation	2022-08-19 19:41:30.956677+00	2022-08-19 19:41:30.956677+00	\N
68	0	Other	2022-08-19 19:41:30.968131+00	2022-08-19 19:41:30.968131+00	\N
69	1	Not at all	2022-08-19 19:41:30.968131+00	2022-08-19 19:41:30.968131+00	\N
70	0	Answer US History text questions	2022-08-19 19:41:30.968131+00	2022-08-19 19:41:30.968131+00	\N
71	0	Develop a thesis statement or essay topic	2022-08-19 19:41:30.968131+00	2022-08-19 19:41:30.968131+00	\N
\.


--
-- Data for Name: surveys; Type: TABLE DATA; Schema: upchieve; Owner: admin
--

COPY upchieve.surveys (id, name, created_at, updated_at) FROM stdin;
1	STEM Pre-Session Survey	2022-08-19 19:41:30.858783+00	2022-08-19 19:41:30.858783+00
2	Humanities Essays Pre-Session Survey	2022-08-19 19:41:30.858783+00	2022-08-19 19:41:30.858783+00
3	Reading Pre-Session Survey	2022-08-19 19:41:30.858783+00	2022-08-19 19:41:30.858783+00
4	College Planning Pre-Session Survey	2022-08-19 19:41:30.858783+00	2022-08-19 19:41:30.858783+00
5	College Essays Pre-Session Survey	2022-08-19 19:41:30.858783+00	2022-08-19 19:41:30.858783+00
6	College Applications Pre-Session Survey	2022-08-19 19:41:30.858783+00	2022-08-19 19:41:30.858783+00
7	SAT Prep Pre-Session Survey	2022-08-19 19:41:30.858783+00	2022-08-19 19:41:30.858783+00
8	Student Post-Session Survey	2022-08-19 19:41:30.905468+00	2022-08-19 19:41:30.905468+00
9	General Volunteer Post-Session Survey	2022-08-19 19:41:30.956677+00	2022-08-19 19:41:30.956677+00
10	SAT Prep Volunteer Post-Session Survey	2022-08-19 19:41:30.956677+00	2022-08-19 19:41:30.956677+00
11	College Counseling Post-Session Survey	2022-08-19 19:41:30.956677+00	2022-08-19 19:41:30.956677+00
12	U.S. History Pre-Session Survey	2022-08-19 19:41:30.968131+00	2022-08-19 19:41:30.968131+00
\.


--
-- Data for Name: surveys_survey_questions; Type: TABLE DATA; Schema: upchieve; Owner: admin
--

COPY upchieve.surveys_survey_questions (id, survey_id, survey_question_id, display_priority, created_at, updated_at) FROM stdin;
1	1	1	10	2022-08-19 19:41:30.858783+00	2022-08-19 19:41:30.858783+00
2	2	1	10	2022-08-19 19:41:30.858783+00	2022-08-19 19:41:30.858783+00
3	3	1	10	2022-08-19 19:41:30.858783+00	2022-08-19 19:41:30.858783+00
4	4	1	10	2022-08-19 19:41:30.858783+00	2022-08-19 19:41:30.858783+00
5	5	1	10	2022-08-19 19:41:30.858783+00	2022-08-19 19:41:30.858783+00
6	6	1	10	2022-08-19 19:41:30.858783+00	2022-08-19 19:41:30.858783+00
7	7	1	10	2022-08-19 19:41:30.858783+00	2022-08-19 19:41:30.858783+00
8	4	2	20	2022-08-19 19:41:30.858783+00	2022-08-19 19:41:30.858783+00
9	5	2	20	2022-08-19 19:41:30.858783+00	2022-08-19 19:41:30.858783+00
10	6	2	20	2022-08-19 19:41:30.858783+00	2022-08-19 19:41:30.858783+00
11	4	3	30	2022-08-19 19:41:30.858783+00	2022-08-19 19:41:30.858783+00
12	5	3	30	2022-08-19 19:41:30.858783+00	2022-08-19 19:41:30.858783+00
13	6	3	30	2022-08-19 19:41:30.858783+00	2022-08-19 19:41:30.858783+00
14	1	4	20	2022-08-19 19:41:30.858783+00	2022-08-19 19:41:30.858783+00
15	2	4	20	2022-08-19 19:41:30.858783+00	2022-08-19 19:41:30.858783+00
16	3	4	20	2022-08-19 19:41:30.858783+00	2022-08-19 19:41:30.858783+00
17	7	4	20	2022-08-19 19:41:30.858783+00	2022-08-19 19:41:30.858783+00
18	1	5	30	2022-08-19 19:41:30.858783+00	2022-08-19 19:41:30.858783+00
19	2	5	30	2022-08-19 19:41:30.858783+00	2022-08-19 19:41:30.858783+00
20	3	5	30	2022-08-19 19:41:30.858783+00	2022-08-19 19:41:30.858783+00
22	8	6	10	2022-08-19 19:41:30.905468+00	2022-08-19 19:41:30.905468+00
23	8	7	20	2022-08-19 19:41:30.905468+00	2022-08-19 19:41:30.905468+00
24	8	8	30	2022-08-19 19:41:30.905468+00	2022-08-19 19:41:30.905468+00
25	8	9	40	2022-08-19 19:41:30.905468+00	2022-08-19 19:41:30.905468+00
26	8	10	50	2022-08-19 19:41:30.905468+00	2022-08-19 19:41:30.905468+00
27	8	11	60	2022-08-19 19:41:30.905468+00	2022-08-19 19:41:30.905468+00
21	7	12	30	2022-08-19 19:41:30.858783+00	2022-08-19 19:41:30.939268+00
28	9	13	10	2022-08-19 19:41:30.956677+00	2022-08-19 19:41:30.956677+00
29	10	13	10	2022-08-19 19:41:30.956677+00	2022-08-19 19:41:30.956677+00
30	9	14	20	2022-08-19 19:41:30.956677+00	2022-08-19 19:41:30.956677+00
31	10	15	20	2022-08-19 19:41:30.956677+00	2022-08-19 19:41:30.956677+00
32	9	17	30	2022-08-19 19:41:30.956677+00	2022-08-19 19:41:30.956677+00
33	10	17	30	2022-08-19 19:41:30.956677+00	2022-08-19 19:41:30.956677+00
34	9	18	40	2022-08-19 19:41:30.956677+00	2022-08-19 19:41:30.956677+00
35	10	18	40	2022-08-19 19:41:30.956677+00	2022-08-19 19:41:30.956677+00
36	9	19	50	2022-08-19 19:41:30.956677+00	2022-08-19 19:41:30.956677+00
37	10	19	50	2022-08-19 19:41:30.956677+00	2022-08-19 19:41:30.956677+00
38	12	1	10	2022-08-19 19:41:30.968131+00	2022-08-19 19:41:30.968131+00
39	12	4	20	2022-08-19 19:41:30.968131+00	2022-08-19 19:41:30.968131+00
40	12	5	30	2022-08-19 19:41:30.968131+00	2022-08-19 19:41:30.968131+00
\.


--
-- Data for Name: survey_questions_response_choices; Type: TABLE DATA; Schema: upchieve; Owner: admin
--

COPY upchieve.survey_questions_response_choices (response_choice_id, display_priority, created_at, updated_at, surveys_survey_question_id) FROM stdin;
1	10	2022-08-19 19:41:30.858783+00	2022-08-19 19:41:30.858783+00	1
7	10	2022-08-19 19:41:30.858783+00	2022-08-19 19:41:30.858783+00	2
12	10	2022-08-19 19:41:30.858783+00	2022-08-19 19:41:30.858783+00	3
15	10	2022-08-19 19:41:30.858783+00	2022-08-19 19:41:30.858783+00	4
20	10	2022-08-19 19:41:30.858783+00	2022-08-19 19:41:30.858783+00	5
22	10	2022-08-19 19:41:30.858783+00	2022-08-19 19:41:30.858783+00	6
27	10	2022-08-19 19:41:30.858783+00	2022-08-19 19:41:30.858783+00	7
31	10	2022-08-19 19:41:30.858783+00	2022-08-19 19:41:30.858783+00	8
31	10	2022-08-19 19:41:30.858783+00	2022-08-19 19:41:30.858783+00	9
31	10	2022-08-19 19:41:30.858783+00	2022-08-19 19:41:30.858783+00	10
35	10	2022-08-19 19:41:30.858783+00	2022-08-19 19:41:30.858783+00	11
35	10	2022-08-19 19:41:30.858783+00	2022-08-19 19:41:30.858783+00	12
35	10	2022-08-19 19:41:30.858783+00	2022-08-19 19:41:30.858783+00	13
35	10	2022-08-19 19:41:30.858783+00	2022-08-19 19:41:30.858783+00	18
35	10	2022-08-19 19:41:30.858783+00	2022-08-19 19:41:30.858783+00	19
35	10	2022-08-19 19:41:30.858783+00	2022-08-19 19:41:30.858783+00	20
35	10	2022-08-19 19:41:30.858783+00	2022-08-19 19:41:30.858783+00	21
2	20	2022-08-19 19:41:30.858783+00	2022-08-19 19:41:30.858783+00	1
8	20	2022-08-19 19:41:30.858783+00	2022-08-19 19:41:30.858783+00	2
13	20	2022-08-19 19:41:30.858783+00	2022-08-19 19:41:30.858783+00	3
16	20	2022-08-19 19:41:30.858783+00	2022-08-19 19:41:30.858783+00	4
21	20	2022-08-19 19:41:30.858783+00	2022-08-19 19:41:30.858783+00	5
23	20	2022-08-19 19:41:30.858783+00	2022-08-19 19:41:30.858783+00	6
29	20	2022-08-19 19:41:30.858783+00	2022-08-19 19:41:30.858783+00	7
36	20	2022-08-19 19:41:30.858783+00	2022-08-19 19:41:30.858783+00	11
36	20	2022-08-19 19:41:30.858783+00	2022-08-19 19:41:30.858783+00	12
36	20	2022-08-19 19:41:30.858783+00	2022-08-19 19:41:30.858783+00	13
40	20	2022-08-19 19:41:30.858783+00	2022-08-19 19:41:30.858783+00	14
40	20	2022-08-19 19:41:30.858783+00	2022-08-19 19:41:30.858783+00	15
40	20	2022-08-19 19:41:30.858783+00	2022-08-19 19:41:30.858783+00	16
40	20	2022-08-19 19:41:30.858783+00	2022-08-19 19:41:30.858783+00	17
36	20	2022-08-19 19:41:30.858783+00	2022-08-19 19:41:30.858783+00	18
36	20	2022-08-19 19:41:30.858783+00	2022-08-19 19:41:30.858783+00	19
36	20	2022-08-19 19:41:30.858783+00	2022-08-19 19:41:30.858783+00	20
36	20	2022-08-19 19:41:30.858783+00	2022-08-19 19:41:30.858783+00	21
3	30	2022-08-19 19:41:30.858783+00	2022-08-19 19:41:30.858783+00	1
9	30	2022-08-19 19:41:30.858783+00	2022-08-19 19:41:30.858783+00	2
14	30	2022-08-19 19:41:30.858783+00	2022-08-19 19:41:30.858783+00	3
17	30	2022-08-19 19:41:30.858783+00	2022-08-19 19:41:30.858783+00	4
10	30	2022-08-19 19:41:30.858783+00	2022-08-19 19:41:30.858783+00	5
24	30	2022-08-19 19:41:30.858783+00	2022-08-19 19:41:30.858783+00	6
28	30	2022-08-19 19:41:30.858783+00	2022-08-19 19:41:30.858783+00	7
33	30	2022-08-19 19:41:30.858783+00	2022-08-19 19:41:30.858783+00	8
33	30	2022-08-19 19:41:30.858783+00	2022-08-19 19:41:30.858783+00	9
33	30	2022-08-19 19:41:30.858783+00	2022-08-19 19:41:30.858783+00	10
41	30	2022-08-19 19:41:30.858783+00	2022-08-19 19:41:30.858783+00	14
41	30	2022-08-19 19:41:30.858783+00	2022-08-19 19:41:30.858783+00	15
41	30	2022-08-19 19:41:30.858783+00	2022-08-19 19:41:30.858783+00	16
41	30	2022-08-19 19:41:30.858783+00	2022-08-19 19:41:30.858783+00	17
4	40	2022-08-19 19:41:30.858783+00	2022-08-19 19:41:30.858783+00	1
10	40	2022-08-19 19:41:30.858783+00	2022-08-19 19:41:30.858783+00	2
18	40	2022-08-19 19:41:30.858783+00	2022-08-19 19:41:30.858783+00	4
11	40	2022-08-19 19:41:30.858783+00	2022-08-19 19:41:30.858783+00	5
25	40	2022-08-19 19:41:30.858783+00	2022-08-19 19:41:30.858783+00	6
4	40	2022-08-19 19:41:30.858783+00	2022-08-19 19:41:30.858783+00	7
42	40	2022-08-19 19:41:30.858783+00	2022-08-19 19:41:30.858783+00	14
42	40	2022-08-19 19:41:30.858783+00	2022-08-19 19:41:30.858783+00	15
42	40	2022-08-19 19:41:30.858783+00	2022-08-19 19:41:30.858783+00	16
42	40	2022-08-19 19:41:30.858783+00	2022-08-19 19:41:30.858783+00	17
5	50	2022-08-19 19:41:30.858783+00	2022-08-19 19:41:30.858783+00	1
11	50	2022-08-19 19:41:30.858783+00	2022-08-19 19:41:30.858783+00	2
19	50	2022-08-19 19:41:30.858783+00	2022-08-19 19:41:30.858783+00	4
26	50	2022-08-19 19:41:30.858783+00	2022-08-19 19:41:30.858783+00	6
30	50	2022-08-19 19:41:30.858783+00	2022-08-19 19:41:30.858783+00	7
44	20	2022-08-19 19:41:30.905468+00	2022-08-19 19:41:30.905468+00	22
45	30	2022-08-19 19:41:30.905468+00	2022-08-19 19:41:30.905468+00	22
46	40	2022-08-19 19:41:30.905468+00	2022-08-19 19:41:30.905468+00	22
47	50	2022-08-19 19:41:30.905468+00	2022-08-19 19:41:30.905468+00	22
52	10	2022-08-19 19:41:30.905468+00	2022-08-19 19:41:30.905468+00	23
53	20	2022-08-19 19:41:30.905468+00	2022-08-19 19:41:30.905468+00	23
54	30	2022-08-19 19:41:30.905468+00	2022-08-19 19:41:30.905468+00	23
55	40	2022-08-19 19:41:30.905468+00	2022-08-19 19:41:30.905468+00	23
56	50	2022-08-19 19:41:30.905468+00	2022-08-19 19:41:30.905468+00	23
58	10	2022-08-19 19:41:30.905468+00	2022-08-19 19:41:30.905468+00	24
59	20	2022-08-19 19:41:30.905468+00	2022-08-19 19:41:30.905468+00	24
44	20	2022-08-19 19:41:30.905468+00	2022-08-19 19:41:30.905468+00	25
48	30	2022-08-19 19:41:30.905468+00	2022-08-19 19:41:30.905468+00	25
49	40	2022-08-19 19:41:30.905468+00	2022-08-19 19:41:30.905468+00	25
50	50	2022-08-19 19:41:30.905468+00	2022-08-19 19:41:30.905468+00	25
44	20	2022-08-19 19:41:30.905468+00	2022-08-19 19:41:30.905468+00	26
48	30	2022-08-19 19:41:30.905468+00	2022-08-19 19:41:30.905468+00	26
49	40	2022-08-19 19:41:30.905468+00	2022-08-19 19:41:30.905468+00	26
51	50	2022-08-19 19:41:30.905468+00	2022-08-19 19:41:30.905468+00	26
60	60	2022-08-19 19:41:30.923614+00	2022-08-19 19:41:30.923614+00	1
61	30	2022-08-19 19:41:30.932754+00	2022-08-19 19:41:30.932754+00	11
61	30	2022-08-19 19:41:30.932754+00	2022-08-19 19:41:30.932754+00	12
61	30	2022-08-19 19:41:30.932754+00	2022-08-19 19:41:30.932754+00	13
61	30	2022-08-19 19:41:30.932754+00	2022-08-19 19:41:30.932754+00	18
61	30	2022-08-19 19:41:30.932754+00	2022-08-19 19:41:30.932754+00	19
61	30	2022-08-19 19:41:30.932754+00	2022-08-19 19:41:30.932754+00	20
61	30	2022-08-19 19:41:30.932754+00	2022-08-19 19:41:30.932754+00	21
37	40	2022-08-19 19:41:30.858783+00	2022-08-19 19:41:30.932754+00	11
37	40	2022-08-19 19:41:30.858783+00	2022-08-19 19:41:30.932754+00	12
37	40	2022-08-19 19:41:30.858783+00	2022-08-19 19:41:30.932754+00	13
37	40	2022-08-19 19:41:30.858783+00	2022-08-19 19:41:30.932754+00	18
37	40	2022-08-19 19:41:30.858783+00	2022-08-19 19:41:30.932754+00	19
37	40	2022-08-19 19:41:30.858783+00	2022-08-19 19:41:30.932754+00	20
37	40	2022-08-19 19:41:30.858783+00	2022-08-19 19:41:30.932754+00	21
38	50	2022-08-19 19:41:30.858783+00	2022-08-19 19:41:30.932754+00	11
38	50	2022-08-19 19:41:30.858783+00	2022-08-19 19:41:30.932754+00	12
38	50	2022-08-19 19:41:30.858783+00	2022-08-19 19:41:30.932754+00	13
38	50	2022-08-19 19:41:30.858783+00	2022-08-19 19:41:30.932754+00	18
38	50	2022-08-19 19:41:30.858783+00	2022-08-19 19:41:30.932754+00	19
38	50	2022-08-19 19:41:30.858783+00	2022-08-19 19:41:30.932754+00	20
38	50	2022-08-19 19:41:30.858783+00	2022-08-19 19:41:30.932754+00	21
62	50	2022-08-19 19:41:30.939268+00	2022-08-19 19:41:30.939268+00	14
62	50	2022-08-19 19:41:30.939268+00	2022-08-19 19:41:30.939268+00	15
62	50	2022-08-19 19:41:30.939268+00	2022-08-19 19:41:30.939268+00	16
62	50	2022-08-19 19:41:30.939268+00	2022-08-19 19:41:30.939268+00	17
32	20	2022-08-19 19:41:30.939268+00	2022-08-19 19:41:30.939268+00	8
32	20	2022-08-19 19:41:30.939268+00	2022-08-19 19:41:30.939268+00	9
32	20	2022-08-19 19:41:30.939268+00	2022-08-19 19:41:30.939268+00	10
34	40	2022-08-19 19:41:30.939268+00	2022-08-19 19:41:30.939268+00	8
34	40	2022-08-19 19:41:30.939268+00	2022-08-19 19:41:30.939268+00	9
34	40	2022-08-19 19:41:30.939268+00	2022-08-19 19:41:30.939268+00	10
44	20	2022-08-19 19:41:30.956677+00	2022-08-19 19:41:30.956677+00	28
44	20	2022-08-19 19:41:30.956677+00	2022-08-19 19:41:30.956677+00	29
48	30	2022-08-19 19:41:30.956677+00	2022-08-19 19:41:30.956677+00	28
48	30	2022-08-19 19:41:30.956677+00	2022-08-19 19:41:30.956677+00	29
49	40	2022-08-19 19:41:30.956677+00	2022-08-19 19:41:30.956677+00	28
49	40	2022-08-19 19:41:30.956677+00	2022-08-19 19:41:30.956677+00	29
51	50	2022-08-19 19:41:30.956677+00	2022-08-19 19:41:30.956677+00	28
51	50	2022-08-19 19:41:30.956677+00	2022-08-19 19:41:30.956677+00	29
55	20	2022-08-19 19:41:30.956677+00	2022-08-19 19:41:30.956677+00	34
55	20	2022-08-19 19:41:30.956677+00	2022-08-19 19:41:30.956677+00	35
58	10	2022-08-19 19:41:30.956677+00	2022-08-19 19:41:30.956677+00	32
58	10	2022-08-19 19:41:30.956677+00	2022-08-19 19:41:30.956677+00	33
61	30	2022-08-19 19:41:30.956677+00	2022-08-19 19:41:30.956677+00	30
35	10	2022-08-19 19:41:30.956677+00	2022-08-19 19:41:30.956677+00	30
36	20	2022-08-19 19:41:30.956677+00	2022-08-19 19:41:30.956677+00	30
37	40	2022-08-19 19:41:30.956677+00	2022-08-19 19:41:30.956677+00	30
38	50	2022-08-19 19:41:30.956677+00	2022-08-19 19:41:30.956677+00	30
63	10	2022-08-19 19:41:30.956677+00	2022-08-19 19:41:30.956677+00	32
63	10	2022-08-19 19:41:30.956677+00	2022-08-19 19:41:30.956677+00	33
64	20	2022-08-19 19:41:30.956677+00	2022-08-19 19:41:30.956677+00	32
64	20	2022-08-19 19:41:30.956677+00	2022-08-19 19:41:30.956677+00	33
65	30	2022-08-19 19:41:30.956677+00	2022-08-19 19:41:30.956677+00	34
65	30	2022-08-19 19:41:30.956677+00	2022-08-19 19:41:30.956677+00	35
66	40	2022-08-19 19:41:30.956677+00	2022-08-19 19:41:30.956677+00	34
66	40	2022-08-19 19:41:30.956677+00	2022-08-19 19:41:30.956677+00	35
67	50	2022-08-19 19:41:30.956677+00	2022-08-19 19:41:30.956677+00	34
67	50	2022-08-19 19:41:30.956677+00	2022-08-19 19:41:30.956677+00	35
3	30	2022-08-19 19:41:30.968131+00	2022-08-19 19:41:30.968131+00	38
4	20	2022-08-19 19:41:30.968131+00	2022-08-19 19:41:30.968131+00	38
30	50	2022-08-19 19:41:30.968131+00	2022-08-19 19:41:30.968131+00	38
60	60	2022-08-19 19:41:30.968131+00	2022-08-19 19:41:30.968131+00	38
61	30	2022-08-19 19:41:30.968131+00	2022-08-19 19:41:30.968131+00	40
35	10	2022-08-19 19:41:30.968131+00	2022-08-19 19:41:30.968131+00	40
36	20	2022-08-19 19:41:30.968131+00	2022-08-19 19:41:30.968131+00	40
37	40	2022-08-19 19:41:30.968131+00	2022-08-19 19:41:30.968131+00	40
38	50	2022-08-19 19:41:30.968131+00	2022-08-19 19:41:30.968131+00	40
40	20	2022-08-19 19:41:30.968131+00	2022-08-19 19:41:30.968131+00	39
41	30	2022-08-19 19:41:30.968131+00	2022-08-19 19:41:30.968131+00	39
42	40	2022-08-19 19:41:30.968131+00	2022-08-19 19:41:30.968131+00	39
62	50	2022-08-19 19:41:30.968131+00	2022-08-19 19:41:30.968131+00	39
68	40	2022-08-19 19:41:30.968131+00	2022-08-19 19:41:30.968131+00	3
68	50	2022-08-19 19:41:30.968131+00	2022-08-19 19:41:30.968131+00	5
68	60	2022-08-19 19:41:30.968131+00	2022-08-19 19:41:30.968131+00	2
68	60	2022-08-19 19:41:30.968131+00	2022-08-19 19:41:30.968131+00	4
68	60	2022-08-19 19:41:30.968131+00	2022-08-19 19:41:30.968131+00	6
68	60	2022-08-19 19:41:30.968131+00	2022-08-19 19:41:30.968131+00	7
68	60	2022-08-19 19:41:30.968131+00	2022-08-19 19:41:30.968131+00	23
68	60	2022-08-19 19:41:30.968131+00	2022-08-19 19:41:30.968131+00	34
68	60	2022-08-19 19:41:30.968131+00	2022-08-19 19:41:30.968131+00	35
68	70	2022-08-19 19:41:30.968131+00	2022-08-19 19:41:30.968131+00	1
68	70	2022-08-19 19:41:30.968131+00	2022-08-19 19:41:30.968131+00	38
69	10	2022-08-19 19:41:30.968131+00	2022-08-19 19:41:30.968131+00	14
69	10	2022-08-19 19:41:30.968131+00	2022-08-19 19:41:30.968131+00	15
69	10	2022-08-19 19:41:30.968131+00	2022-08-19 19:41:30.968131+00	16
69	10	2022-08-19 19:41:30.968131+00	2022-08-19 19:41:30.968131+00	17
69	10	2022-08-19 19:41:30.968131+00	2022-08-19 19:41:30.968131+00	22
69	10	2022-08-19 19:41:30.968131+00	2022-08-19 19:41:30.968131+00	25
69	10	2022-08-19 19:41:30.968131+00	2022-08-19 19:41:30.968131+00	26
69	10	2022-08-19 19:41:30.968131+00	2022-08-19 19:41:30.968131+00	28
69	10	2022-08-19 19:41:30.968131+00	2022-08-19 19:41:30.968131+00	29
69	10	2022-08-19 19:41:30.968131+00	2022-08-19 19:41:30.968131+00	33
69	10	2022-08-19 19:41:30.968131+00	2022-08-19 19:41:30.968131+00	39
70	10	2022-08-19 19:41:30.968131+00	2022-08-19 19:41:30.968131+00	38
71	40	2022-08-19 19:41:30.968131+00	2022-08-19 19:41:30.968131+00	38
\.


--
-- Data for Name: survey_types; Type: TABLE DATA; Schema: upchieve; Owner: admin
--

COPY upchieve.survey_types (id, name, created_at, updated_at) FROM stdin;
1	presession	2022-08-19 19:41:30.889361+00	2022-08-19 19:41:30.889361+00
2	postsession	2022-08-19 19:41:30.889361+00	2022-08-19 19:41:30.889361+00
\.


--
-- Data for Name: surveys_context; Type: TABLE DATA; Schema: upchieve; Owner: admin
--

COPY upchieve.surveys_context (survey_id, subject_id, survey_type_id, created_at, updated_at) FROM stdin;
1	1	1	2022-08-19 19:41:30.889361+00	2022-08-19 19:41:30.889361+00
1	2	1	2022-08-19 19:41:30.889361+00	2022-08-19 19:41:30.889361+00
1	3	1	2022-08-19 19:41:30.889361+00	2022-08-19 19:41:30.889361+00
1	4	1	2022-08-19 19:41:30.889361+00	2022-08-19 19:41:30.889361+00
1	5	1	2022-08-19 19:41:30.889361+00	2022-08-19 19:41:30.889361+00
1	6	1	2022-08-19 19:41:30.889361+00	2022-08-19 19:41:30.889361+00
1	7	1	2022-08-19 19:41:30.889361+00	2022-08-19 19:41:30.889361+00
1	8	1	2022-08-19 19:41:30.889361+00	2022-08-19 19:41:30.889361+00
1	9	1	2022-08-19 19:41:30.889361+00	2022-08-19 19:41:30.889361+00
1	10	1	2022-08-19 19:41:30.889361+00	2022-08-19 19:41:30.889361+00
1	11	1	2022-08-19 19:41:30.889361+00	2022-08-19 19:41:30.889361+00
1	12	1	2022-08-19 19:41:30.889361+00	2022-08-19 19:41:30.889361+00
1	13	1	2022-08-19 19:41:30.889361+00	2022-08-19 19:41:30.889361+00
1	14	1	2022-08-19 19:41:30.889361+00	2022-08-19 19:41:30.889361+00
1	21	1	2022-08-19 19:41:30.889361+00	2022-08-19 19:41:30.889361+00
1	22	1	2022-08-19 19:41:30.889361+00	2022-08-19 19:41:30.889361+00
1	23	1	2022-08-19 19:41:30.889361+00	2022-08-19 19:41:30.889361+00
1	24	1	2022-08-19 19:41:30.889361+00	2022-08-19 19:41:30.889361+00
2	20	1	2022-08-19 19:41:30.889361+00	2022-08-19 19:41:30.889361+00
3	25	1	2022-08-19 19:41:30.889361+00	2022-08-19 19:41:30.889361+00
4	18	1	2022-08-19 19:41:30.889361+00	2022-08-19 19:41:30.889361+00
6	19	1	2022-08-19 19:41:30.889361+00	2022-08-19 19:41:30.889361+00
7	15	1	2022-08-19 19:41:30.889361+00	2022-08-19 19:41:30.889361+00
7	16	1	2022-08-19 19:41:30.889361+00	2022-08-19 19:41:30.889361+00
8	1	2	2022-08-19 19:41:30.905468+00	2022-08-19 19:41:30.905468+00
8	2	2	2022-08-19 19:41:30.905468+00	2022-08-19 19:41:30.905468+00
8	3	2	2022-08-19 19:41:30.905468+00	2022-08-19 19:41:30.905468+00
8	4	2	2022-08-19 19:41:30.905468+00	2022-08-19 19:41:30.905468+00
8	5	2	2022-08-19 19:41:30.905468+00	2022-08-19 19:41:30.905468+00
8	6	2	2022-08-19 19:41:30.905468+00	2022-08-19 19:41:30.905468+00
8	7	2	2022-08-19 19:41:30.905468+00	2022-08-19 19:41:30.905468+00
8	8	2	2022-08-19 19:41:30.905468+00	2022-08-19 19:41:30.905468+00
8	9	2	2022-08-19 19:41:30.905468+00	2022-08-19 19:41:30.905468+00
8	10	2	2022-08-19 19:41:30.905468+00	2022-08-19 19:41:30.905468+00
8	11	2	2022-08-19 19:41:30.905468+00	2022-08-19 19:41:30.905468+00
8	12	2	2022-08-19 19:41:30.905468+00	2022-08-19 19:41:30.905468+00
8	13	2	2022-08-19 19:41:30.905468+00	2022-08-19 19:41:30.905468+00
8	14	2	2022-08-19 19:41:30.905468+00	2022-08-19 19:41:30.905468+00
8	15	2	2022-08-19 19:41:30.905468+00	2022-08-19 19:41:30.905468+00
8	16	2	2022-08-19 19:41:30.905468+00	2022-08-19 19:41:30.905468+00
8	17	2	2022-08-19 19:41:30.905468+00	2022-08-19 19:41:30.905468+00
8	18	2	2022-08-19 19:41:30.905468+00	2022-08-19 19:41:30.905468+00
8	19	2	2022-08-19 19:41:30.905468+00	2022-08-19 19:41:30.905468+00
8	20	2	2022-08-19 19:41:30.905468+00	2022-08-19 19:41:30.905468+00
8	21	2	2022-08-19 19:41:30.905468+00	2022-08-19 19:41:30.905468+00
8	22	2	2022-08-19 19:41:30.905468+00	2022-08-19 19:41:30.905468+00
8	23	2	2022-08-19 19:41:30.905468+00	2022-08-19 19:41:30.905468+00
8	24	2	2022-08-19 19:41:30.905468+00	2022-08-19 19:41:30.905468+00
8	25	2	2022-08-19 19:41:30.905468+00	2022-08-19 19:41:30.905468+00
5	17	1	2022-08-19 19:41:30.939268+00	2022-08-19 19:41:30.939268+00
9	1	2	2022-08-19 19:41:30.956677+00	2022-08-19 19:41:30.956677+00
9	2	2	2022-08-19 19:41:30.956677+00	2022-08-19 19:41:30.956677+00
9	3	2	2022-08-19 19:41:30.956677+00	2022-08-19 19:41:30.956677+00
9	4	2	2022-08-19 19:41:30.956677+00	2022-08-19 19:41:30.956677+00
9	5	2	2022-08-19 19:41:30.956677+00	2022-08-19 19:41:30.956677+00
9	6	2	2022-08-19 19:41:30.956677+00	2022-08-19 19:41:30.956677+00
9	7	2	2022-08-19 19:41:30.956677+00	2022-08-19 19:41:30.956677+00
9	8	2	2022-08-19 19:41:30.956677+00	2022-08-19 19:41:30.956677+00
9	9	2	2022-08-19 19:41:30.956677+00	2022-08-19 19:41:30.956677+00
9	10	2	2022-08-19 19:41:30.956677+00	2022-08-19 19:41:30.956677+00
9	11	2	2022-08-19 19:41:30.956677+00	2022-08-19 19:41:30.956677+00
9	12	2	2022-08-19 19:41:30.956677+00	2022-08-19 19:41:30.956677+00
9	13	2	2022-08-19 19:41:30.956677+00	2022-08-19 19:41:30.956677+00
9	14	2	2022-08-19 19:41:30.956677+00	2022-08-19 19:41:30.956677+00
9	20	2	2022-08-19 19:41:30.956677+00	2022-08-19 19:41:30.956677+00
9	21	2	2022-08-19 19:41:30.956677+00	2022-08-19 19:41:30.956677+00
9	22	2	2022-08-19 19:41:30.956677+00	2022-08-19 19:41:30.956677+00
9	23	2	2022-08-19 19:41:30.956677+00	2022-08-19 19:41:30.956677+00
9	24	2	2022-08-19 19:41:30.956677+00	2022-08-19 19:41:30.956677+00
9	25	2	2022-08-19 19:41:30.956677+00	2022-08-19 19:41:30.956677+00
10	15	2	2022-08-19 19:41:30.956677+00	2022-08-19 19:41:30.956677+00
10	16	2	2022-08-19 19:41:30.956677+00	2022-08-19 19:41:30.956677+00
12	26	1	2022-08-19 19:41:30.968131+00	2022-08-19 19:41:30.968131+00
\.


--
-- Data for Name: training_courses; Type: TABLE DATA; Schema: upchieve; Owner: admin
--

COPY upchieve.training_courses (id, name, created_at, updated_at) FROM stdin;
1	upchieve101	2022-08-19 19:41:30.063482+00	2022-08-19 19:41:30.063482+00
\.


--
-- Data for Name: user_actions; Type: TABLE DATA; Schema: upchieve; Owner: admin
--

COPY upchieve.user_actions (id, user_id, session_id, action_type, action, ip_address_id, device, browser, browser_version, operating_system, operating_system_version, quiz_subcategory, quiz_category, created_at, updated_at, mongo_id, reference_email, volunteer_id, ban_reason) FROM stdin;
\.


--
-- Data for Name: user_product_flags; Type: TABLE DATA; Schema: upchieve; Owner: admin
--

COPY upchieve.user_product_flags (user_id, sent_ready_to_coach_email, sent_hour_summary_intro_email, sent_inactive_thirty_day_email, sent_inactive_sixty_day_email, sent_inactive_ninety_day_email, gates_qualified, created_at, updated_at, in_gates_study) FROM stdin;
\.


--
-- Data for Name: user_session_metrics; Type: TABLE DATA; Schema: upchieve; Owner: admin
--

COPY upchieve.user_session_metrics (user_id, absent_student, absent_volunteer, low_session_rating_from_coach, low_session_rating_from_student, low_coach_rating_from_student, reported, only_looking_for_answers, rude_or_inappropriate, comment_from_student, comment_from_volunteer, has_been_unmatched, has_had_technical_issues, created_at, updated_at) FROM stdin;
0182b7a0-030d-119e-0804-22a0b74977eb	0	0	0	0	0	0	0	0	0	0	0	0	2022-08-19 19:41:33.327591+00	2022-08-19 19:41:33.327591+00
0182b7a0-030d-a509-fdd2-f376483e5809	0	0	0	0	0	0	0	0	0	0	0	0	2022-08-19 19:41:33.329772+00	2022-08-19 19:41:33.329772+00
0182b7a0-030d-a83b-031b-f187973d1bea	0	0	0	0	0	0	0	0	0	0	0	0	2022-08-19 19:41:33.331738+00	2022-08-19 19:41:33.331738+00
0182b7a0-030d-bcf6-b329-fddd4d818109	0	0	0	0	0	0	0	0	0	0	0	0	2022-08-19 19:41:33.333963+00	2022-08-19 19:41:33.333963+00
0182b7a0-030d-3ef1-7ac0-7aede3b25389	0	0	0	0	0	0	0	0	0	0	0	0	2022-08-19 19:41:33.336417+00	2022-08-19 19:41:33.336417+00
0182b7a0-030d-0fb4-46a6-259c3ad0d828	0	0	0	0	0	0	0	0	0	0	0	0	2022-08-19 19:41:33.338587+00	2022-08-19 19:41:33.338587+00
0182b7a0-03c2-595e-6444-8f69201dd1a9	0	0	0	0	0	0	0	0	0	0	0	0	2022-08-19 19:41:33.508539+00	2022-08-19 19:41:33.508539+00
0182b7a0-03c2-3032-7cb5-00c0c6bd60c7	0	0	0	0	0	0	0	0	0	0	0	0	2022-08-19 19:41:33.510689+00	2022-08-19 19:41:33.510689+00
0182b7a0-03c2-26dd-c2a2-a46150ad091a	0	0	0	0	0	0	0	0	0	0	0	0	2022-08-19 19:41:33.513089+00	2022-08-19 19:41:33.513089+00
\.


--
-- Data for Name: users_certifications; Type: TABLE DATA; Schema: upchieve; Owner: admin
--

COPY upchieve.users_certifications (user_id, certification_id, created_at, updated_at) FROM stdin;
0182b7a0-030d-119e-0804-22a0b74977eb	1	2022-08-19 19:41:33.347322+00	2022-08-19 19:41:33.347322+00
0182b7a0-030d-119e-0804-22a0b74977eb	16	2022-08-19 19:41:33.354885+00	2022-08-19 19:41:33.354885+00
0182b7a0-030d-119e-0804-22a0b74977eb	17	2022-08-19 19:41:33.358107+00	2022-08-19 19:41:33.358107+00
0182b7a0-030d-119e-0804-22a0b74977eb	11	2022-08-19 19:41:33.361009+00	2022-08-19 19:41:33.361009+00
0182b7a0-030d-119e-0804-22a0b74977eb	4	2022-08-19 19:41:33.363594+00	2022-08-19 19:41:33.363594+00
0182b7a0-030d-119e-0804-22a0b74977eb	20	2022-08-19 19:41:33.366293+00	2022-08-19 19:41:33.366293+00
0182b7a0-030d-119e-0804-22a0b74977eb	5	2022-08-19 19:41:33.368718+00	2022-08-19 19:41:33.368718+00
0182b7a0-030d-119e-0804-22a0b74977eb	9	2022-08-19 19:41:33.371383+00	2022-08-19 19:41:33.371383+00
0182b7a0-030d-119e-0804-22a0b74977eb	3	2022-08-19 19:41:33.374208+00	2022-08-19 19:41:33.374208+00
0182b7a0-030d-119e-0804-22a0b74977eb	6	2022-08-19 19:41:33.37696+00	2022-08-19 19:41:33.37696+00
0182b7a0-030d-119e-0804-22a0b74977eb	19	2022-08-19 19:41:33.379533+00	2022-08-19 19:41:33.379533+00
0182b7a0-030d-119e-0804-22a0b74977eb	18	2022-08-19 19:41:33.382283+00	2022-08-19 19:41:33.382283+00
0182b7a0-030d-119e-0804-22a0b74977eb	15	2022-08-19 19:41:33.384904+00	2022-08-19 19:41:33.384904+00
0182b7a0-030d-a509-fdd2-f376483e5809	1	2022-08-19 19:41:33.387738+00	2022-08-19 19:41:33.387738+00
0182b7a0-030d-a509-fdd2-f376483e5809	16	2022-08-19 19:41:33.390434+00	2022-08-19 19:41:33.390434+00
0182b7a0-030d-a509-fdd2-f376483e5809	17	2022-08-19 19:41:33.393237+00	2022-08-19 19:41:33.393237+00
0182b7a0-030d-a509-fdd2-f376483e5809	10	2022-08-19 19:41:33.395845+00	2022-08-19 19:41:33.395845+00
0182b7a0-030d-a509-fdd2-f376483e5809	4	2022-08-19 19:41:33.398612+00	2022-08-19 19:41:33.398612+00
0182b7a0-030d-a509-fdd2-f376483e5809	20	2022-08-19 19:41:33.401109+00	2022-08-19 19:41:33.401109+00
0182b7a0-030d-a509-fdd2-f376483e5809	5	2022-08-19 19:41:33.403877+00	2022-08-19 19:41:33.403877+00
0182b7a0-030d-a509-fdd2-f376483e5809	9	2022-08-19 19:41:33.406658+00	2022-08-19 19:41:33.406658+00
0182b7a0-030d-a509-fdd2-f376483e5809	3	2022-08-19 19:41:33.409224+00	2022-08-19 19:41:33.409224+00
0182b7a0-030d-a509-fdd2-f376483e5809	6	2022-08-19 19:41:33.412043+00	2022-08-19 19:41:33.412043+00
0182b7a0-030d-a509-fdd2-f376483e5809	11	2022-08-19 19:41:33.41465+00	2022-08-19 19:41:33.41465+00
0182b7a0-030d-a509-fdd2-f376483e5809	19	2022-08-19 19:41:33.417473+00	2022-08-19 19:41:33.417473+00
0182b7a0-030d-a509-fdd2-f376483e5809	18	2022-08-19 19:41:33.420232+00	2022-08-19 19:41:33.420232+00
0182b7a0-030d-a83b-031b-f187973d1bea	1	2022-08-19 19:41:33.422539+00	2022-08-19 19:41:33.422539+00
0182b7a0-030d-a83b-031b-f187973d1bea	16	2022-08-19 19:41:33.425446+00	2022-08-19 19:41:33.425446+00
0182b7a0-030d-a83b-031b-f187973d1bea	17	2022-08-19 19:41:33.428795+00	2022-08-19 19:41:33.428795+00
0182b7a0-030d-a83b-031b-f187973d1bea	10	2022-08-19 19:41:33.431744+00	2022-08-19 19:41:33.431744+00
0182b7a0-030d-a83b-031b-f187973d1bea	4	2022-08-19 19:41:33.438618+00	2022-08-19 19:41:33.438618+00
0182b7a0-030d-a83b-031b-f187973d1bea	20	2022-08-19 19:41:33.441375+00	2022-08-19 19:41:33.441375+00
0182b7a0-030d-a83b-031b-f187973d1bea	5	2022-08-19 19:41:33.444098+00	2022-08-19 19:41:33.444098+00
0182b7a0-030d-a83b-031b-f187973d1bea	9	2022-08-19 19:41:33.446654+00	2022-08-19 19:41:33.446654+00
0182b7a0-030d-a83b-031b-f187973d1bea	3	2022-08-19 19:41:33.449527+00	2022-08-19 19:41:33.449527+00
0182b7a0-030d-a83b-031b-f187973d1bea	6	2022-08-19 19:41:33.452338+00	2022-08-19 19:41:33.452338+00
0182b7a0-030d-a83b-031b-f187973d1bea	11	2022-08-19 19:41:33.455133+00	2022-08-19 19:41:33.455133+00
0182b7a0-030d-a83b-031b-f187973d1bea	19	2022-08-19 19:41:33.457953+00	2022-08-19 19:41:33.457953+00
0182b7a0-030d-a83b-031b-f187973d1bea	18	2022-08-19 19:41:33.4614+00	2022-08-19 19:41:33.4614+00
\.


--
-- Data for Name: users_ip_addresses; Type: TABLE DATA; Schema: upchieve; Owner: admin
--

COPY upchieve.users_ip_addresses (id, ip_address_id, user_id, created_at, updated_at) FROM stdin;
\.


--
-- Data for Name: users_quizzes; Type: TABLE DATA; Schema: upchieve; Owner: admin
--

COPY upchieve.users_quizzes (user_id, quiz_id, attempts, passed, created_at, updated_at) FROM stdin;
0182b7a0-030d-119e-0804-22a0b74977eb	1	1	t	2022-08-19 19:41:33.464606+00	2022-08-19 19:41:33.464606+00
0182b7a0-030d-119e-0804-22a0b74977eb	16	1	t	2022-08-19 19:41:33.466032+00	2022-08-19 19:41:33.466032+00
0182b7a0-030d-119e-0804-22a0b74977eb	17	1	t	2022-08-19 19:41:33.467219+00	2022-08-19 19:41:33.467219+00
0182b7a0-030d-119e-0804-22a0b74977eb	10	1	t	2022-08-19 19:41:33.468457+00	2022-08-19 19:41:33.468457+00
0182b7a0-030d-119e-0804-22a0b74977eb	4	1	t	2022-08-19 19:41:33.469497+00	2022-08-19 19:41:33.469497+00
0182b7a0-030d-119e-0804-22a0b74977eb	20	1	t	2022-08-19 19:41:33.470517+00	2022-08-19 19:41:33.470517+00
0182b7a0-030d-119e-0804-22a0b74977eb	5	1	t	2022-08-19 19:41:33.471525+00	2022-08-19 19:41:33.471525+00
0182b7a0-030d-119e-0804-22a0b74977eb	9	1	t	2022-08-19 19:41:33.472531+00	2022-08-19 19:41:33.472531+00
0182b7a0-030d-119e-0804-22a0b74977eb	3	1	t	2022-08-19 19:41:33.473575+00	2022-08-19 19:41:33.473575+00
0182b7a0-030d-119e-0804-22a0b74977eb	6	1	t	2022-08-19 19:41:33.474615+00	2022-08-19 19:41:33.474615+00
0182b7a0-030d-119e-0804-22a0b74977eb	11	1	t	2022-08-19 19:41:33.475626+00	2022-08-19 19:41:33.475626+00
0182b7a0-030d-119e-0804-22a0b74977eb	19	1	t	2022-08-19 19:41:33.476596+00	2022-08-19 19:41:33.476596+00
0182b7a0-030d-119e-0804-22a0b74977eb	18	1	t	2022-08-19 19:41:33.477614+00	2022-08-19 19:41:33.477614+00
0182b7a0-030d-119e-0804-22a0b74977eb	15	1	t	2022-08-19 19:41:33.478584+00	2022-08-19 19:41:33.478584+00
0182b7a0-030d-119e-0804-22a0b74977eb	23	1	t	2022-08-19 19:41:33.479578+00	2022-08-19 19:41:33.479578+00
0182b7a0-030d-a509-fdd2-f376483e5809	1	1	t	2022-08-19 19:41:33.480535+00	2022-08-19 19:41:33.480535+00
0182b7a0-030d-a509-fdd2-f376483e5809	16	1	t	2022-08-19 19:41:33.481489+00	2022-08-19 19:41:33.481489+00
0182b7a0-030d-a509-fdd2-f376483e5809	17	1	t	2022-08-19 19:41:33.482535+00	2022-08-19 19:41:33.482535+00
0182b7a0-030d-a509-fdd2-f376483e5809	10	1	t	2022-08-19 19:41:33.483543+00	2022-08-19 19:41:33.483543+00
0182b7a0-030d-a509-fdd2-f376483e5809	4	1	t	2022-08-19 19:41:33.484559+00	2022-08-19 19:41:33.484559+00
0182b7a0-030d-a509-fdd2-f376483e5809	20	1	t	2022-08-19 19:41:33.485661+00	2022-08-19 19:41:33.485661+00
0182b7a0-030d-a509-fdd2-f376483e5809	5	1	t	2022-08-19 19:41:33.486644+00	2022-08-19 19:41:33.486644+00
0182b7a0-030d-a509-fdd2-f376483e5809	9	1	t	2022-08-19 19:41:33.487615+00	2022-08-19 19:41:33.487615+00
0182b7a0-030d-a509-fdd2-f376483e5809	3	1	t	2022-08-19 19:41:33.48857+00	2022-08-19 19:41:33.48857+00
0182b7a0-030d-a509-fdd2-f376483e5809	6	1	t	2022-08-19 19:41:33.489531+00	2022-08-19 19:41:33.489531+00
0182b7a0-030d-a509-fdd2-f376483e5809	11	1	t	2022-08-19 19:41:33.490498+00	2022-08-19 19:41:33.490498+00
0182b7a0-030d-a509-fdd2-f376483e5809	19	1	t	2022-08-19 19:41:33.491686+00	2022-08-19 19:41:33.491686+00
0182b7a0-030d-a509-fdd2-f376483e5809	18	1	t	2022-08-19 19:41:33.492689+00	2022-08-19 19:41:33.492689+00
0182b7a0-030d-a83b-031b-f187973d1bea	1	1	t	2022-08-19 19:41:33.493728+00	2022-08-19 19:41:33.493728+00
0182b7a0-030d-a83b-031b-f187973d1bea	16	1	t	2022-08-19 19:41:33.494688+00	2022-08-19 19:41:33.494688+00
0182b7a0-030d-a83b-031b-f187973d1bea	17	1	t	2022-08-19 19:41:33.495691+00	2022-08-19 19:41:33.495691+00
0182b7a0-030d-a83b-031b-f187973d1bea	10	1	t	2022-08-19 19:41:33.496615+00	2022-08-19 19:41:33.496615+00
0182b7a0-030d-a83b-031b-f187973d1bea	4	1	t	2022-08-19 19:41:33.497563+00	2022-08-19 19:41:33.497563+00
0182b7a0-030d-a83b-031b-f187973d1bea	20	1	t	2022-08-19 19:41:33.498521+00	2022-08-19 19:41:33.498521+00
0182b7a0-030d-a83b-031b-f187973d1bea	5	1	t	2022-08-19 19:41:33.499428+00	2022-08-19 19:41:33.499428+00
0182b7a0-030d-a83b-031b-f187973d1bea	9	1	t	2022-08-19 19:41:33.500341+00	2022-08-19 19:41:33.500341+00
0182b7a0-030d-a83b-031b-f187973d1bea	3	1	t	2022-08-19 19:41:33.501146+00	2022-08-19 19:41:33.501146+00
0182b7a0-030d-a83b-031b-f187973d1bea	6	1	t	2022-08-19 19:41:33.502099+00	2022-08-19 19:41:33.502099+00
0182b7a0-030d-a83b-031b-f187973d1bea	11	1	t	2022-08-19 19:41:33.503005+00	2022-08-19 19:41:33.503005+00
0182b7a0-030d-a83b-031b-f187973d1bea	19	1	t	2022-08-19 19:41:33.503952+00	2022-08-19 19:41:33.503952+00
0182b7a0-030d-a83b-031b-f187973d1bea	18	1	t	2022-08-19 19:41:33.504934+00	2022-08-19 19:41:33.504934+00
\.


--
-- Data for Name: users_roles; Type: TABLE DATA; Schema: upchieve; Owner: admin
--

COPY upchieve.users_roles (user_id, role_id, created_at, updated_at) FROM stdin;
\.


--
-- Data for Name: users_student_partner_orgs_instances; Type: TABLE DATA; Schema: upchieve; Owner: admin
--

COPY upchieve.users_student_partner_orgs_instances (user_id, student_partner_org_id, student_partner_org_site_id, deactivated_on, created_at, updated_at, student_partner_org_user_id) FROM stdin;
\.


--
-- Data for Name: users_surveys; Type: TABLE DATA; Schema: upchieve; Owner: admin
--

COPY upchieve.users_surveys (id, survey_id, user_id, session_id, survey_type_id, created_at, updated_at) FROM stdin;
\.


--
-- Data for Name: users_surveys_submissions; Type: TABLE DATA; Schema: upchieve; Owner: admin
--

COPY upchieve.users_surveys_submissions (user_survey_id, survey_question_id, survey_response_choice_id, open_response, created_at, updated_at) FROM stdin;
\.


--
-- Data for Name: users_training_courses; Type: TABLE DATA; Schema: upchieve; Owner: admin
--

COPY upchieve.users_training_courses (user_id, training_course_id, complete, progress, completed_materials, created_at, updated_at) FROM stdin;
\.


--
-- Data for Name: users_volunteer_partner_orgs_instances; Type: TABLE DATA; Schema: upchieve; Owner: admin
--

COPY upchieve.users_volunteer_partner_orgs_instances (user_id, volunteer_partner_org_id, deactivated_on, created_at, updated_at) FROM stdin;
\.


--
-- Data for Name: volunteer_occupations; Type: TABLE DATA; Schema: upchieve; Owner: admin
--

COPY upchieve.volunteer_occupations (user_id, occupation, created_at, updated_at) FROM stdin;
\.


--
-- Data for Name: volunteer_partner_orgs_upchieve_instances; Type: TABLE DATA; Schema: upchieve; Owner: admin
--

COPY upchieve.volunteer_partner_orgs_upchieve_instances (id, volunteer_partner_org_id, deactivated_on, created_at, updated_at) FROM stdin;
\.


--
-- Data for Name: volunteer_profiles; Type: TABLE DATA; Schema: upchieve; Owner: admin
--

COPY upchieve.volunteer_profiles (user_id, volunteer_partner_org_id, timezone, approved, onboarded, photo_id_s3_key, photo_id_status, linkedin_url, college, company, languages, experience, city, state, country, created_at, updated_at, total_volunteer_hours, elapsed_availability) FROM stdin;
0182b7a0-030d-119e-0804-22a0b74977eb	0182b7a0-02f3-3975-5559-889a9bb1bc8b	America/New_York	t	t	\N	\N	\N	Volunteer College	\N	\N	\N	\N	\N	\N	2022-08-19 19:41:33.340001+00	2022-08-19 19:41:33.340001+00	\N	\N
0182b7a0-030d-a509-fdd2-f376483e5809	0182b7a0-02f3-c31e-e1e0-20534b73f906	America/New_York	t	t	\N	\N	\N	Volunteer College	\N	\N	\N	\N	\N	\N	2022-08-19 19:41:33.342001+00	2022-08-19 19:41:33.342001+00	\N	\N
0182b7a0-030d-a83b-031b-f187973d1bea	\N	America/Denver	t	t	\N	\N	\N	Volunteer College	\N	\N	\N	\N	\N	\N	2022-08-19 19:41:33.343151+00	2022-08-19 19:41:33.343151+00	\N	\N
0182b7a0-030d-bcf6-b329-fddd4d818109	\N	America/New_York	t	f	\N	\N	\N	Volunteer College	\N	\N	\N	\N	\N	\N	2022-08-19 19:41:33.344257+00	2022-08-19 19:41:33.344257+00	\N	\N
0182b7a0-030d-3ef1-7ac0-7aede3b25389	\N	America/New_York	f	f	\N	\N	\N	Volunteer College	\N	\N	\N	\N	\N	\N	2022-08-19 19:41:33.345288+00	2022-08-19 19:41:33.345288+00	\N	\N
0182b7a0-030d-0fb4-46a6-259c3ad0d828	\N	America/New_York	t	t	\N	\N	\N		\N	\N	\N	\N	\N	\N	2022-08-19 19:41:33.346317+00	2022-08-19 19:41:33.346317+00	\N	\N
\.


--
-- Data for Name: volunteer_reference_statuses; Type: TABLE DATA; Schema: upchieve; Owner: admin
--

COPY upchieve.volunteer_reference_statuses (id, name, created_at, updated_at) FROM stdin;
1	sent	2022-08-19 19:41:30.064876+00	2022-08-19 19:41:30.064876+00
2	submitted	2022-08-19 19:41:30.06646+00	2022-08-19 19:41:30.06646+00
3	approved	2022-08-19 19:41:30.067513+00	2022-08-19 19:41:30.067513+00
4	rejected	2022-08-19 19:41:30.068541+00	2022-08-19 19:41:30.068541+00
5	removed	2022-08-19 19:41:30.069385+00	2022-08-19 19:41:30.069385+00
6	unsent	2022-08-19 19:41:30.070231+00	2022-08-19 19:41:30.070231+00
\.


--
-- Data for Name: volunteer_references; Type: TABLE DATA; Schema: upchieve; Owner: admin
--

COPY upchieve.volunteer_references (id, user_id, first_name, last_name, email, status_id, sent_at, affiliation, relationship_length, patient, positive_role_model, agreeable_and_approachable, communicates_effectively, rejection_reason, additional_info, created_at, updated_at, trustworthy_with_children) FROM stdin;
\.


--
-- Name: ban_reasons_id_seq; Type: SEQUENCE SET; Schema: upchieve; Owner: admin
--

SELECT pg_catalog.setval('upchieve.ban_reasons_id_seq', 5, true);


--
-- Name: certifications_id_seq; Type: SEQUENCE SET; Schema: upchieve; Owner: admin
--

SELECT pg_catalog.setval('upchieve.certifications_id_seq', 23, true);


--
-- Name: cities_id_seq; Type: SEQUENCE SET; Schema: upchieve; Owner: admin
--

SELECT pg_catalog.setval('upchieve.cities_id_seq', 2, true);


--
-- Name: grade_levels_id_seq; Type: SEQUENCE SET; Schema: upchieve; Owner: admin
--

SELECT pg_catalog.setval('upchieve.grade_levels_id_seq', 6, true);


--
-- Name: ip_addresses_id_seq; Type: SEQUENCE SET; Schema: upchieve; Owner: admin
--

SELECT pg_catalog.setval('upchieve.ip_addresses_id_seq', 1, false);


--
-- Name: notification_methods_id_seq; Type: SEQUENCE SET; Schema: upchieve; Owner: admin
--

SELECT pg_catalog.setval('upchieve.notification_methods_id_seq', 4, true);


--
-- Name: notification_priority_groups_id_seq; Type: SEQUENCE SET; Schema: upchieve; Owner: admin
--

SELECT pg_catalog.setval('upchieve.notification_priority_groups_id_seq', 19, true);


--
-- Name: notification_types_id_seq; Type: SEQUENCE SET; Schema: upchieve; Owner: admin
--

SELECT pg_catalog.setval('upchieve.notification_types_id_seq', 2, true);


--
-- Name: photo_id_statuses_id_seq; Type: SEQUENCE SET; Schema: upchieve; Owner: admin
--

SELECT pg_catalog.setval('upchieve.photo_id_statuses_id_seq', 4, true);


--
-- Name: question_tags_id_seq; Type: SEQUENCE SET; Schema: upchieve; Owner: admin
--

SELECT pg_catalog.setval('upchieve.question_tags_id_seq', 1, false);


--
-- Name: question_types_id_seq; Type: SEQUENCE SET; Schema: upchieve; Owner: admin
--

SELECT pg_catalog.setval('upchieve.question_types_id_seq', 3, true);


--
-- Name: quiz_questions_id_seq; Type: SEQUENCE SET; Schema: upchieve; Owner: admin
--

SELECT pg_catalog.setval('upchieve.quiz_questions_id_seq', 1, false);


--
-- Name: quiz_subcategories_id_seq; Type: SEQUENCE SET; Schema: upchieve; Owner: admin
--

SELECT pg_catalog.setval('upchieve.quiz_subcategories_id_seq', 299, true);


--
-- Name: quizzes_id_seq; Type: SEQUENCE SET; Schema: upchieve; Owner: admin
--

SELECT pg_catalog.setval('upchieve.quizzes_id_seq', 25, true);


--
-- Name: report_reasons_id_seq; Type: SEQUENCE SET; Schema: upchieve; Owner: admin
--

SELECT pg_catalog.setval('upchieve.report_reasons_id_seq', 5, true);


--
-- Name: session_flags_id_seq; Type: SEQUENCE SET; Schema: upchieve; Owner: admin
--

SELECT pg_catalog.setval('upchieve.session_flags_id_seq', 12, true);


--
-- Name: signup_sources_id_seq; Type: SEQUENCE SET; Schema: upchieve; Owner: admin
--

SELECT pg_catalog.setval('upchieve.signup_sources_id_seq', 6, true);


--
-- Name: subjects_id_seq; Type: SEQUENCE SET; Schema: upchieve; Owner: admin
--

SELECT pg_catalog.setval('upchieve.subjects_id_seq', 26, true);


--
-- Name: survey_questions_id_seq; Type: SEQUENCE SET; Schema: upchieve; Owner: admin
--

SELECT pg_catalog.setval('upchieve.survey_questions_id_seq', 19, true);


--
-- Name: survey_questions_question_tags_id_seq; Type: SEQUENCE SET; Schema: upchieve; Owner: admin
--

SELECT pg_catalog.setval('upchieve.survey_questions_question_tags_id_seq', 1, false);


--
-- Name: survey_response_choices_id_seq; Type: SEQUENCE SET; Schema: upchieve; Owner: admin
--

SELECT pg_catalog.setval('upchieve.survey_response_choices_id_seq', 71, true);


--
-- Name: survey_types_id_seq; Type: SEQUENCE SET; Schema: upchieve; Owner: admin
--

SELECT pg_catalog.setval('upchieve.survey_types_id_seq', 3, true);


--
-- Name: surveys_id_seq; Type: SEQUENCE SET; Schema: upchieve; Owner: admin
--

SELECT pg_catalog.setval('upchieve.surveys_id_seq', 12, true);


--
-- Name: surveys_survey_questions_id_seq; Type: SEQUENCE SET; Schema: upchieve; Owner: admin
--

SELECT pg_catalog.setval('upchieve.surveys_survey_questions_id_seq', 40, true);


--
-- Name: tool_types_id_seq; Type: SEQUENCE SET; Schema: upchieve; Owner: admin
--

SELECT pg_catalog.setval('upchieve.tool_types_id_seq', 2, true);


--
-- Name: topics_id_seq; Type: SEQUENCE SET; Schema: upchieve; Owner: admin
--

SELECT pg_catalog.setval('upchieve.topics_id_seq', 6, true);


--
-- Name: training_courses_id_seq; Type: SEQUENCE SET; Schema: upchieve; Owner: admin
--

SELECT pg_catalog.setval('upchieve.training_courses_id_seq', 1, true);


--
-- Name: user_actions_id_seq; Type: SEQUENCE SET; Schema: upchieve; Owner: admin
--

SELECT pg_catalog.setval('upchieve.user_actions_id_seq', 1, false);


--
-- Name: user_roles_id_seq; Type: SEQUENCE SET; Schema: upchieve; Owner: admin
--

SELECT pg_catalog.setval('upchieve.user_roles_id_seq', 3, true);


--
-- Name: volunteer_reference_statuses_id_seq; Type: SEQUENCE SET; Schema: upchieve; Owner: admin
--

SELECT pg_catalog.setval('upchieve.volunteer_reference_statuses_id_seq', 6, true);


--
-- Name: weekdays_id_seq; Type: SEQUENCE SET; Schema: upchieve; Owner: admin
--

SELECT pg_catalog.setval('upchieve.weekdays_id_seq', 1, false);


--
-- PostgreSQL database dump complete
--

