--
-- PostgreSQL database dump
--

-- Dumped from database version 14.3 (Debian 14.3-1.pgdg110+1)
-- Dumped by pg_dump version 14.5 (Homebrew)

SET statement_timeout = 0;
SET lock_timeout = 0;
SET idle_in_transaction_session_timeout = 0;
SET client_encoding = 'UTF8';
SET standard_conforming_strings = on;
SELECT pg_catalog.set_config('search_path', '', false);
SET check_function_bodies = false;
SET xmloption = content;
SET client_min_messages = warning;
SET row_security = off;

--
-- Data for Name: ban_reasons; Type: TABLE DATA; Schema: upchieve; Owner: admin
--

COPY upchieve.ban_reasons (id, name, created_at, updated_at) FROM stdin;
1	non us signup	2022-09-28 19:58:50.017875+00	2022-09-28 19:58:50.017875+00
2	session reported	2022-09-28 19:58:50.019685+00	2022-09-28 19:58:50.019685+00
3	used banned ip	2022-09-28 19:58:50.020981+00	2022-09-28 19:58:50.020981+00
4	admin	2022-09-28 19:58:50.02195+00	2022-09-28 19:58:50.02195+00
5	banned service provider	2022-09-28 19:58:50.022826+00	2022-09-28 19:58:50.022826+00
\.


--
-- Data for Name: signup_sources; Type: TABLE DATA; Schema: upchieve; Owner: admin
--

COPY upchieve.signup_sources (id, name, created_at, updated_at) FROM stdin;
1	Web search	2022-11-07 22:41:41.726234+00	2022-11-07 22:41:41.726234+00
2	Social media	2022-11-07 22:41:41.727787+00	2022-11-07 22:41:41.727787+00
3	Friend / Classmate	2022-11-07 22:41:41.728812+00	2022-11-07 22:41:41.728812+00
4	School / Teacher	2022-11-07 22:41:41.730114+00	2022-11-07 22:41:41.730114+00
5	Parent / Relative	2022-11-07 22:41:41.731114+00	2022-11-07 22:41:41.731114+00
6	Other	2022-11-07 22:41:41.732204+00	2022-11-07 22:41:41.732204+00
7	Roster	2022-11-07 22:41:43.310742+00	2022-11-07 22:41:43.310742+00
\.


--
-- Data for Name: users; Type: TABLE DATA; Schema: upchieve; Owner: admin
--

COPY upchieve.users (id, verified, email_verified, phone_verified, email, password, password_reset_token, first_name, last_name, deactivated, last_activity_at, referral_code, referred_by, test_user, banned, ban_reason_id, time_tutored, signup_source_id, created_at, updated_at, phone, mongo_id) FROM stdin;
018385ae-3f64-10f6-4df2-d0ac1cdc59de	t	f	f	volunteer1@upchieve.org	$2a$10$z.JMHnbX9IubnNZtqI.FOecTPVY1VTU1DJ6AJGIOT/x/OyAtdw3.y	\N	Partner	UPchieve	f	\N	B	\N	f	f	\N	25200000	\N	2022-09-28 19:58:52.772712+00	2022-09-28 19:58:52.772712+00	+12125551212	\N
018385ae-3f64-6e9e-8681-da7df3db7532	t	f	f	volunteer2@upchieve.org	$2a$10$z.JMHnbX9IubnNZtqI.FOecTPVY1VTU1DJ6AJGIOT/x/OyAtdw3.y	\N	Special Reporting	UPchieve	f	\N	C	\N	f	f	\N	25200000	\N	2022-09-28 19:58:52.779729+00	2022-09-28 19:58:52.779729+00	+12125551213	\N
018385ae-3f64-51af-d6a8-68f335fc6206	t	f	f	volunteer3@upchieve.org	$2a$10$z.JMHnbX9IubnNZtqI.FOecTPVY1VTU1DJ6AJGIOT/x/OyAtdw3.y	\N	Open Sign Up	UPchieve	f	\N	D	\N	f	f	\N	25200000	\N	2022-09-28 19:58:52.782268+00	2022-09-28 19:58:52.782268+00	+12125551214	\N
018385ae-3f64-ae8b-6888-40cfe1620ccd	t	f	f	volunteer4@upchieve.org	$2a$10$z.JMHnbX9IubnNZtqI.FOecTPVY1VTU1DJ6AJGIOT/x/OyAtdw3.y	\N	Needs Onboarding	UPchieve	f	\N	E	\N	f	f	\N	0	\N	2022-09-28 19:58:52.784864+00	2022-09-28 19:58:52.784864+00	+12125551215	\N
018385ae-3f64-7f4f-e491-26f2d51fb85c	t	f	f	volunteer5@upchieve.org	$2a$10$z.JMHnbX9IubnNZtqI.FOecTPVY1VTU1DJ6AJGIOT/x/OyAtdw3.y	\N	Needs Approval	UPchieve	f	\N	Z	\N	f	f	\N	0	\N	2022-09-28 19:58:52.787379+00	2022-09-28 19:58:52.787379+00	+12125551216	\N
018385ae-3f64-9adc-011e-c78d30991b66	t	f	f	volunteer6@upchieve.org	$2a$10$z.JMHnbX9IubnNZtqI.FOecTPVY1VTU1DJ6AJGIOT/x/OyAtdw3.y	\N	Admin	UPchieve	f	\N	Y	\N	f	f	\N	0	\N	2022-09-28 19:58:52.789898+00	2022-09-28 19:58:52.789898+00	+12125551217	\N
018385ae-4029-8973-b969-b6b660c58425	t	f	f	student1@upchieve.org	$2a$10$z.JMHnbX9IubnNZtqI.FOecTPVY1VTU1DJ6AJGIOT/x/OyAtdw3.y	\N	Student	UPchieve	f	\N	A	\N	f	f	\N	\N	\N	2022-09-28 19:58:52.969969+00	2022-09-28 19:58:52.969969+00	\N	\N
018385ae-4029-0209-e4b1-fd8f2f7f5514	t	f	f	student2@upchieve.org	$2a$10$z.JMHnbX9IubnNZtqI.FOecTPVY1VTU1DJ6AJGIOT/x/OyAtdw3.y	\N	Student	UPchieve	f	\N	F	\N	f	f	\N	\N	\N	2022-09-28 19:58:52.972629+00	2022-09-28 19:58:52.972629+00	\N	\N
018385ae-4029-e44f-9738-b2ee9f21e55b	t	f	f	student3@upchieve.org	$2a$10$z.JMHnbX9IubnNZtqI.FOecTPVY1VTU1DJ6AJGIOT/x/OyAtdw3.y	\N	Student	UPchieve	f	\N	G	\N	f	f	\N	\N	\N	2022-09-28 19:58:52.974957+00	2022-09-28 19:58:52.974957+00	\N	\N
\.


--
-- Data for Name: admin_profiles; Type: TABLE DATA; Schema: upchieve; Owner: admin
--

COPY upchieve.admin_profiles (user_id, created_at, updated_at) FROM stdin;
018385ae-3f64-9adc-011e-c78d30991b66	2022-09-28 19:58:52.968092+00	2022-09-28 19:58:52.968092+00
\.


--
-- Data for Name: tool_types; Type: TABLE DATA; Schema: upchieve; Owner: admin
--

COPY upchieve.tool_types (id, name, created_at, updated_at) FROM stdin;
1	whiteboard	2022-09-28 19:58:50.057313+00	2022-09-28 19:58:50.057313+00
2	documenteditor	2022-09-28 19:58:50.058708+00	2022-09-28 19:58:50.058708+00
\.


--
-- Data for Name: topics; Type: TABLE DATA; Schema: upchieve; Owner: admin
--

COPY upchieve.topics (id, name, icon_link, color, dashboard_order, display_name, created_at, updated_at) FROM stdin;
1	math	\N	\N	1	Math	2022-09-28 19:58:50.051287+00	2022-09-28 19:58:50.051287+00
2	science	\N	\N	4	Science	2022-09-28 19:58:50.052816+00	2022-09-28 19:58:50.052816+00
3	college	\N	\N	3	College Counseling	2022-09-28 19:58:50.053904+00	2022-09-28 19:58:50.053904+00
4	sat	\N	\N	2	Standardized Testing	2022-09-28 19:58:50.055006+00	2022-09-28 19:58:50.055006+00
5	readingWriting	\N	\N	5	Reading and Writing	2022-09-28 19:58:50.056065+00	2022-09-28 19:58:50.056065+00
6	socialStudies	\N	\N	6	Social Studies	2022-09-28 19:58:50.788195+00	2022-09-28 19:58:50.788195+00
\.


--
-- Data for Name: subjects; Type: TABLE DATA; Schema: upchieve; Owner: admin
--

COPY upchieve.subjects (id, name, display_name, display_order, topic_id, tool_type_id, created_at, updated_at) FROM stdin;
1	prealgebra	Prealgebra	1	1	1	2022-09-28 19:58:50.060114+00	2022-09-28 19:58:50.060114+00
2	algebraOne	Algebra 1	2	1	1	2022-09-28 19:58:50.062173+00	2022-09-28 19:58:50.062173+00
3	algebraTwo	Algebra 2	3	1	1	2022-09-28 19:58:50.063896+00	2022-09-28 19:58:50.063896+00
4	geometry	Geometry	4	1	1	2022-09-28 19:58:50.06546+00	2022-09-28 19:58:50.06546+00
5	trigonometry	Trigonometry	5	1	1	2022-09-28 19:58:50.067092+00	2022-09-28 19:58:50.067092+00
6	precalculus	Precalculus	6	1	1	2022-09-28 19:58:50.068273+00	2022-09-28 19:58:50.068273+00
7	calculusAB	Calculus AB	7	1	1	2022-09-28 19:58:50.069694+00	2022-09-28 19:58:50.069694+00
8	calculusBC	Calculus BC	8	1	1	2022-09-28 19:58:50.071008+00	2022-09-28 19:58:50.071008+00
9	statistics	Statistics	9	1	1	2022-09-28 19:58:50.072234+00	2022-09-28 19:58:50.072234+00
10	biology	Biology	1	2	1	2022-09-28 19:58:50.073402+00	2022-09-28 19:58:50.073402+00
11	chemistry	Chemistry	2	2	1	2022-09-28 19:58:50.074609+00	2022-09-28 19:58:50.074609+00
12	physicsOne	Physics 1	3	2	1	2022-09-28 19:58:50.07574+00	2022-09-28 19:58:50.07574+00
13	physicsTwo	Physics 2	4	2	1	2022-09-28 19:58:50.076776+00	2022-09-28 19:58:50.076776+00
14	environmentalScience	Environmental Science	5	2	1	2022-09-28 19:58:50.077771+00	2022-09-28 19:58:50.077771+00
15	satMath	SAT Math	1	4	1	2022-09-28 19:58:50.078876+00	2022-09-28 19:58:50.078876+00
16	satReading	SAT Reading	2	4	2	2022-09-28 19:58:50.079862+00	2022-09-28 19:58:50.079862+00
17	essays	College Essays	2	3	2	2022-09-28 19:58:50.080976+00	2022-09-28 19:58:50.080976+00
18	planning	Planning	1	3	2	2022-09-28 19:58:50.081957+00	2022-09-28 19:58:50.081957+00
19	applications	Applications	3	3	2	2022-09-28 19:58:50.083555+00	2022-09-28 19:58:50.083555+00
20	humanitiesEssays	Humanities Essays	1	5	2	2022-09-28 19:58:50.084648+00	2022-09-28 19:58:50.084648+00
21	integratedMathOne	Integrated Math One	9	1	1	2022-09-28 19:58:50.085781+00	2022-09-28 19:58:50.085781+00
22	integratedMathTwo	Integrated Math Two	9	1	1	2022-09-28 19:58:50.087019+00	2022-09-28 19:58:50.087019+00
23	integratedMathThree	Integrated Math Three	9	1	1	2022-09-28 19:58:50.088054+00	2022-09-28 19:58:50.088054+00
24	integratedMathFour	Integrated Math Four	9	1	1	2022-09-28 19:58:50.089113+00	2022-09-28 19:58:50.089113+00
25	reading	Reading	2	5	2	2022-09-28 19:58:50.737804+00	2022-09-28 19:58:50.737804+00
26	usHistory	U.S. History	1	6	2	2022-09-28 19:58:50.788195+00	2022-09-28 19:58:50.788195+00
\.


--
-- Data for Name: user_roles; Type: TABLE DATA; Schema: upchieve; Owner: admin
--

COPY upchieve.user_roles (id, name, created_at, updated_at) FROM stdin;
1	student	2022-09-28 19:58:50.014142+00	2022-09-28 19:58:50.014142+00
2	volunteer	2022-09-28 19:58:50.015499+00	2022-09-28 19:58:50.015499+00
3	admin	2022-09-28 19:58:50.01659+00	2022-09-28 19:58:50.01659+00
\.


--
-- Data for Name: sessions; Type: TABLE DATA; Schema: upchieve; Owner: admin
--

COPY upchieve.sessions (id, student_id, volunteer_id, subject_id, has_whiteboard_doc, quill_doc, volunteer_joined_at, ended_at, ended_by_role_id, reviewed, to_review, student_banned, time_tutored, created_at, updated_at, mongo_id) FROM stdin;
01839f1e-cec3-fa14-e756-3eab7a0e2d2f	018385ae-4029-8973-b969-b6b660c58425	018385ae-3f64-6e9e-8681-da7df3db7532	1	f	\N	2022-10-03 18:34:12.756993+00	2022-10-03 18:34:20.572+00	2	f	t	f	5321	2022-10-03 18:32:19.911496+00	2022-10-03 18:34:20.646636+00	\N
0183ae70-d41e-aef7-ba2c-b423fe4b2280	018385ae-4029-0209-e4b1-fd8f2f7f5514	018385ae-3f64-6e9e-8681-da7df3db7532	1	f	\N	2022-10-06 17:56:29.666891+00	2022-10-06 17:56:55.878+00	2	f	f	f	23491	2022-10-06 17:56:13.480036+00	2022-10-06 17:56:56.21052+00	\N
0183a905-e5a5-6f7a-dfbb-8076c5b907e0	018385ae-4029-8973-b969-b6b660c58425	\N	2	f	\N	\N	2022-10-05 16:44:45.75+00	1	f	f	f	0	2022-10-05 16:41:19.528385+00	2022-10-05 16:44:46.092215+00	\N
0183a909-49c3-037f-48f6-a79128ef461b	018385ae-4029-0209-e4b1-fd8f2f7f5514	018385ae-3f64-6e9e-8681-da7df3db7532	1	f	\N	2022-10-05 16:46:42.1098+00	2022-10-05 16:46:52.556+00	1	f	f	f	7878	2022-10-05 16:45:01.763688+00	2022-10-05 16:46:52.882661+00	\N
0183af13-7ee3-9de5-0371-99df5665e7a3	018385ae-4029-8973-b969-b6b660c58425	018385ae-3f64-6e9e-8681-da7df3db7532	1	f	\N	2022-10-06 20:54:01.382236+00	2022-10-06 20:55:08.011+00	1	f	f	f	63661	2022-10-06 20:53:54.019412+00	2022-10-06 20:55:08.125403+00	\N
0183ae75-dcbd-13a6-dfc9-6bd7bb2861ab	018385ae-4029-0209-e4b1-fd8f2f7f5514	018385ae-3f64-6e9e-8681-da7df3db7532	1	f	\N	2022-10-06 18:01:46.748113+00	2022-10-06 18:02:02.599+00	1	f	f	f	12559	2022-10-06 18:01:43.364683+00	2022-10-06 18:02:02.719447+00	\N
0183a932-6dc5-e7bd-aa3a-ace4696c00f6	018385ae-4029-8973-b969-b6b660c58425	018385ae-3f64-6e9e-8681-da7df3db7532	1	f	\N	2022-10-05 17:30:05.964997+00	2022-10-05 17:30:29.609+00	1	f	t	f	20014	2022-10-05 17:29:57.954629+00	2022-10-05 17:30:29.707812+00	\N
0183aed9-622a-8471-7b6b-84182e44cd74	018385ae-4029-0209-e4b1-fd8f2f7f5514	018385ae-3f64-6e9e-8681-da7df3db7532	1	f	\N	2022-10-06 19:50:28.586142+00	2022-10-06 19:50:41.639+00	1	f	f	f	10182	2022-10-06 19:50:25.577858+00	2022-10-06 19:50:41.746784+00	\N
0183cdcb-2c77-ab1d-edc9-57039e44d614	018385ae-4029-0209-e4b1-fd8f2f7f5514	018385ae-3f64-6e9e-8681-da7df3db7532	1	f	\N	2022-10-12 20:03:11.359109+00	2022-10-12 20:03:34.117+00	1	f	f	f	14984	2022-10-12 20:03:08.038112+00	2022-10-12 20:03:34.489273+00	\N
0183a971-1947-408d-233b-c708ec375f6e	018385ae-4029-8973-b969-b6b660c58425	018385ae-3f64-6e9e-8681-da7df3db7532	1	f	\N	2022-10-05 18:39:22.735036+00	2022-10-05 18:39:40.687+00	1	f	t	f	12946	2022-10-05 18:38:25.104962+00	2022-10-05 18:39:41.181534+00	\N
0183c900-3ab7-aff2-26b5-4c9017ceee20	018385ae-4029-0209-e4b1-fd8f2f7f5514	018385ae-3f64-6e9e-8681-da7df3db7532	1	f	\N	2022-10-11 21:43:01.753507+00	2022-10-11 21:43:11.679+00	1	f	f	f	7822	2022-10-11 21:42:59.000242+00	2022-10-11 21:43:11.738161+00	\N
0183aeea-65ae-cc92-96d1-4947c9cc940a	018385ae-4029-0209-e4b1-fd8f2f7f5514	018385ae-3f64-6e9e-8681-da7df3db7532	1	f	\N	2022-10-06 20:09:04.854929+00	2022-10-06 20:09:19.288+00	1	f	f	f	11236	2022-10-06 20:09:00.592816+00	2022-10-06 20:09:19.413532+00	\N
0183adc7-a983-a8e3-38e8-d4da8a35ad86	018385ae-4029-0209-e4b1-fd8f2f7f5514	018385ae-3f64-6e9e-8681-da7df3db7532	1	f	\N	2022-10-06 14:51:35.093209+00	2022-10-06 14:51:56.152+00	1	f	f	f	16814	2022-10-06 14:51:26.99122+00	2022-10-06 14:51:56.633524+00	\N
0183adcf-dd5a-88c9-5963-c628ad0ae692	018385ae-4029-0209-e4b1-fd8f2f7f5514	018385ae-3f64-6e9e-8681-da7df3db7532	1	f	\N	2022-10-06 15:00:30.33119+00	2022-10-06 15:00:49.508+00	1	f	f	f	15340	2022-10-06 15:00:24.539726+00	2022-10-06 15:00:49.85828+00	\N
0183af21-cf1c-5b37-cdd0-a9f8e79dc0a5	018385ae-4029-8973-b969-b6b660c58425	018385ae-3f64-6e9e-8681-da7df3db7532	1	f	\N	2022-10-06 21:09:41.629083+00	2022-10-06 21:09:52.289+00	2	f	f	f	6891	2022-10-06 21:09:32.060814+00	2022-10-06 21:09:52.372233+00	\N
0183add8-6023-72c2-7b3a-6527c8fa0d24	018385ae-4029-0209-e4b1-fd8f2f7f5514	018385ae-3f64-6e9e-8681-da7df3db7532	1	f	\N	2022-10-06 15:09:46.239455+00	2022-10-06 15:10:05.43+00	1	f	f	f	16254	2022-10-06 15:09:42.307842+00	2022-10-06 15:10:05.536426+00	\N
0183aeef-c342-0a0f-e0aa-e1ed4119b9f3	018385ae-4029-0209-e4b1-fd8f2f7f5514	018385ae-3f64-6e9e-8681-da7df3db7532	1	f	\N	2022-10-06 20:15:01.286895+00	2022-10-06 20:15:20.289+00	1	f	f	f	16471	2022-10-06 20:14:52.225006+00	2022-10-06 20:15:20.417753+00	\N
0183adde-53b4-a73c-bda3-283ac8d20769	018385ae-4029-0209-e4b1-fd8f2f7f5514	018385ae-3f64-6e9e-8681-da7df3db7532	1	f	\N	2022-10-06 15:16:19.479651+00	2022-10-06 15:16:40.637+00	2	f	f	f	15908	2022-10-06 15:16:12.340473+00	2022-10-06 15:16:40.780437+00	\N
0183ade3-d9dc-944c-ae41-2d98d0cdbaea	018385ae-4029-0209-e4b1-fd8f2f7f5514	018385ae-3f64-6e9e-8681-da7df3db7532	1	f	\N	2022-10-06 15:22:33.326356+00	2022-10-06 15:22:52.92+00	2	f	f	f	11278	2022-10-06 15:22:14.367818+00	2022-10-06 15:22:53.048703+00	\N
0183c844-b39c-5336-4c8c-dba68b299bef	018385ae-4029-8973-b969-b6b660c58425	018385ae-3f64-6e9e-8681-da7df3db7532	2	f	\N	2022-10-11 18:18:21.709918+00	2022-10-11 18:18:47.005+00	2	f	f	f	17958	2022-10-11 18:18:09.182057+00	2022-10-11 18:18:47.134173+00	\N
0183aefe-03a1-e85f-8255-f989676cc185	018385ae-4029-0209-e4b1-fd8f2f7f5514	018385ae-3f64-6e9e-8681-da7df3db7532	1	f	\N	2022-10-06 20:30:36.349711+00	2022-10-06 20:30:49.905+00	1	f	f	f	9973	2022-10-06 20:30:26.213034+00	2022-10-06 20:30:50.215901+00	\N
0183c824-7c1c-78dc-00d7-db85341657bc	018385ae-4029-8973-b969-b6b660c58425	018385ae-3f64-6e9e-8681-da7df3db7532	1	f	\N	2022-10-11 17:43:40.001537+00	2022-10-11 17:43:55.808+00	1	f	f	f	13257	2022-10-11 17:42:57.822473+00	2022-10-11 17:43:56.221348+00	\N
0183af03-497c-14d3-25b8-9bb21b1ced87	018385ae-4029-0209-e4b1-fd8f2f7f5514	018385ae-3f64-6e9e-8681-da7df3db7532	1	f	\N	2022-10-06 20:36:19.530887+00	2022-10-06 20:36:35.421+00	1	f	f	f	13155	2022-10-06 20:36:11.772293+00	2022-10-06 20:36:35.541764+00	\N
0183af05-535a-5a3b-6e8d-1215b56f290d	018385ae-4029-8973-b969-b6b660c58425	018385ae-3f64-6e9e-8681-da7df3db7532	1	f	\N	2022-10-06 20:38:32.162387+00	2022-10-06 20:38:44.691+00	2	f	f	f	6408	2022-10-06 20:38:25.371538+00	2022-10-06 20:38:45.09447+00	\N
0183af0e-847a-25b3-ecc3-e6242a1d0819	018385ae-4029-8973-b969-b6b660c58425	018385ae-3f64-6e9e-8681-da7df3db7532	1	f	\N	2022-10-06 20:48:30.837402+00	2022-10-06 20:48:53.419+00	1	f	f	f	19029	2022-10-06 20:48:27.777047+00	2022-10-06 20:48:53.538087+00	\N
0183c82a-895a-16e4-be29-4976cbd8c1e9	018385ae-4029-8973-b969-b6b660c58425	018385ae-3f64-6e9e-8681-da7df3db7532	2	f	\N	2022-10-11 17:49:48.73687+00	2022-10-11 17:50:10.592+00	2	f	f	f	17076	2022-10-11 17:49:34.430768+00	2022-10-11 17:50:10.715901+00	\N
0183c84a-5f8a-8820-57e9-765162bf6e2e	018385ae-4029-8973-b969-b6b660c58425	018385ae-3f64-6e9e-8681-da7df3db7532	1	f	\N	2022-10-11 18:24:30.513277+00	2022-10-11 18:25:02.251+00	2	f	f	f	28482	2022-10-11 18:24:20.882682+00	2022-10-11 18:25:02.387334+00	\N
0183c832-7958-fbb7-2a22-bb115ca98e31	018385ae-4029-8973-b969-b6b660c58425	018385ae-3f64-6e9e-8681-da7df3db7532	2	f	\N	2022-10-11 17:58:18.082484+00	2022-10-11 17:58:33.735+00	2	f	f	f	9737	2022-10-11 17:58:14.627316+00	2022-10-11 17:58:33.867251+00	\N
0183c837-3363-afce-4844-c75d25720df9	018385ae-4029-8973-b969-b6b660c58425	018385ae-3f64-6e9e-8681-da7df3db7532	1	f	\N	2022-10-11 18:03:26.993448+00	2022-10-11 18:03:51.1+00	1	f	f	f	16493	2022-10-11 18:03:24.390287+00	2022-10-11 18:03:51.254285+00	\N
0183c83c-6cd9-c440-ffbc-2a226fc5f79a	018385ae-4029-8973-b969-b6b660c58425	018385ae-3f64-6e9e-8681-da7df3db7532	2	f	\N	2022-10-11 18:09:09.826787+00	2022-10-11 18:09:33.673+00	2	f	f	f	13960	2022-10-11 18:09:06.785242+00	2022-10-11 18:09:33.783065+00	\N
0183c84f-6ab8-c171-ff7c-62f87ed982a5	018385ae-4029-8973-b969-b6b660c58425	018385ae-3f64-6e9e-8681-da7df3db7532	1	f	\N	2022-10-11 18:29:54.271041+00	2022-10-11 18:30:17.28+00	2	f	f	f	20555	2022-10-11 18:29:51.415792+00	2022-10-11 18:30:17.366262+00	\N
0183c90b-47eb-b72a-a52e-e0b1d86b9a17	018385ae-4029-0209-e4b1-fd8f2f7f5514	018385ae-3f64-6e9e-8681-da7df3db7532	1	f	\N	2022-10-11 21:55:23.625982+00	2022-10-11 21:55:31.271+00	2	f	f	f	4290	2022-10-11 21:55:03.279951+00	2022-10-11 21:55:31.350639+00	\N
0183c852-eeb6-909f-b13a-62668885bdf6	018385ae-4029-0209-e4b1-fd8f2f7f5514	018385ae-3f64-6e9e-8681-da7df3db7532	2	f	\N	2022-10-11 18:35:29.025126+00	2022-10-11 18:35:38.911+00	2	f	f	f	3684	2022-10-11 18:33:41.806964+00	2022-10-11 18:35:38.978224+00	\N
0183c872-8e3d-b762-cdaa-5256b261046c	018385ae-4029-0209-e4b1-fd8f2f7f5514	018385ae-3f64-6e9e-8681-da7df3db7532	1	f	\N	2022-10-11 19:08:16.592569+00	2022-10-11 19:08:39.597+00	2	f	f	f	17052	2022-10-11 19:08:14.272195+00	2022-10-11 19:08:39.705046+00	\N
0183d2cc-05a6-da95-90ef-dcf8253d0c5a	018385ae-4029-0209-e4b1-fd8f2f7f5514	018385ae-3f64-6e9e-8681-da7df3db7532	2	f	\N	2022-10-13 19:22:28.001324+00	2022-10-13 19:22:36.997+00	2	f	f	f	3935	2022-10-13 19:22:09.701444+00	2022-10-13 19:22:37.369192+00	\N
0183c9a3-f9be-8f3b-d048-6b25fbf26ca6	018385ae-4029-8973-b969-b6b660c58425	018385ae-3f64-6e9e-8681-da7df3db7532	1	f	\N	2022-10-12 00:41:58.181779+00	2022-10-12 00:42:08.939+00	1	f	f	f	8548	2022-10-12 00:41:50.264165+00	2022-10-12 00:42:09.250756+00	\N
0183d232-9e20-af1d-c311-ff15306cb90f	018385ae-4029-8973-b969-b6b660c58425	018385ae-3f64-6e9e-8681-da7df3db7532	1	f	\N	2022-10-13 16:34:45.583785+00	2022-10-13 16:34:57.388+00	2	f	t	f	7520	2022-10-13 16:34:36.189122+00	2022-10-13 16:34:57.827166+00	\N
0183cd6c-4f2f-e5cf-6d32-ce17cd17bba3	018385ae-4029-8973-b969-b6b660c58425	018385ae-3f64-6e9e-8681-da7df3db7532	1	f	\N	2022-10-12 18:20:03.070923+00	2022-10-12 18:20:14.237+00	2	f	f	f	6742	2022-10-12 18:19:30.982714+00	2022-10-12 18:20:14.730655+00	\N
0183d750-3dcd-b240-ebd8-6ae6b7f534cd	018385ae-4029-0209-e4b1-fd8f2f7f5514	018385ae-3f64-6e9e-8681-da7df3db7532	2	f	\N	2022-10-14 16:25:13.51669+00	2022-10-14 16:25:30.998+00	2	f	f	f	8587	2022-10-14 16:25:03.704706+00	2022-10-14 16:25:31.099228+00	\N
0183d2d9-fd99-b980-bdc1-bebc08302fd5	018385ae-4029-0209-e4b1-fd8f2f7f5514	018385ae-3f64-6e9e-8681-da7df3db7532	1	f	\N	2022-10-13 19:37:27.504783+00	2022-10-13 19:37:41.937+00	1	f	f	f	12020	2022-10-13 19:37:25.148317+00	2022-10-13 19:37:42.06705+00	\N
0183d237-6841-bd3e-8f05-5f98c79fbb13	018385ae-4029-8973-b969-b6b660c58425	018385ae-3f64-6e9e-8681-da7df3db7532	1	f	\N	2022-10-13 16:39:55.551898+00	2022-10-13 16:40:07.56+00	2	f	t	f	8032	2022-10-13 16:39:50.088109+00	2022-10-13 16:40:08.020757+00	\N
0183d314-4fcb-6985-d25e-2aa9029d32bf	018385ae-4029-0209-e4b1-fd8f2f7f5514	018385ae-3f64-6e9e-8681-da7df3db7532	1	f	\N	2022-10-13 20:41:11.70347+00	2022-10-13 20:41:23.188+00	1	f	f	f	9103	2022-10-13 20:41:07.274187+00	2022-10-13 20:41:23.25113+00	\N
0183d30b-3bcc-e56d-3504-ef70e6791d89	018385ae-4029-0209-e4b1-fd8f2f7f5514	018385ae-3f64-6e9e-8681-da7df3db7532	1	f	\N	2022-10-13 20:31:21.67296+00	2022-10-13 20:31:44.644+00	1	f	f	f	17444	2022-10-13 20:31:12.33797+00	2022-10-13 20:31:44.762961+00	\N
0183d748-fc00-0acc-eda5-19fae250c7b2	018385ae-4029-0209-e4b1-fd8f2f7f5514	018385ae-3f64-6e9e-8681-da7df3db7532	1	f	\N	2022-10-14 16:17:10.796946+00	2022-10-14 16:17:23.395+00	2	f	f	f	8836	2022-10-14 16:17:08.097326+00	2022-10-14 16:17:23.512957+00	\N
0183d326-e1d2-0dd4-1585-59c8f0c75bbf	018385ae-4029-0209-e4b1-fd8f2f7f5514	018385ae-3f64-6e9e-8681-da7df3db7532	2	f	\N	2022-10-13 21:01:29.822434+00	2022-10-13 21:01:58.581+00	1	f	f	f	23074	2022-10-13 21:01:24.304329+00	2022-10-13 21:01:58.688971+00	\N
0183d31b-e21e-490f-3f9b-1b98f3743805	018385ae-4029-0209-e4b1-fd8f2f7f5514	018385ae-3f64-6e9e-8681-da7df3db7532	1	f	\N	2022-10-13 20:49:29.810627+00	2022-10-13 20:49:43.751+00	2	f	f	f	10478	2022-10-13 20:49:23.481565+00	2022-10-13 20:49:43.85319+00	\N
0183d76b-c226-7f84-c4de-b2810c1c0908	018385ae-4029-0209-e4b1-fd8f2f7f5514	018385ae-3f64-6e9e-8681-da7df3db7532	2	f	\N	2022-10-14 17:14:42.989685+00	2022-10-14 17:15:13.637+00	2	f	f	f	22020	2022-10-14 16:55:07.048815+00	2022-10-14 17:15:13.759451+00	\N
0183d78f-8453-dfb5-10c3-92476a34d4b7	018385ae-4029-0209-e4b1-fd8f2f7f5514	018385ae-3f64-6e9e-8681-da7df3db7532	2	f	\N	2022-10-14 17:34:14.834833+00	2022-10-14 17:34:30.381+00	2	f	f	f	8846	2022-10-14 17:34:10.517612+00	2022-10-14 17:34:30.563997+00	\N
0183d855-21eb-7782-526a-b3af08c08cab	018385ae-4029-0209-e4b1-fd8f2f7f5514	018385ae-3f64-6e9e-8681-da7df3db7532	1	f	\N	2022-10-14 21:10:05.371951+00	2022-10-14 21:10:15.481+00	1	f	f	f	7897	2022-10-14 21:10:01.452604+00	2022-10-14 21:10:15.529075+00	\N
0183d85b-6e48-0ef8-6814-e2bc21b147ec	018385ae-4029-0209-e4b1-fd8f2f7f5514	018385ae-3f64-6e9e-8681-da7df3db7532	1	f	\N	2022-10-14 21:16:56.907805+00	2022-10-14 21:17:22.274+00	1	f	f	f	19994	2022-10-14 21:16:54.215097+00	2022-10-14 21:17:22.365717+00	\N
0183d861-0cd0-b36b-1c11-b2e3b558e67a	018385ae-4029-0209-e4b1-fd8f2f7f5514	018385ae-3f64-6e9e-8681-da7df3db7532	1	f	\N	2022-10-14 21:23:13.808036+00	2022-10-14 21:26:16.788+00	2	f	f	f	179898	2022-10-14 21:23:02.491447+00	2022-10-14 21:26:16.915439+00	\N
0183d878-0b3b-e835-e6da-4d23e5279897	018385ae-4029-0209-e4b1-fd8f2f7f5514	018385ae-3f64-6e9e-8681-da7df3db7532	1	f	\N	2022-10-14 21:48:11.905878+00	2022-10-14 21:49:21.518+00	2	f	f	f	8938	2022-10-14 21:48:09.401631+00	2022-10-14 21:49:21.633713+00	\N
0183e6fb-93ff-00a7-90ce-b51dadd1d3e8	018385ae-4029-0209-e4b1-fd8f2f7f5514	018385ae-3f64-6e9e-8681-da7df3db7532	2	f	\N	2022-10-17 17:26:38.734533+00	2022-10-17 17:26:59.265+00	1	f	f	f	12864	2022-10-17 17:26:30.664013+00	2022-10-17 17:26:59.393966+00	\N
0183e701-0bab-3af4-189a-384804837a7d	018385ae-4029-0209-e4b1-fd8f2f7f5514	018385ae-3f64-6e9e-8681-da7df3db7532	1	f	\N	2022-10-17 17:32:38.961699+00	2022-10-17 17:32:51.728+00	2	f	f	f	10203	2022-10-17 17:32:28.976576+00	2022-10-17 17:32:51.869042+00	\N
0183f185-b333-84e4-a19a-bfdea0dae47f	018385ae-4029-8973-b969-b6b660c58425	018385ae-3f64-6e9e-8681-da7df3db7532	1	f	\N	2022-10-19 18:33:37.313175+00	2022-10-19 18:33:47.516+00	1	f	t	f	8035	2022-10-19 18:33:34.771211+00	2022-10-19 18:33:47.58044+00	\N
0183e708-0cd3-416e-445c-76aef8911d44	018385ae-4029-0209-e4b1-fd8f2f7f5514	018385ae-3f64-6e9e-8681-da7df3db7532	1	f	\N	2022-10-17 17:40:12.164154+00	2022-10-17 17:40:22.222+00	1	f	f	f	7661	2022-10-17 17:40:08.017491+00	2022-10-17 17:40:22.286627+00	\N
0183e712-fffa-ab31-389a-036d851c1d10	018385ae-4029-0209-e4b1-fd8f2f7f5514	018385ae-3f64-6e9e-8681-da7df3db7532	2	f	\N	2022-10-17 17:52:09.09208+00	2022-10-17 17:52:20.673+00	1	f	f	f	5970	2022-10-17 17:52:05.62647+00	2022-10-17 17:52:20.727539+00	\N
0183e70c-be87-0e0c-032b-6160e68fa00b	018385ae-4029-0209-e4b1-fd8f2f7f5514	018385ae-3f64-6e9e-8681-da7df3db7532	1	f	\N	2022-10-17 17:45:26.960785+00	2022-10-17 17:45:39.514+00	2	f	f	f	6962	2022-10-17 17:45:15.651021+00	2022-10-17 17:45:39.62707+00	\N
0183ec75-3bc6-b81a-1b91-4cebb3f56e9d	018385ae-4029-8973-b969-b6b660c58425	018385ae-3f64-6e9e-8681-da7df3db7532	18	f	{"ops":[]}	2022-10-18 18:57:31.48285+00	2022-10-18 19:45:24.82+00	1	f	f	f	110734	2022-10-18 18:57:29.543846+00	2022-10-18 19:45:24.921802+00	\N
0183e718-9d28-ea29-50bc-d4b9f376939b	018385ae-4029-0209-e4b1-fd8f2f7f5514	018385ae-3f64-6e9e-8681-da7df3db7532	1	f	\N	2022-10-17 17:58:16.455026+00	2022-10-17 17:58:36.458+00	2	f	f	f	12879	2022-10-17 17:58:13.541194+00	2022-10-17 17:58:36.578888+00	\N
0183e721-d907-62e8-bb20-949638cc1e00	018385ae-4029-0209-e4b1-fd8f2f7f5514	018385ae-3f64-6e9e-8681-da7df3db7532	1	f	\N	2022-10-17 18:08:30.841185+00	2022-10-17 18:08:42.819+00	2	f	f	f	9067	2022-10-17 18:08:18.690495+00	2022-10-17 18:08:42.964368+00	\N
0183f722-2554-c9dc-2582-550d5b5bd305	018385ae-4029-8973-b969-b6b660c58425	018385ae-3f64-6e9e-8681-da7df3db7532	1	f	\N	2022-10-20 20:42:35.857815+00	2022-10-20 20:43:29.454+00	1	f	t	f	11026	2022-10-20 20:42:33.684047+00	2022-10-20 20:43:29.54157+00	\N
0183eca1-4c32-3b4c-ad77-a96f3e6befc7	018385ae-4029-8973-b969-b6b660c58425	018385ae-3f64-6e9e-8681-da7df3db7532	18	f	{"ops":[]}	2022-10-18 19:45:39.453068+00	2022-10-18 19:45:53.999+00	1	f	t	f	12190	2022-10-18 19:45:37.332798+00	2022-10-18 19:45:54.118793+00	\N
0183e744-f866-8342-bafd-205aad014eee	018385ae-4029-0209-e4b1-fd8f2f7f5514	018385ae-3f64-6e9e-8681-da7df3db7532	1	f	\N	2022-10-17 18:46:45.757265+00	2022-10-17 18:47:05.538+00	1	f	f	f	13870	2022-10-17 18:46:40.49648+00	2022-10-17 18:47:05.650535+00	\N
0183f18a-6970-ff8b-e967-bfa7028fa3cb	018385ae-4029-8973-b969-b6b660c58425	018385ae-3f64-6e9e-8681-da7df3db7532	6	f	\N	2022-10-19 18:38:45.48985+00	2022-10-19 18:39:12.72+00	1	f	t	f	25051	2022-10-19 18:38:43.561886+00	2022-10-19 18:39:12.840728+00	\N
0183e74d-685b-ca20-befc-05f363d48def	018385ae-4029-0209-e4b1-fd8f2f7f5514	018385ae-3f64-6e9e-8681-da7df3db7532	1	f	\N	2022-10-17 18:56:57.69841+00	2022-10-17 18:57:14.921+00	1	f	f	f	11972	2022-10-17 18:55:53.435914+00	2022-10-17 18:57:15.033041+00	\N
0183ecac-d274-a806-390e-18d5c1b324a8	018385ae-4029-8973-b969-b6b660c58425	018385ae-3f64-6e9e-8681-da7df3db7532	1	f	\N	2022-10-18 19:58:19.205341+00	2022-10-18 19:58:31.883+00	1	f	f	f	10636	2022-10-18 19:58:12.607474+00	2022-10-18 19:58:32.262354+00	\N
0183e785-bab3-be25-4091-5af11ff97211	018385ae-4029-0209-e4b1-fd8f2f7f5514	018385ae-3f64-6e9e-8681-da7df3db7532	1	f	\N	2022-10-17 19:57:27.870333+00	2022-10-17 19:57:46.272+00	2	f	f	f	11058	2022-10-17 19:57:24.540819+00	2022-10-17 19:57:46.360176+00	\N
0183f250-3f0a-a72b-5b85-8883929078a6	018385ae-4029-8973-b969-b6b660c58425	018385ae-3f64-6e9e-8681-da7df3db7532	1	f	\N	2022-10-19 22:14:52.633675+00	2022-10-19 22:15:02.571+00	1	f	f	f	7338	2022-10-19 22:14:48.843181+00	2022-10-19 22:15:02.84474+00	\N
0183e7a6-8b3f-7ed2-5f17-ca3a464ecc27	018385ae-4029-0209-e4b1-fd8f2f7f5514	018385ae-3f64-6e9e-8681-da7df3db7532	1	f	\N	2022-10-17 20:33:27.016122+00	2022-10-17 20:33:43.415+00	2	f	f	f	10674	2022-10-17 20:33:15.070785+00	2022-10-17 20:33:43.549891+00	\N
0183ecbe-9962-9a7b-8647-d34c0f240f2f	018385ae-4029-8973-b969-b6b660c58425	018385ae-3f64-6e9e-8681-da7df3db7532	2	f	\N	2022-10-18 20:17:40.833953+00	2022-10-18 20:17:52.133+00	2	f	f	f	7490	2022-10-18 20:17:37.637955+00	2022-10-18 20:17:52.18668+00	\N
0183e7ae-9fc5-4645-6cda-a95f1496add6	018385ae-4029-0209-e4b1-fd8f2f7f5514	018385ae-3f64-6e9e-8681-da7df3db7532	1	f	\N	2022-10-17 20:42:07.727618+00	2022-10-17 20:42:23.733+00	2	f	f	f	9698	2022-10-17 20:42:04.613955+00	2022-10-17 20:42:23.869374+00	\N
0183f19b-d9bd-df2b-d24a-ff6327c760c8	018385ae-4029-8973-b969-b6b660c58425	018385ae-3f64-6e9e-8681-da7df3db7532	4	f	\N	2022-10-19 18:57:48.222899+00	2022-10-19 18:58:45.777+00	2	f	f	f	10536	2022-10-19 18:57:46.432743+00	2022-10-19 18:58:45.86745+00	\N
0183e7b4-c7a5-d5ad-3b3c-aee33dcf75b3	018385ae-4029-0209-e4b1-fd8f2f7f5514	018385ae-3f64-6e9e-8681-da7df3db7532	1	f	\N	2022-10-17 20:48:50.352668+00	2022-10-17 20:49:14.105+00	2	f	f	f	14842	2022-10-17 20:48:48.041508+00	2022-10-17 20:49:14.236212+00	\N
0183eccc-108c-0e06-e7e5-6c3e7922e689	018385ae-4029-8973-b969-b6b660c58425	018385ae-3f64-6e9e-8681-da7df3db7532	1	f	\N	2022-10-18 20:32:23.382487+00	2022-10-18 20:32:45.629+00	2	f	f	f	18654	2022-10-18 20:32:20.108208+00	2022-10-18 20:32:45.731718+00	\N
0183ec48-3290-5681-8009-14c65b12a60d	018385ae-4029-0209-e4b1-fd8f2f7f5514	018385ae-3f64-6e9e-8681-da7df3db7532	2	f	\N	2022-10-18 18:08:23.497712+00	2022-10-18 18:08:37.634+00	2	f	t	f	6722	2022-10-18 18:08:18.066352+00	2022-10-18 18:08:38.036085+00	\N
01841076-1144-1e52-cafb-9380288c0f0c	018385ae-4029-8973-b969-b6b660c58425	018385ae-3f64-6e9e-8681-da7df3db7532	1	f	\N	2022-10-25 18:44:51.033416+00	2022-10-25 18:45:03.512+00	2	f	t	f	8670	2022-10-25 18:44:43.973948+00	2022-10-25 18:45:03.851511+00	\N
0183f1bd-ce42-01a4-0854-b6b67fb6f654	018385ae-4029-8973-b969-b6b660c58425	018385ae-3f64-6e9e-8681-da7df3db7532	2	f	\N	2022-10-19 19:34:56.131902+00	2022-10-19 19:35:07.439+00	1	f	f	f	9215	2022-10-19 19:34:51.709463+00	2022-10-19 19:35:07.500573+00	\N
0183ec51-de6d-2526-4141-d3c3d34bdecb	018385ae-4029-8973-b969-b6b660c58425	018385ae-3f64-6e9e-8681-da7df3db7532	1	f	\N	2022-10-18 18:19:18.896906+00	2022-10-18 18:19:30.19+00	2	f	t	f	6459	2022-10-18 18:18:51.884422+00	2022-10-18 18:19:30.55502+00	\N
0183ece6-e0b6-08d7-f073-afe9510433de	018385ae-4029-8973-b969-b6b660c58425	018385ae-3f64-6e9e-8681-da7df3db7532	1	f	\N	2022-10-18 21:01:43.336608+00	2022-10-18 21:01:52.443+00	2	f	t	f	6454	2022-10-18 21:01:37.339388+00	2022-10-18 21:01:52.514272+00	\N
0183ec57-a7ed-1e92-9999-f1bc9fff362e	018385ae-4029-8973-b969-b6b660c58425	018385ae-3f64-6e9e-8681-da7df3db7532	2	f	\N	2022-10-18 18:25:18.799761+00	2022-10-18 18:26:44.715+00	1	f	f	f	81928	2022-10-18 18:25:11.153615+00	2022-10-18 18:26:44.811887+00	\N
0183f256-27ae-1968-7c7a-5c5b2b94327d	018385ae-4029-8973-b969-b6b660c58425	018385ae-3f64-6e9e-8681-da7df3db7532	1	f	\N	2022-10-19 22:21:17.613136+00	2022-10-19 22:21:27.836+00	2	f	t	f	7416	2022-10-19 22:21:16.077337+00	2022-10-19 22:21:27.892667+00	\N
0183f1c5-3e8e-7496-705e-afcc10bd1d04	018385ae-4029-8973-b969-b6b660c58425	018385ae-3f64-6e9e-8681-da7df3db7532	1	f	\N	2022-10-19 19:43:01.173886+00	2022-10-19 19:51:12.507+00	2	f	f	f	11260	2022-10-19 19:42:59.216265+00	2022-10-19 19:51:12.579856+00	\N
0183ecee-63a3-b8bc-0fef-998be0990b27	018385ae-4029-8973-b969-b6b660c58425	018385ae-3f64-6e9e-8681-da7df3db7532	1	f	\N	2022-10-18 21:09:52.635659+00	2022-10-18 21:10:05.033+00	1	f	f	f	9703	2022-10-18 21:09:49.606183+00	2022-10-18 21:10:05.147172+00	\N
0183f17f-6cac-7613-1f96-18aafcfb6f0d	018385ae-4029-8973-b969-b6b660c58425	\N	1	f	\N	\N	2022-10-19 18:26:49.353+00	1	f	f	f	0	2022-10-19 18:26:43.509459+00	2022-10-19 18:26:49.623503+00	\N
0183f727-11e0-d24e-293e-31f72d788d0b	018385ae-4029-8973-b969-b6b660c58425	018385ae-3f64-6e9e-8681-da7df3db7532	1	f	\N	2022-10-20 20:48:02.268596+00	2022-10-20 20:48:40.541+00	2	f	f	f	14664	2022-10-20 20:47:56.380843+00	2022-10-20 20:48:40.645035+00	\N
0183f22b-3187-10ea-f033-23a0003ffb0b	018385ae-4029-8973-b969-b6b660c58425	018385ae-3f64-6e9e-8681-da7df3db7532	1	f	\N	2022-10-19 21:34:26.051553+00	2022-10-19 21:34:41.491+00	2	f	f	f	12318	2022-10-19 21:34:20.550679+00	2022-10-19 21:34:41.607818+00	\N
0183f657-f0eb-c94b-29df-6d9703e33072	018385ae-4029-8973-b969-b6b660c58425	018385ae-3f64-6e9e-8681-da7df3db7532	1	f	\N	2022-10-20 17:02:05.626679+00	2022-10-20 17:03:51.804+00	2	f	f	f	8143	2022-10-20 17:01:41.991502+00	2022-10-20 17:03:52.159415+00	\N
0183f230-a2d7-5dbb-a08d-0de36f60bf45	018385ae-4029-8973-b969-b6b660c58425	018385ae-3f64-6e9e-8681-da7df3db7532	1	f	\N	2022-10-19 21:40:21.456349+00	2022-10-19 21:40:31.754+00	2	f	f	f	7581	2022-10-19 21:40:17.238271+00	2022-10-19 21:40:32.031665+00	\N
0183f242-aa36-4f33-4021-14dc3be37a6c	018385ae-4029-8973-b969-b6b660c58425	018385ae-3f64-6e9e-8681-da7df3db7532	3	f	\N	2022-10-19 22:00:00.892835+00	2022-10-19 22:00:13.68+00	1	f	f	f	9201	2022-10-19 21:59:58.779687+00	2022-10-19 22:00:13.795923+00	\N
0183f694-60db-4afa-41d2-88c7a0917bf8	018385ae-4029-8973-b969-b6b660c58425	018385ae-3f64-6e9e-8681-da7df3db7532	1	f	\N	2022-10-20 18:07:52.081851+00	2022-10-20 18:08:19.338+00	2	f	t	f	8292	2022-10-20 18:07:42.805864+00	2022-10-20 18:08:19.656219+00	\N
01840b35-5182-8121-4f83-9ecdf88b9643	018385ae-4029-8973-b969-b6b660c58425	018385ae-3f64-6e9e-8681-da7df3db7532	1	f	\N	2022-10-24 18:15:59.960326+00	2022-10-24 18:16:10.062+00	1	f	t	f	7706	2022-10-24 18:15:54.497478+00	2022-10-24 18:16:10.135217+00	\N
\.


--
-- Data for Name: assistments_data; Type: TABLE DATA; Schema: upchieve; Owner: admin
--

COPY upchieve.assistments_data (id, problem_id, assignment_id, student_id, session_id, sent, created_at, updated_at, sent_at, mongo_id) FROM stdin;
\.


--
-- Data for Name: sponsor_orgs; Type: TABLE DATA; Schema: upchieve; Owner: admin
--

COPY upchieve.sponsor_orgs (id, name, created_at, updated_at, key) FROM stdin;
018385ae-3f58-247a-cc24-a04063b3f9bb	Only Sponsors Schools	2022-09-28 19:58:52.760664+00	2022-09-28 19:58:52.760664+00	onlySponsorsSchools
018385ae-3f58-3591-28ec-177486d9316c	Only Sponsors Partner Orgs	2022-09-28 19:58:52.761782+00	2022-09-28 19:58:52.761782+00	onlySponsorsPartnerOrgs
018385ae-3f58-e742-15e7-9f4f7cb332c0	Sponsors Both	2022-09-28 19:58:52.763293+00	2022-09-28 19:58:52.763293+00	sponsorsBoth
01843060-060d-011e-ce26-b39045462461	Only Sponsors Schools	2022-10-31 23:28:30.223415+00	2022-10-31 23:28:30.223415+00	onlySponsorsSchools
01843060-060d-cf2e-9867-cd16d81e6a31	Only Sponsors Partner Orgs	2022-10-31 23:28:30.226899+00	2022-10-31 23:28:30.226899+00	onlySponsorsPartnerOrgs
01843060-060d-6d7c-d745-14a7a92b4cf9	Sponsors Both	2022-10-31 23:28:30.229731+00	2022-10-31 23:28:30.229731+00	sponsorsBoth
\.


--
-- Data for Name: student_partner_orgs; Type: TABLE DATA; Schema: upchieve; Owner: admin
--

COPY upchieve.student_partner_orgs (id, key, name, signup_code, high_school_signup, college_signup, school_signup_required, created_at, updated_at, school_id) FROM stdin;
018385ae-3f13-ad91-eb79-dbc1d7ea919c	college-mentors	College Mentors	MENTORS	t	f	t	2022-09-28 19:58:52.730047+00	2022-09-28 19:58:52.730047+00	\N
018385ae-3f13-b24e-ae18-f34c28d94ae7	community-org	Community Org	COMMUNITY	t	f	f	2022-09-28 19:58:52.734974+00	2022-09-28 19:58:52.734974+00	\N
018385ae-3f13-0bf3-b085-83545ffdf2c1	school-helpers	School Helpers	SCHOOLHELPERS	f	f	f	2022-09-28 19:58:52.736975+00	2022-09-28 19:58:52.736975+00	\N
018385ae-3f13-fcfc-6bd8-df17b4385e27	college-learners	College Learners	COLLEGELEARNERS	f	t	t	2022-09-28 19:58:52.738663+00	2022-09-28 19:58:52.738663+00	\N
018385ae-3f13-c6d7-7ac8-1f11c7037803	all-the-students	All The Students	ALLTHESTUDENTS	t	t	t	2022-09-28 19:58:52.740121+00	2022-09-28 19:58:52.740121+00	\N
\.


--
-- Data for Name: volunteer_partner_orgs; Type: TABLE DATA; Schema: upchieve; Owner: admin
--

COPY upchieve.volunteer_partner_orgs (id, key, name, receive_weekly_hour_summary_email, created_at, updated_at) FROM stdin;
018385ae-3f49-3ecb-5e48-bea3ed393256	big-telecom	Big Telecom	t	2022-09-28 19:58:52.745813+00	2022-09-28 19:58:52.745813+00
018385ae-3f49-2462-0aeb-948b35f5b1cf	health-co	Health Co	f	2022-09-28 19:58:52.747266+00	2022-09-28 19:58:52.747266+00
\.


--
-- Data for Name: associated_partners; Type: TABLE DATA; Schema: upchieve; Owner: admin
--

COPY upchieve.associated_partners (id, key, volunteer_partner_org_id, student_partner_org_id, student_sponsor_org_id, created_at, updated_at) FROM stdin;
018385ae-3f61-d770-77aa-ee36a4461262	associatedWithSponsorOrg	018385ae-3f49-3ecb-5e48-bea3ed393256	\N	018385ae-3f58-247a-cc24-a04063b3f9bb	2022-09-28 19:58:52.769743+00	2022-09-28 19:58:52.769743+00
018385ae-3f61-d784-9ae8-652b98927727	associatedWithPartnerOrg	018385ae-3f49-3ecb-5e48-bea3ed393256	018385ae-3f13-ad91-eb79-dbc1d7ea919c	\N	2022-09-28 19:58:52.771045+00	2022-09-28 19:58:52.771045+00
\.


--
-- Data for Name: weekdays; Type: TABLE DATA; Schema: upchieve; Owner: admin
--

COPY upchieve.weekdays (id, day, created_at, updated_at) FROM stdin;
1	Sunday	2022-09-28 19:58:50.001885+00	2022-09-28 19:58:50.001885+00
2	Monday	2022-09-28 19:58:50.004991+00	2022-09-28 19:58:50.004991+00
3	Tuesday	2022-09-28 19:58:50.006674+00	2022-09-28 19:58:50.006674+00
4	Wednesday	2022-09-28 19:58:50.008084+00	2022-09-28 19:58:50.008084+00
5	Thursday	2022-09-28 19:58:50.009566+00	2022-09-28 19:58:50.009566+00
6	Friday	2022-09-28 19:58:50.011186+00	2022-09-28 19:58:50.011186+00
7	Saturday	2022-09-28 19:58:50.012753+00	2022-09-28 19:58:50.012753+00
\.


--
-- Data for Name: availabilities; Type: TABLE DATA; Schema: upchieve; Owner: admin
--

COPY upchieve.availabilities (id, user_id, weekday_id, available_start, available_end, timezone, created_at, updated_at) FROM stdin;
\.


--
-- Data for Name: availability_histories; Type: TABLE DATA; Schema: upchieve; Owner: admin
--

COPY upchieve.availability_histories (id, user_id, weekday_id, available_start, available_end, timezone, recorded_at, created_at, updated_at) FROM stdin;
\.


--
-- Data for Name: certifications; Type: TABLE DATA; Schema: upchieve; Owner: admin
--

COPY upchieve.certifications (id, name, created_at, updated_at) FROM stdin;
1	prealgebra	2022-09-28 19:58:50.465258+00	2022-09-28 19:58:50.465258+00
2	statistics	2022-09-28 19:58:50.466446+00	2022-09-28 19:58:50.466446+00
3	geometry	2022-09-28 19:58:50.467599+00	2022-09-28 19:58:50.467599+00
4	biology	2022-09-28 19:58:50.468651+00	2022-09-28 19:58:50.468651+00
5	chemistry	2022-09-28 19:58:50.46986+00	2022-09-28 19:58:50.46986+00
6	physicsOne	2022-09-28 19:58:50.471008+00	2022-09-28 19:58:50.471008+00
7	physicsTwo	2022-09-28 19:58:50.471958+00	2022-09-28 19:58:50.471958+00
8	environmentalScience	2022-09-28 19:58:50.472938+00	2022-09-28 19:58:50.472938+00
9	essays	2022-09-28 19:58:50.473888+00	2022-09-28 19:58:50.473888+00
10	applications	2022-09-28 19:58:50.4749+00	2022-09-28 19:58:50.4749+00
11	planning	2022-09-28 19:58:50.475879+00	2022-09-28 19:58:50.475879+00
12	satMath	2022-09-28 19:58:50.476909+00	2022-09-28 19:58:50.476909+00
13	satReading	2022-09-28 19:58:50.477853+00	2022-09-28 19:58:50.477853+00
14	collegeCounseling	2022-09-28 19:58:50.478807+00	2022-09-28 19:58:50.478807+00
15	humanitiesEssays	2022-09-28 19:58:50.479983+00	2022-09-28 19:58:50.479983+00
16	algebraOne	2022-09-28 19:58:50.481169+00	2022-09-28 19:58:50.481169+00
17	algebraTwo	2022-09-28 19:58:50.482289+00	2022-09-28 19:58:50.482289+00
18	trigonometry	2022-09-28 19:58:50.483395+00	2022-09-28 19:58:50.483395+00
19	precalculus	2022-09-28 19:58:50.484741+00	2022-09-28 19:58:50.484741+00
20	calculusAB	2022-09-28 19:58:50.486127+00	2022-09-28 19:58:50.486127+00
21	calculusBC	2022-09-28 19:58:50.487149+00	2022-09-28 19:58:50.487149+00
22	reading	2022-09-28 19:58:50.737804+00	2022-09-28 19:58:50.737804+00
23	usHistory	2022-09-28 19:58:50.788195+00	2022-09-28 19:58:50.788195+00
\.


--
-- Data for Name: certification_subject_unlocks; Type: TABLE DATA; Schema: upchieve; Owner: admin
--

COPY upchieve.certification_subject_unlocks (subject_id, certification_id, created_at, updated_at) FROM stdin;
21	16	2022-09-28 19:58:50.532091+00	2022-09-28 19:58:50.532091+00
21	3	2022-09-28 19:58:50.533724+00	2022-09-28 19:58:50.533724+00
21	2	2022-09-28 19:58:50.536756+00	2022-09-28 19:58:50.536756+00
22	16	2022-09-28 19:58:50.537907+00	2022-09-28 19:58:50.537907+00
22	3	2022-09-28 19:58:50.539081+00	2022-09-28 19:58:50.539081+00
22	2	2022-09-28 19:58:50.540124+00	2022-09-28 19:58:50.540124+00
22	18	2022-09-28 19:58:50.541742+00	2022-09-28 19:58:50.541742+00
23	19	2022-09-28 19:58:50.542757+00	2022-09-28 19:58:50.542757+00
23	2	2022-09-28 19:58:50.543912+00	2022-09-28 19:58:50.543912+00
24	19	2022-09-28 19:58:50.545236+00	2022-09-28 19:58:50.545236+00
1	1	2022-09-28 19:58:50.546338+00	2022-09-28 19:58:50.546338+00
9	2	2022-09-28 19:58:50.553413+00	2022-09-28 19:58:50.553413+00
4	3	2022-09-28 19:58:50.55475+00	2022-09-28 19:58:50.55475+00
10	4	2022-09-28 19:58:50.555831+00	2022-09-28 19:58:50.555831+00
11	5	2022-09-28 19:58:50.556947+00	2022-09-28 19:58:50.556947+00
12	6	2022-09-28 19:58:50.558053+00	2022-09-28 19:58:50.558053+00
13	7	2022-09-28 19:58:50.559305+00	2022-09-28 19:58:50.559305+00
14	8	2022-09-28 19:58:50.560346+00	2022-09-28 19:58:50.560346+00
17	9	2022-09-28 19:58:50.56157+00	2022-09-28 19:58:50.56157+00
19	10	2022-09-28 19:58:50.562687+00	2022-09-28 19:58:50.562687+00
18	11	2022-09-28 19:58:50.569244+00	2022-09-28 19:58:50.569244+00
15	12	2022-09-28 19:58:50.570814+00	2022-09-28 19:58:50.570814+00
16	13	2022-09-28 19:58:50.571972+00	2022-09-28 19:58:50.571972+00
20	15	2022-09-28 19:58:50.573028+00	2022-09-28 19:58:50.573028+00
2	16	2022-09-28 19:58:50.573997+00	2022-09-28 19:58:50.573997+00
3	17	2022-09-28 19:58:50.575358+00	2022-09-28 19:58:50.575358+00
5	18	2022-09-28 19:58:50.576728+00	2022-09-28 19:58:50.576728+00
6	19	2022-09-28 19:58:50.577802+00	2022-09-28 19:58:50.577802+00
7	20	2022-09-28 19:58:50.579098+00	2022-09-28 19:58:50.579098+00
8	21	2022-09-28 19:58:50.580855+00	2022-09-28 19:58:50.580855+00
25	22	2022-09-28 19:58:50.737804+00	2022-09-28 19:58:50.737804+00
26	23	2022-09-28 19:58:50.788195+00	2022-09-28 19:58:50.788195+00
\.


--
-- Data for Name: us_states; Type: TABLE DATA; Schema: upchieve; Owner: admin
--

COPY upchieve.us_states (code, name, created_at, updated_at) FROM stdin;
AL	Alabama	2022-09-28 19:58:49.710225+00	2022-09-28 19:58:49.710225+00
AK	Alaska	2022-09-28 19:58:49.713101+00	2022-09-28 19:58:49.713101+00
AR	Arkansas	2022-09-28 19:58:49.714778+00	2022-09-28 19:58:49.714778+00
AZ	Arizona	2022-09-28 19:58:49.716491+00	2022-09-28 19:58:49.716491+00
CA	California	2022-09-28 19:58:49.717811+00	2022-09-28 19:58:49.717811+00
CO	Colorado	2022-09-28 19:58:49.719082+00	2022-09-28 19:58:49.719082+00
CT	Connecticut	2022-09-28 19:58:49.72044+00	2022-09-28 19:58:49.72044+00
DE	Delaware	2022-09-28 19:58:49.721692+00	2022-09-28 19:58:49.721692+00
DC	District of Columbia	2022-09-28 19:58:49.722859+00	2022-09-28 19:58:49.722859+00
FL	Florida	2022-09-28 19:58:49.724002+00	2022-09-28 19:58:49.724002+00
GA	Georgia	2022-09-28 19:58:49.725135+00	2022-09-28 19:58:49.725135+00
HI	Hawaii	2022-09-28 19:58:49.726276+00	2022-09-28 19:58:49.726276+00
ID	Idaho	2022-09-28 19:58:49.727401+00	2022-09-28 19:58:49.727401+00
IL	Illinois	2022-09-28 19:58:49.728442+00	2022-09-28 19:58:49.728442+00
IN	Indiana	2022-09-28 19:58:49.729919+00	2022-09-28 19:58:49.729919+00
IA	Iowa	2022-09-28 19:58:49.731263+00	2022-09-28 19:58:49.731263+00
KS	Kansas	2022-09-28 19:58:49.732358+00	2022-09-28 19:58:49.732358+00
KY	Kentucky	2022-09-28 19:58:49.733491+00	2022-09-28 19:58:49.733491+00
LA	Louisiana	2022-09-28 19:58:49.734612+00	2022-09-28 19:58:49.734612+00
ME	Maine	2022-09-28 19:58:49.735674+00	2022-09-28 19:58:49.735674+00
MD	Maryland	2022-09-28 19:58:49.736955+00	2022-09-28 19:58:49.736955+00
MA	Massachusetts	2022-09-28 19:58:49.738068+00	2022-09-28 19:58:49.738068+00
MI	Michigan	2022-09-28 19:58:49.739215+00	2022-09-28 19:58:49.739215+00
MN	Minnesota	2022-09-28 19:58:49.740318+00	2022-09-28 19:58:49.740318+00
MS	Mississippi	2022-09-28 19:58:49.741277+00	2022-09-28 19:58:49.741277+00
MO	Missouri	2022-09-28 19:58:49.742494+00	2022-09-28 19:58:49.742494+00
MT	Montana	2022-09-28 19:58:49.743617+00	2022-09-28 19:58:49.743617+00
NE	Nebraska	2022-09-28 19:58:49.744697+00	2022-09-28 19:58:49.744697+00
NV	Nevada	2022-09-28 19:58:49.745924+00	2022-09-28 19:58:49.745924+00
NH	New Hampshire	2022-09-28 19:58:49.747041+00	2022-09-28 19:58:49.747041+00
NJ	New Jersey	2022-09-28 19:58:49.748151+00	2022-09-28 19:58:49.748151+00
NM	New Mexico	2022-09-28 19:58:49.749257+00	2022-09-28 19:58:49.749257+00
NY	New York	2022-09-28 19:58:49.750366+00	2022-09-28 19:58:49.750366+00
NC	North Carolina	2022-09-28 19:58:49.751707+00	2022-09-28 19:58:49.751707+00
ND	North Dakota	2022-09-28 19:58:49.752966+00	2022-09-28 19:58:49.752966+00
OH	Ohio	2022-09-28 19:58:49.753955+00	2022-09-28 19:58:49.753955+00
OK	Oklahoma	2022-09-28 19:58:49.755288+00	2022-09-28 19:58:49.755288+00
OR	Oregon	2022-09-28 19:58:49.756445+00	2022-09-28 19:58:49.756445+00
PA	Pennsylvania	2022-09-28 19:58:49.757581+00	2022-09-28 19:58:49.757581+00
RI	Rhode Island	2022-09-28 19:58:49.758701+00	2022-09-28 19:58:49.758701+00
SC	South Carolina	2022-09-28 19:58:49.759753+00	2022-09-28 19:58:49.759753+00
SD	South Dakota	2022-09-28 19:58:49.760876+00	2022-09-28 19:58:49.760876+00
TN	Tennessee	2022-09-28 19:58:49.761939+00	2022-09-28 19:58:49.761939+00
TX	Texas	2022-09-28 19:58:49.763026+00	2022-09-28 19:58:49.763026+00
UT	Utah	2022-09-28 19:58:49.764256+00	2022-09-28 19:58:49.764256+00
VT	Vermont	2022-09-28 19:58:49.765283+00	2022-09-28 19:58:49.765283+00
VA	Virginia	2022-09-28 19:58:49.76631+00	2022-09-28 19:58:49.76631+00
WA	Washington	2022-09-28 19:58:49.767275+00	2022-09-28 19:58:49.767275+00
WV	West Virginia	2022-09-28 19:58:49.76825+00	2022-09-28 19:58:49.76825+00
WI	Wisconsin	2022-09-28 19:58:49.769257+00	2022-09-28 19:58:49.769257+00
WY	Wyoming	2022-09-28 19:58:49.770475+00	2022-09-28 19:58:49.770475+00
PR	Puerto Rico	2022-09-28 19:58:49.771546+00	2022-09-28 19:58:49.771546+00
GU	Guam	2022-09-28 19:58:49.772626+00	2022-09-28 19:58:49.772626+00
VI	Virgin Islands	2022-09-28 19:58:49.773658+00	2022-09-28 19:58:49.773658+00
AS	American Samoa	2022-09-28 19:58:49.774749+00	2022-09-28 19:58:49.774749+00
BI	Bureau of Indian Education	2022-09-28 19:58:49.775763+00	2022-09-28 19:58:49.775763+00
NA	NA	2022-09-28 19:58:49.776982+00	2022-09-28 19:58:49.776982+00
AE	U.S. Armed Forced - Europe	2022-09-28 19:58:50.744926+00	2022-09-28 19:58:50.744926+00
AA	U.S. Armed Forced - Americas	2022-09-28 19:58:50.744926+00	2022-09-28 19:58:50.744926+00
AP	U.S. Armed Forced - Pacific	2022-09-28 19:58:50.744926+00	2022-09-28 19:58:50.744926+00
PW	Palau	2022-09-28 19:58:50.744926+00	2022-09-28 19:58:50.744926+00
FM	Micronesia	2022-09-28 19:58:50.744926+00	2022-09-28 19:58:50.744926+00
MP	Norther Mariana Islands	2022-09-28 19:58:50.744926+00	2022-09-28 19:58:50.744926+00
MH	Marshall Islands	2022-09-28 19:58:50.744926+00	2022-09-28 19:58:50.744926+00
\.


--
-- Data for Name: cities; Type: TABLE DATA; Schema: upchieve; Owner: admin
--

COPY upchieve.cities (id, name, us_state_code, created_at, updated_at) FROM stdin;
1	Denver	CO	2022-09-28 19:58:52.75193+00	2022-09-28 19:58:52.75193+00
2	Brooklyn	NY	2022-09-28 19:58:52.753523+00	2022-09-28 19:58:52.753523+00
\.


--
-- Data for Name: contact_form_submissions; Type: TABLE DATA; Schema: upchieve; Owner: admin
--

COPY upchieve.contact_form_submissions (id, user_id, user_email, message, topic, created_at, updated_at) FROM stdin;
\.


--
-- Data for Name: feedbacks; Type: TABLE DATA; Schema: upchieve; Owner: admin
--

COPY upchieve.feedbacks (id, topic_id, subject_id, user_role_id, session_id, student_tutoring_feedback, student_counseling_feedback, volunteer_feedback, comment, user_id, legacy_feedbacks, created_at, updated_at, mongo_id) FROM stdin;
\.


--
-- Data for Name: grade_levels; Type: TABLE DATA; Schema: upchieve; Owner: admin
--

COPY upchieve.grade_levels (id, name, created_at, updated_at) FROM stdin;
1	8th	2022-11-07 22:41:41.733374+00	2022-11-07 22:41:41.733374+00
2	9th	2022-11-07 22:41:41.734718+00	2022-11-07 22:41:41.734718+00
3	10th	2022-11-07 22:41:41.735811+00	2022-11-07 22:41:41.735811+00
4	11th	2022-11-07 22:41:41.736855+00	2022-11-07 22:41:41.736855+00
5	12th	2022-11-07 22:41:41.738149+00	2022-11-07 22:41:41.738149+00
6	College	2022-11-07 22:41:41.739403+00	2022-11-07 22:41:41.739403+00
10	Other	2022-11-08 19:20:23.831924+00	2022-11-08 19:20:23.831924+00
\.


--
-- Data for Name: ip_addresses; Type: TABLE DATA; Schema: upchieve; Owner: admin
--

COPY upchieve.ip_addresses (id, ip, status, created_at, updated_at, mongo_id) FROM stdin;
1	::1	\N	2022-10-03 18:32:19.929137+00	2022-10-03 18:32:19.929137+00	\N
\.


--
-- Data for Name: postal_codes; Type: TABLE DATA; Schema: upchieve; Owner: admin
--

COPY upchieve.postal_codes (code, us_state_code, income, location, created_at, updated_at) FROM stdin;
00501	NY	1000000	(40.81,-73.04)	2022-09-28 19:58:49.858421+00	2022-09-28 19:58:49.858421+00
01010	MA	100038	(42.11,-72.2)	2022-09-28 19:58:49.861484+00	2022-09-28 19:58:49.861484+00
01011	MA	77656	(42.28,-72.98)	2022-09-28 19:58:49.862932+00	2022-09-28 19:58:49.862932+00
01012	MA	76500	(42.4,-72.85)	2022-09-28 19:58:49.86431+00	2022-09-28 19:58:49.86431+00
01013	MA	56117	(42.15,-72.6)	2022-09-28 19:58:49.881037+00	2022-09-28 19:58:49.881037+00
01014	MA	1000000	(42.17,-72.57)	2022-09-28 19:58:49.894503+00	2022-09-28 19:58:49.894503+00
01001	MA	88816	(42.06,-72.61)	2022-09-28 19:58:49.894496+00	2022-09-28 19:58:49.894496+00
01003	MA	1000000	(42.39,-72.52)	2022-09-28 19:58:49.91481+00	2022-09-28 19:58:49.91481+00
01020	MA	70955	(42.17,-72.57)	2022-09-28 19:58:49.92371+00	2022-09-28 19:58:49.92371+00
01021	MA	1000000	(42.17,-72.57)	2022-09-28 19:58:49.936805+00	2022-09-28 19:58:49.936805+00
01002	MA	97319	(42.37,-72.52)	2022-09-28 19:58:49.936811+00	2022-09-28 19:58:49.936811+00
01026	MA	73333	(42.46,-72.9)	2022-09-28 19:58:49.963907+00	2022-09-28 19:58:49.963907+00
01028	MA	106591	(42.06,-72.51)	2022-09-28 19:58:49.964307+00	2022-09-28 19:58:49.964307+00
01004	MA	1000000	(42.37,-72.52)	2022-09-28 19:58:49.963811+00	2022-09-28 19:58:49.963811+00
01008	MA	90417	(42.18,-72.93)	2022-09-28 19:58:49.96498+00	2022-09-28 19:58:49.96498+00
01007	MA	105997	(42.27,-72.4)	2022-09-28 19:58:49.963953+00	2022-09-28 19:58:49.963953+00
01022	MA	54023	(42.2,-72.54)	2022-09-28 19:58:49.965826+00	2022-09-28 19:58:49.965826+00
01029	MA	1000000	(42.17,-73.03)	2022-09-28 19:58:49.966129+00	2022-09-28 19:58:49.966129+00
01005	MA	103825	(42.42,-72.1)	2022-09-28 19:58:49.966031+00	2022-09-28 19:58:49.966031+00
01030	MA	96719	(42.06,-72.67)	2022-09-28 19:58:49.967004+00	2022-09-28 19:58:49.967004+00
01031	MA	86000	(42.33,-72.2)	2022-09-28 19:58:49.967246+00	2022-09-28 19:58:49.967246+00
01027	MA	87883	(42.26,-72.68)	2022-09-28 19:58:49.965475+00	2022-09-28 19:58:49.965475+00
00544	NY	1000000	(40.81,-73.04)	2022-09-28 19:58:49.967406+00	2022-09-28 19:58:49.967406+00
01032	MA	110714	(42.46,-72.81)	2022-09-28 19:58:49.968747+00	2022-09-28 19:58:49.968747+00
01033	MA	114279	(42.26,-72.52)	2022-09-28 19:58:49.969913+00	2022-09-28 19:58:49.969913+00
01036	MA	109886	(42.06,-72.41)	2022-09-28 19:58:49.970096+00	2022-09-28 19:58:49.970096+00
01034	MA	100000	(42.06,-72.86)	2022-09-28 19:58:49.970134+00	2022-09-28 19:58:49.970134+00
01035	MA	102083	(42.35,-72.58)	2022-09-28 19:58:49.970164+00	2022-09-28 19:58:49.970164+00
01038	MA	94408	(42.37,-72.6)	2022-09-28 19:58:49.970397+00	2022-09-28 19:58:49.970397+00
01039	MA	117143	(42.39,-72.7)	2022-09-28 19:58:49.970715+00	2022-09-28 19:58:49.970715+00
01037	MA	106691	(42.35,-72.2)	2022-09-28 19:58:49.970786+00	2022-09-28 19:58:49.970786+00
01040	MA	49481	(42.21,-72.64)	2022-09-28 19:58:49.971163+00	2022-09-28 19:58:49.971163+00
01050	MA	84625	(42.23,-72.88)	2022-09-28 19:58:49.972699+00	2022-09-28 19:58:49.972699+00
01057	MA	104514	(42.09,-72.31)	2022-09-28 19:58:49.972933+00	2022-09-28 19:58:49.972933+00
01053	MA	89286	(42.35,-72.71)	2022-09-28 19:58:49.972644+00	2022-09-28 19:58:49.972644+00
01054	MA	98942	(42.45,-72.5)	2022-09-28 19:58:49.972896+00	2022-09-28 19:58:49.972896+00
01060	MA	99420	(42.32,-72.63)	2022-09-28 19:58:49.973393+00	2022-09-28 19:58:49.973393+00
01056	MA	86864	(42.16,-72.48)	2022-09-28 19:58:49.972877+00	2022-09-28 19:58:49.972877+00
01041	MA	1000000	(42.21,-72.64)	2022-09-28 19:58:49.973751+00	2022-09-28 19:58:49.973751+00
01059	MA	1000000	(42.4,-72.52)	2022-09-28 19:58:49.974007+00	2022-09-28 19:58:49.974007+00
01009	MA	1000000	(42.2,-72.34)	2022-09-28 19:58:49.968507+00	2022-09-28 19:58:49.968507+00
01061	MA	1000000	(42.32,-72.67)	2022-09-28 19:58:49.974989+00	2022-09-28 19:58:49.974989+00
01069	MA	91395	(42.16,-72.32)	2022-09-28 19:58:49.976409+00	2022-09-28 19:58:49.976409+00
01063	MA	1000000	(42.32,-72.64)	2022-09-28 19:58:49.976469+00	2022-09-28 19:58:49.976469+00
01070	MA	73333	(42.51,-72.91)	2022-09-28 19:58:49.976763+00	2022-09-28 19:58:49.976763+00
01066	MA	1000000	(42.41,-72.66)	2022-09-28 19:58:49.97694+00	2022-09-28 19:58:49.97694+00
01062	MA	96455	(42.32,-72.67)	2022-09-28 19:58:49.977255+00	2022-09-28 19:58:49.977255+00
01071	MA	80208	(42.18,-72.85)	2022-09-28 19:58:49.977363+00	2022-09-28 19:58:49.977363+00
01072	MA	95000	(42.45,-72.4)	2022-09-28 19:58:49.977657+00	2022-09-28 19:58:49.977657+00
01074	MA	56414	(42.39,-72.09)	2022-09-28 19:58:49.978969+00	2022-09-28 19:58:49.978969+00
01075	MA	92183	(42.26,-72.56)	2022-09-28 19:58:49.979117+00	2022-09-28 19:58:49.979117+00
01077	MA	95882	(42.05,-72.76)	2022-09-28 19:58:49.979675+00	2022-09-28 19:58:49.979675+00
01079	MA	1000000	(42.2,-72.33)	2022-09-28 19:58:49.979513+00	2022-09-28 19:58:49.979513+00
01080	MA	68375	(42.18,-72.37)	2022-09-28 19:58:49.979513+00	2022-09-28 19:58:49.979513+00
01073	MA	132333	(42.23,-72.73)	2022-09-28 19:58:49.978985+00	2022-09-28 19:58:49.978985+00
01082	MA	78563	(42.25,-72.24)	2022-09-28 19:58:49.980754+00	2022-09-28 19:58:49.980754+00
01068	MA	95104	(42.35,-72.05)	2022-09-28 19:58:49.977847+00	2022-09-28 19:58:49.977847+00
01084	MA	76250	(42.39,-72.88)	2022-09-28 19:58:49.981301+00	2022-09-28 19:58:49.981301+00
01085	MA	87144	(42.13,-72.75)	2022-09-28 19:58:49.982377+00	2022-09-28 19:58:49.982377+00
01086	MA	1000000	(42.13,-72.79)	2022-09-28 19:58:49.982789+00	2022-09-28 19:58:49.982789+00
01088	MA	59922	(42.39,-72.64)	2022-09-28 19:58:49.98306+00	2022-09-28 19:58:49.98306+00
01083	MA	91271	(42.21,-72.19)	2022-09-28 19:58:49.981947+00	2022-09-28 19:58:49.981947+00
01090	MA	1000000	(42.12,-72.65)	2022-09-28 19:58:49.983297+00	2022-09-28 19:58:49.983297+00
01089	MA	73658	(42.12,-72.65)	2022-09-28 19:58:49.983701+00	2022-09-28 19:58:49.983701+00
01092	MA	90509	(42.19,-72.24)	2022-09-28 19:58:49.983982+00	2022-09-28 19:58:49.983982+00
01081	MA	75078	(42.06,-72.21)	2022-09-28 19:58:49.980299+00	2022-09-28 19:58:49.980299+00
01094	MA	1000000	(42.35,-72.14)	2022-09-28 19:58:49.98511+00	2022-09-28 19:58:49.98511+00
01097	MA	1000000	(42.18,-72.83)	2022-09-28 19:58:49.986041+00	2022-09-28 19:58:49.986041+00
01096	MA	100556	(42.4,-72.76)	2022-09-28 19:58:49.98608+00	2022-09-28 19:58:49.98608+00
01095	MA	121547	(42.13,-72.43)	2022-09-28 19:58:49.985822+00	2022-09-28 19:58:49.985822+00
01102	MA	1000000	(42.11,-72.53)	2022-09-28 19:58:49.986733+00	2022-09-28 19:58:49.986733+00
01101	MA	1000000	(42.11,-72.53)	2022-09-28 19:58:49.986824+00	2022-09-28 19:58:49.986824+00
01098	MA	96607	(42.41,-72.93)	2022-09-28 19:58:49.986488+00	2022-09-28 19:58:49.986488+00
01093	MA	107813	(42.44,-72.65)	2022-09-28 19:58:49.985+00	2022-09-28 19:58:49.985+00
01106	MA	141886	(42.04,-72.57)	2022-09-28 19:58:49.988839+00	2022-09-28 19:58:49.988839+00
01107	MA	34904	(42.12,-72.61)	2022-09-28 19:58:49.989069+00	2022-09-28 19:58:49.989069+00
01103	MA	31071	(42.1,-72.59)	2022-09-28 19:58:49.986927+00	2022-09-28 19:58:49.986927+00
01105	MA	25322	(42.1,-72.58)	2022-09-28 19:58:49.988332+00	2022-09-28 19:58:49.988332+00
01104	MA	43384	(42.13,-72.57)	2022-09-28 19:58:49.988472+00	2022-09-28 19:58:49.988472+00
01115	MA	1000000	(42.11,-72.53)	2022-09-28 19:58:49.991255+00	2022-09-28 19:58:49.991255+00
01108	MA	48065	(42.08,-72.56)	2022-09-28 19:58:49.991012+00	2022-09-28 19:58:49.991012+00
01111	MA	1000000	(42.11,-72.53)	2022-09-28 19:58:49.991268+00	2022-09-28 19:58:49.991268+00
01119	MA	55224	(42.12,-72.51)	2022-09-28 19:58:49.992048+00	2022-09-28 19:58:49.992048+00
01118	MA	74258	(42.09,-72.53)	2022-09-28 19:58:49.992164+00	2022-09-28 19:58:49.992164+00
01128	MA	93194	(42.09,-72.49)	2022-09-28 19:58:49.991955+00	2022-09-28 19:58:49.991955+00
01109	MA	39954	(42.11,-72.53)	2022-09-28 19:58:49.992104+00	2022-09-28 19:58:49.992104+00
01116	MA	1000000	(42.04,-72.57)	2022-09-28 19:58:49.992369+00	2022-09-28 19:58:49.992369+00
01129	MA	75574	(42.12,-72.49)	2022-09-28 19:58:49.993131+00	2022-09-28 19:58:49.993131+00
01138	MA	1000000	(42.11,-72.53)	2022-09-28 19:58:49.993827+00	2022-09-28 19:58:49.993827+00
01139	MA	1000000	(42.11,-72.53)	2022-09-28 19:58:49.995444+00	2022-09-28 19:58:49.995444+00
01151	MA	43988	(42.15,-72.51)	2022-09-28 19:58:49.995413+00	2022-09-28 19:58:49.995413+00
01203	MA	1000000	(42.45,-73.26)	2022-09-28 19:58:49.995735+00	2022-09-28 19:58:49.995735+00
01144	MA	1000000	(42.11,-72.53)	2022-09-28 19:58:49.995755+00	2022-09-28 19:58:49.995755+00
01199	MA	1000000	(42.12,-72.6)	2022-09-28 19:58:49.995519+00	2022-09-28 19:58:49.995519+00
01202	MA	1000000	(42.45,-73.26)	2022-09-28 19:58:49.996078+00	2022-09-28 19:58:49.996078+00
01220	MA	71845	(42.62,-73.11)	2022-09-28 19:58:49.996268+00	2022-09-28 19:58:49.996268+00
01152	MA	1000000	(42.11,-72.53)	2022-09-28 19:58:49.996468+00	2022-09-28 19:58:49.996468+00
01201	MA	71969	(42.45,-73.26)	2022-09-28 19:58:49.996995+00	2022-09-28 19:58:49.996995+00
01222	MA	81944	(42.05,-73.33)	2022-09-28 19:58:49.997155+00	2022-09-28 19:58:49.997155+00
01223	MA	86122	(42.33,-73.07)	2022-09-28 19:58:49.998164+00	2022-09-28 19:58:49.998164+00
00000	NA	0	(0,0)	2022-09-28 19:58:49.999921+00	2022-09-28 19:58:49.999921+00
9001	AE	1000000	(0,0)	2022-09-28 19:58:50.744926+00	2022-09-28 19:58:50.744926+00
9002	AE	1000000	(0,0)	2022-09-28 19:58:50.744926+00	2022-09-28 19:58:50.744926+00
9003	AE	1000000	(0,0)	2022-09-28 19:58:50.744926+00	2022-09-28 19:58:50.744926+00
9004	AE	1000000	(0,0)	2022-09-28 19:58:50.744926+00	2022-09-28 19:58:50.744926+00
9005	AE	1000000	(0,0)	2022-09-28 19:58:50.744926+00	2022-09-28 19:58:50.744926+00
9006	AE	1000000	(0,0)	2022-09-28 19:58:50.744926+00	2022-09-28 19:58:50.744926+00
9008	AE	1000000	(0,0)	2022-09-28 19:58:50.744926+00	2022-09-28 19:58:50.744926+00
9009	AE	1000000	(0,0)	2022-09-28 19:58:50.744926+00	2022-09-28 19:58:50.744926+00
9010	AE	1000000	(0,0)	2022-09-28 19:58:50.744926+00	2022-09-28 19:58:50.744926+00
9011	AE	1000000	(0,0)	2022-09-28 19:58:50.744926+00	2022-09-28 19:58:50.744926+00
9012	AE	1000000	(0,0)	2022-09-28 19:58:50.744926+00	2022-09-28 19:58:50.744926+00
9013	AE	1000000	(0,0)	2022-09-28 19:58:50.744926+00	2022-09-28 19:58:50.744926+00
9014	AE	1000000	(0,0)	2022-09-28 19:58:50.744926+00	2022-09-28 19:58:50.744926+00
9015	AE	1000000	(0,0)	2022-09-28 19:58:50.744926+00	2022-09-28 19:58:50.744926+00
9016	AE	1000000	(0,0)	2022-09-28 19:58:50.744926+00	2022-09-28 19:58:50.744926+00
9017	AE	1000000	(0,0)	2022-09-28 19:58:50.744926+00	2022-09-28 19:58:50.744926+00
9018	AE	1000000	(0,0)	2022-09-28 19:58:50.744926+00	2022-09-28 19:58:50.744926+00
9020	AE	1000000	(0,0)	2022-09-28 19:58:50.744926+00	2022-09-28 19:58:50.744926+00
9021	AE	1000000	(0,0)	2022-09-28 19:58:50.744926+00	2022-09-28 19:58:50.744926+00
9034	AE	1000000	(0,0)	2022-09-28 19:58:50.744926+00	2022-09-28 19:58:50.744926+00
9044	AE	1000000	(0,0)	2022-09-28 19:58:50.744926+00	2022-09-28 19:58:50.744926+00
9046	AE	1000000	(0,0)	2022-09-28 19:58:50.744926+00	2022-09-28 19:58:50.744926+00
9049	AE	1000000	(0,0)	2022-09-28 19:58:50.744926+00	2022-09-28 19:58:50.744926+00
9053	AE	1000000	(0,0)	2022-09-28 19:58:50.744926+00	2022-09-28 19:58:50.744926+00
9055	AE	1000000	(0,0)	2022-09-28 19:58:50.744926+00	2022-09-28 19:58:50.744926+00
9060	AE	1000000	(0,0)	2022-09-28 19:58:50.744926+00	2022-09-28 19:58:50.744926+00
9067	AE	1000000	(0,0)	2022-09-28 19:58:50.744926+00	2022-09-28 19:58:50.744926+00
9068	AE	1000000	(0,0)	2022-09-28 19:58:50.744926+00	2022-09-28 19:58:50.744926+00
9069	AE	1000000	(0,0)	2022-09-28 19:58:50.744926+00	2022-09-28 19:58:50.744926+00
9079	AE	1000000	(0,0)	2022-09-28 19:58:50.744926+00	2022-09-28 19:58:50.744926+00
9094	AE	1000000	(0,0)	2022-09-28 19:58:50.744926+00	2022-09-28 19:58:50.744926+00
9095	AE	1000000	(0,0)	2022-09-28 19:58:50.744926+00	2022-09-28 19:58:50.744926+00
9096	AE	1000000	(0,0)	2022-09-28 19:58:50.744926+00	2022-09-28 19:58:50.744926+00
9103	AE	1000000	(0,0)	2022-09-28 19:58:50.744926+00	2022-09-28 19:58:50.744926+00
9104	AE	1000000	(0,0)	2022-09-28 19:58:50.744926+00	2022-09-28 19:58:50.744926+00
9107	AE	1000000	(0,0)	2022-09-28 19:58:50.744926+00	2022-09-28 19:58:50.744926+00
9112	AE	1000000	(0,0)	2022-09-28 19:58:50.744926+00	2022-09-28 19:58:50.744926+00
9113	AE	1000000	(0,0)	2022-09-28 19:58:50.744926+00	2022-09-28 19:58:50.744926+00
9114	AE	1000000	(0,0)	2022-09-28 19:58:50.744926+00	2022-09-28 19:58:50.744926+00
9115	AE	1000000	(0,0)	2022-09-28 19:58:50.744926+00	2022-09-28 19:58:50.744926+00
9116	AE	1000000	(0,0)	2022-09-28 19:58:50.744926+00	2022-09-28 19:58:50.744926+00
9123	AE	1000000	(0,0)	2022-09-28 19:58:50.744926+00	2022-09-28 19:58:50.744926+00
9125	AE	1000000	(0,0)	2022-09-28 19:58:50.744926+00	2022-09-28 19:58:50.744926+00
9126	AE	1000000	(0,0)	2022-09-28 19:58:50.744926+00	2022-09-28 19:58:50.744926+00
9128	AE	1000000	(0,0)	2022-09-28 19:58:50.744926+00	2022-09-28 19:58:50.744926+00
9131	AE	1000000	(0,0)	2022-09-28 19:58:50.744926+00	2022-09-28 19:58:50.744926+00
9135	AE	1000000	(0,0)	2022-09-28 19:58:50.744926+00	2022-09-28 19:58:50.744926+00
9136	AE	1000000	(0,0)	2022-09-28 19:58:50.744926+00	2022-09-28 19:58:50.744926+00
9138	AE	1000000	(0,0)	2022-09-28 19:58:50.744926+00	2022-09-28 19:58:50.744926+00
9139	AE	1000000	(0,0)	2022-09-28 19:58:50.744926+00	2022-09-28 19:58:50.744926+00
9140	AE	1000000	(0,0)	2022-09-28 19:58:50.744926+00	2022-09-28 19:58:50.744926+00
9142	AE	1000000	(0,0)	2022-09-28 19:58:50.744926+00	2022-09-28 19:58:50.744926+00
9154	AE	1000000	(0,0)	2022-09-28 19:58:50.744926+00	2022-09-28 19:58:50.744926+00
9160	AE	1000000	(0,0)	2022-09-28 19:58:50.744926+00	2022-09-28 19:58:50.744926+00
9170	AE	1000000	(0,0)	2022-09-28 19:58:50.744926+00	2022-09-28 19:58:50.744926+00
9171	AE	1000000	(0,0)	2022-09-28 19:58:50.744926+00	2022-09-28 19:58:50.744926+00
9172	AE	1000000	(0,0)	2022-09-28 19:58:50.744926+00	2022-09-28 19:58:50.744926+00
9173	AE	1000000	(0,0)	2022-09-28 19:58:50.744926+00	2022-09-28 19:58:50.744926+00
9174	AE	1000000	(0,0)	2022-09-28 19:58:50.744926+00	2022-09-28 19:58:50.744926+00
9175	AE	1000000	(0,0)	2022-09-28 19:58:50.744926+00	2022-09-28 19:58:50.744926+00
9176	AE	1000000	(0,0)	2022-09-28 19:58:50.744926+00	2022-09-28 19:58:50.744926+00
9177	AE	1000000	(0,0)	2022-09-28 19:58:50.744926+00	2022-09-28 19:58:50.744926+00
9178	AE	1000000	(0,0)	2022-09-28 19:58:50.744926+00	2022-09-28 19:58:50.744926+00
9180	AE	1000000	(0,0)	2022-09-28 19:58:50.744926+00	2022-09-28 19:58:50.744926+00
9186	AE	1000000	(0,0)	2022-09-28 19:58:50.744926+00	2022-09-28 19:58:50.744926+00
9203	AE	1000000	(0,0)	2022-09-28 19:58:50.744926+00	2022-09-28 19:58:50.744926+00
9204	AE	1000000	(0,0)	2022-09-28 19:58:50.744926+00	2022-09-28 19:58:50.744926+00
9211	AE	1000000	(0,0)	2022-09-28 19:58:50.744926+00	2022-09-28 19:58:50.744926+00
9213	AE	1000000	(0,0)	2022-09-28 19:58:50.744926+00	2022-09-28 19:58:50.744926+00
9214	AE	1000000	(0,0)	2022-09-28 19:58:50.744926+00	2022-09-28 19:58:50.744926+00
9216	AE	1000000	(0,0)	2022-09-28 19:58:50.744926+00	2022-09-28 19:58:50.744926+00
9226	AE	1000000	(0,0)	2022-09-28 19:58:50.744926+00	2022-09-28 19:58:50.744926+00
9227	AE	1000000	(0,0)	2022-09-28 19:58:50.744926+00	2022-09-28 19:58:50.744926+00
9240	AE	1000000	(0,0)	2022-09-28 19:58:50.744926+00	2022-09-28 19:58:50.744926+00
9241	AE	1000000	(0,0)	2022-09-28 19:58:50.744926+00	2022-09-28 19:58:50.744926+00
9242	AE	1000000	(0,0)	2022-09-28 19:58:50.744926+00	2022-09-28 19:58:50.744926+00
9250	AE	1000000	(0,0)	2022-09-28 19:58:50.744926+00	2022-09-28 19:58:50.744926+00
9261	AE	1000000	(0,0)	2022-09-28 19:58:50.744926+00	2022-09-28 19:58:50.744926+00
9263	AE	1000000	(0,0)	2022-09-28 19:58:50.744926+00	2022-09-28 19:58:50.744926+00
9264	AE	1000000	(0,0)	2022-09-28 19:58:50.744926+00	2022-09-28 19:58:50.744926+00
9265	AE	1000000	(0,0)	2022-09-28 19:58:50.744926+00	2022-09-28 19:58:50.744926+00
9266	AE	1000000	(0,0)	2022-09-28 19:58:50.744926+00	2022-09-28 19:58:50.744926+00
9276	AE	1000000	(0,0)	2022-09-28 19:58:50.744926+00	2022-09-28 19:58:50.744926+00
9277	AE	1000000	(0,0)	2022-09-28 19:58:50.744926+00	2022-09-28 19:58:50.744926+00
9278	AE	1000000	(0,0)	2022-09-28 19:58:50.744926+00	2022-09-28 19:58:50.744926+00
9279	AE	1000000	(0,0)	2022-09-28 19:58:50.744926+00	2022-09-28 19:58:50.744926+00
9283	AE	1000000	(0,0)	2022-09-28 19:58:50.744926+00	2022-09-28 19:58:50.744926+00
9285	AE	1000000	(0,0)	2022-09-28 19:58:50.744926+00	2022-09-28 19:58:50.744926+00
9287	AE	1000000	(0,0)	2022-09-28 19:58:50.744926+00	2022-09-28 19:58:50.744926+00
9289	AE	1000000	(0,0)	2022-09-28 19:58:50.744926+00	2022-09-28 19:58:50.744926+00
9290	AE	1000000	(0,0)	2022-09-28 19:58:50.744926+00	2022-09-28 19:58:50.744926+00
9291	AE	1000000	(0,0)	2022-09-28 19:58:50.744926+00	2022-09-28 19:58:50.744926+00
9292	AE	1000000	(0,0)	2022-09-28 19:58:50.744926+00	2022-09-28 19:58:50.744926+00
9301	AE	1000000	(0,0)	2022-09-28 19:58:50.744926+00	2022-09-28 19:58:50.744926+00
9302	AE	1000000	(0,0)	2022-09-28 19:58:50.744926+00	2022-09-28 19:58:50.744926+00
9304	AE	1000000	(0,0)	2022-09-28 19:58:50.744926+00	2022-09-28 19:58:50.744926+00
9305	AE	1000000	(0,0)	2022-09-28 19:58:50.744926+00	2022-09-28 19:58:50.744926+00
9306	AE	1000000	(0,0)	2022-09-28 19:58:50.744926+00	2022-09-28 19:58:50.744926+00
9307	AE	1000000	(0,0)	2022-09-28 19:58:50.744926+00	2022-09-28 19:58:50.744926+00
9309	AE	1000000	(0,0)	2022-09-28 19:58:50.744926+00	2022-09-28 19:58:50.744926+00
9310	AE	1000000	(0,0)	2022-09-28 19:58:50.744926+00	2022-09-28 19:58:50.744926+00
9311	AE	1000000	(0,0)	2022-09-28 19:58:50.744926+00	2022-09-28 19:58:50.744926+00
9312	AE	1000000	(0,0)	2022-09-28 19:58:50.744926+00	2022-09-28 19:58:50.744926+00
9313	AE	1000000	(0,0)	2022-09-28 19:58:50.744926+00	2022-09-28 19:58:50.744926+00
9315	AE	1000000	(0,0)	2022-09-28 19:58:50.744926+00	2022-09-28 19:58:50.744926+00
9316	AE	1000000	(0,0)	2022-09-28 19:58:50.744926+00	2022-09-28 19:58:50.744926+00
9317	AE	1000000	(0,0)	2022-09-28 19:58:50.744926+00	2022-09-28 19:58:50.744926+00
9318	AE	1000000	(0,0)	2022-09-28 19:58:50.744926+00	2022-09-28 19:58:50.744926+00
9319	AE	1000000	(0,0)	2022-09-28 19:58:50.744926+00	2022-09-28 19:58:50.744926+00
9320	AE	1000000	(0,0)	2022-09-28 19:58:50.744926+00	2022-09-28 19:58:50.744926+00
9321	AE	1000000	(0,0)	2022-09-28 19:58:50.744926+00	2022-09-28 19:58:50.744926+00
9322	AE	1000000	(0,0)	2022-09-28 19:58:50.744926+00	2022-09-28 19:58:50.744926+00
9323	AE	1000000	(-44.25,33.53)	2022-09-28 19:58:50.744926+00	2022-09-28 19:58:50.744926+00
9330	AE	1000000	(0,0)	2022-09-28 19:58:50.744926+00	2022-09-28 19:58:50.744926+00
9333	AE	1000000	(0,0)	2022-09-28 19:58:50.744926+00	2022-09-28 19:58:50.744926+00
9337	AE	1000000	(0,0)	2022-09-28 19:58:50.744926+00	2022-09-28 19:58:50.744926+00
9340	AE	1000000	(0,0)	2022-09-28 19:58:50.744926+00	2022-09-28 19:58:50.744926+00
9343	AE	1000000	(0,0)	2022-09-28 19:58:50.744926+00	2022-09-28 19:58:50.744926+00
9347	AE	1000000	(0,0)	2022-09-28 19:58:50.744926+00	2022-09-28 19:58:50.744926+00
9348	AE	1000000	(0,0)	2022-09-28 19:58:50.744926+00	2022-09-28 19:58:50.744926+00
9351	AE	1000000	(0,0)	2022-09-28 19:58:50.744926+00	2022-09-28 19:58:50.744926+00
9352	AE	1000000	(0,0)	2022-09-28 19:58:50.744926+00	2022-09-28 19:58:50.744926+00
9354	AE	1000000	(0,0)	2022-09-28 19:58:50.744926+00	2022-09-28 19:58:50.744926+00
9355	AE	1000000	(0,0)	2022-09-28 19:58:50.744926+00	2022-09-28 19:58:50.744926+00
9356	AE	1000000	(0,0)	2022-09-28 19:58:50.744926+00	2022-09-28 19:58:50.744926+00
9357	AE	1000000	(0,0)	2022-09-28 19:58:50.744926+00	2022-09-28 19:58:50.744926+00
9363	AE	1000000	(0,0)	2022-09-28 19:58:50.744926+00	2022-09-28 19:58:50.744926+00
9365	AE	1000000	(0,0)	2022-09-28 19:58:50.744926+00	2022-09-28 19:58:50.744926+00
9366	AE	1000000	(0,0)	2022-09-28 19:58:50.744926+00	2022-09-28 19:58:50.744926+00
9378	AE	1000000	(0,0)	2022-09-28 19:58:50.744926+00	2022-09-28 19:58:50.744926+00
9381	AE	1000000	(0,0)	2022-09-28 19:58:50.744926+00	2022-09-28 19:58:50.744926+00
9401	AE	1000000	(0,0)	2022-09-28 19:58:50.744926+00	2022-09-28 19:58:50.744926+00
9403	AE	1000000	(0,0)	2022-09-28 19:58:50.744926+00	2022-09-28 19:58:50.744926+00
9410	AE	1000000	(0,0)	2022-09-28 19:58:50.744926+00	2022-09-28 19:58:50.744926+00
9421	AE	1000000	(0,0)	2022-09-28 19:58:50.744926+00	2022-09-28 19:58:50.744926+00
9447	AE	1000000	(0,0)	2022-09-28 19:58:50.744926+00	2022-09-28 19:58:50.744926+00
9454	AE	1000000	(0,0)	2022-09-28 19:58:50.744926+00	2022-09-28 19:58:50.744926+00
9456	AE	1000000	(0,0)	2022-09-28 19:58:50.744926+00	2022-09-28 19:58:50.744926+00
9459	AE	1000000	(0,0)	2022-09-28 19:58:50.744926+00	2022-09-28 19:58:50.744926+00
9461	AE	1000000	(0,0)	2022-09-28 19:58:50.744926+00	2022-09-28 19:58:50.744926+00
9463	AE	1000000	(0,0)	2022-09-28 19:58:50.744926+00	2022-09-28 19:58:50.744926+00
9464	AE	1000000	(0,0)	2022-09-28 19:58:50.744926+00	2022-09-28 19:58:50.744926+00
9467	AE	1000000	(0,0)	2022-09-28 19:58:50.744926+00	2022-09-28 19:58:50.744926+00
9468	AE	1000000	(0,0)	2022-09-28 19:58:50.744926+00	2022-09-28 19:58:50.744926+00
9469	AE	1000000	(0,0)	2022-09-28 19:58:50.744926+00	2022-09-28 19:58:50.744926+00
9470	AE	1000000	(0,0)	2022-09-28 19:58:50.744926+00	2022-09-28 19:58:50.744926+00
9487	AE	1000000	(0,0)	2022-09-28 19:58:50.744926+00	2022-09-28 19:58:50.744926+00
9488	AE	1000000	(0,0)	2022-09-28 19:58:50.744926+00	2022-09-28 19:58:50.744926+00
9489	AE	1000000	(0,0)	2022-09-28 19:58:50.744926+00	2022-09-28 19:58:50.744926+00
9490	AE	1000000	(0,0)	2022-09-28 19:58:50.744926+00	2022-09-28 19:58:50.744926+00
9491	AE	1000000	(0,0)	2022-09-28 19:58:50.744926+00	2022-09-28 19:58:50.744926+00
9494	AE	1000000	(0,0)	2022-09-28 19:58:50.744926+00	2022-09-28 19:58:50.744926+00
9496	AE	1000000	(0,0)	2022-09-28 19:58:50.744926+00	2022-09-28 19:58:50.744926+00
9497	AE	1000000	(0,0)	2022-09-28 19:58:50.744926+00	2022-09-28 19:58:50.744926+00
9498	AE	1000000	(0,0)	2022-09-28 19:58:50.744926+00	2022-09-28 19:58:50.744926+00
9501	AE	1000000	(0,0)	2022-09-28 19:58:50.744926+00	2022-09-28 19:58:50.744926+00
9502	AE	1000000	(0,0)	2022-09-28 19:58:50.744926+00	2022-09-28 19:58:50.744926+00
9503	AE	1000000	(0,0)	2022-09-28 19:58:50.744926+00	2022-09-28 19:58:50.744926+00
9504	AE	1000000	(0,0)	2022-09-28 19:58:50.744926+00	2022-09-28 19:58:50.744926+00
9505	AE	1000000	(0,0)	2022-09-28 19:58:50.744926+00	2022-09-28 19:58:50.744926+00
9506	AE	1000000	(0,0)	2022-09-28 19:58:50.744926+00	2022-09-28 19:58:50.744926+00
9507	AE	1000000	(0,0)	2022-09-28 19:58:50.744926+00	2022-09-28 19:58:50.744926+00
9508	AE	1000000	(0,0)	2022-09-28 19:58:50.744926+00	2022-09-28 19:58:50.744926+00
9509	AE	1000000	(0,0)	2022-09-28 19:58:50.744926+00	2022-09-28 19:58:50.744926+00
9510	AE	1000000	(0,0)	2022-09-28 19:58:50.744926+00	2022-09-28 19:58:50.744926+00
9511	AE	1000000	(0,0)	2022-09-28 19:58:50.744926+00	2022-09-28 19:58:50.744926+00
9512	AE	1000000	(0,0)	2022-09-28 19:58:50.744926+00	2022-09-28 19:58:50.744926+00
9513	AE	1000000	(0,0)	2022-09-28 19:58:50.744926+00	2022-09-28 19:58:50.744926+00
9514	AE	1000000	(0,0)	2022-09-28 19:58:50.744926+00	2022-09-28 19:58:50.744926+00
9517	AE	1000000	(0,0)	2022-09-28 19:58:50.744926+00	2022-09-28 19:58:50.744926+00
9520	AE	1000000	(0,0)	2022-09-28 19:58:50.744926+00	2022-09-28 19:58:50.744926+00
9522	AE	1000000	(0,0)	2022-09-28 19:58:50.744926+00	2022-09-28 19:58:50.744926+00
9523	AE	1000000	(0,0)	2022-09-28 19:58:50.744926+00	2022-09-28 19:58:50.744926+00
9524	AE	1000000	(0,0)	2022-09-28 19:58:50.744926+00	2022-09-28 19:58:50.744926+00
9532	AE	1000000	(0,0)	2022-09-28 19:58:50.744926+00	2022-09-28 19:58:50.744926+00
9533	AE	1000000	(0,0)	2022-09-28 19:58:50.744926+00	2022-09-28 19:58:50.744926+00
9534	AE	1000000	(0,0)	2022-09-28 19:58:50.744926+00	2022-09-28 19:58:50.744926+00
9541	AE	1000000	(0,0)	2022-09-28 19:58:50.744926+00	2022-09-28 19:58:50.744926+00
9542	AE	1000000	(0,0)	2022-09-28 19:58:50.744926+00	2022-09-28 19:58:50.744926+00
9543	AE	1000000	(0,0)	2022-09-28 19:58:50.744926+00	2022-09-28 19:58:50.744926+00
9544	AE	1000000	(0,0)	2022-09-28 19:58:50.744926+00	2022-09-28 19:58:50.744926+00
9545	AE	1000000	(0,0)	2022-09-28 19:58:50.744926+00	2022-09-28 19:58:50.744926+00
9550	AE	1000000	(0,0)	2022-09-28 19:58:50.744926+00	2022-09-28 19:58:50.744926+00
9554	AE	1000000	(0,0)	2022-09-28 19:58:50.744926+00	2022-09-28 19:58:50.744926+00
9556	AE	1000000	(0,0)	2022-09-28 19:58:50.744926+00	2022-09-28 19:58:50.744926+00
9564	AE	1000000	(0,0)	2022-09-28 19:58:50.744926+00	2022-09-28 19:58:50.744926+00
9565	AE	1000000	(0,0)	2022-09-28 19:58:50.744926+00	2022-09-28 19:58:50.744926+00
9566	AE	1000000	(0,0)	2022-09-28 19:58:50.744926+00	2022-09-28 19:58:50.744926+00
9567	AE	1000000	(0,0)	2022-09-28 19:58:50.744926+00	2022-09-28 19:58:50.744926+00
9568	AE	1000000	(0,0)	2022-09-28 19:58:50.744926+00	2022-09-28 19:58:50.744926+00
9569	AE	1000000	(0,0)	2022-09-28 19:58:50.744926+00	2022-09-28 19:58:50.744926+00
9570	AE	1000000	(0,0)	2022-09-28 19:58:50.744926+00	2022-09-28 19:58:50.744926+00
9573	AE	1000000	(0,0)	2022-09-28 19:58:50.744926+00	2022-09-28 19:58:50.744926+00
9574	AE	1000000	(0,0)	2022-09-28 19:58:50.744926+00	2022-09-28 19:58:50.744926+00
9575	AE	1000000	(0,0)	2022-09-28 19:58:50.744926+00	2022-09-28 19:58:50.744926+00
9576	AE	1000000	(0,0)	2022-09-28 19:58:50.744926+00	2022-09-28 19:58:50.744926+00
9577	AE	1000000	(0,0)	2022-09-28 19:58:50.744926+00	2022-09-28 19:58:50.744926+00
9578	AE	1000000	(0,0)	2022-09-28 19:58:50.744926+00	2022-09-28 19:58:50.744926+00
9579	AE	1000000	(0,0)	2022-09-28 19:58:50.744926+00	2022-09-28 19:58:50.744926+00
9581	AE	1000000	(0,0)	2022-09-28 19:58:50.744926+00	2022-09-28 19:58:50.744926+00
9582	AE	1000000	(0,0)	2022-09-28 19:58:50.744926+00	2022-09-28 19:58:50.744926+00
9583	AE	1000000	(0,0)	2022-09-28 19:58:50.744926+00	2022-09-28 19:58:50.744926+00
9586	AE	1000000	(0,0)	2022-09-28 19:58:50.744926+00	2022-09-28 19:58:50.744926+00
9587	AE	1000000	(0,0)	2022-09-28 19:58:50.744926+00	2022-09-28 19:58:50.744926+00
9588	AE	1000000	(0,0)	2022-09-28 19:58:50.744926+00	2022-09-28 19:58:50.744926+00
9589	AE	1000000	(0,0)	2022-09-28 19:58:50.744926+00	2022-09-28 19:58:50.744926+00
9590	AE	1000000	(0,0)	2022-09-28 19:58:50.744926+00	2022-09-28 19:58:50.744926+00
9591	AE	1000000	(0,0)	2022-09-28 19:58:50.744926+00	2022-09-28 19:58:50.744926+00
9592	AE	1000000	(0,0)	2022-09-28 19:58:50.744926+00	2022-09-28 19:58:50.744926+00
9593	AE	1000000	(0,0)	2022-09-28 19:58:50.744926+00	2022-09-28 19:58:50.744926+00
9594	AE	1000000	(0,0)	2022-09-28 19:58:50.744926+00	2022-09-28 19:58:50.744926+00
9595	AE	1000000	(0,0)	2022-09-28 19:58:50.744926+00	2022-09-28 19:58:50.744926+00
9596	AE	1000000	(0,0)	2022-09-28 19:58:50.744926+00	2022-09-28 19:58:50.744926+00
9599	AE	1000000	(0,0)	2022-09-28 19:58:50.744926+00	2022-09-28 19:58:50.744926+00
9600	AE	1000000	(0,0)	2022-09-28 19:58:50.744926+00	2022-09-28 19:58:50.744926+00
9601	AE	1000000	(0,0)	2022-09-28 19:58:50.744926+00	2022-09-28 19:58:50.744926+00
9602	AE	1000000	(0,0)	2022-09-28 19:58:50.744926+00	2022-09-28 19:58:50.744926+00
9603	AE	1000000	(0,0)	2022-09-28 19:58:50.744926+00	2022-09-28 19:58:50.744926+00
9604	AE	1000000	(0,0)	2022-09-28 19:58:50.744926+00	2022-09-28 19:58:50.744926+00
9605	AE	1000000	(0,0)	2022-09-28 19:58:50.744926+00	2022-09-28 19:58:50.744926+00
9606	AE	1000000	(0,0)	2022-09-28 19:58:50.744926+00	2022-09-28 19:58:50.744926+00
9607	AE	1000000	(0,0)	2022-09-28 19:58:50.744926+00	2022-09-28 19:58:50.744926+00
9608	AE	1000000	(0,0)	2022-09-28 19:58:50.744926+00	2022-09-28 19:58:50.744926+00
9609	AE	1000000	(0,0)	2022-09-28 19:58:50.744926+00	2022-09-28 19:58:50.744926+00
9610	AE	1000000	(0,0)	2022-09-28 19:58:50.744926+00	2022-09-28 19:58:50.744926+00
9613	AE	1000000	(0,0)	2022-09-28 19:58:50.744926+00	2022-09-28 19:58:50.744926+00
9614	AE	1000000	(0,0)	2022-09-28 19:58:50.744926+00	2022-09-28 19:58:50.744926+00
9617	AE	1000000	(0,0)	2022-09-28 19:58:50.744926+00	2022-09-28 19:58:50.744926+00
9618	AE	1000000	(0,0)	2022-09-28 19:58:50.744926+00	2022-09-28 19:58:50.744926+00
9620	AE	1000000	(0,0)	2022-09-28 19:58:50.744926+00	2022-09-28 19:58:50.744926+00
9621	AE	1000000	(0,0)	2022-09-28 19:58:50.744926+00	2022-09-28 19:58:50.744926+00
9622	AE	1000000	(0,0)	2022-09-28 19:58:50.744926+00	2022-09-28 19:58:50.744926+00
9623	AE	1000000	(0,0)	2022-09-28 19:58:50.744926+00	2022-09-28 19:58:50.744926+00
9624	AE	1000000	(0,0)	2022-09-28 19:58:50.744926+00	2022-09-28 19:58:50.744926+00
9625	AE	1000000	(0,0)	2022-09-28 19:58:50.744926+00	2022-09-28 19:58:50.744926+00
9626	AE	1000000	(0,0)	2022-09-28 19:58:50.744926+00	2022-09-28 19:58:50.744926+00
9627	AE	1000000	(0,0)	2022-09-28 19:58:50.744926+00	2022-09-28 19:58:50.744926+00
9630	AE	1000000	(0,0)	2022-09-28 19:58:50.744926+00	2022-09-28 19:58:50.744926+00
9631	AE	1000000	(0,0)	2022-09-28 19:58:50.744926+00	2022-09-28 19:58:50.744926+00
9633	AE	1000000	(0,0)	2022-09-28 19:58:50.744926+00	2022-09-28 19:58:50.744926+00
9634	AE	1000000	(0,0)	2022-09-28 19:58:50.744926+00	2022-09-28 19:58:50.744926+00
9636	AE	1000000	(0,0)	2022-09-28 19:58:50.744926+00	2022-09-28 19:58:50.744926+00
9642	AE	1000000	(0,0)	2022-09-28 19:58:50.744926+00	2022-09-28 19:58:50.744926+00
9643	AE	1000000	(0,0)	2022-09-28 19:58:50.744926+00	2022-09-28 19:58:50.744926+00
9645	AE	1000000	(0,0)	2022-09-28 19:58:50.744926+00	2022-09-28 19:58:50.744926+00
9647	AE	1000000	(0,0)	2022-09-28 19:58:50.744926+00	2022-09-28 19:58:50.744926+00
9648	AE	1000000	(0,0)	2022-09-28 19:58:50.744926+00	2022-09-28 19:58:50.744926+00
9649	AE	1000000	(0,0)	2022-09-28 19:58:50.744926+00	2022-09-28 19:58:50.744926+00
9701	AE	1000000	(0,0)	2022-09-28 19:58:50.744926+00	2022-09-28 19:58:50.744926+00
9702	AE	1000000	(0,0)	2022-09-28 19:58:50.744926+00	2022-09-28 19:58:50.744926+00
9703	AE	1000000	(0,0)	2022-09-28 19:58:50.744926+00	2022-09-28 19:58:50.744926+00
9704	AE	1000000	(0,0)	2022-09-28 19:58:50.744926+00	2022-09-28 19:58:50.744926+00
9705	AE	1000000	(0,0)	2022-09-28 19:58:50.744926+00	2022-09-28 19:58:50.744926+00
9706	AE	1000000	(0,0)	2022-09-28 19:58:50.744926+00	2022-09-28 19:58:50.744926+00
9707	AE	1000000	(0,0)	2022-09-28 19:58:50.744926+00	2022-09-28 19:58:50.744926+00
9708	AE	1000000	(0,0)	2022-09-28 19:58:50.744926+00	2022-09-28 19:58:50.744926+00
9709	AE	1000000	(0,0)	2022-09-28 19:58:50.744926+00	2022-09-28 19:58:50.744926+00
9710	AE	1000000	(0,0)	2022-09-28 19:58:50.744926+00	2022-09-28 19:58:50.744926+00
9711	AE	1000000	(0,0)	2022-09-28 19:58:50.744926+00	2022-09-28 19:58:50.744926+00
9712	AE	1000000	(0,0)	2022-09-28 19:58:50.744926+00	2022-09-28 19:58:50.744926+00
9714	AE	1000000	(0,0)	2022-09-28 19:58:50.744926+00	2022-09-28 19:58:50.744926+00
9715	AE	1000000	(0,0)	2022-09-28 19:58:50.744926+00	2022-09-28 19:58:50.744926+00
9716	AE	1000000	(0,0)	2022-09-28 19:58:50.744926+00	2022-09-28 19:58:50.744926+00
9717	AE	1000000	(0,0)	2022-09-28 19:58:50.744926+00	2022-09-28 19:58:50.744926+00
9718	AE	1000000	(0,0)	2022-09-28 19:58:50.744926+00	2022-09-28 19:58:50.744926+00
9719	AE	1000000	(0,0)	2022-09-28 19:58:50.744926+00	2022-09-28 19:58:50.744926+00
9720	AE	1000000	(0,0)	2022-09-28 19:58:50.744926+00	2022-09-28 19:58:50.744926+00
9722	AE	1000000	(0,0)	2022-09-28 19:58:50.744926+00	2022-09-28 19:58:50.744926+00
9723	AE	1000000	(0,0)	2022-09-28 19:58:50.744926+00	2022-09-28 19:58:50.744926+00
9724	AE	1000000	(0,0)	2022-09-28 19:58:50.744926+00	2022-09-28 19:58:50.744926+00
9725	AE	1000000	(0,0)	2022-09-28 19:58:50.744926+00	2022-09-28 19:58:50.744926+00
9726	AE	1000000	(0,0)	2022-09-28 19:58:50.744926+00	2022-09-28 19:58:50.744926+00
9727	AE	1000000	(0,0)	2022-09-28 19:58:50.744926+00	2022-09-28 19:58:50.744926+00
9728	AE	1000000	(0,0)	2022-09-28 19:58:50.744926+00	2022-09-28 19:58:50.744926+00
9729	AE	1000000	(0,0)	2022-09-28 19:58:50.744926+00	2022-09-28 19:58:50.744926+00
9730	AE	1000000	(0,0)	2022-09-28 19:58:50.744926+00	2022-09-28 19:58:50.744926+00
9731	AE	1000000	(0,0)	2022-09-28 19:58:50.744926+00	2022-09-28 19:58:50.744926+00
9732	AE	1000000	(0,0)	2022-09-28 19:58:50.744926+00	2022-09-28 19:58:50.744926+00
9733	AE	1000000	(0,0)	2022-09-28 19:58:50.744926+00	2022-09-28 19:58:50.744926+00
9734	AE	1000000	(0,0)	2022-09-28 19:58:50.744926+00	2022-09-28 19:58:50.744926+00
9735	AE	1000000	(0,0)	2022-09-28 19:58:50.744926+00	2022-09-28 19:58:50.744926+00
9736	AE	1000000	(0,0)	2022-09-28 19:58:50.744926+00	2022-09-28 19:58:50.744926+00
9737	AE	1000000	(0,0)	2022-09-28 19:58:50.744926+00	2022-09-28 19:58:50.744926+00
9738	AE	1000000	(0,0)	2022-09-28 19:58:50.744926+00	2022-09-28 19:58:50.744926+00
9739	AE	1000000	(0,0)	2022-09-28 19:58:50.744926+00	2022-09-28 19:58:50.744926+00
9741	AE	1000000	(0,0)	2022-09-28 19:58:50.744926+00	2022-09-28 19:58:50.744926+00
9742	AE	1000000	(0,0)	2022-09-28 19:58:50.744926+00	2022-09-28 19:58:50.744926+00
9743	AE	1000000	(0,0)	2022-09-28 19:58:50.744926+00	2022-09-28 19:58:50.744926+00
9744	AE	1000000	(0,0)	2022-09-28 19:58:50.744926+00	2022-09-28 19:58:50.744926+00
9745	AE	1000000	(0,0)	2022-09-28 19:58:50.744926+00	2022-09-28 19:58:50.744926+00
9748	AE	1000000	(0,0)	2022-09-28 19:58:50.744926+00	2022-09-28 19:58:50.744926+00
9749	AE	1000000	(0,0)	2022-09-28 19:58:50.744926+00	2022-09-28 19:58:50.744926+00
9750	AE	1000000	(0,0)	2022-09-28 19:58:50.744926+00	2022-09-28 19:58:50.744926+00
9751	AE	1000000	(0,0)	2022-09-28 19:58:50.744926+00	2022-09-28 19:58:50.744926+00
9752	AE	1000000	(0,0)	2022-09-28 19:58:50.744926+00	2022-09-28 19:58:50.744926+00
9753	AE	1000000	(0,0)	2022-09-28 19:58:50.744926+00	2022-09-28 19:58:50.744926+00
9754	AE	1000000	(0,0)	2022-09-28 19:58:50.744926+00	2022-09-28 19:58:50.744926+00
9755	AE	1000000	(0,0)	2022-09-28 19:58:50.744926+00	2022-09-28 19:58:50.744926+00
9756	AE	1000000	(0,0)	2022-09-28 19:58:50.744926+00	2022-09-28 19:58:50.744926+00
9758	AE	1000000	(0,0)	2022-09-28 19:58:50.744926+00	2022-09-28 19:58:50.744926+00
9759	AE	1000000	(0,0)	2022-09-28 19:58:50.744926+00	2022-09-28 19:58:50.744926+00
9760	AE	1000000	(0,0)	2022-09-28 19:58:50.744926+00	2022-09-28 19:58:50.744926+00
9761	AE	1000000	(0,0)	2022-09-28 19:58:50.744926+00	2022-09-28 19:58:50.744926+00
9762	AE	1000000	(0,0)	2022-09-28 19:58:50.744926+00	2022-09-28 19:58:50.744926+00
9769	AE	1000000	(0,0)	2022-09-28 19:58:50.744926+00	2022-09-28 19:58:50.744926+00
9777	AE	1000000	(0,0)	2022-09-28 19:58:50.744926+00	2022-09-28 19:58:50.744926+00
9780	AE	1000000	(0,0)	2022-09-28 19:58:50.744926+00	2022-09-28 19:58:50.744926+00
9789	AE	1000000	(0,0)	2022-09-28 19:58:50.744926+00	2022-09-28 19:58:50.744926+00
9800	AE	1000000	(0,0)	2022-09-28 19:58:50.744926+00	2022-09-28 19:58:50.744926+00
9801	AE	1000000	(0,0)	2022-09-28 19:58:50.744926+00	2022-09-28 19:58:50.744926+00
9802	AE	1000000	(0,0)	2022-09-28 19:58:50.744926+00	2022-09-28 19:58:50.744926+00
9803	AE	1000000	(0,0)	2022-09-28 19:58:50.744926+00	2022-09-28 19:58:50.744926+00
9804	AE	1000000	(0,0)	2022-09-28 19:58:50.744926+00	2022-09-28 19:58:50.744926+00
9805	AE	1000000	(0,0)	2022-09-28 19:58:50.744926+00	2022-09-28 19:58:50.744926+00
9806	AE	1000000	(0,0)	2022-09-28 19:58:50.744926+00	2022-09-28 19:58:50.744926+00
9807	AE	1000000	(0,0)	2022-09-28 19:58:50.744926+00	2022-09-28 19:58:50.744926+00
9808	AE	1000000	(0,0)	2022-09-28 19:58:50.744926+00	2022-09-28 19:58:50.744926+00
9809	AE	1000000	(0,0)	2022-09-28 19:58:50.744926+00	2022-09-28 19:58:50.744926+00
9810	AE	1000000	(0,0)	2022-09-28 19:58:50.744926+00	2022-09-28 19:58:50.744926+00
9811	AE	1000000	(0,0)	2022-09-28 19:58:50.744926+00	2022-09-28 19:58:50.744926+00
9812	AE	1000000	(0,0)	2022-09-28 19:58:50.744926+00	2022-09-28 19:58:50.744926+00
9813	AE	1000000	(0,0)	2022-09-28 19:58:50.744926+00	2022-09-28 19:58:50.744926+00
9814	AE	1000000	(0,0)	2022-09-28 19:58:50.744926+00	2022-09-28 19:58:50.744926+00
9815	AE	1000000	(0,0)	2022-09-28 19:58:50.744926+00	2022-09-28 19:58:50.744926+00
9816	AE	1000000	(0,0)	2022-09-28 19:58:50.744926+00	2022-09-28 19:58:50.744926+00
9817	AE	1000000	(0,0)	2022-09-28 19:58:50.744926+00	2022-09-28 19:58:50.744926+00
9818	AE	1000000	(0,0)	2022-09-28 19:58:50.744926+00	2022-09-28 19:58:50.744926+00
9820	AE	1000000	(0,0)	2022-09-28 19:58:50.744926+00	2022-09-28 19:58:50.744926+00
9821	AE	1000000	(0,0)	2022-09-28 19:58:50.744926+00	2022-09-28 19:58:50.744926+00
9822	AE	1000000	(0,0)	2022-09-28 19:58:50.744926+00	2022-09-28 19:58:50.744926+00
9823	AE	1000000	(0,0)	2022-09-28 19:58:50.744926+00	2022-09-28 19:58:50.744926+00
9824	AE	1000000	(0,0)	2022-09-28 19:58:50.744926+00	2022-09-28 19:58:50.744926+00
9825	AE	1000000	(0,0)	2022-09-28 19:58:50.744926+00	2022-09-28 19:58:50.744926+00
9826	AE	1000000	(0,0)	2022-09-28 19:58:50.744926+00	2022-09-28 19:58:50.744926+00
9827	AE	1000000	(0,0)	2022-09-28 19:58:50.744926+00	2022-09-28 19:58:50.744926+00
9828	AE	1000000	(0,0)	2022-09-28 19:58:50.744926+00	2022-09-28 19:58:50.744926+00
9829	AE	1000000	(0,0)	2022-09-28 19:58:50.744926+00	2022-09-28 19:58:50.744926+00
9830	AE	1000000	(0,0)	2022-09-28 19:58:50.744926+00	2022-09-28 19:58:50.744926+00
9831	AE	1000000	(0,0)	2022-09-28 19:58:50.744926+00	2022-09-28 19:58:50.744926+00
9832	AE	1000000	(0,0)	2022-09-28 19:58:50.744926+00	2022-09-28 19:58:50.744926+00
9833	AE	1000000	(0,0)	2022-09-28 19:58:50.744926+00	2022-09-28 19:58:50.744926+00
9834	AE	1000000	(0,0)	2022-09-28 19:58:50.744926+00	2022-09-28 19:58:50.744926+00
9836	AE	1000000	(0,0)	2022-09-28 19:58:50.744926+00	2022-09-28 19:58:50.744926+00
9837	AE	1000000	(0,0)	2022-09-28 19:58:50.744926+00	2022-09-28 19:58:50.744926+00
9838	AE	1000000	(0,0)	2022-09-28 19:58:50.744926+00	2022-09-28 19:58:50.744926+00
9839	AE	1000000	(0,0)	2022-09-28 19:58:50.744926+00	2022-09-28 19:58:50.744926+00
9841	AE	1000000	(0,0)	2022-09-28 19:58:50.744926+00	2022-09-28 19:58:50.744926+00
9842	AE	1000000	(0,0)	2022-09-28 19:58:50.744926+00	2022-09-28 19:58:50.744926+00
9844	AE	1000000	(0,0)	2022-09-28 19:58:50.744926+00	2022-09-28 19:58:50.744926+00
9845	AE	1000000	(0,0)	2022-09-28 19:58:50.744926+00	2022-09-28 19:58:50.744926+00
9846	AE	1000000	(0,0)	2022-09-28 19:58:50.744926+00	2022-09-28 19:58:50.744926+00
9847	AE	1000000	(0,0)	2022-09-28 19:58:50.744926+00	2022-09-28 19:58:50.744926+00
9848	AE	1000000	(0,0)	2022-09-28 19:58:50.744926+00	2022-09-28 19:58:50.744926+00
9851	AE	1000000	(0,0)	2022-09-28 19:58:50.744926+00	2022-09-28 19:58:50.744926+00
9852	AE	1000000	(0,0)	2022-09-28 19:58:50.744926+00	2022-09-28 19:58:50.744926+00
9853	AE	1000000	(0,0)	2022-09-28 19:58:50.744926+00	2022-09-28 19:58:50.744926+00
9854	AE	1000000	(0,0)	2022-09-28 19:58:50.744926+00	2022-09-28 19:58:50.744926+00
9855	AE	1000000	(0,0)	2022-09-28 19:58:50.744926+00	2022-09-28 19:58:50.744926+00
9856	AE	1000000	(0,0)	2022-09-28 19:58:50.744926+00	2022-09-28 19:58:50.744926+00
9857	AE	1000000	(0,0)	2022-09-28 19:58:50.744926+00	2022-09-28 19:58:50.744926+00
9858	AE	1000000	(0,0)	2022-09-28 19:58:50.744926+00	2022-09-28 19:58:50.744926+00
9859	AE	1000000	(0,0)	2022-09-28 19:58:50.744926+00	2022-09-28 19:58:50.744926+00
9860	AE	1000000	(0,0)	2022-09-28 19:58:50.744926+00	2022-09-28 19:58:50.744926+00
9861	AE	1000000	(0,0)	2022-09-28 19:58:50.744926+00	2022-09-28 19:58:50.744926+00
9862	AE	1000000	(0,0)	2022-09-28 19:58:50.744926+00	2022-09-28 19:58:50.744926+00
9863	AE	1000000	(0,0)	2022-09-28 19:58:50.744926+00	2022-09-28 19:58:50.744926+00
9864	AE	1000000	(0,0)	2022-09-28 19:58:50.744926+00	2022-09-28 19:58:50.744926+00
9865	AE	1000000	(0,0)	2022-09-28 19:58:50.744926+00	2022-09-28 19:58:50.744926+00
9867	AE	1000000	(0,0)	2022-09-28 19:58:50.744926+00	2022-09-28 19:58:50.744926+00
9868	AE	1000000	(0,0)	2022-09-28 19:58:50.744926+00	2022-09-28 19:58:50.744926+00
9869	AE	1000000	(0,0)	2022-09-28 19:58:50.744926+00	2022-09-28 19:58:50.744926+00
9870	AE	1000000	(0,0)	2022-09-28 19:58:50.744926+00	2022-09-28 19:58:50.744926+00
9873	AE	1000000	(0,0)	2022-09-28 19:58:50.744926+00	2022-09-28 19:58:50.744926+00
9874	AE	1000000	(0,0)	2022-09-28 19:58:50.744926+00	2022-09-28 19:58:50.744926+00
9875	AE	1000000	(0,0)	2022-09-28 19:58:50.744926+00	2022-09-28 19:58:50.744926+00
9876	AE	1000000	(0,0)	2022-09-28 19:58:50.744926+00	2022-09-28 19:58:50.744926+00
9877	AE	1000000	(0,0)	2022-09-28 19:58:50.744926+00	2022-09-28 19:58:50.744926+00
9880	AE	1000000	(0,0)	2022-09-28 19:58:50.744926+00	2022-09-28 19:58:50.744926+00
9890	AE	1000000	(0,0)	2022-09-28 19:58:50.744926+00	2022-09-28 19:58:50.744926+00
9892	AE	1000000	(0,0)	2022-09-28 19:58:50.744926+00	2022-09-28 19:58:50.744926+00
9895	AE	1000000	(0,0)	2022-09-28 19:58:50.744926+00	2022-09-28 19:58:50.744926+00
9898	AE	1000000	(0,0)	2022-09-28 19:58:50.744926+00	2022-09-28 19:58:50.744926+00
9901	AE	1000000	(0,0)	2022-09-28 19:58:50.744926+00	2022-09-28 19:58:50.744926+00
9902	AE	1000000	(0,0)	2022-09-28 19:58:50.744926+00	2022-09-28 19:58:50.744926+00
9903	AE	1000000	(0,0)	2022-09-28 19:58:50.744926+00	2022-09-28 19:58:50.744926+00
9904	AE	1000000	(0,0)	2022-09-28 19:58:50.744926+00	2022-09-28 19:58:50.744926+00
9908	AE	1000000	(0,0)	2022-09-28 19:58:50.744926+00	2022-09-28 19:58:50.744926+00
9909	AE	1000000	(0,0)	2022-09-28 19:58:50.744926+00	2022-09-28 19:58:50.744926+00
9910	AE	1000000	(0,0)	2022-09-28 19:58:50.744926+00	2022-09-28 19:58:50.744926+00
9974	AE	1000000	(0,0)	2022-09-28 19:58:50.744926+00	2022-09-28 19:58:50.744926+00
9975	AE	1000000	(0,0)	2022-09-28 19:58:50.744926+00	2022-09-28 19:58:50.744926+00
9976	AE	1000000	(0,0)	2022-09-28 19:58:50.744926+00	2022-09-28 19:58:50.744926+00
9977	AE	1000000	(0,0)	2022-09-28 19:58:50.744926+00	2022-09-28 19:58:50.744926+00
34001	AA	1000000	(0,0)	2022-09-28 19:58:50.744926+00	2022-09-28 19:58:50.744926+00
34002	AA	1000000	(0,0)	2022-09-28 19:58:50.744926+00	2022-09-28 19:58:50.744926+00
34004	AA	1000000	(0,0)	2022-09-28 19:58:50.744926+00	2022-09-28 19:58:50.744926+00
34007	AA	1000000	(0,0)	2022-09-28 19:58:50.744926+00	2022-09-28 19:58:50.744926+00
34008	AA	1000000	(0,0)	2022-09-28 19:58:50.744926+00	2022-09-28 19:58:50.744926+00
34011	AA	1000000	(0,0)	2022-09-28 19:58:50.744926+00	2022-09-28 19:58:50.744926+00
34020	AA	1000000	(0,0)	2022-09-28 19:58:50.744926+00	2022-09-28 19:58:50.744926+00
34021	AA	1000000	(0,0)	2022-09-28 19:58:50.744926+00	2022-09-28 19:58:50.744926+00
34022	AA	1000000	(0,0)	2022-09-28 19:58:50.744926+00	2022-09-28 19:58:50.744926+00
34023	AA	1000000	(0,0)	2022-09-28 19:58:50.744926+00	2022-09-28 19:58:50.744926+00
34024	AA	1000000	(0,0)	2022-09-28 19:58:50.744926+00	2022-09-28 19:58:50.744926+00
34025	AA	1000000	(0,0)	2022-09-28 19:58:50.744926+00	2022-09-28 19:58:50.744926+00
34030	AA	1000000	(0,0)	2022-09-28 19:58:50.744926+00	2022-09-28 19:58:50.744926+00
34031	AA	1000000	(0,0)	2022-09-28 19:58:50.744926+00	2022-09-28 19:58:50.744926+00
34032	AA	1000000	(0,0)	2022-09-28 19:58:50.744926+00	2022-09-28 19:58:50.744926+00
34033	AA	1000000	(0,0)	2022-09-28 19:58:50.744926+00	2022-09-28 19:58:50.744926+00
34034	AA	1000000	(0,0)	2022-09-28 19:58:50.744926+00	2022-09-28 19:58:50.744926+00
34035	AA	1000000	(0,0)	2022-09-28 19:58:50.744926+00	2022-09-28 19:58:50.744926+00
34036	AA	1000000	(0,0)	2022-09-28 19:58:50.744926+00	2022-09-28 19:58:50.744926+00
34037	AA	1000000	(0,0)	2022-09-28 19:58:50.744926+00	2022-09-28 19:58:50.744926+00
34038	AA	1000000	(0,0)	2022-09-28 19:58:50.744926+00	2022-09-28 19:58:50.744926+00
34039	AA	1000000	(0,0)	2022-09-28 19:58:50.744926+00	2022-09-28 19:58:50.744926+00
34041	AA	1000000	(0,0)	2022-09-28 19:58:50.744926+00	2022-09-28 19:58:50.744926+00
34042	AA	1000000	(0,0)	2022-09-28 19:58:50.744926+00	2022-09-28 19:58:50.744926+00
34044	AA	1000000	(0,0)	2022-09-28 19:58:50.744926+00	2022-09-28 19:58:50.744926+00
34050	AA	1000000	(0,0)	2022-09-28 19:58:50.744926+00	2022-09-28 19:58:50.744926+00
34051	AA	1000000	(0,0)	2022-09-28 19:58:50.744926+00	2022-09-28 19:58:50.744926+00
34052	AA	1000000	(0,0)	2022-09-28 19:58:50.744926+00	2022-09-28 19:58:50.744926+00
34053	AA	1000000	(0,0)	2022-09-28 19:58:50.744926+00	2022-09-28 19:58:50.744926+00
34054	AA	1000000	(0,0)	2022-09-28 19:58:50.744926+00	2022-09-28 19:58:50.744926+00
34055	AA	1000000	(0,0)	2022-09-28 19:58:50.744926+00	2022-09-28 19:58:50.744926+00
34058	AA	1000000	(0,0)	2022-09-28 19:58:50.744926+00	2022-09-28 19:58:50.744926+00
34060	AA	1000000	(0,0)	2022-09-28 19:58:50.744926+00	2022-09-28 19:58:50.744926+00
34066	AA	1000000	(0,0)	2022-09-28 19:58:50.744926+00	2022-09-28 19:58:50.744926+00
34067	AA	1000000	(0,0)	2022-09-28 19:58:50.744926+00	2022-09-28 19:58:50.744926+00
34068	AA	1000000	(0,0)	2022-09-28 19:58:50.744926+00	2022-09-28 19:58:50.744926+00
34069	AA	1000000	(0,0)	2022-09-28 19:58:50.744926+00	2022-09-28 19:58:50.744926+00
34078	AA	1000000	(0,0)	2022-09-28 19:58:50.744926+00	2022-09-28 19:58:50.744926+00
34080	AA	1000000	(0,0)	2022-09-28 19:58:50.744926+00	2022-09-28 19:58:50.744926+00
34081	AA	1000000	(0,0)	2022-09-28 19:58:50.744926+00	2022-09-28 19:58:50.744926+00
34082	AA	1000000	(0,0)	2022-09-28 19:58:50.744926+00	2022-09-28 19:58:50.744926+00
34083	AA	1000000	(0,0)	2022-09-28 19:58:50.744926+00	2022-09-28 19:58:50.744926+00
34084	AA	1000000	(0,0)	2022-09-28 19:58:50.744926+00	2022-09-28 19:58:50.744926+00
34085	AA	1000000	(0,0)	2022-09-28 19:58:50.744926+00	2022-09-28 19:58:50.744926+00
34086	AA	1000000	(0,0)	2022-09-28 19:58:50.744926+00	2022-09-28 19:58:50.744926+00
34087	AA	1000000	(0,0)	2022-09-28 19:58:50.744926+00	2022-09-28 19:58:50.744926+00
34088	AA	1000000	(0,0)	2022-09-28 19:58:50.744926+00	2022-09-28 19:58:50.744926+00
34089	AA	1000000	(0,0)	2022-09-28 19:58:50.744926+00	2022-09-28 19:58:50.744926+00
34090	AA	1000000	(0,0)	2022-09-28 19:58:50.744926+00	2022-09-28 19:58:50.744926+00
34091	AA	1000000	(0,0)	2022-09-28 19:58:50.744926+00	2022-09-28 19:58:50.744926+00
34092	AA	1000000	(0,0)	2022-09-28 19:58:50.744926+00	2022-09-28 19:58:50.744926+00
34093	AA	1000000	(0,0)	2022-09-28 19:58:50.744926+00	2022-09-28 19:58:50.744926+00
34094	AA	1000000	(0,0)	2022-09-28 19:58:50.744926+00	2022-09-28 19:58:50.744926+00
34095	AA	1000000	(0,0)	2022-09-28 19:58:50.744926+00	2022-09-28 19:58:50.744926+00
96201	AP	1000000	(0,0)	2022-09-28 19:58:50.744926+00	2022-09-28 19:58:50.744926+00
96202	AP	1000000	(0,0)	2022-09-28 19:58:50.744926+00	2022-09-28 19:58:50.744926+00
96203	AP	1000000	(0,0)	2022-09-28 19:58:50.744926+00	2022-09-28 19:58:50.744926+00
96204	AP	1000000	(0,0)	2022-09-28 19:58:50.744926+00	2022-09-28 19:58:50.744926+00
96205	AP	1000000	(0,0)	2022-09-28 19:58:50.744926+00	2022-09-28 19:58:50.744926+00
96206	AP	1000000	(0,0)	2022-09-28 19:58:50.744926+00	2022-09-28 19:58:50.744926+00
96207	AP	1000000	(0,0)	2022-09-28 19:58:50.744926+00	2022-09-28 19:58:50.744926+00
96208	AP	1000000	(0,0)	2022-09-28 19:58:50.744926+00	2022-09-28 19:58:50.744926+00
96209	AP	1000000	(0,0)	2022-09-28 19:58:50.744926+00	2022-09-28 19:58:50.744926+00
96210	AP	1000000	(0,0)	2022-09-28 19:58:50.744926+00	2022-09-28 19:58:50.744926+00
96212	AP	1000000	(0,0)	2022-09-28 19:58:50.744926+00	2022-09-28 19:58:50.744926+00
96213	AP	1000000	(0,0)	2022-09-28 19:58:50.744926+00	2022-09-28 19:58:50.744926+00
96214	AP	1000000	(0,0)	2022-09-28 19:58:50.744926+00	2022-09-28 19:58:50.744926+00
96218	AP	1000000	(0,0)	2022-09-28 19:58:50.744926+00	2022-09-28 19:58:50.744926+00
96224	AP	1000000	(0,0)	2022-09-28 19:58:50.744926+00	2022-09-28 19:58:50.744926+00
96251	AP	1000000	(0,0)	2022-09-28 19:58:50.744926+00	2022-09-28 19:58:50.744926+00
96257	AP	1000000	(0,0)	2022-09-28 19:58:50.744926+00	2022-09-28 19:58:50.744926+00
96258	AP	1000000	(0,0)	2022-09-28 19:58:50.744926+00	2022-09-28 19:58:50.744926+00
96260	AP	1000000	(0,0)	2022-09-28 19:58:50.744926+00	2022-09-28 19:58:50.744926+00
96262	AP	1000000	(0,0)	2022-09-28 19:58:50.744926+00	2022-09-28 19:58:50.744926+00
96264	AP	1000000	(0,0)	2022-09-28 19:58:50.744926+00	2022-09-28 19:58:50.744926+00
96266	AP	1000000	(0,0)	2022-09-28 19:58:50.744926+00	2022-09-28 19:58:50.744926+00
96267	AP	1000000	(0,0)	2022-09-28 19:58:50.744926+00	2022-09-28 19:58:50.744926+00
96269	AP	1000000	(0,0)	2022-09-28 19:58:50.744926+00	2022-09-28 19:58:50.744926+00
96271	AP	1000000	(0,0)	2022-09-28 19:58:50.744926+00	2022-09-28 19:58:50.744926+00
96273	AP	1000000	(0,0)	2022-09-28 19:58:50.744926+00	2022-09-28 19:58:50.744926+00
96275	AP	1000000	(0,0)	2022-09-28 19:58:50.744926+00	2022-09-28 19:58:50.744926+00
96276	AP	1000000	(0,0)	2022-09-28 19:58:50.744926+00	2022-09-28 19:58:50.744926+00
96278	AP	1000000	(0,0)	2022-09-28 19:58:50.744926+00	2022-09-28 19:58:50.744926+00
96283	AP	1000000	(0,0)	2022-09-28 19:58:50.744926+00	2022-09-28 19:58:50.744926+00
96284	AP	1000000	(0,0)	2022-09-28 19:58:50.744926+00	2022-09-28 19:58:50.744926+00
96297	AP	1000000	(0,0)	2022-09-28 19:58:50.744926+00	2022-09-28 19:58:50.744926+00
96301	AP	1000000	(0,0)	2022-09-28 19:58:50.744926+00	2022-09-28 19:58:50.744926+00
96303	AP	1000000	(0,0)	2022-09-28 19:58:50.744926+00	2022-09-28 19:58:50.744926+00
96306	AP	1000000	(0,0)	2022-09-28 19:58:50.744926+00	2022-09-28 19:58:50.744926+00
96309	AP	1000000	(0,0)	2022-09-28 19:58:50.744926+00	2022-09-28 19:58:50.744926+00
96310	AP	1000000	(0,0)	2022-09-28 19:58:50.744926+00	2022-09-28 19:58:50.744926+00
96311	AP	1000000	(0,0)	2022-09-28 19:58:50.744926+00	2022-09-28 19:58:50.744926+00
96315	AP	1000000	(0,0)	2022-09-28 19:58:50.744926+00	2022-09-28 19:58:50.744926+00
96319	AP	1000000	(0,0)	2022-09-28 19:58:50.744926+00	2022-09-28 19:58:50.744926+00
96321	AP	1000000	(0,0)	2022-09-28 19:58:50.744926+00	2022-09-28 19:58:50.744926+00
96322	AP	1000000	(0,0)	2022-09-28 19:58:50.744926+00	2022-09-28 19:58:50.744926+00
96323	AP	1000000	(0,0)	2022-09-28 19:58:50.744926+00	2022-09-28 19:58:50.744926+00
96326	AP	1000000	(0,0)	2022-09-28 19:58:50.744926+00	2022-09-28 19:58:50.744926+00
96328	AP	1000000	(0,0)	2022-09-28 19:58:50.744926+00	2022-09-28 19:58:50.744926+00
96330	AP	1000000	(0,0)	2022-09-28 19:58:50.744926+00	2022-09-28 19:58:50.744926+00
96331	AP	1000000	(0,0)	2022-09-28 19:58:50.744926+00	2022-09-28 19:58:50.744926+00
96336	AP	1000000	(0,0)	2022-09-28 19:58:50.744926+00	2022-09-28 19:58:50.744926+00
96337	AP	1000000	(0,0)	2022-09-28 19:58:50.744926+00	2022-09-28 19:58:50.744926+00
96338	AP	1000000	(0,0)	2022-09-28 19:58:50.744926+00	2022-09-28 19:58:50.744926+00
96339	AP	1000000	(0,0)	2022-09-28 19:58:50.744926+00	2022-09-28 19:58:50.744926+00
96343	AP	1000000	(0,0)	2022-09-28 19:58:50.744926+00	2022-09-28 19:58:50.744926+00
96346	AP	1000000	(0,0)	2022-09-28 19:58:50.744926+00	2022-09-28 19:58:50.744926+00
96347	AP	1000000	(0,0)	2022-09-28 19:58:50.744926+00	2022-09-28 19:58:50.744926+00
96349	AP	1000000	(0,0)	2022-09-28 19:58:50.744926+00	2022-09-28 19:58:50.744926+00
96350	AP	1000000	(0,0)	2022-09-28 19:58:50.744926+00	2022-09-28 19:58:50.744926+00
96351	AP	1000000	(0,0)	2022-09-28 19:58:50.744926+00	2022-09-28 19:58:50.744926+00
96362	AP	1000000	(0,0)	2022-09-28 19:58:50.744926+00	2022-09-28 19:58:50.744926+00
96365	AP	1000000	(0,0)	2022-09-28 19:58:50.744926+00	2022-09-28 19:58:50.744926+00
96367	AP	1000000	(0,0)	2022-09-28 19:58:50.744926+00	2022-09-28 19:58:50.744926+00
96368	AP	1000000	(0,0)	2022-09-28 19:58:50.744926+00	2022-09-28 19:58:50.744926+00
96370	AP	1000000	(0,0)	2022-09-28 19:58:50.744926+00	2022-09-28 19:58:50.744926+00
96371	AP	1000000	(0,0)	2022-09-28 19:58:50.744926+00	2022-09-28 19:58:50.744926+00
96372	AP	1000000	(0,0)	2022-09-28 19:58:50.744926+00	2022-09-28 19:58:50.744926+00
96373	AP	1000000	(0,0)	2022-09-28 19:58:50.744926+00	2022-09-28 19:58:50.744926+00
96374	AP	1000000	(0,0)	2022-09-28 19:58:50.744926+00	2022-09-28 19:58:50.744926+00
96375	AP	1000000	(0,0)	2022-09-28 19:58:50.744926+00	2022-09-28 19:58:50.744926+00
96376	AP	1000000	(0,0)	2022-09-28 19:58:50.744926+00	2022-09-28 19:58:50.744926+00
96377	AP	1000000	(0,0)	2022-09-28 19:58:50.744926+00	2022-09-28 19:58:50.744926+00
96378	AP	1000000	(0,0)	2022-09-28 19:58:50.744926+00	2022-09-28 19:58:50.744926+00
96379	AP	1000000	(0,0)	2022-09-28 19:58:50.744926+00	2022-09-28 19:58:50.744926+00
96380	AP	1000000	(0,0)	2022-09-28 19:58:50.744926+00	2022-09-28 19:58:50.744926+00
96382	AP	1000000	(0,0)	2022-09-28 19:58:50.744926+00	2022-09-28 19:58:50.744926+00
96384	AP	1000000	(0,0)	2022-09-28 19:58:50.744926+00	2022-09-28 19:58:50.744926+00
96385	AP	1000000	(0,0)	2022-09-28 19:58:50.744926+00	2022-09-28 19:58:50.744926+00
96386	AP	1000000	(0,0)	2022-09-28 19:58:50.744926+00	2022-09-28 19:58:50.744926+00
96387	AP	1000000	(0,0)	2022-09-28 19:58:50.744926+00	2022-09-28 19:58:50.744926+00
96388	AP	1000000	(0,0)	2022-09-28 19:58:50.744926+00	2022-09-28 19:58:50.744926+00
96389	AP	1000000	(0,0)	2022-09-28 19:58:50.744926+00	2022-09-28 19:58:50.744926+00
96401	AP	1000000	(0,0)	2022-09-28 19:58:50.744926+00	2022-09-28 19:58:50.744926+00
96502	AP	1000000	(0,0)	2022-09-28 19:58:50.744926+00	2022-09-28 19:58:50.744926+00
96504	AP	1000000	(0,0)	2022-09-28 19:58:50.744926+00	2022-09-28 19:58:50.744926+00
96505	AP	1000000	(0,0)	2022-09-28 19:58:50.744926+00	2022-09-28 19:58:50.744926+00
96507	AP	1000000	(0,0)	2022-09-28 19:58:50.744926+00	2022-09-28 19:58:50.744926+00
96510	AP	1000000	(0,0)	2022-09-28 19:58:50.744926+00	2022-09-28 19:58:50.744926+00
96511	AP	1000000	(0,0)	2022-09-28 19:58:50.744926+00	2022-09-28 19:58:50.744926+00
96515	AP	1000000	(0,0)	2022-09-28 19:58:50.744926+00	2022-09-28 19:58:50.744926+00
96516	AP	1000000	(0,0)	2022-09-28 19:58:50.744926+00	2022-09-28 19:58:50.744926+00
96517	AP	1000000	(0,0)	2022-09-28 19:58:50.744926+00	2022-09-28 19:58:50.744926+00
96520	AP	1000000	(0,0)	2022-09-28 19:58:50.744926+00	2022-09-28 19:58:50.744926+00
96521	AP	1000000	(0,0)	2022-09-28 19:58:50.744926+00	2022-09-28 19:58:50.744926+00
96522	AP	1000000	(0,0)	2022-09-28 19:58:50.744926+00	2022-09-28 19:58:50.744926+00
96530	AP	1000000	(0,0)	2022-09-28 19:58:50.744926+00	2022-09-28 19:58:50.744926+00
96531	AP	1000000	(0,0)	2022-09-28 19:58:50.744926+00	2022-09-28 19:58:50.744926+00
96532	AP	1000000	(0,0)	2022-09-28 19:58:50.744926+00	2022-09-28 19:58:50.744926+00
96534	AP	1000000	(0,0)	2022-09-28 19:58:50.744926+00	2022-09-28 19:58:50.744926+00
96535	AP	1000000	(0,0)	2022-09-28 19:58:50.744926+00	2022-09-28 19:58:50.744926+00
96537	AP	1000000	(0,0)	2022-09-28 19:58:50.744926+00	2022-09-28 19:58:50.744926+00
96539	AP	1000000	(0,0)	2022-09-28 19:58:50.744926+00	2022-09-28 19:58:50.744926+00
96540	AP	1000000	(0,0)	2022-09-28 19:58:50.744926+00	2022-09-28 19:58:50.744926+00
96542	AP	1000000	(0,0)	2022-09-28 19:58:50.744926+00	2022-09-28 19:58:50.744926+00
96543	AP	1000000	(0,0)	2022-09-28 19:58:50.744926+00	2022-09-28 19:58:50.744926+00
96546	AP	1000000	(0,0)	2022-09-28 19:58:50.744926+00	2022-09-28 19:58:50.744926+00
96548	AP	1000000	(0,0)	2022-09-28 19:58:50.744926+00	2022-09-28 19:58:50.744926+00
96549	AP	1000000	(0,0)	2022-09-28 19:58:50.744926+00	2022-09-28 19:58:50.744926+00
96550	AP	1000000	(0,0)	2022-09-28 19:58:50.744926+00	2022-09-28 19:58:50.744926+00
96551	AP	1000000	(0,0)	2022-09-28 19:58:50.744926+00	2022-09-28 19:58:50.744926+00
96552	AP	1000000	(0,0)	2022-09-28 19:58:50.744926+00	2022-09-28 19:58:50.744926+00
96553	AP	1000000	(0,0)	2022-09-28 19:58:50.744926+00	2022-09-28 19:58:50.744926+00
96554	AP	1000000	(0,0)	2022-09-28 19:58:50.744926+00	2022-09-28 19:58:50.744926+00
96555	AP	1000000	(0,0)	2022-09-28 19:58:50.744926+00	2022-09-28 19:58:50.744926+00
96557	AP	1000000	(0,0)	2022-09-28 19:58:50.744926+00	2022-09-28 19:58:50.744926+00
96562	AP	1000000	(0,0)	2022-09-28 19:58:50.744926+00	2022-09-28 19:58:50.744926+00
96577	AP	1000000	(0,0)	2022-09-28 19:58:50.744926+00	2022-09-28 19:58:50.744926+00
96578	AP	1000000	(0,0)	2022-09-28 19:58:50.744926+00	2022-09-28 19:58:50.744926+00
96595	AP	1000000	(0,0)	2022-09-28 19:58:50.744926+00	2022-09-28 19:58:50.744926+00
96598	AP	1000000	(0,0)	2022-09-28 19:58:50.744926+00	2022-09-28 19:58:50.744926+00
96599	AP	1000000	(0,0)	2022-09-28 19:58:50.744926+00	2022-09-28 19:58:50.744926+00
96601	AP	1000000	(0,0)	2022-09-28 19:58:50.744926+00	2022-09-28 19:58:50.744926+00
96602	AP	1000000	(0,0)	2022-09-28 19:58:50.744926+00	2022-09-28 19:58:50.744926+00
96603	AP	1000000	(0,0)	2022-09-28 19:58:50.744926+00	2022-09-28 19:58:50.744926+00
96604	AP	1000000	(0,0)	2022-09-28 19:58:50.744926+00	2022-09-28 19:58:50.744926+00
96605	AP	1000000	(0,0)	2022-09-28 19:58:50.744926+00	2022-09-28 19:58:50.744926+00
96606	AP	1000000	(0,0)	2022-09-28 19:58:50.744926+00	2022-09-28 19:58:50.744926+00
96607	AP	1000000	(0,0)	2022-09-28 19:58:50.744926+00	2022-09-28 19:58:50.744926+00
96608	AP	1000000	(0,0)	2022-09-28 19:58:50.744926+00	2022-09-28 19:58:50.744926+00
96609	AP	1000000	(0,0)	2022-09-28 19:58:50.744926+00	2022-09-28 19:58:50.744926+00
96610	AP	1000000	(0,0)	2022-09-28 19:58:50.744926+00	2022-09-28 19:58:50.744926+00
96611	AP	1000000	(0,0)	2022-09-28 19:58:50.744926+00	2022-09-28 19:58:50.744926+00
96612	AP	1000000	(0,0)	2022-09-28 19:58:50.744926+00	2022-09-28 19:58:50.744926+00
96613	AP	1000000	(0,0)	2022-09-28 19:58:50.744926+00	2022-09-28 19:58:50.744926+00
96615	AP	1000000	(0,0)	2022-09-28 19:58:50.744926+00	2022-09-28 19:58:50.744926+00
96616	AP	1000000	(0,0)	2022-09-28 19:58:50.744926+00	2022-09-28 19:58:50.744926+00
96617	AP	1000000	(0,0)	2022-09-28 19:58:50.744926+00	2022-09-28 19:58:50.744926+00
96619	AP	1000000	(0,0)	2022-09-28 19:58:50.744926+00	2022-09-28 19:58:50.744926+00
96620	AP	1000000	(0,0)	2022-09-28 19:58:50.744926+00	2022-09-28 19:58:50.744926+00
96628	AP	1000000	(0,0)	2022-09-28 19:58:50.744926+00	2022-09-28 19:58:50.744926+00
96629	AP	1000000	(0,0)	2022-09-28 19:58:50.744926+00	2022-09-28 19:58:50.744926+00
96632	AP	1000000	(0,0)	2022-09-28 19:58:50.744926+00	2022-09-28 19:58:50.744926+00
96633	AP	1000000	(0,0)	2022-09-28 19:58:50.744926+00	2022-09-28 19:58:50.744926+00
96641	AP	1000000	(0,0)	2022-09-28 19:58:50.744926+00	2022-09-28 19:58:50.744926+00
96642	AP	1000000	(0,0)	2022-09-28 19:58:50.744926+00	2022-09-28 19:58:50.744926+00
96643	AP	1000000	(0,0)	2022-09-28 19:58:50.744926+00	2022-09-28 19:58:50.744926+00
96644	AP	1000000	(0,0)	2022-09-28 19:58:50.744926+00	2022-09-28 19:58:50.744926+00
96645	AP	1000000	(0,0)	2022-09-28 19:58:50.744926+00	2022-09-28 19:58:50.744926+00
96649	AP	1000000	(0,0)	2022-09-28 19:58:50.744926+00	2022-09-28 19:58:50.744926+00
96650	AP	1000000	(0,0)	2022-09-28 19:58:50.744926+00	2022-09-28 19:58:50.744926+00
96657	AP	1000000	(0,0)	2022-09-28 19:58:50.744926+00	2022-09-28 19:58:50.744926+00
96660	AP	1000000	(0,0)	2022-09-28 19:58:50.744926+00	2022-09-28 19:58:50.744926+00
96661	AP	1000000	(0,0)	2022-09-28 19:58:50.744926+00	2022-09-28 19:58:50.744926+00
96662	AP	1000000	(0,0)	2022-09-28 19:58:50.744926+00	2022-09-28 19:58:50.744926+00
96663	AP	1000000	(0,0)	2022-09-28 19:58:50.744926+00	2022-09-28 19:58:50.744926+00
96664	AP	1000000	(0,0)	2022-09-28 19:58:50.744926+00	2022-09-28 19:58:50.744926+00
96665	AP	1000000	(0,0)	2022-09-28 19:58:50.744926+00	2022-09-28 19:58:50.744926+00
96666	AP	1000000	(0,0)	2022-09-28 19:58:50.744926+00	2022-09-28 19:58:50.744926+00
96667	AP	1000000	(0,0)	2022-09-28 19:58:50.744926+00	2022-09-28 19:58:50.744926+00
96668	AP	1000000	(0,0)	2022-09-28 19:58:50.744926+00	2022-09-28 19:58:50.744926+00
96669	AP	1000000	(0,0)	2022-09-28 19:58:50.744926+00	2022-09-28 19:58:50.744926+00
96670	AP	1000000	(0,0)	2022-09-28 19:58:50.744926+00	2022-09-28 19:58:50.744926+00
96671	AP	1000000	(0,0)	2022-09-28 19:58:50.744926+00	2022-09-28 19:58:50.744926+00
96672	AP	1000000	(0,0)	2022-09-28 19:58:50.744926+00	2022-09-28 19:58:50.744926+00
96673	AP	1000000	(0,0)	2022-09-28 19:58:50.744926+00	2022-09-28 19:58:50.744926+00
96674	AP	1000000	(0,0)	2022-09-28 19:58:50.744926+00	2022-09-28 19:58:50.744926+00
96675	AP	1000000	(0,0)	2022-09-28 19:58:50.744926+00	2022-09-28 19:58:50.744926+00
96677	AP	1000000	(0,0)	2022-09-28 19:58:50.744926+00	2022-09-28 19:58:50.744926+00
96678	AP	1000000	(0,0)	2022-09-28 19:58:50.744926+00	2022-09-28 19:58:50.744926+00
96679	AP	1000000	(0,0)	2022-09-28 19:58:50.744926+00	2022-09-28 19:58:50.744926+00
96681	AP	1000000	(0,0)	2022-09-28 19:58:50.744926+00	2022-09-28 19:58:50.744926+00
96682	AP	1000000	(0,0)	2022-09-28 19:58:50.744926+00	2022-09-28 19:58:50.744926+00
96683	AP	1000000	(0,0)	2022-09-28 19:58:50.744926+00	2022-09-28 19:58:50.744926+00
96686	AP	1000000	(0,0)	2022-09-28 19:58:50.744926+00	2022-09-28 19:58:50.744926+00
96691	AP	1000000	(0,0)	2022-09-28 19:58:50.744926+00	2022-09-28 19:58:50.744926+00
96692	AP	1000000	(0,0)	2022-09-28 19:58:50.744926+00	2022-09-28 19:58:50.744926+00
96693	AP	1000000	(0,0)	2022-09-28 19:58:50.744926+00	2022-09-28 19:58:50.744926+00
96694	AP	1000000	(0,0)	2022-09-28 19:58:50.744926+00	2022-09-28 19:58:50.744926+00
96695	AP	1000000	(0,0)	2022-09-28 19:58:50.744926+00	2022-09-28 19:58:50.744926+00
96696	AP	1000000	(0,0)	2022-09-28 19:58:50.744926+00	2022-09-28 19:58:50.744926+00
96698	AP	1000000	(0,0)	2022-09-28 19:58:50.744926+00	2022-09-28 19:58:50.744926+00
601	PR	16001	(18.16,-66.72)	2022-09-28 19:58:50.744926+00	2022-09-28 19:58:50.744926+00
602	PR	19801	(18.38,-67.18)	2022-09-28 19:58:50.744926+00	2022-09-28 19:58:50.744926+00
603	PR	18973	(18.43,-67.15)	2022-09-28 19:58:50.744926+00	2022-09-28 19:58:50.744926+00
604	PR	0	(18.43,-67.15)	2022-09-28 19:58:50.744926+00	2022-09-28 19:58:50.744926+00
605	PR	0	(18.43,-67.15)	2022-09-28 19:58:50.744926+00	2022-09-28 19:58:50.744926+00
606	PR	15298	(18.18,-66.98)	2022-09-28 19:58:50.744926+00	2022-09-28 19:58:50.744926+00
610	PR	23612	(18.28,-67.14)	2022-09-28 19:58:50.744926+00	2022-09-28 19:58:50.744926+00
611	PR	0	(18.28,-66.79)	2022-09-28 19:58:50.744926+00	2022-09-28 19:58:50.744926+00
612	PR	24339	(18.45,-66.73)	2022-09-28 19:58:50.744926+00	2022-09-28 19:58:50.744926+00
613	PR	0	(18.45,-66.73)	2022-09-28 19:58:50.744926+00	2022-09-28 19:58:50.744926+00
614	PR	0	(18.45,-66.73)	2022-09-28 19:58:50.744926+00	2022-09-28 19:58:50.744926+00
616	PR	20805	(18.42,-66.67)	2022-09-28 19:58:50.744926+00	2022-09-28 19:58:50.744926+00
617	PR	19838	(18.45,-66.56)	2022-09-28 19:58:50.744926+00	2022-09-28 19:58:50.744926+00
622	PR	17290	(17.99,-67.15)	2022-09-28 19:58:50.744926+00	2022-09-28 19:58:50.744926+00
623	PR	20448	(18.08,-67.14)	2022-09-28 19:58:50.744926+00	2022-09-28 19:58:50.744926+00
624	PR	19342	(18.06,-66.72)	2022-09-28 19:58:50.744926+00	2022-09-28 19:58:50.744926+00
627	PR	20616	(18.48,-66.84)	2022-09-28 19:58:50.744926+00	2022-09-28 19:58:50.744926+00
631	PR	12188	(18.19,-66.82)	2022-09-28 19:58:50.744926+00	2022-09-28 19:58:50.744926+00
636	PR	0	(18.15,-67.06)	2022-09-28 19:58:50.744926+00	2022-09-28 19:58:50.744926+00
637	PR	22106	(18.08,-66.96)	2022-09-28 19:58:50.744926+00	2022-09-28 19:58:50.744926+00
638	PR	18914	(18.33,-66.47)	2022-09-28 19:58:50.744926+00	2022-09-28 19:58:50.744926+00
641	PR	19972	(18.27,-66.7)	2022-09-28 19:58:50.744926+00	2022-09-28 19:58:50.744926+00
646	PR	37357	(18.47,-66.27)	2022-09-28 19:58:50.744926+00	2022-09-28 19:58:50.744926+00
647	PR	17659	(17.96,-66.94)	2022-09-28 19:58:50.744926+00	2022-09-28 19:58:50.744926+00
650	PR	22310	(18.36,-66.56)	2022-09-28 19:58:50.744926+00	2022-09-28 19:58:50.744926+00
652	PR	24154	(18.45,-66.6)	2022-09-28 19:58:50.744926+00	2022-09-28 19:58:50.744926+00
653	PR	15234	(17.99,-66.89)	2022-09-28 19:58:50.744926+00	2022-09-28 19:58:50.744926+00
656	PR	19699	(18.02,-66.79)	2022-09-28 19:58:50.744926+00	2022-09-28 19:58:50.744926+00
659	PR	23679	(18.48,-66.82)	2022-09-28 19:58:50.744926+00	2022-09-28 19:58:50.744926+00
660	PR	23658	(18.14,-67.12)	2022-09-28 19:58:50.744926+00	2022-09-28 19:58:50.744926+00
662	PR	18840	(18.5,-67.02)	2022-09-28 19:58:50.744926+00	2022-09-28 19:58:50.744926+00
664	PR	17403	(18.22,-66.59)	2022-09-28 19:58:50.744926+00	2022-09-28 19:58:50.744926+00
667	PR	16166	(18.04,-67.06)	2022-09-28 19:58:50.744926+00	2022-09-28 19:58:50.744926+00
669	PR	19540	(18.29,-66.88)	2022-09-28 19:58:50.744926+00	2022-09-28 19:58:50.744926+00
670	PR	17861	(18.27,-67.06)	2022-09-28 19:58:50.744926+00	2022-09-28 19:58:50.744926+00
674	PR	23424	(18.43,-66.48)	2022-09-28 19:58:50.744926+00	2022-09-28 19:58:50.744926+00
676	PR	18630	(18.39,-67.11)	2022-09-28 19:58:50.744926+00	2022-09-28 19:58:50.744926+00
677	PR	29440	(18.34,-67.25)	2022-09-28 19:58:50.744926+00	2022-09-28 19:58:50.744926+00
678	PR	20992	(18.47,-66.93)	2022-09-28 19:58:50.744926+00	2022-09-28 19:58:50.744926+00
680	PR	20674	(18.2,-67.14)	2022-09-28 19:58:50.744926+00	2022-09-28 19:58:50.744926+00
681	PR	0	(18.2,-67.14)	2022-09-28 19:58:50.744926+00	2022-09-28 19:58:50.744926+00
682	PR	20240	(18.22,-67.16)	2022-09-28 19:58:50.744926+00	2022-09-28 19:58:50.744926+00
683	PR	21870	(18.08,-67.04)	2022-09-28 19:58:50.744926+00	2022-09-28 19:58:50.744926+00
685	PR	18690	(18.33,-66.99)	2022-09-28 19:58:50.744926+00	2022-09-28 19:58:50.744926+00
687	PR	22147	(18.32,-66.4)	2022-09-28 19:58:50.744926+00	2022-09-28 19:58:50.744926+00
688	PR	20520	(18.38,-66.62)	2022-09-28 19:58:50.744926+00	2022-09-28 19:58:50.744926+00
690	PR	22042	(18.49,-67.09)	2022-09-28 19:58:50.744926+00	2022-09-28 19:58:50.744926+00
692	PR	23253	(18.41,-66.32)	2022-09-28 19:58:50.744926+00	2022-09-28 19:58:50.744926+00
693	PR	24677	(18.44,-66.39)	2022-09-28 19:58:50.744926+00	2022-09-28 19:58:50.744926+00
694	PR	0	(18.48,-66.39)	2022-09-28 19:58:50.744926+00	2022-09-28 19:58:50.744926+00
698	PR	20794	(18.03,-66.86)	2022-09-28 19:58:50.744926+00	2022-09-28 19:58:50.744926+00
703	PR	21940	(18.25,-66.1)	2022-09-28 19:58:50.744926+00	2022-09-28 19:58:50.744926+00
704	PR	20742	(17.96,-66.22)	2022-09-28 19:58:50.744926+00	2022-09-28 19:58:50.744926+00
705	PR	23627	(18.14,-66.26)	2022-09-28 19:58:50.744926+00	2022-09-28 19:58:50.744926+00
707	PR	23232	(18,-65.9)	2022-09-28 19:58:50.744926+00	2022-09-28 19:58:50.744926+00
714	PR	19524	(17.97,-66.06)	2022-09-28 19:58:50.744926+00	2022-09-28 19:58:50.744926+00
715	PR	13750	(18.01,-66.56)	2022-09-28 19:58:50.744926+00	2022-09-28 19:58:50.744926+00
716	PR	21350	(17.98,-66.6)	2022-09-28 19:58:50.744926+00	2022-09-28 19:58:50.744926+00
717	PR	16926	(18,-66.61)	2022-09-28 19:58:50.744926+00	2022-09-28 19:58:50.744926+00
718	PR	21011	(18.21,-65.73)	2022-09-28 19:58:50.744926+00	2022-09-28 19:58:50.744926+00
719	PR	23625	(18.3,-66.24)	2022-09-28 19:58:50.744926+00	2022-09-28 19:58:50.744926+00
720	PR	16709	(18.22,-66.39)	2022-09-28 19:58:50.744926+00	2022-09-28 19:58:50.744926+00
721	PR	0	(18.37,-65.77)	2022-09-28 19:58:50.744926+00	2022-09-28 19:58:50.744926+00
723	PR	19915	(18,-66.01)	2022-09-28 19:58:50.744926+00	2022-09-28 19:58:50.744926+00
725	PR	26273	(18.23,-66.03)	2022-09-28 19:58:50.744926+00	2022-09-28 19:58:50.744926+00
726	PR	0	(18.23,-66.03)	2022-09-28 19:58:50.744926+00	2022-09-28 19:58:50.744926+00
727	PR	37017	(18.22,-66.07)	2022-09-28 19:58:50.744926+00	2022-09-28 19:58:50.744926+00
728	PR	22100	(17.99,-66.66)	2022-09-28 19:58:50.744926+00	2022-09-28 19:58:50.744926+00
729	PR	26701	(18.37,-65.9)	2022-09-28 19:58:50.744926+00	2022-09-28 19:58:50.744926+00
730	PR	19328	(18.03,-66.62)	2022-09-28 19:58:50.744926+00	2022-09-28 19:58:50.744926+00
731	PR	19853	(18.11,-66.63)	2022-09-28 19:58:50.744926+00	2022-09-28 19:58:50.744926+00
732	PR	0	(17.98,-66.6)	2022-09-28 19:58:50.744926+00	2022-09-28 19:58:50.744926+00
733	PR	0	(17.98,-66.6)	2022-09-28 19:58:50.744926+00	2022-09-28 19:58:50.744926+00
734	PR	0	(17.98,-66.6)	2022-09-28 19:58:50.744926+00	2022-09-28 19:58:50.744926+00
735	PR	22403	(18.25,-65.68)	2022-09-28 19:58:50.744926+00	2022-09-28 19:58:50.744926+00
736	PR	25507	(18.11,-66.16)	2022-09-28 19:58:50.744926+00	2022-09-28 19:58:50.744926+00
737	PR	0	(18.11,-66.16)	2022-09-28 19:58:50.744926+00	2022-09-28 19:58:50.744926+00
738	PR	24045	(18.33,-65.65)	2022-09-28 19:58:50.744926+00	2022-09-28 19:58:50.744926+00
739	PR	22474	(18.17,-66.15)	2022-09-28 19:58:50.744926+00	2022-09-28 19:58:50.744926+00
740	PR	15061	(18.33,-65.63)	2022-09-28 19:58:50.744926+00	2022-09-28 19:58:50.744926+00
741	PR	25750	(18.16,-65.75)	2022-09-28 19:58:50.744926+00	2022-09-28 19:58:50.744926+00
742	PR	0	(18.27,-65.65)	2022-09-28 19:58:50.744926+00	2022-09-28 19:58:50.744926+00
744	PR	0	(18.22,-65.79)	2022-09-28 19:58:50.744926+00	2022-09-28 19:58:50.744926+00
745	PR	27260	(18.38,-65.83)	2022-09-28 19:58:50.744926+00	2022-09-28 19:58:50.744926+00
751	PR	21315	(17.97,-66.29)	2022-09-28 19:58:50.744926+00	2022-09-28 19:58:50.744926+00
754	PR	23476	(18.19,-65.96)	2022-09-28 19:58:50.744926+00	2022-09-28 19:58:50.744926+00
757	PR	23965	(17.97,-66.4)	2022-09-28 19:58:50.744926+00	2022-09-28 19:58:50.744926+00
765	PR	22301	(18.13,-65.44)	2022-09-28 19:58:50.744926+00	2022-09-28 19:58:50.744926+00
766	PR	23195	(18.13,-66.48)	2022-09-28 19:58:50.744926+00	2022-09-28 19:58:50.744926+00
767	PR	20785	(18.04,-65.87)	2022-09-28 19:58:50.744926+00	2022-09-28 19:58:50.744926+00
769	PR	24221	(18.08,-66.36)	2022-09-28 19:58:50.744926+00	2022-09-28 19:58:50.744926+00
771	PR	25175	(18.18,-65.86)	2022-09-28 19:58:50.744926+00	2022-09-28 19:58:50.744926+00
772	PR	20101	(18.43,-65.88)	2022-09-28 19:58:50.744926+00	2022-09-28 19:58:50.744926+00
773	PR	25135	(18.37,-65.71)	2022-09-28 19:58:50.744926+00	2022-09-28 19:58:50.744926+00
775	PR	33625	(18.33,-65.3)	2022-09-28 19:58:50.744926+00	2022-09-28 19:58:50.744926+00
777	PR	21426	(18.22,-65.91)	2022-09-28 19:58:50.744926+00	2022-09-28 19:58:50.744926+00
778	PR	39044	(18.25,-65.97)	2022-09-28 19:58:50.744926+00	2022-09-28 19:58:50.744926+00
780	PR	23592	(18.09,-66.57)	2022-09-28 19:58:50.744926+00	2022-09-28 19:58:50.744926+00
782	PR	16700	(18.22,-66.22)	2022-09-28 19:58:50.744926+00	2022-09-28 19:58:50.744926+00
783	PR	17808	(18.34,-66.31)	2022-09-28 19:58:50.744926+00	2022-09-28 19:58:50.744926+00
784	PR	21116	(17.97,-66.11)	2022-09-28 19:58:50.744926+00	2022-09-28 19:58:50.744926+00
785	PR	0	(17.97,-66.11)	2022-09-28 19:58:50.744926+00	2022-09-28 19:58:50.744926+00
786	PR	37552	(18.16,-66.23)	2022-09-28 19:58:50.744926+00	2022-09-28 19:58:50.744926+00
791	PR	25582	(18.15,-65.81)	2022-09-28 19:58:50.744926+00	2022-09-28 19:58:50.744926+00
792	PR	0	(18.15,-65.81)	2022-09-28 19:58:50.744926+00	2022-09-28 19:58:50.744926+00
794	PR	19682	(18.18,-66.3)	2022-09-28 19:58:50.744926+00	2022-09-28 19:58:50.744926+00
795	PR	23528	(18.05,-66.5)	2022-09-28 19:58:50.744926+00	2022-09-28 19:58:50.744926+00
801	VI	0	(18.35,-64.93)	2022-09-28 19:58:50.744926+00	2022-09-28 19:58:50.744926+00
802	VI	0	(18.35,-64.93)	2022-09-28 19:58:50.744926+00	2022-09-28 19:58:50.744926+00
803	VI	0	(18.35,-64.93)	2022-09-28 19:58:50.744926+00	2022-09-28 19:58:50.744926+00
804	VI	0	(18.35,-64.93)	2022-09-28 19:58:50.744926+00	2022-09-28 19:58:50.744926+00
805	VI	0	(18.34,-64.93)	2022-09-28 19:58:50.744926+00	2022-09-28 19:58:50.744926+00
820	VI	0	(17.74,-64.7)	2022-09-28 19:58:50.744926+00	2022-09-28 19:58:50.744926+00
821	VI	0	(17.74,-64.7)	2022-09-28 19:58:50.744926+00	2022-09-28 19:58:50.744926+00
822	VI	0	(17.74,-64.7)	2022-09-28 19:58:50.744926+00	2022-09-28 19:58:50.744926+00
823	VI	0	(17.74,-64.7)	2022-09-28 19:58:50.744926+00	2022-09-28 19:58:50.744926+00
824	VI	0	(17.74,-64.7)	2022-09-28 19:58:50.744926+00	2022-09-28 19:58:50.744926+00
830	VI	0	(18.33,-64.79)	2022-09-28 19:58:50.744926+00	2022-09-28 19:58:50.744926+00
831	VI	0	(18.33,-64.79)	2022-09-28 19:58:50.744926+00	2022-09-28 19:58:50.744926+00
840	VI	0	(17.71,-64.88)	2022-09-28 19:58:50.744926+00	2022-09-28 19:58:50.744926+00
841	VI	0	(17.71,-64.88)	2022-09-28 19:58:50.744926+00	2022-09-28 19:58:50.744926+00
850	VI	0	(17.76,-64.82)	2022-09-28 19:58:50.744926+00	2022-09-28 19:58:50.744926+00
851	VI	0	(17.73,-64.8)	2022-09-28 19:58:50.744926+00	2022-09-28 19:58:50.744926+00
901	PR	40839	(18.47,-66.1)	2022-09-28 19:58:50.744926+00	2022-09-28 19:58:50.744926+00
902	PR	0	(18.4,-66.06)	2022-09-28 19:58:50.744926+00	2022-09-28 19:58:50.744926+00
906	PR	0	(18.46,-66.09)	2022-09-28 19:58:50.744926+00	2022-09-28 19:58:50.744926+00
907	PR	54813	(18.45,-66.08)	2022-09-28 19:58:50.744926+00	2022-09-28 19:58:50.744926+00
908	PR	0	(18.4,-66.06)	2022-09-28 19:58:50.744926+00	2022-09-28 19:58:50.744926+00
909	PR	24201	(18.44,-66.07)	2022-09-28 19:58:50.744926+00	2022-09-28 19:58:50.744926+00
910	PR	0	(18.4,-66.06)	2022-09-28 19:58:50.744926+00	2022-09-28 19:58:50.744926+00
911	PR	52912	(18.45,-66.06)	2022-09-28 19:58:50.744926+00	2022-09-28 19:58:50.744926+00
912	PR	28107	(18.45,-66.06)	2022-09-28 19:58:50.744926+00	2022-09-28 19:58:50.744926+00
913	PR	4506	(18.45,-66.04)	2022-09-28 19:58:50.744926+00	2022-09-28 19:58:50.744926+00
914	PR	0	(18.4,-66.06)	2022-09-28 19:58:50.744926+00	2022-09-28 19:58:50.744926+00
915	PR	15508	(18.44,-66.05)	2022-09-28 19:58:50.744926+00	2022-09-28 19:58:50.744926+00
916	PR	0	(18.4,-66.06)	2022-09-28 19:58:50.744926+00	2022-09-28 19:58:50.744926+00
917	PR	21911	(18.42,-66.05)	2022-09-28 19:58:50.744926+00	2022-09-28 19:58:50.744926+00
918	PR	43022	(18.42,-66.07)	2022-09-28 19:58:50.744926+00	2022-09-28 19:58:50.744926+00
919	PR	0	(18.4,-66.06)	2022-09-28 19:58:50.744926+00	2022-09-28 19:58:50.744926+00
920	PR	33612	(18.41,-66.09)	2022-09-28 19:58:50.744926+00	2022-09-28 19:58:50.744926+00
921	PR	23803	(18.39,-66.09)	2022-09-28 19:58:50.744926+00	2022-09-28 19:58:50.744926+00
922	PR	0	(18.4,-66.06)	2022-09-28 19:58:50.744926+00	2022-09-28 19:58:50.744926+00
923	PR	18466	(18.41,-66.04)	2022-09-28 19:58:50.744926+00	2022-09-28 19:58:50.744926+00
924	PR	20848	(18.4,-66.01)	2022-09-28 19:58:50.744926+00	2022-09-28 19:58:50.744926+00
925	PR	17024	(18.4,-66.05)	2022-09-28 19:58:50.744926+00	2022-09-28 19:58:50.744926+00
926	PR	45197	(18.35,-66.05)	2022-09-28 19:58:50.744926+00	2022-09-28 19:58:50.744926+00
927	PR	51667	(18.4,-66.06)	2022-09-28 19:58:50.744926+00	2022-09-28 19:58:50.744926+00
928	PR	0	(18.4,-66.06)	2022-09-28 19:58:50.744926+00	2022-09-28 19:58:50.744926+00
929	PR	0	(18.4,-66.06)	2022-09-28 19:58:50.744926+00	2022-09-28 19:58:50.744926+00
930	PR	0	(18.4,-66.06)	2022-09-28 19:58:50.744926+00	2022-09-28 19:58:50.744926+00
931	PR	0	(18.4,-66.06)	2022-09-28 19:58:50.744926+00	2022-09-28 19:58:50.744926+00
933	PR	0	(18.4,-66.06)	2022-09-28 19:58:50.744926+00	2022-09-28 19:58:50.744926+00
934	PR	0	(18.41,-66.12)	2022-09-28 19:58:50.744926+00	2022-09-28 19:58:50.744926+00
935	PR	0	(18.4,-66.06)	2022-09-28 19:58:50.744926+00	2022-09-28 19:58:50.744926+00
936	PR	0	(18.4,-66.07)	2022-09-28 19:58:50.744926+00	2022-09-28 19:58:50.744926+00
937	PR	0	(18.4,-66.06)	2022-09-28 19:58:50.744926+00	2022-09-28 19:58:50.744926+00
939	PR	0	(18.4,-66.06)	2022-09-28 19:58:50.744926+00	2022-09-28 19:58:50.744926+00
940	PR	0	(18.4,-66.06)	2022-09-28 19:58:50.744926+00	2022-09-28 19:58:50.744926+00
949	PR	32175	(18.44,-66.25)	2022-09-28 19:58:50.744926+00	2022-09-28 19:58:50.744926+00
950	PR	0	(18.46,-66.23)	2022-09-28 19:58:50.744926+00	2022-09-28 19:58:50.744926+00
951	PR	0	(18.43,-66.25)	2022-09-28 19:58:50.744926+00	2022-09-28 19:58:50.744926+00
952	PR	18679	(18.42,-66.19)	2022-09-28 19:58:50.744926+00	2022-09-28 19:58:50.744926+00
953	PR	34545	(18.39,-66.25)	2022-09-28 19:58:50.744926+00	2022-09-28 19:58:50.744926+00
954	PR	0	(18.39,-66.25)	2022-09-28 19:58:50.744926+00	2022-09-28 19:58:50.744926+00
955	PR	0	(18.4,-66.06)	2022-09-28 19:58:50.744926+00	2022-09-28 19:58:50.744926+00
956	PR	27862	(18.32,-66.17)	2022-09-28 19:58:50.744926+00	2022-09-28 19:58:50.744926+00
957	PR	30522	(18.37,-66.19)	2022-09-28 19:58:50.744926+00	2022-09-28 19:58:50.744926+00
958	PR	0	(18.28,-66.13)	2022-09-28 19:58:50.744926+00	2022-09-28 19:58:50.744926+00
959	PR	36643	(18.39,-66.15)	2022-09-28 19:58:50.744926+00	2022-09-28 19:58:50.744926+00
960	PR	0	(18.42,-66.15)	2022-09-28 19:58:50.744926+00	2022-09-28 19:58:50.744926+00
961	PR	36292	(18.41,-66.17)	2022-09-28 19:58:50.744926+00	2022-09-28 19:58:50.744926+00
962	PR	18520	(18.44,-66.15)	2022-09-28 19:58:50.744926+00	2022-09-28 19:58:50.744926+00
963	PR	0	(18.43,-66.11)	2022-09-28 19:58:50.744926+00	2022-09-28 19:58:50.744926+00
965	PR	19460	(18.43,-66.11)	2022-09-28 19:58:50.744926+00	2022-09-28 19:58:50.744926+00
966	PR	65114	(18.4,-66.12)	2022-09-28 19:58:50.744926+00	2022-09-28 19:58:50.744926+00
968	PR	88869	(18.41,-66.1)	2022-09-28 19:58:50.744926+00	2022-09-28 19:58:50.744926+00
969	PR	58539	(18.38,-66.11)	2022-09-28 19:58:50.744926+00	2022-09-28 19:58:50.744926+00
970	PR	0	(18.38,-66.11)	2022-09-28 19:58:50.744926+00	2022-09-28 19:58:50.744926+00
971	PR	29418	(18.32,-66.12)	2022-09-28 19:58:50.744926+00	2022-09-28 19:58:50.744926+00
975	PR	0	(18.4,-66.06)	2022-09-28 19:58:50.744926+00	2022-09-28 19:58:50.744926+00
976	PR	39346	(18.36,-66.01)	2022-09-28 19:58:50.744926+00	2022-09-28 19:58:50.744926+00
977	PR	0	(18.36,-66.01)	2022-09-28 19:58:50.744926+00	2022-09-28 19:58:50.744926+00
978	PR	0	(18.37,-66.01)	2022-09-28 19:58:50.744926+00	2022-09-28 19:58:50.744926+00
979	PR	47639	(18.44,-66.03)	2022-09-28 19:58:50.744926+00	2022-09-28 19:58:50.744926+00
981	PR	0	(18.4,-65.98)	2022-09-28 19:58:50.744926+00	2022-09-28 19:58:50.744926+00
982	PR	28143	(18.41,-65.99)	2022-09-28 19:58:50.744926+00	2022-09-28 19:58:50.744926+00
983	PR	30010	(18.4,-65.98)	2022-09-28 19:58:50.744926+00	2022-09-28 19:58:50.744926+00
984	PR	0	(18.4,-65.98)	2022-09-28 19:58:50.744926+00	2022-09-28 19:58:50.744926+00
985	PR	31349	(18.41,-65.95)	2022-09-28 19:58:50.744926+00	2022-09-28 19:58:50.744926+00
986	PR	0	(18.4,-65.98)	2022-09-28 19:58:50.744926+00	2022-09-28 19:58:50.744926+00
987	PR	37438	(18.34,-65.94)	2022-09-28 19:58:50.744926+00	2022-09-28 19:58:50.744926+00
988	PR	0	(18.4,-65.98)	2022-09-28 19:58:50.744926+00	2022-09-28 19:58:50.744926+00
96799	AS	0	(-14.27,-170.7)	2022-09-28 19:58:50.744926+00	2022-09-28 19:58:50.744926+00
96910	GU	0	(13.47,144.74)	2022-09-28 19:58:50.744926+00	2022-09-28 19:58:50.744926+00
96912	GU	0	(13.51,144.83)	2022-09-28 19:58:50.744926+00	2022-09-28 19:58:50.744926+00
96913	GU	0	(13.46,144.79)	2022-09-28 19:58:50.744926+00	2022-09-28 19:58:50.744926+00
96915	GU	0	(13.38,144.66)	2022-09-28 19:58:50.744926+00	2022-09-28 19:58:50.744926+00
96916	GU	0	(13.26,144.66)	2022-09-28 19:58:50.744926+00	2022-09-28 19:58:50.744926+00
96917	GU	0	(13.27,144.74)	2022-09-28 19:58:50.744926+00	2022-09-28 19:58:50.744926+00
96919	GU	0	(13.46,144.74)	2022-09-28 19:58:50.744926+00	2022-09-28 19:58:50.744926+00
96921	GU	0	(13.46,144.79)	2022-09-28 19:58:50.744926+00	2022-09-28 19:58:50.744926+00
96923	GU	0	(13.43,144.79)	2022-09-28 19:58:50.744926+00	2022-09-28 19:58:50.744926+00
96928	GU	0	(13.38,144.65)	2022-09-28 19:58:50.744926+00	2022-09-28 19:58:50.744926+00
96929	GU	0	(13.53,144.88)	2022-09-28 19:58:50.744926+00	2022-09-28 19:58:50.744926+00
96931	GU	0	(13.48,144.77)	2022-09-28 19:58:50.744926+00	2022-09-28 19:58:50.744926+00
96932	GU	0	(13.47,144.74)	2022-09-28 19:58:50.744926+00	2022-09-28 19:58:50.744926+00
96939	PW	0	(7.51,134.58)	2022-09-28 19:58:50.744926+00	2022-09-28 19:58:50.744926+00
96940	PW	0	(7.5,134.5)	2022-09-28 19:58:50.744926+00	2022-09-28 19:58:50.744926+00
96941	FM	0	(6.85,158.26)	2022-09-28 19:58:50.744926+00	2022-09-28 19:58:50.744926+00
96942	FM	0	(7.33,151.8)	2022-09-28 19:58:50.744926+00	2022-09-28 19:58:50.744926+00
96943	FM	0	(9.5,138.14)	2022-09-28 19:58:50.744926+00	2022-09-28 19:58:50.744926+00
96944	FM	0	(5.29,162.97)	2022-09-28 19:58:50.744926+00	2022-09-28 19:58:50.744926+00
96950	MP	0	(15.17,145.75)	2022-09-28 19:58:50.744926+00	2022-09-28 19:58:50.744926+00
96951	MP	0	(14.15,145.21)	2022-09-28 19:58:50.744926+00	2022-09-28 19:58:50.744926+00
96952	MP	0	(15,145.63)	2022-09-28 19:58:50.744926+00	2022-09-28 19:58:50.744926+00
96960	MH	0	(7.11,171.18)	2022-09-28 19:58:50.744926+00	2022-09-28 19:58:50.744926+00
96970	MH	0	(8.78,167.73)	2022-09-28 19:58:50.744926+00	2022-09-28 19:58:50.744926+00
\.


--
-- Data for Name: schools; Type: TABLE DATA; Schema: upchieve; Owner: admin
--

COPY upchieve.schools (id, name, approved, partner, city_id, created_at, updated_at, mongo_id, legacy_city_name) FROM stdin;
018385ae-3f52-20b2-49c2-e24152072896	Unapproved School	f	f	1	2022-09-28 19:58:52.754854+00	2022-09-28 19:58:52.754854+00	\N	\N
018385ae-3f52-55e8-a1bc-f480f162685e	Approved School	t	f	1	2022-09-28 19:58:52.756919+00	2022-09-28 19:58:52.756919+00	\N	\N
018385ae-3f52-0a7a-08c1-96cdcf627368	Approved Partner School	t	t	2	2022-09-28 19:58:52.75805+00	2022-09-28 19:58:52.75805+00	\N	\N
018385ae-3f52-9760-dea8-fe97b6aa5754	Another Approved Partner School	t	t	2	2022-09-28 19:58:52.759199+00	2022-09-28 19:58:52.759199+00	\N	\N
01843060-0601-299b-8f8f-23c1dcf86b03	Unapproved School	f	f	1	2022-10-31 23:28:30.211938+00	2022-10-31 23:28:30.211938+00	\N	\N
01843060-0601-381d-ab30-812096386508	Approved School	t	f	1	2022-10-31 23:28:30.216093+00	2022-10-31 23:28:30.216093+00	\N	\N
01843060-0601-8ef2-360d-9929f1612c34	Approved Partner School	t	t	2	2022-10-31 23:28:30.218516+00	2022-10-31 23:28:30.218516+00	\N	\N
01843060-0601-0647-fc8b-e8d88efbfef2	Another Approved Partner School	t	t	2	2022-10-31 23:28:30.220828+00	2022-10-31 23:28:30.220828+00	\N	\N
\.


--
-- Data for Name: ineligible_students; Type: TABLE DATA; Schema: upchieve; Owner: admin
--

COPY upchieve.ineligible_students (id, email, postal_code, ip_address_id, school_id, grade_level_id, created_at, updated_at, mongo_id, referred_by) FROM stdin;
\.


--
-- Data for Name: legacy_availability_histories; Type: TABLE DATA; Schema: upchieve; Owner: admin
--

COPY upchieve.legacy_availability_histories (id, mongo_id, user_id, timezone, recorded_at, legacy_availability, created_at, updated_at) FROM stdin;
\.


--
-- Data for Name: notification_methods; Type: TABLE DATA; Schema: upchieve; Owner: admin
--

COPY upchieve.notification_methods (id, method, created_at, updated_at) FROM stdin;
1	sms	2022-09-28 19:58:50.625+00	2022-09-28 19:58:50.625+00
2	push	2022-09-28 19:58:50.626337+00	2022-09-28 19:58:50.626337+00
3	voice	2022-09-28 19:58:50.627855+00	2022-09-28 19:58:50.627855+00
4	email	2022-09-28 19:58:50.629073+00	2022-09-28 19:58:50.629073+00
\.


--
-- Data for Name: notification_priority_groups; Type: TABLE DATA; Schema: upchieve; Owner: admin
--

COPY upchieve.notification_priority_groups (id, name, priority, created_at, updated_at) FROM stdin;
1	follow-up	-1	2022-09-28 19:58:50.634115+00	2022-09-28 19:58:50.634115+00
11	LEGACY: Regular volunteers - not notified in the last 7 days	-1	2022-09-28 19:58:50.654921+00	2022-09-28 19:58:50.654921+00
12	LEGACY: Partner volunteers - not notified in the last 7 days	-1	2022-09-28 19:58:50.656075+00	2022-09-28 19:58:50.656075+00
13	LEGACY: Partner volunteers - not notified in the last 3 days	-1	2022-09-28 19:58:50.657221+00	2022-09-28 19:58:50.657221+00
14	LEGACY: All volunteers - not notified in the last 15 mins who don't have "high level subjects"	-1	2022-09-28 19:58:50.658303+00	2022-09-28 19:58:50.658303+00
15	LEGACY: Mizuho and Atlassian volunteers - Not notified in last 3 days	-1	2022-09-28 19:58:50.666551+00	2022-09-28 19:58:50.666551+00
16	LEGACY: null	-1	2022-09-28 19:58:50.668173+00	2022-09-28 19:58:50.668173+00
2	Partner volunteers - not notified in the last 3 days AND they don't have "high level subjects"	20	2022-09-28 19:58:50.635775+00	2022-09-28 19:58:50.730925+00
3	Regular volunteers - not notified in the last 3 days AND they don't have "high level subjects"	30	2022-09-28 19:58:50.637462+00	2022-09-28 19:58:50.730925+00
4	Partner volunteers - not notified in the last 24 hours AND they don't have "high level subjects"	40	2022-09-28 19:58:50.638926+00	2022-09-28 19:58:50.730925+00
5	Regular volunteers - not notified in the last 24 hours AND they don't have "high level subjects"	50	2022-09-28 19:58:50.640295+00	2022-09-28 19:58:50.730925+00
6	All volunteers - not notified in the last 24 hours	60	2022-09-28 19:58:50.641487+00	2022-09-28 19:58:50.730925+00
7	All volunteers - not notified in the last 60 mins	70	2022-09-28 19:58:50.642804+00	2022-09-28 19:58:50.730925+00
8	All volunteers - not notified in the last 15 mins	80	2022-09-28 19:58:50.644143+00	2022-09-28 19:58:50.730925+00
9	Verizon volunteers - not notified in the last 24 hours AND they don't have "high level subjects"	90	2022-09-28 19:58:50.65156+00	2022-09-28 19:58:50.730925+00
10	Verizon volunteers - not notified in the last 3 days AND they don't have "high level subjects"	100	2022-09-28 19:58:50.653471+00	2022-09-28 19:58:50.730925+00
17	Favorite volunteers - not notified in the last 15 mins	10	2022-09-28 19:58:50.730925+00	2022-09-28 19:58:50.730925+00
18	Associated partner volunteers - not notified in the last 24 hours AND they don't have "high level subjects"	85	2022-09-28 19:58:50.763466+00	2022-09-28 19:58:50.763466+00
19	Associated partner volunteers - not notified in the last 3 days AND they don't have "high level subjects"	95	2022-09-28 19:58:50.763466+00	2022-09-28 19:58:50.763466+00
\.


--
-- Data for Name: notification_types; Type: TABLE DATA; Schema: upchieve; Owner: admin
--

COPY upchieve.notification_types (id, type, created_at, updated_at) FROM stdin;
1	initial	2022-09-28 19:58:50.622434+00	2022-09-28 19:58:50.622434+00
2	followup	2022-09-28 19:58:50.623713+00	2022-09-28 19:58:50.623713+00
\.


--
-- Data for Name: notifications; Type: TABLE DATA; Schema: upchieve; Owner: admin
--

COPY upchieve.notifications (id, user_id, sent_at, type_id, method_id, priority_group_id, successful, session_id, message_carrier_id, created_at, updated_at, mongo_id) FROM stdin;
\.


--
-- Data for Name: photo_id_statuses; Type: TABLE DATA; Schema: upchieve; Owner: admin
--

COPY upchieve.photo_id_statuses (id, name, created_at, updated_at) FROM stdin;
1	approved	2022-09-28 19:58:50.038041+00	2022-09-28 19:58:50.038041+00
2	submitted	2022-09-28 19:58:50.039454+00	2022-09-28 19:58:50.039454+00
3	rejected	2022-09-28 19:58:50.040611+00	2022-09-28 19:58:50.040611+00
4	empty	2022-09-28 19:58:50.041656+00	2022-09-28 19:58:50.041656+00
\.


--
-- Data for Name: pre_session_surveys; Type: TABLE DATA; Schema: upchieve; Owner: admin
--

COPY upchieve.pre_session_surveys (id, response_data, session_id, user_id, created_at, updated_at, mongo_id) FROM stdin;
\.


--
-- Data for Name: push_tokens; Type: TABLE DATA; Schema: upchieve; Owner: admin
--

COPY upchieve.push_tokens (id, user_id, token, created_at, updated_at) FROM stdin;
0183adc4-ae54-fb82-c0d4-ce4b6562fe17	018385ae-4029-0209-e4b1-fd8f2f7f5514	eeI5A9CleEZRhlUuzooXyg:APA91bHlFvkLcywbjc-inAml252kWnrjRSWYIotJAdboU_UJD6RzU0xtzF1WSjJiSm530Y_Cd3_hphZHHjZNgaT-1dOjIXrTrNYNS_3tXN6jpTelUg9rC31niAz3PwhbilO7h0zbSW0D	2022-10-06 14:48:11.60535+00	2022-10-06 14:48:11.60535+00
0183af05-0a8f-4172-8186-724e7400e805	018385ae-4029-8973-b969-b6b660c58425	cqQ8OmmPfkFwuE_rxaO2L5:APA91bEgL-SBQYg8xNtHYRoZfail_C7PiAkhsRgz3rhVCLlKdgc5XmfrMh8tnIHESc7qF4idtBwVIGNZSIKzjw15XvkY5sfzyMkofgRQ3Bprv_rvhR2hUUC189p8g2bN3GQZzNqcNhrU	2022-10-06 20:38:06.736029+00	2022-10-06 20:38:06.736029+00
0183c852-d3dd-18db-01b9-cfe78c20943b	018385ae-4029-0209-e4b1-fd8f2f7f5514	cqQ8OmmPfkFwuE_rxaO2L5:APA91bEgL-SBQYg8xNtHYRoZfail_C7PiAkhsRgz3rhVCLlKdgc5XmfrMh8tnIHESc7qF4idtBwVIGNZSIKzjw15XvkY5sfzyMkofgRQ3Bprv_rvhR2hUUC189p8g2bN3GQZzNqcNhrU	2022-10-11 18:33:34.934638+00	2022-10-11 18:33:34.934638+00
\.


--
-- Data for Name: question_tags; Type: TABLE DATA; Schema: upchieve; Owner: admin
--

COPY upchieve.question_tags (id, name, created_at, updated_at) FROM stdin;
\.


--
-- Data for Name: question_types; Type: TABLE DATA; Schema: upchieve; Owner: admin
--

COPY upchieve.question_types (id, name, created_at, updated_at) FROM stdin;
1	multiple choice	2022-09-28 19:58:50.769103+00	2022-09-28 19:58:50.769103+00
2	check box	2022-09-28 19:58:50.769103+00	2022-09-28 19:58:50.769103+00
3	free response	2022-09-28 19:58:50.769103+00	2022-09-28 19:58:50.769103+00
\.


--
-- Data for Name: quizzes; Type: TABLE DATA; Schema: upchieve; Owner: admin
--

COPY upchieve.quizzes (id, name, created_at, updated_at) FROM stdin;
1	prealgebra	2022-09-28 19:58:50.090272+00	2022-09-28 19:58:50.090272+00
2	statistics	2022-09-28 19:58:50.091351+00	2022-09-28 19:58:50.091351+00
3	geometry	2022-09-28 19:58:50.092411+00	2022-09-28 19:58:50.092411+00
4	biology	2022-09-28 19:58:50.093413+00	2022-09-28 19:58:50.093413+00
5	chemistry	2022-09-28 19:58:50.094339+00	2022-09-28 19:58:50.094339+00
6	physicsOne	2022-09-28 19:58:50.095347+00	2022-09-28 19:58:50.095347+00
7	physicsTwo	2022-09-28 19:58:50.096488+00	2022-09-28 19:58:50.096488+00
8	environmentalScience	2022-09-28 19:58:50.097807+00	2022-09-28 19:58:50.097807+00
9	essays	2022-09-28 19:58:50.098974+00	2022-09-28 19:58:50.098974+00
10	applications	2022-09-28 19:58:50.100014+00	2022-09-28 19:58:50.100014+00
11	planning	2022-09-28 19:58:50.101276+00	2022-09-28 19:58:50.101276+00
12	satMath	2022-09-28 19:58:50.102636+00	2022-09-28 19:58:50.102636+00
13	satReading	2022-09-28 19:58:50.103662+00	2022-09-28 19:58:50.103662+00
14	collegeCounseling	2022-09-28 19:58:50.104622+00	2022-09-28 19:58:50.104622+00
15	humanitiesEssays	2022-09-28 19:58:50.105519+00	2022-09-28 19:58:50.105519+00
16	algebraOne	2022-09-28 19:58:50.10647+00	2022-09-28 19:58:50.10647+00
17	algebraTwo	2022-09-28 19:58:50.107497+00	2022-09-28 19:58:50.107497+00
18	trigonometry	2022-09-28 19:58:50.108587+00	2022-09-28 19:58:50.108587+00
19	precalculus	2022-09-28 19:58:50.109598+00	2022-09-28 19:58:50.109598+00
20	calculusAB	2022-09-28 19:58:50.110609+00	2022-09-28 19:58:50.110609+00
21	calculusBC	2022-09-28 19:58:50.111511+00	2022-09-28 19:58:50.111511+00
22	upchieve101	2022-09-28 19:58:50.112628+00	2022-09-28 19:58:50.112628+00
23	reading	2022-09-28 19:58:50.113497+00	2022-09-28 19:58:50.113497+00
24	anatomy	2022-09-28 19:58:50.114518+00	2022-09-28 19:58:50.114518+00
25	usHistory	2022-09-28 19:58:50.788195+00	2022-09-28 19:58:50.788195+00
\.


--
-- Data for Name: quiz_certification_grants; Type: TABLE DATA; Schema: upchieve; Owner: admin
--

COPY upchieve.quiz_certification_grants (quiz_id, certification_id, created_at, updated_at) FROM stdin;
1	1	2022-09-28 19:58:50.48932+00	2022-09-28 19:58:50.48932+00
2	2	2022-09-28 19:58:50.490759+00	2022-09-28 19:58:50.490759+00
3	3	2022-09-28 19:58:50.491821+00	2022-09-28 19:58:50.491821+00
4	4	2022-09-28 19:58:50.492892+00	2022-09-28 19:58:50.492892+00
5	5	2022-09-28 19:58:50.494005+00	2022-09-28 19:58:50.494005+00
6	6	2022-09-28 19:58:50.495145+00	2022-09-28 19:58:50.495145+00
7	7	2022-09-28 19:58:50.496115+00	2022-09-28 19:58:50.496115+00
8	8	2022-09-28 19:58:50.497109+00	2022-09-28 19:58:50.497109+00
9	9	2022-09-28 19:58:50.498229+00	2022-09-28 19:58:50.498229+00
10	10	2022-09-28 19:58:50.499132+00	2022-09-28 19:58:50.499132+00
11	11	2022-09-28 19:58:50.500152+00	2022-09-28 19:58:50.500152+00
12	12	2022-09-28 19:58:50.50191+00	2022-09-28 19:58:50.50191+00
13	13	2022-09-28 19:58:50.50303+00	2022-09-28 19:58:50.50303+00
14	11	2022-09-28 19:58:50.504193+00	2022-09-28 19:58:50.504193+00
14	10	2022-09-28 19:58:50.50516+00	2022-09-28 19:58:50.50516+00
15	15	2022-09-28 19:58:50.506196+00	2022-09-28 19:58:50.506196+00
17	16	2022-09-28 19:58:50.50709+00	2022-09-28 19:58:50.50709+00
17	17	2022-09-28 19:58:50.507998+00	2022-09-28 19:58:50.507998+00
17	1	2022-09-28 19:58:50.509049+00	2022-09-28 19:58:50.509049+00
16	16	2022-09-28 19:58:50.510127+00	2022-09-28 19:58:50.510127+00
16	1	2022-09-28 19:58:50.511099+00	2022-09-28 19:58:50.511099+00
18	18	2022-09-28 19:58:50.512189+00	2022-09-28 19:58:50.512189+00
19	16	2022-09-28 19:58:50.513116+00	2022-09-28 19:58:50.513116+00
19	17	2022-09-28 19:58:50.514099+00	2022-09-28 19:58:50.514099+00
19	1	2022-09-28 19:58:50.515082+00	2022-09-28 19:58:50.515082+00
19	18	2022-09-28 19:58:50.516075+00	2022-09-28 19:58:50.516075+00
19	19	2022-09-28 19:58:50.51711+00	2022-09-28 19:58:50.51711+00
20	16	2022-09-28 19:58:50.51827+00	2022-09-28 19:58:50.51827+00
20	17	2022-09-28 19:58:50.519479+00	2022-09-28 19:58:50.519479+00
20	1	2022-09-28 19:58:50.520762+00	2022-09-28 19:58:50.520762+00
20	18	2022-09-28 19:58:50.521945+00	2022-09-28 19:58:50.521945+00
20	19	2022-09-28 19:58:50.52314+00	2022-09-28 19:58:50.52314+00
20	20	2022-09-28 19:58:50.524196+00	2022-09-28 19:58:50.524196+00
21	16	2022-09-28 19:58:50.525137+00	2022-09-28 19:58:50.525137+00
21	17	2022-09-28 19:58:50.526075+00	2022-09-28 19:58:50.526075+00
21	1	2022-09-28 19:58:50.526915+00	2022-09-28 19:58:50.526915+00
21	18	2022-09-28 19:58:50.527871+00	2022-09-28 19:58:50.527871+00
21	19	2022-09-28 19:58:50.528945+00	2022-09-28 19:58:50.528945+00
21	20	2022-09-28 19:58:50.529909+00	2022-09-28 19:58:50.529909+00
21	21	2022-09-28 19:58:50.53086+00	2022-09-28 19:58:50.53086+00
23	22	2022-09-28 19:58:50.737804+00	2022-09-28 19:58:50.737804+00
25	23	2022-09-28 19:58:50.788195+00	2022-09-28 19:58:50.788195+00
\.


--
-- Data for Name: quiz_subcategories; Type: TABLE DATA; Schema: upchieve; Owner: admin
--

COPY upchieve.quiz_subcategories (id, name, quiz_id, created_at, updated_at) FROM stdin;
1	numbers	1	2022-09-28 19:58:50.116776+00	2022-09-28 19:58:50.116776+00
2	arithmetic properties	1	2022-09-28 19:58:50.118088+00	2022-09-28 19:58:50.118088+00
3	exponents	1	2022-09-28 19:58:50.119442+00	2022-09-28 19:58:50.119442+00
4	exponents and radicals	1	2022-09-28 19:58:50.120603+00	2022-09-28 19:58:50.120603+00
5	polynomials	1	2022-09-28 19:58:50.121593+00	2022-09-28 19:58:50.121593+00
6	fractions	1	2022-09-28 19:58:50.122583+00	2022-09-28 19:58:50.122583+00
7	linear equations	16	2022-09-28 19:58:50.123562+00	2022-09-28 19:58:50.123562+00
8	rational exponents and radicals	16	2022-09-28 19:58:50.12445+00	2022-09-28 19:58:50.12445+00
9	application of linear equations	16	2022-09-28 19:58:50.125345+00	2022-09-28 19:58:50.125345+00
10	two variable equations	16	2022-09-28 19:58:50.126285+00	2022-09-28 19:58:50.126285+00
11	rational expressions	16	2022-09-28 19:58:50.127298+00	2022-09-28 19:58:50.127298+00
12	complex numbers	16	2022-09-28 19:58:50.128262+00	2022-09-28 19:58:50.128262+00
13	functions_domain_range	17	2022-09-28 19:58:50.129483+00	2022-09-28 19:58:50.129483+00
14	higher_degree_polynomials	17	2022-09-28 19:58:50.13104+00	2022-09-28 19:58:50.13104+00
15	square_root_equations	17	2022-09-28 19:58:50.132231+00	2022-09-28 19:58:50.132231+00
16	roots_of_polynomials	17	2022-09-28 19:58:50.133188+00	2022-09-28 19:58:50.133188+00
17	multiply_polynomials_binomial	17	2022-09-28 19:58:50.134117+00	2022-09-28 19:58:50.134117+00
18	rational_radical_absolute	17	2022-09-28 19:58:50.135143+00	2022-09-28 19:58:50.135143+00
19	logarithms_properties	17	2022-09-28 19:58:50.136446+00	2022-09-28 19:58:50.136446+00
20	rational_expressions	17	2022-09-28 19:58:50.137548+00	2022-09-28 19:58:50.137548+00
21	systems_of_linear_equations	17	2022-09-28 19:58:50.138708+00	2022-09-28 19:58:50.138708+00
22	arithmetic_and_geometric_sequences	17	2022-09-28 19:58:50.139697+00	2022-09-28 19:58:50.139697+00
23	functions_domain	17	2022-09-28 19:58:50.140644+00	2022-09-28 19:58:50.140644+00
24	solving_linear_equations	17	2022-09-28 19:58:50.141704+00	2022-09-28 19:58:50.141704+00
25	function_transformations_shifts	17	2022-09-28 19:58:50.142623+00	2022-09-28 19:58:50.142623+00
26	graphing_quadratic_functions	17	2022-09-28 19:58:50.143462+00	2022-09-28 19:58:50.143462+00
27	exponential_functions_growth	17	2022-09-28 19:58:50.144567+00	2022-09-28 19:58:50.144567+00
28	rounding_and_scientific_notation	17	2022-09-28 19:58:50.145967+00	2022-09-28 19:58:50.145967+00
29	square root_equations_quadratic	17	2022-09-28 19:58:50.14724+00	2022-09-28 19:58:50.14724+00
30	advanced_factoring_techniques	17	2022-09-28 19:58:50.148363+00	2022-09-28 19:58:50.148363+00
31	congruence and similarity	3	2022-09-28 19:58:50.149455+00	2022-09-28 19:58:50.149455+00
32	vertices	3	2022-09-28 19:58:50.150412+00	2022-09-28 19:58:50.150412+00
33	angles	3	2022-09-28 19:58:50.151451+00	2022-09-28 19:58:50.151451+00
34	circles	3	2022-09-28 19:58:50.152364+00	2022-09-28 19:58:50.152364+00
35	triangles	3	2022-09-28 19:58:50.153285+00	2022-09-28 19:58:50.153285+00
36	rectangles	3	2022-09-28 19:58:50.154113+00	2022-09-28 19:58:50.154113+00
37	angles	18	2022-09-28 19:58:50.155099+00	2022-09-28 19:58:50.155099+00
38	triangles	18	2022-09-28 19:58:50.156054+00	2022-09-28 19:58:50.156054+00
39	right triangles	18	2022-09-28 19:58:50.157081+00	2022-09-28 19:58:50.157081+00
40	quadrants	18	2022-09-28 19:58:50.158183+00	2022-09-28 19:58:50.158183+00
41	radians	18	2022-09-28 19:58:50.159106+00	2022-09-28 19:58:50.159106+00
42	unit circles	18	2022-09-28 19:58:50.159985+00	2022-09-28 19:58:50.159985+00
43	inequalities	18	2022-09-28 19:58:50.160842+00	2022-09-28 19:58:50.160842+00
44	representing data numerically	2	2022-09-28 19:58:50.161729+00	2022-09-28 19:58:50.161729+00
45	representing data graphically	2	2022-09-28 19:58:50.162692+00	2022-09-28 19:58:50.162692+00
46	two means	2	2022-09-28 19:58:50.163502+00	2022-09-28 19:58:50.163502+00
47	two proportions	2	2022-09-28 19:58:50.164364+00	2022-09-28 19:58:50.164364+00
48	levels of measurement	2	2022-09-28 19:58:50.16532+00	2022-09-28 19:58:50.16532+00
49	types of sampling	2	2022-09-28 19:58:50.166205+00	2022-09-28 19:58:50.166205+00
50	finding probability	2	2022-09-28 19:58:50.166963+00	2022-09-28 19:58:50.166963+00
51	finding x from z score	2	2022-09-28 19:58:50.167832+00	2022-09-28 19:58:50.167832+00
52	z score	2	2022-09-28 19:58:50.168818+00	2022-09-28 19:58:50.168818+00
53	basic set operations	2	2022-09-28 19:58:50.169824+00	2022-09-28 19:58:50.169824+00
54	compound events	2	2022-09-28 19:58:50.170931+00	2022-09-28 19:58:50.170931+00
55	conditional probability	2	2022-09-28 19:58:50.171961+00	2022-09-28 19:58:50.171961+00
56	independent probability	2	2022-09-28 19:58:50.17299+00	2022-09-28 19:58:50.17299+00
57	permutations and combinations	2	2022-09-28 19:58:50.174054+00	2022-09-28 19:58:50.174054+00
58	random variables distributions	2	2022-09-28 19:58:50.175039+00	2022-09-28 19:58:50.175039+00
59	relationships between variables	2	2022-09-28 19:58:50.176017+00	2022-09-28 19:58:50.176017+00
60	confidence intervals	2	2022-09-28 19:58:50.17715+00	2022-09-28 19:58:50.17715+00
61	interpreting pvalue	2	2022-09-28 19:58:50.178123+00	2022-09-28 19:58:50.178123+00
62	finding the test statistic	2	2022-09-28 19:58:50.179241+00	2022-09-28 19:58:50.179241+00
63	rectangular coordinates	19	2022-09-28 19:58:50.180339+00	2022-09-28 19:58:50.180339+00
64	linear inequalities	19	2022-09-28 19:58:50.181544+00	2022-09-28 19:58:50.181544+00
65	functions	19	2022-09-28 19:58:50.183086+00	2022-09-28 19:58:50.183086+00
66	rational exponents	19	2022-09-28 19:58:50.184261+00	2022-09-28 19:58:50.184261+00
67	quadratic functions	19	2022-09-28 19:58:50.185404+00	2022-09-28 19:58:50.185404+00
68	logarithms and exponents	19	2022-09-28 19:58:50.186399+00	2022-09-28 19:58:50.186399+00
69	absolute extrema	20	2022-09-28 19:58:50.187377+00	2022-09-28 19:58:50.187377+00
70	antiderivatives	20	2022-09-28 19:58:50.188455+00	2022-09-28 19:58:50.188455+00
71	area between curves	20	2022-09-28 19:58:50.189502+00	2022-09-28 19:58:50.189502+00
72	chain rule	20	2022-09-28 19:58:50.190683+00	2022-09-28 19:58:50.190683+00
73	concavity	20	2022-09-28 19:58:50.191789+00	2022-09-28 19:58:50.191789+00
74	continuity	20	2022-09-28 19:58:50.192839+00	2022-09-28 19:58:50.192839+00
75	derivatives	20	2022-09-28 19:58:50.194094+00	2022-09-28 19:58:50.194094+00
76	differential equations	20	2022-09-28 19:58:50.1952+00	2022-09-28 19:58:50.1952+00
77	fundamental theorem	20	2022-09-28 19:58:50.196327+00	2022-09-28 19:58:50.196327+00
78	lhopitals rule	20	2022-09-28 19:58:50.197512+00	2022-09-28 19:58:50.197512+00
79	implicit differentiation	20	2022-09-28 19:58:50.198735+00	2022-09-28 19:58:50.198735+00
80	mean value theorem	20	2022-09-28 19:58:50.199734+00	2022-09-28 19:58:50.199734+00
81	optimization	20	2022-09-28 19:58:50.200757+00	2022-09-28 19:58:50.200757+00
82	reimann sums	20	2022-09-28 19:58:50.201854+00	2022-09-28 19:58:50.201854+00
83	related rates	20	2022-09-28 19:58:50.203053+00	2022-09-28 19:58:50.203053+00
84	relative extrema	20	2022-09-28 19:58:50.203963+00	2022-09-28 19:58:50.203963+00
85	absolute extrema	21	2022-09-28 19:58:50.204965+00	2022-09-28 19:58:50.204965+00
86	antiderivatives	21	2022-09-28 19:58:50.205903+00	2022-09-28 19:58:50.205903+00
87	area between curves	21	2022-09-28 19:58:50.206865+00	2022-09-28 19:58:50.206865+00
88	chain rule	21	2022-09-28 19:58:50.207991+00	2022-09-28 19:58:50.207991+00
89	derivatives	21	2022-09-28 19:58:50.209081+00	2022-09-28 19:58:50.209081+00
90	differential equations	21	2022-09-28 19:58:50.210029+00	2022-09-28 19:58:50.210029+00
91	fundamental theorem of calculus	21	2022-09-28 19:58:50.210984+00	2022-09-28 19:58:50.210984+00
92	implicit differentiation	21	2022-09-28 19:58:50.212028+00	2022-09-28 19:58:50.212028+00
93	infinite sequences	21	2022-09-28 19:58:50.213184+00	2022-09-28 19:58:50.213184+00
94	limits	21	2022-09-28 19:58:50.214315+00	2022-09-28 19:58:50.214315+00
95	integration by parts	21	2022-09-28 19:58:50.215377+00	2022-09-28 19:58:50.215377+00
96	mean value theorem	21	2022-09-28 19:58:50.216252+00	2022-09-28 19:58:50.216252+00
97	optimization	21	2022-09-28 19:58:50.217307+00	2022-09-28 19:58:50.217307+00
98	parametric	21	2022-09-28 19:58:50.218334+00	2022-09-28 19:58:50.218334+00
99	reimann sums	21	2022-09-28 19:58:50.219274+00	2022-09-28 19:58:50.219274+00
100	relative extrema	21	2022-09-28 19:58:50.220156+00	2022-09-28 19:58:50.220156+00
101	taylor polynomials	21	2022-09-28 19:58:50.221138+00	2022-09-28 19:58:50.221138+00
102	basic	9	2022-09-28 19:58:50.222064+00	2022-09-28 19:58:50.222064+00
103	commonapp	9	2022-09-28 19:58:50.222843+00	2022-09-28 19:58:50.222843+00
104	answer	9	2022-09-28 19:58:50.223873+00	2022-09-28 19:58:50.223873+00
105	dhistory	9	2022-09-28 19:58:50.224842+00	2022-09-28 19:58:50.224842+00
106	optional	9	2022-09-28 19:58:50.225869+00	2022-09-28 19:58:50.225869+00
107	supplemental	9	2022-09-28 19:58:50.226894+00	2022-09-28 19:58:50.226894+00
108	exam	11	2022-09-28 19:58:50.228066+00	2022-09-28 19:58:50.228066+00
109	type	11	2022-09-28 19:58:50.229203+00	2022-09-28 19:58:50.229203+00
110	LOR	11	2022-09-28 19:58:50.230173+00	2022-09-28 19:58:50.230173+00
111	basic	11	2022-09-28 19:58:50.231113+00	2022-09-28 19:58:50.231113+00
112	timeline	10	2022-09-28 19:58:50.232049+00	2022-09-28 19:58:50.232049+00
113	resume	10	2022-09-28 19:58:50.233671+00	2022-09-28 19:58:50.233671+00
114	schools	10	2022-09-28 19:58:50.234729+00	2022-09-28 19:58:50.234729+00
115	fees	10	2022-09-28 19:58:50.235763+00	2022-09-28 19:58:50.235763+00
116	FinAid	10	2022-09-28 19:58:50.236766+00	2022-09-28 19:58:50.236766+00
117	LOR	10	2022-09-28 19:58:50.23773+00	2022-09-28 19:58:50.23773+00
118	basic	10	2022-09-28 19:58:50.238681+00	2022-09-28 19:58:50.238681+00
119	biochemistry	4	2022-09-28 19:58:50.239757+00	2022-09-28 19:58:50.239757+00
120	the cell	4	2022-09-28 19:58:50.240686+00	2022-09-28 19:58:50.240686+00
121	cell division	4	2022-09-28 19:58:50.241916+00	2022-09-28 19:58:50.241916+00
122	cellular respiration	4	2022-09-28 19:58:50.242859+00	2022-09-28 19:58:50.242859+00
123	photosynthesis and plants	4	2022-09-28 19:58:50.243905+00	2022-09-28 19:58:50.243905+00
124	classical genetics	4	2022-09-28 19:58:50.244785+00	2022-09-28 19:58:50.244785+00
125	molecular genetics	4	2022-09-28 19:58:50.245761+00	2022-09-28 19:58:50.245761+00
126	animal behavior and physiology	4	2022-09-28 19:58:50.246798+00	2022-09-28 19:58:50.246798+00
127	ecology	4	2022-09-28 19:58:50.24785+00	2022-09-28 19:58:50.24785+00
128	human physiology and anatomy	4	2022-09-28 19:58:50.24885+00	2022-09-28 19:58:50.24885+00
129	evolution and taxonomy	4	2022-09-28 19:58:50.249969+00	2022-09-28 19:58:50.249969+00
130	chemical reactions	5	2022-09-28 19:58:50.251025+00	2022-09-28 19:58:50.251025+00
131	atoms, compounds, and ions	5	2022-09-28 19:58:50.252339+00	2022-09-28 19:58:50.252339+00
132	stoichiometry	5	2022-09-28 19:58:50.253516+00	2022-09-28 19:58:50.253516+00
133	electron structure of atoms	5	2022-09-28 19:58:50.254476+00	2022-09-28 19:58:50.254476+00
134	periodic table	5	2022-09-28 19:58:50.255429+00	2022-09-28 19:58:50.255429+00
135	chemical bonds	5	2022-09-28 19:58:50.256492+00	2022-09-28 19:58:50.256492+00
136	gases	5	2022-09-28 19:58:50.257611+00	2022-09-28 19:58:50.257611+00
137	states of matter and intermolecular forces	5	2022-09-28 19:58:50.258968+00	2022-09-28 19:58:50.258968+00
138	chemical equilibrium	5	2022-09-28 19:58:50.260128+00	2022-09-28 19:58:50.260128+00
139	acids and bases	5	2022-09-28 19:58:50.261244+00	2022-09-28 19:58:50.261244+00
140	buffers, titrations, and solubility equilibria	5	2022-09-28 19:58:50.262203+00	2022-09-28 19:58:50.262203+00
141	thermodynamics	5	2022-09-28 19:58:50.263287+00	2022-09-28 19:58:50.263287+00
142	redox reactions and electrochemistry	5	2022-09-28 19:58:50.264424+00	2022-09-28 19:58:50.264424+00
143	kinetics	5	2022-09-28 19:58:50.265489+00	2022-09-28 19:58:50.265489+00
144	nuclear chemistry	5	2022-09-28 19:58:50.266621+00	2022-09-28 19:58:50.266621+00
145	kinematics	5	2022-09-28 19:58:50.267869+00	2022-09-28 19:58:50.267869+00
146	kinematics	6	2022-09-28 19:58:50.268868+00	2022-09-28 19:58:50.268868+00
147	newton's laws	6	2022-09-28 19:58:50.270146+00	2022-09-28 19:58:50.270146+00
148	rotational mechanics	6	2022-09-28 19:58:50.27122+00	2022-09-28 19:58:50.27122+00
149	work and energy	6	2022-09-28 19:58:50.272262+00	2022-09-28 19:58:50.272262+00
150	momentum and collisions	6	2022-09-28 19:58:50.273385+00	2022-09-28 19:58:50.273385+00
151	thermodynamics	6	2022-09-28 19:58:50.274431+00	2022-09-28 19:58:50.274431+00
152	electrostatics	6	2022-09-28 19:58:50.27547+00	2022-09-28 19:58:50.27547+00
153	magnetism	6	2022-09-28 19:58:50.276631+00	2022-09-28 19:58:50.276631+00
154	waves and sound	6	2022-09-28 19:58:50.277708+00	2022-09-28 19:58:50.277708+00
155	refraction and reflection	6	2022-09-28 19:58:50.27879+00	2022-09-28 19:58:50.27879+00
156	gravity/gen relativity	6	2022-09-28 19:58:50.280043+00	2022-09-28 19:58:50.280043+00
157	Fluids - density and pressure	7	2022-09-28 19:58:50.281444+00	2022-09-28 19:58:50.281444+00
158	Fluids - dynamics	7	2022-09-28 19:58:50.282725+00	2022-09-28 19:58:50.282725+00
159	THD - Ideal Gases	7	2022-09-28 19:58:50.283841+00	2022-09-28 19:58:50.283841+00
160	thermodynamics	7	2022-09-28 19:58:50.284938+00	2022-09-28 19:58:50.284938+00
161	Electric Field	7	2022-09-28 19:58:50.286028+00	2022-09-28 19:58:50.286028+00
162	Electric Potential	7	2022-09-28 19:58:50.287082+00	2022-09-28 19:58:50.287082+00
163	Magnetic Fields	7	2022-09-28 19:58:50.288139+00	2022-09-28 19:58:50.288139+00
164	Magnetic Induction	7	2022-09-28 19:58:50.289198+00	2022-09-28 19:58:50.289198+00
165	Electromagnetic Waves	7	2022-09-28 19:58:50.290657+00	2022-09-28 19:58:50.290657+00
166	Optics - refraction and reflection	7	2022-09-28 19:58:50.291695+00	2022-09-28 19:58:50.291695+00
167	Quantum & Atomic Physics	7	2022-09-28 19:58:50.292802+00	2022-09-28 19:58:50.292802+00
168	dynamics 2	7	2022-09-28 19:58:50.293791+00	2022-09-28 19:58:50.293791+00
169	Electric Circuits	7	2022-09-28 19:58:50.294983+00	2022-09-28 19:58:50.294983+00
170	earth systems and resources	8	2022-09-28 19:58:50.295965+00	2022-09-28 19:58:50.295965+00
171	ecology	8	2022-09-28 19:58:50.296991+00	2022-09-28 19:58:50.296991+00
172	energy resources and consumption	8	2022-09-28 19:58:50.298119+00	2022-09-28 19:58:50.298119+00
173	global change	8	2022-09-28 19:58:50.299094+00	2022-09-28 19:58:50.299094+00
174	impact of human health and environment	8	2022-09-28 19:58:50.300788+00	2022-09-28 19:58:50.300788+00
175	interdependence of organisms	8	2022-09-28 19:58:50.302325+00	2022-09-28 19:58:50.302325+00
176	land and water resources and use	8	2022-09-28 19:58:50.303652+00	2022-09-28 19:58:50.303652+00
177	introduction to environmental science	8	2022-09-28 19:58:50.304757+00	2022-09-28 19:58:50.304757+00
178	natural biogeochemical cycles	8	2022-09-28 19:58:50.305874+00	2022-09-28 19:58:50.305874+00
179	pollution	8	2022-09-28 19:58:50.307055+00	2022-09-28 19:58:50.307055+00
180	populations	8	2022-09-28 19:58:50.308127+00	2022-09-28 19:58:50.308127+00
181	the atmosphere	8	2022-09-28 19:58:50.309175+00	2022-09-28 19:58:50.309175+00
182	upchieve	22	2022-09-28 19:58:50.310314+00	2022-09-28 19:58:50.310314+00
183	linear_equations	12	2022-09-28 19:58:50.3113+00	2022-09-28 19:58:50.3113+00
184	linear_inequalities	12	2022-09-28 19:58:50.312648+00	2022-09-28 19:58:50.312648+00
185	linear_functions	12	2022-09-28 19:58:50.313761+00	2022-09-28 19:58:50.313761+00
186	quadratic_problems	12	2022-09-28 19:58:50.314991+00	2022-09-28 19:58:50.314991+00
187	nonlinear_equations	12	2022-09-28 19:58:50.316184+00	2022-09-28 19:58:50.316184+00
188	rational_expressions	12	2022-09-28 19:58:50.317425+00	2022-09-28 19:58:50.317425+00
189	isolating_quantities	12	2022-09-28 19:58:50.318668+00	2022-09-28 19:58:50.318668+00
190	linear_systems	12	2022-09-28 19:58:50.320092+00	2022-09-28 19:58:50.320092+00
191	ratios_rates	12	2022-09-28 19:58:50.321489+00	2022-09-28 19:58:50.321489+00
192	units	12	2022-09-28 19:58:50.322728+00	2022-09-28 19:58:50.322728+00
193	percentages	12	2022-09-28 19:58:50.323891+00	2022-09-28 19:58:50.323891+00
194	linear_and_exponential	12	2022-09-28 19:58:50.325084+00	2022-09-28 19:58:50.325084+00
195	data_inferences	12	2022-09-28 19:58:50.326278+00	2022-09-28 19:58:50.326278+00
196	volume_word_problems	12	2022-09-28 19:58:50.327252+00	2022-09-28 19:58:50.327252+00
197	complex_numbers	12	2022-09-28 19:58:50.328264+00	2022-09-28 19:58:50.328264+00
198	circle_equations	12	2022-09-28 19:58:50.329518+00	2022-09-28 19:58:50.329518+00
199	table_data	12	2022-09-28 19:58:50.330434+00	2022-09-28 19:58:50.330434+00
200	scatterplots	12	2022-09-28 19:58:50.33138+00	2022-09-28 19:58:50.33138+00
201	graphs	12	2022-09-28 19:58:50.332311+00	2022-09-28 19:58:50.332311+00
202	shape_of_distributions	12	2022-09-28 19:58:50.333264+00	2022-09-28 19:58:50.333264+00
203	right_triangle_problems	12	2022-09-28 19:58:50.334194+00	2022-09-28 19:58:50.334194+00
204	congruence_and_similarity	12	2022-09-28 19:58:50.335628+00	2022-09-28 19:58:50.335628+00
205	explict_v_implicit	13	2022-09-28 19:58:50.33672+00	2022-09-28 19:58:50.33672+00
206	point_of_view	13	2022-09-28 19:58:50.337791+00	2022-09-28 19:58:50.337791+00
207	analyzing_relationships	13	2022-09-28 19:58:50.339049+00	2022-09-28 19:58:50.339049+00
208	citing_evidence	13	2022-09-28 19:58:50.340115+00	2022-09-28 19:58:50.340115+00
209	summarizing	13	2022-09-28 19:58:50.340993+00	2022-09-28 19:58:50.340993+00
210	analogical_reasoning	13	2022-09-28 19:58:50.341878+00	2022-09-28 19:58:50.341878+00
211	structure_passage	13	2022-09-28 19:58:50.34275+00	2022-09-28 19:58:50.34275+00
212	word_choice	13	2022-09-28 19:58:50.34374+00	2022-09-28 19:58:50.34374+00
213	graphs_and_data	13	2022-09-28 19:58:50.34467+00	2022-09-28 19:58:50.34467+00
214	purpose_of_text	13	2022-09-28 19:58:50.345669+00	2022-09-28 19:58:50.345669+00
215	analyzing_arguments	13	2022-09-28 19:58:50.346491+00	2022-09-28 19:58:50.346491+00
216	connecting_texts	13	2022-09-28 19:58:50.34765+00	2022-09-28 19:58:50.34765+00
217	history_passages	13	2022-09-28 19:58:50.348857+00	2022-09-28 19:58:50.348857+00
218	strategies	13	2022-09-28 19:58:50.350001+00	2022-09-28 19:58:50.350001+00
219	types_of_essays	15	2022-09-28 19:58:50.351413+00	2022-09-28 19:58:50.351413+00
220	essay_structure	15	2022-09-28 19:58:50.352853+00	2022-09-28 19:58:50.352853+00
221	point_of_view	15	2022-09-28 19:58:50.354162+00	2022-09-28 19:58:50.354162+00
222	persuasive_techniques	15	2022-09-28 19:58:50.355248+00	2022-09-28 19:58:50.355248+00
223	citations	15	2022-09-28 19:58:50.35638+00	2022-09-28 19:58:50.35638+00
224	independent_and_dependent_clauses	15	2022-09-28 19:58:50.357546+00	2022-09-28 19:58:50.357546+00
225	punctuation	15	2022-09-28 19:58:50.358452+00	2022-09-28 19:58:50.358452+00
226	verb_tense	15	2022-09-28 19:58:50.359454+00	2022-09-28 19:58:50.359454+00
227	subject_verb_agreement	15	2022-09-28 19:58:50.360405+00	2022-09-28 19:58:50.360405+00
228	specificity_and_coherence	15	2022-09-28 19:58:50.361382+00	2022-09-28 19:58:50.361382+00
229	plagiarism	15	2022-09-28 19:58:50.362311+00	2022-09-28 19:58:50.362311+00
230	nonnvarying_sentence_length	15	2022-09-28 19:58:50.363389+00	2022-09-28 19:58:50.363389+00
231	wordiness	15	2022-09-28 19:58:50.364522+00	2022-09-28 19:58:50.364522+00
232	grammatical_errors	15	2022-09-28 19:58:50.36541+00	2022-09-28 19:58:50.36541+00
233	common_requests	15	2022-09-28 19:58:50.366464+00	2022-09-28 19:58:50.366464+00
234	inference	13	2022-09-28 19:58:50.367834+00	2022-09-28 19:58:50.367834+00
235	integumentary	24	2022-09-28 19:58:50.369082+00	2022-09-28 19:58:50.369082+00
236	little_detail	13	2022-09-28 19:58:50.370226+00	2022-09-28 19:58:50.370226+00
237	lymphatic	24	2022-09-28 19:58:50.371152+00	2022-09-28 19:58:50.371152+00
238	muscular	24	2022-09-28 19:58:50.371966+00	2022-09-28 19:58:50.371966+00
239	nervous	24	2022-09-28 19:58:50.372889+00	2022-09-28 19:58:50.372889+00
240	probingqs	23	2022-09-28 19:58:50.374123+00	2022-09-28 19:58:50.374123+00
241	questions	23	2022-09-28 19:58:50.375491+00	2022-09-28 19:58:50.375491+00
242	reproductive	24	2022-09-28 19:58:50.376517+00	2022-09-28 19:58:50.376517+00
243	respiratory	24	2022-09-28 19:58:50.377787+00	2022-09-28 19:58:50.377787+00
244	sense_organs	24	2022-09-28 19:58:50.378924+00	2022-09-28 19:58:50.378924+00
245	skeletal	24	2022-09-28 19:58:50.379906+00	2022-09-28 19:58:50.379906+00
246	texttype	23	2022-09-28 19:58:50.380815+00	2022-09-28 19:58:50.380815+00
247	tissues	24	2022-09-28 19:58:50.381695+00	2022-09-28 19:58:50.381695+00
248	urinary	24	2022-09-28 19:58:50.386645+00	2022-09-28 19:58:50.386645+00
249	vocab_in_context	13	2022-09-28 19:58:50.387978+00	2022-09-28 19:58:50.387978+00
250	vocabulary	23	2022-09-28 19:58:50.389388+00	2022-09-28 19:58:50.389388+00
251	activatebk	23	2022-09-28 19:58:50.390695+00	2022-09-28 19:58:50.390695+00
252	author_technique	13	2022-09-28 19:58:50.391952+00	2022-09-28 19:58:50.391952+00
253	backgroundknowledge	23	2022-09-28 19:58:50.393259+00	2022-09-28 19:58:50.393259+00
254	big_picture	13	2022-09-28 19:58:50.394352+00	2022-09-28 19:58:50.394352+00
255	cells	24	2022-09-28 19:58:50.39575+00	2022-09-28 19:58:50.39575+00
256	circulatory_system	24	2022-09-28 19:58:50.397379+00	2022-09-28 19:58:50.397379+00
257	comprehensionsupport	23	2022-09-28 19:58:50.401961+00	2022-09-28 19:58:50.401961+00
258	context	23	2022-09-28 19:58:50.403192+00	2022-09-28 19:58:50.403192+00
259	corrections	23	2022-09-28 19:58:50.404361+00	2022-09-28 19:58:50.404361+00
260	digestive	24	2022-09-28 19:58:50.406345+00	2022-09-28 19:58:50.406345+00
261	editing	23	2022-09-28 19:58:50.407496+00	2022-09-28 19:58:50.407496+00
262	endocrine	24	2022-09-28 19:58:50.40851+00	2022-09-28 19:58:50.40851+00
263	evidence_support	13	2022-09-28 19:58:50.409629+00	2022-09-28 19:58:50.409629+00
264	function	13	2022-09-28 19:58:50.410702+00	2022-09-28 19:58:50.410702+00
265	strategies	12	2022-09-28 19:58:50.411887+00	2022-09-28 19:58:50.411887+00
266	unit circle	18	2022-09-28 19:58:50.412863+00	2022-09-28 19:58:50.412863+00
267	dynamics 1	6	2022-09-28 19:58:50.414038+00	2022-09-28 19:58:50.414038+00
268	energy 1	6	2022-09-28 19:58:50.415224+00	2022-09-28 19:58:50.415224+00
269	dynamics 2	6	2022-09-28 19:58:50.416464+00	2022-09-28 19:58:50.416464+00
270	energy 2	6	2022-09-28 19:58:50.418004+00	2022-09-28 19:58:50.418004+00
271	pythagorean theorem	18	2022-09-28 19:58:50.419268+00	2022-09-28 19:58:50.419268+00
272	degrees and radians	18	2022-09-28 19:58:50.420385+00	2022-09-28 19:58:50.420385+00
273	graphing trig functions	18	2022-09-28 19:58:50.421439+00	2022-09-28 19:58:50.421439+00
274	inverse trig functions	18	2022-09-28 19:58:50.423115+00	2022-09-28 19:58:50.423115+00
275	trigonometric identities	18	2022-09-28 19:58:50.42444+00	2022-09-28 19:58:50.42444+00
276	complex numbers	19	2022-09-28 19:58:50.425901+00	2022-09-28 19:58:50.425901+00
277	conic sections	19	2022-09-28 19:58:50.42703+00	2022-09-28 19:58:50.42703+00
278	graphing exponential functions	19	2022-09-28 19:58:50.428185+00	2022-09-28 19:58:50.428185+00
279	graphing polynomials	19	2022-09-28 19:58:50.429321+00	2022-09-28 19:58:50.429321+00
280	graphing rational functions	19	2022-09-28 19:58:50.435066+00	2022-09-28 19:58:50.435066+00
281	logarithms	19	2022-09-28 19:58:50.436312+00	2022-09-28 19:58:50.436312+00
282	inverse functions	19	2022-09-28 19:58:50.437687+00	2022-09-28 19:58:50.437687+00
283	polynomial division	19	2022-09-28 19:58:50.43879+00	2022-09-28 19:58:50.43879+00
284	rational expressions	19	2022-09-28 19:58:50.440032+00	2022-09-28 19:58:50.440032+00
285	sequences series	19	2022-09-28 19:58:50.441132+00	2022-09-28 19:58:50.441132+00
286	exponential logarithmic equations	19	2022-09-28 19:58:50.442374+00	2022-09-28 19:58:50.442374+00
287	other equations	19	2022-09-28 19:58:50.443545+00	2022-09-28 19:58:50.443545+00
288	quadratic and absolute	19	2022-09-28 19:58:50.447709+00	2022-09-28 19:58:50.447709+00
289	solving quadratic equations	19	2022-09-28 19:58:50.449285+00	2022-09-28 19:58:50.449285+00
290	transformations functions	19	2022-09-28 19:58:50.451884+00	2022-09-28 19:58:50.451884+00
291	vectors	19	2022-09-28 19:58:50.453281+00	2022-09-28 19:58:50.453281+00
292	trig functions	18	2022-09-28 19:58:50.454494+00	2022-09-28 19:58:50.454494+00
293	random variables and distributions	2	2022-09-28 19:58:50.455811+00	2022-09-28 19:58:50.455811+00
294	kinematics 2	6	2022-09-28 19:58:50.457615+00	2022-09-28 19:58:50.457615+00
295	DC Circuits	6	2022-09-28 19:58:50.458911+00	2022-09-28 19:58:50.458911+00
296	rotational motion	6	2022-09-28 19:58:50.460159+00	2022-09-28 19:58:50.460159+00
297	polynomials	12	2022-09-28 19:58:50.461751+00	2022-09-28 19:58:50.461751+00
298	functions	12	2022-09-28 19:58:50.462927+00	2022-09-28 19:58:50.462927+00
299	angles	12	2022-09-28 19:58:50.464159+00	2022-09-28 19:58:50.464159+00
\.


--
-- Data for Name: quiz_questions; Type: TABLE DATA; Schema: upchieve; Owner: admin
--

COPY upchieve.quiz_questions (id, question_text, possible_answers, correct_answer, quiz_subcategory_id, image_source, created_at, updated_at, mongo_id) FROM stdin;
\.


--
-- Data for Name: report_reasons; Type: TABLE DATA; Schema: upchieve; Owner: admin
--

COPY upchieve.report_reasons (id, reason, created_at, updated_at) FROM stdin;
1	This student was extremely rude or inappropriate	2022-09-28 19:58:50.612915+00	2022-09-28 19:58:50.612915+00
2	I am worried for the immediate safety of this student	2022-09-28 19:58:50.616412+00	2022-09-28 19:58:50.616412+00
3	LEGACY: Student was unresponsive	2022-09-28 19:58:50.619053+00	2022-09-28 19:58:50.619053+00
4	LEGACY: Technical issue	2022-09-28 19:58:50.620208+00	2022-09-28 19:58:50.620208+00
5	LEGACY: Other	2022-09-28 19:58:50.621239+00	2022-09-28 19:58:50.621239+00
\.


--
-- Data for Name: required_email_domains; Type: TABLE DATA; Schema: upchieve; Owner: admin
--

COPY upchieve.required_email_domains (id, domain, volunteer_partner_org_id, created_at, updated_at) FROM stdin;
018385ae-3f4c-6d03-75de-c4b68047ef16	mailtrap.com	018385ae-3f49-3ecb-5e48-bea3ed393256	2022-09-28 19:58:52.748621+00	2022-09-28 19:58:52.748621+00
\.


--
-- Data for Name: school_nces_metadata; Type: TABLE DATA; Schema: upchieve; Owner: admin
--

COPY upchieve.school_nces_metadata (school_id, created_at, updated_at, school_year, fipst, statename, st, sch_name, lea_name, state_agency_no, "union", st_leaid, leaid, st_schid, ncessch, schid, mstreet1, mstreet2, mstreet3, mcity, mstate, mzip, mzip4, lstreet1, lstreet2, lstreet3, lcity, lzip, lzip4, phone, website, sy_status, sy_status_text, updated_status, updated_status_text, effective_date, sch_type, sch_type_text, recon_status, out_of_state_flag, charter_text, chartauth1, chartauthn1, chartauth2, chartauthn2, nogrades, g_pk_offered, g_kg_offered, g_1_offered, g_2_offered, g_3_offered, g_4_offered, g_5_offered, g_6_offered, g_7_offered, g_8_offered, g_9_offered, g_10_offered, g_11_offered, g_12_offered, g_13_offered, g_ug_offered, g_ae_offered, gslo, gshi, level, igoffered) FROM stdin;
\.


--
-- Data for Name: schools_sponsor_orgs; Type: TABLE DATA; Schema: upchieve; Owner: admin
--

COPY upchieve.schools_sponsor_orgs (school_id, sponsor_org_id, created_at, updated_at) FROM stdin;
018385ae-3f52-0a7a-08c1-96cdcf627368	018385ae-3f58-247a-cc24-a04063b3f9bb	2022-09-28 19:58:52.764643+00	2022-09-28 19:58:52.764643+00
018385ae-3f52-9760-dea8-fe97b6aa5754	018385ae-3f58-e742-15e7-9f4f7cb332c0	2022-09-28 19:58:52.76589+00	2022-09-28 19:58:52.76589+00
\.


--
-- Data for Name: schools_sponsor_orgs_instances; Type: TABLE DATA; Schema: upchieve; Owner: admin
--

COPY upchieve.schools_sponsor_orgs_instances (school_id, sponsor_org_id, deactivated_on, created_at, updated_at) FROM stdin;
\.


--
-- Data for Name: session_failed_joins; Type: TABLE DATA; Schema: upchieve; Owner: admin
--

COPY upchieve.session_failed_joins (session_id, user_id, created_at, updated_at) FROM stdin;
\.


--
-- Data for Name: session_flags; Type: TABLE DATA; Schema: upchieve; Owner: admin
--

COPY upchieve.session_flags (id, name, created_at, updated_at) FROM stdin;
1	Absent student	2022-09-28 19:58:50.585642+00	2022-09-28 19:58:50.585642+00
2	Absent volunteer	2022-09-28 19:58:50.587043+00	2022-09-28 19:58:50.587043+00
3	Low session rating from coach	2022-09-28 19:58:50.588454+00	2022-09-28 19:58:50.588454+00
4	Low session rating from student	2022-09-28 19:58:50.589438+00	2022-09-28 19:58:50.589438+00
5	Low coach rating from student	2022-09-28 19:58:50.590495+00	2022-09-28 19:58:50.590495+00
6	Reported	2022-09-28 19:58:50.591779+00	2022-09-28 19:58:50.591779+00
7	Pressuring coach	2022-09-28 19:58:50.592969+00	2022-09-28 19:58:50.592969+00
8	Mean or inappropriate	2022-09-28 19:58:50.594408+00	2022-09-28 19:58:50.594408+00
9	Comment from student	2022-09-28 19:58:50.595848+00	2022-09-28 19:58:50.595848+00
10	Comment from volunteer	2022-09-28 19:58:50.597455+00	2022-09-28 19:58:50.597455+00
11	Has been unmatched	2022-09-28 19:58:50.604694+00	2022-09-28 19:58:50.604694+00
12	Has had technical issues	2022-09-28 19:58:50.606031+00	2022-09-28 19:58:50.606031+00
13	PII	2022-09-28 19:58:50.607224+00	2022-09-28 19:58:50.607224+00
14	Graded assignment	2022-09-28 19:58:50.608436+00	2022-09-28 19:58:50.608436+00
15	Coach uncomfortable	2022-09-28 19:58:50.609723+00	2022-09-28 19:58:50.609723+00
16	Student in distress	2022-09-28 19:58:50.611067+00	2022-09-28 19:58:50.611067+00
\.


--
-- Data for Name: session_messages; Type: TABLE DATA; Schema: upchieve; Owner: admin
--

COPY upchieve.session_messages (id, sender_id, contents, session_id, created_at, updated_at, mongo_id) FROM stdin;
01839f20-92a3-44dd-1fef-393981d67df4	018385ae-4029-8973-b969-b6b660c58425	aaa	01839f1e-cec3-fa14-e756-3eab7a0e2d2f	2022-10-03 18:34:15.589754+00	2022-10-03 18:34:15.589754+00	\N
01839f20-9c5a-6764-9be0-d438a4d189cb	018385ae-3f64-6e9e-8681-da7df3db7532	no	01839f1e-cec3-fa14-e756-3eab7a0e2d2f	2022-10-03 18:34:18.077542+00	2022-10-03 18:34:18.077542+00	\N
0183a90a-e114-6393-9f2e-cdc3d51b1aa6	018385ae-3f64-6e9e-8681-da7df3db7532	beep	0183a909-49c3-037f-48f6-a79128ef461b	2022-10-05 16:46:46.038719+00	2022-10-05 16:46:46.038719+00	\N
0183a90a-f080-8800-3800-40a895544bea	018385ae-4029-0209-e4b1-fd8f2f7f5514	boop	0183a909-49c3-037f-48f6-a79128ef461b	2022-10-05 16:46:49.987497+00	2022-10-05 16:46:49.987497+00	\N
0183a932-c9c1-a7f8-80a7-c5b575f89149	018385ae-3f64-6e9e-8681-da7df3db7532	llll	0183a932-6dc5-e7bd-aa3a-ace4696c00f6	2022-10-05 17:30:21.514178+00	2022-10-05 17:30:21.514178+00	\N
0183a932-db32-b341-3af9-c323acc5d48c	018385ae-4029-8973-b969-b6b660c58425	wwwww	0183a932-6dc5-e7bd-aa3a-ace4696c00f6	2022-10-05 17:30:25.978117+00	2022-10-05 17:30:25.978117+00	\N
0183a972-2111-bc5e-0e7e-2f2874293ce7	018385ae-3f64-6e9e-8681-da7df3db7532	beep	0183a971-1947-408d-233b-c708ec375f6e	2022-10-05 18:39:32.626605+00	2022-10-05 18:39:32.626605+00	\N
0183a972-2cff-4926-e088-1e37bd4b7946	018385ae-4029-8973-b969-b6b660c58425	boop	0183a971-1947-408d-233b-c708ec375f6e	2022-10-05 18:39:35.681502+00	2022-10-05 18:39:35.681502+00	\N
0183adc7-fed5-0fa7-036b-f55abaa2b20c	018385ae-4029-0209-e4b1-fd8f2f7f5514	Beep	0183adc7-a983-a8e3-38e8-d4da8a35ad86	2022-10-06 14:51:48.831536+00	2022-10-06 14:51:48.831536+00	\N
0183adc8-0ada-23c2-19c2-254519b7375b	018385ae-3f64-6e9e-8681-da7df3db7532	boop	0183adc7-a983-a8e3-38e8-d4da8a35ad86	2022-10-06 14:51:51.907374+00	2022-10-06 14:51:51.907374+00	\N
0183add0-199d-ba49-17dc-05edfa93a487	018385ae-3f64-6e9e-8681-da7df3db7532	beep	0183adcf-dd5a-88c9-5963-c628ad0ae692	2022-10-06 15:00:39.980156+00	2022-10-06 15:00:39.980156+00	\N
0183add0-2fd9-420d-6929-b0b9ceea2e84	018385ae-4029-0209-e4b1-fd8f2f7f5514	Boop	0183adcf-dd5a-88c9-5963-c628ad0ae692	2022-10-06 15:00:45.671116+00	2022-10-06 15:00:45.671116+00	\N
0183add8-995b-722d-e314-f3568c2f90cc	018385ae-3f64-6e9e-8681-da7df3db7532	beep	0183add8-6023-72c2-7b3a-6527c8fa0d24	2022-10-06 15:09:56.957629+00	2022-10-06 15:09:56.957629+00	\N
0183add8-aefa-ff2a-aa50-dc0873deb263	018385ae-4029-0209-e4b1-fd8f2f7f5514	Boop	0183add8-6023-72c2-7b3a-6527c8fa0d24	2022-10-06 15:10:02.493116+00	2022-10-06 15:10:02.493116+00	\N
0183adde-95da-42be-1a84-1b42292e1c11	018385ae-3f64-6e9e-8681-da7df3db7532	beep	0183adde-53b4-a73c-bda3-283ac8d20769	2022-10-06 15:16:29.269361+00	2022-10-06 15:16:29.269361+00	\N
0183adde-adc0-99a5-a6da-7ae213700e2e	018385ae-4029-0209-e4b1-fd8f2f7f5514	Boop	0183adde-53b4-a73c-bda3-283ac8d20769	2022-10-06 15:16:35.387605+00	2022-10-06 15:16:35.387605+00	\N
0183ade4-3ec0-d9c0-1fd6-ece4498c3473	018385ae-3f64-6e9e-8681-da7df3db7532	beep	0183ade3-d9dc-944c-ae41-2d98d0cdbaea	2022-10-06 15:22:40.187316+00	2022-10-06 15:22:40.187316+00	\N
0183ade4-5000-d6ad-5139-ff2ec06e868c	018385ae-4029-0209-e4b1-fd8f2f7f5514	Boop	0183ade3-d9dc-944c-ae41-2d98d0cdbaea	2022-10-06 15:22:44.604012+00	2022-10-06 15:22:44.604012+00	\N
0183ae71-5f35-06b4-8e33-0d044215deee	018385ae-4029-0209-e4b1-fd8f2f7f5514	Beep	0183ae70-d41e-aef7-ba2c-b423fe4b2280	2022-10-06 17:56:49.071154+00	2022-10-06 17:56:49.071154+00	\N
0183ae71-6f2b-dd40-fa04-378e693bc9d5	018385ae-3f64-6e9e-8681-da7df3db7532	no	0183ae70-d41e-aef7-ba2c-b423fe4b2280	2022-10-06 17:56:53.157945+00	2022-10-06 17:56:53.157945+00	\N
0183ae76-0373-ab8f-3b98-2aec42474447	018385ae-3f64-6e9e-8681-da7df3db7532	aaaaa	0183ae75-dcbd-13a6-dfc9-6bd7bb2861ab	2022-10-06 18:01:53.2751+00	2022-10-06 18:01:53.2751+00	\N
0183ae76-1b03-a8a3-2e63-f03bd9512fb7	018385ae-4029-0209-e4b1-fd8f2f7f5514	Aaaaa\n	0183ae75-dcbd-13a6-dfc9-6bd7bb2861ab	2022-10-06 18:01:59.307674+00	2022-10-06 18:01:59.307674+00	\N
0183aed9-82a6-de04-4806-f85cadef50a6	018385ae-3f64-6e9e-8681-da7df3db7532	sss	0183aed9-622a-8471-7b6b-84182e44cd74	2022-10-06 19:50:33.893304+00	2022-10-06 19:50:33.893304+00	\N
0183aed9-95b8-806d-d722-aa0e1fc4e0a0	018385ae-4029-0209-e4b1-fd8f2f7f5514	Aaaaa\n	0183aed9-622a-8471-7b6b-84182e44cd74	2022-10-06 19:50:38.768983+00	2022-10-06 19:50:38.768983+00	\N
0183aeea-8ebf-8212-e60e-8e7377080340	018385ae-3f64-6e9e-8681-da7df3db7532	aaa	0183aeea-65ae-cc92-96d1-4947c9cc940a	2022-10-06 20:09:11.104402+00	2022-10-06 20:09:11.104402+00	\N
0183aeea-a238-6aca-2177-720b292e73e6	018385ae-4029-0209-e4b1-fd8f2f7f5514	Nnnn	0183aeea-65ae-cc92-96d1-4947c9cc940a	2022-10-06 20:09:16.09082+00	2022-10-06 20:09:16.09082+00	\N
0183aef0-1bbe-e649-5117-9e669e2efb63	018385ae-3f64-6e9e-8681-da7df3db7532	bbbbb	0183aeef-c342-0a0f-e0aa-e1ed4119b9f3	2022-10-06 20:15:14.875911+00	2022-10-06 20:15:14.875911+00	\N
0183aef0-26ff-af95-df24-f847b20d3c00	018385ae-4029-0209-e4b1-fd8f2f7f5514	Aaaaa\n	0183aeef-c342-0a0f-e0aa-e1ed4119b9f3	2022-10-06 20:15:17.75751+00	2022-10-06 20:15:17.75751+00	\N
0183aefe-3d9f-d818-7d7f-f6d1b520118b	018385ae-3f64-6e9e-8681-da7df3db7532	aaa	0183aefe-03a1-e85f-8255-f989676cc185	2022-10-06 20:30:41.056766+00	2022-10-06 20:30:41.056766+00	\N
0183aefe-5230-8a40-9d20-c0c4d5d5f623	018385ae-4029-0209-e4b1-fd8f2f7f5514	Bbb	0183aefe-03a1-e85f-8255-f989676cc185	2022-10-06 20:30:46.32261+00	2022-10-06 20:30:46.32261+00	\N
0183af03-8126-5f32-229f-d6f92e4b5146	018385ae-3f64-6e9e-8681-da7df3db7532	argh	0183af03-497c-14d3-25b8-9bb21b1ced87	2022-10-06 20:36:26.019906+00	2022-10-06 20:36:26.019906+00	\N
0183af03-9b2d-3a58-1fc1-1863512ff50b	018385ae-4029-0209-e4b1-fd8f2f7f5514	No\n	0183af03-497c-14d3-25b8-9bb21b1ced87	2022-10-06 20:36:32.685466+00	2022-10-06 20:36:32.685466+00	\N
0183af05-7d81-97ec-8001-ccf0339022ae	018385ae-3f64-6e9e-8681-da7df3db7532	aaaa	0183af05-535a-5a3b-6e8d-1215b56f290d	2022-10-06 20:38:36.162603+00	2022-10-06 20:38:36.162603+00	\N
0183af05-86dd-d0f0-b04c-f9800304fd01	018385ae-4029-8973-b969-b6b660c58425	F	0183af05-535a-5a3b-6e8d-1215b56f290d	2022-10-06 20:38:38.570039+00	2022-10-06 20:38:38.570039+00	\N
0183af0e-cd1c-c7e1-e1a3-f4e5744039ac	018385ae-4029-8973-b969-b6b660c58425	Beep\n	0183af0e-847a-25b3-ecc3-e6242a1d0819	2022-10-06 20:48:46.366177+00	2022-10-06 20:48:46.366177+00	\N
0183af0e-dac8-1385-6b17-61d2f29572b2	018385ae-3f64-6e9e-8681-da7df3db7532	boop	0183af0e-847a-25b3-ecc3-e6242a1d0819	2022-10-06 20:48:49.866486+00	2022-10-06 20:48:49.866486+00	\N
0183af14-8763-4710-be55-d8570d7fe3ea	018385ae-4029-8973-b969-b6b660c58425	Aaaaa	0183af13-7ee3-9de5-0371-99df5665e7a3	2022-10-06 20:55:01.725467+00	2022-10-06 20:55:01.725467+00	\N
0183af14-9459-5cec-f1dd-03d98c3a6f44	018385ae-3f64-6e9e-8681-da7df3db7532	bbbbb	0183af13-7ee3-9de5-0371-99df5665e7a3	2022-10-06 20:55:05.043155+00	2022-10-06 20:55:05.043155+00	\N
0183af22-0360-d4d7-7e78-4a70fcd977ac	018385ae-3f64-6e9e-8681-da7df3db7532	aaaa	0183af21-cf1c-5b37-cdd0-a9f8e79dc0a5	2022-10-06 21:09:45.450417+00	2022-10-06 21:09:45.450417+00	\N
0183af22-0f5e-b960-9efb-0ae9b039abab	018385ae-4029-8973-b969-b6b660c58425	Aaaa	0183af21-cf1c-5b37-cdd0-a9f8e79dc0a5	2022-10-06 21:09:48.520583+00	2022-10-06 21:09:48.520583+00	\N
0183c825-347b-b700-248f-cae70cdf5947	018385ae-3f64-6e9e-8681-da7df3db7532	argh	0183c824-7c1c-78dc-00d7-db85341657bc	2022-10-11 17:43:45.017465+00	2022-10-11 17:43:45.017465+00	\N
0183c825-54a7-49e6-ee1e-ec802171fb27	018385ae-4029-8973-b969-b6b660c58425	Yet\n	0183c824-7c1c-78dc-00d7-db85341657bc	2022-10-11 17:43:53.258658+00	2022-10-11 17:43:53.258658+00	\N
0183c82a-d9c1-e561-3c8b-243c583a211e	018385ae-3f64-6e9e-8681-da7df3db7532	testp	0183c82a-895a-16e4-be29-4976cbd8c1e9	2022-10-11 17:49:55.016103+00	2022-10-11 17:49:55.016103+00	\N
0183c82a-fe09-d92e-0d21-b3c50adb8e4b	018385ae-4029-8973-b969-b6b660c58425	Beeping\n	0183c82a-895a-16e4-be29-4976cbd8c1e9	2022-10-11 17:50:04.303131+00	2022-10-11 17:50:04.303131+00	\N
0183c82b-03ef-fc7a-bbc1-6732fa25b894	018385ae-3f64-6e9e-8681-da7df3db7532	beep	0183c82a-895a-16e4-be29-4976cbd8c1e9	2022-10-11 17:50:05.812911+00	2022-10-11 17:50:05.812911+00	\N
0183c832-9bc1-65d9-b125-6309b6eac14e	018385ae-3f64-6e9e-8681-da7df3db7532	beep	0183c832-7958-fbb7-2a22-bb115ca98e31	2022-10-11 17:58:23.437546+00	2022-10-11 17:58:23.437546+00	\N
0183c832-acdc-bad1-6347-92cb0c86dad9	018385ae-4029-8973-b969-b6b660c58425	Boop	0183c832-7958-fbb7-2a22-bb115ca98e31	2022-10-11 17:58:27.819848+00	2022-10-11 17:58:27.819848+00	\N
0183c837-5645-9da4-a6b6-d5b6bfbbdec4	018385ae-3f64-6e9e-8681-da7df3db7532	yo	0183c837-3363-afce-4844-c75d25720df9	2022-10-11 18:03:33.321272+00	2022-10-11 18:03:33.321272+00	\N
0183c837-7df9-0bb4-fb51-7b33f16a5dbb	018385ae-4029-8973-b969-b6b660c58425	Beep\n	0183c837-3363-afce-4844-c75d25720df9	2022-10-11 18:03:43.486084+00	2022-10-11 18:03:43.486084+00	\N
0183c83c-a462-9293-4a1b-f1fe0ef6c455	018385ae-4029-8973-b969-b6b660c58425	Kerplunk	0183c83c-6cd9-c440-ffbc-2a226fc5f79a	2022-10-11 18:09:21.002578+00	2022-10-11 18:09:21.002578+00	\N
0183c83c-af43-996e-d43a-30c0a1aa1b20	018385ae-3f64-6e9e-8681-da7df3db7532	aaaa	0183c83c-6cd9-c440-ffbc-2a226fc5f79a	2022-10-11 18:09:23.786846+00	2022-10-11 18:09:23.786846+00	\N
0183c844-f6a6-efd5-a48b-fbfae99b48a5	018385ae-3f64-6e9e-8681-da7df3db7532	aaa'	0183c844-b39c-5336-4c8c-dba68b299bef	2022-10-11 18:18:26.342983+00	2022-10-11 18:18:26.342983+00	\N
0183c845-2ab3-9759-7a74-fd1f4d8de838	018385ae-4029-8973-b969-b6b660c58425	Aa	0183c844-b39c-5336-4c8c-dba68b299bef	2022-10-11 18:18:39.667726+00	2022-10-11 18:18:39.667726+00	\N
0183c84a-97bd-ecf5-40c6-a12a4c78ce48	018385ae-3f64-6e9e-8681-da7df3db7532	beep	0183c84a-5f8a-8820-57e9-765162bf6e2e	2022-10-11 18:24:35.268069+00	2022-10-11 18:24:35.268069+00	\N
0183c84a-d187-3c35-bc90-533044e58e1e	018385ae-4029-8973-b969-b6b660c58425	Aaa	0183c84a-5f8a-8820-57e9-765162bf6e2e	2022-10-11 18:24:50.062388+00	2022-10-11 18:24:50.062388+00	\N
0183c84a-f46d-7fbc-3163-1b929e0273d4	018385ae-3f64-6e9e-8681-da7df3db7532	aaaaaa	0183c84a-5f8a-8820-57e9-765162bf6e2e	2022-10-11 18:24:58.995897+00	2022-10-11 18:24:58.995897+00	\N
0183c84f-8c22-3f41-02e7-5c1bd0a927ec	018385ae-3f64-6e9e-8681-da7df3db7532	aaaaaaa	0183c84f-6ab8-c171-ff7c-62f87ed982a5	2022-10-11 18:29:59.970623+00	2022-10-11 18:29:59.970623+00	\N
0183c84f-aae2-cb59-e24e-4bf25ddf9dda	018385ae-4029-8973-b969-b6b660c58425	Aaaa	0183c84f-6ab8-c171-ff7c-62f87ed982a5	2022-10-11 18:30:07.843381+00	2022-10-11 18:30:07.843381+00	\N
0183c84f-c62f-99c9-3143-5a48cdd55e2d	018385ae-3f64-6e9e-8681-da7df3db7532	aaa	0183c84f-6ab8-c171-ff7c-62f87ed982a5	2022-10-11 18:30:14.826802+00	2022-10-11 18:30:14.826802+00	\N
0183c854-8857-6071-eccd-72c4fadd2cbe	018385ae-4029-0209-e4b1-fd8f2f7f5514	Beep\n	0183c852-eeb6-909f-b13a-62668885bdf6	2022-10-11 18:35:26.678325+00	2022-10-11 18:35:26.678325+00	\N
0183c854-9fe6-3925-cc1c-90577666c5a9	018385ae-3f64-6e9e-8681-da7df3db7532	aaa	0183c852-eeb6-909f-b13a-62668885bdf6	2022-10-11 18:35:32.709461+00	2022-10-11 18:35:32.709461+00	\N
0183c872-ac39-88ad-3196-0a7696f375e6	018385ae-3f64-6e9e-8681-da7df3db7532	aaaa	0183c872-8e3d-b762-cdaa-5256b261046c	2022-10-11 19:08:21.947884+00	2022-10-11 19:08:21.947884+00	\N
0183c872-d9ea-f6f0-2f30-dcb0f73a0164	018385ae-4029-0209-e4b1-fd8f2f7f5514	Aaaaaa	0183c872-8e3d-b762-cdaa-5256b261046c	2022-10-11 19:08:33.64419+00	2022-10-11 19:08:33.64419+00	\N
0183c900-559e-bbd9-7e5e-cecd9c314714	018385ae-3f64-6e9e-8681-da7df3db7532	aaaaa	0183c900-3ab7-aff2-26b5-4c9017ceee20	2022-10-11 21:43:05.887579+00	2022-10-11 21:43:05.887579+00	\N
0183c900-6402-1bc9-248f-9d150611b7e2	018385ae-4029-0209-e4b1-fd8f2f7f5514	Aaaaaaa	0183c900-3ab7-aff2-26b5-4c9017ceee20	2022-10-11 21:43:09.575552+00	2022-10-11 21:43:09.575552+00	\N
0183c90b-720a-39a8-bdd1-8a09503dff1d	018385ae-4029-0209-e4b1-fd8f2f7f5514	Aaaaa	0183c90b-47eb-b72a-a52e-e0b1d86b9a17	2022-10-11 21:55:14.065052+00	2022-10-11 21:55:14.065052+00	\N
0183c90b-a828-ad72-2a46-c1c68375d667	018385ae-3f64-6e9e-8681-da7df3db7532	aaaaaa	0183c90b-47eb-b72a-a52e-e0b1d86b9a17	2022-10-11 21:55:27.915673+00	2022-10-11 21:55:27.915673+00	\N
0183c9a4-2b6f-f581-6c92-b4a57f5f79db	018385ae-3f64-6e9e-8681-da7df3db7532	test	0183c9a3-f9be-8f3b-d048-6b25fbf26ca6	2022-10-12 00:42:03.000667+00	2022-10-12 00:42:03.000667+00	\N
0183c9a4-3a00-e9a9-cf28-ec2a7b081d72	018385ae-4029-8973-b969-b6b660c58425	pass	0183c9a3-f9be-8f3b-d048-6b25fbf26ca6	2022-10-12 00:42:06.729957+00	2022-10-12 00:42:06.729957+00	\N
0183cd6c-dbc6-7cf1-3604-ce65c7fe10f7	018385ae-3f64-6e9e-8681-da7df3db7532	aaaaa	0183cd6c-4f2f-e5cf-6d32-ce17cd17bba3	2022-10-12 18:20:06.984733+00	2022-10-12 18:20:06.984733+00	\N
0183cd6c-e6d1-c413-0652-68629c720804	018385ae-4029-8973-b969-b6b660c58425	aaaaa	0183cd6c-4f2f-e5cf-6d32-ce17cd17bba3	2022-10-12 18:20:09.812702+00	2022-10-12 18:20:09.812702+00	\N
0183cdcb-4fe7-07f3-dfd9-4df3d39a3fe2	018385ae-3f64-6e9e-8681-da7df3db7532	argh	0183cdcb-2c77-ab1d-edc9-57039e44d614	2022-10-12 20:03:17.101068+00	2022-10-12 20:03:17.101068+00	\N
0183cdcb-7403-9bd0-c791-6b15ba21a9a8	018385ae-4029-0209-e4b1-fd8f2f7f5514	Aaaa	0183cdcb-2c77-ab1d-edc9-57039e44d614	2022-10-12 20:03:26.343302+00	2022-10-12 20:03:26.343302+00	\N
0183d232-d614-4968-4df8-2e0a2ebc870e	018385ae-3f64-6e9e-8681-da7df3db7532	zzzz	0183d232-9e20-af1d-c311-ff15306cb90f	2022-10-13 16:34:50.520358+00	2022-10-13 16:34:50.520358+00	\N
0183d232-e02a-c02c-d496-d2db01a7a163	018385ae-4029-8973-b969-b6b660c58425	aaaa	0183d232-9e20-af1d-c311-ff15306cb90f	2022-10-13 16:34:53.103335+00	2022-10-13 16:34:53.103335+00	\N
0183d237-9238-5eb2-e48b-241818c683e8	018385ae-4029-8973-b969-b6b660c58425	aaa	0183d237-6841-bd3e-8f05-5f98c79fbb13	2022-10-13 16:40:00.830987+00	2022-10-13 16:40:00.830987+00	\N
0183d237-9cf8-9f57-656b-d055b2c38402	018385ae-3f64-6e9e-8681-da7df3db7532	aaa	0183d237-6841-bd3e-8f05-5f98c79fbb13	2022-10-13 16:40:03.583748+00	2022-10-13 16:40:03.583748+00	\N
0183d2cc-3e60-220a-be0c-f82548daadbb	018385ae-4029-0209-e4b1-fd8f2f7f5514	Test	0183d2cc-05a6-da95-90ef-dcf8253d0c5a	2022-10-13 19:22:24.218338+00	2022-10-13 19:22:24.218338+00	\N
0183d2cc-5c86-3987-519a-57f60bf3d393	018385ae-3f64-6e9e-8681-da7df3db7532	aaa	0183d2cc-05a6-da95-90ef-dcf8253d0c5a	2022-10-13 19:22:31.936926+00	2022-10-13 19:22:31.936926+00	\N
0183d2da-2768-f1ac-a7ee-c31d8493f49c	018385ae-3f64-6e9e-8681-da7df3db7532	aaaa	0183d2d9-fd99-b980-bdc1-bebc08302fd5	2022-10-13 19:37:35.851276+00	2022-10-13 19:37:35.851276+00	\N
0183d2da-35c0-4a8f-b168-88948b38516f	018385ae-4029-0209-e4b1-fd8f2f7f5514	Dddd	0183d2d9-fd99-b980-bdc1-bebc08302fd5	2022-10-13 19:37:39.524271+00	2022-10-13 19:37:39.524271+00	\N
0183d30b-711d-d487-9b02-ad343769843f	018385ae-3f64-6e9e-8681-da7df3db7532	sss	0183d30b-3bcc-e56d-3504-ef70e6791d89	2022-10-13 20:31:25.992646+00	2022-10-13 20:31:25.992646+00	\N
0183d30b-a461-3203-dd77-1f0bc905bb2f	018385ae-4029-0209-e4b1-fd8f2f7f5514	Aaa	0183d30b-3bcc-e56d-3504-ef70e6791d89	2022-10-13 20:31:39.116927+00	2022-10-13 20:31:39.116927+00	\N
0183d314-78d4-c001-648a-08a2dc03714d	018385ae-3f64-6e9e-8681-da7df3db7532	aaaa	0183d314-4fcb-6985-d25e-2aa9029d32bf	2022-10-13 20:41:17.782864+00	2022-10-13 20:41:17.782864+00	\N
0183d314-84a7-0881-7099-c1fc6ae9cdda	018385ae-4029-0209-e4b1-fd8f2f7f5514	Aaa	0183d314-4fcb-6985-d25e-2aa9029d32bf	2022-10-13 20:41:20.806063+00	2022-10-13 20:41:20.806063+00	\N
0183d31c-136d-ac4a-ff27-0accf496cb8c	018385ae-4029-0209-e4b1-fd8f2f7f5514	A	0183d31b-e21e-490f-3f9b-1b98f3743805	2022-10-13 20:49:36.11338+00	2022-10-13 20:49:36.11338+00	\N
0183d31c-23bd-8203-9b83-0dc95ee69823	018385ae-3f64-6e9e-8681-da7df3db7532	n	0183d31b-e21e-490f-3f9b-1b98f3743805	2022-10-13 20:49:40.288148+00	2022-10-13 20:49:40.288148+00	\N
0183d327-0fbc-e735-ff08-33a5b1953702	018385ae-3f64-6e9e-8681-da7df3db7532	aaaaa	0183d326-e1d2-0dd4-1585-59c8f0c75bbf	2022-10-13 21:01:36.062691+00	2022-10-13 21:01:36.062691+00	\N
0183d327-517e-03a6-d453-bb3fbddbdc35	018385ae-4029-0209-e4b1-fd8f2f7f5514	V	0183d326-e1d2-0dd4-1585-59c8f0c75bbf	2022-10-13 21:01:52.896462+00	2022-10-13 21:01:52.896462+00	\N
0183d749-1872-2a93-17fd-f90c144031ab	018385ae-3f64-6e9e-8681-da7df3db7532	fdfgfggffghfgh	0183d748-fc00-0acc-eda5-19fae250c7b2	2022-10-14 16:17:15.379992+00	2022-10-14 16:17:15.379992+00	\N
0183d749-290f-8d16-65c5-715330cae08a	018385ae-4029-0209-e4b1-fd8f2f7f5514	Ssssssss	0183d748-fc00-0acc-eda5-19fae250c7b2	2022-10-14 16:17:19.632635+00	2022-10-14 16:17:19.632635+00	\N
0183d750-72fc-15d8-0be5-30b083b86840	018385ae-3f64-6e9e-8681-da7df3db7532	argk	0183d750-3dcd-b240-ebd8-6ae6b7f534cd	2022-10-14 16:25:17.318475+00	2022-10-14 16:25:17.318475+00	\N
0183d750-85ab-bdea-0228-91dcf49121b9	018385ae-4029-0209-e4b1-fd8f2f7f5514	Beei	0183d750-3dcd-b240-ebd8-6ae6b7f534cd	2022-10-14 16:25:22.103329+00	2022-10-14 16:25:22.103329+00	\N
0183d77d-c65b-3001-181b-f84924cb8a5f	018385ae-3f64-6e9e-8681-da7df3db7532	aaa	0183d76b-c226-7f84-c4de-b2810c1c0908	2022-10-14 17:14:47.776859+00	2022-10-14 17:14:47.776859+00	\N
0183d77e-09ac-02c0-e713-1c6fcde38df6	018385ae-4029-0209-e4b1-fd8f2f7f5514	Nope	0183d76b-c226-7f84-c4de-b2810c1c0908	2022-10-14 17:15:05.009561+00	2022-10-14 17:15:05.009561+00	\N
0183d78f-accd-2045-4f86-53e87164570d	018385ae-3f64-6e9e-8681-da7df3db7532	x	0183d78f-8453-dfb5-10c3-92476a34d4b7	2022-10-14 17:34:20.88055+00	2022-10-14 17:34:20.88055+00	\N
0183d78f-b7bd-cc19-a6ac-9aeeec2e5740	018385ae-4029-0209-e4b1-fd8f2f7f5514	K	0183d78f-8453-dfb5-10c3-92476a34d4b7	2022-10-14 17:34:23.680405+00	2022-10-14 17:34:23.680405+00	\N
0183d855-4180-4cce-81ba-1068655a3bc2	018385ae-3f64-6e9e-8681-da7df3db7532	s	0183d855-21eb-7782-526a-b3af08c08cab	2022-10-14 21:10:09.539207+00	2022-10-14 21:10:09.539207+00	\N
0183d855-5012-6e99-7c91-46ea3396601c	018385ae-4029-0209-e4b1-fd8f2f7f5514	Ff	0183d855-21eb-7782-526a-b3af08c08cab	2022-10-14 21:10:13.268274+00	2022-10-14 21:10:13.268274+00	\N
0183d85b-881c-e9d7-2170-3ca1679258e5	018385ae-3f64-6e9e-8681-da7df3db7532	argh	0183d85b-6e48-0ef8-6814-e2bc21b147ec	2022-10-14 21:17:00.827659+00	2022-10-14 21:17:00.827659+00	\N
0183d85b-c6e4-42d3-9f4e-c16648dd511e	018385ae-4029-0209-e4b1-fd8f2f7f5514	Zzz	0183d85b-6e48-0ef8-6814-e2bc21b147ec	2022-10-14 21:17:16.901635+00	2022-10-14 21:17:16.901635+00	\N
0183d863-e652-01b0-763e-4f6ad7ff7454	018385ae-3f64-6e9e-8681-da7df3db7532	tttt	0183d861-0cd0-b36b-1c11-b2e3b558e67a	2022-10-14 21:26:09.233892+00	2022-10-14 21:26:09.233892+00	\N
0183d863-f7c7-bee8-f80b-c080b61cce62	018385ae-4029-0209-e4b1-fd8f2f7f5514	Oh\n	0183d861-0cd0-b36b-1c11-b2e3b558e67a	2022-10-14 21:26:13.706987+00	2022-10-14 21:26:13.706987+00	\N
0183d878-22a7-ead2-e8d3-37607c06f129	018385ae-3f64-6e9e-8681-da7df3db7532	a	0183d878-0b3b-e835-e6da-4d23e5279897	2022-10-14 21:48:15.405628+00	2022-10-14 21:48:15.405628+00	\N
0183d878-37e9-72c8-e79e-05d1f3f104ae	018385ae-4029-0209-e4b1-fd8f2f7f5514	Aaaa	0183d878-0b3b-e835-e6da-4d23e5279897	2022-10-14 21:48:20.843202+00	2022-10-14 21:48:20.843202+00	\N
0183e6fb-c28c-1c9e-d200-16ae86c4f323	018385ae-3f64-6e9e-8681-da7df3db7532	g	0183e6fb-93ff-00a7-90ce-b51dadd1d3e8	2022-10-17 17:26:42.580039+00	2022-10-17 17:26:42.580039+00	\N
0183e6fb-e5c6-5f82-818e-f38e78b45dc8	018385ae-4029-0209-e4b1-fd8f2f7f5514	L	0183e6fb-93ff-00a7-90ce-b51dadd1d3e8	2022-10-17 17:26:51.598922+00	2022-10-17 17:26:51.598922+00	\N
0183e701-3f95-8567-52a7-2b2b37655923	018385ae-3f64-6e9e-8681-da7df3db7532	h	0183e701-0bab-3af4-189a-384804837a7d	2022-10-17 17:32:42.266444+00	2022-10-17 17:32:42.266444+00	\N
0183e701-5a87-4057-1f5f-af2c31821f14	018385ae-4029-0209-e4b1-fd8f2f7f5514	M	0183e701-0bab-3af4-189a-384804837a7d	2022-10-17 17:32:49.164883+00	2022-10-17 17:32:49.164883+00	\N
0183e708-2f90-a1ac-7e0a-d4880980d57b	018385ae-3f64-6e9e-8681-da7df3db7532	hhh	0183e708-0cd3-416e-445c-76aef8911d44	2022-10-17 17:40:16.90815+00	2022-10-17 17:40:16.90815+00	\N
0183e708-3af3-6fd0-8010-dbbe61573b18	018385ae-4029-0209-e4b1-fd8f2f7f5514	A	0183e708-0cd3-416e-445c-76aef8911d44	2022-10-17 17:40:19.82563+00	2022-10-17 17:40:19.82563+00	\N
0183e70c-f8aa-b57c-8489-4d347322cf7e	018385ae-3f64-6e9e-8681-da7df3db7532	g	0183e70c-be87-0e0c-032b-6160e68fa00b	2022-10-17 17:45:30.538305+00	2022-10-17 17:45:30.538305+00	\N
0183e70d-05e3-7530-f494-8687459ad0f4	018385ae-4029-0209-e4b1-fd8f2f7f5514	G	0183e70c-be87-0e0c-032b-6160e68fa00b	2022-10-17 17:45:33.922676+00	2022-10-17 17:45:33.922676+00	\N
0183e713-1aad-5d6a-97a4-f1a23cfc2c7d	018385ae-3f64-6e9e-8681-da7df3db7532	x	0183e712-fffa-ab31-389a-036d851c1d10	2022-10-17 17:52:12.464838+00	2022-10-17 17:52:12.464838+00	\N
0183e713-24d5-0e31-abcc-98b04747aa72	018385ae-4029-0209-e4b1-fd8f2f7f5514	Ff	0183e712-fffa-ab31-389a-036d851c1d10	2022-10-17 17:52:15.06227+00	2022-10-17 17:52:15.06227+00	\N
0183e718-b826-b566-f682-5af9e0fbf8a0	018385ae-3f64-6e9e-8681-da7df3db7532	hhh	0183e718-9d28-ea29-50bc-d4b9f376939b	2022-10-17 17:58:20.451566+00	2022-10-17 17:58:20.451566+00	\N
0183e718-dad1-ee01-987f-cbdfdbc85033	018385ae-4029-0209-e4b1-fd8f2f7f5514	Ujgihjk	0183e718-9d28-ea29-50bc-d4b9f376939b	2022-10-17 17:58:29.334331+00	2022-10-17 17:58:29.334331+00	\N
0183e722-2232-d2b1-694a-6c4b96cc4994	018385ae-4029-0209-e4b1-fd8f2f7f5514	A	0183e721-d907-62e8-bb20-949638cc1e00	2022-10-17 18:08:37.427156+00	2022-10-17 18:08:37.427156+00	\N
0183e722-2be0-430d-4919-80421763a9ef	018385ae-3f64-6e9e-8681-da7df3db7532	aaa	0183e721-d907-62e8-bb20-949638cc1e00	2022-10-17 18:08:39.908022+00	2022-10-17 18:08:39.908022+00	\N
0183e745-1de5-da3a-60a6-043d11ac57a7	018385ae-3f64-6e9e-8681-da7df3db7532	fgfgfg	0183e744-f866-8342-bafd-205aad014eee	2022-10-17 18:46:50.087759+00	2022-10-17 18:46:50.087759+00	\N
0183e745-4321-f2a2-8d62-4a7987ceaca0	018385ae-4029-0209-e4b1-fd8f2f7f5514	A	0183e744-f866-8342-bafd-205aad014eee	2022-10-17 18:46:59.627639+00	2022-10-17 18:46:59.627639+00	\N
0183e74e-797f-507c-91b3-65cb7f87faa0	018385ae-3f64-6e9e-8681-da7df3db7532	dffffgf	0183e74d-685b-ca20-befc-05f363d48def	2022-10-17 18:57:03.359771+00	2022-10-17 18:57:03.359771+00	\N
0183e74e-9212-953a-9df9-c99970d40849	018385ae-4029-0209-e4b1-fd8f2f7f5514	Aaaa	0183e74d-685b-ca20-befc-05f363d48def	2022-10-17 18:57:09.670247+00	2022-10-17 18:57:09.670247+00	\N
0183e785-d4a0-39e7-3d7c-1f895aeb03db	018385ae-3f64-6e9e-8681-da7df3db7532	sdsfsdfsdf	0183e785-bab3-be25-4091-5af11ff97211	2022-10-17 19:57:31.173146+00	2022-10-17 19:57:31.173146+00	\N
0183e785-f2eb-771d-18d2-b5cc410bf6ef	018385ae-4029-0209-e4b1-fd8f2f7f5514	Aszz	0183e785-bab3-be25-4091-5af11ff97211	2022-10-17 19:57:38.928207+00	2022-10-17 19:57:38.928207+00	\N
0183e7a6-c896-e0b8-a9d3-b5f45d35a14b	018385ae-3f64-6e9e-8681-da7df3db7532	cvbdcvbvc	0183e7a6-8b3f-7ed2-5f17-ca3a464ecc27	2022-10-17 20:33:30.775659+00	2022-10-17 20:33:30.775659+00	\N
0183e7a6-e395-db9b-6540-241d6390deeb	018385ae-4029-0209-e4b1-fd8f2f7f5514	Aaaa	0183e7a6-8b3f-7ed2-5f17-ca3a464ecc27	2022-10-17 20:33:37.690117+00	2022-10-17 20:33:37.690117+00	\N
0183e7ae-bb7e-7e99-6a39-416e6fff4eb8	018385ae-3f64-6e9e-8681-da7df3db7532	zsfxzxcvx	0183e7ae-9fc5-4645-6cda-a95f1496add6	2022-10-17 20:42:11.710954+00	2022-10-17 20:42:11.710954+00	\N
0183e7ae-d1d0-242e-9be9-286b2d7673b5	018385ae-4029-0209-e4b1-fd8f2f7f5514	Aaaaa	0183e7ae-9fc5-4645-6cda-a95f1496add6	2022-10-17 20:42:17.425089+00	2022-10-17 20:42:17.425089+00	\N
0183e7b4-dc20-b191-5c3b-fd8077b6f246	018385ae-3f64-6e9e-8681-da7df3db7532	wwerwserf	0183e7b4-c7a5-d5ad-3b3c-aee33dcf75b3	2022-10-17 20:48:53.282578+00	2022-10-17 20:48:53.282578+00	\N
0183e7b5-0aa3-decf-a0f2-334a86a7e6f3	018385ae-4029-0209-e4b1-fd8f2f7f5514	Sdsdf	0183e7b4-c7a5-d5ad-3b3c-aee33dcf75b3	2022-10-17 20:49:05.194925+00	2022-10-17 20:49:05.194925+00	\N
0183ec48-5a34-2ea2-99b5-cf70355b76d5	018385ae-3f64-6e9e-8681-da7df3db7532	dcvffghfgh	0183ec48-3290-5681-8009-14c65b12a60d	2022-10-18 18:08:28.214955+00	2022-10-18 18:08:28.214955+00	\N
0183ec48-6209-5a29-afd4-661ec26c41ae	018385ae-4029-0209-e4b1-fd8f2f7f5514	Aaaa	0183ec48-3290-5681-8009-14c65b12a60d	2022-10-18 18:08:30.219018+00	2022-10-18 18:08:30.219018+00	\N
0183ec52-3e1e-df96-32bd-cc1f8506d988	018385ae-4029-8973-b969-b6b660c58425	Add add	0183ec51-de6d-2526-4141-d3c3d34bdecb	2022-10-18 18:19:16.380825+00	2022-10-18 18:19:16.380825+00	\N
0183ec52-612b-406f-b0e8-67b6154ab4e2	018385ae-3f64-6e9e-8681-da7df3db7532	acv	0183ec51-de6d-2526-4141-d3c3d34bdecb	2022-10-18 18:19:25.355172+00	2022-10-18 18:19:25.355172+00	\N
0183ec57-bd4b-03d3-ec45-ea351c30f15b	018385ae-4029-8973-b969-b6b660c58425	Aaaaaaaaaaaaaaaaaaaaa	0183ec57-a7ed-1e92-9999-f1bc9fff362e	2022-10-18 18:25:16.622665+00	2022-10-18 18:25:16.622665+00	\N
0183ec57-d92e-efa0-a367-c9c37781ff9c	018385ae-3f64-6e9e-8681-da7df3db7532	beep	0183ec57-a7ed-1e92-9999-f1bc9fff362e	2022-10-18 18:25:23.76214+00	2022-10-18 18:25:23.76214+00	\N
0183ec58-fb83-34e9-1b9d-079f16ca77c8	018385ae-4029-8973-b969-b6b660c58425	Boop	0183ec57-a7ed-1e92-9999-f1bc9fff362e	2022-10-18 18:26:38.084472+00	2022-10-18 18:26:38.084472+00	\N
0183ec59-05d7-5abf-36fd-d943e4e34880	018385ae-3f64-6e9e-8681-da7df3db7532	bonk	0183ec57-a7ed-1e92-9999-f1bc9fff362e	2022-10-18 18:26:40.727945+00	2022-10-18 18:26:40.727945+00	\N
0183ec75-5d89-dc30-1f72-583f62b52882	018385ae-3f64-6e9e-8681-da7df3db7532	beep	0183ec75-3bc6-b81a-1b91-4cebb3f56e9d	2022-10-18 18:57:38.187915+00	2022-10-18 18:57:38.187915+00	\N
0183ec76-f3e8-e218-217f-835a434c280e	018385ae-4029-8973-b969-b6b660c58425	Aaaaa	0183ec75-3bc6-b81a-1b91-4cebb3f56e9d	2022-10-18 18:59:22.216868+00	2022-10-18 18:59:22.216868+00	\N
0183eca1-7483-2424-0589-58b575608362	018385ae-3f64-6e9e-8681-da7df3db7532	eeeee	0183eca1-4c32-3b4c-ad77-a96f3e6befc7	2022-10-18 19:45:47.654246+00	2022-10-18 19:45:47.654246+00	\N
0183eca1-840f-5044-53ba-6878bca5200e	018385ae-4029-8973-b969-b6b660c58425	Ooooo	0183eca1-4c32-3b4c-ad77-a96f3e6befc7	2022-10-18 19:45:51.643551+00	2022-10-18 19:45:51.643551+00	\N
0183ecac-ff62-915b-d6b2-b734431ad11d	018385ae-3f64-6e9e-8681-da7df3db7532	blep	0183ecac-d274-a806-390e-18d5c1b324a8	2022-10-18 19:58:24.098956+00	2022-10-18 19:58:24.098956+00	\N
0183ecad-15cc-ecfe-a363-e786f55c4981	018385ae-4029-8973-b969-b6b660c58425	Blopr	0183ecac-d274-a806-390e-18d5c1b324a8	2022-10-18 19:58:29.841453+00	2022-10-18 19:58:29.841453+00	\N
0183ecbe-b7e0-1c23-8115-7959e23e40d4	018385ae-3f64-6e9e-8681-da7df3db7532	ryertr]\\	0183ecbe-9962-9a7b-8647-d34c0f240f2f	2022-10-18 20:17:45.44098+00	2022-10-18 20:17:45.44098+00	\N
0183ecbe-c321-3c65-6810-4314491bed86	018385ae-4029-8973-b969-b6b660c58425	Aaaa	0183ecbe-9962-9a7b-8647-d34c0f240f2f	2022-10-18 20:17:48.323739+00	2022-10-18 20:17:48.323739+00	\N
0183eccc-5295-3329-e93e-2f53cf4f6146	018385ae-3f64-6e9e-8681-da7df3db7532	meep	0183eccc-108c-0e06-e7e5-6c3e7922e689	2022-10-18 20:32:37.01275+00	2022-10-18 20:32:37.01275+00	\N
0183eccc-6633-dfb4-7e6a-64d5e6fdcbbd	018385ae-4029-8973-b969-b6b660c58425	Beep\n	0183eccc-108c-0e06-e7e5-6c3e7922e689	2022-10-18 20:32:42.03606+00	2022-10-18 20:32:42.03606+00	\N
0183ece7-04b7-837a-9374-57e94af2f0d3	018385ae-3f64-6e9e-8681-da7df3db7532	df	0183ece6-e0b6-08d7-f073-afe9510433de	2022-10-18 21:01:46.557048+00	2022-10-18 21:01:46.557048+00	\N
0183ece7-1158-b826-5b25-1144b431e3cc	018385ae-4029-8973-b969-b6b660c58425	Zzzz	0183ece6-e0b6-08d7-f073-afe9510433de	2022-10-18 21:01:49.790839+00	2022-10-18 21:01:49.790839+00	\N
0183ecee-8381-bddf-5ade-00b3d639003a	018385ae-3f64-6e9e-8681-da7df3db7532	zzzzz	0183ecee-63a3-b8bc-0fef-998be0990b27	2022-10-18 21:09:57.761879+00	2022-10-18 21:09:57.761879+00	\N
0183ecee-9561-3c62-ac83-54f3d84f316b	018385ae-4029-8973-b969-b6b660c58425	Argh	0183ecee-63a3-b8bc-0fef-998be0990b27	2022-10-18 21:10:02.338838+00	2022-10-18 21:10:02.338838+00	\N
0183f185-cfb0-1276-bf53-43312e047188	018385ae-3f64-6e9e-8681-da7df3db7532	dfdgdgdfg	0183f185-b333-84e4-a19a-bfdea0dae47f	2022-10-19 18:33:42.064601+00	2022-10-19 18:33:42.064601+00	\N
0183f185-dc84-f8ca-b1e7-173e312e093a	018385ae-4029-8973-b969-b6b660c58425	Aaaaaa	0183f185-b333-84e4-a19a-bfdea0dae47f	2022-10-19 18:33:45.34824+00	2022-10-19 18:33:45.34824+00	\N
0183f18a-c4d5-6f93-9c71-d9b6b345d755	018385ae-3f64-6e9e-8681-da7df3db7532	sssss	0183f18a-6970-ff8b-e967-bfa7028fa3cb	2022-10-19 18:39:06.967678+00	2022-10-19 18:39:06.967678+00	\N
0183f18a-d2ca-7528-b821-e1a4aa79fabc	018385ae-4029-8973-b969-b6b660c58425	Auh	0183f18a-6970-ff8b-e967-bfa7028fa3cb	2022-10-19 18:39:10.540187+00	2022-10-19 18:39:10.540187+00	\N
0183f19b-ee82-8e3c-d91f-21dea367bc3e	018385ae-3f64-6e9e-8681-da7df3db7532	aaaa	0183f19b-d9bd-df2b-d24a-ff6327c760c8	2022-10-19 18:57:51.747709+00	2022-10-19 18:57:51.747709+00	\N
0183f19c-09e4-dfc1-4a19-8f9a9f536d68	018385ae-4029-8973-b969-b6b660c58425	Assad as\n	0183f19b-d9bd-df2b-d24a-ff6327c760c8	2022-10-19 18:57:58.758351+00	2022-10-19 18:57:58.758351+00	\N
0183f1bd-f072-0a95-ebf8-9c45a2e0c0b0	018385ae-3f64-6e9e-8681-da7df3db7532	asdasdasd	0183f1bd-ce42-01a4-0854-b6b67fb6f654	2022-10-19 19:35:00.461605+00	2022-10-19 19:35:00.461605+00	\N
0183f1be-0386-a519-2ecc-a52fa0526fe0	018385ae-4029-8973-b969-b6b660c58425	Aaaaaa	0183f1bd-ce42-01a4-0854-b6b67fb6f654	2022-10-19 19:35:05.346298+00	2022-10-19 19:35:05.346298+00	\N
0183f1c5-5b06-e46c-3055-b93b0ea5a412	018385ae-3f64-6e9e-8681-da7df3db7532	hgjgk	0183f1c5-3e8e-7496-705e-afcc10bd1d04	2022-10-19 19:43:06.511321+00	2022-10-19 19:43:06.511321+00	\N
0183f1c5-722c-cdc9-e825-a4fd69a9fc45	018385ae-4029-8973-b969-b6b660c58425	Jjjjj	0183f1c5-3e8e-7496-705e-afcc10bd1d04	2022-10-19 19:43:12.433353+00	2022-10-19 19:43:12.433353+00	\N
0183f22b-548e-7320-2bc1-6f3bc0d91d93	018385ae-3f64-6e9e-8681-da7df3db7532	dfggdsfgfdg	0183f22b-3187-10ea-f033-23a0003ffb0b	2022-10-19 21:34:29.518096+00	2022-10-19 21:34:29.518096+00	\N
0183f22b-7721-00c1-ecc8-2e45378ba058	018385ae-4029-8973-b969-b6b660c58425	zzzzz	0183f22b-3187-10ea-f033-23a0003ffb0b	2022-10-19 21:34:38.369831+00	2022-10-19 21:34:38.369831+00	\N
0183f230-c063-ba97-d858-877fa21ea5d4	018385ae-3f64-6e9e-8681-da7df3db7532	dfgdfggfc	0183f230-a2d7-5dbb-a08d-0de36f60bf45	2022-10-19 21:40:24.815654+00	2022-10-19 21:40:24.815654+00	\N
0183f230-d0eb-a0d9-c6b3-3d05f1e9c2f1	018385ae-4029-8973-b969-b6b660c58425	Aaaa	0183f230-a2d7-5dbb-a08d-0de36f60bf45	2022-10-19 21:40:29.03716+00	2022-10-19 21:40:29.03716+00	\N
0183f242-c176-f1f4-2d12-921962b4a393	018385ae-3f64-6e9e-8681-da7df3db7532	asdfdsfdsfg	0183f242-aa36-4f33-4021-14dc3be37a6c	2022-10-19 22:00:04.733894+00	2022-10-19 22:00:04.733894+00	\N
0183f242-d662-1cb8-9bf8-0b46df639ff9	018385ae-4029-8973-b969-b6b660c58425	Aaaaaaa	0183f242-aa36-4f33-4021-14dc3be37a6c	2022-10-19 22:00:10.09369+00	2022-10-19 22:00:10.09369+00	\N
0183f250-5cf9-e846-5e45-597a2845ef75	018385ae-3f64-6e9e-8681-da7df3db7532	asdasdsa	0183f250-3f0a-a72b-5b85-8883929078a6	2022-10-19 22:14:56.49924+00	2022-10-19 22:14:56.49924+00	\N
0183f250-6a87-78f9-5391-b312f9c2e02b	018385ae-4029-8973-b969-b6b660c58425	Aaaaa	0183f250-3f0a-a72b-5b85-8883929078a6	2022-10-19 22:14:59.971243+00	2022-10-19 22:14:59.971243+00	\N
0183f256-394a-4d42-2802-c3632cc66150	018385ae-3f64-6e9e-8681-da7df3db7532	aaaaa	0183f256-27ae-1968-7c7a-5c5b2b94327d	2022-10-19 22:21:20.585617+00	2022-10-19 22:21:20.585617+00	\N
0183f256-4aa5-915a-9c2b-1415c8e8c83e	018385ae-4029-8973-b969-b6b660c58425	Aaaa	0183f256-27ae-1968-7c7a-5c5b2b94327d	2022-10-19 22:21:25.029387+00	2022-10-19 22:21:25.029387+00	\N
0183f658-5c86-c254-09d4-b1f135b7c901	018385ae-3f64-6e9e-8681-da7df3db7532	dddd	0183f657-f0eb-c94b-29df-6d9703e33072	2022-10-20 17:02:09.548496+00	2022-10-20 17:02:09.548496+00	\N
0183f658-6d06-df33-4278-047fb7294c41	018385ae-4029-8973-b969-b6b660c58425	argh	0183f657-f0eb-c94b-29df-6d9703e33072	2022-10-20 17:02:13.769461+00	2022-10-20 17:02:13.769461+00	\N
0183f694-96df-36eb-529b-cfe8e3ace739	018385ae-3f64-6e9e-8681-da7df3db7532	dsasadasdsad	0183f694-60db-4afa-41d2-88c7a0917bf8	2022-10-20 18:07:56.64047+00	2022-10-20 18:07:56.64047+00	\N
0183f694-a572-ff25-5e58-5685859c00f1	018385ae-4029-8973-b969-b6b660c58425	aaaaaa	0183f694-60db-4afa-41d2-88c7a0917bf8	2022-10-20 18:08:00.373754+00	2022-10-20 18:08:00.373754+00	\N
0183f722-4366-c5c8-b895-d256a3fb1277	018385ae-3f64-6e9e-8681-da7df3db7532	assssssaadsadadad	0183f722-2554-c9dc-2582-550d5b5bd305	2022-10-20 20:42:41.38343+00	2022-10-20 20:42:41.38343+00	\N
0183f722-58e2-4669-4f3b-f9fc32b3a77e	018385ae-4029-8973-b969-b6b660c58425	Aaaaaa	0183f722-2554-c9dc-2582-550d5b5bd305	2022-10-20 20:42:46.88353+00	2022-10-20 20:42:46.88353+00	\N
0183f727-4e6b-1139-b68c-9301ab320bed	018385ae-3f64-6e9e-8681-da7df3db7532	zzzzz	0183f727-11e0-d24e-293e-31f72d788d0b	2022-10-20 20:48:11.884955+00	2022-10-20 20:48:11.884955+00	\N
0183f727-6221-df68-ff0b-d1515bd635f2	018385ae-4029-8973-b969-b6b660c58425	Asdffdf	0183f727-11e0-d24e-293e-31f72d788d0b	2022-10-20 20:48:16.932955+00	2022-10-20 20:48:16.932955+00	\N
01840b35-7800-8485-d4af-864681b9fe7a	018385ae-3f64-6e9e-8681-da7df3db7532	dfwerfsdf	01840b35-5182-8121-4f83-9ecdf88b9643	2022-10-24 18:16:04.353992+00	2022-10-24 18:16:04.353992+00	\N
01840b35-84eb-2c4d-3b3e-e580ca9133b7	018385ae-4029-8973-b969-b6b660c58425	aaaaa	01840b35-5182-8121-4f83-9ecdf88b9643	2022-10-24 18:16:07.666401+00	2022-10-24 18:16:07.666401+00	\N
01841076-3e67-03d9-c9be-f8fe60487466	018385ae-3f64-6e9e-8681-da7df3db7532	gggggg	01841076-1144-1e52-cafb-9380288c0f0c	2022-10-25 18:44:55.529633+00	2022-10-25 18:44:55.529633+00	\N
01841076-4ebd-2ae9-c567-41353d7721ea	018385ae-4029-8973-b969-b6b660c58425	abcd	01841076-1144-1e52-cafb-9380288c0f0c	2022-10-25 18:44:59.703468+00	2022-10-25 18:44:59.703468+00	\N
\.


--
-- Data for Name: session_photos; Type: TABLE DATA; Schema: upchieve; Owner: admin
--

COPY upchieve.session_photos (session_id, photo_key, created_at, updated_at) FROM stdin;
\.


--
-- Data for Name: session_reports; Type: TABLE DATA; Schema: upchieve; Owner: admin
--

COPY upchieve.session_reports (id, report_reason_id, report_message, reporting_user_id, session_id, reported_user_id, created_at, updated_at) FROM stdin;
\.


--
-- Data for Name: session_review_reasons; Type: TABLE DATA; Schema: upchieve; Owner: admin
--

COPY upchieve.session_review_reasons (session_id, session_flag_id, created_at, updated_at) FROM stdin;
01839f1e-cec3-fa14-e756-3eab7a0e2d2f	16	2022-10-03 18:34:35.456951+00	2022-10-03 18:34:35.456951+00
01839f1e-cec3-fa14-e756-3eab7a0e2d2f	13	2022-10-03 18:34:35.456951+00	2022-10-03 18:34:35.456951+00
01839f1e-cec3-fa14-e756-3eab7a0e2d2f	14	2022-10-03 18:34:35.456951+00	2022-10-03 18:34:35.456951+00
01839f1e-cec3-fa14-e756-3eab7a0e2d2f	8	2022-10-03 18:34:43.854563+00	2022-10-03 18:34:43.854563+00
01839f1e-cec3-fa14-e756-3eab7a0e2d2f	7	2022-10-03 18:34:43.854563+00	2022-10-03 18:34:43.854563+00
0183a932-6dc5-e7bd-aa3a-ace4696c00f6	3	2022-10-05 17:31:06.409043+00	2022-10-05 17:31:06.409043+00
0183a971-1947-408d-233b-c708ec375f6e	4	2022-10-05 18:42:41.936439+00	2022-10-05 18:42:41.936439+00
0183d232-9e20-af1d-c311-ff15306cb90f	4	2022-10-13 16:35:12.177626+00	2022-10-13 16:35:12.177626+00
0183d232-9e20-af1d-c311-ff15306cb90f	3	2022-10-13 16:35:26.311555+00	2022-10-13 16:35:26.311555+00
0183d232-9e20-af1d-c311-ff15306cb90f	14	2022-10-13 16:35:26.311555+00	2022-10-13 16:35:26.311555+00
0183d237-6841-bd3e-8f05-5f98c79fbb13	5	2022-10-13 16:40:24.670423+00	2022-10-13 16:40:24.670423+00
0183d237-6841-bd3e-8f05-5f98c79fbb13	4	2022-10-13 16:40:24.670423+00	2022-10-13 16:40:24.670423+00
0183ec48-3290-5681-8009-14c65b12a60d	5	2022-10-18 18:09:02.072286+00	2022-10-18 18:09:02.072286+00
0183ec48-3290-5681-8009-14c65b12a60d	4	2022-10-18 18:09:02.072286+00	2022-10-18 18:09:02.072286+00
0183ec51-de6d-2526-4141-d3c3d34bdecb	5	2022-10-18 18:19:44.518174+00	2022-10-18 18:19:44.518174+00
0183ec51-de6d-2526-4141-d3c3d34bdecb	4	2022-10-18 18:19:44.518174+00	2022-10-18 18:19:44.518174+00
0183eca1-4c32-3b4c-ad77-a96f3e6befc7	5	2022-10-18 19:52:16.346642+00	2022-10-18 19:52:16.346642+00
0183ece6-e0b6-08d7-f073-afe9510433de	5	2022-10-18 21:02:06.120327+00	2022-10-18 21:02:06.120327+00
0183f185-b333-84e4-a19a-bfdea0dae47f	4	2022-10-19 18:34:28.797959+00	2022-10-19 18:34:28.797959+00
0183f18a-6970-ff8b-e967-bfa7028fa3cb	4	2022-10-19 18:57:35.343631+00	2022-10-19 18:57:35.343631+00
0183f256-27ae-1968-7c7a-5c5b2b94327d	5	2022-10-19 22:24:38.734746+00	2022-10-19 22:24:38.734746+00
0183f694-60db-4afa-41d2-88c7a0917bf8	4	2022-10-20 18:28:43.956281+00	2022-10-20 18:28:43.956281+00
0183f694-60db-4afa-41d2-88c7a0917bf8	3	2022-10-20 18:29:06.625354+00	2022-10-20 18:29:06.625354+00
0183f694-60db-4afa-41d2-88c7a0917bf8	7	2022-10-20 18:29:06.625354+00	2022-10-20 18:29:06.625354+00
0183f722-2554-c9dc-2582-550d5b5bd305	5	2022-10-20 20:43:47.549803+00	2022-10-20 20:43:47.549803+00
01840b35-5182-8121-4f83-9ecdf88b9643	3	2022-10-24 18:16:32.534874+00	2022-10-24 18:16:32.534874+00
01840b35-5182-8121-4f83-9ecdf88b9643	5	2022-10-24 18:16:39.630543+00	2022-10-24 18:16:39.630543+00
01841076-1144-1e52-cafb-9380288c0f0c	5	2022-10-25 18:45:17.342636+00	2022-10-25 18:45:17.342636+00
01841076-1144-1e52-cafb-9380288c0f0c	4	2022-10-25 18:45:17.342636+00	2022-10-25 18:45:17.342636+00
01841076-1144-1e52-cafb-9380288c0f0c	3	2022-10-25 18:45:36.466175+00	2022-10-25 18:45:36.466175+00
01841076-1144-1e52-cafb-9380288c0f0c	8	2022-10-25 18:45:36.466175+00	2022-10-25 18:45:36.466175+00
01841076-1144-1e52-cafb-9380288c0f0c	7	2022-10-25 18:45:36.466175+00	2022-10-25 18:45:36.466175+00
01841076-1144-1e52-cafb-9380288c0f0c	16	2022-10-25 18:45:36.466175+00	2022-10-25 18:45:36.466175+00
01841076-1144-1e52-cafb-9380288c0f0c	13	2022-10-25 18:45:36.466175+00	2022-10-25 18:45:36.466175+00
01841076-1144-1e52-cafb-9380288c0f0c	14	2022-10-25 18:45:36.466175+00	2022-10-25 18:45:36.466175+00
\.


--
-- Data for Name: sessions_session_flags; Type: TABLE DATA; Schema: upchieve; Owner: admin
--

COPY upchieve.sessions_session_flags (session_id, session_flag_id, created_at, updated_at) FROM stdin;
01839f1e-cec3-fa14-e756-3eab7a0e2d2f	8	2022-10-03 18:34:35.419907+00	2022-10-03 18:34:43.854566+00
01839f1e-cec3-fa14-e756-3eab7a0e2d2f	7	2022-10-03 18:34:35.419907+00	2022-10-03 18:34:43.854566+00
01839f1e-cec3-fa14-e756-3eab7a0e2d2f	16	2022-10-03 18:34:35.419907+00	2022-10-03 18:34:43.854566+00
01839f1e-cec3-fa14-e756-3eab7a0e2d2f	13	2022-10-03 18:34:35.419907+00	2022-10-03 18:34:43.854566+00
01839f1e-cec3-fa14-e756-3eab7a0e2d2f	14	2022-10-03 18:34:35.419907+00	2022-10-03 18:34:43.854566+00
0183a932-6dc5-e7bd-aa3a-ace4696c00f6	3	2022-10-05 17:31:06.408836+00	2022-10-05 17:55:16.830101+00
0183a971-1947-408d-233b-c708ec375f6e	4	2022-10-05 18:42:41.936399+00	2022-10-05 18:50:03.804771+00
0183d232-9e20-af1d-c311-ff15306cb90f	4	2022-10-13 16:35:12.177351+00	2022-10-13 16:35:26.265758+00
0183d232-9e20-af1d-c311-ff15306cb90f	3	2022-10-13 16:35:26.265758+00	2022-10-13 16:35:26.265758+00
0183d232-9e20-af1d-c311-ff15306cb90f	14	2022-10-13 16:35:26.265758+00	2022-10-13 16:35:26.265758+00
0183d237-6841-bd3e-8f05-5f98c79fbb13	5	2022-10-13 16:40:24.670321+00	2022-10-13 16:40:24.670321+00
0183d237-6841-bd3e-8f05-5f98c79fbb13	4	2022-10-13 16:40:24.670321+00	2022-10-13 16:40:24.670321+00
0183ec48-3290-5681-8009-14c65b12a60d	5	2022-10-18 18:09:02.07228+00	2022-10-18 18:09:40.820082+00
0183ec48-3290-5681-8009-14c65b12a60d	4	2022-10-18 18:09:02.07228+00	2022-10-18 18:09:40.820082+00
0183ec51-de6d-2526-4141-d3c3d34bdecb	5	2022-10-18 18:19:44.51833+00	2022-10-18 18:19:44.51833+00
0183ec51-de6d-2526-4141-d3c3d34bdecb	4	2022-10-18 18:19:44.51833+00	2022-10-18 18:19:44.51833+00
0183eca1-4c32-3b4c-ad77-a96f3e6befc7	5	2022-10-18 19:52:16.346639+00	2022-10-18 19:52:16.346639+00
0183ece6-e0b6-08d7-f073-afe9510433de	5	2022-10-18 21:02:06.120491+00	2022-10-18 21:02:48.472136+00
0183f185-b333-84e4-a19a-bfdea0dae47f	4	2022-10-19 18:34:28.797959+00	2022-10-19 18:34:28.797959+00
0183f18a-6970-ff8b-e967-bfa7028fa3cb	4	2022-10-19 18:57:35.343631+00	2022-10-19 18:57:35.343631+00
0183f256-27ae-1968-7c7a-5c5b2b94327d	5	2022-10-19 22:24:38.734774+00	2022-10-19 22:24:38.734774+00
0183f694-60db-4afa-41d2-88c7a0917bf8	4	2022-10-20 18:28:43.956411+00	2022-10-20 18:29:06.56907+00
0183f694-60db-4afa-41d2-88c7a0917bf8	3	2022-10-20 18:29:06.56907+00	2022-10-20 18:29:06.56907+00
0183f694-60db-4afa-41d2-88c7a0917bf8	7	2022-10-20 18:29:06.56907+00	2022-10-20 18:29:06.56907+00
0183f722-2554-c9dc-2582-550d5b5bd305	5	2022-10-20 20:43:47.504196+00	2022-10-20 20:43:47.504196+00
01840b35-5182-8121-4f83-9ecdf88b9643	5	2022-10-24 18:16:39.631025+00	2022-10-24 18:16:39.631025+00
01840b35-5182-8121-4f83-9ecdf88b9643	3	2022-10-24 18:16:32.501482+00	2022-10-24 18:16:39.631025+00
01841076-1144-1e52-cafb-9380288c0f0c	5	2022-10-25 18:45:17.342161+00	2022-10-25 18:45:36.417186+00
01841076-1144-1e52-cafb-9380288c0f0c	4	2022-10-25 18:45:17.342161+00	2022-10-25 18:45:36.417186+00
01841076-1144-1e52-cafb-9380288c0f0c	3	2022-10-25 18:45:36.417186+00	2022-10-25 18:45:36.417186+00
01841076-1144-1e52-cafb-9380288c0f0c	8	2022-10-25 18:45:36.417186+00	2022-10-25 18:45:36.417186+00
01841076-1144-1e52-cafb-9380288c0f0c	7	2022-10-25 18:45:36.417186+00	2022-10-25 18:45:36.417186+00
01841076-1144-1e52-cafb-9380288c0f0c	16	2022-10-25 18:45:36.417186+00	2022-10-25 18:45:36.417186+00
01841076-1144-1e52-cafb-9380288c0f0c	13	2022-10-25 18:45:36.417186+00	2022-10-25 18:45:36.417186+00
01841076-1144-1e52-cafb-9380288c0f0c	14	2022-10-25 18:45:36.417186+00	2022-10-25 18:45:36.417186+00
\.


--
-- Data for Name: sponsor_orgs_upchieve_instances; Type: TABLE DATA; Schema: upchieve; Owner: admin
--

COPY upchieve.sponsor_orgs_upchieve_instances (id, sponsor_org_id, deactivated_on, created_at, updated_at) FROM stdin;
\.


--
-- Data for Name: sponsor_orgs_volunteer_partner_orgs_instances; Type: TABLE DATA; Schema: upchieve; Owner: admin
--

COPY upchieve.sponsor_orgs_volunteer_partner_orgs_instances (sponsor_org_id, volunteer_partner_org_id, deactivated_on, created_at, updated_at) FROM stdin;
\.


--
-- Data for Name: student_favorite_volunteers; Type: TABLE DATA; Schema: upchieve; Owner: admin
--

COPY upchieve.student_favorite_volunteers (student_id, volunteer_id, created_at, updated_at) FROM stdin;
018385ae-4029-8973-b969-b6b660c58425	018385ae-3f64-6e9e-8681-da7df3db7532	2022-10-03 18:34:43.812376+00	2022-10-03 18:34:43.812376+00
018385ae-4029-0209-e4b1-fd8f2f7f5514	018385ae-3f64-6e9e-8681-da7df3db7532	2022-10-05 16:51:05.333792+00	2022-10-05 16:51:05.333792+00
018385ae-4029-8973-b969-b6b660c58425	018385ae-3f64-6e9e-8681-da7df3db7532	2022-10-05 18:42:41.88678+00	2022-10-05 18:42:41.88678+00
018385ae-4029-8973-b969-b6b660c58425	018385ae-3f64-6e9e-8681-da7df3db7532	2022-10-13 16:35:12.123993+00	2022-10-13 16:35:12.123993+00
018385ae-4029-8973-b969-b6b660c58425	018385ae-3f64-6e9e-8681-da7df3db7532	2022-10-13 16:40:24.626507+00	2022-10-13 16:40:24.626507+00
018385ae-4029-8973-b969-b6b660c58425	018385ae-3f64-6e9e-8681-da7df3db7532	2022-10-18 21:11:09.134675+00	2022-10-18 21:11:09.134675+00
018385ae-4029-8973-b969-b6b660c58425	018385ae-3f64-6e9e-8681-da7df3db7532	2022-10-20 17:38:01.051505+00	2022-10-20 17:38:01.051505+00
018385ae-4029-8973-b969-b6b660c58425	018385ae-3f64-6e9e-8681-da7df3db7532	2022-10-20 18:28:43.912616+00	2022-10-20 18:28:43.912616+00
018385ae-4029-8973-b969-b6b660c58425	018385ae-3f64-6e9e-8681-da7df3db7532	2022-10-20 20:43:47.506033+00	2022-10-20 20:43:47.506033+00
018385ae-4029-8973-b969-b6b660c58425	018385ae-3f64-6e9e-8681-da7df3db7532	2022-10-24 18:16:39.572781+00	2022-10-24 18:16:39.572781+00
018385ae-4029-8973-b969-b6b660c58425	018385ae-3f64-6e9e-8681-da7df3db7532	2022-10-25 18:45:17.266345+00	2022-10-25 18:45:17.266345+00
\.


--
-- Data for Name: student_partner_org_sites; Type: TABLE DATA; Schema: upchieve; Owner: admin
--

COPY upchieve.student_partner_org_sites (id, name, student_partner_org_id, created_at, updated_at) FROM stdin;
018385ae-3f44-11f8-b81f-15b37ae221ad	Brooklyn	018385ae-3f13-ad91-eb79-dbc1d7ea919c	2022-09-28 19:58:52.741399+00	2022-09-28 19:58:52.741399+00
018385ae-3f44-c82a-ef66-5bc7b70bd3d1	Denver	018385ae-3f13-ad91-eb79-dbc1d7ea919c	2022-09-28 19:58:52.743128+00	2022-09-28 19:58:52.743128+00
018385ae-3f44-c7b1-4352-d0f049ca3a35	Oakland	018385ae-3f13-ad91-eb79-dbc1d7ea919c	2022-09-28 19:58:52.744524+00	2022-09-28 19:58:52.744524+00
\.


--
-- Data for Name: student_partner_orgs_sponsor_orgs; Type: TABLE DATA; Schema: upchieve; Owner: admin
--

COPY upchieve.student_partner_orgs_sponsor_orgs (student_partner_org_id, sponsor_org_id, created_at, updated_at) FROM stdin;
018385ae-3f13-b24e-ae18-f34c28d94ae7	018385ae-3f58-3591-28ec-177486d9316c	2022-09-28 19:58:52.767042+00	2022-09-28 19:58:52.767042+00
018385ae-3f13-0bf3-b085-83545ffdf2c1	018385ae-3f58-e742-15e7-9f4f7cb332c0	2022-09-28 19:58:52.768267+00	2022-09-28 19:58:52.768267+00
\.


--
-- Data for Name: student_partner_orgs_sponsor_orgs_instances; Type: TABLE DATA; Schema: upchieve; Owner: admin
--

COPY upchieve.student_partner_orgs_sponsor_orgs_instances (student_partner_org_id, sponsor_org_id, deactivated_on, created_at, updated_at) FROM stdin;
\.


--
-- Data for Name: student_partner_orgs_upchieve_instances; Type: TABLE DATA; Schema: upchieve; Owner: admin
--

COPY upchieve.student_partner_orgs_upchieve_instances (id, student_partner_org_id, deactivated_on, created_at, updated_at) FROM stdin;
\.


--
-- Data for Name: student_partner_orgs_volunteer_partner_orgs_instances; Type: TABLE DATA; Schema: upchieve; Owner: admin
--

COPY upchieve.student_partner_orgs_volunteer_partner_orgs_instances (student_partner_org_id, volunteer_partner_org_id, deactivated_on, created_at, updated_at) FROM stdin;
\.


--
-- Data for Name: student_profiles; Type: TABLE DATA; Schema: upchieve; Owner: admin
--

COPY upchieve.student_profiles (user_id, college, school_id, postal_code, grade_level_id, student_partner_org_user_id, student_partner_org_id, student_partner_org_site_id, created_at, updated_at) FROM stdin;
018385ae-4029-8973-b969-b6b660c58425	\N	018385ae-3f52-55e8-a1bc-f480f162685e	\N	\N	\N	\N	\N	2022-09-28 19:58:52.977288+00	2022-09-28 19:58:52.977288+00
018385ae-4029-0209-e4b1-fd8f2f7f5514	\N	018385ae-3f52-0a7a-08c1-96cdcf627368	\N	\N	\N	018385ae-3f13-ad91-eb79-dbc1d7ea919c	\N	2022-09-28 19:58:52.978721+00	2022-09-28 19:58:52.978721+00
018385ae-4029-e44f-9738-b2ee9f21e55b	\N	\N	\N	\N	\N	018385ae-3f13-0bf3-b085-83545ffdf2c1	\N	2022-09-28 19:58:52.979972+00	2022-09-28 19:58:52.979972+00
\.


--
-- Data for Name: survey_questions; Type: TABLE DATA; Schema: upchieve; Owner: admin
--

COPY upchieve.survey_questions (id, question_type_id, question_text, created_at, updated_at, response_display_text, replacement_column_1, replacement_column_2) FROM stdin;
7	1	Sorry to hear that, what happened?	2022-09-28 19:58:50.806596+00	2022-09-28 19:58:50.806596+00	\N	\N	\N
9	1	Overall, how supportive was your coach today?	2022-09-28 19:58:50.806596+00	2022-09-28 19:58:50.806596+00	\N	\N	\N
10	1	Overall, how much did your coach push you to do your best work today?	2022-09-28 19:58:50.806596+00	2022-09-28 19:58:50.806596+00	\N	\N	\N
11	3	This can be about the web app, the Academic Coach who helped you, the services UPchieve offers, etc.	2022-09-28 19:58:50.806596+00	2022-09-28 19:58:50.806596+00	\N	\N	\N
1	1	What is your primary goal for today's session?	2022-09-28 19:58:50.769103+00	2022-09-28 19:58:50.830897+00	Their goal for the session:	\N	\N
2	1	Where are you in the process of reaching your goal?	2022-09-28 19:58:50.769103+00	2022-09-28 19:58:50.830897+00	How much progress they've made towards their goal:	\N	\N
3	1	Overall, how do you feel about applying to college?	2022-09-28 19:58:50.769103+00	2022-09-28 19:58:50.830897+00	How they feel about applying to college:	\N	\N
4	1	How well do you understand the topic you want to talk about today?	2022-09-28 19:58:50.769103+00	2022-09-28 19:58:50.830897+00	How well they understand the topic:	\N	\N
17	1	Were there any student safety, academic integrity, or community guideline issues during this session?	2022-09-28 19:58:50.838798+00	2022-09-28 19:58:50.838798+00	\N	\N	\N
18	1	Please select all that apply	2022-09-28 19:58:50.838798+00	2022-09-28 19:58:50.838798+00	\N	\N	\N
19	3	This can be about the web app, the student you helped, technical issues, etc.	2022-09-28 19:58:50.838798+00	2022-09-28 19:58:50.838798+00	\N	\N	\N
13	1	%s's goal for this session was to %s. Were you able to help them achieve their goal?	2022-09-28 19:58:50.838798+00	2022-09-28 19:58:50.866195+00	\N	student_name	student_goal
6	1	Your goal for this session was to %s. Did UPchieve help you achieve your goal?	2022-09-28 19:58:50.806596+00	2022-09-28 19:58:50.866195+00	\N	student_goal	\N
8	1	Would you like to favorite your coach %s?	2022-09-28 19:58:50.806596+00	2022-09-28 19:58:50.866195+00	\N	coach_name	\N
14	1	How do you think %s feels about %s at the end of this session?	2022-09-28 19:58:50.838798+00	2022-09-28 19:58:50.866195+00	\N	student_name	subject_name
15	1	How do you think %s feels about the %s at the end of this session?	2022-09-28 19:58:50.838798+00	2022-09-28 19:58:50.866195+00	\N	student_name	subject_name
16	1	How do you think %s feels about applying to college at the end of this session?	2022-09-28 19:58:50.838798+00	2022-09-28 19:58:50.866195+00	\N	student_name	\N
12	1	Overall, how do you feel about the %s section?	2022-09-28 19:58:50.830897+00	2022-09-28 19:58:50.866195+00	How they feel about %s:	subject_name	\N
5	1	Overall, how do you feel about %s?	2022-09-28 19:58:50.769103+00	2022-09-28 19:58:50.866195+00	How they feel about %s:	subject_name	\N
\.


--
-- Data for Name: survey_questions_question_tags; Type: TABLE DATA; Schema: upchieve; Owner: admin
--

COPY upchieve.survey_questions_question_tags (id, survey_question_id, question_tag_id, created_at, updated_at) FROM stdin;
\.


--
-- Data for Name: survey_response_choices; Type: TABLE DATA; Schema: upchieve; Owner: admin
--

COPY upchieve.survey_response_choices (id, score, choice_text, created_at, updated_at, display_image) FROM stdin;
1	0	Solve a specific question	2022-09-28 19:58:50.769103+00	2022-09-28 19:58:50.769103+00	\N
2	0	Complete a homework assignment	2022-09-28 19:58:50.769103+00	2022-09-28 19:58:50.769103+00	\N
3	0	Prepare for a quiz/test	2022-09-28 19:58:50.769103+00	2022-09-28 19:58:50.769103+00	\N
4	0	Check my answers	2022-09-28 19:58:50.769103+00	2022-09-28 19:58:50.769103+00	\N
7	0	Brainstorm or research an essay topic	2022-09-28 19:58:50.769103+00	2022-09-28 19:58:50.769103+00	\N
8	0	Develop a thesis statement	2022-09-28 19:58:50.769103+00	2022-09-28 19:58:50.769103+00	\N
9	0	Create an essay outline	2022-09-28 19:58:50.769103+00	2022-09-28 19:58:50.769103+00	\N
10	0	Revise essay structure and ideas	2022-09-28 19:58:50.769103+00	2022-09-28 19:58:50.769103+00	\N
11	0	Edit grammar	2022-09-28 19:58:50.769103+00	2022-09-28 19:58:50.769103+00	\N
12	0	Improve my understanding of a text	2022-09-28 19:58:50.769103+00	2022-09-28 19:58:50.769103+00	\N
13	0	Answer questions based on a text	2022-09-28 19:58:50.769103+00	2022-09-28 19:58:50.769103+00	\N
14	0	Revise my response(s) to reading questions	2022-09-28 19:58:50.769103+00	2022-09-28 19:58:50.769103+00	\N
15	0	Understand college requirements	2022-09-28 19:58:50.769103+00	2022-09-28 19:58:50.769103+00	\N
16	0	Pick classes or extracurricular activities	2022-09-28 19:58:50.769103+00	2022-09-28 19:58:50.769103+00	\N
17	0	Research majors or careers	2022-09-28 19:58:50.769103+00	2022-09-28 19:58:50.769103+00	\N
18	0	Select colleges to apply to	2022-09-28 19:58:50.769103+00	2022-09-28 19:58:50.769103+00	\N
19	0	Learn about financial aid and scholarships	2022-09-28 19:58:50.769103+00	2022-09-28 19:58:50.769103+00	\N
20	0	Select a prompt and brainstorm topics	2022-09-28 19:58:50.769103+00	2022-09-28 19:58:50.769103+00	\N
21	0	Create an outline	2022-09-28 19:58:50.769103+00	2022-09-28 19:58:50.769103+00	\N
22	0	Understand the parts of an application	2022-09-28 19:58:50.769103+00	2022-09-28 19:58:50.769103+00	\N
23	0	Create an application timeline	2022-09-28 19:58:50.769103+00	2022-09-28 19:58:50.769103+00	\N
24	0	Work on an application	2022-09-28 19:58:50.769103+00	2022-09-28 19:58:50.769103+00	\N
25	0	Prepare for an interview	2022-09-28 19:58:50.769103+00	2022-09-28 19:58:50.769103+00	\N
26	0	Complete financial aid applications	2022-09-28 19:58:50.769103+00	2022-09-28 19:58:50.769103+00	\N
27	0	Learn more about the exam	2022-09-28 19:58:50.769103+00	2022-09-28 19:58:50.769103+00	\N
28	0	Work on a practice question(s)	2022-09-28 19:58:50.769103+00	2022-09-28 19:58:50.769103+00	\N
29	0	Learn test taking strategies	2022-09-28 19:58:50.769103+00	2022-09-28 19:58:50.769103+00	\N
31	1	I haven't started on this yet	2022-09-28 19:58:50.769103+00	2022-09-28 19:58:50.769103+00	\N
32	2	I've done some work on this	2022-09-28 19:58:50.769103+00	2022-09-28 19:58:50.769103+00	\N
50	5	Extremely	2022-09-28 19:58:50.806596+00	2022-09-28 19:58:50.806596+00	\N
52	0	Rude coach	2022-09-28 19:58:50.806596+00	2022-09-28 19:58:50.806596+00	\N
53	0	Coach didn't know topic	2022-09-28 19:58:50.806596+00	2022-09-28 19:58:50.806596+00	\N
54	0	Coach slow to respond	2022-09-28 19:58:50.806596+00	2022-09-28 19:58:50.806596+00	\N
55	0	Ran out of time	2022-09-28 19:58:50.806596+00	2022-09-28 19:58:50.806596+00	\N
56	0	Tech issue	2022-09-28 19:58:50.806596+00	2022-09-28 19:58:50.806596+00	\N
58	0	Yes	2022-09-28 19:58:50.806596+00	2022-09-28 19:58:50.806596+00	\N
59	0	Maybe later	2022-09-28 19:58:50.806596+00	2022-09-28 19:58:50.806596+00	\N
5	0	Deepen my understanding of a topic	2022-09-28 19:58:50.769103+00	2022-09-28 19:58:50.813799+00	\N
30	0	Deepen my understanding of a concept	2022-09-28 19:58:50.769103+00	2022-09-28 19:58:50.813799+00	\N
60	0	I'm curious and want to learn something new	2022-09-28 19:58:50.818653+00	2022-09-28 19:58:50.818653+00	\N
61	3	Neutral	2022-09-28 19:58:50.825226+00	2022-09-28 19:58:50.825226+00	https://cdn.upchieve.org/site-images/emojis/neutral-emoji.svg
35	1	Stressed	2022-09-28 19:58:50.769103+00	2022-09-28 19:58:50.825226+00	https://cdn.upchieve.org/site-images/emojis/stressed-emoji.svg
36	2	Nervous	2022-09-28 19:58:50.769103+00	2022-09-28 19:58:50.825226+00	https://cdn.upchieve.org/site-images/emojis/nervous-emoji.svg
37	4	Optimistic	2022-09-28 19:58:50.769103+00	2022-09-28 19:58:50.825226+00	https://cdn.upchieve.org/site-images/emojis/optimistic-emoji.svg
38	5	Confident	2022-09-28 19:58:50.769103+00	2022-09-28 19:58:50.825226+00	https://cdn.upchieve.org/site-images/emojis/confident-emoji.svg
44	2	Sorta but not really	2022-09-28 19:58:50.806596+00	2022-09-28 19:58:50.875915+00	https://cdn.upchieve.org/site-images/star.svg
40	2	A little	2022-09-28 19:58:50.769103+00	2022-09-28 19:58:50.830897+00	\N
41	3	A medium amount	2022-09-28 19:58:50.769103+00	2022-09-28 19:58:50.830897+00	\N
42	4	Really well	2022-09-28 19:58:50.769103+00	2022-09-28 19:58:50.830897+00	\N
62	5	Almost perfectly	2022-09-28 19:58:50.830897+00	2022-09-28 19:58:50.830897+00	\N
33	3	I'm finishing this up	2022-09-28 19:58:50.769103+00	2022-09-28 19:58:50.830897+00	\N
34	4	I've completed this	2022-09-28 19:58:50.769103+00	2022-09-28 19:58:50.830897+00	\N
64	0	No	2022-09-28 19:58:50.838798+00	2022-09-28 19:58:50.838798+00	\N
65	0	I didn't know topic	2022-09-28 19:58:50.838798+00	2022-09-28 19:58:50.838798+00	\N
66	0	Wrong subject	2022-09-28 19:58:50.838798+00	2022-09-28 19:58:50.838798+00	\N
67	0	Student participation	2022-09-28 19:58:50.838798+00	2022-09-28 19:58:50.838798+00	\N
68	0	Other	2022-09-28 19:58:50.847017+00	2022-09-28 19:58:50.847017+00	\N
70	0	Answer US History text questions	2022-09-28 19:58:50.847017+00	2022-09-28 19:58:50.847017+00	\N
71	0	Develop a thesis statement or essay topic	2022-09-28 19:58:50.847017+00	2022-09-28 19:58:50.847017+00	\N
72	0	Student shared their email, last name, or other personally identifiable information	2022-09-28 19:58:50.857967+00	2022-09-28 19:58:50.857967+00	\N
73	0	Student is in severe emotional distress and/or unsafe	2022-09-28 19:58:50.857967+00	2022-09-28 19:58:50.857967+00	\N
74	0	Student was pressuring me to do their work for them	2022-09-28 19:58:50.857967+00	2022-09-28 19:58:50.857967+00	\N
75	0	Student was working on a quiz or exam	2022-09-28 19:58:50.857967+00	2022-09-28 19:58:50.857967+00	\N
76	0	Student was mean or inappropriate	2022-09-28 19:58:50.857967+00	2022-09-28 19:58:50.857967+00	\N
77	0	Student made me feel uncomfortable	2022-09-28 19:58:50.857967+00	2022-09-28 19:58:50.857967+00	\N
78	0	Other (please provide details below)	2022-09-28 19:58:50.857967+00	2022-09-28 19:58:50.857967+00	\N
79	0	Your thoughts	2022-09-28 19:58:50.857967+00	2022-09-28 19:58:50.857967+00	\N
45	3	I guess so	2022-09-28 19:58:50.806596+00	2022-09-28 19:58:50.875915+00	https://cdn.upchieve.org/site-images/star.svg
46	4	I'm def closer to my goal	2022-09-28 19:58:50.806596+00	2022-09-28 19:58:50.875915+00	https://cdn.upchieve.org/site-images/star.svg
47	5	GOAL ACHIEVED	2022-09-28 19:58:50.806596+00	2022-09-28 19:58:50.875915+00	https://cdn.upchieve.org/site-images/star.svg
48	3	Somewhat	2022-09-28 19:58:50.806596+00	2022-09-28 19:58:50.875915+00	https://cdn.upchieve.org/site-images/star.svg
49	4	Mostly	2022-09-28 19:58:50.806596+00	2022-09-28 19:58:50.875915+00	https://cdn.upchieve.org/site-images/star.svg
51	5	A lot	2022-09-28 19:58:50.806596+00	2022-09-28 19:58:50.875915+00	https://cdn.upchieve.org/site-images/star.svg
69	1	Not at all	2022-09-28 19:58:50.847017+00	2022-09-28 19:58:50.875915+00	https://cdn.upchieve.org/site-images/star.svg
\.


--
-- Data for Name: surveys; Type: TABLE DATA; Schema: upchieve; Owner: admin
--

COPY upchieve.surveys (id, name, created_at, updated_at, role_id) FROM stdin;
1	STEM Pre-Session Survey	2022-09-28 19:58:50.769103+00	2022-09-28 19:58:50.870831+00	1
2	Humanities Essays Pre-Session Survey	2022-09-28 19:58:50.769103+00	2022-09-28 19:58:50.870831+00	1
3	Reading Pre-Session Survey	2022-09-28 19:58:50.769103+00	2022-09-28 19:58:50.870831+00	1
4	College Planning Pre-Session Survey	2022-09-28 19:58:50.769103+00	2022-09-28 19:58:50.870831+00	1
5	College Essays Pre-Session Survey	2022-09-28 19:58:50.769103+00	2022-09-28 19:58:50.870831+00	1
6	College Applications Pre-Session Survey	2022-09-28 19:58:50.769103+00	2022-09-28 19:58:50.870831+00	1
7	SAT Prep Pre-Session Survey	2022-09-28 19:58:50.769103+00	2022-09-28 19:58:50.870831+00	1
8	Student Post-Session Survey	2022-09-28 19:58:50.806596+00	2022-09-28 19:58:50.870831+00	1
12	U.S. History Pre-Session Survey	2022-09-28 19:58:50.847017+00	2022-09-28 19:58:50.870831+00	1
9	General Volunteer Post-Session Survey	2022-09-28 19:58:50.838798+00	2022-09-28 19:58:50.870831+00	2
10	SAT Prep Volunteer Post-Session Survey	2022-09-28 19:58:50.838798+00	2022-09-28 19:58:50.870831+00	2
11	College Counseling Volunteer Post-Session Survey	2022-09-28 19:58:50.838798+00	2022-09-28 19:58:50.870831+00	2
\.


--
-- Data for Name: surveys_survey_questions; Type: TABLE DATA; Schema: upchieve; Owner: admin
--

COPY upchieve.surveys_survey_questions (id, survey_id, survey_question_id, display_priority, created_at, updated_at) FROM stdin;
1	1	1	10	2022-09-28 19:58:50.769103+00	2022-09-28 19:58:50.769103+00
2	2	1	10	2022-09-28 19:58:50.769103+00	2022-09-28 19:58:50.769103+00
3	3	1	10	2022-09-28 19:58:50.769103+00	2022-09-28 19:58:50.769103+00
4	4	1	10	2022-09-28 19:58:50.769103+00	2022-09-28 19:58:50.769103+00
5	5	1	10	2022-09-28 19:58:50.769103+00	2022-09-28 19:58:50.769103+00
6	6	1	10	2022-09-28 19:58:50.769103+00	2022-09-28 19:58:50.769103+00
7	7	1	10	2022-09-28 19:58:50.769103+00	2022-09-28 19:58:50.769103+00
8	4	2	20	2022-09-28 19:58:50.769103+00	2022-09-28 19:58:50.769103+00
9	5	2	20	2022-09-28 19:58:50.769103+00	2022-09-28 19:58:50.769103+00
10	6	2	20	2022-09-28 19:58:50.769103+00	2022-09-28 19:58:50.769103+00
11	4	3	30	2022-09-28 19:58:50.769103+00	2022-09-28 19:58:50.769103+00
12	5	3	30	2022-09-28 19:58:50.769103+00	2022-09-28 19:58:50.769103+00
13	6	3	30	2022-09-28 19:58:50.769103+00	2022-09-28 19:58:50.769103+00
14	1	4	20	2022-09-28 19:58:50.769103+00	2022-09-28 19:58:50.769103+00
15	2	4	20	2022-09-28 19:58:50.769103+00	2022-09-28 19:58:50.769103+00
16	3	4	20	2022-09-28 19:58:50.769103+00	2022-09-28 19:58:50.769103+00
17	7	4	20	2022-09-28 19:58:50.769103+00	2022-09-28 19:58:50.769103+00
18	1	5	30	2022-09-28 19:58:50.769103+00	2022-09-28 19:58:50.769103+00
19	2	5	30	2022-09-28 19:58:50.769103+00	2022-09-28 19:58:50.769103+00
20	3	5	30	2022-09-28 19:58:50.769103+00	2022-09-28 19:58:50.769103+00
22	8	6	10	2022-09-28 19:58:50.806596+00	2022-09-28 19:58:50.806596+00
23	8	7	20	2022-09-28 19:58:50.806596+00	2022-09-28 19:58:50.806596+00
24	8	8	30	2022-09-28 19:58:50.806596+00	2022-09-28 19:58:50.806596+00
25	8	9	40	2022-09-28 19:58:50.806596+00	2022-09-28 19:58:50.806596+00
26	8	10	50	2022-09-28 19:58:50.806596+00	2022-09-28 19:58:50.806596+00
27	8	11	60	2022-09-28 19:58:50.806596+00	2022-09-28 19:58:50.806596+00
21	7	12	30	2022-09-28 19:58:50.769103+00	2022-09-28 19:58:50.830897+00
28	9	13	10	2022-09-28 19:58:50.838798+00	2022-09-28 19:58:50.838798+00
29	10	13	10	2022-09-28 19:58:50.838798+00	2022-09-28 19:58:50.838798+00
38	12	1	10	2022-09-28 19:58:50.847017+00	2022-09-28 19:58:50.847017+00
39	12	4	20	2022-09-28 19:58:50.847017+00	2022-09-28 19:58:50.847017+00
40	12	5	30	2022-09-28 19:58:50.847017+00	2022-09-28 19:58:50.847017+00
41	11	13	10	2022-09-28 19:58:50.857967+00	2022-09-28 19:58:50.857967+00
43	11	16	30	2022-09-28 19:58:50.857967+00	2022-09-28 19:58:50.857967+00
36	9	19	70	2022-09-28 19:58:50.838798+00	2022-09-28 19:58:50.838798+00
37	10	19	70	2022-09-28 19:58:50.838798+00	2022-09-28 19:58:50.838798+00
45	11	19	70	2022-09-28 19:58:50.857967+00	2022-09-28 19:58:50.857967+00
32	9	17	40	2022-09-28 19:58:50.838798+00	2022-09-28 19:58:50.838798+00
33	10	17	40	2022-09-28 19:58:50.838798+00	2022-09-28 19:58:50.838798+00
44	11	17	40	2022-09-28 19:58:50.857967+00	2022-09-28 19:58:50.857967+00
30	9	14	30	2022-09-28 19:58:50.838798+00	2022-09-28 19:58:50.838798+00
31	10	15	30	2022-09-28 19:58:50.838798+00	2022-09-28 19:58:50.838798+00
34	9	7	20	2022-09-28 19:58:50.838798+00	2022-09-28 19:58:50.838798+00
35	10	7	20	2022-09-28 19:58:50.838798+00	2022-09-28 19:58:50.838798+00
42	11	7	20	2022-09-28 19:58:50.857967+00	2022-09-28 19:58:50.857967+00
46	9	18	50	2022-09-28 19:58:50.857967+00	2022-09-28 19:58:50.857967+00
47	10	18	50	2022-09-28 19:58:50.857967+00	2022-09-28 19:58:50.857967+00
48	11	18	50	2022-09-28 19:58:50.857967+00	2022-09-28 19:58:50.857967+00
\.


--
-- Data for Name: survey_questions_response_choices; Type: TABLE DATA; Schema: upchieve; Owner: admin
--

COPY upchieve.survey_questions_response_choices (response_choice_id, display_priority, created_at, updated_at, surveys_survey_question_id) FROM stdin;
1	10	2022-09-28 19:58:50.769103+00	2022-09-28 19:58:50.769103+00	1
7	10	2022-09-28 19:58:50.769103+00	2022-09-28 19:58:50.769103+00	2
12	10	2022-09-28 19:58:50.769103+00	2022-09-28 19:58:50.769103+00	3
15	10	2022-09-28 19:58:50.769103+00	2022-09-28 19:58:50.769103+00	4
20	10	2022-09-28 19:58:50.769103+00	2022-09-28 19:58:50.769103+00	5
22	10	2022-09-28 19:58:50.769103+00	2022-09-28 19:58:50.769103+00	6
27	10	2022-09-28 19:58:50.769103+00	2022-09-28 19:58:50.769103+00	7
31	10	2022-09-28 19:58:50.769103+00	2022-09-28 19:58:50.769103+00	8
31	10	2022-09-28 19:58:50.769103+00	2022-09-28 19:58:50.769103+00	9
31	10	2022-09-28 19:58:50.769103+00	2022-09-28 19:58:50.769103+00	10
35	10	2022-09-28 19:58:50.769103+00	2022-09-28 19:58:50.769103+00	11
35	10	2022-09-28 19:58:50.769103+00	2022-09-28 19:58:50.769103+00	12
35	10	2022-09-28 19:58:50.769103+00	2022-09-28 19:58:50.769103+00	13
35	10	2022-09-28 19:58:50.769103+00	2022-09-28 19:58:50.769103+00	18
35	10	2022-09-28 19:58:50.769103+00	2022-09-28 19:58:50.769103+00	19
35	10	2022-09-28 19:58:50.769103+00	2022-09-28 19:58:50.769103+00	20
35	10	2022-09-28 19:58:50.769103+00	2022-09-28 19:58:50.769103+00	21
2	20	2022-09-28 19:58:50.769103+00	2022-09-28 19:58:50.769103+00	1
8	20	2022-09-28 19:58:50.769103+00	2022-09-28 19:58:50.769103+00	2
13	20	2022-09-28 19:58:50.769103+00	2022-09-28 19:58:50.769103+00	3
16	20	2022-09-28 19:58:50.769103+00	2022-09-28 19:58:50.769103+00	4
21	20	2022-09-28 19:58:50.769103+00	2022-09-28 19:58:50.769103+00	5
23	20	2022-09-28 19:58:50.769103+00	2022-09-28 19:58:50.769103+00	6
29	20	2022-09-28 19:58:50.769103+00	2022-09-28 19:58:50.769103+00	7
36	20	2022-09-28 19:58:50.769103+00	2022-09-28 19:58:50.769103+00	11
36	20	2022-09-28 19:58:50.769103+00	2022-09-28 19:58:50.769103+00	12
36	20	2022-09-28 19:58:50.769103+00	2022-09-28 19:58:50.769103+00	13
40	20	2022-09-28 19:58:50.769103+00	2022-09-28 19:58:50.769103+00	14
40	20	2022-09-28 19:58:50.769103+00	2022-09-28 19:58:50.769103+00	15
40	20	2022-09-28 19:58:50.769103+00	2022-09-28 19:58:50.769103+00	16
40	20	2022-09-28 19:58:50.769103+00	2022-09-28 19:58:50.769103+00	17
36	20	2022-09-28 19:58:50.769103+00	2022-09-28 19:58:50.769103+00	18
36	20	2022-09-28 19:58:50.769103+00	2022-09-28 19:58:50.769103+00	19
36	20	2022-09-28 19:58:50.769103+00	2022-09-28 19:58:50.769103+00	20
36	20	2022-09-28 19:58:50.769103+00	2022-09-28 19:58:50.769103+00	21
3	30	2022-09-28 19:58:50.769103+00	2022-09-28 19:58:50.769103+00	1
9	30	2022-09-28 19:58:50.769103+00	2022-09-28 19:58:50.769103+00	2
14	30	2022-09-28 19:58:50.769103+00	2022-09-28 19:58:50.769103+00	3
17	30	2022-09-28 19:58:50.769103+00	2022-09-28 19:58:50.769103+00	4
10	30	2022-09-28 19:58:50.769103+00	2022-09-28 19:58:50.769103+00	5
24	30	2022-09-28 19:58:50.769103+00	2022-09-28 19:58:50.769103+00	6
28	30	2022-09-28 19:58:50.769103+00	2022-09-28 19:58:50.769103+00	7
33	30	2022-09-28 19:58:50.769103+00	2022-09-28 19:58:50.769103+00	8
33	30	2022-09-28 19:58:50.769103+00	2022-09-28 19:58:50.769103+00	9
33	30	2022-09-28 19:58:50.769103+00	2022-09-28 19:58:50.769103+00	10
41	30	2022-09-28 19:58:50.769103+00	2022-09-28 19:58:50.769103+00	14
41	30	2022-09-28 19:58:50.769103+00	2022-09-28 19:58:50.769103+00	15
41	30	2022-09-28 19:58:50.769103+00	2022-09-28 19:58:50.769103+00	16
41	30	2022-09-28 19:58:50.769103+00	2022-09-28 19:58:50.769103+00	17
4	40	2022-09-28 19:58:50.769103+00	2022-09-28 19:58:50.769103+00	1
10	40	2022-09-28 19:58:50.769103+00	2022-09-28 19:58:50.769103+00	2
18	40	2022-09-28 19:58:50.769103+00	2022-09-28 19:58:50.769103+00	4
11	40	2022-09-28 19:58:50.769103+00	2022-09-28 19:58:50.769103+00	5
25	40	2022-09-28 19:58:50.769103+00	2022-09-28 19:58:50.769103+00	6
4	40	2022-09-28 19:58:50.769103+00	2022-09-28 19:58:50.769103+00	7
42	40	2022-09-28 19:58:50.769103+00	2022-09-28 19:58:50.769103+00	14
42	40	2022-09-28 19:58:50.769103+00	2022-09-28 19:58:50.769103+00	15
42	40	2022-09-28 19:58:50.769103+00	2022-09-28 19:58:50.769103+00	16
42	40	2022-09-28 19:58:50.769103+00	2022-09-28 19:58:50.769103+00	17
5	50	2022-09-28 19:58:50.769103+00	2022-09-28 19:58:50.769103+00	1
11	50	2022-09-28 19:58:50.769103+00	2022-09-28 19:58:50.769103+00	2
19	50	2022-09-28 19:58:50.769103+00	2022-09-28 19:58:50.769103+00	4
26	50	2022-09-28 19:58:50.769103+00	2022-09-28 19:58:50.769103+00	6
30	50	2022-09-28 19:58:50.769103+00	2022-09-28 19:58:50.769103+00	7
44	20	2022-09-28 19:58:50.806596+00	2022-09-28 19:58:50.806596+00	22
45	30	2022-09-28 19:58:50.806596+00	2022-09-28 19:58:50.806596+00	22
46	40	2022-09-28 19:58:50.806596+00	2022-09-28 19:58:50.806596+00	22
47	50	2022-09-28 19:58:50.806596+00	2022-09-28 19:58:50.806596+00	22
52	10	2022-09-28 19:58:50.806596+00	2022-09-28 19:58:50.806596+00	23
53	20	2022-09-28 19:58:50.806596+00	2022-09-28 19:58:50.806596+00	23
54	30	2022-09-28 19:58:50.806596+00	2022-09-28 19:58:50.806596+00	23
55	40	2022-09-28 19:58:50.806596+00	2022-09-28 19:58:50.806596+00	23
56	50	2022-09-28 19:58:50.806596+00	2022-09-28 19:58:50.806596+00	23
58	10	2022-09-28 19:58:50.806596+00	2022-09-28 19:58:50.806596+00	24
59	20	2022-09-28 19:58:50.806596+00	2022-09-28 19:58:50.806596+00	24
44	20	2022-09-28 19:58:50.806596+00	2022-09-28 19:58:50.806596+00	25
48	30	2022-09-28 19:58:50.806596+00	2022-09-28 19:58:50.806596+00	25
49	40	2022-09-28 19:58:50.806596+00	2022-09-28 19:58:50.806596+00	25
50	50	2022-09-28 19:58:50.806596+00	2022-09-28 19:58:50.806596+00	25
44	20	2022-09-28 19:58:50.806596+00	2022-09-28 19:58:50.806596+00	26
48	30	2022-09-28 19:58:50.806596+00	2022-09-28 19:58:50.806596+00	26
49	40	2022-09-28 19:58:50.806596+00	2022-09-28 19:58:50.806596+00	26
51	50	2022-09-28 19:58:50.806596+00	2022-09-28 19:58:50.806596+00	26
60	60	2022-09-28 19:58:50.818653+00	2022-09-28 19:58:50.818653+00	1
61	30	2022-09-28 19:58:50.825226+00	2022-09-28 19:58:50.825226+00	11
61	30	2022-09-28 19:58:50.825226+00	2022-09-28 19:58:50.825226+00	12
61	30	2022-09-28 19:58:50.825226+00	2022-09-28 19:58:50.825226+00	13
61	30	2022-09-28 19:58:50.825226+00	2022-09-28 19:58:50.825226+00	18
61	30	2022-09-28 19:58:50.825226+00	2022-09-28 19:58:50.825226+00	19
61	30	2022-09-28 19:58:50.825226+00	2022-09-28 19:58:50.825226+00	20
61	30	2022-09-28 19:58:50.825226+00	2022-09-28 19:58:50.825226+00	21
37	40	2022-09-28 19:58:50.769103+00	2022-09-28 19:58:50.825226+00	11
37	40	2022-09-28 19:58:50.769103+00	2022-09-28 19:58:50.825226+00	12
37	40	2022-09-28 19:58:50.769103+00	2022-09-28 19:58:50.825226+00	13
37	40	2022-09-28 19:58:50.769103+00	2022-09-28 19:58:50.825226+00	18
37	40	2022-09-28 19:58:50.769103+00	2022-09-28 19:58:50.825226+00	19
37	40	2022-09-28 19:58:50.769103+00	2022-09-28 19:58:50.825226+00	20
37	40	2022-09-28 19:58:50.769103+00	2022-09-28 19:58:50.825226+00	21
38	50	2022-09-28 19:58:50.769103+00	2022-09-28 19:58:50.825226+00	11
38	50	2022-09-28 19:58:50.769103+00	2022-09-28 19:58:50.825226+00	12
38	50	2022-09-28 19:58:50.769103+00	2022-09-28 19:58:50.825226+00	13
38	50	2022-09-28 19:58:50.769103+00	2022-09-28 19:58:50.825226+00	18
38	50	2022-09-28 19:58:50.769103+00	2022-09-28 19:58:50.825226+00	19
38	50	2022-09-28 19:58:50.769103+00	2022-09-28 19:58:50.825226+00	20
38	50	2022-09-28 19:58:50.769103+00	2022-09-28 19:58:50.825226+00	21
62	50	2022-09-28 19:58:50.830897+00	2022-09-28 19:58:50.830897+00	14
62	50	2022-09-28 19:58:50.830897+00	2022-09-28 19:58:50.830897+00	15
62	50	2022-09-28 19:58:50.830897+00	2022-09-28 19:58:50.830897+00	16
62	50	2022-09-28 19:58:50.830897+00	2022-09-28 19:58:50.830897+00	17
32	20	2022-09-28 19:58:50.830897+00	2022-09-28 19:58:50.830897+00	8
32	20	2022-09-28 19:58:50.830897+00	2022-09-28 19:58:50.830897+00	9
32	20	2022-09-28 19:58:50.830897+00	2022-09-28 19:58:50.830897+00	10
34	40	2022-09-28 19:58:50.830897+00	2022-09-28 19:58:50.830897+00	8
34	40	2022-09-28 19:58:50.830897+00	2022-09-28 19:58:50.830897+00	9
34	40	2022-09-28 19:58:50.830897+00	2022-09-28 19:58:50.830897+00	10
44	20	2022-09-28 19:58:50.838798+00	2022-09-28 19:58:50.838798+00	28
44	20	2022-09-28 19:58:50.838798+00	2022-09-28 19:58:50.838798+00	29
48	30	2022-09-28 19:58:50.838798+00	2022-09-28 19:58:50.838798+00	28
48	30	2022-09-28 19:58:50.838798+00	2022-09-28 19:58:50.838798+00	29
49	40	2022-09-28 19:58:50.838798+00	2022-09-28 19:58:50.838798+00	28
49	40	2022-09-28 19:58:50.838798+00	2022-09-28 19:58:50.838798+00	29
51	50	2022-09-28 19:58:50.838798+00	2022-09-28 19:58:50.838798+00	28
51	50	2022-09-28 19:58:50.838798+00	2022-09-28 19:58:50.838798+00	29
55	20	2022-09-28 19:58:50.838798+00	2022-09-28 19:58:50.838798+00	34
55	20	2022-09-28 19:58:50.838798+00	2022-09-28 19:58:50.838798+00	35
58	10	2022-09-28 19:58:50.838798+00	2022-09-28 19:58:50.838798+00	32
58	10	2022-09-28 19:58:50.838798+00	2022-09-28 19:58:50.838798+00	33
61	30	2022-09-28 19:58:50.838798+00	2022-09-28 19:58:50.838798+00	30
35	10	2022-09-28 19:58:50.838798+00	2022-09-28 19:58:50.838798+00	30
36	20	2022-09-28 19:58:50.838798+00	2022-09-28 19:58:50.838798+00	30
37	40	2022-09-28 19:58:50.838798+00	2022-09-28 19:58:50.838798+00	30
38	50	2022-09-28 19:58:50.838798+00	2022-09-28 19:58:50.838798+00	30
64	20	2022-09-28 19:58:50.838798+00	2022-09-28 19:58:50.838798+00	32
64	20	2022-09-28 19:58:50.838798+00	2022-09-28 19:58:50.838798+00	33
65	30	2022-09-28 19:58:50.838798+00	2022-09-28 19:58:50.838798+00	34
65	30	2022-09-28 19:58:50.838798+00	2022-09-28 19:58:50.838798+00	35
66	40	2022-09-28 19:58:50.838798+00	2022-09-28 19:58:50.838798+00	34
66	40	2022-09-28 19:58:50.838798+00	2022-09-28 19:58:50.838798+00	35
67	50	2022-09-28 19:58:50.838798+00	2022-09-28 19:58:50.838798+00	34
67	50	2022-09-28 19:58:50.838798+00	2022-09-28 19:58:50.838798+00	35
3	30	2022-09-28 19:58:50.847017+00	2022-09-28 19:58:50.847017+00	38
4	20	2022-09-28 19:58:50.847017+00	2022-09-28 19:58:50.847017+00	38
30	50	2022-09-28 19:58:50.847017+00	2022-09-28 19:58:50.847017+00	38
60	60	2022-09-28 19:58:50.847017+00	2022-09-28 19:58:50.847017+00	38
61	30	2022-09-28 19:58:50.847017+00	2022-09-28 19:58:50.847017+00	40
35	10	2022-09-28 19:58:50.847017+00	2022-09-28 19:58:50.847017+00	40
36	20	2022-09-28 19:58:50.847017+00	2022-09-28 19:58:50.847017+00	40
37	40	2022-09-28 19:58:50.847017+00	2022-09-28 19:58:50.847017+00	40
38	50	2022-09-28 19:58:50.847017+00	2022-09-28 19:58:50.847017+00	40
40	20	2022-09-28 19:58:50.847017+00	2022-09-28 19:58:50.847017+00	39
41	30	2022-09-28 19:58:50.847017+00	2022-09-28 19:58:50.847017+00	39
42	40	2022-09-28 19:58:50.847017+00	2022-09-28 19:58:50.847017+00	39
62	50	2022-09-28 19:58:50.847017+00	2022-09-28 19:58:50.847017+00	39
68	40	2022-09-28 19:58:50.847017+00	2022-09-28 19:58:50.847017+00	3
68	50	2022-09-28 19:58:50.847017+00	2022-09-28 19:58:50.847017+00	5
68	60	2022-09-28 19:58:50.847017+00	2022-09-28 19:58:50.847017+00	2
68	60	2022-09-28 19:58:50.847017+00	2022-09-28 19:58:50.847017+00	4
68	60	2022-09-28 19:58:50.847017+00	2022-09-28 19:58:50.847017+00	6
68	60	2022-09-28 19:58:50.847017+00	2022-09-28 19:58:50.847017+00	7
68	60	2022-09-28 19:58:50.847017+00	2022-09-28 19:58:50.847017+00	23
68	60	2022-09-28 19:58:50.847017+00	2022-09-28 19:58:50.847017+00	34
68	60	2022-09-28 19:58:50.847017+00	2022-09-28 19:58:50.847017+00	35
68	70	2022-09-28 19:58:50.847017+00	2022-09-28 19:58:50.847017+00	1
68	70	2022-09-28 19:58:50.847017+00	2022-09-28 19:58:50.847017+00	38
69	10	2022-09-28 19:58:50.847017+00	2022-09-28 19:58:50.847017+00	14
69	10	2022-09-28 19:58:50.847017+00	2022-09-28 19:58:50.847017+00	15
69	10	2022-09-28 19:58:50.847017+00	2022-09-28 19:58:50.847017+00	16
69	10	2022-09-28 19:58:50.847017+00	2022-09-28 19:58:50.847017+00	17
69	10	2022-09-28 19:58:50.847017+00	2022-09-28 19:58:50.847017+00	22
69	10	2022-09-28 19:58:50.847017+00	2022-09-28 19:58:50.847017+00	25
69	10	2022-09-28 19:58:50.847017+00	2022-09-28 19:58:50.847017+00	26
69	10	2022-09-28 19:58:50.847017+00	2022-09-28 19:58:50.847017+00	28
69	10	2022-09-28 19:58:50.847017+00	2022-09-28 19:58:50.847017+00	29
69	10	2022-09-28 19:58:50.847017+00	2022-09-28 19:58:50.847017+00	39
70	10	2022-09-28 19:58:50.847017+00	2022-09-28 19:58:50.847017+00	38
71	40	2022-09-28 19:58:50.847017+00	2022-09-28 19:58:50.847017+00	38
69	10	2022-09-28 19:58:50.857967+00	2022-09-28 19:58:50.857967+00	41
44	20	2022-09-28 19:58:50.857967+00	2022-09-28 19:58:50.857967+00	41
48	30	2022-09-28 19:58:50.857967+00	2022-09-28 19:58:50.857967+00	41
49	40	2022-09-28 19:58:50.857967+00	2022-09-28 19:58:50.857967+00	41
51	50	2022-09-28 19:58:50.857967+00	2022-09-28 19:58:50.857967+00	41
55	20	2022-09-28 19:58:50.857967+00	2022-09-28 19:58:50.857967+00	42
65	30	2022-09-28 19:58:50.857967+00	2022-09-28 19:58:50.857967+00	42
66	40	2022-09-28 19:58:50.857967+00	2022-09-28 19:58:50.857967+00	42
67	50	2022-09-28 19:58:50.857967+00	2022-09-28 19:58:50.857967+00	42
68	60	2022-09-28 19:58:50.857967+00	2022-09-28 19:58:50.857967+00	42
35	10	2022-09-28 19:58:50.857967+00	2022-09-28 19:58:50.857967+00	43
36	20	2022-09-28 19:58:50.857967+00	2022-09-28 19:58:50.857967+00	43
61	30	2022-09-28 19:58:50.857967+00	2022-09-28 19:58:50.857967+00	43
37	40	2022-09-28 19:58:50.857967+00	2022-09-28 19:58:50.857967+00	43
38	50	2022-09-28 19:58:50.857967+00	2022-09-28 19:58:50.857967+00	43
58	10	2022-09-28 19:58:50.857967+00	2022-09-28 19:58:50.857967+00	44
64	20	2022-09-28 19:58:50.857967+00	2022-09-28 19:58:50.857967+00	44
61	30	2022-09-28 19:58:50.857967+00	2022-09-28 19:58:50.857967+00	31
35	10	2022-09-28 19:58:50.857967+00	2022-09-28 19:58:50.857967+00	31
36	20	2022-09-28 19:58:50.857967+00	2022-09-28 19:58:50.857967+00	31
37	40	2022-09-28 19:58:50.857967+00	2022-09-28 19:58:50.857967+00	31
38	50	2022-09-28 19:58:50.857967+00	2022-09-28 19:58:50.857967+00	31
72	10	2022-09-28 19:58:50.857967+00	2022-09-28 19:58:50.857967+00	46
72	10	2022-09-28 19:58:50.857967+00	2022-09-28 19:58:50.857967+00	47
72	10	2022-09-28 19:58:50.857967+00	2022-09-28 19:58:50.857967+00	48
73	20	2022-09-28 19:58:50.857967+00	2022-09-28 19:58:50.857967+00	46
73	20	2022-09-28 19:58:50.857967+00	2022-09-28 19:58:50.857967+00	47
73	20	2022-09-28 19:58:50.857967+00	2022-09-28 19:58:50.857967+00	48
74	30	2022-09-28 19:58:50.857967+00	2022-09-28 19:58:50.857967+00	46
74	30	2022-09-28 19:58:50.857967+00	2022-09-28 19:58:50.857967+00	47
74	30	2022-09-28 19:58:50.857967+00	2022-09-28 19:58:50.857967+00	48
75	40	2022-09-28 19:58:50.857967+00	2022-09-28 19:58:50.857967+00	46
75	40	2022-09-28 19:58:50.857967+00	2022-09-28 19:58:50.857967+00	47
75	40	2022-09-28 19:58:50.857967+00	2022-09-28 19:58:50.857967+00	48
76	50	2022-09-28 19:58:50.857967+00	2022-09-28 19:58:50.857967+00	46
76	50	2022-09-28 19:58:50.857967+00	2022-09-28 19:58:50.857967+00	47
76	50	2022-09-28 19:58:50.857967+00	2022-09-28 19:58:50.857967+00	48
77	60	2022-09-28 19:58:50.857967+00	2022-09-28 19:58:50.857967+00	46
77	60	2022-09-28 19:58:50.857967+00	2022-09-28 19:58:50.857967+00	47
77	60	2022-09-28 19:58:50.857967+00	2022-09-28 19:58:50.857967+00	48
78	70	2022-09-28 19:58:50.857967+00	2022-09-28 19:58:50.857967+00	46
78	70	2022-09-28 19:58:50.857967+00	2022-09-28 19:58:50.857967+00	47
78	70	2022-09-28 19:58:50.857967+00	2022-09-28 19:58:50.857967+00	48
79	10	2022-09-28 19:58:50.857967+00	2022-09-28 19:58:50.857967+00	27
79	10	2022-09-28 19:58:50.857967+00	2022-09-28 19:58:50.857967+00	36
79	10	2022-09-28 19:58:50.857967+00	2022-09-28 19:58:50.857967+00	37
79	10	2022-09-28 19:58:50.857967+00	2022-09-28 19:58:50.857967+00	45
\.


--
-- Data for Name: survey_types; Type: TABLE DATA; Schema: upchieve; Owner: admin
--

COPY upchieve.survey_types (id, name, created_at, updated_at) FROM stdin;
1	presession	2022-09-28 19:58:50.794172+00	2022-09-28 19:58:50.794172+00
2	postsession	2022-09-28 19:58:50.794172+00	2022-09-28 19:58:50.794172+00
\.


--
-- Data for Name: surveys_context; Type: TABLE DATA; Schema: upchieve; Owner: admin
--

COPY upchieve.surveys_context (survey_id, subject_id, survey_type_id, created_at, updated_at) FROM stdin;
1	1	1	2022-09-28 19:58:50.794172+00	2022-09-28 19:58:50.794172+00
1	2	1	2022-09-28 19:58:50.794172+00	2022-09-28 19:58:50.794172+00
1	3	1	2022-09-28 19:58:50.794172+00	2022-09-28 19:58:50.794172+00
1	4	1	2022-09-28 19:58:50.794172+00	2022-09-28 19:58:50.794172+00
1	5	1	2022-09-28 19:58:50.794172+00	2022-09-28 19:58:50.794172+00
1	6	1	2022-09-28 19:58:50.794172+00	2022-09-28 19:58:50.794172+00
1	7	1	2022-09-28 19:58:50.794172+00	2022-09-28 19:58:50.794172+00
1	8	1	2022-09-28 19:58:50.794172+00	2022-09-28 19:58:50.794172+00
1	9	1	2022-09-28 19:58:50.794172+00	2022-09-28 19:58:50.794172+00
1	10	1	2022-09-28 19:58:50.794172+00	2022-09-28 19:58:50.794172+00
1	11	1	2022-09-28 19:58:50.794172+00	2022-09-28 19:58:50.794172+00
1	12	1	2022-09-28 19:58:50.794172+00	2022-09-28 19:58:50.794172+00
1	13	1	2022-09-28 19:58:50.794172+00	2022-09-28 19:58:50.794172+00
1	14	1	2022-09-28 19:58:50.794172+00	2022-09-28 19:58:50.794172+00
1	21	1	2022-09-28 19:58:50.794172+00	2022-09-28 19:58:50.794172+00
1	22	1	2022-09-28 19:58:50.794172+00	2022-09-28 19:58:50.794172+00
1	23	1	2022-09-28 19:58:50.794172+00	2022-09-28 19:58:50.794172+00
1	24	1	2022-09-28 19:58:50.794172+00	2022-09-28 19:58:50.794172+00
2	20	1	2022-09-28 19:58:50.794172+00	2022-09-28 19:58:50.794172+00
3	25	1	2022-09-28 19:58:50.794172+00	2022-09-28 19:58:50.794172+00
4	18	1	2022-09-28 19:58:50.794172+00	2022-09-28 19:58:50.794172+00
6	19	1	2022-09-28 19:58:50.794172+00	2022-09-28 19:58:50.794172+00
7	15	1	2022-09-28 19:58:50.794172+00	2022-09-28 19:58:50.794172+00
7	16	1	2022-09-28 19:58:50.794172+00	2022-09-28 19:58:50.794172+00
8	1	2	2022-09-28 19:58:50.806596+00	2022-09-28 19:58:50.806596+00
8	2	2	2022-09-28 19:58:50.806596+00	2022-09-28 19:58:50.806596+00
8	3	2	2022-09-28 19:58:50.806596+00	2022-09-28 19:58:50.806596+00
8	4	2	2022-09-28 19:58:50.806596+00	2022-09-28 19:58:50.806596+00
8	5	2	2022-09-28 19:58:50.806596+00	2022-09-28 19:58:50.806596+00
8	6	2	2022-09-28 19:58:50.806596+00	2022-09-28 19:58:50.806596+00
8	7	2	2022-09-28 19:58:50.806596+00	2022-09-28 19:58:50.806596+00
8	8	2	2022-09-28 19:58:50.806596+00	2022-09-28 19:58:50.806596+00
8	9	2	2022-09-28 19:58:50.806596+00	2022-09-28 19:58:50.806596+00
8	10	2	2022-09-28 19:58:50.806596+00	2022-09-28 19:58:50.806596+00
8	11	2	2022-09-28 19:58:50.806596+00	2022-09-28 19:58:50.806596+00
8	12	2	2022-09-28 19:58:50.806596+00	2022-09-28 19:58:50.806596+00
8	13	2	2022-09-28 19:58:50.806596+00	2022-09-28 19:58:50.806596+00
8	14	2	2022-09-28 19:58:50.806596+00	2022-09-28 19:58:50.806596+00
8	15	2	2022-09-28 19:58:50.806596+00	2022-09-28 19:58:50.806596+00
8	16	2	2022-09-28 19:58:50.806596+00	2022-09-28 19:58:50.806596+00
8	17	2	2022-09-28 19:58:50.806596+00	2022-09-28 19:58:50.806596+00
8	18	2	2022-09-28 19:58:50.806596+00	2022-09-28 19:58:50.806596+00
8	19	2	2022-09-28 19:58:50.806596+00	2022-09-28 19:58:50.806596+00
8	20	2	2022-09-28 19:58:50.806596+00	2022-09-28 19:58:50.806596+00
8	21	2	2022-09-28 19:58:50.806596+00	2022-09-28 19:58:50.806596+00
8	22	2	2022-09-28 19:58:50.806596+00	2022-09-28 19:58:50.806596+00
8	23	2	2022-09-28 19:58:50.806596+00	2022-09-28 19:58:50.806596+00
8	24	2	2022-09-28 19:58:50.806596+00	2022-09-28 19:58:50.806596+00
8	25	2	2022-09-28 19:58:50.806596+00	2022-09-28 19:58:50.806596+00
5	17	1	2022-09-28 19:58:50.830897+00	2022-09-28 19:58:50.830897+00
9	1	2	2022-09-28 19:58:50.838798+00	2022-09-28 19:58:50.838798+00
9	2	2	2022-09-28 19:58:50.838798+00	2022-09-28 19:58:50.838798+00
9	3	2	2022-09-28 19:58:50.838798+00	2022-09-28 19:58:50.838798+00
9	4	2	2022-09-28 19:58:50.838798+00	2022-09-28 19:58:50.838798+00
9	5	2	2022-09-28 19:58:50.838798+00	2022-09-28 19:58:50.838798+00
9	6	2	2022-09-28 19:58:50.838798+00	2022-09-28 19:58:50.838798+00
9	7	2	2022-09-28 19:58:50.838798+00	2022-09-28 19:58:50.838798+00
9	8	2	2022-09-28 19:58:50.838798+00	2022-09-28 19:58:50.838798+00
9	9	2	2022-09-28 19:58:50.838798+00	2022-09-28 19:58:50.838798+00
9	10	2	2022-09-28 19:58:50.838798+00	2022-09-28 19:58:50.838798+00
9	11	2	2022-09-28 19:58:50.838798+00	2022-09-28 19:58:50.838798+00
9	12	2	2022-09-28 19:58:50.838798+00	2022-09-28 19:58:50.838798+00
9	13	2	2022-09-28 19:58:50.838798+00	2022-09-28 19:58:50.838798+00
9	14	2	2022-09-28 19:58:50.838798+00	2022-09-28 19:58:50.838798+00
9	20	2	2022-09-28 19:58:50.838798+00	2022-09-28 19:58:50.838798+00
9	21	2	2022-09-28 19:58:50.838798+00	2022-09-28 19:58:50.838798+00
9	22	2	2022-09-28 19:58:50.838798+00	2022-09-28 19:58:50.838798+00
9	23	2	2022-09-28 19:58:50.838798+00	2022-09-28 19:58:50.838798+00
9	24	2	2022-09-28 19:58:50.838798+00	2022-09-28 19:58:50.838798+00
9	25	2	2022-09-28 19:58:50.838798+00	2022-09-28 19:58:50.838798+00
10	15	2	2022-09-28 19:58:50.838798+00	2022-09-28 19:58:50.838798+00
10	16	2	2022-09-28 19:58:50.838798+00	2022-09-28 19:58:50.838798+00
12	26	1	2022-09-28 19:58:50.847017+00	2022-09-28 19:58:50.847017+00
8	26	2	2022-09-28 19:58:50.857967+00	2022-09-28 19:58:50.857967+00
9	26	2	2022-09-28 19:58:50.857967+00	2022-09-28 19:58:50.857967+00
11	17	2	2022-09-28 19:58:50.857967+00	2022-09-28 19:58:50.857967+00
11	18	2	2022-09-28 19:58:50.857967+00	2022-09-28 19:58:50.857967+00
11	19	2	2022-09-28 19:58:50.857967+00	2022-09-28 19:58:50.857967+00
\.


--
-- Data for Name: training_courses; Type: TABLE DATA; Schema: upchieve; Owner: admin
--

COPY upchieve.training_courses (id, name, created_at, updated_at) FROM stdin;
1	upchieve101	2022-09-28 19:58:50.042697+00	2022-09-28 19:58:50.042697+00
\.


--
-- Data for Name: user_actions; Type: TABLE DATA; Schema: upchieve; Owner: admin
--

COPY upchieve.user_actions (id, user_id, session_id, action_type, action, ip_address_id, device, browser, browser_version, operating_system, operating_system_version, quiz_subcategory, quiz_category, created_at, updated_at, mongo_id, reference_email, volunteer_id, ban_reason) FROM stdin;
1	018385ae-4029-8973-b969-b6b660c58425	01839f1e-cec3-fa14-e756-3eab7a0e2d2f	SESSION	REQUESTED SESSION	1	Mac	Chrome	105.0.0.0	Mac OS	10.15.7	\N	\N	2022-10-03 18:32:19.931781+00	2022-10-03 18:32:19.931781+00	\N	\N	\N	\N
2	018385ae-3f64-6e9e-8681-da7df3db7532	01839f1e-cec3-fa14-e756-3eab7a0e2d2f	SESSION	JOINED SESSION	1	Mac	Chrome	105.0.0.0	Mac OS	10.15.7	\N	\N	2022-10-03 18:34:12.765977+00	2022-10-03 18:34:12.765977+00	\N	\N	\N	\N
3	018385ae-3f64-6e9e-8681-da7df3db7532	01839f1e-cec3-fa14-e756-3eab7a0e2d2f	SESSION	ENDED SESSION	1	Mac	Chrome	105.0.0.0	Mac OS	10.15.7	\N	\N	2022-10-03 18:34:20.649721+00	2022-10-03 18:34:20.649721+00	\N	\N	\N	\N
4	018385ae-4029-8973-b969-b6b660c58425	01839f1e-cec3-fa14-e756-3eab7a0e2d2f	ACCOUNT	VOLUNTEER FAVORITED	\N	\N	\N	\N	\N	\N	\N	\N	2022-10-03 18:34:43.807532+00	2022-10-03 18:34:43.807532+00	\N	\N	018385ae-3f64-6e9e-8681-da7df3db7532	\N
5	018385ae-4029-8973-b969-b6b660c58425	0183a905-e5a5-6f7a-dfbb-8076c5b907e0	SESSION	REQUESTED SESSION	1	Mac	Chrome	105.0.0.0	Mac OS	10.15.7	\N	\N	2022-10-05 16:41:19.550118+00	2022-10-05 16:41:19.550118+00	\N	\N	\N	\N
6	018385ae-4029-8973-b969-b6b660c58425	0183a905-e5a5-6f7a-dfbb-8076c5b907e0	SESSION	REJOINED SESSION	1	Mac	Chrome	105.0.0.0	Mac OS	10.15.7	\N	\N	2022-10-05 16:43:08.071571+00	2022-10-05 16:43:08.071571+00	\N	\N	\N	\N
7	018385ae-4029-8973-b969-b6b660c58425	0183a905-e5a5-6f7a-dfbb-8076c5b907e0	SESSION	REJOINED SESSION	1	Mac	Chrome	105.0.0.0	Mac OS	10.15.7	\N	\N	2022-10-05 16:43:19.102597+00	2022-10-05 16:43:19.102597+00	\N	\N	\N	\N
8	018385ae-4029-8973-b969-b6b660c58425	0183a905-e5a5-6f7a-dfbb-8076c5b907e0	SESSION	REJOINED SESSION	1	Mac	Chrome	105.0.0.0	Mac OS	10.15.7	\N	\N	2022-10-05 16:44:40.856642+00	2022-10-05 16:44:40.856642+00	\N	\N	\N	\N
9	018385ae-4029-8973-b969-b6b660c58425	0183a905-e5a5-6f7a-dfbb-8076c5b907e0	SESSION	ENDED SESSION	1	Mac	Chrome	105.0.0.0	Mac OS	10.15.7	\N	\N	2022-10-05 16:44:45.828778+00	2022-10-05 16:44:45.828778+00	\N	\N	\N	\N
10	018385ae-4029-0209-e4b1-fd8f2f7f5514	0183a909-49c3-037f-48f6-a79128ef461b	SESSION	REQUESTED SESSION	1	Mac	Chrome	105.0.0.0	Mac OS	10.15.7	\N	\N	2022-10-05 16:45:01.777609+00	2022-10-05 16:45:01.777609+00	\N	\N	\N	\N
11	018385ae-4029-0209-e4b1-fd8f2f7f5514	0183a909-49c3-037f-48f6-a79128ef461b	SESSION	REJOINED SESSION	1	Mac	Chrome	105.0.0.0	Mac OS	10.15.7	\N	\N	2022-10-05 16:45:58.7889+00	2022-10-05 16:45:58.7889+00	\N	\N	\N	\N
12	018385ae-3f64-6e9e-8681-da7df3db7532	0183a909-49c3-037f-48f6-a79128ef461b	SESSION	JOINED SESSION	1	Mac	Chrome	105.0.0.0	Mac OS	10.15.7	\N	\N	2022-10-05 16:46:42.118683+00	2022-10-05 16:46:42.118683+00	\N	\N	\N	\N
13	018385ae-4029-0209-e4b1-fd8f2f7f5514	0183a909-49c3-037f-48f6-a79128ef461b	SESSION	ENDED SESSION	1	Mac	Chrome	105.0.0.0	Mac OS	10.15.7	\N	\N	2022-10-05 16:46:52.663682+00	2022-10-05 16:46:52.663682+00	\N	\N	\N	\N
14	018385ae-4029-0209-e4b1-fd8f2f7f5514	0183a909-49c3-037f-48f6-a79128ef461b	ACCOUNT	VOLUNTEER FAVORITED	\N	\N	\N	\N	\N	\N	\N	\N	2022-10-05 16:51:05.325555+00	2022-10-05 16:51:05.325555+00	\N	\N	018385ae-3f64-6e9e-8681-da7df3db7532	\N
15	018385ae-4029-8973-b969-b6b660c58425	0183a932-6dc5-e7bd-aa3a-ace4696c00f6	SESSION	REQUESTED SESSION	1	Mac	Chrome	105.0.0.0	Mac OS	10.15.7	\N	\N	2022-10-05 17:29:57.96848+00	2022-10-05 17:29:57.96848+00	\N	\N	\N	\N
16	018385ae-3f64-6e9e-8681-da7df3db7532	0183a932-6dc5-e7bd-aa3a-ace4696c00f6	SESSION	JOINED SESSION	1	Mac	Chrome	105.0.0.0	Mac OS	10.15.7	\N	\N	2022-10-05 17:30:05.970181+00	2022-10-05 17:30:05.970181+00	\N	\N	\N	\N
17	018385ae-4029-8973-b969-b6b660c58425	0183a932-6dc5-e7bd-aa3a-ace4696c00f6	SESSION	ENDED SESSION	1	Mac	Chrome	105.0.0.0	Mac OS	10.15.7	\N	\N	2022-10-05 17:30:29.694139+00	2022-10-05 17:30:29.694139+00	\N	\N	\N	\N
18	018385ae-4029-8973-b969-b6b660c58425	0183a971-1947-408d-233b-c708ec375f6e	SESSION	REQUESTED SESSION	1	Mac	Chrome	105.0.0.0	Mac OS	10.15.7	\N	\N	2022-10-05 18:38:25.121633+00	2022-10-05 18:38:25.121633+00	\N	\N	\N	\N
19	018385ae-3f64-6e9e-8681-da7df3db7532	0183a971-1947-408d-233b-c708ec375f6e	SESSION	JOINED SESSION	1	Mac	Chrome	105.0.0.0	Mac OS	10.15.7	\N	\N	2022-10-05 18:39:22.748187+00	2022-10-05 18:39:22.748187+00	\N	\N	\N	\N
20	018385ae-4029-8973-b969-b6b660c58425	0183a971-1947-408d-233b-c708ec375f6e	SESSION	ENDED SESSION	1	Mac	Chrome	105.0.0.0	Mac OS	10.15.7	\N	\N	2022-10-05 18:39:40.815529+00	2022-10-05 18:39:40.815529+00	\N	\N	\N	\N
21	018385ae-4029-8973-b969-b6b660c58425	0183a971-1947-408d-233b-c708ec375f6e	ACCOUNT	VOLUNTEER FAVORITED	\N	\N	\N	\N	\N	\N	\N	\N	2022-10-05 18:42:41.866193+00	2022-10-05 18:42:41.866193+00	\N	\N	018385ae-3f64-6e9e-8681-da7df3db7532	\N
22	018385ae-4029-0209-e4b1-fd8f2f7f5514	0183adc7-a983-a8e3-38e8-d4da8a35ad86	SESSION	REQUESTED SESSION	1	Unknown	\N	\N	iOS	\N	\N	\N	2022-10-06 14:51:27.029229+00	2022-10-06 14:51:27.029229+00	\N	\N	\N	\N
23	018385ae-3f64-6e9e-8681-da7df3db7532	0183adc7-a983-a8e3-38e8-d4da8a35ad86	SESSION	JOINED SESSION	1	Mac	Chrome	105.0.0.0	Mac OS	10.15.7	\N	\N	2022-10-06 14:51:35.102762+00	2022-10-06 14:51:35.102762+00	\N	\N	\N	\N
24	018385ae-4029-0209-e4b1-fd8f2f7f5514	0183adc7-a983-a8e3-38e8-d4da8a35ad86	SESSION	ENDED SESSION	1	Unknown	\N	\N	iOS	\N	\N	\N	2022-10-06 14:51:56.270106+00	2022-10-06 14:51:56.270106+00	\N	\N	\N	\N
25	018385ae-4029-0209-e4b1-fd8f2f7f5514	0183adcf-dd5a-88c9-5963-c628ad0ae692	SESSION	REQUESTED SESSION	1	Unknown	\N	\N	iOS	\N	\N	\N	2022-10-06 15:00:24.565954+00	2022-10-06 15:00:24.565954+00	\N	\N	\N	\N
26	018385ae-3f64-6e9e-8681-da7df3db7532	0183adcf-dd5a-88c9-5963-c628ad0ae692	SESSION	JOINED SESSION	1	Mac	Chrome	105.0.0.0	Mac OS	10.15.7	\N	\N	2022-10-06 15:00:30.342315+00	2022-10-06 15:00:30.342315+00	\N	\N	\N	\N
27	018385ae-4029-0209-e4b1-fd8f2f7f5514	0183adcf-dd5a-88c9-5963-c628ad0ae692	SESSION	ENDED SESSION	1	Unknown	\N	\N	iOS	\N	\N	\N	2022-10-06 15:00:49.632228+00	2022-10-06 15:00:49.632228+00	\N	\N	\N	\N
28	018385ae-4029-0209-e4b1-fd8f2f7f5514	0183add8-6023-72c2-7b3a-6527c8fa0d24	SESSION	REQUESTED SESSION	1	Unknown	\N	\N	iOS	\N	\N	\N	2022-10-06 15:09:42.322285+00	2022-10-06 15:09:42.322285+00	\N	\N	\N	\N
29	018385ae-3f64-6e9e-8681-da7df3db7532	0183add8-6023-72c2-7b3a-6527c8fa0d24	SESSION	JOINED SESSION	1	Mac	Chrome	105.0.0.0	Mac OS	10.15.7	\N	\N	2022-10-06 15:09:46.245243+00	2022-10-06 15:09:46.245243+00	\N	\N	\N	\N
30	018385ae-4029-0209-e4b1-fd8f2f7f5514	0183add8-6023-72c2-7b3a-6527c8fa0d24	SESSION	ENDED SESSION	1	Unknown	\N	\N	iOS	\N	\N	\N	2022-10-06 15:10:05.525652+00	2022-10-06 15:10:05.525652+00	\N	\N	\N	\N
31	018385ae-4029-0209-e4b1-fd8f2f7f5514	0183adde-53b4-a73c-bda3-283ac8d20769	SESSION	REQUESTED SESSION	1	Unknown	\N	\N	iOS	\N	\N	\N	2022-10-06 15:16:12.361173+00	2022-10-06 15:16:12.361173+00	\N	\N	\N	\N
32	018385ae-3f64-6e9e-8681-da7df3db7532	0183adde-53b4-a73c-bda3-283ac8d20769	SESSION	JOINED SESSION	1	Mac	Chrome	105.0.0.0	Mac OS	10.15.7	\N	\N	2022-10-06 15:16:19.483618+00	2022-10-06 15:16:19.483618+00	\N	\N	\N	\N
33	018385ae-3f64-6e9e-8681-da7df3db7532	0183adde-53b4-a73c-bda3-283ac8d20769	SESSION	ENDED SESSION	1	Mac	Chrome	105.0.0.0	Mac OS	10.15.7	\N	\N	2022-10-06 15:16:40.735429+00	2022-10-06 15:16:40.735429+00	\N	\N	\N	\N
34	018385ae-4029-0209-e4b1-fd8f2f7f5514	0183ade3-d9dc-944c-ae41-2d98d0cdbaea	SESSION	REQUESTED SESSION	1	Unknown	\N	\N	iOS	\N	\N	\N	2022-10-06 15:22:14.384593+00	2022-10-06 15:22:14.384593+00	\N	\N	\N	\N
35	018385ae-3f64-6e9e-8681-da7df3db7532	0183ade3-d9dc-944c-ae41-2d98d0cdbaea	SESSION	JOINED SESSION	1	Mac	Chrome	105.0.0.0	Mac OS	10.15.7	\N	\N	2022-10-06 15:22:33.334072+00	2022-10-06 15:22:33.334072+00	\N	\N	\N	\N
36	018385ae-3f64-6e9e-8681-da7df3db7532	0183ade3-d9dc-944c-ae41-2d98d0cdbaea	SESSION	ENDED SESSION	1	Mac	Chrome	105.0.0.0	Mac OS	10.15.7	\N	\N	2022-10-06 15:22:52.998497+00	2022-10-06 15:22:52.998497+00	\N	\N	\N	\N
37	018385ae-4029-0209-e4b1-fd8f2f7f5514	0183ae70-d41e-aef7-ba2c-b423fe4b2280	SESSION	REQUESTED SESSION	1	Unknown	\N	\N	iOS	\N	\N	\N	2022-10-06 17:56:13.542145+00	2022-10-06 17:56:13.542145+00	\N	\N	\N	\N
38	018385ae-3f64-6e9e-8681-da7df3db7532	0183ae70-d41e-aef7-ba2c-b423fe4b2280	SESSION	JOINED SESSION	1	Mac	Chrome	105.0.0.0	Mac OS	10.15.7	\N	\N	2022-10-06 17:56:29.680266+00	2022-10-06 17:56:29.680266+00	\N	\N	\N	\N
39	018385ae-3f64-6e9e-8681-da7df3db7532	0183ae70-d41e-aef7-ba2c-b423fe4b2280	SESSION	ENDED SESSION	1	Mac	Chrome	105.0.0.0	Mac OS	10.15.7	\N	\N	2022-10-06 17:56:55.972215+00	2022-10-06 17:56:55.972215+00	\N	\N	\N	\N
40	018385ae-4029-0209-e4b1-fd8f2f7f5514	0183ae75-dcbd-13a6-dfc9-6bd7bb2861ab	SESSION	REQUESTED SESSION	1	Unknown	\N	\N	iOS	\N	\N	\N	2022-10-06 18:01:43.38794+00	2022-10-06 18:01:43.38794+00	\N	\N	\N	\N
41	018385ae-3f64-6e9e-8681-da7df3db7532	0183ae75-dcbd-13a6-dfc9-6bd7bb2861ab	SESSION	JOINED SESSION	1	Mac	Chrome	105.0.0.0	Mac OS	10.15.7	\N	\N	2022-10-06 18:01:46.758708+00	2022-10-06 18:01:46.758708+00	\N	\N	\N	\N
42	018385ae-4029-0209-e4b1-fd8f2f7f5514	0183ae75-dcbd-13a6-dfc9-6bd7bb2861ab	SESSION	ENDED SESSION	1	Unknown	\N	\N	iOS	\N	\N	\N	2022-10-06 18:02:02.702856+00	2022-10-06 18:02:02.702856+00	\N	\N	\N	\N
43	018385ae-4029-0209-e4b1-fd8f2f7f5514	0183aed9-622a-8471-7b6b-84182e44cd74	SESSION	REQUESTED SESSION	1	Unknown	\N	\N	iOS	\N	\N	\N	2022-10-06 19:50:25.597138+00	2022-10-06 19:50:25.597138+00	\N	\N	\N	\N
44	018385ae-3f64-6e9e-8681-da7df3db7532	0183aed9-622a-8471-7b6b-84182e44cd74	SESSION	JOINED SESSION	1	Mac	Chrome	105.0.0.0	Mac OS	10.15.7	\N	\N	2022-10-06 19:50:28.601919+00	2022-10-06 19:50:28.601919+00	\N	\N	\N	\N
45	018385ae-4029-0209-e4b1-fd8f2f7f5514	0183aed9-622a-8471-7b6b-84182e44cd74	SESSION	ENDED SESSION	1	Unknown	\N	\N	iOS	\N	\N	\N	2022-10-06 19:50:41.730801+00	2022-10-06 19:50:41.730801+00	\N	\N	\N	\N
46	018385ae-4029-0209-e4b1-fd8f2f7f5514	0183aeea-65ae-cc92-96d1-4947c9cc940a	SESSION	REQUESTED SESSION	1	Unknown	\N	\N	iOS	\N	\N	\N	2022-10-06 20:09:00.606399+00	2022-10-06 20:09:00.606399+00	\N	\N	\N	\N
47	018385ae-3f64-6e9e-8681-da7df3db7532	0183aeea-65ae-cc92-96d1-4947c9cc940a	SESSION	JOINED SESSION	1	Mac	Chrome	105.0.0.0	Mac OS	10.15.7	\N	\N	2022-10-06 20:09:04.860994+00	2022-10-06 20:09:04.860994+00	\N	\N	\N	\N
48	018385ae-4029-0209-e4b1-fd8f2f7f5514	0183aeea-65ae-cc92-96d1-4947c9cc940a	SESSION	ENDED SESSION	1	Unknown	\N	\N	iOS	\N	\N	\N	2022-10-06 20:09:19.388444+00	2022-10-06 20:09:19.388444+00	\N	\N	\N	\N
49	018385ae-4029-0209-e4b1-fd8f2f7f5514	0183aeef-c342-0a0f-e0aa-e1ed4119b9f3	SESSION	REQUESTED SESSION	1	Unknown	\N	\N	iOS	\N	\N	\N	2022-10-06 20:14:52.237027+00	2022-10-06 20:14:52.237027+00	\N	\N	\N	\N
50	018385ae-3f64-6e9e-8681-da7df3db7532	0183aeef-c342-0a0f-e0aa-e1ed4119b9f3	SESSION	JOINED SESSION	1	Mac	Chrome	105.0.0.0	Mac OS	10.15.7	\N	\N	2022-10-06 20:15:01.295153+00	2022-10-06 20:15:01.295153+00	\N	\N	\N	\N
51	018385ae-4029-0209-e4b1-fd8f2f7f5514	0183aeef-c342-0a0f-e0aa-e1ed4119b9f3	SESSION	ENDED SESSION	1	Unknown	\N	\N	iOS	\N	\N	\N	2022-10-06 20:15:20.389547+00	2022-10-06 20:15:20.389547+00	\N	\N	\N	\N
52	018385ae-4029-0209-e4b1-fd8f2f7f5514	0183aefe-03a1-e85f-8255-f989676cc185	SESSION	REQUESTED SESSION	1	Unknown	\N	\N	iOS	\N	\N	\N	2022-10-06 20:30:26.255795+00	2022-10-06 20:30:26.255795+00	\N	\N	\N	\N
53	018385ae-3f64-6e9e-8681-da7df3db7532	0183aefe-03a1-e85f-8255-f989676cc185	SESSION	JOINED SESSION	1	Mac	Chrome	105.0.0.0	Mac OS	10.15.7	\N	\N	2022-10-06 20:30:36.361984+00	2022-10-06 20:30:36.361984+00	\N	\N	\N	\N
54	018385ae-4029-0209-e4b1-fd8f2f7f5514	0183aefe-03a1-e85f-8255-f989676cc185	SESSION	ENDED SESSION	1	Unknown	\N	\N	iOS	\N	\N	\N	2022-10-06 20:30:50.023996+00	2022-10-06 20:30:50.023996+00	\N	\N	\N	\N
55	018385ae-4029-0209-e4b1-fd8f2f7f5514	0183af03-497c-14d3-25b8-9bb21b1ced87	SESSION	REQUESTED SESSION	1	Unknown	\N	\N	iOS	\N	\N	\N	2022-10-06 20:36:11.787875+00	2022-10-06 20:36:11.787875+00	\N	\N	\N	\N
56	018385ae-3f64-6e9e-8681-da7df3db7532	0183af03-497c-14d3-25b8-9bb21b1ced87	SESSION	JOINED SESSION	1	Mac	Chrome	105.0.0.0	Mac OS	10.15.7	\N	\N	2022-10-06 20:36:19.535849+00	2022-10-06 20:36:19.535849+00	\N	\N	\N	\N
57	018385ae-4029-0209-e4b1-fd8f2f7f5514	0183af03-497c-14d3-25b8-9bb21b1ced87	SESSION	ENDED SESSION	1	Unknown	\N	\N	iOS	\N	\N	\N	2022-10-06 20:36:35.519862+00	2022-10-06 20:36:35.519862+00	\N	\N	\N	\N
58	018385ae-4029-8973-b969-b6b660c58425	0183af05-535a-5a3b-6e8d-1215b56f290d	SESSION	REQUESTED SESSION	1	Unknown	\N	\N	iOS	\N	\N	\N	2022-10-06 20:38:25.418286+00	2022-10-06 20:38:25.418286+00	\N	\N	\N	\N
59	018385ae-3f64-6e9e-8681-da7df3db7532	0183af05-535a-5a3b-6e8d-1215b56f290d	SESSION	JOINED SESSION	1	Mac	Chrome	105.0.0.0	Mac OS	10.15.7	\N	\N	2022-10-06 20:38:32.172891+00	2022-10-06 20:38:32.172891+00	\N	\N	\N	\N
60	018385ae-3f64-6e9e-8681-da7df3db7532	0183af05-535a-5a3b-6e8d-1215b56f290d	SESSION	ENDED SESSION	1	Mac	Chrome	105.0.0.0	Mac OS	10.15.7	\N	\N	2022-10-06 20:38:44.815306+00	2022-10-06 20:38:44.815306+00	\N	\N	\N	\N
61	018385ae-4029-8973-b969-b6b660c58425	0183af0e-847a-25b3-ecc3-e6242a1d0819	SESSION	REQUESTED SESSION	1	Unknown	\N	\N	iOS	\N	\N	\N	2022-10-06 20:48:27.78881+00	2022-10-06 20:48:27.78881+00	\N	\N	\N	\N
62	018385ae-3f64-6e9e-8681-da7df3db7532	0183af0e-847a-25b3-ecc3-e6242a1d0819	SESSION	JOINED SESSION	1	Mac	Chrome	105.0.0.0	Mac OS	10.15.7	\N	\N	2022-10-06 20:48:30.84115+00	2022-10-06 20:48:30.84115+00	\N	\N	\N	\N
63	018385ae-4029-8973-b969-b6b660c58425	0183af0e-847a-25b3-ecc3-e6242a1d0819	SESSION	ENDED SESSION	1	Unknown	\N	\N	iOS	\N	\N	\N	2022-10-06 20:48:53.520193+00	2022-10-06 20:48:53.520193+00	\N	\N	\N	\N
64	018385ae-4029-8973-b969-b6b660c58425	0183af13-7ee3-9de5-0371-99df5665e7a3	SESSION	REQUESTED SESSION	1	Unknown	\N	\N	iOS	\N	\N	\N	2022-10-06 20:53:54.035293+00	2022-10-06 20:53:54.035293+00	\N	\N	\N	\N
65	018385ae-3f64-6e9e-8681-da7df3db7532	0183af13-7ee3-9de5-0371-99df5665e7a3	SESSION	JOINED SESSION	1	Mac	Chrome	105.0.0.0	Mac OS	10.15.7	\N	\N	2022-10-06 20:54:01.387545+00	2022-10-06 20:54:01.387545+00	\N	\N	\N	\N
66	018385ae-4029-8973-b969-b6b660c58425	0183af13-7ee3-9de5-0371-99df5665e7a3	SESSION	ENDED SESSION	1	Unknown	\N	\N	iOS	\N	\N	\N	2022-10-06 20:55:08.100513+00	2022-10-06 20:55:08.100513+00	\N	\N	\N	\N
67	018385ae-4029-8973-b969-b6b660c58425	0183af21-cf1c-5b37-cdd0-a9f8e79dc0a5	SESSION	REQUESTED SESSION	1	Unknown	\N	\N	iOS	\N	\N	\N	2022-10-06 21:09:32.079729+00	2022-10-06 21:09:32.079729+00	\N	\N	\N	\N
68	018385ae-3f64-6e9e-8681-da7df3db7532	0183af21-cf1c-5b37-cdd0-a9f8e79dc0a5	SESSION	JOINED SESSION	1	Mac	Chrome	105.0.0.0	Mac OS	10.15.7	\N	\N	2022-10-06 21:09:41.633168+00	2022-10-06 21:09:41.633168+00	\N	\N	\N	\N
69	018385ae-3f64-6e9e-8681-da7df3db7532	0183af21-cf1c-5b37-cdd0-a9f8e79dc0a5	SESSION	ENDED SESSION	1	Mac	Chrome	105.0.0.0	Mac OS	10.15.7	\N	\N	2022-10-06 21:09:52.376281+00	2022-10-06 21:09:52.376281+00	\N	\N	\N	\N
70	018385ae-4029-8973-b969-b6b660c58425	0183c824-7c1c-78dc-00d7-db85341657bc	SESSION	REQUESTED SESSION	1	Unknown	\N	\N	iOS	\N	\N	\N	2022-10-11 17:42:57.873829+00	2022-10-11 17:42:57.873829+00	\N	\N	\N	\N
71	018385ae-3f64-6e9e-8681-da7df3db7532	0183c824-7c1c-78dc-00d7-db85341657bc	SESSION	JOINED SESSION	1	Mac	Chrome	105.0.0.0	Mac OS	10.15.7	\N	\N	2022-10-11 17:43:40.013138+00	2022-10-11 17:43:40.013138+00	\N	\N	\N	\N
72	018385ae-3f64-6e9e-8681-da7df3db7532	0183c824-7c1c-78dc-00d7-db85341657bc	SESSION	REJOINED SESSION	1	Mac	Chrome	105.0.0.0	Mac OS	10.15.7	\N	\N	2022-10-11 17:43:42.215584+00	2022-10-11 17:43:42.215584+00	\N	\N	\N	\N
73	018385ae-4029-8973-b969-b6b660c58425	0183c824-7c1c-78dc-00d7-db85341657bc	SESSION	ENDED SESSION	1	Unknown	\N	\N	iOS	\N	\N	\N	2022-10-11 17:43:55.894353+00	2022-10-11 17:43:55.894353+00	\N	\N	\N	\N
74	018385ae-4029-8973-b969-b6b660c58425	0183c82a-895a-16e4-be29-4976cbd8c1e9	SESSION	REQUESTED SESSION	1	Unknown	\N	\N	iOS	\N	\N	\N	2022-10-11 17:49:34.452218+00	2022-10-11 17:49:34.452218+00	\N	\N	\N	\N
75	018385ae-3f64-6e9e-8681-da7df3db7532	0183c82a-895a-16e4-be29-4976cbd8c1e9	SESSION	JOINED SESSION	1	Mac	Chrome	105.0.0.0	Mac OS	10.15.7	\N	\N	2022-10-11 17:49:48.741848+00	2022-10-11 17:49:48.741848+00	\N	\N	\N	\N
76	018385ae-3f64-6e9e-8681-da7df3db7532	0183c82a-895a-16e4-be29-4976cbd8c1e9	SESSION	ENDED SESSION	1	Mac	Chrome	105.0.0.0	Mac OS	10.15.7	\N	\N	2022-10-11 17:50:10.686906+00	2022-10-11 17:50:10.686906+00	\N	\N	\N	\N
77	018385ae-4029-8973-b969-b6b660c58425	0183c832-7958-fbb7-2a22-bb115ca98e31	SESSION	REQUESTED SESSION	1	Unknown	\N	\N	iOS	\N	\N	\N	2022-10-11 17:58:14.656385+00	2022-10-11 17:58:14.656385+00	\N	\N	\N	\N
78	018385ae-3f64-6e9e-8681-da7df3db7532	0183c832-7958-fbb7-2a22-bb115ca98e31	SESSION	JOINED SESSION	1	Mac	Chrome	105.0.0.0	Mac OS	10.15.7	\N	\N	2022-10-11 17:58:18.085805+00	2022-10-11 17:58:18.085805+00	\N	\N	\N	\N
79	018385ae-3f64-6e9e-8681-da7df3db7532	0183c832-7958-fbb7-2a22-bb115ca98e31	SESSION	ENDED SESSION	1	Mac	Chrome	105.0.0.0	Mac OS	10.15.7	\N	\N	2022-10-11 17:58:33.851184+00	2022-10-11 17:58:33.851184+00	\N	\N	\N	\N
80	018385ae-4029-8973-b969-b6b660c58425	0183c837-3363-afce-4844-c75d25720df9	SESSION	REQUESTED SESSION	1	Unknown	\N	\N	iOS	\N	\N	\N	2022-10-11 18:03:24.406532+00	2022-10-11 18:03:24.406532+00	\N	\N	\N	\N
81	018385ae-3f64-6e9e-8681-da7df3db7532	0183c837-3363-afce-4844-c75d25720df9	SESSION	JOINED SESSION	1	Mac	Chrome	105.0.0.0	Mac OS	10.15.7	\N	\N	2022-10-11 18:03:27.000902+00	2022-10-11 18:03:27.000902+00	\N	\N	\N	\N
82	018385ae-4029-8973-b969-b6b660c58425	0183c837-3363-afce-4844-c75d25720df9	SESSION	ENDED SESSION	1	Unknown	\N	\N	iOS	\N	\N	\N	2022-10-11 18:03:51.233403+00	2022-10-11 18:03:51.233403+00	\N	\N	\N	\N
83	018385ae-4029-8973-b969-b6b660c58425	0183c83c-6cd9-c440-ffbc-2a226fc5f79a	SESSION	REQUESTED SESSION	1	Unknown	\N	\N	iOS	\N	\N	\N	2022-10-11 18:09:06.799849+00	2022-10-11 18:09:06.799849+00	\N	\N	\N	\N
84	018385ae-3f64-6e9e-8681-da7df3db7532	0183c83c-6cd9-c440-ffbc-2a226fc5f79a	SESSION	JOINED SESSION	1	Mac	Chrome	105.0.0.0	Mac OS	10.15.7	\N	\N	2022-10-11 18:09:09.830977+00	2022-10-11 18:09:09.830977+00	\N	\N	\N	\N
85	018385ae-3f64-6e9e-8681-da7df3db7532	0183c83c-6cd9-c440-ffbc-2a226fc5f79a	SESSION	ENDED SESSION	1	Mac	Chrome	105.0.0.0	Mac OS	10.15.7	\N	\N	2022-10-11 18:09:33.766046+00	2022-10-11 18:09:33.766046+00	\N	\N	\N	\N
86	018385ae-4029-8973-b969-b6b660c58425	0183c844-b39c-5336-4c8c-dba68b299bef	SESSION	REQUESTED SESSION	1	Unknown	\N	\N	iOS	\N	\N	\N	2022-10-11 18:18:09.19976+00	2022-10-11 18:18:09.19976+00	\N	\N	\N	\N
87	018385ae-3f64-6e9e-8681-da7df3db7532	0183c844-b39c-5336-4c8c-dba68b299bef	SESSION	JOINED SESSION	1	Mac	Chrome	105.0.0.0	Mac OS	10.15.7	\N	\N	2022-10-11 18:18:21.716979+00	2022-10-11 18:18:21.716979+00	\N	\N	\N	\N
88	018385ae-3f64-6e9e-8681-da7df3db7532	0183c844-b39c-5336-4c8c-dba68b299bef	SESSION	ENDED SESSION	1	Mac	Chrome	105.0.0.0	Mac OS	10.15.7	\N	\N	2022-10-11 18:18:47.120703+00	2022-10-11 18:18:47.120703+00	\N	\N	\N	\N
89	018385ae-4029-8973-b969-b6b660c58425	0183c84a-5f8a-8820-57e9-765162bf6e2e	SESSION	REQUESTED SESSION	1	Unknown	\N	\N	iOS	\N	\N	\N	2022-10-11 18:24:20.900395+00	2022-10-11 18:24:20.900395+00	\N	\N	\N	\N
90	018385ae-3f64-6e9e-8681-da7df3db7532	0183c84a-5f8a-8820-57e9-765162bf6e2e	SESSION	JOINED SESSION	1	Mac	Chrome	105.0.0.0	Mac OS	10.15.7	\N	\N	2022-10-11 18:24:30.521163+00	2022-10-11 18:24:30.521163+00	\N	\N	\N	\N
91	018385ae-3f64-6e9e-8681-da7df3db7532	0183c84a-5f8a-8820-57e9-765162bf6e2e	SESSION	ENDED SESSION	1	Mac	Chrome	105.0.0.0	Mac OS	10.15.7	\N	\N	2022-10-11 18:25:02.356296+00	2022-10-11 18:25:02.356296+00	\N	\N	\N	\N
92	018385ae-4029-8973-b969-b6b660c58425	0183c84f-6ab8-c171-ff7c-62f87ed982a5	SESSION	REQUESTED SESSION	1	Unknown	\N	\N	iOS	\N	\N	\N	2022-10-11 18:29:51.433068+00	2022-10-11 18:29:51.433068+00	\N	\N	\N	\N
93	018385ae-3f64-6e9e-8681-da7df3db7532	0183c84f-6ab8-c171-ff7c-62f87ed982a5	SESSION	JOINED SESSION	1	Mac	Chrome	105.0.0.0	Mac OS	10.15.7	\N	\N	2022-10-11 18:29:54.275269+00	2022-10-11 18:29:54.275269+00	\N	\N	\N	\N
94	018385ae-3f64-6e9e-8681-da7df3db7532	0183c84f-6ab8-c171-ff7c-62f87ed982a5	SESSION	ENDED SESSION	1	Mac	Chrome	105.0.0.0	Mac OS	10.15.7	\N	\N	2022-10-11 18:30:17.350104+00	2022-10-11 18:30:17.350104+00	\N	\N	\N	\N
95	018385ae-4029-0209-e4b1-fd8f2f7f5514	0183c852-eeb6-909f-b13a-62668885bdf6	SESSION	REQUESTED SESSION	1	Unknown	\N	\N	iOS	\N	\N	\N	2022-10-11 18:33:41.821508+00	2022-10-11 18:33:41.821508+00	\N	\N	\N	\N
96	018385ae-3f64-6e9e-8681-da7df3db7532	0183c852-eeb6-909f-b13a-62668885bdf6	SESSION	JOINED SESSION	1	Mac	Chrome	105.0.0.0	Mac OS	10.15.7	\N	\N	2022-10-11 18:35:29.030286+00	2022-10-11 18:35:29.030286+00	\N	\N	\N	\N
97	018385ae-3f64-6e9e-8681-da7df3db7532	0183c852-eeb6-909f-b13a-62668885bdf6	SESSION	ENDED SESSION	1	Mac	Chrome	105.0.0.0	Mac OS	10.15.7	\N	\N	2022-10-11 18:35:38.944387+00	2022-10-11 18:35:38.944387+00	\N	\N	\N	\N
98	018385ae-4029-0209-e4b1-fd8f2f7f5514	0183c872-8e3d-b762-cdaa-5256b261046c	SESSION	REQUESTED SESSION	1	Unknown	\N	\N	iOS	\N	\N	\N	2022-10-11 19:08:14.294055+00	2022-10-11 19:08:14.294055+00	\N	\N	\N	\N
99	018385ae-3f64-6e9e-8681-da7df3db7532	0183c872-8e3d-b762-cdaa-5256b261046c	SESSION	JOINED SESSION	1	Mac	Chrome	105.0.0.0	Mac OS	10.15.7	\N	\N	2022-10-11 19:08:16.599687+00	2022-10-11 19:08:16.599687+00	\N	\N	\N	\N
100	018385ae-3f64-6e9e-8681-da7df3db7532	0183c872-8e3d-b762-cdaa-5256b261046c	SESSION	ENDED SESSION	1	Mac	Chrome	105.0.0.0	Mac OS	10.15.7	\N	\N	2022-10-11 19:08:39.675725+00	2022-10-11 19:08:39.675725+00	\N	\N	\N	\N
101	018385ae-4029-0209-e4b1-fd8f2f7f5514	0183c900-3ab7-aff2-26b5-4c9017ceee20	SESSION	REQUESTED SESSION	1	Unknown	\N	\N	iOS	\N	\N	\N	2022-10-11 21:42:59.027218+00	2022-10-11 21:42:59.027218+00	\N	\N	\N	\N
102	018385ae-3f64-6e9e-8681-da7df3db7532	0183c900-3ab7-aff2-26b5-4c9017ceee20	SESSION	JOINED SESSION	1	Mac	Chrome	105.0.0.0	Mac OS	10.15.7	\N	\N	2022-10-11 21:43:01.758452+00	2022-10-11 21:43:01.758452+00	\N	\N	\N	\N
103	018385ae-4029-0209-e4b1-fd8f2f7f5514	0183c900-3ab7-aff2-26b5-4c9017ceee20	SESSION	ENDED SESSION	1	Unknown	\N	\N	iOS	\N	\N	\N	2022-10-11 21:43:11.742693+00	2022-10-11 21:43:11.742693+00	\N	\N	\N	\N
104	018385ae-4029-0209-e4b1-fd8f2f7f5514	0183c90b-47eb-b72a-a52e-e0b1d86b9a17	SESSION	REQUESTED SESSION	1	Unknown	\N	\N	iOS	\N	\N	\N	2022-10-11 21:55:03.301015+00	2022-10-11 21:55:03.301015+00	\N	\N	\N	\N
105	018385ae-3f64-6e9e-8681-da7df3db7532	0183c90b-47eb-b72a-a52e-e0b1d86b9a17	SESSION	JOINED SESSION	1	Mac	Chrome	105.0.0.0	Mac OS	10.15.7	\N	\N	2022-10-11 21:55:23.632841+00	2022-10-11 21:55:23.632841+00	\N	\N	\N	\N
106	018385ae-3f64-6e9e-8681-da7df3db7532	0183c90b-47eb-b72a-a52e-e0b1d86b9a17	SESSION	ENDED SESSION	1	Mac	Chrome	105.0.0.0	Mac OS	10.15.7	\N	\N	2022-10-11 21:55:31.35452+00	2022-10-11 21:55:31.35452+00	\N	\N	\N	\N
107	018385ae-4029-8973-b969-b6b660c58425	0183c9a3-f9be-8f3b-d048-6b25fbf26ca6	SESSION	REQUESTED SESSION	1	Mac	Chrome	105.0.0.0	Mac OS	10.15.7	\N	\N	2022-10-12 00:41:50.284406+00	2022-10-12 00:41:50.284406+00	\N	\N	\N	\N
108	018385ae-3f64-6e9e-8681-da7df3db7532	0183c9a3-f9be-8f3b-d048-6b25fbf26ca6	SESSION	JOINED SESSION	1	Mac	Chrome	105.0.0.0	Mac OS	10.15.7	\N	\N	2022-10-12 00:41:58.192711+00	2022-10-12 00:41:58.192711+00	\N	\N	\N	\N
109	018385ae-4029-8973-b969-b6b660c58425	0183c9a3-f9be-8f3b-d048-6b25fbf26ca6	SESSION	ENDED SESSION	1	Mac	Chrome	105.0.0.0	Mac OS	10.15.7	\N	\N	2022-10-12 00:42:09.045091+00	2022-10-12 00:42:09.045091+00	\N	\N	\N	\N
110	018385ae-4029-8973-b969-b6b660c58425	0183cd6c-4f2f-e5cf-6d32-ce17cd17bba3	SESSION	REQUESTED SESSION	1	Mac	Chrome	105.0.0.0	Mac OS	10.15.7	\N	\N	2022-10-12 18:19:31.003486+00	2022-10-12 18:19:31.003486+00	\N	\N	\N	\N
111	018385ae-3f64-6e9e-8681-da7df3db7532	0183cd6c-4f2f-e5cf-6d32-ce17cd17bba3	SESSION	JOINED SESSION	1	Mac	Chrome	105.0.0.0	Mac OS	10.15.7	\N	\N	2022-10-12 18:20:03.08066+00	2022-10-12 18:20:03.08066+00	\N	\N	\N	\N
112	018385ae-3f64-6e9e-8681-da7df3db7532	0183cd6c-4f2f-e5cf-6d32-ce17cd17bba3	SESSION	ENDED SESSION	1	Mac	Chrome	105.0.0.0	Mac OS	10.15.7	\N	\N	2022-10-12 18:20:14.341056+00	2022-10-12 18:20:14.341056+00	\N	\N	\N	\N
113	018385ae-4029-0209-e4b1-fd8f2f7f5514	0183cdcb-2c77-ab1d-edc9-57039e44d614	SESSION	REQUESTED SESSION	1	Unknown	\N	\N	iOS	\N	\N	\N	2022-10-12 20:03:08.113778+00	2022-10-12 20:03:08.113778+00	\N	\N	\N	\N
114	018385ae-3f64-6e9e-8681-da7df3db7532	0183cdcb-2c77-ab1d-edc9-57039e44d614	SESSION	JOINED SESSION	1	Mac	Chrome	105.0.0.0	Mac OS	10.15.7	\N	\N	2022-10-12 20:03:11.368258+00	2022-10-12 20:03:11.368258+00	\N	\N	\N	\N
115	018385ae-4029-0209-e4b1-fd8f2f7f5514	0183cdcb-2c77-ab1d-edc9-57039e44d614	SESSION	ENDED SESSION	1	Unknown	\N	\N	iOS	\N	\N	\N	2022-10-12 20:03:34.254265+00	2022-10-12 20:03:34.254265+00	\N	\N	\N	\N
116	018385ae-4029-8973-b969-b6b660c58425	0183d232-9e20-af1d-c311-ff15306cb90f	SESSION	REQUESTED SESSION	1	Mac	Chrome	105.0.0.0	Mac OS	10.15.7	\N	\N	2022-10-13 16:34:36.212027+00	2022-10-13 16:34:36.212027+00	\N	\N	\N	\N
117	018385ae-3f64-6e9e-8681-da7df3db7532	0183d232-9e20-af1d-c311-ff15306cb90f	SESSION	JOINED SESSION	1	Mac	Chrome	105.0.0.0	Mac OS	10.15.7	\N	\N	2022-10-13 16:34:45.595218+00	2022-10-13 16:34:45.595218+00	\N	\N	\N	\N
118	018385ae-3f64-6e9e-8681-da7df3db7532	0183d232-9e20-af1d-c311-ff15306cb90f	SESSION	ENDED SESSION	1	Mac	Chrome	105.0.0.0	Mac OS	10.15.7	\N	\N	2022-10-13 16:34:57.483416+00	2022-10-13 16:34:57.483416+00	\N	\N	\N	\N
119	018385ae-4029-8973-b969-b6b660c58425	0183d232-9e20-af1d-c311-ff15306cb90f	ACCOUNT	VOLUNTEER FAVORITED	\N	\N	\N	\N	\N	\N	\N	\N	2022-10-13 16:35:12.107755+00	2022-10-13 16:35:12.107755+00	\N	\N	018385ae-3f64-6e9e-8681-da7df3db7532	\N
120	018385ae-4029-8973-b969-b6b660c58425	0183d237-6841-bd3e-8f05-5f98c79fbb13	SESSION	REQUESTED SESSION	1	Mac	Chrome	105.0.0.0	Mac OS	10.15.7	\N	\N	2022-10-13 16:39:50.109199+00	2022-10-13 16:39:50.109199+00	\N	\N	\N	\N
121	018385ae-3f64-6e9e-8681-da7df3db7532	0183d237-6841-bd3e-8f05-5f98c79fbb13	SESSION	JOINED SESSION	1	Mac	Chrome	105.0.0.0	Mac OS	10.15.7	\N	\N	2022-10-13 16:39:55.56132+00	2022-10-13 16:39:55.56132+00	\N	\N	\N	\N
122	018385ae-3f64-6e9e-8681-da7df3db7532	0183d237-6841-bd3e-8f05-5f98c79fbb13	SESSION	ENDED SESSION	1	Mac	Chrome	105.0.0.0	Mac OS	10.15.7	\N	\N	2022-10-13 16:40:07.679805+00	2022-10-13 16:40:07.679805+00	\N	\N	\N	\N
123	018385ae-4029-8973-b969-b6b660c58425	0183d237-6841-bd3e-8f05-5f98c79fbb13	ACCOUNT	VOLUNTEER FAVORITED	\N	\N	\N	\N	\N	\N	\N	\N	2022-10-13 16:40:24.623989+00	2022-10-13 16:40:24.623989+00	\N	\N	018385ae-3f64-6e9e-8681-da7df3db7532	\N
124	018385ae-4029-0209-e4b1-fd8f2f7f5514	0183d2cc-05a6-da95-90ef-dcf8253d0c5a	SESSION	REQUESTED SESSION	1	Unknown	\N	\N	iOS	\N	\N	\N	2022-10-13 19:22:09.761948+00	2022-10-13 19:22:09.761948+00	\N	\N	\N	\N
125	018385ae-3f64-6e9e-8681-da7df3db7532	0183d2cc-05a6-da95-90ef-dcf8253d0c5a	SESSION	JOINED SESSION	1	Mac	Chrome	105.0.0.0	Mac OS	10.15.7	\N	\N	2022-10-13 19:22:28.013887+00	2022-10-13 19:22:28.013887+00	\N	\N	\N	\N
126	018385ae-3f64-6e9e-8681-da7df3db7532	0183d2cc-05a6-da95-90ef-dcf8253d0c5a	SESSION	ENDED SESSION	1	Mac	Chrome	105.0.0.0	Mac OS	10.15.7	\N	\N	2022-10-13 19:22:37.062143+00	2022-10-13 19:22:37.062143+00	\N	\N	\N	\N
127	018385ae-4029-0209-e4b1-fd8f2f7f5514	0183d2d9-fd99-b980-bdc1-bebc08302fd5	SESSION	REQUESTED SESSION	1	Unknown	\N	\N	iOS	\N	\N	\N	2022-10-13 19:37:25.160861+00	2022-10-13 19:37:25.160861+00	\N	\N	\N	\N
128	018385ae-3f64-6e9e-8681-da7df3db7532	0183d2d9-fd99-b980-bdc1-bebc08302fd5	SESSION	JOINED SESSION	1	Mac	Chrome	105.0.0.0	Mac OS	10.15.7	\N	\N	2022-10-13 19:37:27.516038+00	2022-10-13 19:37:27.516038+00	\N	\N	\N	\N
129	018385ae-4029-0209-e4b1-fd8f2f7f5514	0183d2d9-fd99-b980-bdc1-bebc08302fd5	SESSION	ENDED SESSION	1	Unknown	\N	\N	iOS	\N	\N	\N	2022-10-13 19:37:42.049361+00	2022-10-13 19:37:42.049361+00	\N	\N	\N	\N
130	018385ae-4029-0209-e4b1-fd8f2f7f5514	0183d30b-3bcc-e56d-3504-ef70e6791d89	SESSION	REQUESTED SESSION	1	Unknown	\N	\N	iOS	\N	\N	\N	2022-10-13 20:31:12.363903+00	2022-10-13 20:31:12.363903+00	\N	\N	\N	\N
131	018385ae-3f64-6e9e-8681-da7df3db7532	0183d30b-3bcc-e56d-3504-ef70e6791d89	SESSION	JOINED SESSION	1	Mac	Chrome	105.0.0.0	Mac OS	10.15.7	\N	\N	2022-10-13 20:31:21.677717+00	2022-10-13 20:31:21.677717+00	\N	\N	\N	\N
132	018385ae-4029-0209-e4b1-fd8f2f7f5514	0183d30b-3bcc-e56d-3504-ef70e6791d89	SESSION	ENDED SESSION	1	Unknown	\N	\N	iOS	\N	\N	\N	2022-10-13 20:31:44.750797+00	2022-10-13 20:31:44.750797+00	\N	\N	\N	\N
133	018385ae-4029-0209-e4b1-fd8f2f7f5514	0183d314-4fcb-6985-d25e-2aa9029d32bf	SESSION	REQUESTED SESSION	1	Unknown	\N	\N	iOS	\N	\N	\N	2022-10-13 20:41:07.287144+00	2022-10-13 20:41:07.287144+00	\N	\N	\N	\N
134	018385ae-3f64-6e9e-8681-da7df3db7532	0183d314-4fcb-6985-d25e-2aa9029d32bf	SESSION	JOINED SESSION	1	Mac	Chrome	105.0.0.0	Mac OS	10.15.7	\N	\N	2022-10-13 20:41:11.707769+00	2022-10-13 20:41:11.707769+00	\N	\N	\N	\N
135	018385ae-4029-0209-e4b1-fd8f2f7f5514	0183d314-4fcb-6985-d25e-2aa9029d32bf	SESSION	ENDED SESSION	1	Unknown	\N	\N	iOS	\N	\N	\N	2022-10-13 20:41:23.242324+00	2022-10-13 20:41:23.242324+00	\N	\N	\N	\N
136	018385ae-4029-0209-e4b1-fd8f2f7f5514	0183d31b-e21e-490f-3f9b-1b98f3743805	SESSION	REQUESTED SESSION	1	Unknown	\N	\N	iOS	\N	\N	\N	2022-10-13 20:49:23.506186+00	2022-10-13 20:49:23.506186+00	\N	\N	\N	\N
137	018385ae-3f64-6e9e-8681-da7df3db7532	0183d31b-e21e-490f-3f9b-1b98f3743805	SESSION	JOINED SESSION	1	Mac	Chrome	105.0.0.0	Mac OS	10.15.7	\N	\N	2022-10-13 20:49:29.814712+00	2022-10-13 20:49:29.814712+00	\N	\N	\N	\N
138	018385ae-3f64-6e9e-8681-da7df3db7532	0183d31b-e21e-490f-3f9b-1b98f3743805	SESSION	ENDED SESSION	1	Mac	Chrome	105.0.0.0	Mac OS	10.15.7	\N	\N	2022-10-13 20:49:43.83881+00	2022-10-13 20:49:43.83881+00	\N	\N	\N	\N
139	018385ae-4029-0209-e4b1-fd8f2f7f5514	0183d326-e1d2-0dd4-1585-59c8f0c75bbf	SESSION	REQUESTED SESSION	1	Unknown	\N	\N	iOS	\N	\N	\N	2022-10-13 21:01:24.327184+00	2022-10-13 21:01:24.327184+00	\N	\N	\N	\N
140	018385ae-3f64-6e9e-8681-da7df3db7532	0183d326-e1d2-0dd4-1585-59c8f0c75bbf	SESSION	JOINED SESSION	1	Mac	Chrome	105.0.0.0	Mac OS	10.15.7	\N	\N	2022-10-13 21:01:29.832674+00	2022-10-13 21:01:29.832674+00	\N	\N	\N	\N
141	018385ae-4029-0209-e4b1-fd8f2f7f5514	0183d326-e1d2-0dd4-1585-59c8f0c75bbf	SESSION	ENDED SESSION	1	Unknown	\N	\N	iOS	\N	\N	\N	2022-10-13 21:01:58.671514+00	2022-10-13 21:01:58.671514+00	\N	\N	\N	\N
142	018385ae-4029-0209-e4b1-fd8f2f7f5514	0183d748-fc00-0acc-eda5-19fae250c7b2	SESSION	REQUESTED SESSION	1	Unknown	\N	\N	iOS	\N	\N	\N	2022-10-14 16:17:08.118516+00	2022-10-14 16:17:08.118516+00	\N	\N	\N	\N
143	018385ae-3f64-6e9e-8681-da7df3db7532	0183d748-fc00-0acc-eda5-19fae250c7b2	SESSION	JOINED SESSION	1	Mac	Chrome	105.0.0.0	Mac OS	10.15.7	\N	\N	2022-10-14 16:17:10.80225+00	2022-10-14 16:17:10.80225+00	\N	\N	\N	\N
144	018385ae-3f64-6e9e-8681-da7df3db7532	0183d748-fc00-0acc-eda5-19fae250c7b2	SESSION	ENDED SESSION	1	Mac	Chrome	105.0.0.0	Mac OS	10.15.7	\N	\N	2022-10-14 16:17:23.483658+00	2022-10-14 16:17:23.483658+00	\N	\N	\N	\N
145	018385ae-4029-0209-e4b1-fd8f2f7f5514	0183d750-3dcd-b240-ebd8-6ae6b7f534cd	SESSION	REQUESTED SESSION	1	Unknown	\N	\N	iOS	\N	\N	\N	2022-10-14 16:25:03.729392+00	2022-10-14 16:25:03.729392+00	\N	\N	\N	\N
146	018385ae-3f64-6e9e-8681-da7df3db7532	0183d750-3dcd-b240-ebd8-6ae6b7f534cd	SESSION	JOINED SESSION	1	Mac	Chrome	105.0.0.0	Mac OS	10.15.7	\N	\N	2022-10-14 16:25:13.522988+00	2022-10-14 16:25:13.522988+00	\N	\N	\N	\N
147	018385ae-3f64-6e9e-8681-da7df3db7532	0183d750-3dcd-b240-ebd8-6ae6b7f534cd	SESSION	ENDED SESSION	1	Mac	Chrome	105.0.0.0	Mac OS	10.15.7	\N	\N	2022-10-14 16:25:31.085601+00	2022-10-14 16:25:31.085601+00	\N	\N	\N	\N
148	018385ae-4029-0209-e4b1-fd8f2f7f5514	0183d76b-c226-7f84-c4de-b2810c1c0908	SESSION	REQUESTED SESSION	1	Unknown	\N	\N	iOS	\N	\N	\N	2022-10-14 16:55:07.082591+00	2022-10-14 16:55:07.082591+00	\N	\N	\N	\N
149	018385ae-3f64-6e9e-8681-da7df3db7532	0183d76b-c226-7f84-c4de-b2810c1c0908	SESSION	JOINED SESSION	1	Mac	Chrome	105.0.0.0	Mac OS	10.15.7	\N	\N	2022-10-14 17:14:42.996364+00	2022-10-14 17:14:42.996364+00	\N	\N	\N	\N
150	018385ae-3f64-6e9e-8681-da7df3db7532	0183d76b-c226-7f84-c4de-b2810c1c0908	SESSION	ENDED SESSION	1	Mac	Chrome	105.0.0.0	Mac OS	10.15.7	\N	\N	2022-10-14 17:15:13.731643+00	2022-10-14 17:15:13.731643+00	\N	\N	\N	\N
151	018385ae-4029-0209-e4b1-fd8f2f7f5514	0183d78f-8453-dfb5-10c3-92476a34d4b7	SESSION	REQUESTED SESSION	1	Unknown	\N	\N	iOS	\N	\N	\N	2022-10-14 17:34:10.552148+00	2022-10-14 17:34:10.552148+00	\N	\N	\N	\N
152	018385ae-3f64-6e9e-8681-da7df3db7532	0183d78f-8453-dfb5-10c3-92476a34d4b7	SESSION	JOINED SESSION	1	Mac	Chrome	105.0.0.0	Mac OS	10.15.7	\N	\N	2022-10-14 17:34:14.839742+00	2022-10-14 17:34:14.839742+00	\N	\N	\N	\N
153	018385ae-3f64-6e9e-8681-da7df3db7532	0183d78f-8453-dfb5-10c3-92476a34d4b7	SESSION	ENDED SESSION	1	Mac	Chrome	105.0.0.0	Mac OS	10.15.7	\N	\N	2022-10-14 17:34:30.492374+00	2022-10-14 17:34:30.492374+00	\N	\N	\N	\N
154	018385ae-4029-0209-e4b1-fd8f2f7f5514	0183d855-21eb-7782-526a-b3af08c08cab	SESSION	REQUESTED SESSION	1	Unknown	\N	\N	iOS	\N	\N	\N	2022-10-14 21:10:01.514704+00	2022-10-14 21:10:01.514704+00	\N	\N	\N	\N
155	018385ae-3f64-6e9e-8681-da7df3db7532	0183d855-21eb-7782-526a-b3af08c08cab	SESSION	JOINED SESSION	1	Mac	Chrome	105.0.0.0	Mac OS	10.15.7	\N	\N	2022-10-14 21:10:05.376259+00	2022-10-14 21:10:05.376259+00	\N	\N	\N	\N
156	018385ae-4029-0209-e4b1-fd8f2f7f5514	0183d855-21eb-7782-526a-b3af08c08cab	SESSION	ENDED SESSION	1	Unknown	\N	\N	iOS	\N	\N	\N	2022-10-14 21:10:15.531819+00	2022-10-14 21:10:15.531819+00	\N	\N	\N	\N
157	018385ae-4029-0209-e4b1-fd8f2f7f5514	0183d85b-6e48-0ef8-6814-e2bc21b147ec	SESSION	REQUESTED SESSION	1	Unknown	\N	\N	iOS	\N	\N	\N	2022-10-14 21:16:54.230564+00	2022-10-14 21:16:54.230564+00	\N	\N	\N	\N
158	018385ae-3f64-6e9e-8681-da7df3db7532	0183d85b-6e48-0ef8-6814-e2bc21b147ec	SESSION	JOINED SESSION	1	Mac	Chrome	105.0.0.0	Mac OS	10.15.7	\N	\N	2022-10-14 21:16:56.912524+00	2022-10-14 21:16:56.912524+00	\N	\N	\N	\N
159	018385ae-4029-0209-e4b1-fd8f2f7f5514	0183d85b-6e48-0ef8-6814-e2bc21b147ec	SESSION	ENDED SESSION	1	Unknown	\N	\N	iOS	\N	\N	\N	2022-10-14 21:17:22.3467+00	2022-10-14 21:17:22.3467+00	\N	\N	\N	\N
160	018385ae-4029-0209-e4b1-fd8f2f7f5514	0183d861-0cd0-b36b-1c11-b2e3b558e67a	SESSION	REQUESTED SESSION	1	Unknown	\N	\N	iOS	\N	\N	\N	2022-10-14 21:23:02.509503+00	2022-10-14 21:23:02.509503+00	\N	\N	\N	\N
161	018385ae-3f64-6e9e-8681-da7df3db7532	0183d861-0cd0-b36b-1c11-b2e3b558e67a	SESSION	JOINED SESSION	1	Mac	Chrome	105.0.0.0	Mac OS	10.15.7	\N	\N	2022-10-14 21:23:13.816357+00	2022-10-14 21:23:13.816357+00	\N	\N	\N	\N
162	018385ae-3f64-6e9e-8681-da7df3db7532	0183d861-0cd0-b36b-1c11-b2e3b558e67a	SESSION	ENDED SESSION	1	Mac	Chrome	105.0.0.0	Mac OS	10.15.7	\N	\N	2022-10-14 21:26:16.880267+00	2022-10-14 21:26:16.880267+00	\N	\N	\N	\N
163	018385ae-4029-0209-e4b1-fd8f2f7f5514	0183d878-0b3b-e835-e6da-4d23e5279897	SESSION	REQUESTED SESSION	1	Unknown	\N	\N	iOS	\N	\N	\N	2022-10-14 21:48:09.416358+00	2022-10-14 21:48:09.416358+00	\N	\N	\N	\N
164	018385ae-3f64-6e9e-8681-da7df3db7532	0183d878-0b3b-e835-e6da-4d23e5279897	SESSION	JOINED SESSION	1	Mac	Chrome	105.0.0.0	Mac OS	10.15.7	\N	\N	2022-10-14 21:48:11.909648+00	2022-10-14 21:48:11.909648+00	\N	\N	\N	\N
165	018385ae-3f64-6e9e-8681-da7df3db7532	0183d878-0b3b-e835-e6da-4d23e5279897	SESSION	ENDED SESSION	1	Mac	Chrome	105.0.0.0	Mac OS	10.15.7	\N	\N	2022-10-14 21:49:21.610632+00	2022-10-14 21:49:21.610632+00	\N	\N	\N	\N
166	018385ae-4029-0209-e4b1-fd8f2f7f5514	0183e6fb-93ff-00a7-90ce-b51dadd1d3e8	SESSION	REQUESTED SESSION	1	Unknown	\N	\N	iOS	\N	\N	\N	2022-10-17 17:26:30.699795+00	2022-10-17 17:26:30.699795+00	\N	\N	\N	\N
167	018385ae-3f64-6e9e-8681-da7df3db7532	0183e6fb-93ff-00a7-90ce-b51dadd1d3e8	SESSION	JOINED SESSION	1	Mac	Chrome	105.0.0.0	Mac OS	10.15.7	\N	\N	2022-10-17 17:26:38.738645+00	2022-10-17 17:26:38.738645+00	\N	\N	\N	\N
168	018385ae-4029-0209-e4b1-fd8f2f7f5514	0183e6fb-93ff-00a7-90ce-b51dadd1d3e8	SESSION	ENDED SESSION	1	Unknown	\N	\N	iOS	\N	\N	\N	2022-10-17 17:26:59.378805+00	2022-10-17 17:26:59.378805+00	\N	\N	\N	\N
169	018385ae-4029-0209-e4b1-fd8f2f7f5514	0183e701-0bab-3af4-189a-384804837a7d	SESSION	REQUESTED SESSION	1	Unknown	\N	\N	iOS	\N	\N	\N	2022-10-17 17:32:28.996314+00	2022-10-17 17:32:28.996314+00	\N	\N	\N	\N
170	018385ae-3f64-6e9e-8681-da7df3db7532	0183e701-0bab-3af4-189a-384804837a7d	SESSION	JOINED SESSION	1	Mac	Chrome	105.0.0.0	Mac OS	10.15.7	\N	\N	2022-10-17 17:32:38.966197+00	2022-10-17 17:32:38.966197+00	\N	\N	\N	\N
171	018385ae-3f64-6e9e-8681-da7df3db7532	0183e701-0bab-3af4-189a-384804837a7d	SESSION	ENDED SESSION	1	Mac	Chrome	105.0.0.0	Mac OS	10.15.7	\N	\N	2022-10-17 17:32:51.832629+00	2022-10-17 17:32:51.832629+00	\N	\N	\N	\N
172	018385ae-4029-0209-e4b1-fd8f2f7f5514	0183e708-0cd3-416e-445c-76aef8911d44	SESSION	REQUESTED SESSION	1	Unknown	\N	\N	iOS	\N	\N	\N	2022-10-17 17:40:08.03727+00	2022-10-17 17:40:08.03727+00	\N	\N	\N	\N
173	018385ae-3f64-6e9e-8681-da7df3db7532	0183e708-0cd3-416e-445c-76aef8911d44	SESSION	JOINED SESSION	1	Mac	Chrome	105.0.0.0	Mac OS	10.15.7	\N	\N	2022-10-17 17:40:12.170301+00	2022-10-17 17:40:12.170301+00	\N	\N	\N	\N
174	018385ae-4029-0209-e4b1-fd8f2f7f5514	0183e708-0cd3-416e-445c-76aef8911d44	SESSION	ENDED SESSION	1	Unknown	\N	\N	iOS	\N	\N	\N	2022-10-17 17:40:22.290313+00	2022-10-17 17:40:22.290313+00	\N	\N	\N	\N
175	018385ae-4029-0209-e4b1-fd8f2f7f5514	0183e70c-be87-0e0c-032b-6160e68fa00b	SESSION	REQUESTED SESSION	1	Unknown	\N	\N	iOS	\N	\N	\N	2022-10-17 17:45:15.669634+00	2022-10-17 17:45:15.669634+00	\N	\N	\N	\N
176	018385ae-3f64-6e9e-8681-da7df3db7532	0183e70c-be87-0e0c-032b-6160e68fa00b	SESSION	JOINED SESSION	1	Mac	Chrome	105.0.0.0	Mac OS	10.15.7	\N	\N	2022-10-17 17:45:26.967781+00	2022-10-17 17:45:26.967781+00	\N	\N	\N	\N
177	018385ae-3f64-6e9e-8681-da7df3db7532	0183e70c-be87-0e0c-032b-6160e68fa00b	SESSION	ENDED SESSION	1	Mac	Chrome	105.0.0.0	Mac OS	10.15.7	\N	\N	2022-10-17 17:45:39.607915+00	2022-10-17 17:45:39.607915+00	\N	\N	\N	\N
178	018385ae-4029-0209-e4b1-fd8f2f7f5514	0183e712-fffa-ab31-389a-036d851c1d10	SESSION	REQUESTED SESSION	1	Unknown	\N	\N	iOS	\N	\N	\N	2022-10-17 17:52:05.640261+00	2022-10-17 17:52:05.640261+00	\N	\N	\N	\N
179	018385ae-3f64-6e9e-8681-da7df3db7532	0183e712-fffa-ab31-389a-036d851c1d10	SESSION	JOINED SESSION	1	Mac	Chrome	105.0.0.0	Mac OS	10.15.7	\N	\N	2022-10-17 17:52:09.096538+00	2022-10-17 17:52:09.096538+00	\N	\N	\N	\N
180	018385ae-4029-0209-e4b1-fd8f2f7f5514	0183e712-fffa-ab31-389a-036d851c1d10	SESSION	ENDED SESSION	1	Unknown	\N	\N	iOS	\N	\N	\N	2022-10-17 17:52:20.729868+00	2022-10-17 17:52:20.729868+00	\N	\N	\N	\N
181	018385ae-4029-0209-e4b1-fd8f2f7f5514	0183e718-9d28-ea29-50bc-d4b9f376939b	SESSION	REQUESTED SESSION	1	Unknown	\N	\N	iOS	\N	\N	\N	2022-10-17 17:58:13.554244+00	2022-10-17 17:58:13.554244+00	\N	\N	\N	\N
182	018385ae-3f64-6e9e-8681-da7df3db7532	0183e718-9d28-ea29-50bc-d4b9f376939b	SESSION	JOINED SESSION	1	Mac	Chrome	105.0.0.0	Mac OS	10.15.7	\N	\N	2022-10-17 17:58:16.458362+00	2022-10-17 17:58:16.458362+00	\N	\N	\N	\N
183	018385ae-3f64-6e9e-8681-da7df3db7532	0183e718-9d28-ea29-50bc-d4b9f376939b	SESSION	ENDED SESSION	1	Mac	Chrome	105.0.0.0	Mac OS	10.15.7	\N	\N	2022-10-17 17:58:36.563068+00	2022-10-17 17:58:36.563068+00	\N	\N	\N	\N
184	018385ae-4029-0209-e4b1-fd8f2f7f5514	0183e721-d907-62e8-bb20-949638cc1e00	SESSION	REQUESTED SESSION	1	Unknown	\N	\N	iOS	\N	\N	\N	2022-10-17 18:08:18.70119+00	2022-10-17 18:08:18.70119+00	\N	\N	\N	\N
185	018385ae-3f64-6e9e-8681-da7df3db7532	0183e721-d907-62e8-bb20-949638cc1e00	SESSION	JOINED SESSION	1	Mac	Chrome	105.0.0.0	Mac OS	10.15.7	\N	\N	2022-10-17 18:08:30.849605+00	2022-10-17 18:08:30.849605+00	\N	\N	\N	\N
186	018385ae-3f64-6e9e-8681-da7df3db7532	0183e721-d907-62e8-bb20-949638cc1e00	SESSION	ENDED SESSION	1	Mac	Chrome	105.0.0.0	Mac OS	10.15.7	\N	\N	2022-10-17 18:08:42.923066+00	2022-10-17 18:08:42.923066+00	\N	\N	\N	\N
187	018385ae-4029-0209-e4b1-fd8f2f7f5514	0183e744-f866-8342-bafd-205aad014eee	SESSION	REQUESTED SESSION	1	Unknown	\N	\N	iOS	\N	\N	\N	2022-10-17 18:46:40.52256+00	2022-10-17 18:46:40.52256+00	\N	\N	\N	\N
188	018385ae-3f64-6e9e-8681-da7df3db7532	0183e744-f866-8342-bafd-205aad014eee	SESSION	JOINED SESSION	1	Mac	Chrome	105.0.0.0	Mac OS	10.15.7	\N	\N	2022-10-17 18:46:45.76118+00	2022-10-17 18:46:45.76118+00	\N	\N	\N	\N
189	018385ae-4029-0209-e4b1-fd8f2f7f5514	0183e744-f866-8342-bafd-205aad014eee	SESSION	ENDED SESSION	1	Unknown	\N	\N	iOS	\N	\N	\N	2022-10-17 18:47:05.639397+00	2022-10-17 18:47:05.639397+00	\N	\N	\N	\N
190	018385ae-4029-0209-e4b1-fd8f2f7f5514	0183e74d-685b-ca20-befc-05f363d48def	SESSION	REQUESTED SESSION	1	Unknown	\N	\N	iOS	\N	\N	\N	2022-10-17 18:55:53.454317+00	2022-10-17 18:55:53.454317+00	\N	\N	\N	\N
191	018385ae-3f64-6e9e-8681-da7df3db7532	0183e74d-685b-ca20-befc-05f363d48def	SESSION	JOINED SESSION	1	Mac	Chrome	105.0.0.0	Mac OS	10.15.7	\N	\N	2022-10-17 18:56:57.702399+00	2022-10-17 18:56:57.702399+00	\N	\N	\N	\N
192	018385ae-3f64-6e9e-8681-da7df3db7532	0183e74d-685b-ca20-befc-05f363d48def	SESSION	REJOINED SESSION	1	Mac	Chrome	105.0.0.0	Mac OS	10.15.7	\N	\N	2022-10-17 18:57:00.996787+00	2022-10-17 18:57:00.996787+00	\N	\N	\N	\N
193	018385ae-4029-0209-e4b1-fd8f2f7f5514	0183e74d-685b-ca20-befc-05f363d48def	SESSION	ENDED SESSION	1	Unknown	\N	\N	iOS	\N	\N	\N	2022-10-17 18:57:15.015568+00	2022-10-17 18:57:15.015568+00	\N	\N	\N	\N
194	018385ae-4029-0209-e4b1-fd8f2f7f5514	0183e785-bab3-be25-4091-5af11ff97211	SESSION	REQUESTED SESSION	1	Unknown	\N	\N	iOS	\N	\N	\N	2022-10-17 19:57:24.568452+00	2022-10-17 19:57:24.568452+00	\N	\N	\N	\N
195	018385ae-3f64-6e9e-8681-da7df3db7532	0183e785-bab3-be25-4091-5af11ff97211	SESSION	JOINED SESSION	1	Mac	Chrome	105.0.0.0	Mac OS	10.15.7	\N	\N	2022-10-17 19:57:27.876574+00	2022-10-17 19:57:27.876574+00	\N	\N	\N	\N
196	018385ae-3f64-6e9e-8681-da7df3db7532	0183e785-bab3-be25-4091-5af11ff97211	SESSION	ENDED SESSION	1	Mac	Chrome	105.0.0.0	Mac OS	10.15.7	\N	\N	2022-10-17 19:57:46.347306+00	2022-10-17 19:57:46.347306+00	\N	\N	\N	\N
197	018385ae-4029-0209-e4b1-fd8f2f7f5514	0183e7a6-8b3f-7ed2-5f17-ca3a464ecc27	SESSION	REQUESTED SESSION	1	Unknown	\N	\N	iOS	\N	\N	\N	2022-10-17 20:33:15.08915+00	2022-10-17 20:33:15.08915+00	\N	\N	\N	\N
198	018385ae-3f64-6e9e-8681-da7df3db7532	0183e7a6-8b3f-7ed2-5f17-ca3a464ecc27	SESSION	JOINED SESSION	1	Mac	Chrome	105.0.0.0	Mac OS	10.15.7	\N	\N	2022-10-17 20:33:27.026788+00	2022-10-17 20:33:27.026788+00	\N	\N	\N	\N
199	018385ae-3f64-6e9e-8681-da7df3db7532	0183e7a6-8b3f-7ed2-5f17-ca3a464ecc27	SESSION	ENDED SESSION	1	Mac	Chrome	105.0.0.0	Mac OS	10.15.7	\N	\N	2022-10-17 20:33:43.507515+00	2022-10-17 20:33:43.507515+00	\N	\N	\N	\N
200	018385ae-4029-0209-e4b1-fd8f2f7f5514	0183e7ae-9fc5-4645-6cda-a95f1496add6	SESSION	REQUESTED SESSION	1	Unknown	\N	\N	iOS	\N	\N	\N	2022-10-17 20:42:04.628665+00	2022-10-17 20:42:04.628665+00	\N	\N	\N	\N
201	018385ae-3f64-6e9e-8681-da7df3db7532	0183e7ae-9fc5-4645-6cda-a95f1496add6	SESSION	JOINED SESSION	1	Mac	Chrome	105.0.0.0	Mac OS	10.15.7	\N	\N	2022-10-17 20:42:07.731817+00	2022-10-17 20:42:07.731817+00	\N	\N	\N	\N
202	018385ae-3f64-6e9e-8681-da7df3db7532	0183e7ae-9fc5-4645-6cda-a95f1496add6	SESSION	ENDED SESSION	1	Mac	Chrome	105.0.0.0	Mac OS	10.15.7	\N	\N	2022-10-17 20:42:23.832748+00	2022-10-17 20:42:23.832748+00	\N	\N	\N	\N
203	018385ae-4029-0209-e4b1-fd8f2f7f5514	0183e7b4-c7a5-d5ad-3b3c-aee33dcf75b3	SESSION	REQUESTED SESSION	1	Unknown	\N	\N	iOS	\N	\N	\N	2022-10-17 20:48:48.05132+00	2022-10-17 20:48:48.05132+00	\N	\N	\N	\N
204	018385ae-3f64-6e9e-8681-da7df3db7532	0183e7b4-c7a5-d5ad-3b3c-aee33dcf75b3	SESSION	JOINED SESSION	1	Mac	Chrome	105.0.0.0	Mac OS	10.15.7	\N	\N	2022-10-17 20:48:50.357666+00	2022-10-17 20:48:50.357666+00	\N	\N	\N	\N
205	018385ae-3f64-6e9e-8681-da7df3db7532	0183e7b4-c7a5-d5ad-3b3c-aee33dcf75b3	SESSION	ENDED SESSION	1	Mac	Chrome	105.0.0.0	Mac OS	10.15.7	\N	\N	2022-10-17 20:49:14.204734+00	2022-10-17 20:49:14.204734+00	\N	\N	\N	\N
206	018385ae-4029-0209-e4b1-fd8f2f7f5514	0183ec48-3290-5681-8009-14c65b12a60d	SESSION	REQUESTED SESSION	1	Unknown	\N	\N	iOS	\N	\N	\N	2022-10-18 18:08:18.108442+00	2022-10-18 18:08:18.108442+00	\N	\N	\N	\N
207	018385ae-3f64-6e9e-8681-da7df3db7532	0183ec48-3290-5681-8009-14c65b12a60d	SESSION	JOINED SESSION	1	Mac	Chrome	105.0.0.0	Mac OS	10.15.7	\N	\N	2022-10-18 18:08:23.50928+00	2022-10-18 18:08:23.50928+00	\N	\N	\N	\N
208	018385ae-3f64-6e9e-8681-da7df3db7532	0183ec48-3290-5681-8009-14c65b12a60d	SESSION	ENDED SESSION	1	Mac	Chrome	105.0.0.0	Mac OS	10.15.7	\N	\N	2022-10-18 18:08:37.756281+00	2022-10-18 18:08:37.756281+00	\N	\N	\N	\N
209	018385ae-4029-8973-b969-b6b660c58425	0183ec51-de6d-2526-4141-d3c3d34bdecb	SESSION	REQUESTED SESSION	1	Unknown	\N	\N	iOS	\N	\N	\N	2022-10-18 18:18:51.929908+00	2022-10-18 18:18:51.929908+00	\N	\N	\N	\N
210	018385ae-3f64-6e9e-8681-da7df3db7532	0183ec51-de6d-2526-4141-d3c3d34bdecb	SESSION	JOINED SESSION	1	Mac	Chrome	105.0.0.0	Mac OS	10.15.7	\N	\N	2022-10-18 18:19:18.906615+00	2022-10-18 18:19:18.906615+00	\N	\N	\N	\N
211	018385ae-3f64-6e9e-8681-da7df3db7532	0183ec51-de6d-2526-4141-d3c3d34bdecb	SESSION	ENDED SESSION	1	Mac	Chrome	105.0.0.0	Mac OS	10.15.7	\N	\N	2022-10-18 18:19:30.277319+00	2022-10-18 18:19:30.277319+00	\N	\N	\N	\N
212	018385ae-4029-8973-b969-b6b660c58425	0183ec57-a7ed-1e92-9999-f1bc9fff362e	SESSION	REQUESTED SESSION	1	Unknown	\N	\N	iOS	\N	\N	\N	2022-10-18 18:25:11.180861+00	2022-10-18 18:25:11.180861+00	\N	\N	\N	\N
213	018385ae-3f64-6e9e-8681-da7df3db7532	0183ec57-a7ed-1e92-9999-f1bc9fff362e	SESSION	JOINED SESSION	1	Mac	Chrome	105.0.0.0	Mac OS	10.15.7	\N	\N	2022-10-18 18:25:18.806176+00	2022-10-18 18:25:18.806176+00	\N	\N	\N	\N
214	018385ae-4029-8973-b969-b6b660c58425	0183ec57-a7ed-1e92-9999-f1bc9fff362e	SESSION	ENDED SESSION	1	Unknown	\N	\N	iOS	\N	\N	\N	2022-10-18 18:26:44.796267+00	2022-10-18 18:26:44.796267+00	\N	\N	\N	\N
215	018385ae-4029-8973-b969-b6b660c58425	0183ec75-3bc6-b81a-1b91-4cebb3f56e9d	SESSION	REQUESTED SESSION	1	Unknown	\N	\N	iOS	\N	\N	\N	2022-10-18 18:57:29.584897+00	2022-10-18 18:57:29.584897+00	\N	\N	\N	\N
216	018385ae-3f64-6e9e-8681-da7df3db7532	0183ec75-3bc6-b81a-1b91-4cebb3f56e9d	SESSION	JOINED SESSION	1	Mac	Chrome	105.0.0.0	Mac OS	10.15.7	\N	\N	2022-10-18 18:57:31.492946+00	2022-10-18 18:57:31.492946+00	\N	\N	\N	\N
217	018385ae-4029-8973-b969-b6b660c58425	0183ec75-3bc6-b81a-1b91-4cebb3f56e9d	SESSION	ENDED SESSION	1	Unknown	\N	\N	iOS	\N	\N	\N	2022-10-18 19:45:24.903282+00	2022-10-18 19:45:24.903282+00	\N	\N	\N	\N
218	018385ae-4029-8973-b969-b6b660c58425	0183eca1-4c32-3b4c-ad77-a96f3e6befc7	SESSION	REQUESTED SESSION	1	Unknown	\N	\N	iOS	\N	\N	\N	2022-10-18 19:45:37.363729+00	2022-10-18 19:45:37.363729+00	\N	\N	\N	\N
219	018385ae-3f64-6e9e-8681-da7df3db7532	0183eca1-4c32-3b4c-ad77-a96f3e6befc7	SESSION	JOINED SESSION	1	Mac	Chrome	105.0.0.0	Mac OS	10.15.7	\N	\N	2022-10-18 19:45:39.457187+00	2022-10-18 19:45:39.457187+00	\N	\N	\N	\N
220	018385ae-4029-8973-b969-b6b660c58425	0183eca1-4c32-3b4c-ad77-a96f3e6befc7	SESSION	ENDED SESSION	1	Unknown	\N	\N	iOS	\N	\N	\N	2022-10-18 19:45:54.107151+00	2022-10-18 19:45:54.107151+00	\N	\N	\N	\N
221	018385ae-4029-8973-b969-b6b660c58425	0183ecac-d274-a806-390e-18d5c1b324a8	SESSION	REQUESTED SESSION	1	Unknown	\N	\N	iOS	\N	\N	\N	2022-10-18 19:58:12.623731+00	2022-10-18 19:58:12.623731+00	\N	\N	\N	\N
222	018385ae-3f64-6e9e-8681-da7df3db7532	0183ecac-d274-a806-390e-18d5c1b324a8	SESSION	JOINED SESSION	1	Mac	Chrome	105.0.0.0	Mac OS	10.15.7	\N	\N	2022-10-18 19:58:19.21074+00	2022-10-18 19:58:19.21074+00	\N	\N	\N	\N
223	018385ae-4029-8973-b969-b6b660c58425	0183ecac-d274-a806-390e-18d5c1b324a8	SESSION	ENDED SESSION	1	Unknown	\N	\N	iOS	\N	\N	\N	2022-10-18 19:58:31.99319+00	2022-10-18 19:58:31.99319+00	\N	\N	\N	\N
224	018385ae-4029-8973-b969-b6b660c58425	0183ecbe-9962-9a7b-8647-d34c0f240f2f	SESSION	REQUESTED SESSION	1	Unknown	\N	\N	iOS	\N	\N	\N	2022-10-18 20:17:37.656556+00	2022-10-18 20:17:37.656556+00	\N	\N	\N	\N
225	018385ae-3f64-6e9e-8681-da7df3db7532	0183ecbe-9962-9a7b-8647-d34c0f240f2f	SESSION	JOINED SESSION	1	Mac	Chrome	105.0.0.0	Mac OS	10.15.7	\N	\N	2022-10-18 20:17:40.839918+00	2022-10-18 20:17:40.839918+00	\N	\N	\N	\N
226	018385ae-3f64-6e9e-8681-da7df3db7532	0183ecbe-9962-9a7b-8647-d34c0f240f2f	SESSION	ENDED SESSION	1	Mac	Chrome	105.0.0.0	Mac OS	10.15.7	\N	\N	2022-10-18 20:17:52.1843+00	2022-10-18 20:17:52.1843+00	\N	\N	\N	\N
227	018385ae-4029-8973-b969-b6b660c58425	0183eccc-108c-0e06-e7e5-6c3e7922e689	SESSION	REQUESTED SESSION	1	Unknown	\N	\N	iOS	\N	\N	\N	2022-10-18 20:32:20.129489+00	2022-10-18 20:32:20.129489+00	\N	\N	\N	\N
228	018385ae-3f64-6e9e-8681-da7df3db7532	0183eccc-108c-0e06-e7e5-6c3e7922e689	SESSION	JOINED SESSION	1	Mac	Chrome	105.0.0.0	Mac OS	10.15.7	\N	\N	2022-10-18 20:32:23.393864+00	2022-10-18 20:32:23.393864+00	\N	\N	\N	\N
229	018385ae-3f64-6e9e-8681-da7df3db7532	0183eccc-108c-0e06-e7e5-6c3e7922e689	SESSION	ENDED SESSION	1	Mac	Chrome	105.0.0.0	Mac OS	10.15.7	\N	\N	2022-10-18 20:32:45.713261+00	2022-10-18 20:32:45.713261+00	\N	\N	\N	\N
230	018385ae-4029-8973-b969-b6b660c58425	0183ece6-e0b6-08d7-f073-afe9510433de	SESSION	REQUESTED SESSION	1	Unknown	\N	\N	iOS	\N	\N	\N	2022-10-18 21:01:37.361294+00	2022-10-18 21:01:37.361294+00	\N	\N	\N	\N
231	018385ae-3f64-6e9e-8681-da7df3db7532	0183ece6-e0b6-08d7-f073-afe9510433de	SESSION	JOINED SESSION	1	Mac	Chrome	105.0.0.0	Mac OS	10.15.7	\N	\N	2022-10-18 21:01:43.341988+00	2022-10-18 21:01:43.341988+00	\N	\N	\N	\N
232	018385ae-3f64-6e9e-8681-da7df3db7532	0183ece6-e0b6-08d7-f073-afe9510433de	SESSION	ENDED SESSION	1	Mac	Chrome	105.0.0.0	Mac OS	10.15.7	\N	\N	2022-10-18 21:01:52.509681+00	2022-10-18 21:01:52.509681+00	\N	\N	\N	\N
233	018385ae-4029-8973-b969-b6b660c58425	0183ecee-63a3-b8bc-0fef-998be0990b27	SESSION	REQUESTED SESSION	1	Unknown	\N	\N	iOS	\N	\N	\N	2022-10-18 21:09:49.627014+00	2022-10-18 21:09:49.627014+00	\N	\N	\N	\N
234	018385ae-3f64-6e9e-8681-da7df3db7532	0183ecee-63a3-b8bc-0fef-998be0990b27	SESSION	JOINED SESSION	1	Mac	Chrome	105.0.0.0	Mac OS	10.15.7	\N	\N	2022-10-18 21:09:52.639885+00	2022-10-18 21:09:52.639885+00	\N	\N	\N	\N
235	018385ae-4029-8973-b969-b6b660c58425	0183ecee-63a3-b8bc-0fef-998be0990b27	SESSION	ENDED SESSION	1	Unknown	\N	\N	iOS	\N	\N	\N	2022-10-18 21:10:05.130187+00	2022-10-18 21:10:05.130187+00	\N	\N	\N	\N
236	018385ae-4029-8973-b969-b6b660c58425	0183ecee-63a3-b8bc-0fef-998be0990b27	ACCOUNT	VOLUNTEER FAVORITED	\N	\N	\N	\N	\N	\N	\N	\N	2022-10-18 21:11:09.131757+00	2022-10-18 21:11:09.131757+00	\N	\N	018385ae-3f64-6e9e-8681-da7df3db7532	\N
237	018385ae-4029-8973-b969-b6b660c58425	0183f17f-6cac-7613-1f96-18aafcfb6f0d	SESSION	REQUESTED SESSION	1	Unknown	\N	\N	iOS	\N	\N	\N	2022-10-19 18:26:43.556277+00	2022-10-19 18:26:43.556277+00	\N	\N	\N	\N
238	018385ae-4029-8973-b969-b6b660c58425	0183f17f-6cac-7613-1f96-18aafcfb6f0d	SESSION	ENDED SESSION	1	Mac	Chrome	105.0.0.0	Mac OS	10.15.7	\N	\N	2022-10-19 18:26:49.434931+00	2022-10-19 18:26:49.434931+00	\N	\N	\N	\N
239	018385ae-4029-8973-b969-b6b660c58425	0183f185-b333-84e4-a19a-bfdea0dae47f	SESSION	REQUESTED SESSION	1	Unknown	\N	\N	iOS	\N	\N	\N	2022-10-19 18:33:34.808864+00	2022-10-19 18:33:34.808864+00	\N	\N	\N	\N
240	018385ae-3f64-6e9e-8681-da7df3db7532	0183f185-b333-84e4-a19a-bfdea0dae47f	SESSION	JOINED SESSION	1	Mac	Chrome	105.0.0.0	Mac OS	10.15.7	\N	\N	2022-10-19 18:33:37.317087+00	2022-10-19 18:33:37.317087+00	\N	\N	\N	\N
241	018385ae-4029-8973-b969-b6b660c58425	0183f185-b333-84e4-a19a-bfdea0dae47f	SESSION	ENDED SESSION	1	Unknown	\N	\N	iOS	\N	\N	\N	2022-10-19 18:33:47.586097+00	2022-10-19 18:33:47.586097+00	\N	\N	\N	\N
242	018385ae-4029-8973-b969-b6b660c58425	0183f18a-6970-ff8b-e967-bfa7028fa3cb	SESSION	REQUESTED SESSION	1	Unknown	\N	\N	iOS	\N	\N	\N	2022-10-19 18:38:43.574568+00	2022-10-19 18:38:43.574568+00	\N	\N	\N	\N
243	018385ae-3f64-6e9e-8681-da7df3db7532	0183f18a-6970-ff8b-e967-bfa7028fa3cb	SESSION	JOINED SESSION	1	Mac	Chrome	105.0.0.0	Mac OS	10.15.7	\N	\N	2022-10-19 18:38:45.495891+00	2022-10-19 18:38:45.495891+00	\N	\N	\N	\N
244	018385ae-4029-8973-b969-b6b660c58425	0183f18a-6970-ff8b-e967-bfa7028fa3cb	SESSION	ENDED SESSION	1	Unknown	\N	\N	iOS	\N	\N	\N	2022-10-19 18:39:12.810487+00	2022-10-19 18:39:12.810487+00	\N	\N	\N	\N
245	018385ae-4029-8973-b969-b6b660c58425	0183f19b-d9bd-df2b-d24a-ff6327c760c8	SESSION	REQUESTED SESSION	1	Unknown	\N	\N	iOS	\N	\N	\N	2022-10-19 18:57:46.457945+00	2022-10-19 18:57:46.457945+00	\N	\N	\N	\N
246	018385ae-3f64-6e9e-8681-da7df3db7532	0183f19b-d9bd-df2b-d24a-ff6327c760c8	SESSION	JOINED SESSION	1	Mac	Chrome	105.0.0.0	Mac OS	10.15.7	\N	\N	2022-10-19 18:57:48.228698+00	2022-10-19 18:57:48.228698+00	\N	\N	\N	\N
247	018385ae-3f64-6e9e-8681-da7df3db7532	0183f19b-d9bd-df2b-d24a-ff6327c760c8	SESSION	ENDED SESSION	1	Mac	Chrome	105.0.0.0	Mac OS	10.15.7	\N	\N	2022-10-19 18:58:45.855416+00	2022-10-19 18:58:45.855416+00	\N	\N	\N	\N
248	018385ae-4029-8973-b969-b6b660c58425	0183f1bd-ce42-01a4-0854-b6b67fb6f654	SESSION	REQUESTED SESSION	1	Unknown	\N	\N	iOS	\N	\N	\N	2022-10-19 19:34:51.722876+00	2022-10-19 19:34:51.722876+00	\N	\N	\N	\N
249	018385ae-3f64-6e9e-8681-da7df3db7532	0183f1bd-ce42-01a4-0854-b6b67fb6f654	SESSION	JOINED SESSION	1	Mac	Chrome	105.0.0.0	Mac OS	10.15.7	\N	\N	2022-10-19 19:34:56.140789+00	2022-10-19 19:34:56.140789+00	\N	\N	\N	\N
250	018385ae-4029-8973-b969-b6b660c58425	0183f1bd-ce42-01a4-0854-b6b67fb6f654	SESSION	ENDED SESSION	1	Unknown	\N	\N	iOS	\N	\N	\N	2022-10-19 19:35:07.504108+00	2022-10-19 19:35:07.504108+00	\N	\N	\N	\N
251	018385ae-4029-8973-b969-b6b660c58425	0183f1c5-3e8e-7496-705e-afcc10bd1d04	SESSION	REQUESTED SESSION	1	Unknown	\N	\N	iOS	\N	\N	\N	2022-10-19 19:42:59.244761+00	2022-10-19 19:42:59.244761+00	\N	\N	\N	\N
252	018385ae-3f64-6e9e-8681-da7df3db7532	0183f1c5-3e8e-7496-705e-afcc10bd1d04	SESSION	JOINED SESSION	1	Mac	Chrome	105.0.0.0	Mac OS	10.15.7	\N	\N	2022-10-19 19:43:01.178746+00	2022-10-19 19:43:01.178746+00	\N	\N	\N	\N
253	018385ae-3f64-6e9e-8681-da7df3db7532	0183f1c5-3e8e-7496-705e-afcc10bd1d04	SESSION	ENDED SESSION	1	Mac	Chrome	105.0.0.0	Mac OS	10.15.7	\N	\N	2022-10-19 19:51:12.563232+00	2022-10-19 19:51:12.563232+00	\N	\N	\N	\N
254	018385ae-4029-8973-b969-b6b660c58425	0183f22b-3187-10ea-f033-23a0003ffb0b	SESSION	REQUESTED SESSION	1	Unknown	\N	\N	iOS	\N	\N	\N	2022-10-19 21:34:20.573553+00	2022-10-19 21:34:20.573553+00	\N	\N	\N	\N
255	018385ae-3f64-6e9e-8681-da7df3db7532	0183f22b-3187-10ea-f033-23a0003ffb0b	SESSION	JOINED SESSION	1	Mac	Chrome	105.0.0.0	Mac OS	10.15.7	\N	\N	2022-10-19 21:34:26.066382+00	2022-10-19 21:34:26.066382+00	\N	\N	\N	\N
256	018385ae-3f64-6e9e-8681-da7df3db7532	0183f22b-3187-10ea-f033-23a0003ffb0b	SESSION	ENDED SESSION	1	Mac	Chrome	105.0.0.0	Mac OS	10.15.7	\N	\N	2022-10-19 21:34:41.585227+00	2022-10-19 21:34:41.585227+00	\N	\N	\N	\N
257	018385ae-4029-8973-b969-b6b660c58425	0183f230-a2d7-5dbb-a08d-0de36f60bf45	SESSION	REQUESTED SESSION	1	Unknown	\N	\N	iOS	\N	\N	\N	2022-10-19 21:40:17.28925+00	2022-10-19 21:40:17.28925+00	\N	\N	\N	\N
258	018385ae-3f64-6e9e-8681-da7df3db7532	0183f230-a2d7-5dbb-a08d-0de36f60bf45	SESSION	JOINED SESSION	1	Mac	Chrome	105.0.0.0	Mac OS	10.15.7	\N	\N	2022-10-19 21:40:21.472455+00	2022-10-19 21:40:21.472455+00	\N	\N	\N	\N
259	018385ae-3f64-6e9e-8681-da7df3db7532	0183f230-a2d7-5dbb-a08d-0de36f60bf45	SESSION	ENDED SESSION	1	Mac	Chrome	105.0.0.0	Mac OS	10.15.7	\N	\N	2022-10-19 21:40:31.831354+00	2022-10-19 21:40:31.831354+00	\N	\N	\N	\N
260	018385ae-4029-8973-b969-b6b660c58425	0183f242-aa36-4f33-4021-14dc3be37a6c	SESSION	REQUESTED SESSION	1	Unknown	\N	\N	iOS	\N	\N	\N	2022-10-19 21:59:58.807875+00	2022-10-19 21:59:58.807875+00	\N	\N	\N	\N
261	018385ae-3f64-6e9e-8681-da7df3db7532	0183f242-aa36-4f33-4021-14dc3be37a6c	SESSION	JOINED SESSION	1	Mac	Chrome	105.0.0.0	Mac OS	10.15.7	\N	\N	2022-10-19 22:00:00.897984+00	2022-10-19 22:00:00.897984+00	\N	\N	\N	\N
262	018385ae-4029-8973-b969-b6b660c58425	0183f242-aa36-4f33-4021-14dc3be37a6c	SESSION	ENDED SESSION	1	Unknown	\N	\N	iOS	\N	\N	\N	2022-10-19 22:00:13.777258+00	2022-10-19 22:00:13.777258+00	\N	\N	\N	\N
263	018385ae-4029-8973-b969-b6b660c58425	0183f250-3f0a-a72b-5b85-8883929078a6	SESSION	REQUESTED SESSION	1	Unknown	\N	\N	iOS	\N	\N	\N	2022-10-19 22:14:48.906837+00	2022-10-19 22:14:48.906837+00	\N	\N	\N	\N
264	018385ae-3f64-6e9e-8681-da7df3db7532	0183f250-3f0a-a72b-5b85-8883929078a6	SESSION	JOINED SESSION	1	Mac	Chrome	105.0.0.0	Mac OS	10.15.7	\N	\N	2022-10-19 22:14:52.648758+00	2022-10-19 22:14:52.648758+00	\N	\N	\N	\N
265	018385ae-4029-8973-b969-b6b660c58425	0183f250-3f0a-a72b-5b85-8883929078a6	SESSION	ENDED SESSION	1	Unknown	\N	\N	iOS	\N	\N	\N	2022-10-19 22:15:02.647374+00	2022-10-19 22:15:02.647374+00	\N	\N	\N	\N
266	018385ae-4029-8973-b969-b6b660c58425	0183f256-27ae-1968-7c7a-5c5b2b94327d	SESSION	REQUESTED SESSION	1	Unknown	\N	\N	iOS	\N	\N	\N	2022-10-19 22:21:16.094943+00	2022-10-19 22:21:16.094943+00	\N	\N	\N	\N
267	018385ae-3f64-6e9e-8681-da7df3db7532	0183f256-27ae-1968-7c7a-5c5b2b94327d	SESSION	JOINED SESSION	1	Mac	Chrome	105.0.0.0	Mac OS	10.15.7	\N	\N	2022-10-19 22:21:17.618682+00	2022-10-19 22:21:17.618682+00	\N	\N	\N	\N
268	018385ae-3f64-6e9e-8681-da7df3db7532	0183f256-27ae-1968-7c7a-5c5b2b94327d	SESSION	ENDED SESSION	1	Mac	Chrome	105.0.0.0	Mac OS	10.15.7	\N	\N	2022-10-19 22:21:27.878436+00	2022-10-19 22:21:27.878436+00	\N	\N	\N	\N
269	018385ae-4029-8973-b969-b6b660c58425	0183f657-f0eb-c94b-29df-6d9703e33072	SESSION	REQUESTED SESSION	1	Mac	Chrome	105.0.0.0	Mac OS	10.15.7	\N	\N	2022-10-20 17:01:42.008448+00	2022-10-20 17:01:42.008448+00	\N	\N	\N	\N
270	018385ae-3f64-6e9e-8681-da7df3db7532	0183f657-f0eb-c94b-29df-6d9703e33072	SESSION	JOINED SESSION	1	Mac	Chrome	105.0.0.0	Mac OS	10.15.7	\N	\N	2022-10-20 17:02:05.636639+00	2022-10-20 17:02:05.636639+00	\N	\N	\N	\N
271	018385ae-3f64-6e9e-8681-da7df3db7532	0183f657-f0eb-c94b-29df-6d9703e33072	SESSION	ENDED SESSION	1	Mac	Chrome	105.0.0.0	Mac OS	10.15.7	\N	\N	2022-10-20 17:03:51.9267+00	2022-10-20 17:03:51.9267+00	\N	\N	\N	\N
272	018385ae-4029-8973-b969-b6b660c58425	0183f657-f0eb-c94b-29df-6d9703e33072	ACCOUNT	VOLUNTEER FAVORITED	\N	\N	\N	\N	\N	\N	\N	\N	2022-10-20 17:38:01.045764+00	2022-10-20 17:38:01.045764+00	\N	\N	018385ae-3f64-6e9e-8681-da7df3db7532	\N
273	018385ae-4029-8973-b969-b6b660c58425	0183f694-60db-4afa-41d2-88c7a0917bf8	SESSION	REQUESTED SESSION	1	Mac	Chrome	105.0.0.0	Mac OS	10.15.7	\N	\N	2022-10-20 18:07:42.823269+00	2022-10-20 18:07:42.823269+00	\N	\N	\N	\N
274	018385ae-3f64-6e9e-8681-da7df3db7532	0183f694-60db-4afa-41d2-88c7a0917bf8	SESSION	JOINED SESSION	1	Mac	Chrome	105.0.0.0	Mac OS	10.15.7	\N	\N	2022-10-20 18:07:52.091938+00	2022-10-20 18:07:52.091938+00	\N	\N	\N	\N
275	018385ae-3f64-6e9e-8681-da7df3db7532	0183f694-60db-4afa-41d2-88c7a0917bf8	SESSION	ENDED SESSION	1	Mac	Chrome	105.0.0.0	Mac OS	10.15.7	\N	\N	2022-10-20 18:08:19.433333+00	2022-10-20 18:08:19.433333+00	\N	\N	\N	\N
276	018385ae-4029-8973-b969-b6b660c58425	0183f694-60db-4afa-41d2-88c7a0917bf8	ACCOUNT	VOLUNTEER FAVORITED	\N	\N	\N	\N	\N	\N	\N	\N	2022-10-20 18:28:43.899496+00	2022-10-20 18:28:43.899496+00	\N	\N	018385ae-3f64-6e9e-8681-da7df3db7532	\N
277	018385ae-4029-8973-b969-b6b660c58425	0183f722-2554-c9dc-2582-550d5b5bd305	SESSION	REQUESTED SESSION	1	Unknown	\N	\N	iOS	\N	\N	\N	2022-10-20 20:42:33.731706+00	2022-10-20 20:42:33.731706+00	\N	\N	\N	\N
278	018385ae-3f64-6e9e-8681-da7df3db7532	0183f722-2554-c9dc-2582-550d5b5bd305	SESSION	JOINED SESSION	1	Mac	Chrome	105.0.0.0	Mac OS	10.15.7	\N	\N	2022-10-20 20:42:35.862994+00	2022-10-20 20:42:35.862994+00	\N	\N	\N	\N
279	018385ae-4029-8973-b969-b6b660c58425	0183f722-2554-c9dc-2582-550d5b5bd305	SESSION	ENDED SESSION	1	Unknown	\N	\N	iOS	\N	\N	\N	2022-10-20 20:43:29.529269+00	2022-10-20 20:43:29.529269+00	\N	\N	\N	\N
280	018385ae-4029-8973-b969-b6b660c58425	0183f722-2554-c9dc-2582-550d5b5bd305	ACCOUNT	VOLUNTEER FAVORITED	\N	\N	\N	\N	\N	\N	\N	\N	2022-10-20 20:43:47.492646+00	2022-10-20 20:43:47.492646+00	\N	\N	018385ae-3f64-6e9e-8681-da7df3db7532	\N
281	018385ae-4029-8973-b969-b6b660c58425	0183f727-11e0-d24e-293e-31f72d788d0b	SESSION	REQUESTED SESSION	1	Unknown	\N	\N	iOS	\N	\N	\N	2022-10-20 20:47:56.400854+00	2022-10-20 20:47:56.400854+00	\N	\N	\N	\N
282	018385ae-3f64-6e9e-8681-da7df3db7532	0183f727-11e0-d24e-293e-31f72d788d0b	SESSION	JOINED SESSION	1	Mac	Chrome	105.0.0.0	Mac OS	10.15.7	\N	\N	2022-10-20 20:48:02.278769+00	2022-10-20 20:48:02.278769+00	\N	\N	\N	\N
283	018385ae-3f64-6e9e-8681-da7df3db7532	0183f727-11e0-d24e-293e-31f72d788d0b	SESSION	ENDED SESSION	1	Mac	Chrome	105.0.0.0	Mac OS	10.15.7	\N	\N	2022-10-20 20:48:40.627572+00	2022-10-20 20:48:40.627572+00	\N	\N	\N	\N
284	018385ae-4029-8973-b969-b6b660c58425	01840b35-5182-8121-4f83-9ecdf88b9643	SESSION	REQUESTED SESSION	1	Mac	Chrome	105.0.0.0	Mac OS	10.15.7	\N	\N	2022-10-24 18:15:54.508461+00	2022-10-24 18:15:54.508461+00	\N	\N	\N	\N
285	018385ae-3f64-6e9e-8681-da7df3db7532	01840b35-5182-8121-4f83-9ecdf88b9643	SESSION	JOINED SESSION	1	Mac	Chrome	105.0.0.0	Mac OS	10.15.7	\N	\N	2022-10-24 18:15:59.969201+00	2022-10-24 18:15:59.969201+00	\N	\N	\N	\N
286	018385ae-4029-8973-b969-b6b660c58425	01840b35-5182-8121-4f83-9ecdf88b9643	SESSION	ENDED SESSION	1	Mac	Chrome	105.0.0.0	Mac OS	10.15.7	\N	\N	2022-10-24 18:16:10.112887+00	2022-10-24 18:16:10.112887+00	\N	\N	\N	\N
287	018385ae-4029-8973-b969-b6b660c58425	01840b35-5182-8121-4f83-9ecdf88b9643	ACCOUNT	VOLUNTEER FAVORITED	\N	\N	\N	\N	\N	\N	\N	\N	2022-10-24 18:16:39.568639+00	2022-10-24 18:16:39.568639+00	\N	\N	018385ae-3f64-6e9e-8681-da7df3db7532	\N
288	018385ae-4029-8973-b969-b6b660c58425	01841076-1144-1e52-cafb-9380288c0f0c	SESSION	REQUESTED SESSION	1	Mac	Chrome	105.0.0.0	Mac OS	10.15.7	\N	\N	2022-10-25 18:44:43.989015+00	2022-10-25 18:44:43.989015+00	\N	\N	\N	\N
289	018385ae-3f64-6e9e-8681-da7df3db7532	01841076-1144-1e52-cafb-9380288c0f0c	SESSION	JOINED SESSION	1	Mac	Chrome	105.0.0.0	Mac OS	10.15.7	\N	\N	2022-10-25 18:44:51.042863+00	2022-10-25 18:44:51.042863+00	\N	\N	\N	\N
290	018385ae-3f64-6e9e-8681-da7df3db7532	01841076-1144-1e52-cafb-9380288c0f0c	SESSION	ENDED SESSION	1	Mac	Chrome	105.0.0.0	Mac OS	10.15.7	\N	\N	2022-10-25 18:45:03.629009+00	2022-10-25 18:45:03.629009+00	\N	\N	\N	\N
291	018385ae-4029-8973-b969-b6b660c58425	01841076-1144-1e52-cafb-9380288c0f0c	ACCOUNT	VOLUNTEER FAVORITED	\N	\N	\N	\N	\N	\N	\N	\N	2022-10-25 18:45:17.262343+00	2022-10-25 18:45:17.262343+00	\N	\N	018385ae-3f64-6e9e-8681-da7df3db7532	\N
\.


--
-- Data for Name: user_product_flags; Type: TABLE DATA; Schema: upchieve; Owner: admin
--

COPY upchieve.user_product_flags (user_id, sent_ready_to_coach_email, sent_hour_summary_intro_email, sent_inactive_thirty_day_email, sent_inactive_sixty_day_email, sent_inactive_ninety_day_email, gates_qualified, created_at, updated_at, in_gates_study) FROM stdin;
\.


--
-- Data for Name: user_session_metrics; Type: TABLE DATA; Schema: upchieve; Owner: admin
--

COPY upchieve.user_session_metrics (user_id, absent_student, absent_volunteer, low_session_rating_from_coach, low_session_rating_from_student, low_coach_rating_from_student, reported, only_looking_for_answers, rude_or_inappropriate, comment_from_student, comment_from_volunteer, has_been_unmatched, has_had_technical_issues, created_at, updated_at, personal_identifying_info, graded_assignment, coach_uncomfortable, student_crisis) FROM stdin;
018385ae-3f64-10f6-4df2-d0ac1cdc59de	0	0	0	0	0	0	0	0	0	0	0	0	2022-09-28 19:58:52.778167+00	2022-09-28 19:58:52.778167+00	0	0	0	0
018385ae-3f64-51af-d6a8-68f335fc6206	0	0	0	0	0	0	0	0	0	0	0	0	2022-09-28 19:58:52.783394+00	2022-09-28 19:58:52.783394+00	0	0	0	0
018385ae-3f64-ae8b-6888-40cfe1620ccd	0	0	0	0	0	0	0	0	0	0	0	0	2022-09-28 19:58:52.786199+00	2022-09-28 19:58:52.786199+00	0	0	0	0
018385ae-3f64-7f4f-e491-26f2d51fb85c	0	0	0	0	0	0	0	0	0	0	0	0	2022-09-28 19:58:52.788572+00	2022-09-28 19:58:52.788572+00	0	0	0	0
018385ae-3f64-9adc-011e-c78d30991b66	0	0	0	0	0	0	0	0	0	0	0	0	2022-09-28 19:58:52.791002+00	2022-09-28 19:58:52.791002+00	0	0	0	0
018385ae-4029-e44f-9738-b2ee9f21e55b	0	0	0	0	0	0	0	0	0	0	0	0	2022-09-28 19:58:52.97618+00	2022-09-28 19:58:52.97618+00	0	0	0	0
018385ae-4029-0209-e4b1-fd8f2f7f5514	0	0	0	2	2	0	0	0	0	0	0	0	2022-09-28 19:58:52.973853+00	2022-10-18 18:09:40.846885+00	0	0	0	0
018385ae-3f64-6e9e-8681-da7df3db7532	0	0	9	14	13	0	4	3	0	0	0	5	2022-09-28 19:58:52.781095+00	2022-10-25 18:45:36.464701+00	3	3	0	3
018385ae-4029-8973-b969-b6b660c58425	0	0	9	12	11	0	4	3	0	0	2	5	2022-09-28 19:58:52.971387+00	2022-10-25 18:45:36.465647+00	3	3	0	3
\.


--
-- Data for Name: users_certifications; Type: TABLE DATA; Schema: upchieve; Owner: admin
--

COPY upchieve.users_certifications (user_id, certification_id, created_at, updated_at) FROM stdin;
018385ae-3f64-10f6-4df2-d0ac1cdc59de	1	2022-09-28 19:58:52.80278+00	2022-09-28 19:58:52.80278+00
018385ae-3f64-10f6-4df2-d0ac1cdc59de	16	2022-09-28 19:58:52.807206+00	2022-09-28 19:58:52.807206+00
018385ae-3f64-10f6-4df2-d0ac1cdc59de	17	2022-09-28 19:58:52.810044+00	2022-09-28 19:58:52.810044+00
018385ae-3f64-10f6-4df2-d0ac1cdc59de	11	2022-09-28 19:58:52.812393+00	2022-09-28 19:58:52.812393+00
018385ae-3f64-10f6-4df2-d0ac1cdc59de	4	2022-09-28 19:58:52.815296+00	2022-09-28 19:58:52.815296+00
018385ae-3f64-10f6-4df2-d0ac1cdc59de	20	2022-09-28 19:58:52.818008+00	2022-09-28 19:58:52.818008+00
018385ae-3f64-10f6-4df2-d0ac1cdc59de	5	2022-09-28 19:58:52.820783+00	2022-09-28 19:58:52.820783+00
018385ae-3f64-10f6-4df2-d0ac1cdc59de	9	2022-09-28 19:58:52.823781+00	2022-09-28 19:58:52.823781+00
018385ae-3f64-10f6-4df2-d0ac1cdc59de	3	2022-09-28 19:58:52.826853+00	2022-09-28 19:58:52.826853+00
018385ae-3f64-10f6-4df2-d0ac1cdc59de	6	2022-09-28 19:58:52.82974+00	2022-09-28 19:58:52.82974+00
018385ae-3f64-10f6-4df2-d0ac1cdc59de	19	2022-09-28 19:58:52.832713+00	2022-09-28 19:58:52.832713+00
018385ae-3f64-10f6-4df2-d0ac1cdc59de	18	2022-09-28 19:58:52.835429+00	2022-09-28 19:58:52.835429+00
018385ae-3f64-10f6-4df2-d0ac1cdc59de	15	2022-09-28 19:58:52.838478+00	2022-09-28 19:58:52.838478+00
018385ae-3f64-6e9e-8681-da7df3db7532	1	2022-09-28 19:58:52.840921+00	2022-09-28 19:58:52.840921+00
018385ae-3f64-6e9e-8681-da7df3db7532	12	2022-09-28 19:58:52.843434+00	2022-09-28 19:58:52.843434+00
018385ae-3f64-6e9e-8681-da7df3db7532	23	2022-09-28 19:58:52.846352+00	2022-09-28 19:58:52.846352+00
018385ae-3f64-6e9e-8681-da7df3db7532	16	2022-09-28 19:58:52.84888+00	2022-09-28 19:58:52.84888+00
018385ae-3f64-6e9e-8681-da7df3db7532	17	2022-09-28 19:58:52.851677+00	2022-09-28 19:58:52.851677+00
018385ae-3f64-6e9e-8681-da7df3db7532	10	2022-09-28 19:58:52.854378+00	2022-09-28 19:58:52.854378+00
018385ae-3f64-6e9e-8681-da7df3db7532	4	2022-09-28 19:58:52.856962+00	2022-09-28 19:58:52.856962+00
018385ae-3f64-6e9e-8681-da7df3db7532	20	2022-09-28 19:58:52.859296+00	2022-09-28 19:58:52.859296+00
018385ae-3f64-6e9e-8681-da7df3db7532	5	2022-09-28 19:58:52.86183+00	2022-09-28 19:58:52.86183+00
018385ae-3f64-6e9e-8681-da7df3db7532	9	2022-09-28 19:58:52.864349+00	2022-09-28 19:58:52.864349+00
018385ae-3f64-6e9e-8681-da7df3db7532	3	2022-09-28 19:58:52.866954+00	2022-09-28 19:58:52.866954+00
018385ae-3f64-6e9e-8681-da7df3db7532	6	2022-09-28 19:58:52.869488+00	2022-09-28 19:58:52.869488+00
018385ae-3f64-6e9e-8681-da7df3db7532	11	2022-09-28 19:58:52.87537+00	2022-09-28 19:58:52.87537+00
018385ae-3f64-6e9e-8681-da7df3db7532	19	2022-09-28 19:58:52.878027+00	2022-09-28 19:58:52.878027+00
018385ae-3f64-6e9e-8681-da7df3db7532	18	2022-09-28 19:58:52.880513+00	2022-09-28 19:58:52.880513+00
018385ae-3f64-51af-d6a8-68f335fc6206	1	2022-09-28 19:58:52.882945+00	2022-09-28 19:58:52.882945+00
018385ae-3f64-51af-d6a8-68f335fc6206	16	2022-09-28 19:58:52.885712+00	2022-09-28 19:58:52.885712+00
018385ae-3f64-51af-d6a8-68f335fc6206	17	2022-09-28 19:58:52.888222+00	2022-09-28 19:58:52.888222+00
018385ae-3f64-51af-d6a8-68f335fc6206	10	2022-09-28 19:58:52.891433+00	2022-09-28 19:58:52.891433+00
018385ae-3f64-51af-d6a8-68f335fc6206	4	2022-09-28 19:58:52.893931+00	2022-09-28 19:58:52.893931+00
018385ae-3f64-51af-d6a8-68f335fc6206	20	2022-09-28 19:58:52.896453+00	2022-09-28 19:58:52.896453+00
018385ae-3f64-51af-d6a8-68f335fc6206	5	2022-09-28 19:58:52.899009+00	2022-09-28 19:58:52.899009+00
018385ae-3f64-51af-d6a8-68f335fc6206	9	2022-09-28 19:58:52.901669+00	2022-09-28 19:58:52.901669+00
018385ae-3f64-51af-d6a8-68f335fc6206	3	2022-09-28 19:58:52.906309+00	2022-09-28 19:58:52.906309+00
018385ae-3f64-51af-d6a8-68f335fc6206	6	2022-09-28 19:58:52.909085+00	2022-09-28 19:58:52.909085+00
018385ae-3f64-51af-d6a8-68f335fc6206	11	2022-09-28 19:58:52.91187+00	2022-09-28 19:58:52.91187+00
018385ae-3f64-51af-d6a8-68f335fc6206	19	2022-09-28 19:58:52.91457+00	2022-09-28 19:58:52.91457+00
018385ae-3f64-51af-d6a8-68f335fc6206	18	2022-09-28 19:58:52.917433+00	2022-09-28 19:58:52.917433+00
\.


--
-- Data for Name: users_ip_addresses; Type: TABLE DATA; Schema: upchieve; Owner: admin
--

COPY upchieve.users_ip_addresses (id, ip_address_id, user_id, created_at, updated_at) FROM stdin;
\.


--
-- Data for Name: users_quizzes; Type: TABLE DATA; Schema: upchieve; Owner: admin
--

COPY upchieve.users_quizzes (user_id, quiz_id, attempts, passed, created_at, updated_at) FROM stdin;
018385ae-3f64-10f6-4df2-d0ac1cdc59de	1	1	t	2022-09-28 19:58:52.920068+00	2022-09-28 19:58:52.920068+00
018385ae-3f64-10f6-4df2-d0ac1cdc59de	16	1	t	2022-09-28 19:58:52.921471+00	2022-09-28 19:58:52.921471+00
018385ae-3f64-10f6-4df2-d0ac1cdc59de	17	1	t	2022-09-28 19:58:52.92262+00	2022-09-28 19:58:52.92262+00
018385ae-3f64-10f6-4df2-d0ac1cdc59de	10	1	t	2022-09-28 19:58:52.923695+00	2022-09-28 19:58:52.923695+00
018385ae-3f64-10f6-4df2-d0ac1cdc59de	4	1	t	2022-09-28 19:58:52.924834+00	2022-09-28 19:58:52.924834+00
018385ae-3f64-10f6-4df2-d0ac1cdc59de	20	1	t	2022-09-28 19:58:52.925967+00	2022-09-28 19:58:52.925967+00
018385ae-3f64-10f6-4df2-d0ac1cdc59de	5	1	t	2022-09-28 19:58:52.927104+00	2022-09-28 19:58:52.927104+00
018385ae-3f64-10f6-4df2-d0ac1cdc59de	9	1	t	2022-09-28 19:58:52.928197+00	2022-09-28 19:58:52.928197+00
018385ae-3f64-10f6-4df2-d0ac1cdc59de	3	1	t	2022-09-28 19:58:52.92937+00	2022-09-28 19:58:52.92937+00
018385ae-3f64-10f6-4df2-d0ac1cdc59de	6	1	t	2022-09-28 19:58:52.93044+00	2022-09-28 19:58:52.93044+00
018385ae-3f64-10f6-4df2-d0ac1cdc59de	11	1	t	2022-09-28 19:58:52.931724+00	2022-09-28 19:58:52.931724+00
018385ae-3f64-10f6-4df2-d0ac1cdc59de	19	1	t	2022-09-28 19:58:52.932876+00	2022-09-28 19:58:52.932876+00
018385ae-3f64-10f6-4df2-d0ac1cdc59de	18	1	t	2022-09-28 19:58:52.934078+00	2022-09-28 19:58:52.934078+00
018385ae-3f64-10f6-4df2-d0ac1cdc59de	15	1	t	2022-09-28 19:58:52.935208+00	2022-09-28 19:58:52.935208+00
018385ae-3f64-10f6-4df2-d0ac1cdc59de	23	1	t	2022-09-28 19:58:52.936256+00	2022-09-28 19:58:52.936256+00
018385ae-3f64-10f6-4df2-d0ac1cdc59de	22	1	t	2022-09-28 19:58:52.937327+00	2022-09-28 19:58:52.937327+00
018385ae-3f64-10f6-4df2-d0ac1cdc59de	25	1	t	2022-09-28 19:58:52.938357+00	2022-09-28 19:58:52.938357+00
018385ae-3f64-10f6-4df2-d0ac1cdc59de	12	1	t	2022-09-28 19:58:52.93934+00	2022-09-28 19:58:52.93934+00
018385ae-3f64-6e9e-8681-da7df3db7532	1	1	t	2022-09-28 19:58:52.940307+00	2022-09-28 19:58:52.940307+00
018385ae-3f64-6e9e-8681-da7df3db7532	16	1	t	2022-09-28 19:58:52.941517+00	2022-09-28 19:58:52.941517+00
018385ae-3f64-6e9e-8681-da7df3db7532	17	1	t	2022-09-28 19:58:52.942765+00	2022-09-28 19:58:52.942765+00
018385ae-3f64-6e9e-8681-da7df3db7532	10	1	t	2022-09-28 19:58:52.943819+00	2022-09-28 19:58:52.943819+00
018385ae-3f64-6e9e-8681-da7df3db7532	4	1	t	2022-09-28 19:58:52.945004+00	2022-09-28 19:58:52.945004+00
018385ae-3f64-6e9e-8681-da7df3db7532	20	1	t	2022-09-28 19:58:52.94606+00	2022-09-28 19:58:52.94606+00
018385ae-3f64-6e9e-8681-da7df3db7532	5	1	t	2022-09-28 19:58:52.947021+00	2022-09-28 19:58:52.947021+00
018385ae-3f64-6e9e-8681-da7df3db7532	9	1	t	2022-09-28 19:58:52.947937+00	2022-09-28 19:58:52.947937+00
018385ae-3f64-6e9e-8681-da7df3db7532	3	1	t	2022-09-28 19:58:52.948912+00	2022-09-28 19:58:52.948912+00
018385ae-3f64-6e9e-8681-da7df3db7532	6	1	t	2022-09-28 19:58:52.950025+00	2022-09-28 19:58:52.950025+00
018385ae-3f64-6e9e-8681-da7df3db7532	11	1	t	2022-09-28 19:58:52.951034+00	2022-09-28 19:58:52.951034+00
018385ae-3f64-6e9e-8681-da7df3db7532	19	1	t	2022-09-28 19:58:52.952101+00	2022-09-28 19:58:52.952101+00
018385ae-3f64-6e9e-8681-da7df3db7532	18	1	t	2022-09-28 19:58:52.953132+00	2022-09-28 19:58:52.953132+00
018385ae-3f64-51af-d6a8-68f335fc6206	1	1	t	2022-09-28 19:58:52.954244+00	2022-09-28 19:58:52.954244+00
018385ae-3f64-51af-d6a8-68f335fc6206	16	1	t	2022-09-28 19:58:52.955331+00	2022-09-28 19:58:52.955331+00
018385ae-3f64-51af-d6a8-68f335fc6206	17	1	t	2022-09-28 19:58:52.956296+00	2022-09-28 19:58:52.956296+00
018385ae-3f64-51af-d6a8-68f335fc6206	10	1	t	2022-09-28 19:58:52.957258+00	2022-09-28 19:58:52.957258+00
018385ae-3f64-51af-d6a8-68f335fc6206	4	1	t	2022-09-28 19:58:52.95825+00	2022-09-28 19:58:52.95825+00
018385ae-3f64-51af-d6a8-68f335fc6206	20	1	t	2022-09-28 19:58:52.959187+00	2022-09-28 19:58:52.959187+00
018385ae-3f64-51af-d6a8-68f335fc6206	5	1	t	2022-09-28 19:58:52.960285+00	2022-09-28 19:58:52.960285+00
018385ae-3f64-51af-d6a8-68f335fc6206	9	1	t	2022-09-28 19:58:52.961432+00	2022-09-28 19:58:52.961432+00
018385ae-3f64-51af-d6a8-68f335fc6206	3	1	t	2022-09-28 19:58:52.962633+00	2022-09-28 19:58:52.962633+00
018385ae-3f64-51af-d6a8-68f335fc6206	6	1	t	2022-09-28 19:58:52.963695+00	2022-09-28 19:58:52.963695+00
018385ae-3f64-51af-d6a8-68f335fc6206	11	1	t	2022-09-28 19:58:52.964781+00	2022-09-28 19:58:52.964781+00
018385ae-3f64-51af-d6a8-68f335fc6206	19	1	t	2022-09-28 19:58:52.965882+00	2022-09-28 19:58:52.965882+00
018385ae-3f64-51af-d6a8-68f335fc6206	18	1	t	2022-09-28 19:58:52.967025+00	2022-09-28 19:58:52.967025+00
\.


--
-- Data for Name: users_roles; Type: TABLE DATA; Schema: upchieve; Owner: admin
--

COPY upchieve.users_roles (user_id, role_id, created_at, updated_at) FROM stdin;
\.


--
-- Data for Name: users_student_partner_orgs_instances; Type: TABLE DATA; Schema: upchieve; Owner: admin
--

COPY upchieve.users_student_partner_orgs_instances (user_id, student_partner_org_id, student_partner_org_site_id, deactivated_on, created_at, updated_at, student_partner_org_user_id) FROM stdin;
\.


--
-- Data for Name: users_surveys; Type: TABLE DATA; Schema: upchieve; Owner: admin
--

COPY upchieve.users_surveys (id, survey_id, user_id, session_id, survey_type_id, created_at, updated_at) FROM stdin;
01839f1e-cf11-731d-2b4e-d71cc2b5dfbb	1	018385ae-4029-8973-b969-b6b660c58425	01839f1e-cec3-fa14-e756-3eab7a0e2d2f	1	2022-10-03 18:32:19.985293+00	2022-10-03 18:32:19.985293+00
01839f20-dfca-125d-8844-2d2c94f6af25	9	018385ae-3f64-6e9e-8681-da7df3db7532	01839f1e-cec3-fa14-e756-3eab7a0e2d2f	2	2022-10-03 18:34:35.33806+00	2022-10-03 18:34:35.33806+00
01839f21-00e0-3dbf-3105-743b72695656	8	018385ae-4029-8973-b969-b6b660c58425	01839f1e-cec3-fa14-e756-3eab7a0e2d2f	2	2022-10-03 18:34:43.807781+00	2022-10-03 18:34:43.807781+00
0183a905-e5f9-8d15-07ea-e8c367772713	1	018385ae-4029-8973-b969-b6b660c58425	0183a905-e5a5-6f7a-dfbb-8076c5b907e0	1	2022-10-05 16:41:19.609489+00	2022-10-05 16:41:19.609489+00
0183a909-4a02-074b-bdfb-287b76726cbd	1	018385ae-4029-0209-e4b1-fd8f2f7f5514	0183a909-49c3-037f-48f6-a79128ef461b	1	2022-10-05 16:45:01.825946+00	2022-10-05 16:45:01.825946+00
0183a90e-d5dc-5b1e-4804-7546b35e44b1	8	018385ae-4029-0209-e4b1-fd8f2f7f5514	0183a909-49c3-037f-48f6-a79128ef461b	2	2022-10-05 16:51:05.307812+00	2022-10-05 16:51:05.307812+00
0183a932-6e00-c71f-7d07-38952c3a7be2	1	018385ae-4029-8973-b969-b6b660c58425	0183a932-6dc5-e7bd-aa3a-ace4696c00f6	1	2022-10-05 17:29:58.015599+00	2022-10-05 17:29:58.015599+00
0183a933-78f9-a2aa-71b4-ec15b78de28a	9	018385ae-3f64-6e9e-8681-da7df3db7532	0183a932-6dc5-e7bd-aa3a-ace4696c00f6	2	2022-10-05 17:31:06.360886+00	2022-10-05 17:31:06.360886+00
0183a933-c02e-3767-4cda-eba73fabb8e3	9	018385ae-3f64-6e9e-8681-da7df3db7532	0183a932-6dc5-e7bd-aa3a-ace4696c00f6	2	2022-10-05 17:31:24.589898+00	2022-10-05 17:31:24.589898+00
0183a946-3975-b292-9c76-151236d71959	9	018385ae-3f64-6e9e-8681-da7df3db7532	0183a932-6dc5-e7bd-aa3a-ace4696c00f6	2	2022-10-05 17:51:35.284984+00	2022-10-05 17:51:35.284984+00
0183a949-9aaa-3eb1-9de0-f0d1035c2f70	9	018385ae-3f64-6e9e-8681-da7df3db7532	0183a932-6dc5-e7bd-aa3a-ace4696c00f6	2	2022-10-05 17:55:16.777692+00	2022-10-05 17:55:16.777692+00
0183a971-198b-6411-8911-f6f132efd7c1	1	018385ae-4029-8973-b969-b6b660c58425	0183a971-1947-408d-233b-c708ec375f6e	1	2022-10-05 18:38:25.162525+00	2022-10-05 18:38:25.162525+00
0183a975-0461-c0db-05ac-eb75999272c2	8	018385ae-4029-8973-b969-b6b660c58425	0183a971-1947-408d-233b-c708ec375f6e	2	2022-10-05 18:42:41.889313+00	2022-10-05 18:42:41.889313+00
0183a97b-c23f-db1a-5d1c-f83468bda330	9	018385ae-3f64-6e9e-8681-da7df3db7532	0183a971-1947-408d-233b-c708ec375f6e	2	2022-10-05 18:50:03.710595+00	2022-10-05 18:50:03.710595+00
0183adc7-a9d8-dbab-cf97-dbdc334f5730	1	018385ae-4029-0209-e4b1-fd8f2f7f5514	0183adc7-a983-a8e3-38e8-d4da8a35ad86	1	2022-10-06 14:51:27.064387+00	2022-10-06 14:51:27.064387+00
0183adcf-dd9f-0411-ec8f-ae03add0c910	1	018385ae-4029-0209-e4b1-fd8f2f7f5514	0183adcf-dd5a-88c9-5963-c628ad0ae692	1	2022-10-06 15:00:24.606526+00	2022-10-06 15:00:24.606526+00
0183add8-6046-03d8-f1b4-9e98db392ce5	1	018385ae-4029-0209-e4b1-fd8f2f7f5514	0183add8-6023-72c2-7b3a-6527c8fa0d24	1	2022-10-06 15:09:42.341957+00	2022-10-06 15:09:42.341957+00
0183adde-5409-db53-10a2-b55400178f91	1	018385ae-4029-0209-e4b1-fd8f2f7f5514	0183adde-53b4-a73c-bda3-283ac8d20769	1	2022-10-06 15:16:12.424651+00	2022-10-06 15:16:12.424651+00
0183ade3-da2b-656c-02d0-c9df9a1edea4	1	018385ae-4029-0209-e4b1-fd8f2f7f5514	0183ade3-d9dc-944c-ae41-2d98d0cdbaea	1	2022-10-06 15:22:14.442626+00	2022-10-06 15:22:14.442626+00
0183ae70-d4a8-6052-686b-23544b4c5112	1	018385ae-4029-0209-e4b1-fd8f2f7f5514	0183ae70-d41e-aef7-ba2c-b423fe4b2280	1	2022-10-06 17:56:13.607592+00	2022-10-06 17:56:13.607592+00
0183ae75-dd4b-d4ca-1924-ee97263161a0	1	018385ae-4029-0209-e4b1-fd8f2f7f5514	0183ae75-dcbd-13a6-dfc9-6bd7bb2861ab	1	2022-10-06 18:01:43.498772+00	2022-10-06 18:01:43.498772+00
0183aed9-627a-5f77-c136-e54f90c47d83	1	018385ae-4029-0209-e4b1-fd8f2f7f5514	0183aed9-622a-8471-7b6b-84182e44cd74	1	2022-10-06 19:50:25.658187+00	2022-10-06 19:50:25.658187+00
0183aeea-65d3-2bb2-e2af-40f532172ab1	1	018385ae-4029-0209-e4b1-fd8f2f7f5514	0183aeea-65ae-cc92-96d1-4947c9cc940a	1	2022-10-06 20:09:00.627496+00	2022-10-06 20:09:00.627496+00
0183aeef-c392-7ede-ebbe-febde0eca007	1	018385ae-4029-0209-e4b1-fd8f2f7f5514	0183aeef-c342-0a0f-e0aa-e1ed4119b9f3	1	2022-10-06 20:14:52.305707+00	2022-10-06 20:14:52.305707+00
0183aefe-03fb-1ef1-1cba-ae1d403ffe97	1	018385ae-4029-0209-e4b1-fd8f2f7f5514	0183aefe-03a1-e85f-8255-f989676cc185	1	2022-10-06 20:30:26.298702+00	2022-10-06 20:30:26.298702+00
0183af03-49ae-b34f-2088-dd5f6d1c3381	1	018385ae-4029-0209-e4b1-fd8f2f7f5514	0183af03-497c-14d3-25b8-9bb21b1ced87	1	2022-10-06 20:36:11.821793+00	2022-10-06 20:36:11.821793+00
0183af05-53a9-8d1e-0d10-a53fa70df591	1	018385ae-4029-8973-b969-b6b660c58425	0183af05-535a-5a3b-6e8d-1215b56f290d	1	2022-10-06 20:38:25.449293+00	2022-10-06 20:38:25.449293+00
0183af0e-84d0-6ec2-2ab5-a3b860b5c314	1	018385ae-4029-8973-b969-b6b660c58425	0183af0e-847a-25b3-ecc3-e6242a1d0819	1	2022-10-06 20:48:27.855744+00	2022-10-06 20:48:27.855744+00
0183af13-7f2c-f35f-d7f6-226f66024d64	1	018385ae-4029-8973-b969-b6b660c58425	0183af13-7ee3-9de5-0371-99df5665e7a3	1	2022-10-06 20:53:54.092327+00	2022-10-06 20:53:54.092327+00
0183af21-cf70-d249-f0c2-217a35662be1	1	018385ae-4029-8973-b969-b6b660c58425	0183af21-cf1c-5b37-cdd0-a9f8e79dc0a5	1	2022-10-06 21:09:32.143655+00	2022-10-06 21:09:32.143655+00
0183c824-7c78-b8a7-0d75-fbd9bab20549	1	018385ae-4029-8973-b969-b6b660c58425	0183c824-7c1c-78dc-00d7-db85341657bc	1	2022-10-11 17:42:57.911862+00	2022-10-11 17:42:57.911862+00
0183c82a-8a19-f67e-a413-c59d4335d795	1	018385ae-4029-8973-b969-b6b660c58425	0183c82a-895a-16e4-be29-4976cbd8c1e9	1	2022-10-11 17:49:34.616505+00	2022-10-11 17:49:34.616505+00
0183c832-7a21-56ee-7579-7bc26996ce7b	1	018385ae-4029-8973-b969-b6b660c58425	0183c832-7958-fbb7-2a22-bb115ca98e31	1	2022-10-11 17:58:14.817011+00	2022-10-11 17:58:14.817011+00
0183c837-340e-0d84-5b9e-893dc2b01163	1	018385ae-4029-8973-b969-b6b660c58425	0183c837-3363-afce-4844-c75d25720df9	1	2022-10-11 18:03:24.557852+00	2022-10-11 18:03:24.557852+00
0183c83c-6d84-a042-7abb-bb92efe439ee	1	018385ae-4029-8973-b969-b6b660c58425	0183c83c-6cd9-c440-ffbc-2a226fc5f79a	1	2022-10-11 18:09:06.94755+00	2022-10-11 18:09:06.94755+00
0183c844-b42f-df06-4560-41a5e48038e2	1	018385ae-4029-8973-b969-b6b660c58425	0183c844-b39c-5336-4c8c-dba68b299bef	1	2022-10-11 18:18:09.326673+00	2022-10-11 18:18:09.326673+00
0183c84a-603a-8313-09c4-2c60037e5f03	1	018385ae-4029-8973-b969-b6b660c58425	0183c84a-5f8a-8820-57e9-765162bf6e2e	1	2022-10-11 18:24:21.049878+00	2022-10-11 18:24:21.049878+00
0183c84f-6bc2-a9be-bb9c-3fd86c2260f6	1	018385ae-4029-8973-b969-b6b660c58425	0183c84f-6ab8-c171-ff7c-62f87ed982a5	1	2022-10-11 18:29:51.682268+00	2022-10-11 18:29:51.682268+00
0183c852-ef9e-15b5-438f-2f235ac9ecb3	1	018385ae-4029-0209-e4b1-fd8f2f7f5514	0183c852-eeb6-909f-b13a-62668885bdf6	1	2022-10-11 18:33:42.045791+00	2022-10-11 18:33:42.045791+00
0183c872-8e88-5374-39e7-9db2105054df	1	018385ae-4029-0209-e4b1-fd8f2f7f5514	0183c872-8e3d-b762-cdaa-5256b261046c	1	2022-10-11 19:08:14.343517+00	2022-10-11 19:08:14.343517+00
0183c900-3ae4-fd69-eeb1-54316112288e	1	018385ae-4029-0209-e4b1-fd8f2f7f5514	0183c900-3ab7-aff2-26b5-4c9017ceee20	1	2022-10-11 21:42:59.043782+00	2022-10-11 21:42:59.043782+00
0183c90b-484c-18fe-959f-16fa033d7a17	1	018385ae-4029-0209-e4b1-fd8f2f7f5514	0183c90b-47eb-b72a-a52e-e0b1d86b9a17	1	2022-10-11 21:55:03.372473+00	2022-10-11 21:55:03.372473+00
0183c9a3-fa05-4451-d6e6-8c3b8c6df408	1	018385ae-4029-8973-b969-b6b660c58425	0183c9a3-f9be-8f3b-d048-6b25fbf26ca6	1	2022-10-12 00:41:50.341336+00	2022-10-12 00:41:50.341336+00
0183cd6c-4f68-cc38-f103-f2508f04ef28	1	018385ae-4029-8973-b969-b6b660c58425	0183cd6c-4f2f-e5cf-6d32-ce17cd17bba3	1	2022-10-12 18:19:31.048058+00	2022-10-12 18:19:31.048058+00
0183cdcb-2d5c-baf0-7802-4e0afe1c8238	1	018385ae-4029-0209-e4b1-fd8f2f7f5514	0183cdcb-2c77-ab1d-edc9-57039e44d614	1	2022-10-12 20:03:08.251725+00	2022-10-12 20:03:08.251725+00
0183d232-9e64-acf1-f8c3-fa5b948438a8	1	018385ae-4029-8973-b969-b6b660c58425	0183d232-9e20-af1d-c311-ff15306cb90f	1	2022-10-13 16:34:36.259774+00	2022-10-13 16:34:36.259774+00
0183d233-2a7e-104f-1e6a-fe90e03300b4	8	018385ae-4029-8973-b969-b6b660c58425	0183d232-9e20-af1d-c311-ff15306cb90f	2	2022-10-13 16:35:12.125609+00	2022-10-13 16:35:12.125609+00
0183d233-6179-ca4b-e8a0-f8f44f253450	9	018385ae-3f64-6e9e-8681-da7df3db7532	0183d232-9e20-af1d-c311-ff15306cb90f	2	2022-10-13 16:35:26.201217+00	2022-10-13 16:35:26.201217+00
0183d237-688a-9282-f973-86b65ebbf916	1	018385ae-4029-8973-b969-b6b660c58425	0183d237-6841-bd3e-8f05-5f98c79fbb13	1	2022-10-13 16:39:50.154055+00	2022-10-13 16:39:50.154055+00
0183d237-d60c-26b6-8cdf-424195218d8e	9	018385ae-3f64-6e9e-8681-da7df3db7532	0183d237-6841-bd3e-8f05-5f98c79fbb13	2	2022-10-13 16:40:18.187959+00	2022-10-13 16:40:18.187959+00
0183d237-ef28-db83-3f23-cdfa620e85e0	8	018385ae-4029-8973-b969-b6b660c58425	0183d237-6841-bd3e-8f05-5f98c79fbb13	2	2022-10-13 16:40:24.616485+00	2022-10-13 16:40:24.616485+00
0183d2cc-0666-9448-0268-ac82e07bc7ca	1	018385ae-4029-0209-e4b1-fd8f2f7f5514	0183d2cc-05a6-da95-90ef-dcf8253d0c5a	1	2022-10-13 19:22:09.893671+00	2022-10-13 19:22:09.893671+00
0183d2d9-fde2-77c6-a702-edf4d1c7bac2	1	018385ae-4029-0209-e4b1-fd8f2f7f5514	0183d2d9-fd99-b980-bdc1-bebc08302fd5	1	2022-10-13 19:37:25.21812+00	2022-10-13 19:37:25.21812+00
0183d30b-3c95-ff41-7c2b-fb96e56df3f2	1	018385ae-4029-0209-e4b1-fd8f2f7f5514	0183d30b-3bcc-e56d-3504-ef70e6791d89	1	2022-10-13 20:31:12.533218+00	2022-10-13 20:31:12.533218+00
0183d314-4fe9-0bed-a6f2-19ac08c6e632	1	018385ae-4029-0209-e4b1-fd8f2f7f5514	0183d314-4fcb-6985-d25e-2aa9029d32bf	1	2022-10-13 20:41:07.305493+00	2022-10-13 20:41:07.305493+00
0183d31b-e26b-0fa7-53a9-156ee73151b4	1	018385ae-4029-0209-e4b1-fd8f2f7f5514	0183d31b-e21e-490f-3f9b-1b98f3743805	1	2022-10-13 20:49:23.562683+00	2022-10-13 20:49:23.562683+00
0183d326-e26b-a463-8d6b-a703d5e2bfc9	1	018385ae-4029-0209-e4b1-fd8f2f7f5514	0183d326-e1d2-0dd4-1585-59c8f0c75bbf	1	2022-10-13 21:01:24.459254+00	2022-10-13 21:01:24.459254+00
0183d748-fc54-c2ae-6b79-ae3f020dbb93	1	018385ae-4029-0209-e4b1-fd8f2f7f5514	0183d748-fc00-0acc-eda5-19fae250c7b2	1	2022-10-14 16:17:08.180366+00	2022-10-14 16:17:08.180366+00
0183d750-3e80-45fb-0cf0-ed3f57c28520	1	018385ae-4029-0209-e4b1-fd8f2f7f5514	0183d750-3dcd-b240-ebd8-6ae6b7f534cd	1	2022-10-14 16:25:03.871678+00	2022-10-14 16:25:03.871678+00
0183d76b-c2d0-b77d-32da-b35436cd8802	1	018385ae-4029-0209-e4b1-fd8f2f7f5514	0183d76b-c226-7f84-c4de-b2810c1c0908	1	2022-10-14 16:55:07.216159+00	2022-10-14 16:55:07.216159+00
0183d78f-84ff-28b7-0790-e718b18cb4dd	1	018385ae-4029-0209-e4b1-fd8f2f7f5514	0183d78f-8453-dfb5-10c3-92476a34d4b7	1	2022-10-14 17:34:10.686507+00	2022-10-14 17:34:10.686507+00
0183d855-228c-fdfa-06bd-02fdb2e1b05b	1	018385ae-4029-0209-e4b1-fd8f2f7f5514	0183d855-21eb-7782-526a-b3af08c08cab	1	2022-10-14 21:10:01.611584+00	2022-10-14 21:10:01.611584+00
0183d85b-6ed8-7e5e-5957-bb602860cd6d	1	018385ae-4029-0209-e4b1-fd8f2f7f5514	0183d85b-6e48-0ef8-6814-e2bc21b147ec	1	2022-10-14 21:16:54.359704+00	2022-10-14 21:16:54.359704+00
0183d861-0d27-6916-9a22-e87ad0225556	1	018385ae-4029-0209-e4b1-fd8f2f7f5514	0183d861-0cd0-b36b-1c11-b2e3b558e67a	1	2022-10-14 21:23:02.567155+00	2022-10-14 21:23:02.567155+00
0183d878-0b62-2dea-dbd4-53a010ed0ab1	1	018385ae-4029-0209-e4b1-fd8f2f7f5514	0183d878-0b3b-e835-e6da-4d23e5279897	1	2022-10-14 21:48:09.442448+00	2022-10-14 21:48:09.442448+00
0183e6fb-9499-885d-e0a0-0a76f4d3756c	1	018385ae-4029-0209-e4b1-fd8f2f7f5514	0183e6fb-93ff-00a7-90ce-b51dadd1d3e8	1	2022-10-17 17:26:30.808937+00	2022-10-17 17:26:30.808937+00
0183e701-0bf4-3cd9-9280-99060f54ad19	1	018385ae-4029-0209-e4b1-fd8f2f7f5514	0183e701-0bab-3af4-189a-384804837a7d	1	2022-10-17 17:32:29.04381+00	2022-10-17 17:32:29.04381+00
0183e708-0d19-0be3-01e5-e62c5cbcda05	1	018385ae-4029-0209-e4b1-fd8f2f7f5514	0183e708-0cd3-416e-445c-76aef8911d44	1	2022-10-17 17:40:08.088936+00	2022-10-17 17:40:08.088936+00
0183e70c-bedc-8efa-cb58-eb1a1716a27b	1	018385ae-4029-0209-e4b1-fd8f2f7f5514	0183e70c-be87-0e0c-032b-6160e68fa00b	1	2022-10-17 17:45:15.740149+00	2022-10-17 17:45:15.740149+00
0183e713-009f-9dda-4d7f-c7ee1fc57115	1	018385ae-4029-0209-e4b1-fd8f2f7f5514	0183e712-fffa-ab31-389a-036d851c1d10	1	2022-10-17 17:52:05.790811+00	2022-10-17 17:52:05.790811+00
0183e718-9db9-bda3-575c-3fa01d001e45	1	018385ae-4029-0209-e4b1-fd8f2f7f5514	0183e718-9d28-ea29-50bc-d4b9f376939b	1	2022-10-17 17:58:13.688695+00	2022-10-17 17:58:13.688695+00
0183e721-d9a9-649a-8c50-339344a23cbd	1	018385ae-4029-0209-e4b1-fd8f2f7f5514	0183e721-d907-62e8-bb20-949638cc1e00	1	2022-10-17 18:08:18.85745+00	2022-10-17 18:08:18.85745+00
0183e744-f918-808f-336c-f7230aca9eba	1	018385ae-4029-0209-e4b1-fd8f2f7f5514	0183e744-f866-8342-bafd-205aad014eee	1	2022-10-17 18:46:40.66399+00	2022-10-17 18:46:40.66399+00
0183e74d-690b-4cd7-2cca-0d8bb00b9d3d	1	018385ae-4029-0209-e4b1-fd8f2f7f5514	0183e74d-685b-ca20-befc-05f363d48def	1	2022-10-17 18:55:53.610528+00	2022-10-17 18:55:53.610528+00
0183e785-bb5e-02c4-f11e-9e364468e2d2	1	018385ae-4029-0209-e4b1-fd8f2f7f5514	0183e785-bab3-be25-4091-5af11ff97211	1	2022-10-17 19:57:24.701693+00	2022-10-17 19:57:24.701693+00
0183e7a6-8be0-a205-ef53-0587b3de9b61	1	018385ae-4029-0209-e4b1-fd8f2f7f5514	0183e7a6-8b3f-7ed2-5f17-ca3a464ecc27	1	2022-10-17 20:33:15.232115+00	2022-10-17 20:33:15.232115+00
0183e7ae-a065-c739-80b3-0b5dd3ac1bc8	1	018385ae-4029-0209-e4b1-fd8f2f7f5514	0183e7ae-9fc5-4645-6cda-a95f1496add6	1	2022-10-17 20:42:04.773175+00	2022-10-17 20:42:04.773175+00
0183e7b4-c84c-637f-624f-7226edf901e2	1	018385ae-4029-0209-e4b1-fd8f2f7f5514	0183e7b4-c7a5-d5ad-3b3c-aee33dcf75b3	1	2022-10-17 20:48:48.203562+00	2022-10-17 20:48:48.203562+00
0183ec07-fb97-0fb3-0127-a35bd2ef2867	8	018385ae-4029-0209-e4b1-fd8f2f7f5514	0183e7b4-c7a5-d5ad-3b3c-aee33dcf75b3	2	2022-10-18 16:58:09.686739+00	2022-10-18 16:58:09.686739+00
0183ec08-980c-be4e-ad58-b646b5e97093	8	018385ae-4029-0209-e4b1-fd8f2f7f5514	0183e7b4-c7a5-d5ad-3b3c-aee33dcf75b3	2	2022-10-18 16:58:49.740399+00	2022-10-18 16:58:49.740399+00
0183ec48-3344-668b-582e-0c7a73288245	1	018385ae-4029-0209-e4b1-fd8f2f7f5514	0183ec48-3290-5681-8009-14c65b12a60d	1	2022-10-18 18:08:18.24401+00	2022-10-18 18:08:18.24401+00
0183ec48-de3b-6598-c3db-c9b81c42fb13	8	018385ae-4029-0209-e4b1-fd8f2f7f5514	0183ec48-3290-5681-8009-14c65b12a60d	2	2022-10-18 18:09:02.010514+00	2022-10-18 18:09:02.010514+00
0183ec49-75a8-2d19-9a74-7b5994cc75ee	8	018385ae-4029-0209-e4b1-fd8f2f7f5514	0183ec48-3290-5681-8009-14c65b12a60d	2	2022-10-18 18:09:40.775997+00	2022-10-18 18:09:40.775997+00
0183ec51-dec4-bef3-985e-b50987a4ba20	1	018385ae-4029-8973-b969-b6b660c58425	0183ec51-de6d-2526-4141-d3c3d34bdecb	1	2022-10-18 18:18:51.97237+00	2022-10-18 18:18:51.97237+00
0183ec52-abcc-c465-fbc8-2f0366c74acb	8	018385ae-4029-8973-b969-b6b660c58425	0183ec51-de6d-2526-4141-d3c3d34bdecb	2	2022-10-18 18:19:44.460316+00	2022-10-18 18:19:44.460316+00
0183ec57-a861-ec9c-6e72-879aed4ccad9	1	018385ae-4029-8973-b969-b6b660c58425	0183ec57-a7ed-1e92-9999-f1bc9fff362e	1	2022-10-18 18:25:11.264509+00	2022-10-18 18:25:11.264509+00
0183ec75-3c3b-7f6d-afab-8df44e94241b	4	018385ae-4029-8973-b969-b6b660c58425	0183ec75-3bc6-b81a-1b91-4cebb3f56e9d	1	2022-10-18 18:57:29.658769+00	2022-10-18 18:57:29.658769+00
0183eca1-4c76-fd1f-a6aa-e01a1d44cd69	4	018385ae-4029-8973-b969-b6b660c58425	0183eca1-4c32-3b4c-ad77-a96f3e6befc7	1	2022-10-18 19:45:37.397971+00	2022-10-18 19:45:37.397971+00
0183eca7-62a9-d4ef-a9d2-d6553929f9c0	8	018385ae-4029-8973-b969-b6b660c58425	0183eca1-4c32-3b4c-ad77-a96f3e6befc7	2	2022-10-18 19:52:16.296959+00	2022-10-18 19:52:16.296959+00
0183ecac-d2d6-3c19-48d4-85df3ae54039	1	018385ae-4029-8973-b969-b6b660c58425	0183ecac-d274-a806-390e-18d5c1b324a8	1	2022-10-18 19:58:12.693532+00	2022-10-18 19:58:12.693532+00
0183ecbe-59af-08dd-c9dc-a85fab0abb44	8	018385ae-4029-8973-b969-b6b660c58425	0183ecac-d274-a806-390e-18d5c1b324a8	2	2022-10-18 20:17:21.327192+00	2022-10-18 20:17:21.327192+00
0183ecbe-99ad-ba81-9b6d-735c6e870662	1	018385ae-4029-8973-b969-b6b660c58425	0183ecbe-9962-9a7b-8647-d34c0f240f2f	1	2022-10-18 20:17:37.709026+00	2022-10-18 20:17:37.709026+00
0183eccc-10d6-245f-4317-218a78a394da	1	018385ae-4029-8973-b969-b6b660c58425	0183eccc-108c-0e06-e7e5-6c3e7922e689	1	2022-10-18 20:32:20.18192+00	2022-10-18 20:32:20.18192+00
0183ece1-4922-989c-2bb7-835a533b5079	8	018385ae-4029-8973-b969-b6b660c58425	0183eccc-108c-0e06-e7e5-6c3e7922e689	2	2022-10-18 20:55:30.849917+00	2022-10-18 20:55:30.849917+00
0183ece6-e10c-4163-d51d-2b744ccade09	1	018385ae-4029-8973-b969-b6b660c58425	0183ece6-e0b6-08d7-f073-afe9510433de	1	2022-10-18 21:01:37.419525+00	2022-10-18 21:01:37.419525+00
0183ece7-5102-1748-29cf-e9bb2a3f55c4	8	018385ae-4029-8973-b969-b6b660c58425	0183ece6-e0b6-08d7-f073-afe9510433de	2	2022-10-18 21:02:06.081607+00	2022-10-18 21:02:06.081607+00
0183ece7-b4e4-a9b2-0ed8-8d8fcfb4067f	8	018385ae-4029-8973-b969-b6b660c58425	0183ece6-e0b6-08d7-f073-afe9510433de	2	2022-10-18 21:02:31.652206+00	2022-10-18 21:02:31.652206+00
0183ece7-f665-71c6-3e66-7937ca30fc37	8	018385ae-4029-8973-b969-b6b660c58425	0183ece6-e0b6-08d7-f073-afe9510433de	2	2022-10-18 21:02:48.42086+00	2022-10-18 21:02:48.42086+00
0183ecee-6406-16d4-f9b2-efe73822fbd1	1	018385ae-4029-8973-b969-b6b660c58425	0183ecee-63a3-b8bc-0fef-998be0990b27	1	2022-10-18 21:09:49.701714+00	2022-10-18 21:09:49.701714+00
0183ecee-bba1-8d6a-de4d-159943c57952	8	018385ae-4029-8973-b969-b6b660c58425	0183ecee-63a3-b8bc-0fef-998be0990b27	2	2022-10-18 21:10:12.128505+00	2022-10-18 21:10:12.128505+00
0183ecef-9a29-edaa-0e6e-87252dd32945	8	018385ae-4029-8973-b969-b6b660c58425	0183ecee-63a3-b8bc-0fef-998be0990b27	2	2022-10-18 21:11:09.097035+00	2022-10-18 21:11:09.097035+00
0183f17f-6d16-2675-4adf-54dd97897b45	1	018385ae-4029-8973-b969-b6b660c58425	0183f17f-6cac-7613-1f96-18aafcfb6f0d	1	2022-10-19 18:26:43.60576+00	2022-10-19 18:26:43.60576+00
0183f185-b3c6-30bf-111b-a4507fad1f4c	1	018385ae-4029-8973-b969-b6b660c58425	0183f185-b333-84e4-a19a-bfdea0dae47f	1	2022-10-19 18:33:34.918435+00	2022-10-19 18:33:34.918435+00
0183f186-8613-5407-4041-943050d89e5b	8	018385ae-4029-8973-b969-b6b660c58425	0183f185-b333-84e4-a19a-bfdea0dae47f	2	2022-10-19 18:34:28.755402+00	2022-10-19 18:34:28.755402+00
0183f18a-69c0-49f1-14cc-ca64f2703017	1	018385ae-4029-8973-b969-b6b660c58425	0183f18a-6970-ff8b-e967-bfa7028fa3cb	1	2022-10-19 18:38:43.648399+00	2022-10-19 18:38:43.648399+00
0183f19b-ae32-c573-a73a-f83521fd5f65	8	018385ae-4029-8973-b969-b6b660c58425	0183f18a-6970-ff8b-e967-bfa7028fa3cb	2	2022-10-19 18:57:35.282267+00	2022-10-19 18:57:35.282267+00
0183f19b-d9ec-d0ec-d1b0-e57e8bc700bc	1	018385ae-4029-8973-b969-b6b660c58425	0183f19b-d9bd-df2b-d24a-ff6327c760c8	1	2022-10-19 18:57:46.476158+00	2022-10-19 18:57:46.476158+00
0183f1bd-ce77-dfcc-0d5e-8ad1497cf4e3	1	018385ae-4029-8973-b969-b6b660c58425	0183f1bd-ce42-01a4-0854-b6b67fb6f654	1	2022-10-19 19:34:51.766919+00	2022-10-19 19:34:51.766919+00
0183f1c0-8b92-44de-17fa-4061dbd38c19	8	018385ae-4029-8973-b969-b6b660c58425	0183f1bd-ce42-01a4-0854-b6b67fb6f654	2	2022-10-19 19:37:51.249547+00	2022-10-19 19:37:51.249547+00
0183f1c5-3ebf-262d-aaf1-eb57643afd71	1	018385ae-4029-8973-b969-b6b660c58425	0183f1c5-3e8e-7496-705e-afcc10bd1d04	1	2022-10-19 19:42:59.263203+00	2022-10-19 19:42:59.263203+00
0183f22b-31d1-02f7-ee0b-f6b89a775c86	1	018385ae-4029-8973-b969-b6b660c58425	0183f22b-3187-10ea-f033-23a0003ffb0b	1	2022-10-19 21:34:20.625367+00	2022-10-19 21:34:20.625367+00
0183f22c-7386-60f0-6478-85912083ee05	8	018385ae-4029-8973-b969-b6b660c58425	0183f22b-3187-10ea-f033-23a0003ffb0b	2	2022-10-19 21:35:42.98208+00	2022-10-19 21:35:42.98208+00
0183f230-a34c-a6d4-51a9-3b8b07221172	1	018385ae-4029-8973-b969-b6b660c58425	0183f230-a2d7-5dbb-a08d-0de36f60bf45	1	2022-10-19 21:40:17.356072+00	2022-10-19 21:40:17.356072+00
0183f242-aa64-c0c5-6751-cf41cdbd4b2b	1	018385ae-4029-8973-b969-b6b660c58425	0183f242-aa36-4f33-4021-14dc3be37a6c	1	2022-10-19 21:59:58.820195+00	2022-10-19 21:59:58.820195+00
0183f250-3f97-bc01-9a01-993015b88e77	1	018385ae-4029-8973-b969-b6b660c58425	0183f250-3f0a-a72b-5b85-8883929078a6	1	2022-10-19 22:14:48.983013+00	2022-10-19 22:14:48.983013+00
0183f251-6395-1854-5da0-e9d85e9994bb	8	018385ae-4029-8973-b969-b6b660c58425	0183f250-3f0a-a72b-5b85-8883929078a6	2	2022-10-19 22:16:03.733006+00	2022-10-19 22:16:03.733006+00
0183f256-2805-fbb6-4c30-f627fd5041fc	1	018385ae-4029-8973-b969-b6b660c58425	0183f256-27ae-1968-7c7a-5c5b2b94327d	1	2022-10-19 22:21:16.164679+00	2022-10-19 22:21:16.164679+00
0183f259-3f22-0472-bff8-8a58cd5278fd	8	018385ae-4029-8973-b969-b6b660c58425	0183f256-27ae-1968-7c7a-5c5b2b94327d	2	2022-10-19 22:24:38.690227+00	2022-10-19 22:24:38.690227+00
0183f657-f11f-75f3-f01c-086cb3e9aa64	1	018385ae-4029-8973-b969-b6b660c58425	0183f657-f0eb-c94b-29df-6d9703e33072	1	2022-10-20 17:01:42.04749+00	2022-10-20 17:01:42.04749+00
0183f679-30d5-2099-9455-e630deeea2a0	8	018385ae-4029-8973-b969-b6b660c58425	0183f657-f0eb-c94b-29df-6d9703e33072	2	2022-10-20 17:38:01.044859+00	2022-10-20 17:38:01.044859+00
0183f694-6114-2cb8-f9bc-48fd7d8ddee3	1	018385ae-4029-8973-b969-b6b660c58425	0183f694-60db-4afa-41d2-88c7a0917bf8	1	2022-10-20 18:07:42.867678+00	2022-10-20 18:07:42.867678+00
0183f6a7-9f0b-b7c3-cc00-8e4b54b73d74	8	018385ae-4029-8973-b969-b6b660c58425	0183f694-60db-4afa-41d2-88c7a0917bf8	2	2022-10-20 18:28:43.91473+00	2022-10-20 18:28:43.91473+00
0183f6a7-f753-2885-6c35-4c880a1affa8	9	018385ae-3f64-6e9e-8681-da7df3db7532	0183f694-60db-4afa-41d2-88c7a0917bf8	2	2022-10-20 18:29:06.51549+00	2022-10-20 18:29:06.51549+00
0183f722-25d3-5583-b0e3-2016940e4d1d	1	018385ae-4029-8973-b969-b6b660c58425	0183f722-2554-c9dc-2582-550d5b5bd305	1	2022-10-20 20:42:33.811238+00	2022-10-20 20:42:33.811238+00
0183f723-4567-2c69-ebbb-38453c083a98	8	018385ae-4029-8973-b969-b6b660c58425	0183f722-2554-c9dc-2582-550d5b5bd305	2	2022-10-20 20:43:47.430701+00	2022-10-20 20:43:47.430701+00
0183f727-1233-e106-c0d6-85790b41cbcd	1	018385ae-4029-8973-b969-b6b660c58425	0183f727-11e0-d24e-293e-31f72d788d0b	1	2022-10-20 20:47:56.467355+00	2022-10-20 20:47:56.467355+00
01840b35-51b5-9450-ce3b-706e816c20b8	1	018385ae-4029-8973-b969-b6b660c58425	01840b35-5182-8121-4f83-9ecdf88b9643	1	2022-10-24 18:15:54.549459+00	2022-10-24 18:15:54.549459+00
01840b35-e5a4-1351-024c-33bc12ff0083	9	018385ae-3f64-6e9e-8681-da7df3db7532	01840b35-5182-8121-4f83-9ecdf88b9643	2	2022-10-24 18:16:32.419945+00	2022-10-24 18:16:32.419945+00
01840b36-0190-fd47-6bb0-337a93fe4bd4	8	018385ae-4029-8973-b969-b6b660c58425	01840b35-5182-8121-4f83-9ecdf88b9643	2	2022-10-24 18:16:39.567894+00	2022-10-24 18:16:39.567894+00
01841076-117c-8712-21da-c4c07c053ec4	1	018385ae-4029-8973-b969-b6b660c58425	01841076-1144-1e52-cafb-9380288c0f0c	1	2022-10-25 18:44:44.028487+00	2022-10-25 18:44:44.028487+00
01841076-9365-1acb-4b01-2aa022f8668c	8	018385ae-4029-8973-b969-b6b660c58425	01841076-1144-1e52-cafb-9380288c0f0c	2	2022-10-25 18:45:17.284568+00	2022-10-25 18:45:17.284568+00
01841076-dde0-49c8-c924-b35184f713d7	9	018385ae-3f64-6e9e-8681-da7df3db7532	01841076-1144-1e52-cafb-9380288c0f0c	2	2022-10-25 18:45:36.351661+00	2022-10-25 18:45:36.351661+00
\.


--
-- Data for Name: users_surveys_submissions; Type: TABLE DATA; Schema: upchieve; Owner: admin
--

COPY upchieve.users_surveys_submissions (user_survey_id, survey_question_id, survey_response_choice_id, open_response, created_at, updated_at) FROM stdin;
01839f1e-cf11-731d-2b4e-d71cc2b5dfbb	1	3	\N	2022-10-03 18:32:19.984151+00	2022-10-03 18:32:19.984151+00
01839f1e-cf11-731d-2b4e-d71cc2b5dfbb	4	40	\N	2022-10-03 18:32:19.984151+00	2022-10-03 18:32:19.984151+00
01839f1e-cf11-731d-2b4e-d71cc2b5dfbb	5	36	\N	2022-10-03 18:32:19.984151+00	2022-10-03 18:32:19.984151+00
01839f20-dfca-125d-8844-2d2c94f6af25	13	69	\N	2022-10-03 18:34:35.336434+00	2022-10-03 18:34:35.336434+00
01839f20-dfca-125d-8844-2d2c94f6af25	7	68	\N	2022-10-03 18:34:35.336434+00	2022-10-03 18:34:35.336434+00
01839f20-dfca-125d-8844-2d2c94f6af25	14	35	\N	2022-10-03 18:34:35.336434+00	2022-10-03 18:34:35.336434+00
01839f20-dfca-125d-8844-2d2c94f6af25	17	58	\N	2022-10-03 18:34:35.336434+00	2022-10-03 18:34:35.336434+00
01839f20-dfca-125d-8844-2d2c94f6af25	18	72	\N	2022-10-03 18:34:35.336434+00	2022-10-03 18:34:35.336434+00
01839f20-dfca-125d-8844-2d2c94f6af25	18	73	\N	2022-10-03 18:34:35.336434+00	2022-10-03 18:34:35.336434+00
01839f20-dfca-125d-8844-2d2c94f6af25	18	74	\N	2022-10-03 18:34:35.336434+00	2022-10-03 18:34:35.336434+00
01839f20-dfca-125d-8844-2d2c94f6af25	18	75	\N	2022-10-03 18:34:35.336434+00	2022-10-03 18:34:35.336434+00
01839f20-dfca-125d-8844-2d2c94f6af25	18	76	\N	2022-10-03 18:34:35.336434+00	2022-10-03 18:34:35.336434+00
01839f20-dfca-125d-8844-2d2c94f6af25	18	77	\N	2022-10-03 18:34:35.336434+00	2022-10-03 18:34:35.336434+00
01839f21-00e0-3dbf-3105-743b72695656	6	44	\N	2022-10-03 18:34:43.80546+00	2022-10-03 18:34:43.80546+00
01839f21-00e0-3dbf-3105-743b72695656	7	56	\N	2022-10-03 18:34:43.80546+00	2022-10-03 18:34:43.80546+00
01839f21-00e0-3dbf-3105-743b72695656	9	48	\N	2022-10-03 18:34:43.80546+00	2022-10-03 18:34:43.80546+00
01839f21-00e0-3dbf-3105-743b72695656	10	69	\N	2022-10-03 18:34:43.80546+00	2022-10-03 18:34:43.80546+00
01839f21-00e0-3dbf-3105-743b72695656	11	79	aaa	2022-10-03 18:34:43.80546+00	2022-10-03 18:34:43.80546+00
0183a905-e5f9-8d15-07ea-e8c367772713	1	3	\N	2022-10-05 16:41:19.607862+00	2022-10-05 16:41:19.607862+00
0183a905-e5f9-8d15-07ea-e8c367772713	4	41	\N	2022-10-05 16:41:19.607862+00	2022-10-05 16:41:19.607862+00
0183a905-e5f9-8d15-07ea-e8c367772713	5	36	\N	2022-10-05 16:41:19.607862+00	2022-10-05 16:41:19.607862+00
0183a909-4a02-074b-bdfb-287b76726cbd	1	5	\N	2022-10-05 16:45:01.82468+00	2022-10-05 16:45:01.82468+00
0183a909-4a02-074b-bdfb-287b76726cbd	4	41	\N	2022-10-05 16:45:01.82468+00	2022-10-05 16:45:01.82468+00
0183a909-4a02-074b-bdfb-287b76726cbd	5	36	\N	2022-10-05 16:45:01.82468+00	2022-10-05 16:45:01.82468+00
0183a932-6e00-c71f-7d07-38952c3a7be2	1	3	\N	2022-10-05 17:29:58.014652+00	2022-10-05 17:29:58.014652+00
0183a932-6e00-c71f-7d07-38952c3a7be2	4	40	\N	2022-10-05 17:29:58.014652+00	2022-10-05 17:29:58.014652+00
0183a932-6e00-c71f-7d07-38952c3a7be2	5	61	\N	2022-10-05 17:29:58.014652+00	2022-10-05 17:29:58.014652+00
0183a933-78f9-a2aa-71b4-ec15b78de28a	13	44	\N	2022-10-05 17:31:06.318437+00	2022-10-05 17:31:06.318437+00
0183a933-78f9-a2aa-71b4-ec15b78de28a	7	68	\N	2022-10-05 17:31:06.318437+00	2022-10-05 17:31:06.318437+00
0183a933-78f9-a2aa-71b4-ec15b78de28a	14	36	\N	2022-10-05 17:31:06.318437+00	2022-10-05 17:31:06.318437+00
0183a933-78f9-a2aa-71b4-ec15b78de28a	17	64	\N	2022-10-05 17:31:06.318437+00	2022-10-05 17:31:06.318437+00
0183a933-c02e-3767-4cda-eba73fabb8e3	13	44	\N	2022-10-05 17:31:24.58457+00	2022-10-05 17:31:24.58457+00
0183a933-c02e-3767-4cda-eba73fabb8e3	7	65	\N	2022-10-05 17:31:24.58457+00	2022-10-05 17:31:24.58457+00
0183a933-c02e-3767-4cda-eba73fabb8e3	14	36	\N	2022-10-05 17:31:24.58457+00	2022-10-05 17:31:24.58457+00
0183a933-c02e-3767-4cda-eba73fabb8e3	17	64	\N	2022-10-05 17:31:24.58457+00	2022-10-05 17:31:24.58457+00
0183a946-3975-b292-9c76-151236d71959	13	44	\N	2022-10-05 17:51:35.251952+00	2022-10-05 17:51:35.251952+00
0183a946-3975-b292-9c76-151236d71959	7	68	\N	2022-10-05 17:51:35.251952+00	2022-10-05 17:51:35.251952+00
0183a946-3975-b292-9c76-151236d71959	7	66	\N	2022-10-05 17:51:35.251952+00	2022-10-05 17:51:35.251952+00
0183a946-3975-b292-9c76-151236d71959	7	65	\N	2022-10-05 17:51:35.251952+00	2022-10-05 17:51:35.251952+00
0183a949-9aaa-3eb1-9de0-f0d1035c2f70	13	44	\N	2022-10-05 17:55:16.747691+00	2022-10-05 17:55:16.747691+00
0183a949-9aaa-3eb1-9de0-f0d1035c2f70	7	68	\N	2022-10-05 17:55:16.747691+00	2022-10-05 17:55:16.747691+00
0183a949-9aaa-3eb1-9de0-f0d1035c2f70	14	36	\N	2022-10-05 17:55:16.747691+00	2022-10-05 17:55:16.747691+00
0183a949-9aaa-3eb1-9de0-f0d1035c2f70	17	64	\N	2022-10-05 17:55:16.747691+00	2022-10-05 17:55:16.747691+00
0183a971-198b-6411-8911-f6f132efd7c1	1	3	\N	2022-10-05 18:38:25.16067+00	2022-10-05 18:38:25.16067+00
0183a971-198b-6411-8911-f6f132efd7c1	4	40	\N	2022-10-05 18:38:25.16067+00	2022-10-05 18:38:25.16067+00
0183a971-198b-6411-8911-f6f132efd7c1	5	36	\N	2022-10-05 18:38:25.16067+00	2022-10-05 18:38:25.16067+00
0183a975-0461-c0db-05ac-eb75999272c2	6	44	\N	2022-10-05 18:42:41.862746+00	2022-10-05 18:42:41.862746+00
0183a975-0461-c0db-05ac-eb75999272c2	7	56	\N	2022-10-05 18:42:41.862746+00	2022-10-05 18:42:41.862746+00
0183a975-0461-c0db-05ac-eb75999272c2	9	48	\N	2022-10-05 18:42:41.862746+00	2022-10-05 18:42:41.862746+00
0183a975-0461-c0db-05ac-eb75999272c2	10	48	\N	2022-10-05 18:42:41.862746+00	2022-10-05 18:42:41.862746+00
0183a97b-c23f-db1a-5d1c-f83468bda330	13	49	\N	2022-10-05 18:50:03.692448+00	2022-10-05 18:50:03.692448+00
0183a97b-c23f-db1a-5d1c-f83468bda330	14	36	\N	2022-10-05 18:50:03.692448+00	2022-10-05 18:50:03.692448+00
0183a97b-c23f-db1a-5d1c-f83468bda330	17	64	\N	2022-10-05 18:50:03.692448+00	2022-10-05 18:50:03.692448+00
0183adc7-a9d8-dbab-cf97-dbdc334f5730	1	1	\N	2022-10-06 14:51:27.046263+00	2022-10-06 14:51:27.046263+00
0183adc7-a9d8-dbab-cf97-dbdc334f5730	4	40	\N	2022-10-06 14:51:27.046263+00	2022-10-06 14:51:27.046263+00
0183adc7-a9d8-dbab-cf97-dbdc334f5730	5	61	\N	2022-10-06 14:51:27.046263+00	2022-10-06 14:51:27.046263+00
0183adcf-dd9f-0411-ec8f-ae03add0c910	1	1	\N	2022-10-06 15:00:24.580793+00	2022-10-06 15:00:24.580793+00
0183adcf-dd9f-0411-ec8f-ae03add0c910	4	69	\N	2022-10-06 15:00:24.580793+00	2022-10-06 15:00:24.580793+00
0183adcf-dd9f-0411-ec8f-ae03add0c910	5	61	\N	2022-10-06 15:00:24.580793+00	2022-10-06 15:00:24.580793+00
0183add8-6046-03d8-f1b4-9e98db392ce5	1	1	\N	2022-10-06 15:09:42.341157+00	2022-10-06 15:09:42.341157+00
0183add8-6046-03d8-f1b4-9e98db392ce5	4	69	\N	2022-10-06 15:09:42.341157+00	2022-10-06 15:09:42.341157+00
0183add8-6046-03d8-f1b4-9e98db392ce5	5	61	\N	2022-10-06 15:09:42.341157+00	2022-10-06 15:09:42.341157+00
0183adde-5409-db53-10a2-b55400178f91	1	1	\N	2022-10-06 15:16:12.382498+00	2022-10-06 15:16:12.382498+00
0183adde-5409-db53-10a2-b55400178f91	4	69	\N	2022-10-06 15:16:12.382498+00	2022-10-06 15:16:12.382498+00
0183adde-5409-db53-10a2-b55400178f91	5	61	\N	2022-10-06 15:16:12.382498+00	2022-10-06 15:16:12.382498+00
0183ade3-da2b-656c-02d0-c9df9a1edea4	1	1	\N	2022-10-06 15:22:14.405921+00	2022-10-06 15:22:14.405921+00
0183ade3-da2b-656c-02d0-c9df9a1edea4	4	69	\N	2022-10-06 15:22:14.405921+00	2022-10-06 15:22:14.405921+00
0183ade3-da2b-656c-02d0-c9df9a1edea4	5	61	\N	2022-10-06 15:22:14.405921+00	2022-10-06 15:22:14.405921+00
0183ae70-d4a8-6052-686b-23544b4c5112	1	1	\N	2022-10-06 17:56:13.578449+00	2022-10-06 17:56:13.578449+00
0183ae70-d4a8-6052-686b-23544b4c5112	4	40	\N	2022-10-06 17:56:13.578449+00	2022-10-06 17:56:13.578449+00
0183ae70-d4a8-6052-686b-23544b4c5112	5	61	\N	2022-10-06 17:56:13.578449+00	2022-10-06 17:56:13.578449+00
0183ae75-dd4b-d4ca-1924-ee97263161a0	1	1	\N	2022-10-06 18:01:43.41467+00	2022-10-06 18:01:43.41467+00
0183ae75-dd4b-d4ca-1924-ee97263161a0	4	40	\N	2022-10-06 18:01:43.41467+00	2022-10-06 18:01:43.41467+00
0183ae75-dd4b-d4ca-1924-ee97263161a0	5	61	\N	2022-10-06 18:01:43.41467+00	2022-10-06 18:01:43.41467+00
0183aed9-627a-5f77-c136-e54f90c47d83	1	1	\N	2022-10-06 19:50:25.619602+00	2022-10-06 19:50:25.619602+00
0183aed9-627a-5f77-c136-e54f90c47d83	4	40	\N	2022-10-06 19:50:25.619602+00	2022-10-06 19:50:25.619602+00
0183aed9-627a-5f77-c136-e54f90c47d83	5	61	\N	2022-10-06 19:50:25.619602+00	2022-10-06 19:50:25.619602+00
0183aeea-65d3-2bb2-e2af-40f532172ab1	1	1	\N	2022-10-06 20:09:00.626327+00	2022-10-06 20:09:00.626327+00
0183aeea-65d3-2bb2-e2af-40f532172ab1	4	41	\N	2022-10-06 20:09:00.626327+00	2022-10-06 20:09:00.626327+00
0183aeea-65d3-2bb2-e2af-40f532172ab1	5	61	\N	2022-10-06 20:09:00.626327+00	2022-10-06 20:09:00.626327+00
0183aeef-c392-7ede-ebbe-febde0eca007	1	2	\N	2022-10-06 20:14:52.261699+00	2022-10-06 20:14:52.261699+00
0183aeef-c392-7ede-ebbe-febde0eca007	4	69	\N	2022-10-06 20:14:52.261699+00	2022-10-06 20:14:52.261699+00
0183aeef-c392-7ede-ebbe-febde0eca007	5	61	\N	2022-10-06 20:14:52.261699+00	2022-10-06 20:14:52.261699+00
0183aefe-03fb-1ef1-1cba-ae1d403ffe97	1	1	\N	2022-10-06 20:30:26.272036+00	2022-10-06 20:30:26.272036+00
0183aefe-03fb-1ef1-1cba-ae1d403ffe97	4	69	\N	2022-10-06 20:30:26.272036+00	2022-10-06 20:30:26.272036+00
0183aefe-03fb-1ef1-1cba-ae1d403ffe97	5	61	\N	2022-10-06 20:30:26.272036+00	2022-10-06 20:30:26.272036+00
0183af03-49ae-b34f-2088-dd5f6d1c3381	1	1	\N	2022-10-06 20:36:11.800457+00	2022-10-06 20:36:11.800457+00
0183af03-49ae-b34f-2088-dd5f6d1c3381	4	40	\N	2022-10-06 20:36:11.800457+00	2022-10-06 20:36:11.800457+00
0183af03-49ae-b34f-2088-dd5f6d1c3381	5	61	\N	2022-10-06 20:36:11.800457+00	2022-10-06 20:36:11.800457+00
0183af05-53a9-8d1e-0d10-a53fa70df591	1	1	\N	2022-10-06 20:38:25.448296+00	2022-10-06 20:38:25.448296+00
0183af05-53a9-8d1e-0d10-a53fa70df591	4	69	\N	2022-10-06 20:38:25.448296+00	2022-10-06 20:38:25.448296+00
0183af05-53a9-8d1e-0d10-a53fa70df591	5	61	\N	2022-10-06 20:38:25.448296+00	2022-10-06 20:38:25.448296+00
0183af0e-84d0-6ec2-2ab5-a3b860b5c314	1	1	\N	2022-10-06 20:48:27.803969+00	2022-10-06 20:48:27.803969+00
0183af0e-84d0-6ec2-2ab5-a3b860b5c314	4	40	\N	2022-10-06 20:48:27.803969+00	2022-10-06 20:48:27.803969+00
0183af0e-84d0-6ec2-2ab5-a3b860b5c314	5	37	\N	2022-10-06 20:48:27.803969+00	2022-10-06 20:48:27.803969+00
0183af13-7f2c-f35f-d7f6-226f66024d64	1	2	\N	2022-10-06 20:53:54.055003+00	2022-10-06 20:53:54.055003+00
0183af13-7f2c-f35f-d7f6-226f66024d64	4	40	\N	2022-10-06 20:53:54.055003+00	2022-10-06 20:53:54.055003+00
0183af13-7f2c-f35f-d7f6-226f66024d64	5	61	\N	2022-10-06 20:53:54.055003+00	2022-10-06 20:53:54.055003+00
0183af21-cf70-d249-f0c2-217a35662be1	1	2	\N	2022-10-06 21:09:32.094679+00	2022-10-06 21:09:32.094679+00
0183af21-cf70-d249-f0c2-217a35662be1	4	40	\N	2022-10-06 21:09:32.094679+00	2022-10-06 21:09:32.094679+00
0183af21-cf70-d249-f0c2-217a35662be1	5	61	\N	2022-10-06 21:09:32.094679+00	2022-10-06 21:09:32.094679+00
0183c824-7c78-b8a7-0d75-fbd9bab20549	1	1	\N	2022-10-11 17:42:57.892523+00	2022-10-11 17:42:57.892523+00
0183c824-7c78-b8a7-0d75-fbd9bab20549	4	69	\N	2022-10-11 17:42:57.892523+00	2022-10-11 17:42:57.892523+00
0183c824-7c78-b8a7-0d75-fbd9bab20549	5	61	\N	2022-10-11 17:42:57.892523+00	2022-10-11 17:42:57.892523+00
0183c82a-8a19-f67e-a413-c59d4335d795	1	1	\N	2022-10-11 17:49:34.550039+00	2022-10-11 17:49:34.550039+00
0183c82a-8a19-f67e-a413-c59d4335d795	4	69	\N	2022-10-11 17:49:34.550039+00	2022-10-11 17:49:34.550039+00
0183c82a-8a19-f67e-a413-c59d4335d795	5	61	\N	2022-10-11 17:49:34.550039+00	2022-10-11 17:49:34.550039+00
0183c832-7a21-56ee-7579-7bc26996ce7b	1	1	\N	2022-10-11 17:58:14.773233+00	2022-10-11 17:58:14.773233+00
0183c832-7a21-56ee-7579-7bc26996ce7b	4	40	\N	2022-10-11 17:58:14.773233+00	2022-10-11 17:58:14.773233+00
0183c832-7a21-56ee-7579-7bc26996ce7b	5	61	\N	2022-10-11 17:58:14.773233+00	2022-10-11 17:58:14.773233+00
0183c837-340e-0d84-5b9e-893dc2b01163	1	1	\N	2022-10-11 18:03:24.508219+00	2022-10-11 18:03:24.508219+00
0183c837-340e-0d84-5b9e-893dc2b01163	4	69	\N	2022-10-11 18:03:24.508219+00	2022-10-11 18:03:24.508219+00
0183c837-340e-0d84-5b9e-893dc2b01163	5	61	\N	2022-10-11 18:03:24.508219+00	2022-10-11 18:03:24.508219+00
0183c83c-6d84-a042-7abb-bb92efe439ee	1	1	\N	2022-10-11 18:09:06.893549+00	2022-10-11 18:09:06.893549+00
0183c83c-6d84-a042-7abb-bb92efe439ee	4	69	\N	2022-10-11 18:09:06.893549+00	2022-10-11 18:09:06.893549+00
0183c83c-6d84-a042-7abb-bb92efe439ee	5	61	\N	2022-10-11 18:09:06.893549+00	2022-10-11 18:09:06.893549+00
0183c844-b42f-df06-4560-41a5e48038e2	1	1	\N	2022-10-11 18:18:09.287323+00	2022-10-11 18:18:09.287323+00
0183c844-b42f-df06-4560-41a5e48038e2	4	40	\N	2022-10-11 18:18:09.287323+00	2022-10-11 18:18:09.287323+00
0183c844-b42f-df06-4560-41a5e48038e2	5	61	\N	2022-10-11 18:18:09.287323+00	2022-10-11 18:18:09.287323+00
0183c84a-603a-8313-09c4-2c60037e5f03	1	1	\N	2022-10-11 18:24:21.020651+00	2022-10-11 18:24:21.020651+00
0183c84a-603a-8313-09c4-2c60037e5f03	4	69	\N	2022-10-11 18:24:21.020651+00	2022-10-11 18:24:21.020651+00
0183c84a-603a-8313-09c4-2c60037e5f03	5	61	\N	2022-10-11 18:24:21.020651+00	2022-10-11 18:24:21.020651+00
0183c84f-6bc2-a9be-bb9c-3fd86c2260f6	1	1	\N	2022-10-11 18:29:51.631462+00	2022-10-11 18:29:51.631462+00
0183c84f-6bc2-a9be-bb9c-3fd86c2260f6	4	69	\N	2022-10-11 18:29:51.631462+00	2022-10-11 18:29:51.631462+00
0183c84f-6bc2-a9be-bb9c-3fd86c2260f6	5	61	\N	2022-10-11 18:29:51.631462+00	2022-10-11 18:29:51.631462+00
0183c852-ef9e-15b5-438f-2f235ac9ecb3	1	1	\N	2022-10-11 18:33:41.994898+00	2022-10-11 18:33:41.994898+00
0183c852-ef9e-15b5-438f-2f235ac9ecb3	4	40	\N	2022-10-11 18:33:41.994898+00	2022-10-11 18:33:41.994898+00
0183c852-ef9e-15b5-438f-2f235ac9ecb3	5	61	\N	2022-10-11 18:33:41.994898+00	2022-10-11 18:33:41.994898+00
0183c872-8e88-5374-39e7-9db2105054df	1	1	\N	2022-10-11 19:08:14.311461+00	2022-10-11 19:08:14.311461+00
0183c872-8e88-5374-39e7-9db2105054df	4	69	\N	2022-10-11 19:08:14.311461+00	2022-10-11 19:08:14.311461+00
0183c872-8e88-5374-39e7-9db2105054df	5	61	\N	2022-10-11 19:08:14.311461+00	2022-10-11 19:08:14.311461+00
0183c900-3ae4-fd69-eeb1-54316112288e	1	1	\N	2022-10-11 21:42:59.041817+00	2022-10-11 21:42:59.041817+00
0183c900-3ae4-fd69-eeb1-54316112288e	4	69	\N	2022-10-11 21:42:59.041817+00	2022-10-11 21:42:59.041817+00
0183c900-3ae4-fd69-eeb1-54316112288e	5	61	\N	2022-10-11 21:42:59.041817+00	2022-10-11 21:42:59.041817+00
0183c90b-484c-18fe-959f-16fa033d7a17	1	1	\N	2022-10-11 21:55:03.326824+00	2022-10-11 21:55:03.326824+00
0183c90b-484c-18fe-959f-16fa033d7a17	4	40	\N	2022-10-11 21:55:03.326824+00	2022-10-11 21:55:03.326824+00
0183c90b-484c-18fe-959f-16fa033d7a17	5	61	\N	2022-10-11 21:55:03.326824+00	2022-10-11 21:55:03.326824+00
0183c9a3-fa05-4451-d6e6-8c3b8c6df408	1	1	\N	2022-10-12 00:41:50.339857+00	2022-10-12 00:41:50.339857+00
0183c9a3-fa05-4451-d6e6-8c3b8c6df408	4	41	\N	2022-10-12 00:41:50.339857+00	2022-10-12 00:41:50.339857+00
0183c9a3-fa05-4451-d6e6-8c3b8c6df408	5	61	\N	2022-10-12 00:41:50.339857+00	2022-10-12 00:41:50.339857+00
0183cd6c-4f68-cc38-f103-f2508f04ef28	1	3	\N	2022-10-12 18:19:31.046759+00	2022-10-12 18:19:31.046759+00
0183cd6c-4f68-cc38-f103-f2508f04ef28	4	41	\N	2022-10-12 18:19:31.046759+00	2022-10-12 18:19:31.046759+00
0183cd6c-4f68-cc38-f103-f2508f04ef28	5	36	\N	2022-10-12 18:19:31.046759+00	2022-10-12 18:19:31.046759+00
0183cdcb-2d5c-baf0-7802-4e0afe1c8238	1	1	\N	2022-10-12 20:03:08.21206+00	2022-10-12 20:03:08.21206+00
0183cdcb-2d5c-baf0-7802-4e0afe1c8238	4	69	\N	2022-10-12 20:03:08.21206+00	2022-10-12 20:03:08.21206+00
0183cdcb-2d5c-baf0-7802-4e0afe1c8238	5	61	\N	2022-10-12 20:03:08.21206+00	2022-10-12 20:03:08.21206+00
0183d232-9e64-acf1-f8c3-fa5b948438a8	1	3	\N	2022-10-13 16:34:36.257422+00	2022-10-13 16:34:36.257422+00
0183d232-9e64-acf1-f8c3-fa5b948438a8	4	40	\N	2022-10-13 16:34:36.257422+00	2022-10-13 16:34:36.257422+00
0183d232-9e64-acf1-f8c3-fa5b948438a8	5	61	\N	2022-10-13 16:34:36.257422+00	2022-10-13 16:34:36.257422+00
0183d233-2a7e-104f-1e6a-fe90e03300b4	6	69	\N	2022-10-13 16:35:12.102113+00	2022-10-13 16:35:12.102113+00
0183d233-2a7e-104f-1e6a-fe90e03300b4	7	53	\N	2022-10-13 16:35:12.102113+00	2022-10-13 16:35:12.102113+00
0183d233-2a7e-104f-1e6a-fe90e03300b4	9	48	\N	2022-10-13 16:35:12.102113+00	2022-10-13 16:35:12.102113+00
0183d233-2a7e-104f-1e6a-fe90e03300b4	10	48	\N	2022-10-13 16:35:12.102113+00	2022-10-13 16:35:12.102113+00
0183d233-2a7e-104f-1e6a-fe90e03300b4	11	79	beep	2022-10-13 16:35:12.102113+00	2022-10-13 16:35:12.102113+00
0183d233-6179-ca4b-e8a0-f8f44f253450	13	44	\N	2022-10-13 16:35:26.169383+00	2022-10-13 16:35:26.169383+00
0183d233-6179-ca4b-e8a0-f8f44f253450	7	66	\N	2022-10-13 16:35:26.169383+00	2022-10-13 16:35:26.169383+00
0183d233-6179-ca4b-e8a0-f8f44f253450	14	37	\N	2022-10-13 16:35:26.169383+00	2022-10-13 16:35:26.169383+00
0183d233-6179-ca4b-e8a0-f8f44f253450	17	58	\N	2022-10-13 16:35:26.169383+00	2022-10-13 16:35:26.169383+00
0183d233-6179-ca4b-e8a0-f8f44f253450	18	75	\N	2022-10-13 16:35:26.169383+00	2022-10-13 16:35:26.169383+00
0183d237-688a-9282-f973-86b65ebbf916	1	3	\N	2022-10-13 16:39:50.152935+00	2022-10-13 16:39:50.152935+00
0183d237-688a-9282-f973-86b65ebbf916	4	40	\N	2022-10-13 16:39:50.152935+00	2022-10-13 16:39:50.152935+00
0183d237-688a-9282-f973-86b65ebbf916	5	36	\N	2022-10-13 16:39:50.152935+00	2022-10-13 16:39:50.152935+00
0183d237-d60c-26b6-8cdf-424195218d8e	13	49	\N	2022-10-13 16:40:18.186943+00	2022-10-13 16:40:18.186943+00
0183d237-d60c-26b6-8cdf-424195218d8e	14	61	\N	2022-10-13 16:40:18.186943+00	2022-10-13 16:40:18.186943+00
0183d237-d60c-26b6-8cdf-424195218d8e	17	64	\N	2022-10-13 16:40:18.186943+00	2022-10-13 16:40:18.186943+00
0183d237-ef28-db83-3f23-cdfa620e85e0	6	44	\N	2022-10-13 16:40:24.614486+00	2022-10-13 16:40:24.614486+00
0183d237-ef28-db83-3f23-cdfa620e85e0	7	53	\N	2022-10-13 16:40:24.614486+00	2022-10-13 16:40:24.614486+00
0183d237-ef28-db83-3f23-cdfa620e85e0	9	44	\N	2022-10-13 16:40:24.614486+00	2022-10-13 16:40:24.614486+00
0183d237-ef28-db83-3f23-cdfa620e85e0	10	48	\N	2022-10-13 16:40:24.614486+00	2022-10-13 16:40:24.614486+00
0183d2cc-0666-9448-0268-ac82e07bc7ca	1	1	\N	2022-10-13 19:22:09.852821+00	2022-10-13 19:22:09.852821+00
0183d2cc-0666-9448-0268-ac82e07bc7ca	4	69	\N	2022-10-13 19:22:09.852821+00	2022-10-13 19:22:09.852821+00
0183d2cc-0666-9448-0268-ac82e07bc7ca	5	61	\N	2022-10-13 19:22:09.852821+00	2022-10-13 19:22:09.852821+00
0183d2d9-fde2-77c6-a702-edf4d1c7bac2	1	2	\N	2022-10-13 19:37:25.179231+00	2022-10-13 19:37:25.179231+00
0183d2d9-fde2-77c6-a702-edf4d1c7bac2	4	69	\N	2022-10-13 19:37:25.179231+00	2022-10-13 19:37:25.179231+00
0183d2d9-fde2-77c6-a702-edf4d1c7bac2	5	61	\N	2022-10-13 19:37:25.179231+00	2022-10-13 19:37:25.179231+00
0183d30b-3c95-ff41-7c2b-fb96e56df3f2	1	1	\N	2022-10-13 20:31:12.472099+00	2022-10-13 20:31:12.472099+00
0183d30b-3c95-ff41-7c2b-fb96e56df3f2	4	69	\N	2022-10-13 20:31:12.472099+00	2022-10-13 20:31:12.472099+00
0183d30b-3c95-ff41-7c2b-fb96e56df3f2	5	36	\N	2022-10-13 20:31:12.472099+00	2022-10-13 20:31:12.472099+00
0183d314-4fe9-0bed-a6f2-19ac08c6e632	1	1	\N	2022-10-13 20:41:07.304781+00	2022-10-13 20:41:07.304781+00
0183d314-4fe9-0bed-a6f2-19ac08c6e632	4	69	\N	2022-10-13 20:41:07.304781+00	2022-10-13 20:41:07.304781+00
0183d314-4fe9-0bed-a6f2-19ac08c6e632	5	61	\N	2022-10-13 20:41:07.304781+00	2022-10-13 20:41:07.304781+00
0183d31b-e26b-0fa7-53a9-156ee73151b4	1	1	\N	2022-10-13 20:49:23.524877+00	2022-10-13 20:49:23.524877+00
0183d31b-e26b-0fa7-53a9-156ee73151b4	4	69	\N	2022-10-13 20:49:23.524877+00	2022-10-13 20:49:23.524877+00
0183d31b-e26b-0fa7-53a9-156ee73151b4	5	61	\N	2022-10-13 20:49:23.524877+00	2022-10-13 20:49:23.524877+00
0183d326-e26b-a463-8d6b-a703d5e2bfc9	1	1	\N	2022-10-13 21:01:24.42361+00	2022-10-13 21:01:24.42361+00
0183d326-e26b-a463-8d6b-a703d5e2bfc9	4	69	\N	2022-10-13 21:01:24.42361+00	2022-10-13 21:01:24.42361+00
0183d326-e26b-a463-8d6b-a703d5e2bfc9	5	61	\N	2022-10-13 21:01:24.42361+00	2022-10-13 21:01:24.42361+00
0183d748-fc54-c2ae-6b79-ae3f020dbb93	1	1	\N	2022-10-14 16:17:08.144833+00	2022-10-14 16:17:08.144833+00
0183d748-fc54-c2ae-6b79-ae3f020dbb93	4	69	\N	2022-10-14 16:17:08.144833+00	2022-10-14 16:17:08.144833+00
0183d748-fc54-c2ae-6b79-ae3f020dbb93	5	61	\N	2022-10-14 16:17:08.144833+00	2022-10-14 16:17:08.144833+00
0183d750-3e80-45fb-0cf0-ed3f57c28520	1	1	\N	2022-10-14 16:25:03.817024+00	2022-10-14 16:25:03.817024+00
0183d750-3e80-45fb-0cf0-ed3f57c28520	4	69	\N	2022-10-14 16:25:03.817024+00	2022-10-14 16:25:03.817024+00
0183d750-3e80-45fb-0cf0-ed3f57c28520	5	61	\N	2022-10-14 16:25:03.817024+00	2022-10-14 16:25:03.817024+00
0183d76b-c2d0-b77d-32da-b35436cd8802	1	1	\N	2022-10-14 16:55:07.170236+00	2022-10-14 16:55:07.170236+00
0183d76b-c2d0-b77d-32da-b35436cd8802	4	40	\N	2022-10-14 16:55:07.170236+00	2022-10-14 16:55:07.170236+00
0183d76b-c2d0-b77d-32da-b35436cd8802	5	61	\N	2022-10-14 16:55:07.170236+00	2022-10-14 16:55:07.170236+00
0183d78f-84ff-28b7-0790-e718b18cb4dd	1	1	\N	2022-10-14 17:34:10.635724+00	2022-10-14 17:34:10.635724+00
0183d78f-84ff-28b7-0790-e718b18cb4dd	4	69	\N	2022-10-14 17:34:10.635724+00	2022-10-14 17:34:10.635724+00
0183d78f-84ff-28b7-0790-e718b18cb4dd	5	61	\N	2022-10-14 17:34:10.635724+00	2022-10-14 17:34:10.635724+00
0183d855-228c-fdfa-06bd-02fdb2e1b05b	1	1	\N	2022-10-14 21:10:01.552009+00	2022-10-14 21:10:01.552009+00
0183d855-228c-fdfa-06bd-02fdb2e1b05b	4	69	\N	2022-10-14 21:10:01.552009+00	2022-10-14 21:10:01.552009+00
0183d855-228c-fdfa-06bd-02fdb2e1b05b	5	61	\N	2022-10-14 21:10:01.552009+00	2022-10-14 21:10:01.552009+00
0183d85b-6ed8-7e5e-5957-bb602860cd6d	1	1	\N	2022-10-14 21:16:54.316547+00	2022-10-14 21:16:54.316547+00
0183d85b-6ed8-7e5e-5957-bb602860cd6d	4	69	\N	2022-10-14 21:16:54.316547+00	2022-10-14 21:16:54.316547+00
0183d85b-6ed8-7e5e-5957-bb602860cd6d	5	61	\N	2022-10-14 21:16:54.316547+00	2022-10-14 21:16:54.316547+00
0183d861-0d27-6916-9a22-e87ad0225556	1	1	\N	2022-10-14 21:23:02.537944+00	2022-10-14 21:23:02.537944+00
0183d861-0d27-6916-9a22-e87ad0225556	4	40	\N	2022-10-14 21:23:02.537944+00	2022-10-14 21:23:02.537944+00
0183d861-0d27-6916-9a22-e87ad0225556	5	61	\N	2022-10-14 21:23:02.537944+00	2022-10-14 21:23:02.537944+00
0183d878-0b62-2dea-dbd4-53a010ed0ab1	1	1	\N	2022-10-14 21:48:09.441089+00	2022-10-14 21:48:09.441089+00
0183d878-0b62-2dea-dbd4-53a010ed0ab1	4	69	\N	2022-10-14 21:48:09.441089+00	2022-10-14 21:48:09.441089+00
0183d878-0b62-2dea-dbd4-53a010ed0ab1	5	61	\N	2022-10-14 21:48:09.441089+00	2022-10-14 21:48:09.441089+00
0183e6fb-9499-885d-e0a0-0a76f4d3756c	1	1	\N	2022-10-17 17:26:30.786126+00	2022-10-17 17:26:30.786126+00
0183e6fb-9499-885d-e0a0-0a76f4d3756c	4	69	\N	2022-10-17 17:26:30.786126+00	2022-10-17 17:26:30.786126+00
0183e6fb-9499-885d-e0a0-0a76f4d3756c	5	61	\N	2022-10-17 17:26:30.786126+00	2022-10-17 17:26:30.786126+00
0183e701-0bf4-3cd9-9280-99060f54ad19	1	2	\N	2022-10-17 17:32:29.011977+00	2022-10-17 17:32:29.011977+00
0183e701-0bf4-3cd9-9280-99060f54ad19	4	69	\N	2022-10-17 17:32:29.011977+00	2022-10-17 17:32:29.011977+00
0183e701-0bf4-3cd9-9280-99060f54ad19	5	37	\N	2022-10-17 17:32:29.011977+00	2022-10-17 17:32:29.011977+00
0183e708-0d19-0be3-01e5-e62c5cbcda05	1	1	\N	2022-10-17 17:40:08.058512+00	2022-10-17 17:40:08.058512+00
0183e708-0d19-0be3-01e5-e62c5cbcda05	4	40	\N	2022-10-17 17:40:08.058512+00	2022-10-17 17:40:08.058512+00
0183e708-0d19-0be3-01e5-e62c5cbcda05	5	61	\N	2022-10-17 17:40:08.058512+00	2022-10-17 17:40:08.058512+00
0183e70c-bedc-8efa-cb58-eb1a1716a27b	1	1	\N	2022-10-17 17:45:15.689068+00	2022-10-17 17:45:15.689068+00
0183e70c-bedc-8efa-cb58-eb1a1716a27b	4	40	\N	2022-10-17 17:45:15.689068+00	2022-10-17 17:45:15.689068+00
0183e70c-bedc-8efa-cb58-eb1a1716a27b	5	61	\N	2022-10-17 17:45:15.689068+00	2022-10-17 17:45:15.689068+00
0183e713-009f-9dda-4d7f-c7ee1fc57115	1	1	\N	2022-10-17 17:52:05.740472+00	2022-10-17 17:52:05.740472+00
0183e713-009f-9dda-4d7f-c7ee1fc57115	4	69	\N	2022-10-17 17:52:05.740472+00	2022-10-17 17:52:05.740472+00
0183e713-009f-9dda-4d7f-c7ee1fc57115	5	61	\N	2022-10-17 17:52:05.740472+00	2022-10-17 17:52:05.740472+00
0183e718-9db9-bda3-575c-3fa01d001e45	1	1	\N	2022-10-17 17:58:13.648116+00	2022-10-17 17:58:13.648116+00
0183e718-9db9-bda3-575c-3fa01d001e45	4	69	\N	2022-10-17 17:58:13.648116+00	2022-10-17 17:58:13.648116+00
0183e718-9db9-bda3-575c-3fa01d001e45	5	61	\N	2022-10-17 17:58:13.648116+00	2022-10-17 17:58:13.648116+00
0183e721-d9a9-649a-8c50-339344a23cbd	1	1	\N	2022-10-17 18:08:18.813293+00	2022-10-17 18:08:18.813293+00
0183e721-d9a9-649a-8c50-339344a23cbd	4	40	\N	2022-10-17 18:08:18.813293+00	2022-10-17 18:08:18.813293+00
0183e721-d9a9-649a-8c50-339344a23cbd	5	61	\N	2022-10-17 18:08:18.813293+00	2022-10-17 18:08:18.813293+00
0183e744-f918-808f-336c-f7230aca9eba	1	2	\N	2022-10-17 18:46:40.601163+00	2022-10-17 18:46:40.601163+00
0183e744-f918-808f-336c-f7230aca9eba	4	69	\N	2022-10-17 18:46:40.601163+00	2022-10-17 18:46:40.601163+00
0183e744-f918-808f-336c-f7230aca9eba	5	61	\N	2022-10-17 18:46:40.601163+00	2022-10-17 18:46:40.601163+00
0183e74d-690b-4cd7-2cca-0d8bb00b9d3d	1	2	\N	2022-10-17 18:55:53.574518+00	2022-10-17 18:55:53.574518+00
0183e74d-690b-4cd7-2cca-0d8bb00b9d3d	4	69	\N	2022-10-17 18:55:53.574518+00	2022-10-17 18:55:53.574518+00
0183e74d-690b-4cd7-2cca-0d8bb00b9d3d	5	61	\N	2022-10-17 18:55:53.574518+00	2022-10-17 18:55:53.574518+00
0183e785-bb5e-02c4-f11e-9e364468e2d2	1	2	\N	2022-10-17 19:57:24.664714+00	2022-10-17 19:57:24.664714+00
0183e785-bb5e-02c4-f11e-9e364468e2d2	4	40	\N	2022-10-17 19:57:24.664714+00	2022-10-17 19:57:24.664714+00
0183e785-bb5e-02c4-f11e-9e364468e2d2	5	61	\N	2022-10-17 19:57:24.664714+00	2022-10-17 19:57:24.664714+00
0183e7a6-8be0-a205-ef53-0587b3de9b61	1	1	\N	2022-10-17 20:33:15.177917+00	2022-10-17 20:33:15.177917+00
0183e7a6-8be0-a205-ef53-0587b3de9b61	4	40	\N	2022-10-17 20:33:15.177917+00	2022-10-17 20:33:15.177917+00
0183e7a6-8be0-a205-ef53-0587b3de9b61	5	61	\N	2022-10-17 20:33:15.177917+00	2022-10-17 20:33:15.177917+00
0183e7ae-a065-c739-80b3-0b5dd3ac1bc8	1	2	\N	2022-10-17 20:42:04.724699+00	2022-10-17 20:42:04.724699+00
0183e7ae-a065-c739-80b3-0b5dd3ac1bc8	4	40	\N	2022-10-17 20:42:04.724699+00	2022-10-17 20:42:04.724699+00
0183e7ae-a065-c739-80b3-0b5dd3ac1bc8	5	61	\N	2022-10-17 20:42:04.724699+00	2022-10-17 20:42:04.724699+00
0183e7b4-c84c-637f-624f-7226edf901e2	1	2	\N	2022-10-17 20:48:48.15629+00	2022-10-17 20:48:48.15629+00
0183e7b4-c84c-637f-624f-7226edf901e2	4	40	\N	2022-10-17 20:48:48.15629+00	2022-10-17 20:48:48.15629+00
0183e7b4-c84c-637f-624f-7226edf901e2	5	37	\N	2022-10-17 20:48:48.15629+00	2022-10-17 20:48:48.15629+00
0183ec07-fb97-0fb3-0127-a35bd2ef2867	6	45	\N	2022-10-18 16:58:09.684949+00	2022-10-18 16:58:09.684949+00
0183ec07-fb97-0fb3-0127-a35bd2ef2867	9	48	\N	2022-10-18 16:58:09.684949+00	2022-10-18 16:58:09.684949+00
0183ec07-fb97-0fb3-0127-a35bd2ef2867	10	49	\N	2022-10-18 16:58:09.684949+00	2022-10-18 16:58:09.684949+00
0183ec07-fb97-0fb3-0127-a35bd2ef2867	11	79	Aaaaaaa	2022-10-18 16:58:09.684949+00	2022-10-18 16:58:09.684949+00
0183ec07-fb97-0fb3-0127-a35bd2ef2867	7	54	\N	2022-10-18 16:58:09.684949+00	2022-10-18 16:58:09.684949+00
0183ec07-fb97-0fb3-0127-a35bd2ef2867	7	53	\N	2022-10-18 16:58:09.684949+00	2022-10-18 16:58:09.684949+00
0183ec08-980c-be4e-ad58-b646b5e97093	6	45	\N	2022-10-18 16:58:49.716133+00	2022-10-18 16:58:49.716133+00
0183ec08-980c-be4e-ad58-b646b5e97093	9	48	\N	2022-10-18 16:58:49.716133+00	2022-10-18 16:58:49.716133+00
0183ec08-980c-be4e-ad58-b646b5e97093	10	49	\N	2022-10-18 16:58:49.716133+00	2022-10-18 16:58:49.716133+00
0183ec08-980c-be4e-ad58-b646b5e97093	11	79	TEST TEST 	2022-10-18 16:58:49.716133+00	2022-10-18 16:58:49.716133+00
0183ec08-980c-be4e-ad58-b646b5e97093	7	54	\N	2022-10-18 16:58:49.716133+00	2022-10-18 16:58:49.716133+00
0183ec08-980c-be4e-ad58-b646b5e97093	7	53	\N	2022-10-18 16:58:49.716133+00	2022-10-18 16:58:49.716133+00
0183ec48-3344-668b-582e-0c7a73288245	1	1	\N	2022-10-18 18:08:18.205372+00	2022-10-18 18:08:18.205372+00
0183ec48-3344-668b-582e-0c7a73288245	4	40	\N	2022-10-18 18:08:18.205372+00	2022-10-18 18:08:18.205372+00
0183ec48-3344-668b-582e-0c7a73288245	5	61	\N	2022-10-18 18:08:18.205372+00	2022-10-18 18:08:18.205372+00
0183ec48-de3b-6598-c3db-c9b81c42fb13	6	44	\N	2022-10-18 18:09:01.965006+00	2022-10-18 18:09:01.965006+00
0183ec48-de3b-6598-c3db-c9b81c42fb13	9	44	\N	2022-10-18 18:09:01.965006+00	2022-10-18 18:09:01.965006+00
0183ec48-de3b-6598-c3db-c9b81c42fb13	10	44	\N	2022-10-18 18:09:01.965006+00	2022-10-18 18:09:01.965006+00
0183ec48-de3b-6598-c3db-c9b81c42fb13	11	79	Beep	2022-10-18 18:09:01.965006+00	2022-10-18 18:09:01.965006+00
0183ec48-de3b-6598-c3db-c9b81c42fb13	7	68	\N	2022-10-18 18:09:01.965006+00	2022-10-18 18:09:01.965006+00
0183ec48-de3b-6598-c3db-c9b81c42fb13	7	54	\N	2022-10-18 18:09:01.965006+00	2022-10-18 18:09:01.965006+00
0183ec49-75a8-2d19-9a74-7b5994cc75ee	6	44	\N	2022-10-18 18:09:40.748452+00	2022-10-18 18:09:40.748452+00
0183ec49-75a8-2d19-9a74-7b5994cc75ee	9	44	\N	2022-10-18 18:09:40.748452+00	2022-10-18 18:09:40.748452+00
0183ec49-75a8-2d19-9a74-7b5994cc75ee	10	48	\N	2022-10-18 18:09:40.748452+00	2022-10-18 18:09:40.748452+00
0183ec49-75a8-2d19-9a74-7b5994cc75ee	11	79	Beep	2022-10-18 18:09:40.748452+00	2022-10-18 18:09:40.748452+00
0183ec49-75a8-2d19-9a74-7b5994cc75ee	7	68	\N	2022-10-18 18:09:40.748452+00	2022-10-18 18:09:40.748452+00
0183ec49-75a8-2d19-9a74-7b5994cc75ee	7	54	\N	2022-10-18 18:09:40.748452+00	2022-10-18 18:09:40.748452+00
0183ec51-dec4-bef3-985e-b50987a4ba20	1	2	\N	2022-10-18 18:18:51.971139+00	2022-10-18 18:18:51.971139+00
0183ec51-dec4-bef3-985e-b50987a4ba20	4	40	\N	2022-10-18 18:18:51.971139+00	2022-10-18 18:18:51.971139+00
0183ec51-dec4-bef3-985e-b50987a4ba20	5	61	\N	2022-10-18 18:18:51.971139+00	2022-10-18 18:18:51.971139+00
0183ec52-abcc-c465-fbc8-2f0366c74acb	6	44	\N	2022-10-18 18:19:44.458377+00	2022-10-18 18:19:44.458377+00
0183ec52-abcc-c465-fbc8-2f0366c74acb	9	44	\N	2022-10-18 18:19:44.458377+00	2022-10-18 18:19:44.458377+00
0183ec52-abcc-c465-fbc8-2f0366c74acb	10	48	\N	2022-10-18 18:19:44.458377+00	2022-10-18 18:19:44.458377+00
0183ec52-abcc-c465-fbc8-2f0366c74acb	7	68	\N	2022-10-18 18:19:44.458377+00	2022-10-18 18:19:44.458377+00
0183ec57-a861-ec9c-6e72-879aed4ccad9	1	4	\N	2022-10-18 18:25:11.204474+00	2022-10-18 18:25:11.204474+00
0183ec57-a861-ec9c-6e72-879aed4ccad9	4	40	\N	2022-10-18 18:25:11.204474+00	2022-10-18 18:25:11.204474+00
0183ec57-a861-ec9c-6e72-879aed4ccad9	5	37	\N	2022-10-18 18:25:11.204474+00	2022-10-18 18:25:11.204474+00
0183ec75-3c3b-7f6d-afab-8df44e94241b	1	16	\N	2022-10-18 18:57:29.612316+00	2022-10-18 18:57:29.612316+00
0183ec75-3c3b-7f6d-afab-8df44e94241b	2	31	\N	2022-10-18 18:57:29.612316+00	2022-10-18 18:57:29.612316+00
0183ec75-3c3b-7f6d-afab-8df44e94241b	3	61	\N	2022-10-18 18:57:29.612316+00	2022-10-18 18:57:29.612316+00
0183eca1-4c76-fd1f-a6aa-e01a1d44cd69	1	16	\N	2022-10-18 19:45:37.387422+00	2022-10-18 19:45:37.387422+00
0183eca1-4c76-fd1f-a6aa-e01a1d44cd69	2	33	\N	2022-10-18 19:45:37.387422+00	2022-10-18 19:45:37.387422+00
0183eca1-4c76-fd1f-a6aa-e01a1d44cd69	3	37	\N	2022-10-18 19:45:37.387422+00	2022-10-18 19:45:37.387422+00
0183eca7-62a9-d4ef-a9d2-d6553929f9c0	6	45	\N	2022-10-18 19:52:16.269124+00	2022-10-18 19:52:16.269124+00
0183eca7-62a9-d4ef-a9d2-d6553929f9c0	9	44	\N	2022-10-18 19:52:16.269124+00	2022-10-18 19:52:16.269124+00
0183eca7-62a9-d4ef-a9d2-d6553929f9c0	10	44	\N	2022-10-18 19:52:16.269124+00	2022-10-18 19:52:16.269124+00
0183eca7-62a9-d4ef-a9d2-d6553929f9c0	11	79	College	2022-10-18 19:52:16.269124+00	2022-10-18 19:52:16.269124+00
0183ecac-d2d6-3c19-48d4-85df3ae54039	1	1	\N	2022-10-18 19:58:12.645534+00	2022-10-18 19:58:12.645534+00
0183ecac-d2d6-3c19-48d4-85df3ae54039	4	40	\N	2022-10-18 19:58:12.645534+00	2022-10-18 19:58:12.645534+00
0183ecac-d2d6-3c19-48d4-85df3ae54039	5	61	\N	2022-10-18 19:58:12.645534+00	2022-10-18 19:58:12.645534+00
0183ecbe-59af-08dd-c9dc-a85fab0abb44	6	45	\N	2022-10-18 20:17:21.303733+00	2022-10-18 20:17:21.303733+00
0183ecbe-59af-08dd-c9dc-a85fab0abb44	10	49	\N	2022-10-18 20:17:21.303733+00	2022-10-18 20:17:21.303733+00
0183ecbe-99ad-ba81-9b6d-735c6e870662	1	2	\N	2022-10-18 20:17:37.672037+00	2022-10-18 20:17:37.672037+00
0183ecbe-99ad-ba81-9b6d-735c6e870662	4	69	\N	2022-10-18 20:17:37.672037+00	2022-10-18 20:17:37.672037+00
0183ecbe-99ad-ba81-9b6d-735c6e870662	5	37	\N	2022-10-18 20:17:37.672037+00	2022-10-18 20:17:37.672037+00
0183eccc-10d6-245f-4317-218a78a394da	1	1	\N	2022-10-18 20:32:20.149508+00	2022-10-18 20:32:20.149508+00
0183eccc-10d6-245f-4317-218a78a394da	4	40	\N	2022-10-18 20:32:20.149508+00	2022-10-18 20:32:20.149508+00
0183eccc-10d6-245f-4317-218a78a394da	5	61	\N	2022-10-18 20:32:20.149508+00	2022-10-18 20:32:20.149508+00
0183ece1-4922-989c-2bb7-835a533b5079	6	46	\N	2022-10-18 20:55:30.823893+00	2022-10-18 20:55:30.823893+00
0183ece6-e10c-4163-d51d-2b744ccade09	1	2	\N	2022-10-18 21:01:37.377687+00	2022-10-18 21:01:37.377687+00
0183ece6-e10c-4163-d51d-2b744ccade09	4	40	\N	2022-10-18 21:01:37.377687+00	2022-10-18 21:01:37.377687+00
0183ece6-e10c-4163-d51d-2b744ccade09	5	37	\N	2022-10-18 21:01:37.377687+00	2022-10-18 21:01:37.377687+00
0183ece7-5102-1748-29cf-e9bb2a3f55c4	6	46	\N	2022-10-18 21:02:06.059604+00	2022-10-18 21:02:06.059604+00
0183ece7-5102-1748-29cf-e9bb2a3f55c4	9	44	\N	2022-10-18 21:02:06.059604+00	2022-10-18 21:02:06.059604+00
0183ece7-5102-1748-29cf-e9bb2a3f55c4	10	44	\N	2022-10-18 21:02:06.059604+00	2022-10-18 21:02:06.059604+00
0183ece7-b4e4-a9b2-0ed8-8d8fcfb4067f	6	46	\N	2022-10-18 21:02:31.629759+00	2022-10-18 21:02:31.629759+00
0183ece7-b4e4-a9b2-0ed8-8d8fcfb4067f	9	44	\N	2022-10-18 21:02:31.629759+00	2022-10-18 21:02:31.629759+00
0183ece7-b4e4-a9b2-0ed8-8d8fcfb4067f	10	44	\N	2022-10-18 21:02:31.629759+00	2022-10-18 21:02:31.629759+00
0183ece7-f665-71c6-3e66-7937ca30fc37	6	46	\N	2022-10-18 21:02:48.369935+00	2022-10-18 21:02:48.369935+00
0183ece7-f665-71c6-3e66-7937ca30fc37	9	44	\N	2022-10-18 21:02:48.369935+00	2022-10-18 21:02:48.369935+00
0183ece7-f665-71c6-3e66-7937ca30fc37	10	48	\N	2022-10-18 21:02:48.369935+00	2022-10-18 21:02:48.369935+00
0183ecee-6406-16d4-f9b2-efe73822fbd1	1	2	\N	2022-10-18 21:09:49.655422+00	2022-10-18 21:09:49.655422+00
0183ecee-6406-16d4-f9b2-efe73822fbd1	4	69	\N	2022-10-18 21:09:49.655422+00	2022-10-18 21:09:49.655422+00
0183ecee-6406-16d4-f9b2-efe73822fbd1	5	61	\N	2022-10-18 21:09:49.655422+00	2022-10-18 21:09:49.655422+00
0183ecee-bba1-8d6a-de4d-159943c57952	6	46	\N	2022-10-18 21:10:12.127374+00	2022-10-18 21:10:12.127374+00
0183ecef-9a29-edaa-0e6e-87252dd32945	6	46	\N	2022-10-18 21:11:09.071381+00	2022-10-18 21:11:09.071381+00
0183ecef-9a29-edaa-0e6e-87252dd32945	11	79	Aaa	2022-10-18 21:11:09.071381+00	2022-10-18 21:11:09.071381+00
0183f17f-6d16-2675-4adf-54dd97897b45	1	2	\N	2022-10-19 18:26:43.586442+00	2022-10-19 18:26:43.586442+00
0183f17f-6d16-2675-4adf-54dd97897b45	4	40	\N	2022-10-19 18:26:43.586442+00	2022-10-19 18:26:43.586442+00
0183f17f-6d16-2675-4adf-54dd97897b45	5	61	\N	2022-10-19 18:26:43.586442+00	2022-10-19 18:26:43.586442+00
0183f185-b3c6-30bf-111b-a4507fad1f4c	1	1	\N	2022-10-19 18:33:34.853886+00	2022-10-19 18:33:34.853886+00
0183f185-b3c6-30bf-111b-a4507fad1f4c	4	41	\N	2022-10-19 18:33:34.853886+00	2022-10-19 18:33:34.853886+00
0183f185-b3c6-30bf-111b-a4507fad1f4c	5	61	\N	2022-10-19 18:33:34.853886+00	2022-10-19 18:33:34.853886+00
0183f186-8613-5407-4041-943050d89e5b	6	69	\N	2022-10-19 18:34:28.750461+00	2022-10-19 18:34:28.750461+00
0183f18a-69c0-49f1-14cc-ca64f2703017	1	1	\N	2022-10-19 18:38:43.611244+00	2022-10-19 18:38:43.611244+00
0183f18a-69c0-49f1-14cc-ca64f2703017	4	42	\N	2022-10-19 18:38:43.611244+00	2022-10-19 18:38:43.611244+00
0183f18a-69c0-49f1-14cc-ca64f2703017	5	61	\N	2022-10-19 18:38:43.611244+00	2022-10-19 18:38:43.611244+00
0183f19b-ae32-c573-a73a-f83521fd5f65	6	69	\N	2022-10-19 18:57:35.252606+00	2022-10-19 18:57:35.252606+00
0183f19b-ae32-c573-a73a-f83521fd5f65	9	49	\N	2022-10-19 18:57:35.252606+00	2022-10-19 18:57:35.252606+00
0183f19b-ae32-c573-a73a-f83521fd5f65	7	55	\N	2022-10-19 18:57:35.252606+00	2022-10-19 18:57:35.252606+00
0183f19b-d9ec-d0ec-d1b0-e57e8bc700bc	1	3	\N	2022-10-19 18:57:46.474946+00	2022-10-19 18:57:46.474946+00
0183f19b-d9ec-d0ec-d1b0-e57e8bc700bc	4	62	\N	2022-10-19 18:57:46.474946+00	2022-10-19 18:57:46.474946+00
0183f19b-d9ec-d0ec-d1b0-e57e8bc700bc	5	37	\N	2022-10-19 18:57:46.474946+00	2022-10-19 18:57:46.474946+00
0183f1bd-ce77-dfcc-0d5e-8ad1497cf4e3	1	2	\N	2022-10-19 19:34:51.746997+00	2022-10-19 19:34:51.746997+00
0183f1bd-ce77-dfcc-0d5e-8ad1497cf4e3	4	69	\N	2022-10-19 19:34:51.746997+00	2022-10-19 19:34:51.746997+00
0183f1bd-ce77-dfcc-0d5e-8ad1497cf4e3	5	61	\N	2022-10-19 19:34:51.746997+00	2022-10-19 19:34:51.746997+00
0183f1c0-8b92-44de-17fa-4061dbd38c19	6	46	\N	2022-10-19 19:37:51.214008+00	2022-10-19 19:37:51.214008+00
0183f1c5-3ebf-262d-aaf1-eb57643afd71	1	3	\N	2022-10-19 19:42:59.262234+00	2022-10-19 19:42:59.262234+00
0183f1c5-3ebf-262d-aaf1-eb57643afd71	4	40	\N	2022-10-19 19:42:59.262234+00	2022-10-19 19:42:59.262234+00
0183f1c5-3ebf-262d-aaf1-eb57643afd71	5	37	\N	2022-10-19 19:42:59.262234+00	2022-10-19 19:42:59.262234+00
0183f22b-31d1-02f7-ee0b-f6b89a775c86	1	2	\N	2022-10-19 21:34:20.58793+00	2022-10-19 21:34:20.58793+00
0183f22b-31d1-02f7-ee0b-f6b89a775c86	4	69	\N	2022-10-19 21:34:20.58793+00	2022-10-19 21:34:20.58793+00
0183f22b-31d1-02f7-ee0b-f6b89a775c86	5	37	\N	2022-10-19 21:34:20.58793+00	2022-10-19 21:34:20.58793+00
0183f22c-7386-60f0-6478-85912083ee05	6	47	\N	2022-10-19 21:35:42.959627+00	2022-10-19 21:35:42.959627+00
0183f22c-7386-60f0-6478-85912083ee05	9	49	\N	2022-10-19 21:35:42.959627+00	2022-10-19 21:35:42.959627+00
0183f230-a34c-a6d4-51a9-3b8b07221172	1	1	\N	2022-10-19 21:40:17.322855+00	2022-10-19 21:40:17.322855+00
0183f230-a34c-a6d4-51a9-3b8b07221172	4	40	\N	2022-10-19 21:40:17.322855+00	2022-10-19 21:40:17.322855+00
0183f230-a34c-a6d4-51a9-3b8b07221172	5	37	\N	2022-10-19 21:40:17.322855+00	2022-10-19 21:40:17.322855+00
0183f242-aa64-c0c5-6751-cf41cdbd4b2b	1	1	\N	2022-10-19 21:59:58.819369+00	2022-10-19 21:59:58.819369+00
0183f242-aa64-c0c5-6751-cf41cdbd4b2b	4	40	\N	2022-10-19 21:59:58.819369+00	2022-10-19 21:59:58.819369+00
0183f242-aa64-c0c5-6751-cf41cdbd4b2b	5	37	\N	2022-10-19 21:59:58.819369+00	2022-10-19 21:59:58.819369+00
0183f250-3f97-bc01-9a01-993015b88e77	1	1	\N	2022-10-19 22:14:48.926266+00	2022-10-19 22:14:48.926266+00
0183f250-3f97-bc01-9a01-993015b88e77	4	69	\N	2022-10-19 22:14:48.926266+00	2022-10-19 22:14:48.926266+00
0183f250-3f97-bc01-9a01-993015b88e77	5	37	\N	2022-10-19 22:14:48.926266+00	2022-10-19 22:14:48.926266+00
0183f251-6395-1854-5da0-e9d85e9994bb	6	46	\N	2022-10-19 22:16:03.703436+00	2022-10-19 22:16:03.703436+00
0183f251-6395-1854-5da0-e9d85e9994bb	10	48	\N	2022-10-19 22:16:03.703436+00	2022-10-19 22:16:03.703436+00
0183f256-2805-fbb6-4c30-f627fd5041fc	1	2	\N	2022-10-19 22:21:16.131599+00	2022-10-19 22:21:16.131599+00
0183f256-2805-fbb6-4c30-f627fd5041fc	4	40	\N	2022-10-19 22:21:16.131599+00	2022-10-19 22:21:16.131599+00
0183f256-2805-fbb6-4c30-f627fd5041fc	5	37	\N	2022-10-19 22:21:16.131599+00	2022-10-19 22:21:16.131599+00
0183f259-3f22-0472-bff8-8a58cd5278fd	6	46	\N	2022-10-19 22:24:38.663891+00	2022-10-19 22:24:38.663891+00
0183f259-3f22-0472-bff8-8a58cd5278fd	9	44	\N	2022-10-19 22:24:38.663891+00	2022-10-19 22:24:38.663891+00
0183f657-f11f-75f3-f01c-086cb3e9aa64	1	2	\N	2022-10-20 17:01:42.046299+00	2022-10-20 17:01:42.046299+00
0183f657-f11f-75f3-f01c-086cb3e9aa64	4	41	\N	2022-10-20 17:01:42.046299+00	2022-10-20 17:01:42.046299+00
0183f657-f11f-75f3-f01c-086cb3e9aa64	5	61	\N	2022-10-20 17:01:42.046299+00	2022-10-20 17:01:42.046299+00
0183f679-30d5-2099-9455-e630deeea2a0	6	46	\N	2022-10-20 17:38:01.043671+00	2022-10-20 17:38:01.043671+00
0183f679-30d5-2099-9455-e630deeea2a0	9	48	\N	2022-10-20 17:38:01.043671+00	2022-10-20 17:38:01.043671+00
0183f679-30d5-2099-9455-e630deeea2a0	10	48	\N	2022-10-20 17:38:01.043671+00	2022-10-20 17:38:01.043671+00
0183f679-30d5-2099-9455-e630deeea2a0	11	79	favorite webapp test	2022-10-20 17:38:01.043671+00	2022-10-20 17:38:01.043671+00
0183f694-6114-2cb8-f9bc-48fd7d8ddee3	1	4	\N	2022-10-20 18:07:42.866486+00	2022-10-20 18:07:42.866486+00
0183f694-6114-2cb8-f9bc-48fd7d8ddee3	4	41	\N	2022-10-20 18:07:42.866486+00	2022-10-20 18:07:42.866486+00
0183f694-6114-2cb8-f9bc-48fd7d8ddee3	5	37	\N	2022-10-20 18:07:42.866486+00	2022-10-20 18:07:42.866486+00
0183f6a7-9f0b-b7c3-cc00-8e4b54b73d74	6	44	\N	2022-10-20 18:28:43.895464+00	2022-10-20 18:28:43.895464+00
0183f6a7-9f0b-b7c3-cc00-8e4b54b73d74	7	68	\N	2022-10-20 18:28:43.895464+00	2022-10-20 18:28:43.895464+00
0183f6a7-9f0b-b7c3-cc00-8e4b54b73d74	9	48	\N	2022-10-20 18:28:43.895464+00	2022-10-20 18:28:43.895464+00
0183f6a7-9f0b-b7c3-cc00-8e4b54b73d74	10	44	\N	2022-10-20 18:28:43.895464+00	2022-10-20 18:28:43.895464+00
0183f6a7-9f0b-b7c3-cc00-8e4b54b73d74	11	79	dfgsdfsdf	2022-10-20 18:28:43.895464+00	2022-10-20 18:28:43.895464+00
0183f6a7-f753-2885-6c35-4c880a1affa8	13	44	\N	2022-10-20 18:29:06.482772+00	2022-10-20 18:29:06.482772+00
0183f6a7-f753-2885-6c35-4c880a1affa8	7	68	\N	2022-10-20 18:29:06.482772+00	2022-10-20 18:29:06.482772+00
0183f6a7-f753-2885-6c35-4c880a1affa8	14	61	\N	2022-10-20 18:29:06.482772+00	2022-10-20 18:29:06.482772+00
0183f6a7-f753-2885-6c35-4c880a1affa8	17	58	\N	2022-10-20 18:29:06.482772+00	2022-10-20 18:29:06.482772+00
0183f6a7-f753-2885-6c35-4c880a1affa8	18	74	\N	2022-10-20 18:29:06.482772+00	2022-10-20 18:29:06.482772+00
0183f6a7-f753-2885-6c35-4c880a1affa8	19	79	aaaaaa	2022-10-20 18:29:06.482772+00	2022-10-20 18:29:06.482772+00
0183f722-25d3-5583-b0e3-2016940e4d1d	1	2	\N	2022-10-20 20:42:33.762493+00	2022-10-20 20:42:33.762493+00
0183f722-25d3-5583-b0e3-2016940e4d1d	4	69	\N	2022-10-20 20:42:33.762493+00	2022-10-20 20:42:33.762493+00
0183f722-25d3-5583-b0e3-2016940e4d1d	5	37	\N	2022-10-20 20:42:33.762493+00	2022-10-20 20:42:33.762493+00
0183f723-4567-2c69-ebbb-38453c083a98	6	46	\N	2022-10-20 20:43:47.41224+00	2022-10-20 20:43:47.41224+00
0183f723-4567-2c69-ebbb-38453c083a98	9	44	\N	2022-10-20 20:43:47.41224+00	2022-10-20 20:43:47.41224+00
0183f723-4567-2c69-ebbb-38453c083a98	10	48	\N	2022-10-20 20:43:47.41224+00	2022-10-20 20:43:47.41224+00
0183f727-1233-e106-c0d6-85790b41cbcd	1	2	\N	2022-10-20 20:47:56.416935+00	2022-10-20 20:47:56.416935+00
0183f727-1233-e106-c0d6-85790b41cbcd	4	41	\N	2022-10-20 20:47:56.416935+00	2022-10-20 20:47:56.416935+00
0183f727-1233-e106-c0d6-85790b41cbcd	5	61	\N	2022-10-20 20:47:56.416935+00	2022-10-20 20:47:56.416935+00
01840b35-51b5-9450-ce3b-706e816c20b8	1	3	\N	2022-10-24 18:15:54.548497+00	2022-10-24 18:15:54.548497+00
01840b35-51b5-9450-ce3b-706e816c20b8	4	41	\N	2022-10-24 18:15:54.548497+00	2022-10-24 18:15:54.548497+00
01840b35-51b5-9450-ce3b-706e816c20b8	5	61	\N	2022-10-24 18:15:54.548497+00	2022-10-24 18:15:54.548497+00
01840b35-e5a4-1351-024c-33bc12ff0083	13	44	\N	2022-10-24 18:16:32.385626+00	2022-10-24 18:16:32.385626+00
01840b35-e5a4-1351-024c-33bc12ff0083	7	68	\N	2022-10-24 18:16:32.385626+00	2022-10-24 18:16:32.385626+00
01840b35-e5a4-1351-024c-33bc12ff0083	14	37	\N	2022-10-24 18:16:32.385626+00	2022-10-24 18:16:32.385626+00
01840b35-e5a4-1351-024c-33bc12ff0083	17	64	\N	2022-10-24 18:16:32.385626+00	2022-10-24 18:16:32.385626+00
01840b36-0190-fd47-6bb0-337a93fe4bd4	6	45	\N	2022-10-24 18:16:39.565494+00	2022-10-24 18:16:39.565494+00
01840b36-0190-fd47-6bb0-337a93fe4bd4	9	44	\N	2022-10-24 18:16:39.565494+00	2022-10-24 18:16:39.565494+00
01840b36-0190-fd47-6bb0-337a93fe4bd4	10	44	\N	2022-10-24 18:16:39.565494+00	2022-10-24 18:16:39.565494+00
01840b36-0190-fd47-6bb0-337a93fe4bd4	11	79	gtttt	2022-10-24 18:16:39.565494+00	2022-10-24 18:16:39.565494+00
01841076-117c-8712-21da-c4c07c053ec4	1	3	\N	2022-10-25 18:44:44.026117+00	2022-10-25 18:44:44.026117+00
01841076-117c-8712-21da-c4c07c053ec4	4	41	\N	2022-10-25 18:44:44.026117+00	2022-10-25 18:44:44.026117+00
01841076-117c-8712-21da-c4c07c053ec4	5	36	\N	2022-10-25 18:44:44.026117+00	2022-10-25 18:44:44.026117+00
01841076-9365-1acb-4b01-2aa022f8668c	6	44	\N	2022-10-25 18:45:17.261225+00	2022-10-25 18:45:17.261225+00
01841076-9365-1acb-4b01-2aa022f8668c	7	53	\N	2022-10-25 18:45:17.261225+00	2022-10-25 18:45:17.261225+00
01841076-9365-1acb-4b01-2aa022f8668c	7	56	\N	2022-10-25 18:45:17.261225+00	2022-10-25 18:45:17.261225+00
01841076-9365-1acb-4b01-2aa022f8668c	7	54	\N	2022-10-25 18:45:17.261225+00	2022-10-25 18:45:17.261225+00
01841076-9365-1acb-4b01-2aa022f8668c	7	55	\N	2022-10-25 18:45:17.261225+00	2022-10-25 18:45:17.261225+00
01841076-9365-1acb-4b01-2aa022f8668c	7	52	\N	2022-10-25 18:45:17.261225+00	2022-10-25 18:45:17.261225+00
01841076-9365-1acb-4b01-2aa022f8668c	7	68	\N	2022-10-25 18:45:17.261225+00	2022-10-25 18:45:17.261225+00
01841076-9365-1acb-4b01-2aa022f8668c	9	44	\N	2022-10-25 18:45:17.261225+00	2022-10-25 18:45:17.261225+00
01841076-9365-1acb-4b01-2aa022f8668c	10	44	\N	2022-10-25 18:45:17.261225+00	2022-10-25 18:45:17.261225+00
01841076-9365-1acb-4b01-2aa022f8668c	11	79	test for job	2022-10-25 18:45:17.261225+00	2022-10-25 18:45:17.261225+00
01841076-dde0-49c8-c924-b35184f713d7	13	69	\N	2022-10-25 18:45:36.322778+00	2022-10-25 18:45:36.322778+00
01841076-dde0-49c8-c924-b35184f713d7	7	55	\N	2022-10-25 18:45:36.322778+00	2022-10-25 18:45:36.322778+00
01841076-dde0-49c8-c924-b35184f713d7	7	65	\N	2022-10-25 18:45:36.322778+00	2022-10-25 18:45:36.322778+00
01841076-dde0-49c8-c924-b35184f713d7	7	66	\N	2022-10-25 18:45:36.322778+00	2022-10-25 18:45:36.322778+00
01841076-dde0-49c8-c924-b35184f713d7	7	68	\N	2022-10-25 18:45:36.322778+00	2022-10-25 18:45:36.322778+00
01841076-dde0-49c8-c924-b35184f713d7	7	67	\N	2022-10-25 18:45:36.322778+00	2022-10-25 18:45:36.322778+00
01841076-dde0-49c8-c924-b35184f713d7	14	36	\N	2022-10-25 18:45:36.322778+00	2022-10-25 18:45:36.322778+00
01841076-dde0-49c8-c924-b35184f713d7	17	58	\N	2022-10-25 18:45:36.322778+00	2022-10-25 18:45:36.322778+00
01841076-dde0-49c8-c924-b35184f713d7	18	72	\N	2022-10-25 18:45:36.322778+00	2022-10-25 18:45:36.322778+00
01841076-dde0-49c8-c924-b35184f713d7	18	73	\N	2022-10-25 18:45:36.322778+00	2022-10-25 18:45:36.322778+00
01841076-dde0-49c8-c924-b35184f713d7	18	74	\N	2022-10-25 18:45:36.322778+00	2022-10-25 18:45:36.322778+00
01841076-dde0-49c8-c924-b35184f713d7	18	75	\N	2022-10-25 18:45:36.322778+00	2022-10-25 18:45:36.322778+00
01841076-dde0-49c8-c924-b35184f713d7	18	76	\N	2022-10-25 18:45:36.322778+00	2022-10-25 18:45:36.322778+00
01841076-dde0-49c8-c924-b35184f713d7	18	78	\N	2022-10-25 18:45:36.322778+00	2022-10-25 18:45:36.322778+00
01841076-dde0-49c8-c924-b35184f713d7	18	77	\N	2022-10-25 18:45:36.322778+00	2022-10-25 18:45:36.322778+00
\.


--
-- Data for Name: users_training_courses; Type: TABLE DATA; Schema: upchieve; Owner: admin
--

COPY upchieve.users_training_courses (user_id, training_course_id, complete, progress, completed_materials, created_at, updated_at) FROM stdin;
\.


--
-- Data for Name: users_volunteer_partner_orgs_instances; Type: TABLE DATA; Schema: upchieve; Owner: admin
--

COPY upchieve.users_volunteer_partner_orgs_instances (user_id, volunteer_partner_org_id, deactivated_on, created_at, updated_at) FROM stdin;
\.


--
-- Data for Name: volunteer_occupations; Type: TABLE DATA; Schema: upchieve; Owner: admin
--

COPY upchieve.volunteer_occupations (user_id, occupation, created_at, updated_at) FROM stdin;
\.


--
-- Data for Name: volunteer_partner_orgs_upchieve_instances; Type: TABLE DATA; Schema: upchieve; Owner: admin
--

COPY upchieve.volunteer_partner_orgs_upchieve_instances (id, volunteer_partner_org_id, deactivated_on, created_at, updated_at) FROM stdin;
\.


--
-- Data for Name: volunteer_profiles; Type: TABLE DATA; Schema: upchieve; Owner: admin
--

COPY upchieve.volunteer_profiles (user_id, volunteer_partner_org_id, timezone, approved, onboarded, photo_id_s3_key, photo_id_status, linkedin_url, college, company, languages, experience, city, state, country, created_at, updated_at, total_volunteer_hours, elapsed_availability) FROM stdin;
018385ae-3f64-10f6-4df2-d0ac1cdc59de	018385ae-3f49-2462-0aeb-948b35f5b1cf	America/New_York	t	t	\N	\N	\N	Volunteer College	\N	\N	\N	\N	\N	\N	2022-09-28 19:58:52.79633+00	2022-09-28 19:58:52.79633+00	\N	\N
018385ae-3f64-6e9e-8681-da7df3db7532	018385ae-3f49-3ecb-5e48-bea3ed393256	America/New_York	t	t	\N	\N	\N	Volunteer College	\N	\N	\N	\N	\N	\N	2022-09-28 19:58:52.797713+00	2022-09-28 19:58:52.797713+00	\N	\N
018385ae-3f64-51af-d6a8-68f335fc6206	\N	America/Denver	t	t	\N	\N	\N	Volunteer College	\N	\N	\N	\N	\N	\N	2022-09-28 19:58:52.798721+00	2022-09-28 19:58:52.798721+00	\N	\N
018385ae-3f64-ae8b-6888-40cfe1620ccd	\N	America/New_York	t	f	\N	\N	\N	Volunteer College	\N	\N	\N	\N	\N	\N	2022-09-28 19:58:52.799784+00	2022-09-28 19:58:52.799784+00	\N	\N
018385ae-3f64-7f4f-e491-26f2d51fb85c	\N	America/New_York	f	f	\N	\N	\N	Volunteer College	\N	\N	\N	\N	\N	\N	2022-09-28 19:58:52.800871+00	2022-09-28 19:58:52.800871+00	\N	\N
018385ae-3f64-9adc-011e-c78d30991b66	\N	America/New_York	t	t	\N	\N	\N		\N	\N	\N	\N	\N	\N	2022-09-28 19:58:52.801842+00	2022-09-28 19:58:52.801842+00	\N	\N
\.


--
-- Data for Name: volunteer_reference_statuses; Type: TABLE DATA; Schema: upchieve; Owner: admin
--

COPY upchieve.volunteer_reference_statuses (id, name, created_at, updated_at) FROM stdin;
1	sent	2022-09-28 19:58:50.044044+00	2022-09-28 19:58:50.044044+00
2	submitted	2022-09-28 19:58:50.045266+00	2022-09-28 19:58:50.045266+00
3	approved	2022-09-28 19:58:50.046736+00	2022-09-28 19:58:50.046736+00
4	rejected	2022-09-28 19:58:50.047899+00	2022-09-28 19:58:50.047899+00
5	removed	2022-09-28 19:58:50.049074+00	2022-09-28 19:58:50.049074+00
6	unsent	2022-09-28 19:58:50.050194+00	2022-09-28 19:58:50.050194+00
\.


--
-- Data for Name: volunteer_references; Type: TABLE DATA; Schema: upchieve; Owner: admin
--

COPY upchieve.volunteer_references (id, user_id, first_name, last_name, email, status_id, sent_at, affiliation, relationship_length, patient, positive_role_model, agreeable_and_approachable, communicates_effectively, rejection_reason, additional_info, created_at, updated_at, trustworthy_with_children) FROM stdin;
\.


--
-- Name: ban_reasons_id_seq; Type: SEQUENCE SET; Schema: upchieve; Owner: admin
--

SELECT pg_catalog.setval('upchieve.ban_reasons_id_seq', 5, true);


--
-- Name: certifications_id_seq; Type: SEQUENCE SET; Schema: upchieve; Owner: admin
--

SELECT pg_catalog.setval('upchieve.certifications_id_seq', 28, true);


--
-- Name: cities_id_seq; Type: SEQUENCE SET; Schema: upchieve; Owner: admin
--

SELECT pg_catalog.setval('upchieve.cities_id_seq', 2, true);


--
-- Name: grade_levels_id_seq; Type: SEQUENCE SET; Schema: upchieve; Owner: admin
--

SELECT pg_catalog.setval('upchieve.grade_levels_id_seq', 6, true);


--
-- Name: ip_addresses_id_seq; Type: SEQUENCE SET; Schema: upchieve; Owner: admin
--

SELECT pg_catalog.setval('upchieve.ip_addresses_id_seq', 1, false);


--
-- Name: notification_methods_id_seq; Type: SEQUENCE SET; Schema: upchieve; Owner: admin
--

SELECT pg_catalog.setval('upchieve.notification_methods_id_seq', 4, true);


--
-- Name: notification_priority_groups_id_seq; Type: SEQUENCE SET; Schema: upchieve; Owner: admin
--

SELECT pg_catalog.setval('upchieve.notification_priority_groups_id_seq', 19, true);


--
-- Name: notification_types_id_seq; Type: SEQUENCE SET; Schema: upchieve; Owner: admin
--

SELECT pg_catalog.setval('upchieve.notification_types_id_seq', 2, true);


--
-- Name: photo_id_statuses_id_seq; Type: SEQUENCE SET; Schema: upchieve; Owner: admin
--

SELECT pg_catalog.setval('upchieve.photo_id_statuses_id_seq', 4, true);


--
-- Name: question_tags_id_seq; Type: SEQUENCE SET; Schema: upchieve; Owner: admin
--

SELECT pg_catalog.setval('upchieve.question_tags_id_seq', 1, false);


--
-- Name: question_types_id_seq; Type: SEQUENCE SET; Schema: upchieve; Owner: admin
--

SELECT pg_catalog.setval('upchieve.question_types_id_seq', 3, true);


--
-- Name: quiz_questions_id_seq; Type: SEQUENCE SET; Schema: upchieve; Owner: admin
--

SELECT pg_catalog.setval('upchieve.quiz_questions_id_seq', 407, true);


--
-- Name: quiz_subcategories_id_seq; Type: SEQUENCE SET; Schema: upchieve; Owner: admin
--

SELECT pg_catalog.setval('upchieve.quiz_subcategories_id_seq', 407, true);


--
-- Name: quizzes_id_seq; Type: SEQUENCE SET; Schema: upchieve; Owner: admin
--

SELECT pg_catalog.setval('upchieve.quizzes_id_seq', 32, true);


--
-- Name: report_reasons_id_seq; Type: SEQUENCE SET; Schema: upchieve; Owner: admin
--

SELECT pg_catalog.setval('upchieve.report_reasons_id_seq', 5, true);


--
-- Name: session_flags_id_seq; Type: SEQUENCE SET; Schema: upchieve; Owner: admin
--

SELECT pg_catalog.setval('upchieve.session_flags_id_seq', 16, true);


--
-- Name: signup_sources_id_seq; Type: SEQUENCE SET; Schema: upchieve; Owner: admin
--

SELECT pg_catalog.setval('upchieve.signup_sources_id_seq', 7, true);


--
-- Name: subjects_id_seq; Type: SEQUENCE SET; Schema: upchieve; Owner: admin
--

SELECT pg_catalog.setval('upchieve.subjects_id_seq', 31, true);


--
-- Name: survey_questions_id_seq; Type: SEQUENCE SET; Schema: upchieve; Owner: admin
--

SELECT pg_catalog.setval('upchieve.survey_questions_id_seq', 19, true);


--
-- Name: survey_questions_question_tags_id_seq; Type: SEQUENCE SET; Schema: upchieve; Owner: admin
--

SELECT pg_catalog.setval('upchieve.survey_questions_question_tags_id_seq', 1, false);


--
-- Name: survey_response_choices_id_seq; Type: SEQUENCE SET; Schema: upchieve; Owner: admin
--

SELECT pg_catalog.setval('upchieve.survey_response_choices_id_seq', 89, true);


--
-- Name: survey_types_id_seq; Type: SEQUENCE SET; Schema: upchieve; Owner: admin
--

SELECT pg_catalog.setval('upchieve.survey_types_id_seq', 3, true);


--
-- Name: surveys_id_seq; Type: SEQUENCE SET; Schema: upchieve; Owner: admin
--

SELECT pg_catalog.setval('upchieve.surveys_id_seq', 17, true);


--
-- Name: surveys_survey_questions_id_seq; Type: SEQUENCE SET; Schema: upchieve; Owner: admin
--

SELECT pg_catalog.setval('upchieve.surveys_survey_questions_id_seq', 63, true);


--
-- Name: tool_types_id_seq; Type: SEQUENCE SET; Schema: upchieve; Owner: admin
--

SELECT pg_catalog.setval('upchieve.tool_types_id_seq', 2, true);


--
-- Name: topics_id_seq; Type: SEQUENCE SET; Schema: upchieve; Owner: admin
--

SELECT pg_catalog.setval('upchieve.topics_id_seq', 6, true);


--
-- Name: training_courses_id_seq; Type: SEQUENCE SET; Schema: upchieve; Owner: admin
--

SELECT pg_catalog.setval('upchieve.training_courses_id_seq', 1, true);


--
-- Name: user_actions_id_seq; Type: SEQUENCE SET; Schema: upchieve; Owner: admin
--

SELECT pg_catalog.setval('upchieve.user_actions_id_seq', 1, false);


--
-- Name: user_roles_id_seq; Type: SEQUENCE SET; Schema: upchieve; Owner: admin
--

SELECT pg_catalog.setval('upchieve.user_roles_id_seq', 3, true);


--
-- Name: volunteer_reference_statuses_id_seq; Type: SEQUENCE SET; Schema: upchieve; Owner: admin
--

SELECT pg_catalog.setval('upchieve.volunteer_reference_statuses_id_seq', 6, true);


--
-- Name: weekdays_id_seq; Type: SEQUENCE SET; Schema: upchieve; Owner: admin
--

SELECT pg_catalog.setval('upchieve.weekdays_id_seq', 1, false);


--
-- PostgreSQL database dump complete
--

