--
-- PostgreSQL database dump
--

-- Dumped from database version 14.2 (Debian 14.2-1.pgdg110+1)
-- Dumped by pg_dump version 14.1

SET statement_timeout = 0;
SET lock_timeout = 0;
SET idle_in_transaction_session_timeout = 0;
SET client_encoding = 'UTF8';
SET standard_conforming_strings = on;
SELECT pg_catalog.set_config('search_path', '', false);
SET check_function_bodies = false;
SET xmloption = content;
SET client_min_messages = warning;
SET row_security = off;

--
-- Data for Name: ban_reasons; Type: TABLE DATA; Schema: upchieve; Owner: admin
--

COPY upchieve.ban_reasons (id, name, created_at, updated_at) FROM stdin;
1	non us signup	2022-04-15 21:44:29.804594+00	2022-04-15 21:44:29.804594+00
2	session reported	2022-04-15 21:44:29.806616+00	2022-04-15 21:44:29.806616+00
3	used banned ip	2022-04-15 21:44:29.808283+00	2022-04-15 21:44:29.808283+00
4	admin	2022-04-15 21:44:29.810046+00	2022-04-15 21:44:29.810046+00
5	banned service provider	2022-04-15 21:44:29.811747+00	2022-04-15 21:44:29.811747+00
\.


--
-- Data for Name: signup_sources; Type: TABLE DATA; Schema: upchieve; Owner: admin
--

COPY upchieve.signup_sources (id, name, created_at, updated_at) FROM stdin;
1	Web search	2022-04-15 21:44:29.813626+00	2022-04-15 21:44:29.813626+00
2	Social media	2022-04-15 21:44:29.815695+00	2022-04-15 21:44:29.815695+00
3	Friend / Classmate	2022-04-15 21:44:29.817433+00	2022-04-15 21:44:29.817433+00
4	School / Teacher	2022-04-15 21:44:29.819139+00	2022-04-15 21:44:29.819139+00
5	Parent / Relative	2022-04-15 21:44:29.821071+00	2022-04-15 21:44:29.821071+00
6	Other	2022-04-15 21:44:29.822812+00	2022-04-15 21:44:29.822812+00
\.


--
-- Data for Name: users; Type: TABLE DATA; Schema: upchieve; Owner: admin
--

COPY upchieve.users (id, verified, email_verified, phone_verified, email, password, password_reset_token, first_name, last_name, deactivated, last_activity_at, referral_code, referred_by, test_user, banned, ban_reason_id, time_tutored, signup_source_id, created_at, updated_at, phone, mongo_id) FROM stdin;
01802f2f-5d4e-c08a-a5c0-1e24ec179352	t	f	f	volunteer1@upchieve.org	$2a$10$z.JMHnbX9IubnNZtqI.FOecTPVY1VTU1DJ6AJGIOT/x/OyAtdw3.y	\N	Partner	UPchieve	f	\N	B	\N	f	f	\N	25200000	\N	2022-04-15 21:44:34.902283+00	2022-04-15 21:44:34.902283+00	+12125551212	\N
01802f2f-5d4e-8d48-9aa5-13b65ab47419	t	f	f	volunteer2@upchieve.org	$2a$10$z.JMHnbX9IubnNZtqI.FOecTPVY1VTU1DJ6AJGIOT/x/OyAtdw3.y	\N	Special Reporting	UPchieve	f	\N	C	\N	f	f	\N	25200000	\N	2022-04-15 21:44:34.905872+00	2022-04-15 21:44:34.905872+00	+12125551213	\N
01802f2f-5d4e-3220-77d2-4071de37e0de	t	f	f	volunteer3@upchieve.org	$2a$10$z.JMHnbX9IubnNZtqI.FOecTPVY1VTU1DJ6AJGIOT/x/OyAtdw3.y	\N	Open Sign Up	UPchieve	f	\N	D	\N	f	f	\N	25200000	\N	2022-04-15 21:44:34.908898+00	2022-04-15 21:44:34.908898+00	+12125551214	\N
01802f2f-5d4e-7145-39ce-893108585a42	t	f	f	volunteer4@upchieve.org	$2a$10$z.JMHnbX9IubnNZtqI.FOecTPVY1VTU1DJ6AJGIOT/x/OyAtdw3.y	\N	Needs Onboarding	UPchieve	f	\N	E	\N	f	f	\N	0	\N	2022-04-15 21:44:34.911134+00	2022-04-15 21:44:34.911134+00	+12125551215	\N
01802f2f-5d4e-e052-55ef-24d373acce61	t	f	f	volunteer5@upchieve.org	$2a$10$z.JMHnbX9IubnNZtqI.FOecTPVY1VTU1DJ6AJGIOT/x/OyAtdw3.y	\N	Needs Approval	UPchieve	f	\N	Z	\N	f	f	\N	0	\N	2022-04-15 21:44:34.913391+00	2022-04-15 21:44:34.913391+00	+12125551216	\N
01802f2f-5d4e-4951-9f47-8f46e81501fb	t	f	f	volunteer6@upchieve.org	$2a$10$z.JMHnbX9IubnNZtqI.FOecTPVY1VTU1DJ6AJGIOT/x/OyAtdw3.y	\N	Admin	UPchieve	f	\N	Y	\N	f	f	\N	0	\N	2022-04-15 21:44:34.915701+00	2022-04-15 21:44:34.915701+00	+12125551217	\N
01802f2f-5e0a-3019-1faf-06ef5d762ecd	t	f	f	student1@upchieve.org	$2a$10$z.JMHnbX9IubnNZtqI.FOecTPVY1VTU1DJ6AJGIOT/x/OyAtdw3.y	\N	Student	UPchieve	f	\N	A	\N	f	f	\N	\N	\N	2022-04-15 21:44:35.089853+00	2022-04-15 21:44:35.089853+00	\N	\N
01802f2f-5e0a-f40a-b7aa-fc52dde5925a	t	f	f	student2@upchieve.org	$2a$10$z.JMHnbX9IubnNZtqI.FOecTPVY1VTU1DJ6AJGIOT/x/OyAtdw3.y	\N	Student	UPchieve	f	\N	F	\N	f	f	\N	\N	\N	2022-04-15 21:44:35.091887+00	2022-04-15 21:44:35.091887+00	\N	\N
01802f2f-5e0a-6d2a-9b2f-ac055eba6eb8	t	f	f	student3@upchieve.org	$2a$10$z.JMHnbX9IubnNZtqI.FOecTPVY1VTU1DJ6AJGIOT/x/OyAtdw3.y	\N	Student	UPchieve	f	\N	G	\N	f	f	\N	\N	\N	2022-04-15 21:44:35.093857+00	2022-04-15 21:44:35.093857+00	\N	\N
\.


--
-- Data for Name: admin_profiles; Type: TABLE DATA; Schema: upchieve; Owner: admin
--

COPY upchieve.admin_profiles (user_id, created_at, updated_at) FROM stdin;
01802f2f-5d4e-4951-9f47-8f46e81501fb	2022-04-15 21:44:35.087362+00	2022-04-15 21:44:35.087362+00
\.


--
-- Data for Name: tool_types; Type: TABLE DATA; Schema: upchieve; Owner: admin
--

COPY upchieve.tool_types (id, name, created_at, updated_at) FROM stdin;
1	whiteboard	2022-04-15 21:44:29.885914+00	2022-04-15 21:44:29.885914+00
2	documenteditor	2022-04-15 21:44:29.888032+00	2022-04-15 21:44:29.888032+00
\.


--
-- Data for Name: topics; Type: TABLE DATA; Schema: upchieve; Owner: admin
--

COPY upchieve.topics (id, name, icon_link, color, dashboard_order, display_name, created_at, updated_at) FROM stdin;
1	math	\N	\N	1	Math	2022-04-15 21:44:29.875388+00	2022-04-15 21:44:29.875388+00
2	science	\N	\N	4	Science	2022-04-15 21:44:29.877743+00	2022-04-15 21:44:29.877743+00
3	college	\N	\N	3	College Counseling	2022-04-15 21:44:29.879655+00	2022-04-15 21:44:29.879655+00
4	sat	\N	\N	2	Standardized Testing	2022-04-15 21:44:29.882019+00	2022-04-15 21:44:29.882019+00
5	readingWriting	\N	\N	5	Reading and Writing	2022-04-15 21:44:29.883981+00	2022-04-15 21:44:29.883981+00
\.


--
-- Data for Name: subjects; Type: TABLE DATA; Schema: upchieve; Owner: admin
--

COPY upchieve.subjects (id, name, display_name, display_order, topic_id, tool_type_id, created_at, updated_at) FROM stdin;
1	prealgebra	Prealgebra	1	1	1	2022-04-15 21:44:29.889928+00	2022-04-15 21:44:29.889928+00
2	algebraOne	Algebra 1	2	1	1	2022-04-15 21:44:29.892437+00	2022-04-15 21:44:29.892437+00
3	algebraTwo	Algebra 2	3	1	1	2022-04-15 21:44:29.894386+00	2022-04-15 21:44:29.894386+00
4	geometry	Geometry	4	1	1	2022-04-15 21:44:29.896226+00	2022-04-15 21:44:29.896226+00
5	trigonometry	Trigonometry	5	1	1	2022-04-15 21:44:29.898075+00	2022-04-15 21:44:29.898075+00
6	precalculus	Precalculus	6	1	1	2022-04-15 21:44:29.900072+00	2022-04-15 21:44:29.900072+00
7	calculusAB	Calculus AB	7	1	1	2022-04-15 21:44:29.902007+00	2022-04-15 21:44:29.902007+00
8	calculusBC	Calculus BC	8	1	1	2022-04-15 21:44:29.90382+00	2022-04-15 21:44:29.90382+00
9	statistics	Statistics	9	1	1	2022-04-15 21:44:29.905782+00	2022-04-15 21:44:29.905782+00
10	biology	Biology	1	2	1	2022-04-15 21:44:29.907573+00	2022-04-15 21:44:29.907573+00
11	chemistry	Chemistry	2	2	1	2022-04-15 21:44:29.909502+00	2022-04-15 21:44:29.909502+00
12	physicsOne	Physics 1	3	2	1	2022-04-15 21:44:29.911678+00	2022-04-15 21:44:29.911678+00
13	physicsTwo	Physics 2	4	2	1	2022-04-15 21:44:29.913527+00	2022-04-15 21:44:29.913527+00
14	environmentalScience	Environmental Science	5	2	1	2022-04-15 21:44:29.915501+00	2022-04-15 21:44:29.915501+00
15	satMath	SAT Math	1	4	1	2022-04-15 21:44:29.917525+00	2022-04-15 21:44:29.917525+00
16	satReading	SAT Reading	2	4	2	2022-04-15 21:44:29.919548+00	2022-04-15 21:44:29.919548+00
17	essays	College Essays	2	3	2	2022-04-15 21:44:29.921551+00	2022-04-15 21:44:29.921551+00
18	planning	Planning	1	3	2	2022-04-15 21:44:29.923561+00	2022-04-15 21:44:29.923561+00
19	applications	Applications	3	3	2	2022-04-15 21:44:29.925552+00	2022-04-15 21:44:29.925552+00
20	humanitiesEssays	Humanities Essays	1	5	2	2022-04-15 21:44:29.927643+00	2022-04-15 21:44:29.927643+00
21	integratedMathOne	Integrated Math One	9	1	1	2022-04-15 21:44:29.929547+00	2022-04-15 21:44:29.929547+00
22	integratedMathTwo	Integrated Math Two	9	1	1	2022-04-15 21:44:29.931667+00	2022-04-15 21:44:29.931667+00
23	integratedMathThree	Integrated Math Three	9	1	1	2022-04-15 21:44:29.935533+00	2022-04-15 21:44:29.935533+00
24	integratedMathFour	Integrated Math Four	9	1	1	2022-04-15 21:44:29.937524+00	2022-04-15 21:44:29.937524+00
\.


--
-- Data for Name: user_roles; Type: TABLE DATA; Schema: upchieve; Owner: admin
--

COPY upchieve.user_roles (id, name, created_at, updated_at) FROM stdin;
1	student	2022-04-15 21:44:29.798537+00	2022-04-15 21:44:29.798537+00
2	volunteer	2022-04-15 21:44:29.800863+00	2022-04-15 21:44:29.800863+00
3	admin	2022-04-15 21:44:29.802688+00	2022-04-15 21:44:29.802688+00
\.


--
-- Data for Name: sessions; Type: TABLE DATA; Schema: upchieve; Owner: admin
--

COPY upchieve.sessions (id, student_id, volunteer_id, subject_id, has_whiteboard_doc, quill_doc, volunteer_joined_at, ended_at, ended_by_role_id, reviewed, to_review, student_banned, time_tutored, created_at, updated_at, mongo_id) FROM stdin;
\.


--
-- Data for Name: assistments_data; Type: TABLE DATA; Schema: upchieve; Owner: admin
--

COPY upchieve.assistments_data (id, problem_id, assignment_id, student_id, session_id, sent, created_at, updated_at, sent_at, mongo_id) FROM stdin;
\.


--
-- Data for Name: sponsor_orgs; Type: TABLE DATA; Schema: upchieve; Owner: admin
--

COPY upchieve.sponsor_orgs (id, name, created_at, updated_at, key) FROM stdin;
\.


--
-- Data for Name: student_partner_orgs; Type: TABLE DATA; Schema: upchieve; Owner: admin
--

COPY upchieve.student_partner_orgs (id, key, name, signup_code, high_school_signup, college_signup, school_signup_required, created_at, updated_at) FROM stdin;
01802f2f-498a-98b9-42fd-92a008db96dc	college-mentors	College Mentors	MENTORS	t	f	t	2022-04-15 21:44:29.836357+00	2022-04-15 21:44:29.836357+00
01802f2f-498a-9d65-3a10-3ebcab8cf098	community-org	Community Org	COMMUNITY	t	f	f	2022-04-15 21:44:29.838506+00	2022-04-15 21:44:29.838506+00
01802f2f-498a-1c36-6c75-a1c6c7124f20	school-helpers	School Helpers	SCHOOLHELPERS	f	f	f	2022-04-15 21:44:29.840275+00	2022-04-15 21:44:29.840275+00
\.


--
-- Data for Name: volunteer_partner_orgs; Type: TABLE DATA; Schema: upchieve; Owner: admin
--

COPY upchieve.volunteer_partner_orgs (id, key, name, receive_weekly_hour_summary_email, created_at, updated_at) FROM stdin;
01802f2f-4996-a8b1-d44c-3cd7fe6afaae	big-telecom	Big Telecom	t	2022-04-15 21:44:29.848275+00	2022-04-15 21:44:29.848275+00
01802f2f-4996-5b45-b655-2107212954d9	health-co	Health Co	f	2022-04-15 21:44:29.850397+00	2022-04-15 21:44:29.850397+00
\.


--
-- Data for Name: associated_partners; Type: TABLE DATA; Schema: upchieve; Owner: admin
--

COPY upchieve.associated_partners (id, key, volunteer_partner_org_id, student_partner_org_id, student_sponsor_org_id, created_at, updated_at) FROM stdin;
\.


--
-- Data for Name: weekdays; Type: TABLE DATA; Schema: upchieve; Owner: admin
--

COPY upchieve.weekdays (id, day, created_at, updated_at) FROM stdin;
1	Sunday	2022-04-15 21:44:29.784181+00	2022-04-15 21:44:29.784181+00
2	Monday	2022-04-15 21:44:29.786762+00	2022-04-15 21:44:29.786762+00
3	Tuesday	2022-04-15 21:44:29.788745+00	2022-04-15 21:44:29.788745+00
4	Wednesday	2022-04-15 21:44:29.790683+00	2022-04-15 21:44:29.790683+00
5	Thursday	2022-04-15 21:44:29.792487+00	2022-04-15 21:44:29.792487+00
6	Friday	2022-04-15 21:44:29.794359+00	2022-04-15 21:44:29.794359+00
7	Saturday	2022-04-15 21:44:29.796403+00	2022-04-15 21:44:29.796403+00
\.


--
-- Data for Name: availabilities; Type: TABLE DATA; Schema: upchieve; Owner: admin
--

COPY upchieve.availabilities (id, user_id, weekday_id, available_start, available_end, timezone, created_at, updated_at) FROM stdin;
\.


--
-- Data for Name: availability_histories; Type: TABLE DATA; Schema: upchieve; Owner: admin
--

COPY upchieve.availability_histories (id, user_id, weekday_id, available_start, available_end, timezone, recorded_at, created_at, updated_at) FROM stdin;
\.


--
-- Data for Name: certifications; Type: TABLE DATA; Schema: upchieve; Owner: admin
--

COPY upchieve.certifications (id, name, created_at, updated_at) FROM stdin;
1	prealgebra	2022-04-15 21:44:30.616526+00	2022-04-15 21:44:30.616526+00
2	statistics	2022-04-15 21:44:30.618831+00	2022-04-15 21:44:30.618831+00
3	geometry	2022-04-15 21:44:30.620631+00	2022-04-15 21:44:30.620631+00
4	biology	2022-04-15 21:44:30.622468+00	2022-04-15 21:44:30.622468+00
5	chemistry	2022-04-15 21:44:30.623794+00	2022-04-15 21:44:30.623794+00
6	physicsOne	2022-04-15 21:44:30.626217+00	2022-04-15 21:44:30.626217+00
7	physicsTwo	2022-04-15 21:44:30.627967+00	2022-04-15 21:44:30.627967+00
8	environmentalScience	2022-04-15 21:44:30.629759+00	2022-04-15 21:44:30.629759+00
9	essays	2022-04-15 21:44:30.631666+00	2022-04-15 21:44:30.631666+00
10	applications	2022-04-15 21:44:30.633379+00	2022-04-15 21:44:30.633379+00
11	planning	2022-04-15 21:44:30.635194+00	2022-04-15 21:44:30.635194+00
12	satMath	2022-04-15 21:44:30.637062+00	2022-04-15 21:44:30.637062+00
13	satReading	2022-04-15 21:44:30.638895+00	2022-04-15 21:44:30.638895+00
14	collegeCounseling	2022-04-15 21:44:30.640608+00	2022-04-15 21:44:30.640608+00
15	humanitiesEssays	2022-04-15 21:44:30.642542+00	2022-04-15 21:44:30.642542+00
16	algebraOne	2022-04-15 21:44:30.644266+00	2022-04-15 21:44:30.644266+00
17	algebraTwo	2022-04-15 21:44:30.646005+00	2022-04-15 21:44:30.646005+00
18	trigonometry	2022-04-15 21:44:30.647811+00	2022-04-15 21:44:30.647811+00
19	precalculus	2022-04-15 21:44:30.64954+00	2022-04-15 21:44:30.64954+00
20	calculusAB	2022-04-15 21:44:30.651361+00	2022-04-15 21:44:30.651361+00
21	calculusBC	2022-04-15 21:44:30.653153+00	2022-04-15 21:44:30.653153+00
\.


--
-- Data for Name: certification_subject_unlocks; Type: TABLE DATA; Schema: upchieve; Owner: admin
--

COPY upchieve.certification_subject_unlocks (subject_id, certification_id, created_at, updated_at) FROM stdin;
21	16	2022-04-15 21:44:30.733672+00	2022-04-15 21:44:30.733672+00
21	3	2022-04-15 21:44:30.735717+00	2022-04-15 21:44:30.735717+00
21	2	2022-04-15 21:44:30.737492+00	2022-04-15 21:44:30.737492+00
22	16	2022-04-15 21:44:30.739186+00	2022-04-15 21:44:30.739186+00
22	3	2022-04-15 21:44:30.740945+00	2022-04-15 21:44:30.740945+00
22	2	2022-04-15 21:44:30.742668+00	2022-04-15 21:44:30.742668+00
22	18	2022-04-15 21:44:30.744518+00	2022-04-15 21:44:30.744518+00
23	19	2022-04-15 21:44:30.746374+00	2022-04-15 21:44:30.746374+00
23	2	2022-04-15 21:44:30.748143+00	2022-04-15 21:44:30.748143+00
24	19	2022-04-15 21:44:30.750011+00	2022-04-15 21:44:30.750011+00
1	1	2022-04-15 21:44:30.751897+00	2022-04-15 21:44:30.751897+00
9	2	2022-04-15 21:44:30.753729+00	2022-04-15 21:44:30.753729+00
4	3	2022-04-15 21:44:30.755568+00	2022-04-15 21:44:30.755568+00
10	4	2022-04-15 21:44:30.757366+00	2022-04-15 21:44:30.757366+00
11	5	2022-04-15 21:44:30.759036+00	2022-04-15 21:44:30.759036+00
12	6	2022-04-15 21:44:30.760881+00	2022-04-15 21:44:30.760881+00
13	7	2022-04-15 21:44:30.762956+00	2022-04-15 21:44:30.762956+00
14	8	2022-04-15 21:44:30.764715+00	2022-04-15 21:44:30.764715+00
17	9	2022-04-15 21:44:30.766616+00	2022-04-15 21:44:30.766616+00
19	10	2022-04-15 21:44:30.768449+00	2022-04-15 21:44:30.768449+00
18	11	2022-04-15 21:44:30.77014+00	2022-04-15 21:44:30.77014+00
15	12	2022-04-15 21:44:30.772056+00	2022-04-15 21:44:30.772056+00
16	13	2022-04-15 21:44:30.773898+00	2022-04-15 21:44:30.773898+00
20	15	2022-04-15 21:44:30.775788+00	2022-04-15 21:44:30.775788+00
2	16	2022-04-15 21:44:30.777693+00	2022-04-15 21:44:30.777693+00
3	17	2022-04-15 21:44:30.779366+00	2022-04-15 21:44:30.779366+00
5	18	2022-04-15 21:44:30.781011+00	2022-04-15 21:44:30.781011+00
6	19	2022-04-15 21:44:30.782828+00	2022-04-15 21:44:30.782828+00
7	20	2022-04-15 21:44:30.784524+00	2022-04-15 21:44:30.784524+00
8	21	2022-04-15 21:44:30.786147+00	2022-04-15 21:44:30.786147+00
\.


--
-- Data for Name: us_states; Type: TABLE DATA; Schema: upchieve; Owner: admin
--

COPY upchieve.us_states (code, name, created_at, updated_at) FROM stdin;
AL	Alabama	2022-04-15 21:44:29.148271+00	2022-04-15 21:44:29.148271+00
AK	Alaska	2022-04-15 21:44:29.15474+00	2022-04-15 21:44:29.15474+00
AR	Arkansas	2022-04-15 21:44:29.156853+00	2022-04-15 21:44:29.156853+00
AZ	Arizona	2022-04-15 21:44:29.158878+00	2022-04-15 21:44:29.158878+00
CA	California	2022-04-15 21:44:29.160854+00	2022-04-15 21:44:29.160854+00
CO	Colorado	2022-04-15 21:44:29.162559+00	2022-04-15 21:44:29.162559+00
CT	Connecticut	2022-04-15 21:44:29.164405+00	2022-04-15 21:44:29.164405+00
DE	Delaware	2022-04-15 21:44:29.166155+00	2022-04-15 21:44:29.166155+00
DC	District of Columbia	2022-04-15 21:44:29.167714+00	2022-04-15 21:44:29.167714+00
FL	Florida	2022-04-15 21:44:29.169959+00	2022-04-15 21:44:29.169959+00
GA	Georgia	2022-04-15 21:44:29.171756+00	2022-04-15 21:44:29.171756+00
HI	Hawaii	2022-04-15 21:44:29.173572+00	2022-04-15 21:44:29.173572+00
ID	Idaho	2022-04-15 21:44:29.175536+00	2022-04-15 21:44:29.175536+00
IL	Illinois	2022-04-15 21:44:29.177348+00	2022-04-15 21:44:29.177348+00
IN	Indiana	2022-04-15 21:44:29.178995+00	2022-04-15 21:44:29.178995+00
IA	Iowa	2022-04-15 21:44:29.180829+00	2022-04-15 21:44:29.180829+00
KS	Kansas	2022-04-15 21:44:29.182546+00	2022-04-15 21:44:29.182546+00
KY	Kentucky	2022-04-15 21:44:29.184172+00	2022-04-15 21:44:29.184172+00
LA	Louisiana	2022-04-15 21:44:29.186021+00	2022-04-15 21:44:29.186021+00
ME	Maine	2022-04-15 21:44:29.187799+00	2022-04-15 21:44:29.187799+00
MD	Maryland	2022-04-15 21:44:29.189363+00	2022-04-15 21:44:29.189363+00
MA	Massachusetts	2022-04-15 21:44:29.191501+00	2022-04-15 21:44:29.191501+00
MI	Michigan	2022-04-15 21:44:29.193373+00	2022-04-15 21:44:29.193373+00
MN	Minnesota	2022-04-15 21:44:29.195269+00	2022-04-15 21:44:29.195269+00
MS	Mississippi	2022-04-15 21:44:29.196917+00	2022-04-15 21:44:29.196917+00
MO	Missouri	2022-04-15 21:44:29.198716+00	2022-04-15 21:44:29.198716+00
MT	Montana	2022-04-15 21:44:29.200659+00	2022-04-15 21:44:29.200659+00
NE	Nebraska	2022-04-15 21:44:29.202183+00	2022-04-15 21:44:29.202183+00
NV	Nevada	2022-04-15 21:44:29.204141+00	2022-04-15 21:44:29.204141+00
NH	New Hampshire	2022-04-15 21:44:29.2062+00	2022-04-15 21:44:29.2062+00
NJ	New Jersey	2022-04-15 21:44:29.208356+00	2022-04-15 21:44:29.208356+00
NM	New Mexico	2022-04-15 21:44:29.210419+00	2022-04-15 21:44:29.210419+00
NY	New York	2022-04-15 21:44:29.212554+00	2022-04-15 21:44:29.212554+00
NC	North Carolina	2022-04-15 21:44:29.214508+00	2022-04-15 21:44:29.214508+00
ND	North Dakota	2022-04-15 21:44:29.216695+00	2022-04-15 21:44:29.216695+00
OH	Ohio	2022-04-15 21:44:29.218471+00	2022-04-15 21:44:29.218471+00
OK	Oklahoma	2022-04-15 21:44:29.220644+00	2022-04-15 21:44:29.220644+00
OR	Oregon	2022-04-15 21:44:29.222375+00	2022-04-15 21:44:29.222375+00
PA	Pennsylvania	2022-04-15 21:44:29.223873+00	2022-04-15 21:44:29.223873+00
RI	Rhode Island	2022-04-15 21:44:29.225561+00	2022-04-15 21:44:29.225561+00
SC	South Carolina	2022-04-15 21:44:29.227096+00	2022-04-15 21:44:29.227096+00
SD	South Dakota	2022-04-15 21:44:29.228956+00	2022-04-15 21:44:29.228956+00
TN	Tennessee	2022-04-15 21:44:29.230818+00	2022-04-15 21:44:29.230818+00
TX	Texas	2022-04-15 21:44:29.232534+00	2022-04-15 21:44:29.232534+00
UT	Utah	2022-04-15 21:44:29.234199+00	2022-04-15 21:44:29.234199+00
VT	Vermont	2022-04-15 21:44:29.235973+00	2022-04-15 21:44:29.235973+00
VA	Virginia	2022-04-15 21:44:29.237617+00	2022-04-15 21:44:29.237617+00
WA	Washington	2022-04-15 21:44:29.239712+00	2022-04-15 21:44:29.239712+00
WV	West Virginia	2022-04-15 21:44:29.241725+00	2022-04-15 21:44:29.241725+00
WI	Wisconsin	2022-04-15 21:44:29.243407+00	2022-04-15 21:44:29.243407+00
WY	Wyoming	2022-04-15 21:44:29.245151+00	2022-04-15 21:44:29.245151+00
PR	Puerto Rico	2022-04-15 21:44:29.246912+00	2022-04-15 21:44:29.246912+00
GU	Guam	2022-04-15 21:44:29.248686+00	2022-04-15 21:44:29.248686+00
VI	Virgin Islands	2022-04-15 21:44:29.250633+00	2022-04-15 21:44:29.250633+00
AS	American Samoa	2022-04-15 21:44:29.252495+00	2022-04-15 21:44:29.252495+00
BI	Bureau of Indian Education	2022-04-15 21:44:29.254128+00	2022-04-15 21:44:29.254128+00
NA	NA	2022-04-15 21:44:29.25587+00	2022-04-15 21:44:29.25587+00
\.


--
-- Data for Name: cities; Type: TABLE DATA; Schema: upchieve; Owner: admin
--

COPY upchieve.cities (id, name, us_state_code, created_at, updated_at) FROM stdin;
1	Denver	CO	2022-04-15 21:44:34.886604+00	2022-04-15 21:44:34.886604+00
2	Brooklyn	NY	2022-04-15 21:44:34.890765+00	2022-04-15 21:44:34.890765+00
\.


--
-- Data for Name: contact_form_submissions; Type: TABLE DATA; Schema: upchieve; Owner: admin
--

COPY upchieve.contact_form_submissions (id, user_id, user_email, message, topic, created_at, updated_at) FROM stdin;
\.


--
-- Data for Name: feedbacks; Type: TABLE DATA; Schema: upchieve; Owner: admin
--

COPY upchieve.feedbacks (id, topic_id, subject_id, user_role_id, session_id, student_tutoring_feedback, student_counseling_feedback, volunteer_feedback, comment, user_id, legacy_feedbacks, created_at, updated_at, mongo_id) FROM stdin;
\.


--
-- Data for Name: grade_levels; Type: TABLE DATA; Schema: upchieve; Owner: admin
--

COPY upchieve.grade_levels (id, name, created_at, updated_at) FROM stdin;
1	8th	2022-04-15 21:44:29.824703+00	2022-04-15 21:44:29.824703+00
2	9th	2022-04-15 21:44:29.826627+00	2022-04-15 21:44:29.826627+00
3	10th	2022-04-15 21:44:29.828283+00	2022-04-15 21:44:29.828283+00
4	11th	2022-04-15 21:44:29.830051+00	2022-04-15 21:44:29.830051+00
5	12th	2022-04-15 21:44:29.831894+00	2022-04-15 21:44:29.831894+00
6	College	2022-04-15 21:44:29.833622+00	2022-04-15 21:44:29.833622+00
\.


--
-- Data for Name: ip_addresses; Type: TABLE DATA; Schema: upchieve; Owner: admin
--

COPY upchieve.ip_addresses (id, ip, status, created_at, updated_at, mongo_id) FROM stdin;
\.


--
-- Data for Name: postal_codes; Type: TABLE DATA; Schema: upchieve; Owner: admin
--

COPY upchieve.postal_codes (code, us_state_code, income, location, created_at, updated_at) FROM stdin;
00501	NY	0	(40.81,-73.04)	2022-04-15 21:44:29.413963+00	2022-04-15 21:44:29.413963+00
01010	MA	24915	(42.11,-72.2)	2022-04-15 21:44:29.417932+00	2022-04-15 21:44:29.417932+00
01011	MA	5853	(42.28,-72.98)	2022-04-15 21:44:29.421721+00	2022-04-15 21:44:29.421721+00
01012	MA	4316	(42.4,-72.85)	2022-04-15 21:44:29.502223+00	2022-04-15 21:44:29.502223+00
01002	MA	147482	(42.37,-72.52)	2022-04-15 21:44:29.556953+00	2022-04-15 21:44:29.556953+00
01014	MA	0	(42.17,-72.57)	2022-04-15 21:44:29.58212+00	2022-04-15 21:44:29.58212+00
01013	MA	79013	(42.15,-72.6)	2022-04-15 21:44:29.582183+00	2022-04-15 21:44:29.582183+00
00544	NY	0	(40.81,-73.04)	2022-04-15 21:44:29.582052+00	2022-04-15 21:44:29.582052+00
01001	MA	91129	(42.06,-72.61)	2022-04-15 21:44:29.582073+00	2022-04-15 21:44:29.582073+00
01005	MA	24883	(42.42,-72.1)	2022-04-15 21:44:29.704993+00	2022-04-15 21:44:29.704993+00
01020	MA	128543	(42.17,-72.57)	2022-04-15 21:44:29.734716+00	2022-04-15 21:44:29.734716+00
01021	MA	0	(42.17,-72.57)	2022-04-15 21:44:29.735715+00	2022-04-15 21:44:29.735715+00
01022	MA	9070	(42.2,-72.54)	2022-04-15 21:44:29.736017+00	2022-04-15 21:44:29.736017+00
01027	MA	105590	(42.26,-72.68)	2022-04-15 21:44:29.736024+00	2022-04-15 21:44:29.736024+00
01026	MA	5097	(42.46,-72.9)	2022-04-15 21:44:29.736131+00	2022-04-15 21:44:29.736131+00
01008	MA	7667	(42.18,-72.93)	2022-04-15 21:44:29.735052+00	2022-04-15 21:44:29.735052+00
01004	MA	0	(42.37,-72.52)	2022-04-15 21:44:29.73606+00	2022-04-15 21:44:29.73606+00
01009	MA	0	(42.2,-72.34)	2022-04-15 21:44:29.73503+00	2022-04-15 21:44:29.73503+00
01003	MA	0	(42.39,-72.52)	2022-04-15 21:44:29.735966+00	2022-04-15 21:44:29.735966+00
01007	MA	103396	(42.27,-72.4)	2022-04-15 21:44:29.736339+00	2022-04-15 21:44:29.736339+00
01029	MA	0	(42.17,-73.03)	2022-04-15 21:44:29.738974+00	2022-04-15 21:44:29.738974+00
01030	MA	68409	(42.06,-72.67)	2022-04-15 21:44:29.73913+00	2022-04-15 21:44:29.73913+00
01031	MA	4468	(42.33,-72.2)	2022-04-15 21:44:29.739215+00	2022-04-15 21:44:29.739215+00
01028	MA	129755	(42.06,-72.51)	2022-04-15 21:44:29.73864+00	2022-04-15 21:44:29.73864+00
01032	MA	2498	(42.46,-72.81)	2022-04-15 21:44:29.739715+00	2022-04-15 21:44:29.739715+00
01033	MA	39338	(42.26,-72.52)	2022-04-15 21:44:29.740508+00	2022-04-15 21:44:29.740508+00
01035	MA	36097	(42.35,-72.58)	2022-04-15 21:44:29.741732+00	2022-04-15 21:44:29.741732+00
01036	MA	38625	(42.06,-72.41)	2022-04-15 21:44:29.743057+00	2022-04-15 21:44:29.743057+00
01038	MA	18606	(42.37,-72.6)	2022-04-15 21:44:29.743112+00	2022-04-15 21:44:29.743112+00
01034	MA	12322	(42.06,-72.86)	2022-04-15 21:44:29.741149+00	2022-04-15 21:44:29.741149+00
01037	MA	0	(42.35,-72.2)	2022-04-15 21:44:29.743049+00	2022-04-15 21:44:29.743049+00
01039	MA	11083	(42.39,-72.7)	2022-04-15 21:44:29.743863+00	2022-04-15 21:44:29.743863+00
01050	MA	12978	(42.23,-72.88)	2022-04-15 21:44:29.744368+00	2022-04-15 21:44:29.744368+00
01041	MA	0	(42.21,-72.64)	2022-04-15 21:44:29.744257+00	2022-04-15 21:44:29.744257+00
01040	MA	131177	(42.21,-72.64)	2022-04-15 21:44:29.744131+00	2022-04-15 21:44:29.744131+00
01053	MA	11836	(42.35,-72.71)	2022-04-15 21:44:29.744265+00	2022-04-15 21:44:29.744265+00
01054	MA	16023	(42.45,-72.5)	2022-04-15 21:44:29.745639+00	2022-04-15 21:44:29.745639+00
01056	MA	115904	(42.16,-72.48)	2022-04-15 21:44:29.747001+00	2022-04-15 21:44:29.747001+00
01060	MA	102735	(42.32,-72.63)	2022-04-15 21:44:29.747093+00	2022-04-15 21:44:29.747093+00
01059	MA	0	(42.4,-72.52)	2022-04-15 21:44:29.747093+00	2022-04-15 21:44:29.747093+00
01057	MA	50505	(42.09,-72.31)	2022-04-15 21:44:29.747486+00	2022-04-15 21:44:29.747486+00
01061	MA	0	(42.32,-72.67)	2022-04-15 21:44:29.74778+00	2022-04-15 21:44:29.74778+00
01062	MA	83229	(42.32,-72.67)	2022-04-15 21:44:29.748204+00	2022-04-15 21:44:29.748204+00
01066	MA	0	(42.41,-72.66)	2022-04-15 21:44:29.749854+00	2022-04-15 21:44:29.749854+00
01063	MA	0	(42.32,-72.64)	2022-04-15 21:44:29.749455+00	2022-04-15 21:44:29.749455+00
01068	MA	12012	(42.35,-72.05)	2022-04-15 21:44:29.75007+00	2022-04-15 21:44:29.75007+00
01069	MA	45510	(42.16,-72.32)	2022-04-15 21:44:29.750153+00	2022-04-15 21:44:29.750153+00
01070	MA	3039	(42.51,-72.91)	2022-04-15 21:44:29.751859+00	2022-04-15 21:44:29.751859+00
01071	MA	8377	(42.18,-72.85)	2022-04-15 21:44:29.751772+00	2022-04-15 21:44:29.751772+00
01072	MA	9721	(42.45,-72.4)	2022-04-15 21:44:29.752163+00	2022-04-15 21:44:29.752163+00
01073	MA	47352	(42.23,-72.73)	2022-04-15 21:44:29.752513+00	2022-04-15 21:44:29.752513+00
01074	MA	0	(42.39,-72.09)	2022-04-15 21:44:29.753441+00	2022-04-15 21:44:29.753441+00
01075	MA	107068	(42.26,-72.56)	2022-04-15 21:44:29.753447+00	2022-04-15 21:44:29.753447+00
01079	MA	0	(42.2,-72.33)	2022-04-15 21:44:29.754928+00	2022-04-15 21:44:29.754928+00
01077	MA	66040	(42.05,-72.76)	2022-04-15 21:44:29.755072+00	2022-04-15 21:44:29.755072+00
01082	MA	46542	(42.25,-72.24)	2022-04-15 21:44:29.756254+00	2022-04-15 21:44:29.756254+00
01084	MA	0	(42.39,-72.88)	2022-04-15 21:44:29.756384+00	2022-04-15 21:44:29.756384+00
01080	MA	8946	(42.18,-72.37)	2022-04-15 21:44:29.756281+00	2022-04-15 21:44:29.756281+00
01083	MA	0	(42.21,-72.19)	2022-04-15 21:44:29.756227+00	2022-04-15 21:44:29.756227+00
01081	MA	8097	(42.06,-72.21)	2022-04-15 21:44:29.756982+00	2022-04-15 21:44:29.756982+00
01085	MA	212444	(42.13,-72.75)	2022-04-15 21:44:29.757415+00	2022-04-15 21:44:29.757415+00
01086	MA	0	(42.13,-72.79)	2022-04-15 21:44:29.757393+00	2022-04-15 21:44:29.757393+00
01089	MA	143418	(42.12,-72.65)	2022-04-15 21:44:29.75902+00	2022-04-15 21:44:29.75902+00
01090	MA	0	(42.12,-72.65)	2022-04-15 21:44:29.759664+00	2022-04-15 21:44:29.759664+00
01092	MA	0	(42.19,-72.24)	2022-04-15 21:44:29.759848+00	2022-04-15 21:44:29.759848+00
01088	MA	3453	(42.39,-72.64)	2022-04-15 21:44:29.758633+00	2022-04-15 21:44:29.758633+00
01093	MA	0	(42.44,-72.65)	2022-04-15 21:44:29.760733+00	2022-04-15 21:44:29.760733+00
01096	MA	16411	(42.4,-72.76)	2022-04-15 21:44:29.761187+00	2022-04-15 21:44:29.761187+00
01095	MA	133898	(42.13,-72.43)	2022-04-15 21:44:29.760968+00	2022-04-15 21:44:29.760968+00
01094	MA	0	(42.35,-72.14)	2022-04-15 21:44:29.760646+00	2022-04-15 21:44:29.760646+00
01097	MA	0	(42.18,-72.83)	2022-04-15 21:44:29.761568+00	2022-04-15 21:44:29.761568+00
01101	MA	0	(42.11,-72.53)	2022-04-15 21:44:29.764039+00	2022-04-15 21:44:29.764039+00
01102	MA	0	(42.11,-72.53)	2022-04-15 21:44:29.764122+00	2022-04-15 21:44:29.764122+00
01098	MA	6990	(42.41,-72.93)	2022-04-15 21:44:29.763779+00	2022-04-15 21:44:29.763779+00
01107	MA	22891	(42.12,-72.61)	2022-04-15 21:44:29.765513+00	2022-04-15 21:44:29.765513+00
01105	MA	17273	(42.1,-72.58)	2022-04-15 21:44:29.765569+00	2022-04-15 21:44:29.765569+00
01104	MA	64690	(42.13,-72.57)	2022-04-15 21:44:29.765541+00	2022-04-15 21:44:29.765541+00
01106	MA	215209	(42.04,-72.57)	2022-04-15 21:44:29.765789+00	2022-04-15 21:44:29.765789+00
01108	MA	73942	(42.08,-72.56)	2022-04-15 21:44:29.766556+00	2022-04-15 21:44:29.766556+00
01103	MA	7500	(42.1,-72.59)	2022-04-15 21:44:29.764554+00	2022-04-15 21:44:29.764554+00
01111	MA	0	(42.11,-72.53)	2022-04-15 21:44:29.767432+00	2022-04-15 21:44:29.767432+00
01109	MA	66323	(42.11,-72.53)	2022-04-15 21:44:29.767528+00	2022-04-15 21:44:29.767528+00
01116	MA	0	(42.04,-72.57)	2022-04-15 21:44:29.768831+00	2022-04-15 21:44:29.768831+00
01115	MA	0	(42.11,-72.53)	2022-04-15 21:44:29.768684+00	2022-04-15 21:44:29.768684+00
01119	MA	46384	(42.12,-72.51)	2022-04-15 21:44:29.769256+00	2022-04-15 21:44:29.769256+00
01118	MA	66293	(42.09,-72.53)	2022-04-15 21:44:29.769431+00	2022-04-15 21:44:29.769431+00
01128	MA	14775	(42.09,-72.49)	2022-04-15 21:44:29.769899+00	2022-04-15 21:44:29.769899+00
01129	MA	32342	(42.12,-72.49)	2022-04-15 21:44:29.772204+00	2022-04-15 21:44:29.772204+00
01138	MA	0	(42.11,-72.53)	2022-04-15 21:44:29.771969+00	2022-04-15 21:44:29.771969+00
01201	MA	213668	(42.45,-73.26)	2022-04-15 21:44:29.773206+00	2022-04-15 21:44:29.773206+00
01144	MA	0	(42.11,-72.53)	2022-04-15 21:44:29.772761+00	2022-04-15 21:44:29.772761+00
01199	MA	0	(42.12,-72.6)	2022-04-15 21:44:29.773206+00	2022-04-15 21:44:29.773206+00
01139	MA	0	(42.11,-72.53)	2022-04-15 21:44:29.773669+00	2022-04-15 21:44:29.773669+00
01151	MA	24538	(42.15,-72.51)	2022-04-15 21:44:29.773157+00	2022-04-15 21:44:29.773157+00
01202	MA	0	(42.45,-73.26)	2022-04-15 21:44:29.773872+00	2022-04-15 21:44:29.773872+00
01152	MA	0	(42.11,-72.53)	2022-04-15 21:44:29.77311+00	2022-04-15 21:44:29.77311+00
01203	MA	0	(42.45,-73.26)	2022-04-15 21:44:29.775288+00	2022-04-15 21:44:29.775288+00
01220	MA	34513	(42.62,-73.11)	2022-04-15 21:44:29.776863+00	2022-04-15 21:44:29.776863+00
01222	MA	3502	(42.05,-73.33)	2022-04-15 21:44:29.777502+00	2022-04-15 21:44:29.777502+00
01223	MA	14036	(42.33,-73.07)	2022-04-15 21:44:29.777598+00	2022-04-15 21:44:29.777598+00
00000	NA	0	(0,0)	2022-04-15 21:44:29.781211+00	2022-04-15 21:44:29.781211+00
\.


--
-- Data for Name: schools; Type: TABLE DATA; Schema: upchieve; Owner: admin
--

COPY upchieve.schools (id, name, approved, partner, city_id, created_at, updated_at, mongo_id, legacy_city_name) FROM stdin;
01802f2f-5d45-957e-00bf-5883f2044f5d	Unapproved School	f	f	1	2022-04-15 21:44:34.893471+00	2022-04-15 21:44:34.893471+00	\N	\N
01802f2f-5d45-8ede-07f2-914adb3ae449	Approved School	t	f	1	2022-04-15 21:44:34.897166+00	2022-04-15 21:44:34.897166+00	\N	\N
01802f2f-5d45-adf2-af1c-5e441fc38355	Approved Partner School	t	t	2	2022-04-15 21:44:34.899577+00	2022-04-15 21:44:34.899577+00	\N	\N
\.


--
-- Data for Name: ineligible_students; Type: TABLE DATA; Schema: upchieve; Owner: admin
--

COPY upchieve.ineligible_students (id, email, postal_code, ip_address_id, school_id, grade_level_id, created_at, updated_at, mongo_id, referred_by) FROM stdin;
\.


--
-- Data for Name: legacy_availability_histories; Type: TABLE DATA; Schema: upchieve; Owner: admin
--

COPY upchieve.legacy_availability_histories (id, mongo_id, user_id, timezone, recorded_at, legacy_availability, created_at, updated_at) FROM stdin;
\.


--
-- Data for Name: notification_methods; Type: TABLE DATA; Schema: upchieve; Owner: admin
--

COPY upchieve.notification_methods (id, method, created_at, updated_at) FROM stdin;
1	sms	2022-04-15 21:44:30.823742+00	2022-04-15 21:44:30.823742+00
2	push	2022-04-15 21:44:30.826804+00	2022-04-15 21:44:30.826804+00
3	voice	2022-04-15 21:44:30.828679+00	2022-04-15 21:44:30.828679+00
4	email	2022-04-15 21:44:30.830224+00	2022-04-15 21:44:30.830224+00
\.


--
-- Data for Name: notification_priority_groups; Type: TABLE DATA; Schema: upchieve; Owner: admin
--

COPY upchieve.notification_priority_groups (id, name, priority, created_at, updated_at) FROM stdin;
1	follow-up	-1	2022-04-15 21:44:30.83206+00	2022-04-15 21:44:30.83206+00
11	LEGACY: Regular volunteers - not notified in the last 7 days	-1	2022-04-15 21:44:30.849373+00	2022-04-15 21:44:30.849373+00
12	LEGACY: Partner volunteers - not notified in the last 7 days	-1	2022-04-15 21:44:30.850927+00	2022-04-15 21:44:30.850927+00
13	LEGACY: Partner volunteers - not notified in the last 3 days	-1	2022-04-15 21:44:30.852807+00	2022-04-15 21:44:30.852807+00
14	LEGACY: All volunteers - not notified in the last 15 mins who don't have "high level subjects"	-1	2022-04-15 21:44:30.854622+00	2022-04-15 21:44:30.854622+00
15	LEGACY: Mizuho and Atlassian volunteers - Not notified in last 3 days	-1	2022-04-15 21:44:30.856358+00	2022-04-15 21:44:30.856358+00
16	LEGACY: null	-1	2022-04-15 21:44:30.858118+00	2022-04-15 21:44:30.858118+00
2	Partner volunteers - not notified in the last 3 days AND they don't have "high level subjects"	2	2022-04-15 21:44:30.834032+00	2022-04-15 21:44:30.959078+00
3	Regular volunteers - not notified in the last 3 days AND they don't have "high level subjects"	3	2022-04-15 21:44:30.835591+00	2022-04-15 21:44:30.959078+00
4	Partner volunteers - not notified in the last 24 hours AND they don't have "high level subjects"	4	2022-04-15 21:44:30.837244+00	2022-04-15 21:44:30.959078+00
5	Regular volunteers - not notified in the last 24 hours AND they don't have "high level subjects"	5	2022-04-15 21:44:30.83902+00	2022-04-15 21:44:30.959078+00
6	All volunteers - not notified in the last 24 hours	6	2022-04-15 21:44:30.8407+00	2022-04-15 21:44:30.959078+00
7	All volunteers - not notified in the last 60 mins	7	2022-04-15 21:44:30.842398+00	2022-04-15 21:44:30.959078+00
8	All volunteers - not notified in the last 15 mins	8	2022-04-15 21:44:30.844074+00	2022-04-15 21:44:30.959078+00
9	Verizon volunteers - not notified in the last 24 hours AND they don't have "high level subjects"	9	2022-04-15 21:44:30.84571+00	2022-04-15 21:44:30.959078+00
10	Verizon volunteers - not notified in the last 3 days AND they don't have "high level subjects"	10	2022-04-15 21:44:30.847715+00	2022-04-15 21:44:30.959078+00
17	Favorite volunteers - not notified in the last 15 mins	1	2022-04-15 21:44:30.959078+00	2022-04-15 21:44:30.959078+00
\.


--
-- Data for Name: notification_types; Type: TABLE DATA; Schema: upchieve; Owner: admin
--

COPY upchieve.notification_types (id, type, created_at, updated_at) FROM stdin;
1	initial	2022-04-15 21:44:30.819987+00	2022-04-15 21:44:30.819987+00
2	followup	2022-04-15 21:44:30.822011+00	2022-04-15 21:44:30.822011+00
\.


--
-- Data for Name: notifications; Type: TABLE DATA; Schema: upchieve; Owner: admin
--

COPY upchieve.notifications (id, user_id, sent_at, type_id, method_id, priority_group_id, successful, session_id, message_carrier_id, created_at, updated_at, mongo_id) FROM stdin;
\.


--
-- Data for Name: photo_id_statuses; Type: TABLE DATA; Schema: upchieve; Owner: admin
--

COPY upchieve.photo_id_statuses (id, name, created_at, updated_at) FROM stdin;
1	approved	2022-04-15 21:44:29.854745+00	2022-04-15 21:44:29.854745+00
2	submitted	2022-04-15 21:44:29.856669+00	2022-04-15 21:44:29.856669+00
3	rejected	2022-04-15 21:44:29.858478+00	2022-04-15 21:44:29.858478+00
4	empty	2022-04-15 21:44:29.860098+00	2022-04-15 21:44:29.860098+00
\.


--
-- Data for Name: pre_session_surveys; Type: TABLE DATA; Schema: upchieve; Owner: admin
--

COPY upchieve.pre_session_surveys (id, response_data, session_id, user_id, created_at, updated_at, mongo_id) FROM stdin;
\.


--
-- Data for Name: push_tokens; Type: TABLE DATA; Schema: upchieve; Owner: admin
--

COPY upchieve.push_tokens (id, user_id, token, created_at, updated_at) FROM stdin;
\.


--
-- Data for Name: quizzes; Type: TABLE DATA; Schema: upchieve; Owner: admin
--

COPY upchieve.quizzes (id, name, created_at, updated_at) FROM stdin;
1	prealgebra	2022-04-15 21:44:29.939563+00	2022-04-15 21:44:29.939563+00
2	statistics	2022-04-15 21:44:29.941723+00	2022-04-15 21:44:29.941723+00
3	geometry	2022-04-15 21:44:29.943623+00	2022-04-15 21:44:29.943623+00
4	biology	2022-04-15 21:44:29.945274+00	2022-04-15 21:44:29.945274+00
5	chemistry	2022-04-15 21:44:29.94715+00	2022-04-15 21:44:29.94715+00
6	physicsOne	2022-04-15 21:44:29.948823+00	2022-04-15 21:44:29.948823+00
7	physicsTwo	2022-04-15 21:44:29.951289+00	2022-04-15 21:44:29.951289+00
8	environmentalScience	2022-04-15 21:44:29.953528+00	2022-04-15 21:44:29.953528+00
9	essays	2022-04-15 21:44:29.955625+00	2022-04-15 21:44:29.955625+00
10	applications	2022-04-15 21:44:29.957558+00	2022-04-15 21:44:29.957558+00
11	planning	2022-04-15 21:44:29.959351+00	2022-04-15 21:44:29.959351+00
12	satMath	2022-04-15 21:44:29.961541+00	2022-04-15 21:44:29.961541+00
13	satReading	2022-04-15 21:44:29.963153+00	2022-04-15 21:44:29.963153+00
14	collegeCounseling	2022-04-15 21:44:29.965096+00	2022-04-15 21:44:29.965096+00
15	humanitiesEssays	2022-04-15 21:44:29.966847+00	2022-04-15 21:44:29.966847+00
16	algebraOne	2022-04-15 21:44:29.968649+00	2022-04-15 21:44:29.968649+00
17	algebraTwo	2022-04-15 21:44:29.970559+00	2022-04-15 21:44:29.970559+00
18	trigonometry	2022-04-15 21:44:29.972585+00	2022-04-15 21:44:29.972585+00
19	precalculus	2022-04-15 21:44:29.974264+00	2022-04-15 21:44:29.974264+00
20	calculusAB	2022-04-15 21:44:29.976284+00	2022-04-15 21:44:29.976284+00
21	calculusBC	2022-04-15 21:44:29.978149+00	2022-04-15 21:44:29.978149+00
22	upchieve101	2022-04-15 21:44:29.98014+00	2022-04-15 21:44:29.98014+00
23	reading	2022-04-15 21:44:29.981949+00	2022-04-15 21:44:29.981949+00
24	anatomy	2022-04-15 21:44:29.983906+00	2022-04-15 21:44:29.983906+00
\.


--
-- Data for Name: quiz_certification_grants; Type: TABLE DATA; Schema: upchieve; Owner: admin
--

COPY upchieve.quiz_certification_grants (quiz_id, certification_id, created_at, updated_at) FROM stdin;
1	1	2022-04-15 21:44:30.656535+00	2022-04-15 21:44:30.656535+00
2	2	2022-04-15 21:44:30.658525+00	2022-04-15 21:44:30.658525+00
3	3	2022-04-15 21:44:30.660351+00	2022-04-15 21:44:30.660351+00
4	4	2022-04-15 21:44:30.662067+00	2022-04-15 21:44:30.662067+00
5	5	2022-04-15 21:44:30.663891+00	2022-04-15 21:44:30.663891+00
6	6	2022-04-15 21:44:30.666017+00	2022-04-15 21:44:30.666017+00
7	7	2022-04-15 21:44:30.6679+00	2022-04-15 21:44:30.6679+00
8	8	2022-04-15 21:44:30.669695+00	2022-04-15 21:44:30.669695+00
9	9	2022-04-15 21:44:30.671567+00	2022-04-15 21:44:30.671567+00
10	10	2022-04-15 21:44:30.673324+00	2022-04-15 21:44:30.673324+00
11	11	2022-04-15 21:44:30.675109+00	2022-04-15 21:44:30.675109+00
12	12	2022-04-15 21:44:30.677555+00	2022-04-15 21:44:30.677555+00
13	13	2022-04-15 21:44:30.679349+00	2022-04-15 21:44:30.679349+00
14	11	2022-04-15 21:44:30.681364+00	2022-04-15 21:44:30.681364+00
14	10	2022-04-15 21:44:30.683482+00	2022-04-15 21:44:30.683482+00
15	15	2022-04-15 21:44:30.685979+00	2022-04-15 21:44:30.685979+00
17	16	2022-04-15 21:44:30.688057+00	2022-04-15 21:44:30.688057+00
17	17	2022-04-15 21:44:30.689818+00	2022-04-15 21:44:30.689818+00
17	1	2022-04-15 21:44:30.691972+00	2022-04-15 21:44:30.691972+00
16	16	2022-04-15 21:44:30.693889+00	2022-04-15 21:44:30.693889+00
16	1	2022-04-15 21:44:30.695866+00	2022-04-15 21:44:30.695866+00
18	18	2022-04-15 21:44:30.69766+00	2022-04-15 21:44:30.69766+00
19	16	2022-04-15 21:44:30.699424+00	2022-04-15 21:44:30.699424+00
19	17	2022-04-15 21:44:30.701355+00	2022-04-15 21:44:30.701355+00
19	1	2022-04-15 21:44:30.703211+00	2022-04-15 21:44:30.703211+00
19	18	2022-04-15 21:44:30.70491+00	2022-04-15 21:44:30.70491+00
19	19	2022-04-15 21:44:30.706779+00	2022-04-15 21:44:30.706779+00
20	16	2022-04-15 21:44:30.708674+00	2022-04-15 21:44:30.708674+00
20	17	2022-04-15 21:44:30.710508+00	2022-04-15 21:44:30.710508+00
20	1	2022-04-15 21:44:30.712499+00	2022-04-15 21:44:30.712499+00
20	18	2022-04-15 21:44:30.714512+00	2022-04-15 21:44:30.714512+00
20	19	2022-04-15 21:44:30.716402+00	2022-04-15 21:44:30.716402+00
20	20	2022-04-15 21:44:30.718287+00	2022-04-15 21:44:30.718287+00
21	16	2022-04-15 21:44:30.720046+00	2022-04-15 21:44:30.720046+00
21	17	2022-04-15 21:44:30.721772+00	2022-04-15 21:44:30.721772+00
21	1	2022-04-15 21:44:30.723595+00	2022-04-15 21:44:30.723595+00
21	18	2022-04-15 21:44:30.726382+00	2022-04-15 21:44:30.726382+00
21	19	2022-04-15 21:44:30.728059+00	2022-04-15 21:44:30.728059+00
21	20	2022-04-15 21:44:30.72994+00	2022-04-15 21:44:30.72994+00
21	21	2022-04-15 21:44:30.731819+00	2022-04-15 21:44:30.731819+00
\.


--
-- Data for Name: quiz_subcategories; Type: TABLE DATA; Schema: upchieve; Owner: admin
--

COPY upchieve.quiz_subcategories (id, name, quiz_id, created_at, updated_at) FROM stdin;
1	numbers	1	2022-04-15 21:44:29.987617+00	2022-04-15 21:44:29.987617+00
2	arithmetic properties	1	2022-04-15 21:44:29.989576+00	2022-04-15 21:44:29.989576+00
3	exponents	1	2022-04-15 21:44:29.991474+00	2022-04-15 21:44:29.991474+00
4	exponents and radicals	1	2022-04-15 21:44:29.993175+00	2022-04-15 21:44:29.993175+00
5	polynomials	1	2022-04-15 21:44:29.9951+00	2022-04-15 21:44:29.9951+00
6	fractions	1	2022-04-15 21:44:29.997015+00	2022-04-15 21:44:29.997015+00
7	linear equations	16	2022-04-15 21:44:29.998819+00	2022-04-15 21:44:29.998819+00
8	rational exponents and radicals	16	2022-04-15 21:44:30.000588+00	2022-04-15 21:44:30.000588+00
9	application of linear equations	16	2022-04-15 21:44:30.002478+00	2022-04-15 21:44:30.002478+00
10	two variable equations	16	2022-04-15 21:44:30.004184+00	2022-04-15 21:44:30.004184+00
11	rational expressions	16	2022-04-15 21:44:30.005836+00	2022-04-15 21:44:30.005836+00
12	complex numbers	16	2022-04-15 21:44:30.00787+00	2022-04-15 21:44:30.00787+00
13	functions_domain_range	17	2022-04-15 21:44:30.009615+00	2022-04-15 21:44:30.009615+00
14	higher_degree_polynomials	17	2022-04-15 21:44:30.011499+00	2022-04-15 21:44:30.011499+00
15	square_root_equations	17	2022-04-15 21:44:30.013574+00	2022-04-15 21:44:30.013574+00
16	roots_of_polynomials	17	2022-04-15 21:44:30.015564+00	2022-04-15 21:44:30.015564+00
17	multiply_polynomials_binomial	17	2022-04-15 21:44:30.017306+00	2022-04-15 21:44:30.017306+00
18	rational_radical_absolute	17	2022-04-15 21:44:30.019384+00	2022-04-15 21:44:30.019384+00
19	logarithms_properties	17	2022-04-15 21:44:30.021535+00	2022-04-15 21:44:30.021535+00
20	rational_expressions	17	2022-04-15 21:44:30.023411+00	2022-04-15 21:44:30.023411+00
21	systems_of_linear_equations	17	2022-04-15 21:44:30.025142+00	2022-04-15 21:44:30.025142+00
22	arithmetic_and_geometric_sequences	17	2022-04-15 21:44:30.02672+00	2022-04-15 21:44:30.02672+00
23	functions_domain	17	2022-04-15 21:44:30.028408+00	2022-04-15 21:44:30.028408+00
24	solving_linear_equations	17	2022-04-15 21:44:30.030157+00	2022-04-15 21:44:30.030157+00
25	function_transformations_shifts	17	2022-04-15 21:44:30.031968+00	2022-04-15 21:44:30.031968+00
26	graphing_quadratic_functions	17	2022-04-15 21:44:30.033557+00	2022-04-15 21:44:30.033557+00
27	exponential_functions_growth	17	2022-04-15 21:44:30.035363+00	2022-04-15 21:44:30.035363+00
28	rounding_and_scientific_notation	17	2022-04-15 21:44:30.037381+00	2022-04-15 21:44:30.037381+00
29	square root_equations_quadratic	17	2022-04-15 21:44:30.039159+00	2022-04-15 21:44:30.039159+00
30	advanced_factoring_techniques	17	2022-04-15 21:44:30.040971+00	2022-04-15 21:44:30.040971+00
31	congruence and similarity	3	2022-04-15 21:44:30.042784+00	2022-04-15 21:44:30.042784+00
32	vertices	3	2022-04-15 21:44:30.044621+00	2022-04-15 21:44:30.044621+00
33	angles	3	2022-04-15 21:44:30.046387+00	2022-04-15 21:44:30.046387+00
34	circles	3	2022-04-15 21:44:30.048006+00	2022-04-15 21:44:30.048006+00
35	triangles	3	2022-04-15 21:44:30.04955+00	2022-04-15 21:44:30.04955+00
36	rectangles	3	2022-04-15 21:44:30.051534+00	2022-04-15 21:44:30.051534+00
37	angles	18	2022-04-15 21:44:30.053444+00	2022-04-15 21:44:30.053444+00
38	triangles	18	2022-04-15 21:44:30.055182+00	2022-04-15 21:44:30.055182+00
39	right triangles	18	2022-04-15 21:44:30.057281+00	2022-04-15 21:44:30.057281+00
40	quadrants	18	2022-04-15 21:44:30.059061+00	2022-04-15 21:44:30.059061+00
41	radians	18	2022-04-15 21:44:30.06089+00	2022-04-15 21:44:30.06089+00
42	unit circles	18	2022-04-15 21:44:30.062633+00	2022-04-15 21:44:30.062633+00
43	inequalities	18	2022-04-15 21:44:30.065029+00	2022-04-15 21:44:30.065029+00
44	representing data numerically	2	2022-04-15 21:44:30.06665+00	2022-04-15 21:44:30.06665+00
45	representing data graphically	2	2022-04-15 21:44:30.068434+00	2022-04-15 21:44:30.068434+00
46	two means	2	2022-04-15 21:44:30.070124+00	2022-04-15 21:44:30.070124+00
47	two proportions	2	2022-04-15 21:44:30.071991+00	2022-04-15 21:44:30.071991+00
48	levels of measurement	2	2022-04-15 21:44:30.073803+00	2022-04-15 21:44:30.073803+00
49	types of sampling	2	2022-04-15 21:44:30.075743+00	2022-04-15 21:44:30.075743+00
50	finding probability	2	2022-04-15 21:44:30.07771+00	2022-04-15 21:44:30.07771+00
51	finding x from z score	2	2022-04-15 21:44:30.079539+00	2022-04-15 21:44:30.079539+00
52	z score	2	2022-04-15 21:44:30.081567+00	2022-04-15 21:44:30.081567+00
53	basic set operations	2	2022-04-15 21:44:30.083495+00	2022-04-15 21:44:30.083495+00
54	compound events	2	2022-04-15 21:44:30.085524+00	2022-04-15 21:44:30.085524+00
55	conditional probability	2	2022-04-15 21:44:30.087513+00	2022-04-15 21:44:30.087513+00
56	independent probability	2	2022-04-15 21:44:30.089376+00	2022-04-15 21:44:30.089376+00
57	permutations and combinations	2	2022-04-15 21:44:30.091636+00	2022-04-15 21:44:30.091636+00
58	random variables distributions	2	2022-04-15 21:44:30.093606+00	2022-04-15 21:44:30.093606+00
59	relationships between variables	2	2022-04-15 21:44:30.095545+00	2022-04-15 21:44:30.095545+00
60	confidence intervals	2	2022-04-15 21:44:30.097203+00	2022-04-15 21:44:30.097203+00
61	interpreting pvalue	2	2022-04-15 21:44:30.099195+00	2022-04-15 21:44:30.099195+00
62	finding the test statistic	2	2022-04-15 21:44:30.100957+00	2022-04-15 21:44:30.100957+00
63	rectangular coordinates	19	2022-04-15 21:44:30.103139+00	2022-04-15 21:44:30.103139+00
64	linear inequalities	19	2022-04-15 21:44:30.1052+00	2022-04-15 21:44:30.1052+00
65	functions	19	2022-04-15 21:44:30.107001+00	2022-04-15 21:44:30.107001+00
66	rational exponents	19	2022-04-15 21:44:30.108698+00	2022-04-15 21:44:30.108698+00
67	quadratic functions	19	2022-04-15 21:44:30.110678+00	2022-04-15 21:44:30.110678+00
68	logarithms and exponents	19	2022-04-15 21:44:30.112561+00	2022-04-15 21:44:30.112561+00
69	absolute extrema	20	2022-04-15 21:44:30.114297+00	2022-04-15 21:44:30.114297+00
70	antiderivatives	20	2022-04-15 21:44:30.116195+00	2022-04-15 21:44:30.116195+00
71	area between curves	20	2022-04-15 21:44:30.118041+00	2022-04-15 21:44:30.118041+00
72	chain rule	20	2022-04-15 21:44:30.119996+00	2022-04-15 21:44:30.119996+00
73	concavity	20	2022-04-15 21:44:30.121938+00	2022-04-15 21:44:30.121938+00
74	continuity	20	2022-04-15 21:44:30.124926+00	2022-04-15 21:44:30.124926+00
75	derivatives	20	2022-04-15 21:44:30.126849+00	2022-04-15 21:44:30.126849+00
76	differential equations	20	2022-04-15 21:44:30.128909+00	2022-04-15 21:44:30.128909+00
77	fundamental theorem	20	2022-04-15 21:44:30.131032+00	2022-04-15 21:44:30.131032+00
78	lhopitals rule	20	2022-04-15 21:44:30.133109+00	2022-04-15 21:44:30.133109+00
79	implicit differentiation	20	2022-04-15 21:44:30.135577+00	2022-04-15 21:44:30.135577+00
80	mean value theorem	20	2022-04-15 21:44:30.137769+00	2022-04-15 21:44:30.137769+00
81	optimization	20	2022-04-15 21:44:30.139663+00	2022-04-15 21:44:30.139663+00
82	reimann sums	20	2022-04-15 21:44:30.141976+00	2022-04-15 21:44:30.141976+00
83	related rates	20	2022-04-15 21:44:30.14407+00	2022-04-15 21:44:30.14407+00
84	relative extrema	20	2022-04-15 21:44:30.146138+00	2022-04-15 21:44:30.146138+00
85	absolute extrema	21	2022-04-15 21:44:30.148043+00	2022-04-15 21:44:30.148043+00
86	antiderivatives	21	2022-04-15 21:44:30.150139+00	2022-04-15 21:44:30.150139+00
87	area between curves	21	2022-04-15 21:44:30.15355+00	2022-04-15 21:44:30.15355+00
88	chain rule	21	2022-04-15 21:44:30.155959+00	2022-04-15 21:44:30.155959+00
89	derivatives	21	2022-04-15 21:44:30.157904+00	2022-04-15 21:44:30.157904+00
90	differential equations	21	2022-04-15 21:44:30.1598+00	2022-04-15 21:44:30.1598+00
91	fundamental theorem of calculus	21	2022-04-15 21:44:30.162016+00	2022-04-15 21:44:30.162016+00
92	implicit differentiation	21	2022-04-15 21:44:30.164004+00	2022-04-15 21:44:30.164004+00
93	infinite sequences	21	2022-04-15 21:44:30.166198+00	2022-04-15 21:44:30.166198+00
94	limits	21	2022-04-15 21:44:30.168367+00	2022-04-15 21:44:30.168367+00
95	integration by parts	21	2022-04-15 21:44:30.170655+00	2022-04-15 21:44:30.170655+00
96	mean value theorem	21	2022-04-15 21:44:30.172752+00	2022-04-15 21:44:30.172752+00
97	optimization	21	2022-04-15 21:44:30.174894+00	2022-04-15 21:44:30.174894+00
98	parametric	21	2022-04-15 21:44:30.177161+00	2022-04-15 21:44:30.177161+00
99	reimann sums	21	2022-04-15 21:44:30.179068+00	2022-04-15 21:44:30.179068+00
100	relative extrema	21	2022-04-15 21:44:30.181555+00	2022-04-15 21:44:30.181555+00
101	taylor polynomials	21	2022-04-15 21:44:30.183749+00	2022-04-15 21:44:30.183749+00
102	basic	9	2022-04-15 21:44:30.185973+00	2022-04-15 21:44:30.185973+00
103	commonapp	9	2022-04-15 21:44:30.188078+00	2022-04-15 21:44:30.188078+00
104	answer	9	2022-04-15 21:44:30.190059+00	2022-04-15 21:44:30.190059+00
105	dhistory	9	2022-04-15 21:44:30.192134+00	2022-04-15 21:44:30.192134+00
106	optional	9	2022-04-15 21:44:30.194118+00	2022-04-15 21:44:30.194118+00
107	supplemental	9	2022-04-15 21:44:30.196189+00	2022-04-15 21:44:30.196189+00
108	exam	11	2022-04-15 21:44:30.198368+00	2022-04-15 21:44:30.198368+00
109	type	11	2022-04-15 21:44:30.200715+00	2022-04-15 21:44:30.200715+00
110	LOR	11	2022-04-15 21:44:30.202845+00	2022-04-15 21:44:30.202845+00
111	basic	11	2022-04-15 21:44:30.204564+00	2022-04-15 21:44:30.204564+00
112	timeline	10	2022-04-15 21:44:30.206594+00	2022-04-15 21:44:30.206594+00
113	resume	10	2022-04-15 21:44:30.20871+00	2022-04-15 21:44:30.20871+00
114	schools	10	2022-04-15 21:44:30.210719+00	2022-04-15 21:44:30.210719+00
115	fees	10	2022-04-15 21:44:30.212879+00	2022-04-15 21:44:30.212879+00
116	FinAid	10	2022-04-15 21:44:30.214652+00	2022-04-15 21:44:30.214652+00
117	LOR	10	2022-04-15 21:44:30.216661+00	2022-04-15 21:44:30.216661+00
118	basic	10	2022-04-15 21:44:30.218666+00	2022-04-15 21:44:30.218666+00
119	biochemistry	4	2022-04-15 21:44:30.220709+00	2022-04-15 21:44:30.220709+00
120	the cell	4	2022-04-15 21:44:30.222674+00	2022-04-15 21:44:30.222674+00
121	cell division	4	2022-04-15 21:44:30.225486+00	2022-04-15 21:44:30.225486+00
122	cellular respiration	4	2022-04-15 21:44:30.227543+00	2022-04-15 21:44:30.227543+00
123	photosynthesis and plants	4	2022-04-15 21:44:30.229465+00	2022-04-15 21:44:30.229465+00
124	classical genetics	4	2022-04-15 21:44:30.23154+00	2022-04-15 21:44:30.23154+00
125	molecular genetics	4	2022-04-15 21:44:30.2337+00	2022-04-15 21:44:30.2337+00
126	animal behavior and physiology	4	2022-04-15 21:44:30.2358+00	2022-04-15 21:44:30.2358+00
127	ecology	4	2022-04-15 21:44:30.237912+00	2022-04-15 21:44:30.237912+00
128	human physiology and anatomy	4	2022-04-15 21:44:30.239927+00	2022-04-15 21:44:30.239927+00
129	evolution and taxonomy	4	2022-04-15 21:44:30.24208+00	2022-04-15 21:44:30.24208+00
130	chemical reactions	5	2022-04-15 21:44:30.244154+00	2022-04-15 21:44:30.244154+00
131	atoms, compounds, and ions	5	2022-04-15 21:44:30.246341+00	2022-04-15 21:44:30.246341+00
132	stoichiometry	5	2022-04-15 21:44:30.248511+00	2022-04-15 21:44:30.248511+00
133	electron structure of atoms	5	2022-04-15 21:44:30.250357+00	2022-04-15 21:44:30.250357+00
134	periodic table	5	2022-04-15 21:44:30.252387+00	2022-04-15 21:44:30.252387+00
135	chemical bonds	5	2022-04-15 21:44:30.253986+00	2022-04-15 21:44:30.253986+00
136	gases	5	2022-04-15 21:44:30.255704+00	2022-04-15 21:44:30.255704+00
137	states of matter and intermolecular forces	5	2022-04-15 21:44:30.257368+00	2022-04-15 21:44:30.257368+00
138	chemical equilibrium	5	2022-04-15 21:44:30.259372+00	2022-04-15 21:44:30.259372+00
139	acids and bases	5	2022-04-15 21:44:30.26103+00	2022-04-15 21:44:30.26103+00
140	buffers, titrations, and solubility equilibria	5	2022-04-15 21:44:30.26292+00	2022-04-15 21:44:30.26292+00
141	thermodynamics	5	2022-04-15 21:44:30.264783+00	2022-04-15 21:44:30.264783+00
142	redox reactions and electrochemistry	5	2022-04-15 21:44:30.26656+00	2022-04-15 21:44:30.26656+00
143	kinetics	5	2022-04-15 21:44:30.268392+00	2022-04-15 21:44:30.268392+00
144	nuclear chemistry	5	2022-04-15 21:44:30.270503+00	2022-04-15 21:44:30.270503+00
145	kinematics	5	2022-04-15 21:44:30.272639+00	2022-04-15 21:44:30.272639+00
146	kinematics	6	2022-04-15 21:44:30.274303+00	2022-04-15 21:44:30.274303+00
147	newton's laws	6	2022-04-15 21:44:30.276703+00	2022-04-15 21:44:30.276703+00
148	rotational mechanics	6	2022-04-15 21:44:30.278516+00	2022-04-15 21:44:30.278516+00
149	work and energy	6	2022-04-15 21:44:30.280722+00	2022-04-15 21:44:30.280722+00
150	momentum and collisions	6	2022-04-15 21:44:30.282846+00	2022-04-15 21:44:30.282846+00
151	thermodynamics	6	2022-04-15 21:44:30.285022+00	2022-04-15 21:44:30.285022+00
152	electrostatics	6	2022-04-15 21:44:30.287367+00	2022-04-15 21:44:30.287367+00
153	magnetism	6	2022-04-15 21:44:30.289384+00	2022-04-15 21:44:30.289384+00
154	waves and sound	6	2022-04-15 21:44:30.291376+00	2022-04-15 21:44:30.291376+00
155	refraction and reflection	6	2022-04-15 21:44:30.293393+00	2022-04-15 21:44:30.293393+00
156	gravity/gen relativity	6	2022-04-15 21:44:30.295577+00	2022-04-15 21:44:30.295577+00
157	Fluids - density and pressure	7	2022-04-15 21:44:30.297526+00	2022-04-15 21:44:30.297526+00
158	Fluids - dynamics	7	2022-04-15 21:44:30.299396+00	2022-04-15 21:44:30.299396+00
159	THD - Ideal Gases	7	2022-04-15 21:44:30.301088+00	2022-04-15 21:44:30.301088+00
160	thermodynamics	7	2022-04-15 21:44:30.302873+00	2022-04-15 21:44:30.302873+00
161	Electric Field	7	2022-04-15 21:44:30.30468+00	2022-04-15 21:44:30.30468+00
162	Electric Potential	7	2022-04-15 21:44:30.306464+00	2022-04-15 21:44:30.306464+00
163	Magnetic Fields	7	2022-04-15 21:44:30.308613+00	2022-04-15 21:44:30.308613+00
164	Magnetic Induction	7	2022-04-15 21:44:30.310608+00	2022-04-15 21:44:30.310608+00
165	Electromagnetic Waves	7	2022-04-15 21:44:30.313363+00	2022-04-15 21:44:30.313363+00
166	Optics - refraction and reflection	7	2022-04-15 21:44:30.315407+00	2022-04-15 21:44:30.315407+00
167	Quantum & Atomic Physics	7	2022-04-15 21:44:30.317388+00	2022-04-15 21:44:30.317388+00
168	dynamics 2	7	2022-04-15 21:44:30.319455+00	2022-04-15 21:44:30.319455+00
169	Electric Circuits	7	2022-04-15 21:44:30.321349+00	2022-04-15 21:44:30.321349+00
170	earth systems and resources	8	2022-04-15 21:44:30.323447+00	2022-04-15 21:44:30.323447+00
171	ecology	8	2022-04-15 21:44:30.324952+00	2022-04-15 21:44:30.324952+00
172	energy resources and consumption	8	2022-04-15 21:44:30.327104+00	2022-04-15 21:44:30.327104+00
173	global change	8	2022-04-15 21:44:30.329063+00	2022-04-15 21:44:30.329063+00
174	impact of human health and environment	8	2022-04-15 21:44:30.331134+00	2022-04-15 21:44:30.331134+00
175	interdependence of organisms	8	2022-04-15 21:44:30.333157+00	2022-04-15 21:44:30.333157+00
176	land and water resources and use	8	2022-04-15 21:44:30.335358+00	2022-04-15 21:44:30.335358+00
177	introduction to environmental science	8	2022-04-15 21:44:30.33724+00	2022-04-15 21:44:30.33724+00
178	natural biogeochemical cycles	8	2022-04-15 21:44:30.338969+00	2022-04-15 21:44:30.338969+00
179	pollution	8	2022-04-15 21:44:30.341125+00	2022-04-15 21:44:30.341125+00
180	populations	8	2022-04-15 21:44:30.342897+00	2022-04-15 21:44:30.342897+00
181	the atmosphere	8	2022-04-15 21:44:30.345204+00	2022-04-15 21:44:30.345204+00
182	upchieve	22	2022-04-15 21:44:30.347036+00	2022-04-15 21:44:30.347036+00
183	linear_equations	12	2022-04-15 21:44:30.348964+00	2022-04-15 21:44:30.348964+00
184	linear_inequalities	12	2022-04-15 21:44:30.350814+00	2022-04-15 21:44:30.350814+00
185	linear_functions	12	2022-04-15 21:44:30.352724+00	2022-04-15 21:44:30.352724+00
186	quadratic_problems	12	2022-04-15 21:44:30.354577+00	2022-04-15 21:44:30.354577+00
187	nonlinear_equations	12	2022-04-15 21:44:30.356506+00	2022-04-15 21:44:30.356506+00
188	rational_expressions	12	2022-04-15 21:44:30.358359+00	2022-04-15 21:44:30.358359+00
189	isolating_quantities	12	2022-04-15 21:44:30.360233+00	2022-04-15 21:44:30.360233+00
190	linear_systems	12	2022-04-15 21:44:30.362943+00	2022-04-15 21:44:30.362943+00
191	ratios_rates	12	2022-04-15 21:44:30.364806+00	2022-04-15 21:44:30.364806+00
192	units	12	2022-04-15 21:44:30.366555+00	2022-04-15 21:44:30.366555+00
193	percentages	12	2022-04-15 21:44:30.368362+00	2022-04-15 21:44:30.368362+00
194	linear_and_exponential	12	2022-04-15 21:44:30.370164+00	2022-04-15 21:44:30.370164+00
195	data_inferences	12	2022-04-15 21:44:30.37213+00	2022-04-15 21:44:30.37213+00
196	volume_word_problems	12	2022-04-15 21:44:30.374009+00	2022-04-15 21:44:30.374009+00
197	complex_numbers	12	2022-04-15 21:44:30.37592+00	2022-04-15 21:44:30.37592+00
198	circle_equations	12	2022-04-15 21:44:30.377736+00	2022-04-15 21:44:30.377736+00
199	table_data	12	2022-04-15 21:44:30.379494+00	2022-04-15 21:44:30.379494+00
200	scatterplots	12	2022-04-15 21:44:30.381367+00	2022-04-15 21:44:30.381367+00
201	graphs	12	2022-04-15 21:44:30.383267+00	2022-04-15 21:44:30.383267+00
202	shape_of_distributions	12	2022-04-15 21:44:30.385353+00	2022-04-15 21:44:30.385353+00
203	right_triangle_problems	12	2022-04-15 21:44:30.387031+00	2022-04-15 21:44:30.387031+00
204	congruence_and_similarity	12	2022-04-15 21:44:30.388934+00	2022-04-15 21:44:30.388934+00
205	explict_v_implicit	13	2022-04-15 21:44:30.39067+00	2022-04-15 21:44:30.39067+00
206	point_of_view	13	2022-04-15 21:44:30.392677+00	2022-04-15 21:44:30.392677+00
207	analyzing_relationships	13	2022-04-15 21:44:30.394587+00	2022-04-15 21:44:30.394587+00
208	citing_evidence	13	2022-04-15 21:44:30.396571+00	2022-04-15 21:44:30.396571+00
209	summarizing	13	2022-04-15 21:44:30.39852+00	2022-04-15 21:44:30.39852+00
210	analogical_reasoning	13	2022-04-15 21:44:30.40058+00	2022-04-15 21:44:30.40058+00
211	structure_passage	13	2022-04-15 21:44:30.402556+00	2022-04-15 21:44:30.402556+00
212	word_choice	13	2022-04-15 21:44:30.404196+00	2022-04-15 21:44:30.404196+00
213	graphs_and_data	13	2022-04-15 21:44:30.406166+00	2022-04-15 21:44:30.406166+00
214	purpose_of_text	13	2022-04-15 21:44:30.408171+00	2022-04-15 21:44:30.408171+00
215	analyzing_arguments	13	2022-04-15 21:44:30.410003+00	2022-04-15 21:44:30.410003+00
216	connecting_texts	13	2022-04-15 21:44:30.412124+00	2022-04-15 21:44:30.412124+00
217	history_passages	13	2022-04-15 21:44:30.413882+00	2022-04-15 21:44:30.413882+00
218	strategies	13	2022-04-15 21:44:30.415756+00	2022-04-15 21:44:30.415756+00
219	types_of_essays	15	2022-04-15 21:44:30.417551+00	2022-04-15 21:44:30.417551+00
220	essay_structure	15	2022-04-15 21:44:30.419232+00	2022-04-15 21:44:30.419232+00
221	point_of_view	15	2022-04-15 21:44:30.421199+00	2022-04-15 21:44:30.421199+00
222	persuasive_techniques	15	2022-04-15 21:44:30.423097+00	2022-04-15 21:44:30.423097+00
223	citations	15	2022-04-15 21:44:30.424931+00	2022-04-15 21:44:30.424931+00
224	independent_and_dependent_clauses	15	2022-04-15 21:44:30.426753+00	2022-04-15 21:44:30.426753+00
225	punctuation	15	2022-04-15 21:44:30.428641+00	2022-04-15 21:44:30.428641+00
226	verb_tense	15	2022-04-15 21:44:30.430981+00	2022-04-15 21:44:30.430981+00
227	subject_verb_agreement	15	2022-04-15 21:44:30.432924+00	2022-04-15 21:44:30.432924+00
228	specificity_and_coherence	15	2022-04-15 21:44:30.434756+00	2022-04-15 21:44:30.434756+00
229	plagiarism	15	2022-04-15 21:44:30.436672+00	2022-04-15 21:44:30.436672+00
230	nonnvarying_sentence_length	15	2022-04-15 21:44:30.438697+00	2022-04-15 21:44:30.438697+00
231	wordiness	15	2022-04-15 21:44:30.440514+00	2022-04-15 21:44:30.440514+00
232	grammatical_errors	15	2022-04-15 21:44:30.442385+00	2022-04-15 21:44:30.442385+00
233	common_requests	15	2022-04-15 21:44:30.444191+00	2022-04-15 21:44:30.444191+00
234	inference	13	2022-04-15 21:44:30.445853+00	2022-04-15 21:44:30.445853+00
235	integumentary	24	2022-04-15 21:44:30.447862+00	2022-04-15 21:44:30.447862+00
236	little_detail	13	2022-04-15 21:44:30.449506+00	2022-04-15 21:44:30.449506+00
237	lymphatic	24	2022-04-15 21:44:30.45158+00	2022-04-15 21:44:30.45158+00
238	muscular	24	2022-04-15 21:44:30.453366+00	2022-04-15 21:44:30.453366+00
239	nervous	24	2022-04-15 21:44:30.455592+00	2022-04-15 21:44:30.455592+00
240	probingqs	23	2022-04-15 21:44:30.457379+00	2022-04-15 21:44:30.457379+00
241	questions	23	2022-04-15 21:44:30.459346+00	2022-04-15 21:44:30.459346+00
242	reproductive	24	2022-04-15 21:44:30.461193+00	2022-04-15 21:44:30.461193+00
243	respiratory	24	2022-04-15 21:44:30.463186+00	2022-04-15 21:44:30.463186+00
244	sense_organs	24	2022-04-15 21:44:30.465105+00	2022-04-15 21:44:30.465105+00
245	skeletal	24	2022-04-15 21:44:30.467033+00	2022-04-15 21:44:30.467033+00
246	texttype	23	2022-04-15 21:44:30.46899+00	2022-04-15 21:44:30.46899+00
247	tissues	24	2022-04-15 21:44:30.471027+00	2022-04-15 21:44:30.471027+00
248	urinary	24	2022-04-15 21:44:30.472957+00	2022-04-15 21:44:30.472957+00
249	vocab_in_context	13	2022-04-15 21:44:30.474698+00	2022-04-15 21:44:30.474698+00
250	vocabulary	23	2022-04-15 21:44:30.476659+00	2022-04-15 21:44:30.476659+00
251	activatebk	23	2022-04-15 21:44:30.479526+00	2022-04-15 21:44:30.479526+00
252	author_technique	13	2022-04-15 21:44:30.481801+00	2022-04-15 21:44:30.481801+00
253	backgroundknowledge	23	2022-04-15 21:44:30.523989+00	2022-04-15 21:44:30.523989+00
254	big_picture	13	2022-04-15 21:44:30.526368+00	2022-04-15 21:44:30.526368+00
255	cells	24	2022-04-15 21:44:30.528201+00	2022-04-15 21:44:30.528201+00
256	circulatory_system	24	2022-04-15 21:44:30.530587+00	2022-04-15 21:44:30.530587+00
257	comprehensionsupport	23	2022-04-15 21:44:30.532613+00	2022-04-15 21:44:30.532613+00
258	context	23	2022-04-15 21:44:30.534635+00	2022-04-15 21:44:30.534635+00
259	corrections	23	2022-04-15 21:44:30.536845+00	2022-04-15 21:44:30.536845+00
260	digestive	24	2022-04-15 21:44:30.538717+00	2022-04-15 21:44:30.538717+00
261	editing	23	2022-04-15 21:44:30.540378+00	2022-04-15 21:44:30.540378+00
262	endocrine	24	2022-04-15 21:44:30.542253+00	2022-04-15 21:44:30.542253+00
263	evidence_support	13	2022-04-15 21:44:30.544046+00	2022-04-15 21:44:30.544046+00
264	function	13	2022-04-15 21:44:30.546735+00	2022-04-15 21:44:30.546735+00
265	strategies	12	2022-04-15 21:44:30.548498+00	2022-04-15 21:44:30.548498+00
266	unit circle	18	2022-04-15 21:44:30.55026+00	2022-04-15 21:44:30.55026+00
267	dynamics 1	6	2022-04-15 21:44:30.552166+00	2022-04-15 21:44:30.552166+00
268	energy 1	6	2022-04-15 21:44:30.554183+00	2022-04-15 21:44:30.554183+00
269	dynamics 2	6	2022-04-15 21:44:30.556203+00	2022-04-15 21:44:30.556203+00
270	energy 2	6	2022-04-15 21:44:30.557952+00	2022-04-15 21:44:30.557952+00
271	pythagorean theorem	18	2022-04-15 21:44:30.560186+00	2022-04-15 21:44:30.560186+00
272	degrees and radians	18	2022-04-15 21:44:30.56213+00	2022-04-15 21:44:30.56213+00
273	graphing trig functions	18	2022-04-15 21:44:30.564007+00	2022-04-15 21:44:30.564007+00
274	inverse trig functions	18	2022-04-15 21:44:30.56602+00	2022-04-15 21:44:30.56602+00
275	trigonometric identities	18	2022-04-15 21:44:30.567735+00	2022-04-15 21:44:30.567735+00
276	complex numbers	19	2022-04-15 21:44:30.56965+00	2022-04-15 21:44:30.56965+00
277	conic sections	19	2022-04-15 21:44:30.571689+00	2022-04-15 21:44:30.571689+00
278	graphing exponential functions	19	2022-04-15 21:44:30.573553+00	2022-04-15 21:44:30.573553+00
279	graphing polynomials	19	2022-04-15 21:44:30.575348+00	2022-04-15 21:44:30.575348+00
280	graphing rational functions	19	2022-04-15 21:44:30.577091+00	2022-04-15 21:44:30.577091+00
281	logarithms	19	2022-04-15 21:44:30.578936+00	2022-04-15 21:44:30.578936+00
282	inverse functions	19	2022-04-15 21:44:30.580817+00	2022-04-15 21:44:30.580817+00
283	polynomial division	19	2022-04-15 21:44:30.583637+00	2022-04-15 21:44:30.583637+00
284	rational expressions	19	2022-04-15 21:44:30.585843+00	2022-04-15 21:44:30.585843+00
285	sequences series	19	2022-04-15 21:44:30.588054+00	2022-04-15 21:44:30.588054+00
286	exponential logarithmic equations	19	2022-04-15 21:44:30.589929+00	2022-04-15 21:44:30.589929+00
287	other equations	19	2022-04-15 21:44:30.591964+00	2022-04-15 21:44:30.591964+00
288	quadratic and absolute	19	2022-04-15 21:44:30.593839+00	2022-04-15 21:44:30.593839+00
289	solving quadratic equations	19	2022-04-15 21:44:30.595573+00	2022-04-15 21:44:30.595573+00
290	transformations functions	19	2022-04-15 21:44:30.597521+00	2022-04-15 21:44:30.597521+00
291	vectors	19	2022-04-15 21:44:30.599451+00	2022-04-15 21:44:30.599451+00
292	trig functions	18	2022-04-15 21:44:30.601394+00	2022-04-15 21:44:30.601394+00
293	random variables and distributions	2	2022-04-15 21:44:30.60319+00	2022-04-15 21:44:30.60319+00
294	kinematics 2	6	2022-04-15 21:44:30.605033+00	2022-04-15 21:44:30.605033+00
295	DC Circuits	6	2022-04-15 21:44:30.606747+00	2022-04-15 21:44:30.606747+00
296	rotational motion	6	2022-04-15 21:44:30.608656+00	2022-04-15 21:44:30.608656+00
297	polynomials	12	2022-04-15 21:44:30.610558+00	2022-04-15 21:44:30.610558+00
298	functions	12	2022-04-15 21:44:30.612569+00	2022-04-15 21:44:30.612569+00
299	angles	12	2022-04-15 21:44:30.614449+00	2022-04-15 21:44:30.614449+00
\.


--
-- Data for Name: quiz_questions; Type: TABLE DATA; Schema: upchieve; Owner: admin
--

COPY upchieve.quiz_questions (id, question_text, possible_answers, correct_answer, quiz_subcategory_id, image_source, created_at, updated_at, mongo_id) FROM stdin;
\.


--
-- Data for Name: report_reasons; Type: TABLE DATA; Schema: upchieve; Owner: admin
--

COPY upchieve.report_reasons (id, reason, created_at, updated_at) FROM stdin;
1	This student was extremely rude or inappropriate	2022-04-15 21:44:30.811069+00	2022-04-15 21:44:30.811069+00
2	I am worried for the immediate safety of this student	2022-04-15 21:44:30.813012+00	2022-04-15 21:44:30.813012+00
3	LEGACY: Student was unresponsive	2022-04-15 21:44:30.814661+00	2022-04-15 21:44:30.814661+00
4	LEGACY: Technical issue	2022-04-15 21:44:30.81647+00	2022-04-15 21:44:30.81647+00
5	LEGACY: Other	2022-04-15 21:44:30.818216+00	2022-04-15 21:44:30.818216+00
\.


--
-- Data for Name: required_email_domains; Type: TABLE DATA; Schema: upchieve; Owner: admin
--

COPY upchieve.required_email_domains (id, domain, volunteer_partner_org_id, created_at, updated_at) FROM stdin;
01802f2f-499a-f0c8-5bbe-2118f342f352	mailtrap.com	01802f2f-4996-a8b1-d44c-3cd7fe6afaae	2022-04-15 21:44:29.852359+00	2022-04-15 21:44:29.852359+00
\.


--
-- Data for Name: school_nces_metadata; Type: TABLE DATA; Schema: upchieve; Owner: admin
--

COPY upchieve.school_nces_metadata (school_id, created_at, updated_at, school_year, fipst, statename, st, sch_name, lea_name, state_agency_no, "union", st_leaid, leaid, st_schid, ncessch, schid, mstreet1, mstreet2, mstreet3, mcity, mstate, mzip, mzip4, lstreet1, lstreet2, lstreet3, lcity, lzip, lzip4, phone, website, sy_status, sy_status_text, updated_status, updated_status_text, effective_date, sch_type, sch_type_text, recon_status, out_of_state_flag, charter_text, chartauth1, chartauthn1, chartauth2, chartauthn2, nogrades, g_pk_offered, g_kg_offered, g_1_offered, g_2_offered, g_3_offered, g_4_offered, g_5_offered, g_6_offered, g_7_offered, g_8_offered, g_9_offered, g_10_offered, g_11_offered, g_12_offered, g_13_offered, g_ug_offered, g_ae_offered, gslo, gshi, level, igoffered) FROM stdin;
\.


--
-- Data for Name: schools_sponsor_orgs; Type: TABLE DATA; Schema: upchieve; Owner: admin
--

COPY upchieve.schools_sponsor_orgs (school_id, sponsor_org_id, created_at, updated_at) FROM stdin;
\.


--
-- Data for Name: session_failed_joins; Type: TABLE DATA; Schema: upchieve; Owner: admin
--

COPY upchieve.session_failed_joins (session_id, user_id, created_at, updated_at) FROM stdin;
\.


--
-- Data for Name: session_flags; Type: TABLE DATA; Schema: upchieve; Owner: admin
--

COPY upchieve.session_flags (id, name, created_at, updated_at) FROM stdin;
1	Absent student	2022-04-15 21:44:30.788048+00	2022-04-15 21:44:30.788048+00
2	Absent volunteer	2022-04-15 21:44:30.789998+00	2022-04-15 21:44:30.789998+00
3	Low session rating from coach	2022-04-15 21:44:30.791769+00	2022-04-15 21:44:30.791769+00
4	Low session rating from student	2022-04-15 21:44:30.793894+00	2022-04-15 21:44:30.793894+00
5	Low coach rating from student	2022-04-15 21:44:30.796528+00	2022-04-15 21:44:30.796528+00
6	Reported	2022-04-15 21:44:30.798278+00	2022-04-15 21:44:30.798278+00
7	Only looking for answers	2022-04-15 21:44:30.800063+00	2022-04-15 21:44:30.800063+00
8	Rude or inappropriate	2022-04-15 21:44:30.801915+00	2022-04-15 21:44:30.801915+00
9	Comment from student	2022-04-15 21:44:30.803555+00	2022-04-15 21:44:30.803555+00
10	Comment from volunteer	2022-04-15 21:44:30.805364+00	2022-04-15 21:44:30.805364+00
11	Has been unmatched	2022-04-15 21:44:30.807214+00	2022-04-15 21:44:30.807214+00
12	Has had technical issues	2022-04-15 21:44:30.809054+00	2022-04-15 21:44:30.809054+00
\.


--
-- Data for Name: session_messages; Type: TABLE DATA; Schema: upchieve; Owner: admin
--

COPY upchieve.session_messages (id, sender_id, contents, session_id, created_at, updated_at, mongo_id) FROM stdin;
\.


--
-- Data for Name: session_photos; Type: TABLE DATA; Schema: upchieve; Owner: admin
--

COPY upchieve.session_photos (session_id, photo_key, created_at, updated_at) FROM stdin;
\.


--
-- Data for Name: session_reports; Type: TABLE DATA; Schema: upchieve; Owner: admin
--

COPY upchieve.session_reports (id, report_reason_id, report_message, reporting_user_id, session_id, reported_user_id, created_at, updated_at) FROM stdin;
\.


--
-- Data for Name: session_review_reasons; Type: TABLE DATA; Schema: upchieve; Owner: admin
--

COPY upchieve.session_review_reasons (session_id, session_flag_id, created_at, updated_at) FROM stdin;
\.


--
-- Data for Name: sessions_session_flags; Type: TABLE DATA; Schema: upchieve; Owner: admin
--

COPY upchieve.sessions_session_flags (session_id, session_flag_id, created_at, updated_at) FROM stdin;
\.


--
-- Data for Name: student_favorite_volunteers; Type: TABLE DATA; Schema: upchieve; Owner: admin
--

COPY upchieve.student_favorite_volunteers (student_id, volunteer_id, created_at, updated_at) FROM stdin;
\.


--
-- Data for Name: student_partner_org_sites; Type: TABLE DATA; Schema: upchieve; Owner: admin
--

COPY upchieve.student_partner_org_sites (id, name, student_partner_org_id, created_at, updated_at) FROM stdin;
01802f2f-4990-cf6c-d888-4593dc539f10	Brooklyn	01802f2f-498a-98b9-42fd-92a008db96dc	2022-04-15 21:44:29.842225+00	2022-04-15 21:44:29.842225+00
01802f2f-4990-2b3e-a6a1-a9997ade20d4	Denver	01802f2f-498a-98b9-42fd-92a008db96dc	2022-04-15 21:44:29.844464+00	2022-04-15 21:44:29.844464+00
01802f2f-4990-0283-d548-65af09ab932f	Oakland	01802f2f-498a-98b9-42fd-92a008db96dc	2022-04-15 21:44:29.846382+00	2022-04-15 21:44:29.846382+00
\.


--
-- Data for Name: student_partner_orgs_sponsor_orgs; Type: TABLE DATA; Schema: upchieve; Owner: admin
--

COPY upchieve.student_partner_orgs_sponsor_orgs (student_partner_org_id, sponsor_org_id, created_at, updated_at) FROM stdin;
\.


--
-- Data for Name: student_profiles; Type: TABLE DATA; Schema: upchieve; Owner: admin
--

COPY upchieve.student_profiles (user_id, college, school_id, postal_code, grade_level_id, student_partner_org_user_id, student_partner_org_id, student_partner_org_site_id, created_at, updated_at) FROM stdin;
01802f2f-5e0a-3019-1faf-06ef5d762ecd	\N	01802f2f-5d45-8ede-07f2-914adb3ae449	\N	\N	\N	\N	\N	2022-04-15 21:44:35.095659+00	2022-04-15 21:44:35.095659+00
01802f2f-5e0a-f40a-b7aa-fc52dde5925a	\N	01802f2f-5d45-adf2-af1c-5e441fc38355	\N	\N	\N	\N	\N	2022-04-15 21:44:35.098073+00	2022-04-15 21:44:35.098073+00
01802f2f-5e0a-6d2a-9b2f-ac055eba6eb8	\N	\N	\N	\N	\N	\N	\N	2022-04-15 21:44:35.100134+00	2022-04-15 21:44:35.100134+00
\.


--
-- Data for Name: training_courses; Type: TABLE DATA; Schema: upchieve; Owner: admin
--

COPY upchieve.training_courses (id, name, created_at, updated_at) FROM stdin;
1	upchieve101	2022-04-15 21:44:29.861902+00	2022-04-15 21:44:29.861902+00
\.


--
-- Data for Name: user_actions; Type: TABLE DATA; Schema: upchieve; Owner: admin
--

COPY upchieve.user_actions (id, user_id, session_id, action_type, action, ip_address_id, device, browser, browser_version, operating_system, operating_system_version, quiz_subcategory, quiz_category, created_at, updated_at, mongo_id, reference_email, volunteer_id, ban_reason) FROM stdin;
\.


--
-- Data for Name: user_product_flags; Type: TABLE DATA; Schema: upchieve; Owner: admin
--

COPY upchieve.user_product_flags (user_id, sent_ready_to_coach_email, sent_hour_summary_intro_email, sent_inactive_thirty_day_email, sent_inactive_sixty_day_email, sent_inactive_ninety_day_email, gates_qualified, created_at, updated_at, in_gates_study) FROM stdin;
\.


--
-- Data for Name: user_session_metrics; Type: TABLE DATA; Schema: upchieve; Owner: admin
--

COPY upchieve.user_session_metrics (user_id, absent_student, absent_volunteer, low_session_rating_from_coach, low_session_rating_from_student, low_coach_rating_from_student, reported, only_looking_for_answers, rude_or_inappropriate, comment_from_student, comment_from_volunteer, has_been_unmatched, has_had_technical_issues, created_at, updated_at) FROM stdin;
\.


--
-- Data for Name: users_certifications; Type: TABLE DATA; Schema: upchieve; Owner: admin
--

COPY upchieve.users_certifications (user_id, certification_id, created_at, updated_at) FROM stdin;
01802f2f-5d4e-c08a-a5c0-1e24ec179352	1	2022-04-15 21:44:34.931241+00	2022-04-15 21:44:34.931241+00
01802f2f-5d4e-c08a-a5c0-1e24ec179352	16	2022-04-15 21:44:34.933538+00	2022-04-15 21:44:34.933538+00
01802f2f-5d4e-c08a-a5c0-1e24ec179352	17	2022-04-15 21:44:34.935415+00	2022-04-15 21:44:34.935415+00
01802f2f-5d4e-c08a-a5c0-1e24ec179352	11	2022-04-15 21:44:34.937418+00	2022-04-15 21:44:34.937418+00
01802f2f-5d4e-c08a-a5c0-1e24ec179352	4	2022-04-15 21:44:34.939216+00	2022-04-15 21:44:34.939216+00
01802f2f-5d4e-c08a-a5c0-1e24ec179352	20	2022-04-15 21:44:34.941308+00	2022-04-15 21:44:34.941308+00
01802f2f-5d4e-c08a-a5c0-1e24ec179352	5	2022-04-15 21:44:34.943385+00	2022-04-15 21:44:34.943385+00
01802f2f-5d4e-c08a-a5c0-1e24ec179352	9	2022-04-15 21:44:34.945169+00	2022-04-15 21:44:34.945169+00
01802f2f-5d4e-c08a-a5c0-1e24ec179352	3	2022-04-15 21:44:34.947072+00	2022-04-15 21:44:34.947072+00
01802f2f-5d4e-c08a-a5c0-1e24ec179352	6	2022-04-15 21:44:34.94896+00	2022-04-15 21:44:34.94896+00
01802f2f-5d4e-c08a-a5c0-1e24ec179352	19	2022-04-15 21:44:34.950878+00	2022-04-15 21:44:34.950878+00
01802f2f-5d4e-c08a-a5c0-1e24ec179352	18	2022-04-15 21:44:34.952677+00	2022-04-15 21:44:34.952677+00
01802f2f-5d4e-c08a-a5c0-1e24ec179352	15	2022-04-15 21:44:34.954513+00	2022-04-15 21:44:34.954513+00
01802f2f-5d4e-8d48-9aa5-13b65ab47419	1	2022-04-15 21:44:34.957063+00	2022-04-15 21:44:34.957063+00
01802f2f-5d4e-8d48-9aa5-13b65ab47419	16	2022-04-15 21:44:34.961458+00	2022-04-15 21:44:34.961458+00
01802f2f-5d4e-8d48-9aa5-13b65ab47419	17	2022-04-15 21:44:34.964133+00	2022-04-15 21:44:34.964133+00
01802f2f-5d4e-8d48-9aa5-13b65ab47419	10	2022-04-15 21:44:34.966598+00	2022-04-15 21:44:34.966598+00
01802f2f-5d4e-8d48-9aa5-13b65ab47419	4	2022-04-15 21:44:34.968978+00	2022-04-15 21:44:34.968978+00
01802f2f-5d4e-8d48-9aa5-13b65ab47419	20	2022-04-15 21:44:34.971146+00	2022-04-15 21:44:34.971146+00
01802f2f-5d4e-8d48-9aa5-13b65ab47419	5	2022-04-15 21:44:34.973001+00	2022-04-15 21:44:34.973001+00
01802f2f-5d4e-8d48-9aa5-13b65ab47419	9	2022-04-15 21:44:34.97514+00	2022-04-15 21:44:34.97514+00
01802f2f-5d4e-8d48-9aa5-13b65ab47419	3	2022-04-15 21:44:34.977324+00	2022-04-15 21:44:34.977324+00
01802f2f-5d4e-8d48-9aa5-13b65ab47419	6	2022-04-15 21:44:34.979399+00	2022-04-15 21:44:34.979399+00
01802f2f-5d4e-8d48-9aa5-13b65ab47419	11	2022-04-15 21:44:34.9811+00	2022-04-15 21:44:34.9811+00
01802f2f-5d4e-8d48-9aa5-13b65ab47419	19	2022-04-15 21:44:34.983202+00	2022-04-15 21:44:34.983202+00
01802f2f-5d4e-8d48-9aa5-13b65ab47419	18	2022-04-15 21:44:34.985048+00	2022-04-15 21:44:34.985048+00
01802f2f-5d4e-3220-77d2-4071de37e0de	1	2022-04-15 21:44:34.986869+00	2022-04-15 21:44:34.986869+00
01802f2f-5d4e-3220-77d2-4071de37e0de	16	2022-04-15 21:44:34.988523+00	2022-04-15 21:44:34.988523+00
01802f2f-5d4e-3220-77d2-4071de37e0de	17	2022-04-15 21:44:34.990538+00	2022-04-15 21:44:34.990538+00
01802f2f-5d4e-3220-77d2-4071de37e0de	10	2022-04-15 21:44:34.992282+00	2022-04-15 21:44:34.992282+00
01802f2f-5d4e-3220-77d2-4071de37e0de	4	2022-04-15 21:44:34.994266+00	2022-04-15 21:44:34.994266+00
01802f2f-5d4e-3220-77d2-4071de37e0de	20	2022-04-15 21:44:34.996259+00	2022-04-15 21:44:34.996259+00
01802f2f-5d4e-3220-77d2-4071de37e0de	5	2022-04-15 21:44:34.998214+00	2022-04-15 21:44:34.998214+00
01802f2f-5d4e-3220-77d2-4071de37e0de	9	2022-04-15 21:44:34.999922+00	2022-04-15 21:44:34.999922+00
01802f2f-5d4e-3220-77d2-4071de37e0de	3	2022-04-15 21:44:35.001656+00	2022-04-15 21:44:35.001656+00
01802f2f-5d4e-3220-77d2-4071de37e0de	6	2022-04-15 21:44:35.003347+00	2022-04-15 21:44:35.003347+00
01802f2f-5d4e-3220-77d2-4071de37e0de	11	2022-04-15 21:44:35.005481+00	2022-04-15 21:44:35.005481+00
01802f2f-5d4e-3220-77d2-4071de37e0de	19	2022-04-15 21:44:35.00734+00	2022-04-15 21:44:35.00734+00
01802f2f-5d4e-3220-77d2-4071de37e0de	18	2022-04-15 21:44:35.009146+00	2022-04-15 21:44:35.009146+00
\.


--
-- Data for Name: users_ip_addresses; Type: TABLE DATA; Schema: upchieve; Owner: admin
--

COPY upchieve.users_ip_addresses (id, ip_address_id, user_id, created_at, updated_at) FROM stdin;
\.


--
-- Data for Name: users_quizzes; Type: TABLE DATA; Schema: upchieve; Owner: admin
--

COPY upchieve.users_quizzes (user_id, quiz_id, attempts, passed, created_at, updated_at) FROM stdin;
01802f2f-5d4e-c08a-a5c0-1e24ec179352	1	1	t	2022-04-15 21:44:35.010939+00	2022-04-15 21:44:35.010939+00
01802f2f-5d4e-c08a-a5c0-1e24ec179352	16	1	t	2022-04-15 21:44:35.013068+00	2022-04-15 21:44:35.013068+00
01802f2f-5d4e-c08a-a5c0-1e24ec179352	17	1	t	2022-04-15 21:44:35.014845+00	2022-04-15 21:44:35.014845+00
01802f2f-5d4e-c08a-a5c0-1e24ec179352	10	1	t	2022-04-15 21:44:35.01685+00	2022-04-15 21:44:35.01685+00
01802f2f-5d4e-c08a-a5c0-1e24ec179352	4	1	t	2022-04-15 21:44:35.01879+00	2022-04-15 21:44:35.01879+00
01802f2f-5d4e-c08a-a5c0-1e24ec179352	20	1	t	2022-04-15 21:44:35.02082+00	2022-04-15 21:44:35.02082+00
01802f2f-5d4e-c08a-a5c0-1e24ec179352	5	1	t	2022-04-15 21:44:35.022895+00	2022-04-15 21:44:35.022895+00
01802f2f-5d4e-c08a-a5c0-1e24ec179352	9	1	t	2022-04-15 21:44:35.024768+00	2022-04-15 21:44:35.024768+00
01802f2f-5d4e-c08a-a5c0-1e24ec179352	3	1	t	2022-04-15 21:44:35.026601+00	2022-04-15 21:44:35.026601+00
01802f2f-5d4e-c08a-a5c0-1e24ec179352	6	1	t	2022-04-15 21:44:35.028495+00	2022-04-15 21:44:35.028495+00
01802f2f-5d4e-c08a-a5c0-1e24ec179352	11	1	t	2022-04-15 21:44:35.030243+00	2022-04-15 21:44:35.030243+00
01802f2f-5d4e-c08a-a5c0-1e24ec179352	19	1	t	2022-04-15 21:44:35.031998+00	2022-04-15 21:44:35.031998+00
01802f2f-5d4e-c08a-a5c0-1e24ec179352	18	1	t	2022-04-15 21:44:35.033767+00	2022-04-15 21:44:35.033767+00
01802f2f-5d4e-c08a-a5c0-1e24ec179352	15	1	t	2022-04-15 21:44:35.035478+00	2022-04-15 21:44:35.035478+00
01802f2f-5d4e-8d48-9aa5-13b65ab47419	1	1	t	2022-04-15 21:44:35.037529+00	2022-04-15 21:44:35.037529+00
01802f2f-5d4e-8d48-9aa5-13b65ab47419	16	1	t	2022-04-15 21:44:35.039384+00	2022-04-15 21:44:35.039384+00
01802f2f-5d4e-8d48-9aa5-13b65ab47419	17	1	t	2022-04-15 21:44:35.04135+00	2022-04-15 21:44:35.04135+00
01802f2f-5d4e-8d48-9aa5-13b65ab47419	10	1	t	2022-04-15 21:44:35.043289+00	2022-04-15 21:44:35.043289+00
01802f2f-5d4e-8d48-9aa5-13b65ab47419	4	1	t	2022-04-15 21:44:35.045024+00	2022-04-15 21:44:35.045024+00
01802f2f-5d4e-8d48-9aa5-13b65ab47419	20	1	t	2022-04-15 21:44:35.046775+00	2022-04-15 21:44:35.046775+00
01802f2f-5d4e-8d48-9aa5-13b65ab47419	5	1	t	2022-04-15 21:44:35.048426+00	2022-04-15 21:44:35.048426+00
01802f2f-5d4e-8d48-9aa5-13b65ab47419	9	1	t	2022-04-15 21:44:35.050124+00	2022-04-15 21:44:35.050124+00
01802f2f-5d4e-8d48-9aa5-13b65ab47419	3	1	t	2022-04-15 21:44:35.051878+00	2022-04-15 21:44:35.051878+00
01802f2f-5d4e-8d48-9aa5-13b65ab47419	6	1	t	2022-04-15 21:44:35.054051+00	2022-04-15 21:44:35.054051+00
01802f2f-5d4e-8d48-9aa5-13b65ab47419	11	1	t	2022-04-15 21:44:35.055904+00	2022-04-15 21:44:35.055904+00
01802f2f-5d4e-8d48-9aa5-13b65ab47419	19	1	t	2022-04-15 21:44:35.057871+00	2022-04-15 21:44:35.057871+00
01802f2f-5d4e-8d48-9aa5-13b65ab47419	18	1	t	2022-04-15 21:44:35.059905+00	2022-04-15 21:44:35.059905+00
01802f2f-5d4e-3220-77d2-4071de37e0de	1	1	t	2022-04-15 21:44:35.062216+00	2022-04-15 21:44:35.062216+00
01802f2f-5d4e-3220-77d2-4071de37e0de	16	1	t	2022-04-15 21:44:35.064295+00	2022-04-15 21:44:35.064295+00
01802f2f-5d4e-3220-77d2-4071de37e0de	17	1	t	2022-04-15 21:44:35.066178+00	2022-04-15 21:44:35.066178+00
01802f2f-5d4e-3220-77d2-4071de37e0de	10	1	t	2022-04-15 21:44:35.068194+00	2022-04-15 21:44:35.068194+00
01802f2f-5d4e-3220-77d2-4071de37e0de	4	1	t	2022-04-15 21:44:35.070156+00	2022-04-15 21:44:35.070156+00
01802f2f-5d4e-3220-77d2-4071de37e0de	20	1	t	2022-04-15 21:44:35.071916+00	2022-04-15 21:44:35.071916+00
01802f2f-5d4e-3220-77d2-4071de37e0de	5	1	t	2022-04-15 21:44:35.07381+00	2022-04-15 21:44:35.07381+00
01802f2f-5d4e-3220-77d2-4071de37e0de	9	1	t	2022-04-15 21:44:35.075689+00	2022-04-15 21:44:35.075689+00
01802f2f-5d4e-3220-77d2-4071de37e0de	3	1	t	2022-04-15 21:44:35.07767+00	2022-04-15 21:44:35.07767+00
01802f2f-5d4e-3220-77d2-4071de37e0de	6	1	t	2022-04-15 21:44:35.079586+00	2022-04-15 21:44:35.079586+00
01802f2f-5d4e-3220-77d2-4071de37e0de	11	1	t	2022-04-15 21:44:35.081509+00	2022-04-15 21:44:35.081509+00
01802f2f-5d4e-3220-77d2-4071de37e0de	19	1	t	2022-04-15 21:44:35.08336+00	2022-04-15 21:44:35.08336+00
01802f2f-5d4e-3220-77d2-4071de37e0de	18	1	t	2022-04-15 21:44:35.085268+00	2022-04-15 21:44:35.085268+00
\.


--
-- Data for Name: users_roles; Type: TABLE DATA; Schema: upchieve; Owner: admin
--

COPY upchieve.users_roles (user_id, role_id, created_at, updated_at) FROM stdin;
\.


--
-- Data for Name: users_training_courses; Type: TABLE DATA; Schema: upchieve; Owner: admin
--

COPY upchieve.users_training_courses (user_id, training_course_id, complete, progress, completed_materials, created_at, updated_at) FROM stdin;
\.


--
-- Data for Name: volunteer_occupations; Type: TABLE DATA; Schema: upchieve; Owner: admin
--

COPY upchieve.volunteer_occupations (user_id, occupation, created_at, updated_at) FROM stdin;
\.


--
-- Data for Name: volunteer_profiles; Type: TABLE DATA; Schema: upchieve; Owner: admin
--

COPY upchieve.volunteer_profiles (user_id, volunteer_partner_org_id, timezone, approved, onboarded, photo_id_s3_key, photo_id_status, linkedin_url, college, company, languages, experience, city, state, country, created_at, updated_at, total_volunteer_hours, elapsed_availability) FROM stdin;
01802f2f-5d4e-c08a-a5c0-1e24ec179352	\N	America/New_York	t	t	\N	\N	\N	Volunteer College	\N	\N	\N	\N	\N	\N	2022-04-15 21:44:34.918566+00	2022-04-15 21:44:34.918566+00	\N	\N
01802f2f-5d4e-8d48-9aa5-13b65ab47419	\N	America/New_York	t	t	\N	\N	\N	Volunteer College	\N	\N	\N	\N	\N	\N	2022-04-15 21:44:34.921344+00	2022-04-15 21:44:34.921344+00	\N	\N
01802f2f-5d4e-3220-77d2-4071de37e0de	\N	America/Denver	t	t	\N	\N	\N	Volunteer College	\N	\N	\N	\N	\N	\N	2022-04-15 21:44:34.923301+00	2022-04-15 21:44:34.923301+00	\N	\N
01802f2f-5d4e-7145-39ce-893108585a42	\N	America/New_York	t	f	\N	\N	\N	Volunteer College	\N	\N	\N	\N	\N	\N	2022-04-15 21:44:34.925174+00	2022-04-15 21:44:34.925174+00	\N	\N
01802f2f-5d4e-e052-55ef-24d373acce61	\N	America/New_York	f	f	\N	\N	\N	Volunteer College	\N	\N	\N	\N	\N	\N	2022-04-15 21:44:34.927117+00	2022-04-15 21:44:34.927117+00	\N	\N
01802f2f-5d4e-4951-9f47-8f46e81501fb	\N	America/New_York	t	t	\N	\N	\N		\N	\N	\N	\N	\N	\N	2022-04-15 21:44:34.929241+00	2022-04-15 21:44:34.929241+00	\N	\N
\.


--
-- Data for Name: volunteer_reference_statuses; Type: TABLE DATA; Schema: upchieve; Owner: admin
--

COPY upchieve.volunteer_reference_statuses (id, name, created_at, updated_at) FROM stdin;
1	sent	2022-04-15 21:44:29.864001+00	2022-04-15 21:44:29.864001+00
2	submitted	2022-04-15 21:44:29.866095+00	2022-04-15 21:44:29.866095+00
3	approved	2022-04-15 21:44:29.867716+00	2022-04-15 21:44:29.867716+00
4	rejected	2022-04-15 21:44:29.869532+00	2022-04-15 21:44:29.869532+00
5	removed	2022-04-15 21:44:29.871405+00	2022-04-15 21:44:29.871405+00
6	unsent	2022-04-15 21:44:29.873088+00	2022-04-15 21:44:29.873088+00
\.


--
-- Data for Name: volunteer_references; Type: TABLE DATA; Schema: upchieve; Owner: admin
--

COPY upchieve.volunteer_references (id, user_id, first_name, last_name, email, status_id, sent_at, affiliation, relationship_length, patient, positive_role_model, agreeable_and_approachable, communicates_effectively, rejection_reason, additional_info, created_at, updated_at, trustworthy_with_children) FROM stdin;
\.


--
-- Name: ban_reasons_id_seq; Type: SEQUENCE SET; Schema: upchieve; Owner: admin
--

SELECT pg_catalog.setval('upchieve.ban_reasons_id_seq', 5, true);


--
-- Name: certifications_id_seq; Type: SEQUENCE SET; Schema: upchieve; Owner: admin
--

SELECT pg_catalog.setval('upchieve.certifications_id_seq', 21, true);


--
-- Name: cities_id_seq; Type: SEQUENCE SET; Schema: upchieve; Owner: admin
--

SELECT pg_catalog.setval('upchieve.cities_id_seq', 2, true);


--
-- Name: grade_levels_id_seq; Type: SEQUENCE SET; Schema: upchieve; Owner: admin
--

SELECT pg_catalog.setval('upchieve.grade_levels_id_seq', 6, true);


--
-- Name: ip_addresses_id_seq; Type: SEQUENCE SET; Schema: upchieve; Owner: admin
--

SELECT pg_catalog.setval('upchieve.ip_addresses_id_seq', 1, false);


--
-- Name: notification_methods_id_seq; Type: SEQUENCE SET; Schema: upchieve; Owner: admin
--

SELECT pg_catalog.setval('upchieve.notification_methods_id_seq', 4, true);


--
-- Name: notification_priority_groups_id_seq; Type: SEQUENCE SET; Schema: upchieve; Owner: admin
--

SELECT pg_catalog.setval('upchieve.notification_priority_groups_id_seq', 17, true);


--
-- Name: notification_types_id_seq; Type: SEQUENCE SET; Schema: upchieve; Owner: admin
--

SELECT pg_catalog.setval('upchieve.notification_types_id_seq', 2, true);


--
-- Name: photo_id_statuses_id_seq; Type: SEQUENCE SET; Schema: upchieve; Owner: admin
--

SELECT pg_catalog.setval('upchieve.photo_id_statuses_id_seq', 4, true);


--
-- Name: quiz_questions_id_seq; Type: SEQUENCE SET; Schema: upchieve; Owner: admin
--

SELECT pg_catalog.setval('upchieve.quiz_questions_id_seq', 1, false);


--
-- Name: quiz_subcategories_id_seq; Type: SEQUENCE SET; Schema: upchieve; Owner: admin
--

SELECT pg_catalog.setval('upchieve.quiz_subcategories_id_seq', 299, true);


--
-- Name: quizzes_id_seq; Type: SEQUENCE SET; Schema: upchieve; Owner: admin
--

SELECT pg_catalog.setval('upchieve.quizzes_id_seq', 24, true);


--
-- Name: report_reasons_id_seq; Type: SEQUENCE SET; Schema: upchieve; Owner: admin
--

SELECT pg_catalog.setval('upchieve.report_reasons_id_seq', 5, true);


--
-- Name: session_flags_id_seq; Type: SEQUENCE SET; Schema: upchieve; Owner: admin
--

SELECT pg_catalog.setval('upchieve.session_flags_id_seq', 12, true);


--
-- Name: signup_sources_id_seq; Type: SEQUENCE SET; Schema: upchieve; Owner: admin
--

SELECT pg_catalog.setval('upchieve.signup_sources_id_seq', 6, true);


--
-- Name: subjects_id_seq; Type: SEQUENCE SET; Schema: upchieve; Owner: admin
--

SELECT pg_catalog.setval('upchieve.subjects_id_seq', 24, true);


--
-- Name: tool_types_id_seq; Type: SEQUENCE SET; Schema: upchieve; Owner: admin
--

SELECT pg_catalog.setval('upchieve.tool_types_id_seq', 2, true);


--
-- Name: topics_id_seq; Type: SEQUENCE SET; Schema: upchieve; Owner: admin
--

SELECT pg_catalog.setval('upchieve.topics_id_seq', 5, true);


--
-- Name: training_courses_id_seq; Type: SEQUENCE SET; Schema: upchieve; Owner: admin
--

SELECT pg_catalog.setval('upchieve.training_courses_id_seq', 1, true);


--
-- Name: user_actions_id_seq; Type: SEQUENCE SET; Schema: upchieve; Owner: admin
--

SELECT pg_catalog.setval('upchieve.user_actions_id_seq', 1, false);


--
-- Name: user_roles_id_seq; Type: SEQUENCE SET; Schema: upchieve; Owner: admin
--

SELECT pg_catalog.setval('upchieve.user_roles_id_seq', 3, true);


--
-- Name: volunteer_reference_statuses_id_seq; Type: SEQUENCE SET; Schema: upchieve; Owner: admin
--

SELECT pg_catalog.setval('upchieve.volunteer_reference_statuses_id_seq', 6, true);


--
-- Name: weekdays_id_seq; Type: SEQUENCE SET; Schema: upchieve; Owner: admin
--

SELECT pg_catalog.setval('upchieve.weekdays_id_seq', 1, false);


--
-- PostgreSQL database dump complete
--

