--
-- PostgreSQL database dump
--

-- Dumped from database version 14.3 (Debian 14.3-1.pgdg110+1)
-- Dumped by pg_dump version 14.3

SET statement_timeout = 0;
SET lock_timeout = 0;
SET idle_in_transaction_session_timeout = 0;
SET client_encoding = 'UTF8';
SET standard_conforming_strings = on;
SELECT pg_catalog.set_config('search_path', '', false);
SET check_function_bodies = false;
SET xmloption = content;
SET client_min_messages = warning;
SET row_security = off;

--
-- Data for Name: ban_reasons; Type: TABLE DATA; Schema: upchieve; Owner: admin
--

COPY upchieve.ban_reasons (id, name, created_at, updated_at) FROM stdin;
1	non us signup	2022-06-15 14:39:38.152462+00	2022-06-15 14:39:38.152462+00
2	session reported	2022-06-15 14:39:38.153544+00	2022-06-15 14:39:38.153544+00
3	used banned ip	2022-06-15 14:39:38.154321+00	2022-06-15 14:39:38.154321+00
4	admin	2022-06-15 14:39:38.155225+00	2022-06-15 14:39:38.155225+00
5	banned service provider	2022-06-15 14:39:38.156283+00	2022-06-15 14:39:38.156283+00
\.


--
-- Data for Name: signup_sources; Type: TABLE DATA; Schema: upchieve; Owner: admin
--

COPY upchieve.signup_sources (id, name, created_at, updated_at) FROM stdin;
1	Web search	2022-06-15 14:39:38.157253+00	2022-06-15 14:39:38.157253+00
2	Social media	2022-06-15 14:39:38.158466+00	2022-06-15 14:39:38.158466+00
3	Friend / Classmate	2022-06-15 14:39:38.159326+00	2022-06-15 14:39:38.159326+00
4	School / Teacher	2022-06-15 14:39:38.160218+00	2022-06-15 14:39:38.160218+00
5	Parent / Relative	2022-06-15 14:39:38.161162+00	2022-06-15 14:39:38.161162+00
6	Other	2022-06-15 14:39:38.162208+00	2022-06-15 14:39:38.162208+00
\.


--
-- Data for Name: users; Type: TABLE DATA; Schema: upchieve; Owner: admin
--

COPY upchieve.users (id, verified, email_verified, phone_verified, email, password, password_reset_token, first_name, last_name, deactivated, last_activity_at, referral_code, referred_by, test_user, banned, ban_reason_id, time_tutored, signup_source_id, created_at, updated_at, phone, mongo_id) FROM stdin;
018167ce-46c0-7ce6-87ba-9cc54d966595	t	f	f	volunteer1@upchieve.org	$2a$10$z.JMHnbX9IubnNZtqI.FOecTPVY1VTU1DJ6AJGIOT/x/OyAtdw3.y	\N	Partner	UPchieve	f	\N	B	\N	f	f	\N	25200000	\N	2022-06-15 14:39:40.738345+00	2022-06-15 14:39:40.738345+00	+12125551212	\N
018167ce-46c0-94e6-d983-4379a20b697e	t	f	f	volunteer2@upchieve.org	$2a$10$z.JMHnbX9IubnNZtqI.FOecTPVY1VTU1DJ6AJGIOT/x/OyAtdw3.y	\N	Special Reporting	UPchieve	f	\N	C	\N	f	f	\N	25200000	\N	2022-06-15 14:39:40.739911+00	2022-06-15 14:39:40.739911+00	+12125551213	\N
018167ce-46c0-2ed4-e0e1-56a9b16f7895	t	f	f	volunteer3@upchieve.org	$2a$10$z.JMHnbX9IubnNZtqI.FOecTPVY1VTU1DJ6AJGIOT/x/OyAtdw3.y	\N	Open Sign Up	UPchieve	f	\N	D	\N	f	f	\N	25200000	\N	2022-06-15 14:39:40.741213+00	2022-06-15 14:39:40.741213+00	+12125551214	\N
018167ce-46c0-bcfe-d818-fe070b1db5e2	t	f	f	volunteer4@upchieve.org	$2a$10$z.JMHnbX9IubnNZtqI.FOecTPVY1VTU1DJ6AJGIOT/x/OyAtdw3.y	\N	Needs Onboarding	UPchieve	f	\N	E	\N	f	f	\N	0	\N	2022-06-15 14:39:40.742369+00	2022-06-15 14:39:40.742369+00	+12125551215	\N
018167ce-46c0-c6a5-100b-0081398cac64	t	f	f	volunteer5@upchieve.org	$2a$10$z.JMHnbX9IubnNZtqI.FOecTPVY1VTU1DJ6AJGIOT/x/OyAtdw3.y	\N	Needs Approval	UPchieve	f	\N	Z	\N	f	f	\N	0	\N	2022-06-15 14:39:40.743446+00	2022-06-15 14:39:40.743446+00	+12125551216	\N
018167ce-46c0-fc27-94ee-7179eff65f43	t	f	f	volunteer6@upchieve.org	$2a$10$z.JMHnbX9IubnNZtqI.FOecTPVY1VTU1DJ6AJGIOT/x/OyAtdw3.y	\N	Admin	UPchieve	f	\N	Y	\N	f	f	\N	0	\N	2022-06-15 14:39:40.744612+00	2022-06-15 14:39:40.744612+00	+12125551217	\N
018167ce-4747-095d-7eb3-6ea887af7b7f	t	f	f	student1@upchieve.org	$2a$10$z.JMHnbX9IubnNZtqI.FOecTPVY1VTU1DJ6AJGIOT/x/OyAtdw3.y	\N	Student	UPchieve	f	\N	A	\N	f	f	\N	\N	\N	2022-06-15 14:39:40.873386+00	2022-06-15 14:39:40.873386+00	\N	\N
018167ce-4747-7158-79b1-9ed70785c1ac	t	f	f	student2@upchieve.org	$2a$10$z.JMHnbX9IubnNZtqI.FOecTPVY1VTU1DJ6AJGIOT/x/OyAtdw3.y	\N	Student	UPchieve	f	\N	F	\N	f	f	\N	\N	\N	2022-06-15 14:39:40.874535+00	2022-06-15 14:39:40.874535+00	\N	\N
018167ce-4747-2cde-8d11-1c5e3e8766e0	t	f	f	student3@upchieve.org	$2a$10$z.JMHnbX9IubnNZtqI.FOecTPVY1VTU1DJ6AJGIOT/x/OyAtdw3.y	\N	Student	UPchieve	f	\N	G	\N	f	f	\N	\N	\N	2022-06-15 14:39:40.87579+00	2022-06-15 14:39:40.87579+00	\N	\N
\.


--
-- Data for Name: admin_profiles; Type: TABLE DATA; Schema: upchieve; Owner: admin
--

COPY upchieve.admin_profiles (user_id, created_at, updated_at) FROM stdin;
018167ce-46c0-fc27-94ee-7179eff65f43	2022-06-15 14:39:40.871782+00	2022-06-15 14:39:40.871782+00
\.


--
-- Data for Name: tool_types; Type: TABLE DATA; Schema: upchieve; Owner: admin
--

COPY upchieve.tool_types (id, name, created_at, updated_at) FROM stdin;
1	whiteboard	2022-06-15 14:39:38.185964+00	2022-06-15 14:39:38.185964+00
2	documenteditor	2022-06-15 14:39:38.187211+00	2022-06-15 14:39:38.187211+00
\.


--
-- Data for Name: topics; Type: TABLE DATA; Schema: upchieve; Owner: admin
--

COPY upchieve.topics (id, name, icon_link, color, dashboard_order, display_name, created_at, updated_at) FROM stdin;
1	math	\N	\N	1	Math	2022-06-15 14:39:38.180703+00	2022-06-15 14:39:38.180703+00
2	science	\N	\N	4	Science	2022-06-15 14:39:38.181951+00	2022-06-15 14:39:38.181951+00
3	college	\N	\N	3	College Counseling	2022-06-15 14:39:38.18281+00	2022-06-15 14:39:38.18281+00
4	sat	\N	\N	2	Standardized Testing	2022-06-15 14:39:38.183863+00	2022-06-15 14:39:38.183863+00
5	readingWriting	\N	\N	5	Reading and Writing	2022-06-15 14:39:38.184939+00	2022-06-15 14:39:38.184939+00
\.


--
-- Data for Name: subjects; Type: TABLE DATA; Schema: upchieve; Owner: admin
--

COPY upchieve.subjects (id, name, display_name, display_order, topic_id, tool_type_id, created_at, updated_at) FROM stdin;
1	prealgebra	Prealgebra	1	1	1	2022-06-15 14:39:38.188455+00	2022-06-15 14:39:38.188455+00
2	algebraOne	Algebra 1	2	1	1	2022-06-15 14:39:38.190058+00	2022-06-15 14:39:38.190058+00
3	algebraTwo	Algebra 2	3	1	1	2022-06-15 14:39:38.191089+00	2022-06-15 14:39:38.191089+00
4	geometry	Geometry	4	1	1	2022-06-15 14:39:38.192253+00	2022-06-15 14:39:38.192253+00
5	trigonometry	Trigonometry	5	1	1	2022-06-15 14:39:38.19322+00	2022-06-15 14:39:38.19322+00
6	precalculus	Precalculus	6	1	1	2022-06-15 14:39:38.19424+00	2022-06-15 14:39:38.19424+00
7	calculusAB	Calculus AB	7	1	1	2022-06-15 14:39:38.195379+00	2022-06-15 14:39:38.195379+00
8	calculusBC	Calculus BC	8	1	1	2022-06-15 14:39:38.196171+00	2022-06-15 14:39:38.196171+00
9	statistics	Statistics	9	1	1	2022-06-15 14:39:38.197091+00	2022-06-15 14:39:38.197091+00
10	biology	Biology	1	2	1	2022-06-15 14:39:38.198069+00	2022-06-15 14:39:38.198069+00
11	chemistry	Chemistry	2	2	1	2022-06-15 14:39:38.199197+00	2022-06-15 14:39:38.199197+00
12	physicsOne	Physics 1	3	2	1	2022-06-15 14:39:38.200248+00	2022-06-15 14:39:38.200248+00
13	physicsTwo	Physics 2	4	2	1	2022-06-15 14:39:38.20116+00	2022-06-15 14:39:38.20116+00
14	environmentalScience	Environmental Science	5	2	1	2022-06-15 14:39:38.20213+00	2022-06-15 14:39:38.20213+00
15	satMath	SAT Math	1	4	1	2022-06-15 14:39:38.203016+00	2022-06-15 14:39:38.203016+00
16	satReading	SAT Reading	2	4	2	2022-06-15 14:39:38.203961+00	2022-06-15 14:39:38.203961+00
17	essays	College Essays	2	3	2	2022-06-15 14:39:38.204939+00	2022-06-15 14:39:38.204939+00
18	planning	Planning	1	3	2	2022-06-15 14:39:38.205848+00	2022-06-15 14:39:38.205848+00
19	applications	Applications	3	3	2	2022-06-15 14:39:38.206864+00	2022-06-15 14:39:38.206864+00
20	humanitiesEssays	Humanities Essays	1	5	2	2022-06-15 14:39:38.207966+00	2022-06-15 14:39:38.207966+00
21	integratedMathOne	Integrated Math One	9	1	1	2022-06-15 14:39:38.208945+00	2022-06-15 14:39:38.208945+00
22	integratedMathTwo	Integrated Math Two	9	1	1	2022-06-15 14:39:38.209929+00	2022-06-15 14:39:38.209929+00
23	integratedMathThree	Integrated Math Three	9	1	1	2022-06-15 14:39:38.210844+00	2022-06-15 14:39:38.210844+00
24	integratedMathFour	Integrated Math Four	9	1	1	2022-06-15 14:39:38.211673+00	2022-06-15 14:39:38.211673+00
25	reading	Reading	2	5	2	2022-06-15 14:39:38.774553+00	2022-06-15 14:39:38.774553+00
\.


--
-- Data for Name: user_roles; Type: TABLE DATA; Schema: upchieve; Owner: admin
--

COPY upchieve.user_roles (id, name, created_at, updated_at) FROM stdin;
1	student	2022-06-15 14:39:38.149291+00	2022-06-15 14:39:38.149291+00
2	volunteer	2022-06-15 14:39:38.150583+00	2022-06-15 14:39:38.150583+00
3	admin	2022-06-15 14:39:38.151514+00	2022-06-15 14:39:38.151514+00
\.


--
-- Data for Name: sessions; Type: TABLE DATA; Schema: upchieve; Owner: admin
--

COPY upchieve.sessions (id, student_id, volunteer_id, subject_id, has_whiteboard_doc, quill_doc, volunteer_joined_at, ended_at, ended_by_role_id, reviewed, to_review, student_banned, time_tutored, created_at, updated_at, mongo_id) FROM stdin;
\.


--
-- Data for Name: assistments_data; Type: TABLE DATA; Schema: upchieve; Owner: admin
--

COPY upchieve.assistments_data (id, problem_id, assignment_id, student_id, session_id, sent, created_at, updated_at, sent_at, mongo_id) FROM stdin;
\.


--
-- Data for Name: sponsor_orgs; Type: TABLE DATA; Schema: upchieve; Owner: admin
--

COPY upchieve.sponsor_orgs (id, name, created_at, updated_at, key) FROM stdin;
018167ce-46b4-729b-969e-a4dd89ced795	Only Sponsors Schools	2022-06-15 14:39:40.726106+00	2022-06-15 14:39:40.726106+00	onlySponsorsSchools
018167ce-46b4-6775-566f-5a7eb329ad91	Only Sponsors Partner Orgs	2022-06-15 14:39:40.727325+00	2022-06-15 14:39:40.727325+00	onlySponsorsPartnerOrgs
018167ce-46b4-e338-f518-966adec8d599	Sponsors Both	2022-06-15 14:39:40.72832+00	2022-06-15 14:39:40.72832+00	sponsorsBoth
\.


--
-- Data for Name: student_partner_orgs; Type: TABLE DATA; Schema: upchieve; Owner: admin
--

COPY upchieve.student_partner_orgs (id, key, name, signup_code, high_school_signup, college_signup, school_signup_required, created_at, updated_at) FROM stdin;
018167ce-466b-3b7f-d06c-f06e6ce30f6a	college-mentors	College Mentors	MENTORS	t	f	t	2022-06-15 14:39:40.69463+00	2022-06-15 14:39:40.69463+00
018167ce-466b-62bf-dc2d-d42864a72ab9	community-org	Community Org	COMMUNITY	t	f	f	2022-06-15 14:39:40.701003+00	2022-06-15 14:39:40.701003+00
018167ce-466b-ae92-aa78-2a76952e6ab2	school-helpers	School Helpers	SCHOOLHELPERS	f	f	f	2022-06-15 14:39:40.703546+00	2022-06-15 14:39:40.703546+00
018167ce-466b-fc6d-ed59-55ad017fe6c7	college-learners	College Learners	COLLEGELEARNERS	f	t	t	2022-06-15 14:39:40.705048+00	2022-06-15 14:39:40.705048+00
018167ce-466b-b8f4-1d8c-5014d92f55a8	all-the-students	All The Students	ALLTHESTUDENTS	t	t	t	2022-06-15 14:39:40.706392+00	2022-06-15 14:39:40.706392+00
\.


--
-- Data for Name: volunteer_partner_orgs; Type: TABLE DATA; Schema: upchieve; Owner: admin
--

COPY upchieve.volunteer_partner_orgs (id, key, name, receive_weekly_hour_summary_email, created_at, updated_at) FROM stdin;
018167ce-46a5-0863-2780-149f4cc0e6ab	big-telecom	Big Telecom	t	2022-06-15 14:39:40.711649+00	2022-06-15 14:39:40.711649+00
018167ce-46a5-876a-bbef-3ef176962e90	health-co	Health Co	f	2022-06-15 14:39:40.713129+00	2022-06-15 14:39:40.713129+00
\.


--
-- Data for Name: associated_partners; Type: TABLE DATA; Schema: upchieve; Owner: admin
--

COPY upchieve.associated_partners (id, key, volunteer_partner_org_id, student_partner_org_id, student_sponsor_org_id, created_at, updated_at) FROM stdin;
018167ce-46bd-db4d-41a2-9c70cb4ca52b	associatedWithSponsorOrg	018167ce-46a5-0863-2780-149f4cc0e6ab	\N	018167ce-46b4-729b-969e-a4dd89ced795	2022-06-15 14:39:40.735592+00	2022-06-15 14:39:40.735592+00
018167ce-46bd-9da1-bb63-5a77e028a813	associatedWithPartnerOrg	018167ce-46a5-0863-2780-149f4cc0e6ab	018167ce-466b-3b7f-d06c-f06e6ce30f6a	\N	2022-06-15 14:39:40.737092+00	2022-06-15 14:39:40.737092+00
\.


--
-- Data for Name: weekdays; Type: TABLE DATA; Schema: upchieve; Owner: admin
--

COPY upchieve.weekdays (id, day, created_at, updated_at) FROM stdin;
1	Sunday	2022-06-15 14:39:38.141764+00	2022-06-15 14:39:38.141764+00
2	Monday	2022-06-15 14:39:38.143125+00	2022-06-15 14:39:38.143125+00
3	Tuesday	2022-06-15 14:39:38.14409+00	2022-06-15 14:39:38.14409+00
4	Wednesday	2022-06-15 14:39:38.145565+00	2022-06-15 14:39:38.145565+00
5	Thursday	2022-06-15 14:39:38.146564+00	2022-06-15 14:39:38.146564+00
6	Friday	2022-06-15 14:39:38.147509+00	2022-06-15 14:39:38.147509+00
7	Saturday	2022-06-15 14:39:38.148353+00	2022-06-15 14:39:38.148353+00
\.


--
-- Data for Name: availabilities; Type: TABLE DATA; Schema: upchieve; Owner: admin
--

COPY upchieve.availabilities (id, user_id, weekday_id, available_start, available_end, timezone, created_at, updated_at) FROM stdin;
\.


--
-- Data for Name: availability_histories; Type: TABLE DATA; Schema: upchieve; Owner: admin
--

COPY upchieve.availability_histories (id, user_id, weekday_id, available_start, available_end, timezone, recorded_at, created_at, updated_at) FROM stdin;
\.


--
-- Data for Name: certifications; Type: TABLE DATA; Schema: upchieve; Owner: admin
--

COPY upchieve.certifications (id, name, created_at, updated_at) FROM stdin;
1	prealgebra	2022-06-15 14:39:38.553887+00	2022-06-15 14:39:38.553887+00
2	statistics	2022-06-15 14:39:38.555176+00	2022-06-15 14:39:38.555176+00
3	geometry	2022-06-15 14:39:38.556071+00	2022-06-15 14:39:38.556071+00
4	biology	2022-06-15 14:39:38.557302+00	2022-06-15 14:39:38.557302+00
5	chemistry	2022-06-15 14:39:38.558113+00	2022-06-15 14:39:38.558113+00
6	physicsOne	2022-06-15 14:39:38.559065+00	2022-06-15 14:39:38.559065+00
7	physicsTwo	2022-06-15 14:39:38.560325+00	2022-06-15 14:39:38.560325+00
8	environmentalScience	2022-06-15 14:39:38.561261+00	2022-06-15 14:39:38.561261+00
9	essays	2022-06-15 14:39:38.562051+00	2022-06-15 14:39:38.562051+00
10	applications	2022-06-15 14:39:38.5629+00	2022-06-15 14:39:38.5629+00
11	planning	2022-06-15 14:39:38.563973+00	2022-06-15 14:39:38.563973+00
12	satMath	2022-06-15 14:39:38.564959+00	2022-06-15 14:39:38.564959+00
13	satReading	2022-06-15 14:39:38.565973+00	2022-06-15 14:39:38.565973+00
14	collegeCounseling	2022-06-15 14:39:38.566885+00	2022-06-15 14:39:38.566885+00
15	humanitiesEssays	2022-06-15 14:39:38.567719+00	2022-06-15 14:39:38.567719+00
16	algebraOne	2022-06-15 14:39:38.568661+00	2022-06-15 14:39:38.568661+00
17	algebraTwo	2022-06-15 14:39:38.569614+00	2022-06-15 14:39:38.569614+00
18	trigonometry	2022-06-15 14:39:38.570512+00	2022-06-15 14:39:38.570512+00
19	precalculus	2022-06-15 14:39:38.571519+00	2022-06-15 14:39:38.571519+00
20	calculusAB	2022-06-15 14:39:38.572384+00	2022-06-15 14:39:38.572384+00
21	calculusBC	2022-06-15 14:39:38.573246+00	2022-06-15 14:39:38.573246+00
22	reading	2022-06-15 14:39:38.774553+00	2022-06-15 14:39:38.774553+00
\.


--
-- Data for Name: certification_subject_unlocks; Type: TABLE DATA; Schema: upchieve; Owner: admin
--

COPY upchieve.certification_subject_unlocks (subject_id, certification_id, created_at, updated_at) FROM stdin;
21	16	2022-06-15 14:39:38.617039+00	2022-06-15 14:39:38.617039+00
21	3	2022-06-15 14:39:38.61828+00	2022-06-15 14:39:38.61828+00
21	2	2022-06-15 14:39:38.619361+00	2022-06-15 14:39:38.619361+00
22	16	2022-06-15 14:39:38.620376+00	2022-06-15 14:39:38.620376+00
22	3	2022-06-15 14:39:38.62139+00	2022-06-15 14:39:38.62139+00
22	2	2022-06-15 14:39:38.622341+00	2022-06-15 14:39:38.622341+00
22	18	2022-06-15 14:39:38.623353+00	2022-06-15 14:39:38.623353+00
23	19	2022-06-15 14:39:38.624332+00	2022-06-15 14:39:38.624332+00
23	2	2022-06-15 14:39:38.625972+00	2022-06-15 14:39:38.625972+00
24	19	2022-06-15 14:39:38.627212+00	2022-06-15 14:39:38.627212+00
1	1	2022-06-15 14:39:38.628308+00	2022-06-15 14:39:38.628308+00
9	2	2022-06-15 14:39:38.629713+00	2022-06-15 14:39:38.629713+00
4	3	2022-06-15 14:39:38.630764+00	2022-06-15 14:39:38.630764+00
10	4	2022-06-15 14:39:38.631777+00	2022-06-15 14:39:38.631777+00
11	5	2022-06-15 14:39:38.632944+00	2022-06-15 14:39:38.632944+00
12	6	2022-06-15 14:39:38.633959+00	2022-06-15 14:39:38.633959+00
13	7	2022-06-15 14:39:38.634813+00	2022-06-15 14:39:38.634813+00
14	8	2022-06-15 14:39:38.635653+00	2022-06-15 14:39:38.635653+00
17	9	2022-06-15 14:39:38.636557+00	2022-06-15 14:39:38.636557+00
19	10	2022-06-15 14:39:38.637438+00	2022-06-15 14:39:38.637438+00
18	11	2022-06-15 14:39:38.638557+00	2022-06-15 14:39:38.638557+00
15	12	2022-06-15 14:39:38.639828+00	2022-06-15 14:39:38.639828+00
16	13	2022-06-15 14:39:38.646998+00	2022-06-15 14:39:38.646998+00
20	15	2022-06-15 14:39:38.648095+00	2022-06-15 14:39:38.648095+00
2	16	2022-06-15 14:39:38.649203+00	2022-06-15 14:39:38.649203+00
3	17	2022-06-15 14:39:38.650322+00	2022-06-15 14:39:38.650322+00
5	18	2022-06-15 14:39:38.651352+00	2022-06-15 14:39:38.651352+00
6	19	2022-06-15 14:39:38.652208+00	2022-06-15 14:39:38.652208+00
7	20	2022-06-15 14:39:38.653244+00	2022-06-15 14:39:38.653244+00
8	21	2022-06-15 14:39:38.653966+00	2022-06-15 14:39:38.653966+00
25	22	2022-06-15 14:39:38.774553+00	2022-06-15 14:39:38.774553+00
\.


--
-- Data for Name: us_states; Type: TABLE DATA; Schema: upchieve; Owner: admin
--

COPY upchieve.us_states (code, name, created_at, updated_at) FROM stdin;
AL	Alabama	2022-06-15 14:39:37.807504+00	2022-06-15 14:39:37.807504+00
AK	Alaska	2022-06-15 14:39:37.810421+00	2022-06-15 14:39:37.810421+00
AR	Arkansas	2022-06-15 14:39:37.812193+00	2022-06-15 14:39:37.812193+00
AZ	Arizona	2022-06-15 14:39:37.813409+00	2022-06-15 14:39:37.813409+00
CA	California	2022-06-15 14:39:37.814636+00	2022-06-15 14:39:37.814636+00
CO	Colorado	2022-06-15 14:39:37.815885+00	2022-06-15 14:39:37.815885+00
CT	Connecticut	2022-06-15 14:39:37.817219+00	2022-06-15 14:39:37.817219+00
DE	Delaware	2022-06-15 14:39:37.818241+00	2022-06-15 14:39:37.818241+00
DC	District of Columbia	2022-06-15 14:39:37.819217+00	2022-06-15 14:39:37.819217+00
FL	Florida	2022-06-15 14:39:37.820293+00	2022-06-15 14:39:37.820293+00
GA	Georgia	2022-06-15 14:39:37.821431+00	2022-06-15 14:39:37.821431+00
HI	Hawaii	2022-06-15 14:39:37.8225+00	2022-06-15 14:39:37.8225+00
ID	Idaho	2022-06-15 14:39:37.823437+00	2022-06-15 14:39:37.823437+00
IL	Illinois	2022-06-15 14:39:37.824522+00	2022-06-15 14:39:37.824522+00
IN	Indiana	2022-06-15 14:39:37.825416+00	2022-06-15 14:39:37.825416+00
IA	Iowa	2022-06-15 14:39:37.826354+00	2022-06-15 14:39:37.826354+00
KS	Kansas	2022-06-15 14:39:37.827347+00	2022-06-15 14:39:37.827347+00
KY	Kentucky	2022-06-15 14:39:37.828303+00	2022-06-15 14:39:37.828303+00
LA	Louisiana	2022-06-15 14:39:37.82939+00	2022-06-15 14:39:37.82939+00
ME	Maine	2022-06-15 14:39:37.830368+00	2022-06-15 14:39:37.830368+00
MD	Maryland	2022-06-15 14:39:37.831203+00	2022-06-15 14:39:37.831203+00
MA	Massachusetts	2022-06-15 14:39:37.832469+00	2022-06-15 14:39:37.832469+00
MI	Michigan	2022-06-15 14:39:37.833454+00	2022-06-15 14:39:37.833454+00
MN	Minnesota	2022-06-15 14:39:37.834441+00	2022-06-15 14:39:37.834441+00
MS	Mississippi	2022-06-15 14:39:37.876179+00	2022-06-15 14:39:37.876179+00
MO	Missouri	2022-06-15 14:39:37.87954+00	2022-06-15 14:39:37.87954+00
MT	Montana	2022-06-15 14:39:37.881227+00	2022-06-15 14:39:37.881227+00
NE	Nebraska	2022-06-15 14:39:37.884536+00	2022-06-15 14:39:37.884536+00
NV	Nevada	2022-06-15 14:39:37.889191+00	2022-06-15 14:39:37.889191+00
NH	New Hampshire	2022-06-15 14:39:37.892616+00	2022-06-15 14:39:37.892616+00
NJ	New Jersey	2022-06-15 14:39:37.8963+00	2022-06-15 14:39:37.8963+00
NM	New Mexico	2022-06-15 14:39:37.897564+00	2022-06-15 14:39:37.897564+00
NY	New York	2022-06-15 14:39:37.89862+00	2022-06-15 14:39:37.89862+00
NC	North Carolina	2022-06-15 14:39:37.899708+00	2022-06-15 14:39:37.899708+00
ND	North Dakota	2022-06-15 14:39:37.900683+00	2022-06-15 14:39:37.900683+00
OH	Ohio	2022-06-15 14:39:37.901969+00	2022-06-15 14:39:37.901969+00
OK	Oklahoma	2022-06-15 14:39:37.902999+00	2022-06-15 14:39:37.902999+00
OR	Oregon	2022-06-15 14:39:37.904399+00	2022-06-15 14:39:37.904399+00
PA	Pennsylvania	2022-06-15 14:39:37.9056+00	2022-06-15 14:39:37.9056+00
RI	Rhode Island	2022-06-15 14:39:37.906647+00	2022-06-15 14:39:37.906647+00
SC	South Carolina	2022-06-15 14:39:37.907705+00	2022-06-15 14:39:37.907705+00
SD	South Dakota	2022-06-15 14:39:37.908582+00	2022-06-15 14:39:37.908582+00
TN	Tennessee	2022-06-15 14:39:37.909455+00	2022-06-15 14:39:37.909455+00
TX	Texas	2022-06-15 14:39:37.910334+00	2022-06-15 14:39:37.910334+00
UT	Utah	2022-06-15 14:39:37.911184+00	2022-06-15 14:39:37.911184+00
VT	Vermont	2022-06-15 14:39:37.912033+00	2022-06-15 14:39:37.912033+00
VA	Virginia	2022-06-15 14:39:37.912891+00	2022-06-15 14:39:37.912891+00
WA	Washington	2022-06-15 14:39:37.913807+00	2022-06-15 14:39:37.913807+00
WV	West Virginia	2022-06-15 14:39:37.914818+00	2022-06-15 14:39:37.914818+00
WI	Wisconsin	2022-06-15 14:39:37.915736+00	2022-06-15 14:39:37.915736+00
WY	Wyoming	2022-06-15 14:39:37.916685+00	2022-06-15 14:39:37.916685+00
PR	Puerto Rico	2022-06-15 14:39:37.917673+00	2022-06-15 14:39:37.917673+00
GU	Guam	2022-06-15 14:39:37.91859+00	2022-06-15 14:39:37.91859+00
VI	Virgin Islands	2022-06-15 14:39:37.919592+00	2022-06-15 14:39:37.919592+00
AS	American Samoa	2022-06-15 14:39:37.92056+00	2022-06-15 14:39:37.92056+00
BI	Bureau of Indian Education	2022-06-15 14:39:37.921782+00	2022-06-15 14:39:37.921782+00
NA	NA	2022-06-15 14:39:37.922737+00	2022-06-15 14:39:37.922737+00
AE	U.S. Armed Forced - Europe	2022-06-15 14:39:38.780631+00	2022-06-15 14:39:38.780631+00
AA	U.S. Armed Forced - Americas	2022-06-15 14:39:38.780631+00	2022-06-15 14:39:38.780631+00
AP	U.S. Armed Forced - Pacific	2022-06-15 14:39:38.780631+00	2022-06-15 14:39:38.780631+00
PW	Palau	2022-06-15 14:39:38.780631+00	2022-06-15 14:39:38.780631+00
FM	Micronesia	2022-06-15 14:39:38.780631+00	2022-06-15 14:39:38.780631+00
MP	Norther Mariana Islands	2022-06-15 14:39:38.780631+00	2022-06-15 14:39:38.780631+00
MH	Marshall Islands	2022-06-15 14:39:38.780631+00	2022-06-15 14:39:38.780631+00
\.


--
-- Data for Name: cities; Type: TABLE DATA; Schema: upchieve; Owner: admin
--

COPY upchieve.cities (id, name, us_state_code, created_at, updated_at) FROM stdin;
1	Denver	CO	2022-06-15 14:39:40.717471+00	2022-06-15 14:39:40.717471+00
2	Brooklyn	NY	2022-06-15 14:39:40.719026+00	2022-06-15 14:39:40.719026+00
\.


--
-- Data for Name: contact_form_submissions; Type: TABLE DATA; Schema: upchieve; Owner: admin
--

COPY upchieve.contact_form_submissions (id, user_id, user_email, message, topic, created_at, updated_at) FROM stdin;
\.


--
-- Data for Name: feedbacks; Type: TABLE DATA; Schema: upchieve; Owner: admin
--

COPY upchieve.feedbacks (id, topic_id, subject_id, user_role_id, session_id, student_tutoring_feedback, student_counseling_feedback, volunteer_feedback, comment, user_id, legacy_feedbacks, created_at, updated_at, mongo_id) FROM stdin;
\.


--
-- Data for Name: grade_levels; Type: TABLE DATA; Schema: upchieve; Owner: admin
--

COPY upchieve.grade_levels (id, name, created_at, updated_at) FROM stdin;
1	8th	2022-06-15 14:39:38.1631+00	2022-06-15 14:39:38.1631+00
2	9th	2022-06-15 14:39:38.164261+00	2022-06-15 14:39:38.164261+00
3	10th	2022-06-15 14:39:38.165131+00	2022-06-15 14:39:38.165131+00
4	11th	2022-06-15 14:39:38.166066+00	2022-06-15 14:39:38.166066+00
5	12th	2022-06-15 14:39:38.167093+00	2022-06-15 14:39:38.167093+00
6	College	2022-06-15 14:39:38.167976+00	2022-06-15 14:39:38.167976+00
\.


--
-- Data for Name: ip_addresses; Type: TABLE DATA; Schema: upchieve; Owner: admin
--

COPY upchieve.ip_addresses (id, ip, status, created_at, updated_at, mongo_id) FROM stdin;
\.


--
-- Data for Name: postal_codes; Type: TABLE DATA; Schema: upchieve; Owner: admin
--

COPY upchieve.postal_codes (code, us_state_code, income, location, created_at, updated_at) FROM stdin;
00501	NY	0	(40.81,-73.04)	2022-06-15 14:39:38.003952+00	2022-06-15 14:39:38.003952+00
01010	MA	24915	(42.11,-72.2)	2022-06-15 14:39:38.007521+00	2022-06-15 14:39:38.007521+00
01011	MA	5853	(42.28,-72.98)	2022-06-15 14:39:38.009889+00	2022-06-15 14:39:38.009889+00
01012	MA	4316	(42.4,-72.85)	2022-06-15 14:39:38.027513+00	2022-06-15 14:39:38.027513+00
01002	MA	147482	(42.37,-72.52)	2022-06-15 14:39:38.068226+00	2022-06-15 14:39:38.068226+00
01013	MA	79013	(42.15,-72.6)	2022-06-15 14:39:38.078326+00	2022-06-15 14:39:38.078326+00
01001	MA	91129	(42.06,-72.61)	2022-06-15 14:39:38.078354+00	2022-06-15 14:39:38.078354+00
01007	MA	103396	(42.27,-72.4)	2022-06-15 14:39:38.079222+00	2022-06-15 14:39:38.079222+00
01022	MA	9070	(42.2,-72.54)	2022-06-15 14:39:38.091977+00	2022-06-15 14:39:38.091977+00
01020	MA	128543	(42.17,-72.57)	2022-06-15 14:39:38.092174+00	2022-06-15 14:39:38.092174+00
01021	MA	0	(42.17,-72.57)	2022-06-15 14:39:38.092063+00	2022-06-15 14:39:38.092063+00
01008	MA	7667	(42.18,-72.93)	2022-06-15 14:39:38.092065+00	2022-06-15 14:39:38.092065+00
00544	NY	0	(40.81,-73.04)	2022-06-15 14:39:38.092519+00	2022-06-15 14:39:38.092519+00
01014	MA	0	(42.17,-72.57)	2022-06-15 14:39:38.09368+00	2022-06-15 14:39:38.09368+00
01004	MA	0	(42.37,-72.52)	2022-06-15 14:39:38.100626+00	2022-06-15 14:39:38.100626+00
01027	MA	105590	(42.26,-72.68)	2022-06-15 14:39:38.109403+00	2022-06-15 14:39:38.109403+00
01029	MA	0	(42.17,-73.03)	2022-06-15 14:39:38.109704+00	2022-06-15 14:39:38.109704+00
01032	MA	2498	(42.46,-72.81)	2022-06-15 14:39:38.109642+00	2022-06-15 14:39:38.109642+00
01028	MA	129755	(42.06,-72.51)	2022-06-15 14:39:38.10983+00	2022-06-15 14:39:38.10983+00
01030	MA	68409	(42.06,-72.67)	2022-06-15 14:39:38.109736+00	2022-06-15 14:39:38.109736+00
01031	MA	4468	(42.33,-72.2)	2022-06-15 14:39:38.110347+00	2022-06-15 14:39:38.110347+00
01026	MA	5097	(42.46,-72.9)	2022-06-15 14:39:38.109262+00	2022-06-15 14:39:38.109262+00
01033	MA	39338	(42.26,-72.52)	2022-06-15 14:39:38.111418+00	2022-06-15 14:39:38.111418+00
01034	MA	12322	(42.06,-72.86)	2022-06-15 14:39:38.112274+00	2022-06-15 14:39:38.112274+00
01035	MA	36097	(42.35,-72.58)	2022-06-15 14:39:38.112276+00	2022-06-15 14:39:38.112276+00
01036	MA	38625	(42.06,-72.41)	2022-06-15 14:39:38.11225+00	2022-06-15 14:39:38.11225+00
01037	MA	0	(42.35,-72.2)	2022-06-15 14:39:38.112633+00	2022-06-15 14:39:38.112633+00
01005	MA	24883	(42.42,-72.1)	2022-06-15 14:39:38.113049+00	2022-06-15 14:39:38.113049+00
01039	MA	11083	(42.39,-72.7)	2022-06-15 14:39:38.114311+00	2022-06-15 14:39:38.114311+00
01040	MA	131177	(42.21,-72.64)	2022-06-15 14:39:38.114336+00	2022-06-15 14:39:38.114336+00
01053	MA	11836	(42.35,-72.71)	2022-06-15 14:39:38.114417+00	2022-06-15 14:39:38.114417+00
01038	MA	18606	(42.37,-72.6)	2022-06-15 14:39:38.114543+00	2022-06-15 14:39:38.114543+00
01050	MA	12978	(42.23,-72.88)	2022-06-15 14:39:38.114862+00	2022-06-15 14:39:38.114862+00
01041	MA	0	(42.21,-72.64)	2022-06-15 14:39:38.115197+00	2022-06-15 14:39:38.115197+00
01054	MA	16023	(42.45,-72.5)	2022-06-15 14:39:38.115359+00	2022-06-15 14:39:38.115359+00
01009	MA	0	(42.2,-72.34)	2022-06-15 14:39:38.110928+00	2022-06-15 14:39:38.110928+00
01056	MA	115904	(42.16,-72.48)	2022-06-15 14:39:38.116412+00	2022-06-15 14:39:38.116412+00
01060	MA	102735	(42.32,-72.63)	2022-06-15 14:39:38.117638+00	2022-06-15 14:39:38.117638+00
01059	MA	0	(42.4,-72.52)	2022-06-15 14:39:38.117657+00	2022-06-15 14:39:38.117657+00
01057	MA	50505	(42.09,-72.31)	2022-06-15 14:39:38.117604+00	2022-06-15 14:39:38.117604+00
01061	MA	0	(42.32,-72.67)	2022-06-15 14:39:38.118381+00	2022-06-15 14:39:38.118381+00
01062	MA	83229	(42.32,-72.67)	2022-06-15 14:39:38.118469+00	2022-06-15 14:39:38.118469+00
01063	MA	0	(42.32,-72.64)	2022-06-15 14:39:38.119162+00	2022-06-15 14:39:38.119162+00
01066	MA	0	(42.41,-72.66)	2022-06-15 14:39:38.119141+00	2022-06-15 14:39:38.119141+00
01068	MA	12012	(42.35,-72.05)	2022-06-15 14:39:38.12022+00	2022-06-15 14:39:38.12022+00
01072	MA	9721	(42.45,-72.4)	2022-06-15 14:39:38.121195+00	2022-06-15 14:39:38.121195+00
01071	MA	8377	(42.18,-72.85)	2022-06-15 14:39:38.12138+00	2022-06-15 14:39:38.12138+00
01073	MA	47352	(42.23,-72.73)	2022-06-15 14:39:38.121287+00	2022-06-15 14:39:38.121287+00
01074	MA	0	(42.39,-72.09)	2022-06-15 14:39:38.121851+00	2022-06-15 14:39:38.121851+00
01069	MA	45510	(42.16,-72.32)	2022-06-15 14:39:38.122143+00	2022-06-15 14:39:38.122143+00
01075	MA	107068	(42.26,-72.56)	2022-06-15 14:39:38.121963+00	2022-06-15 14:39:38.121963+00
01079	MA	0	(42.2,-72.33)	2022-06-15 14:39:38.122918+00	2022-06-15 14:39:38.122918+00
01081	MA	8097	(42.06,-72.21)	2022-06-15 14:39:38.123844+00	2022-06-15 14:39:38.123844+00
01080	MA	8946	(42.18,-72.37)	2022-06-15 14:39:38.124403+00	2022-06-15 14:39:38.124403+00
01084	MA	0	(42.39,-72.88)	2022-06-15 14:39:38.12459+00	2022-06-15 14:39:38.12459+00
01083	MA	0	(42.21,-72.19)	2022-06-15 14:39:38.124729+00	2022-06-15 14:39:38.124729+00
01085	MA	212444	(42.13,-72.75)	2022-06-15 14:39:38.124844+00	2022-06-15 14:39:38.124844+00
01070	MA	3039	(42.51,-72.91)	2022-06-15 14:39:38.12386+00	2022-06-15 14:39:38.12386+00
01086	MA	0	(42.13,-72.79)	2022-06-15 14:39:38.125266+00	2022-06-15 14:39:38.125266+00
01082	MA	46542	(42.25,-72.24)	2022-06-15 14:39:38.125486+00	2022-06-15 14:39:38.125486+00
01088	MA	3453	(42.39,-72.64)	2022-06-15 14:39:38.126195+00	2022-06-15 14:39:38.126195+00
01077	MA	66040	(42.05,-72.76)	2022-06-15 14:39:38.126558+00	2022-06-15 14:39:38.126558+00
01090	MA	0	(42.12,-72.65)	2022-06-15 14:39:38.127343+00	2022-06-15 14:39:38.127343+00
01092	MA	0	(42.19,-72.24)	2022-06-15 14:39:38.127451+00	2022-06-15 14:39:38.127451+00
01089	MA	143418	(42.12,-72.65)	2022-06-15 14:39:38.127529+00	2022-06-15 14:39:38.127529+00
01093	MA	0	(42.44,-72.65)	2022-06-15 14:39:38.128287+00	2022-06-15 14:39:38.128287+00
01095	MA	133898	(42.13,-72.43)	2022-06-15 14:39:38.128758+00	2022-06-15 14:39:38.128758+00
01097	MA	0	(42.18,-72.83)	2022-06-15 14:39:38.128833+00	2022-06-15 14:39:38.128833+00
01003	MA	0	(42.39,-72.52)	2022-06-15 14:39:38.127459+00	2022-06-15 14:39:38.127459+00
01096	MA	16411	(42.4,-72.76)	2022-06-15 14:39:38.12943+00	2022-06-15 14:39:38.12943+00
01102	MA	0	(42.11,-72.53)	2022-06-15 14:39:38.129491+00	2022-06-15 14:39:38.129491+00
01094	MA	0	(42.35,-72.14)	2022-06-15 14:39:38.129533+00	2022-06-15 14:39:38.129533+00
01104	MA	64690	(42.13,-72.57)	2022-06-15 14:39:38.130606+00	2022-06-15 14:39:38.130606+00
01101	MA	0	(42.11,-72.53)	2022-06-15 14:39:38.129705+00	2022-06-15 14:39:38.129705+00
01103	MA	7500	(42.1,-72.59)	2022-06-15 14:39:38.131037+00	2022-06-15 14:39:38.131037+00
01105	MA	17273	(42.1,-72.58)	2022-06-15 14:39:38.131372+00	2022-06-15 14:39:38.131372+00
01098	MA	6990	(42.41,-72.93)	2022-06-15 14:39:38.130362+00	2022-06-15 14:39:38.130362+00
01107	MA	22891	(42.12,-72.61)	2022-06-15 14:39:38.131683+00	2022-06-15 14:39:38.131683+00
01108	MA	73942	(42.08,-72.56)	2022-06-15 14:39:38.131725+00	2022-06-15 14:39:38.131725+00
01106	MA	215209	(42.04,-72.57)	2022-06-15 14:39:38.131899+00	2022-06-15 14:39:38.131899+00
01109	MA	66323	(42.11,-72.53)	2022-06-15 14:39:38.132779+00	2022-06-15 14:39:38.132779+00
01118	MA	66293	(42.09,-72.53)	2022-06-15 14:39:38.134407+00	2022-06-15 14:39:38.134407+00
01129	MA	32342	(42.12,-72.49)	2022-06-15 14:39:38.134517+00	2022-06-15 14:39:38.134517+00
01116	MA	0	(42.04,-72.57)	2022-06-15 14:39:38.134535+00	2022-06-15 14:39:38.134535+00
01128	MA	14775	(42.09,-72.49)	2022-06-15 14:39:38.134753+00	2022-06-15 14:39:38.134753+00
01119	MA	46384	(42.12,-72.51)	2022-06-15 14:39:38.134832+00	2022-06-15 14:39:38.134832+00
01138	MA	0	(42.11,-72.53)	2022-06-15 14:39:38.13478+00	2022-06-15 14:39:38.13478+00
01144	MA	0	(42.11,-72.53)	2022-06-15 14:39:38.134649+00	2022-06-15 14:39:38.134649+00
01139	MA	0	(42.11,-72.53)	2022-06-15 14:39:38.134401+00	2022-06-15 14:39:38.134401+00
01115	MA	0	(42.11,-72.53)	2022-06-15 14:39:38.135377+00	2022-06-15 14:39:38.135377+00
01111	MA	0	(42.11,-72.53)	2022-06-15 14:39:38.135707+00	2022-06-15 14:39:38.135707+00
01151	MA	24538	(42.15,-72.51)	2022-06-15 14:39:38.135967+00	2022-06-15 14:39:38.135967+00
01202	MA	0	(42.45,-73.26)	2022-06-15 14:39:38.136839+00	2022-06-15 14:39:38.136839+00
01152	MA	0	(42.11,-72.53)	2022-06-15 14:39:38.136848+00	2022-06-15 14:39:38.136848+00
01201	MA	213668	(42.45,-73.26)	2022-06-15 14:39:38.13722+00	2022-06-15 14:39:38.13722+00
01199	MA	0	(42.12,-72.6)	2022-06-15 14:39:38.137671+00	2022-06-15 14:39:38.137671+00
01222	MA	3502	(42.05,-73.33)	2022-06-15 14:39:38.137944+00	2022-06-15 14:39:38.137944+00
01203	MA	0	(42.45,-73.26)	2022-06-15 14:39:38.138211+00	2022-06-15 14:39:38.138211+00
01220	MA	34513	(42.62,-73.11)	2022-06-15 14:39:38.138471+00	2022-06-15 14:39:38.138471+00
01223	MA	14036	(42.33,-73.07)	2022-06-15 14:39:38.138571+00	2022-06-15 14:39:38.138571+00
00000	NA	0	(0,0)	2022-06-15 14:39:38.140621+00	2022-06-15 14:39:38.140621+00
9001	AE	1000000	(0,0)	2022-06-15 14:39:38.780631+00	2022-06-15 14:39:38.780631+00
9002	AE	1000000	(0,0)	2022-06-15 14:39:38.780631+00	2022-06-15 14:39:38.780631+00
9003	AE	1000000	(0,0)	2022-06-15 14:39:38.780631+00	2022-06-15 14:39:38.780631+00
9004	AE	1000000	(0,0)	2022-06-15 14:39:38.780631+00	2022-06-15 14:39:38.780631+00
9005	AE	1000000	(0,0)	2022-06-15 14:39:38.780631+00	2022-06-15 14:39:38.780631+00
9006	AE	1000000	(0,0)	2022-06-15 14:39:38.780631+00	2022-06-15 14:39:38.780631+00
9008	AE	1000000	(0,0)	2022-06-15 14:39:38.780631+00	2022-06-15 14:39:38.780631+00
9009	AE	1000000	(0,0)	2022-06-15 14:39:38.780631+00	2022-06-15 14:39:38.780631+00
9010	AE	1000000	(0,0)	2022-06-15 14:39:38.780631+00	2022-06-15 14:39:38.780631+00
9011	AE	1000000	(0,0)	2022-06-15 14:39:38.780631+00	2022-06-15 14:39:38.780631+00
9012	AE	1000000	(0,0)	2022-06-15 14:39:38.780631+00	2022-06-15 14:39:38.780631+00
9013	AE	1000000	(0,0)	2022-06-15 14:39:38.780631+00	2022-06-15 14:39:38.780631+00
9014	AE	1000000	(0,0)	2022-06-15 14:39:38.780631+00	2022-06-15 14:39:38.780631+00
9015	AE	1000000	(0,0)	2022-06-15 14:39:38.780631+00	2022-06-15 14:39:38.780631+00
9016	AE	1000000	(0,0)	2022-06-15 14:39:38.780631+00	2022-06-15 14:39:38.780631+00
9017	AE	1000000	(0,0)	2022-06-15 14:39:38.780631+00	2022-06-15 14:39:38.780631+00
9018	AE	1000000	(0,0)	2022-06-15 14:39:38.780631+00	2022-06-15 14:39:38.780631+00
9020	AE	1000000	(0,0)	2022-06-15 14:39:38.780631+00	2022-06-15 14:39:38.780631+00
9021	AE	1000000	(0,0)	2022-06-15 14:39:38.780631+00	2022-06-15 14:39:38.780631+00
9034	AE	1000000	(0,0)	2022-06-15 14:39:38.780631+00	2022-06-15 14:39:38.780631+00
9044	AE	1000000	(0,0)	2022-06-15 14:39:38.780631+00	2022-06-15 14:39:38.780631+00
9046	AE	1000000	(0,0)	2022-06-15 14:39:38.780631+00	2022-06-15 14:39:38.780631+00
9049	AE	1000000	(0,0)	2022-06-15 14:39:38.780631+00	2022-06-15 14:39:38.780631+00
9053	AE	1000000	(0,0)	2022-06-15 14:39:38.780631+00	2022-06-15 14:39:38.780631+00
9055	AE	1000000	(0,0)	2022-06-15 14:39:38.780631+00	2022-06-15 14:39:38.780631+00
9060	AE	1000000	(0,0)	2022-06-15 14:39:38.780631+00	2022-06-15 14:39:38.780631+00
9067	AE	1000000	(0,0)	2022-06-15 14:39:38.780631+00	2022-06-15 14:39:38.780631+00
9068	AE	1000000	(0,0)	2022-06-15 14:39:38.780631+00	2022-06-15 14:39:38.780631+00
9069	AE	1000000	(0,0)	2022-06-15 14:39:38.780631+00	2022-06-15 14:39:38.780631+00
9079	AE	1000000	(0,0)	2022-06-15 14:39:38.780631+00	2022-06-15 14:39:38.780631+00
9094	AE	1000000	(0,0)	2022-06-15 14:39:38.780631+00	2022-06-15 14:39:38.780631+00
9095	AE	1000000	(0,0)	2022-06-15 14:39:38.780631+00	2022-06-15 14:39:38.780631+00
9096	AE	1000000	(0,0)	2022-06-15 14:39:38.780631+00	2022-06-15 14:39:38.780631+00
9103	AE	1000000	(0,0)	2022-06-15 14:39:38.780631+00	2022-06-15 14:39:38.780631+00
9104	AE	1000000	(0,0)	2022-06-15 14:39:38.780631+00	2022-06-15 14:39:38.780631+00
9107	AE	1000000	(0,0)	2022-06-15 14:39:38.780631+00	2022-06-15 14:39:38.780631+00
9112	AE	1000000	(0,0)	2022-06-15 14:39:38.780631+00	2022-06-15 14:39:38.780631+00
9113	AE	1000000	(0,0)	2022-06-15 14:39:38.780631+00	2022-06-15 14:39:38.780631+00
9114	AE	1000000	(0,0)	2022-06-15 14:39:38.780631+00	2022-06-15 14:39:38.780631+00
9115	AE	1000000	(0,0)	2022-06-15 14:39:38.780631+00	2022-06-15 14:39:38.780631+00
9116	AE	1000000	(0,0)	2022-06-15 14:39:38.780631+00	2022-06-15 14:39:38.780631+00
9123	AE	1000000	(0,0)	2022-06-15 14:39:38.780631+00	2022-06-15 14:39:38.780631+00
9125	AE	1000000	(0,0)	2022-06-15 14:39:38.780631+00	2022-06-15 14:39:38.780631+00
9126	AE	1000000	(0,0)	2022-06-15 14:39:38.780631+00	2022-06-15 14:39:38.780631+00
9128	AE	1000000	(0,0)	2022-06-15 14:39:38.780631+00	2022-06-15 14:39:38.780631+00
9131	AE	1000000	(0,0)	2022-06-15 14:39:38.780631+00	2022-06-15 14:39:38.780631+00
9135	AE	1000000	(0,0)	2022-06-15 14:39:38.780631+00	2022-06-15 14:39:38.780631+00
9136	AE	1000000	(0,0)	2022-06-15 14:39:38.780631+00	2022-06-15 14:39:38.780631+00
9138	AE	1000000	(0,0)	2022-06-15 14:39:38.780631+00	2022-06-15 14:39:38.780631+00
9139	AE	1000000	(0,0)	2022-06-15 14:39:38.780631+00	2022-06-15 14:39:38.780631+00
9140	AE	1000000	(0,0)	2022-06-15 14:39:38.780631+00	2022-06-15 14:39:38.780631+00
9142	AE	1000000	(0,0)	2022-06-15 14:39:38.780631+00	2022-06-15 14:39:38.780631+00
9154	AE	1000000	(0,0)	2022-06-15 14:39:38.780631+00	2022-06-15 14:39:38.780631+00
9160	AE	1000000	(0,0)	2022-06-15 14:39:38.780631+00	2022-06-15 14:39:38.780631+00
9170	AE	1000000	(0,0)	2022-06-15 14:39:38.780631+00	2022-06-15 14:39:38.780631+00
9171	AE	1000000	(0,0)	2022-06-15 14:39:38.780631+00	2022-06-15 14:39:38.780631+00
9172	AE	1000000	(0,0)	2022-06-15 14:39:38.780631+00	2022-06-15 14:39:38.780631+00
9173	AE	1000000	(0,0)	2022-06-15 14:39:38.780631+00	2022-06-15 14:39:38.780631+00
9174	AE	1000000	(0,0)	2022-06-15 14:39:38.780631+00	2022-06-15 14:39:38.780631+00
9175	AE	1000000	(0,0)	2022-06-15 14:39:38.780631+00	2022-06-15 14:39:38.780631+00
9176	AE	1000000	(0,0)	2022-06-15 14:39:38.780631+00	2022-06-15 14:39:38.780631+00
9177	AE	1000000	(0,0)	2022-06-15 14:39:38.780631+00	2022-06-15 14:39:38.780631+00
9178	AE	1000000	(0,0)	2022-06-15 14:39:38.780631+00	2022-06-15 14:39:38.780631+00
9180	AE	1000000	(0,0)	2022-06-15 14:39:38.780631+00	2022-06-15 14:39:38.780631+00
9186	AE	1000000	(0,0)	2022-06-15 14:39:38.780631+00	2022-06-15 14:39:38.780631+00
9203	AE	1000000	(0,0)	2022-06-15 14:39:38.780631+00	2022-06-15 14:39:38.780631+00
9204	AE	1000000	(0,0)	2022-06-15 14:39:38.780631+00	2022-06-15 14:39:38.780631+00
9211	AE	1000000	(0,0)	2022-06-15 14:39:38.780631+00	2022-06-15 14:39:38.780631+00
9213	AE	1000000	(0,0)	2022-06-15 14:39:38.780631+00	2022-06-15 14:39:38.780631+00
9214	AE	1000000	(0,0)	2022-06-15 14:39:38.780631+00	2022-06-15 14:39:38.780631+00
9216	AE	1000000	(0,0)	2022-06-15 14:39:38.780631+00	2022-06-15 14:39:38.780631+00
9226	AE	1000000	(0,0)	2022-06-15 14:39:38.780631+00	2022-06-15 14:39:38.780631+00
9227	AE	1000000	(0,0)	2022-06-15 14:39:38.780631+00	2022-06-15 14:39:38.780631+00
9240	AE	1000000	(0,0)	2022-06-15 14:39:38.780631+00	2022-06-15 14:39:38.780631+00
9241	AE	1000000	(0,0)	2022-06-15 14:39:38.780631+00	2022-06-15 14:39:38.780631+00
9242	AE	1000000	(0,0)	2022-06-15 14:39:38.780631+00	2022-06-15 14:39:38.780631+00
9250	AE	1000000	(0,0)	2022-06-15 14:39:38.780631+00	2022-06-15 14:39:38.780631+00
9261	AE	1000000	(0,0)	2022-06-15 14:39:38.780631+00	2022-06-15 14:39:38.780631+00
9263	AE	1000000	(0,0)	2022-06-15 14:39:38.780631+00	2022-06-15 14:39:38.780631+00
9264	AE	1000000	(0,0)	2022-06-15 14:39:38.780631+00	2022-06-15 14:39:38.780631+00
9265	AE	1000000	(0,0)	2022-06-15 14:39:38.780631+00	2022-06-15 14:39:38.780631+00
9266	AE	1000000	(0,0)	2022-06-15 14:39:38.780631+00	2022-06-15 14:39:38.780631+00
9276	AE	1000000	(0,0)	2022-06-15 14:39:38.780631+00	2022-06-15 14:39:38.780631+00
9277	AE	1000000	(0,0)	2022-06-15 14:39:38.780631+00	2022-06-15 14:39:38.780631+00
9278	AE	1000000	(0,0)	2022-06-15 14:39:38.780631+00	2022-06-15 14:39:38.780631+00
9279	AE	1000000	(0,0)	2022-06-15 14:39:38.780631+00	2022-06-15 14:39:38.780631+00
9283	AE	1000000	(0,0)	2022-06-15 14:39:38.780631+00	2022-06-15 14:39:38.780631+00
9285	AE	1000000	(0,0)	2022-06-15 14:39:38.780631+00	2022-06-15 14:39:38.780631+00
9287	AE	1000000	(0,0)	2022-06-15 14:39:38.780631+00	2022-06-15 14:39:38.780631+00
9289	AE	1000000	(0,0)	2022-06-15 14:39:38.780631+00	2022-06-15 14:39:38.780631+00
9290	AE	1000000	(0,0)	2022-06-15 14:39:38.780631+00	2022-06-15 14:39:38.780631+00
9291	AE	1000000	(0,0)	2022-06-15 14:39:38.780631+00	2022-06-15 14:39:38.780631+00
9292	AE	1000000	(0,0)	2022-06-15 14:39:38.780631+00	2022-06-15 14:39:38.780631+00
9301	AE	1000000	(0,0)	2022-06-15 14:39:38.780631+00	2022-06-15 14:39:38.780631+00
9302	AE	1000000	(0,0)	2022-06-15 14:39:38.780631+00	2022-06-15 14:39:38.780631+00
9304	AE	1000000	(0,0)	2022-06-15 14:39:38.780631+00	2022-06-15 14:39:38.780631+00
9305	AE	1000000	(0,0)	2022-06-15 14:39:38.780631+00	2022-06-15 14:39:38.780631+00
9306	AE	1000000	(0,0)	2022-06-15 14:39:38.780631+00	2022-06-15 14:39:38.780631+00
9307	AE	1000000	(0,0)	2022-06-15 14:39:38.780631+00	2022-06-15 14:39:38.780631+00
9309	AE	1000000	(0,0)	2022-06-15 14:39:38.780631+00	2022-06-15 14:39:38.780631+00
9310	AE	1000000	(0,0)	2022-06-15 14:39:38.780631+00	2022-06-15 14:39:38.780631+00
9311	AE	1000000	(0,0)	2022-06-15 14:39:38.780631+00	2022-06-15 14:39:38.780631+00
9312	AE	1000000	(0,0)	2022-06-15 14:39:38.780631+00	2022-06-15 14:39:38.780631+00
9313	AE	1000000	(0,0)	2022-06-15 14:39:38.780631+00	2022-06-15 14:39:38.780631+00
9315	AE	1000000	(0,0)	2022-06-15 14:39:38.780631+00	2022-06-15 14:39:38.780631+00
9316	AE	1000000	(0,0)	2022-06-15 14:39:38.780631+00	2022-06-15 14:39:38.780631+00
9317	AE	1000000	(0,0)	2022-06-15 14:39:38.780631+00	2022-06-15 14:39:38.780631+00
9318	AE	1000000	(0,0)	2022-06-15 14:39:38.780631+00	2022-06-15 14:39:38.780631+00
9319	AE	1000000	(0,0)	2022-06-15 14:39:38.780631+00	2022-06-15 14:39:38.780631+00
9320	AE	1000000	(0,0)	2022-06-15 14:39:38.780631+00	2022-06-15 14:39:38.780631+00
9321	AE	1000000	(0,0)	2022-06-15 14:39:38.780631+00	2022-06-15 14:39:38.780631+00
9322	AE	1000000	(0,0)	2022-06-15 14:39:38.780631+00	2022-06-15 14:39:38.780631+00
9323	AE	1000000	(-44.25,33.53)	2022-06-15 14:39:38.780631+00	2022-06-15 14:39:38.780631+00
9330	AE	1000000	(0,0)	2022-06-15 14:39:38.780631+00	2022-06-15 14:39:38.780631+00
9333	AE	1000000	(0,0)	2022-06-15 14:39:38.780631+00	2022-06-15 14:39:38.780631+00
9337	AE	1000000	(0,0)	2022-06-15 14:39:38.780631+00	2022-06-15 14:39:38.780631+00
9340	AE	1000000	(0,0)	2022-06-15 14:39:38.780631+00	2022-06-15 14:39:38.780631+00
9343	AE	1000000	(0,0)	2022-06-15 14:39:38.780631+00	2022-06-15 14:39:38.780631+00
9347	AE	1000000	(0,0)	2022-06-15 14:39:38.780631+00	2022-06-15 14:39:38.780631+00
9348	AE	1000000	(0,0)	2022-06-15 14:39:38.780631+00	2022-06-15 14:39:38.780631+00
9351	AE	1000000	(0,0)	2022-06-15 14:39:38.780631+00	2022-06-15 14:39:38.780631+00
9352	AE	1000000	(0,0)	2022-06-15 14:39:38.780631+00	2022-06-15 14:39:38.780631+00
9354	AE	1000000	(0,0)	2022-06-15 14:39:38.780631+00	2022-06-15 14:39:38.780631+00
9355	AE	1000000	(0,0)	2022-06-15 14:39:38.780631+00	2022-06-15 14:39:38.780631+00
9356	AE	1000000	(0,0)	2022-06-15 14:39:38.780631+00	2022-06-15 14:39:38.780631+00
9357	AE	1000000	(0,0)	2022-06-15 14:39:38.780631+00	2022-06-15 14:39:38.780631+00
9363	AE	1000000	(0,0)	2022-06-15 14:39:38.780631+00	2022-06-15 14:39:38.780631+00
9365	AE	1000000	(0,0)	2022-06-15 14:39:38.780631+00	2022-06-15 14:39:38.780631+00
9366	AE	1000000	(0,0)	2022-06-15 14:39:38.780631+00	2022-06-15 14:39:38.780631+00
9378	AE	1000000	(0,0)	2022-06-15 14:39:38.780631+00	2022-06-15 14:39:38.780631+00
9381	AE	1000000	(0,0)	2022-06-15 14:39:38.780631+00	2022-06-15 14:39:38.780631+00
9401	AE	1000000	(0,0)	2022-06-15 14:39:38.780631+00	2022-06-15 14:39:38.780631+00
9403	AE	1000000	(0,0)	2022-06-15 14:39:38.780631+00	2022-06-15 14:39:38.780631+00
9410	AE	1000000	(0,0)	2022-06-15 14:39:38.780631+00	2022-06-15 14:39:38.780631+00
9421	AE	1000000	(0,0)	2022-06-15 14:39:38.780631+00	2022-06-15 14:39:38.780631+00
9447	AE	1000000	(0,0)	2022-06-15 14:39:38.780631+00	2022-06-15 14:39:38.780631+00
9454	AE	1000000	(0,0)	2022-06-15 14:39:38.780631+00	2022-06-15 14:39:38.780631+00
9456	AE	1000000	(0,0)	2022-06-15 14:39:38.780631+00	2022-06-15 14:39:38.780631+00
9459	AE	1000000	(0,0)	2022-06-15 14:39:38.780631+00	2022-06-15 14:39:38.780631+00
9461	AE	1000000	(0,0)	2022-06-15 14:39:38.780631+00	2022-06-15 14:39:38.780631+00
9463	AE	1000000	(0,0)	2022-06-15 14:39:38.780631+00	2022-06-15 14:39:38.780631+00
9464	AE	1000000	(0,0)	2022-06-15 14:39:38.780631+00	2022-06-15 14:39:38.780631+00
9467	AE	1000000	(0,0)	2022-06-15 14:39:38.780631+00	2022-06-15 14:39:38.780631+00
9468	AE	1000000	(0,0)	2022-06-15 14:39:38.780631+00	2022-06-15 14:39:38.780631+00
9469	AE	1000000	(0,0)	2022-06-15 14:39:38.780631+00	2022-06-15 14:39:38.780631+00
9470	AE	1000000	(0,0)	2022-06-15 14:39:38.780631+00	2022-06-15 14:39:38.780631+00
9487	AE	1000000	(0,0)	2022-06-15 14:39:38.780631+00	2022-06-15 14:39:38.780631+00
9488	AE	1000000	(0,0)	2022-06-15 14:39:38.780631+00	2022-06-15 14:39:38.780631+00
9489	AE	1000000	(0,0)	2022-06-15 14:39:38.780631+00	2022-06-15 14:39:38.780631+00
9490	AE	1000000	(0,0)	2022-06-15 14:39:38.780631+00	2022-06-15 14:39:38.780631+00
9491	AE	1000000	(0,0)	2022-06-15 14:39:38.780631+00	2022-06-15 14:39:38.780631+00
9494	AE	1000000	(0,0)	2022-06-15 14:39:38.780631+00	2022-06-15 14:39:38.780631+00
9496	AE	1000000	(0,0)	2022-06-15 14:39:38.780631+00	2022-06-15 14:39:38.780631+00
9497	AE	1000000	(0,0)	2022-06-15 14:39:38.780631+00	2022-06-15 14:39:38.780631+00
9498	AE	1000000	(0,0)	2022-06-15 14:39:38.780631+00	2022-06-15 14:39:38.780631+00
9501	AE	1000000	(0,0)	2022-06-15 14:39:38.780631+00	2022-06-15 14:39:38.780631+00
9502	AE	1000000	(0,0)	2022-06-15 14:39:38.780631+00	2022-06-15 14:39:38.780631+00
9503	AE	1000000	(0,0)	2022-06-15 14:39:38.780631+00	2022-06-15 14:39:38.780631+00
9504	AE	1000000	(0,0)	2022-06-15 14:39:38.780631+00	2022-06-15 14:39:38.780631+00
9505	AE	1000000	(0,0)	2022-06-15 14:39:38.780631+00	2022-06-15 14:39:38.780631+00
9506	AE	1000000	(0,0)	2022-06-15 14:39:38.780631+00	2022-06-15 14:39:38.780631+00
9507	AE	1000000	(0,0)	2022-06-15 14:39:38.780631+00	2022-06-15 14:39:38.780631+00
9508	AE	1000000	(0,0)	2022-06-15 14:39:38.780631+00	2022-06-15 14:39:38.780631+00
9509	AE	1000000	(0,0)	2022-06-15 14:39:38.780631+00	2022-06-15 14:39:38.780631+00
9510	AE	1000000	(0,0)	2022-06-15 14:39:38.780631+00	2022-06-15 14:39:38.780631+00
9511	AE	1000000	(0,0)	2022-06-15 14:39:38.780631+00	2022-06-15 14:39:38.780631+00
9512	AE	1000000	(0,0)	2022-06-15 14:39:38.780631+00	2022-06-15 14:39:38.780631+00
9513	AE	1000000	(0,0)	2022-06-15 14:39:38.780631+00	2022-06-15 14:39:38.780631+00
9514	AE	1000000	(0,0)	2022-06-15 14:39:38.780631+00	2022-06-15 14:39:38.780631+00
9517	AE	1000000	(0,0)	2022-06-15 14:39:38.780631+00	2022-06-15 14:39:38.780631+00
9520	AE	1000000	(0,0)	2022-06-15 14:39:38.780631+00	2022-06-15 14:39:38.780631+00
9522	AE	1000000	(0,0)	2022-06-15 14:39:38.780631+00	2022-06-15 14:39:38.780631+00
9523	AE	1000000	(0,0)	2022-06-15 14:39:38.780631+00	2022-06-15 14:39:38.780631+00
9524	AE	1000000	(0,0)	2022-06-15 14:39:38.780631+00	2022-06-15 14:39:38.780631+00
9532	AE	1000000	(0,0)	2022-06-15 14:39:38.780631+00	2022-06-15 14:39:38.780631+00
9533	AE	1000000	(0,0)	2022-06-15 14:39:38.780631+00	2022-06-15 14:39:38.780631+00
9534	AE	1000000	(0,0)	2022-06-15 14:39:38.780631+00	2022-06-15 14:39:38.780631+00
9541	AE	1000000	(0,0)	2022-06-15 14:39:38.780631+00	2022-06-15 14:39:38.780631+00
9542	AE	1000000	(0,0)	2022-06-15 14:39:38.780631+00	2022-06-15 14:39:38.780631+00
9543	AE	1000000	(0,0)	2022-06-15 14:39:38.780631+00	2022-06-15 14:39:38.780631+00
9544	AE	1000000	(0,0)	2022-06-15 14:39:38.780631+00	2022-06-15 14:39:38.780631+00
9545	AE	1000000	(0,0)	2022-06-15 14:39:38.780631+00	2022-06-15 14:39:38.780631+00
9550	AE	1000000	(0,0)	2022-06-15 14:39:38.780631+00	2022-06-15 14:39:38.780631+00
9554	AE	1000000	(0,0)	2022-06-15 14:39:38.780631+00	2022-06-15 14:39:38.780631+00
9556	AE	1000000	(0,0)	2022-06-15 14:39:38.780631+00	2022-06-15 14:39:38.780631+00
9564	AE	1000000	(0,0)	2022-06-15 14:39:38.780631+00	2022-06-15 14:39:38.780631+00
9565	AE	1000000	(0,0)	2022-06-15 14:39:38.780631+00	2022-06-15 14:39:38.780631+00
9566	AE	1000000	(0,0)	2022-06-15 14:39:38.780631+00	2022-06-15 14:39:38.780631+00
9567	AE	1000000	(0,0)	2022-06-15 14:39:38.780631+00	2022-06-15 14:39:38.780631+00
9568	AE	1000000	(0,0)	2022-06-15 14:39:38.780631+00	2022-06-15 14:39:38.780631+00
9569	AE	1000000	(0,0)	2022-06-15 14:39:38.780631+00	2022-06-15 14:39:38.780631+00
9570	AE	1000000	(0,0)	2022-06-15 14:39:38.780631+00	2022-06-15 14:39:38.780631+00
9573	AE	1000000	(0,0)	2022-06-15 14:39:38.780631+00	2022-06-15 14:39:38.780631+00
9574	AE	1000000	(0,0)	2022-06-15 14:39:38.780631+00	2022-06-15 14:39:38.780631+00
9575	AE	1000000	(0,0)	2022-06-15 14:39:38.780631+00	2022-06-15 14:39:38.780631+00
9576	AE	1000000	(0,0)	2022-06-15 14:39:38.780631+00	2022-06-15 14:39:38.780631+00
9577	AE	1000000	(0,0)	2022-06-15 14:39:38.780631+00	2022-06-15 14:39:38.780631+00
9578	AE	1000000	(0,0)	2022-06-15 14:39:38.780631+00	2022-06-15 14:39:38.780631+00
9579	AE	1000000	(0,0)	2022-06-15 14:39:38.780631+00	2022-06-15 14:39:38.780631+00
9581	AE	1000000	(0,0)	2022-06-15 14:39:38.780631+00	2022-06-15 14:39:38.780631+00
9582	AE	1000000	(0,0)	2022-06-15 14:39:38.780631+00	2022-06-15 14:39:38.780631+00
9583	AE	1000000	(0,0)	2022-06-15 14:39:38.780631+00	2022-06-15 14:39:38.780631+00
9586	AE	1000000	(0,0)	2022-06-15 14:39:38.780631+00	2022-06-15 14:39:38.780631+00
9587	AE	1000000	(0,0)	2022-06-15 14:39:38.780631+00	2022-06-15 14:39:38.780631+00
9588	AE	1000000	(0,0)	2022-06-15 14:39:38.780631+00	2022-06-15 14:39:38.780631+00
9589	AE	1000000	(0,0)	2022-06-15 14:39:38.780631+00	2022-06-15 14:39:38.780631+00
9590	AE	1000000	(0,0)	2022-06-15 14:39:38.780631+00	2022-06-15 14:39:38.780631+00
9591	AE	1000000	(0,0)	2022-06-15 14:39:38.780631+00	2022-06-15 14:39:38.780631+00
9592	AE	1000000	(0,0)	2022-06-15 14:39:38.780631+00	2022-06-15 14:39:38.780631+00
9593	AE	1000000	(0,0)	2022-06-15 14:39:38.780631+00	2022-06-15 14:39:38.780631+00
9594	AE	1000000	(0,0)	2022-06-15 14:39:38.780631+00	2022-06-15 14:39:38.780631+00
9595	AE	1000000	(0,0)	2022-06-15 14:39:38.780631+00	2022-06-15 14:39:38.780631+00
9596	AE	1000000	(0,0)	2022-06-15 14:39:38.780631+00	2022-06-15 14:39:38.780631+00
9599	AE	1000000	(0,0)	2022-06-15 14:39:38.780631+00	2022-06-15 14:39:38.780631+00
9600	AE	1000000	(0,0)	2022-06-15 14:39:38.780631+00	2022-06-15 14:39:38.780631+00
9601	AE	1000000	(0,0)	2022-06-15 14:39:38.780631+00	2022-06-15 14:39:38.780631+00
9602	AE	1000000	(0,0)	2022-06-15 14:39:38.780631+00	2022-06-15 14:39:38.780631+00
9603	AE	1000000	(0,0)	2022-06-15 14:39:38.780631+00	2022-06-15 14:39:38.780631+00
9604	AE	1000000	(0,0)	2022-06-15 14:39:38.780631+00	2022-06-15 14:39:38.780631+00
9605	AE	1000000	(0,0)	2022-06-15 14:39:38.780631+00	2022-06-15 14:39:38.780631+00
9606	AE	1000000	(0,0)	2022-06-15 14:39:38.780631+00	2022-06-15 14:39:38.780631+00
9607	AE	1000000	(0,0)	2022-06-15 14:39:38.780631+00	2022-06-15 14:39:38.780631+00
9608	AE	1000000	(0,0)	2022-06-15 14:39:38.780631+00	2022-06-15 14:39:38.780631+00
9609	AE	1000000	(0,0)	2022-06-15 14:39:38.780631+00	2022-06-15 14:39:38.780631+00
9610	AE	1000000	(0,0)	2022-06-15 14:39:38.780631+00	2022-06-15 14:39:38.780631+00
9613	AE	1000000	(0,0)	2022-06-15 14:39:38.780631+00	2022-06-15 14:39:38.780631+00
9614	AE	1000000	(0,0)	2022-06-15 14:39:38.780631+00	2022-06-15 14:39:38.780631+00
9617	AE	1000000	(0,0)	2022-06-15 14:39:38.780631+00	2022-06-15 14:39:38.780631+00
9618	AE	1000000	(0,0)	2022-06-15 14:39:38.780631+00	2022-06-15 14:39:38.780631+00
9620	AE	1000000	(0,0)	2022-06-15 14:39:38.780631+00	2022-06-15 14:39:38.780631+00
9621	AE	1000000	(0,0)	2022-06-15 14:39:38.780631+00	2022-06-15 14:39:38.780631+00
9622	AE	1000000	(0,0)	2022-06-15 14:39:38.780631+00	2022-06-15 14:39:38.780631+00
9623	AE	1000000	(0,0)	2022-06-15 14:39:38.780631+00	2022-06-15 14:39:38.780631+00
9624	AE	1000000	(0,0)	2022-06-15 14:39:38.780631+00	2022-06-15 14:39:38.780631+00
9625	AE	1000000	(0,0)	2022-06-15 14:39:38.780631+00	2022-06-15 14:39:38.780631+00
9626	AE	1000000	(0,0)	2022-06-15 14:39:38.780631+00	2022-06-15 14:39:38.780631+00
9627	AE	1000000	(0,0)	2022-06-15 14:39:38.780631+00	2022-06-15 14:39:38.780631+00
9630	AE	1000000	(0,0)	2022-06-15 14:39:38.780631+00	2022-06-15 14:39:38.780631+00
9631	AE	1000000	(0,0)	2022-06-15 14:39:38.780631+00	2022-06-15 14:39:38.780631+00
9633	AE	1000000	(0,0)	2022-06-15 14:39:38.780631+00	2022-06-15 14:39:38.780631+00
9634	AE	1000000	(0,0)	2022-06-15 14:39:38.780631+00	2022-06-15 14:39:38.780631+00
9636	AE	1000000	(0,0)	2022-06-15 14:39:38.780631+00	2022-06-15 14:39:38.780631+00
9642	AE	1000000	(0,0)	2022-06-15 14:39:38.780631+00	2022-06-15 14:39:38.780631+00
9643	AE	1000000	(0,0)	2022-06-15 14:39:38.780631+00	2022-06-15 14:39:38.780631+00
9645	AE	1000000	(0,0)	2022-06-15 14:39:38.780631+00	2022-06-15 14:39:38.780631+00
9647	AE	1000000	(0,0)	2022-06-15 14:39:38.780631+00	2022-06-15 14:39:38.780631+00
9648	AE	1000000	(0,0)	2022-06-15 14:39:38.780631+00	2022-06-15 14:39:38.780631+00
9649	AE	1000000	(0,0)	2022-06-15 14:39:38.780631+00	2022-06-15 14:39:38.780631+00
9701	AE	1000000	(0,0)	2022-06-15 14:39:38.780631+00	2022-06-15 14:39:38.780631+00
9702	AE	1000000	(0,0)	2022-06-15 14:39:38.780631+00	2022-06-15 14:39:38.780631+00
9703	AE	1000000	(0,0)	2022-06-15 14:39:38.780631+00	2022-06-15 14:39:38.780631+00
9704	AE	1000000	(0,0)	2022-06-15 14:39:38.780631+00	2022-06-15 14:39:38.780631+00
9705	AE	1000000	(0,0)	2022-06-15 14:39:38.780631+00	2022-06-15 14:39:38.780631+00
9706	AE	1000000	(0,0)	2022-06-15 14:39:38.780631+00	2022-06-15 14:39:38.780631+00
9707	AE	1000000	(0,0)	2022-06-15 14:39:38.780631+00	2022-06-15 14:39:38.780631+00
9708	AE	1000000	(0,0)	2022-06-15 14:39:38.780631+00	2022-06-15 14:39:38.780631+00
9709	AE	1000000	(0,0)	2022-06-15 14:39:38.780631+00	2022-06-15 14:39:38.780631+00
9710	AE	1000000	(0,0)	2022-06-15 14:39:38.780631+00	2022-06-15 14:39:38.780631+00
9711	AE	1000000	(0,0)	2022-06-15 14:39:38.780631+00	2022-06-15 14:39:38.780631+00
9712	AE	1000000	(0,0)	2022-06-15 14:39:38.780631+00	2022-06-15 14:39:38.780631+00
9714	AE	1000000	(0,0)	2022-06-15 14:39:38.780631+00	2022-06-15 14:39:38.780631+00
9715	AE	1000000	(0,0)	2022-06-15 14:39:38.780631+00	2022-06-15 14:39:38.780631+00
9716	AE	1000000	(0,0)	2022-06-15 14:39:38.780631+00	2022-06-15 14:39:38.780631+00
9717	AE	1000000	(0,0)	2022-06-15 14:39:38.780631+00	2022-06-15 14:39:38.780631+00
9718	AE	1000000	(0,0)	2022-06-15 14:39:38.780631+00	2022-06-15 14:39:38.780631+00
9719	AE	1000000	(0,0)	2022-06-15 14:39:38.780631+00	2022-06-15 14:39:38.780631+00
9720	AE	1000000	(0,0)	2022-06-15 14:39:38.780631+00	2022-06-15 14:39:38.780631+00
9722	AE	1000000	(0,0)	2022-06-15 14:39:38.780631+00	2022-06-15 14:39:38.780631+00
9723	AE	1000000	(0,0)	2022-06-15 14:39:38.780631+00	2022-06-15 14:39:38.780631+00
9724	AE	1000000	(0,0)	2022-06-15 14:39:38.780631+00	2022-06-15 14:39:38.780631+00
9725	AE	1000000	(0,0)	2022-06-15 14:39:38.780631+00	2022-06-15 14:39:38.780631+00
9726	AE	1000000	(0,0)	2022-06-15 14:39:38.780631+00	2022-06-15 14:39:38.780631+00
9727	AE	1000000	(0,0)	2022-06-15 14:39:38.780631+00	2022-06-15 14:39:38.780631+00
9728	AE	1000000	(0,0)	2022-06-15 14:39:38.780631+00	2022-06-15 14:39:38.780631+00
9729	AE	1000000	(0,0)	2022-06-15 14:39:38.780631+00	2022-06-15 14:39:38.780631+00
9730	AE	1000000	(0,0)	2022-06-15 14:39:38.780631+00	2022-06-15 14:39:38.780631+00
9731	AE	1000000	(0,0)	2022-06-15 14:39:38.780631+00	2022-06-15 14:39:38.780631+00
9732	AE	1000000	(0,0)	2022-06-15 14:39:38.780631+00	2022-06-15 14:39:38.780631+00
9733	AE	1000000	(0,0)	2022-06-15 14:39:38.780631+00	2022-06-15 14:39:38.780631+00
9734	AE	1000000	(0,0)	2022-06-15 14:39:38.780631+00	2022-06-15 14:39:38.780631+00
9735	AE	1000000	(0,0)	2022-06-15 14:39:38.780631+00	2022-06-15 14:39:38.780631+00
9736	AE	1000000	(0,0)	2022-06-15 14:39:38.780631+00	2022-06-15 14:39:38.780631+00
9737	AE	1000000	(0,0)	2022-06-15 14:39:38.780631+00	2022-06-15 14:39:38.780631+00
9738	AE	1000000	(0,0)	2022-06-15 14:39:38.780631+00	2022-06-15 14:39:38.780631+00
9739	AE	1000000	(0,0)	2022-06-15 14:39:38.780631+00	2022-06-15 14:39:38.780631+00
9741	AE	1000000	(0,0)	2022-06-15 14:39:38.780631+00	2022-06-15 14:39:38.780631+00
9742	AE	1000000	(0,0)	2022-06-15 14:39:38.780631+00	2022-06-15 14:39:38.780631+00
9743	AE	1000000	(0,0)	2022-06-15 14:39:38.780631+00	2022-06-15 14:39:38.780631+00
9744	AE	1000000	(0,0)	2022-06-15 14:39:38.780631+00	2022-06-15 14:39:38.780631+00
9745	AE	1000000	(0,0)	2022-06-15 14:39:38.780631+00	2022-06-15 14:39:38.780631+00
9748	AE	1000000	(0,0)	2022-06-15 14:39:38.780631+00	2022-06-15 14:39:38.780631+00
9749	AE	1000000	(0,0)	2022-06-15 14:39:38.780631+00	2022-06-15 14:39:38.780631+00
9750	AE	1000000	(0,0)	2022-06-15 14:39:38.780631+00	2022-06-15 14:39:38.780631+00
9751	AE	1000000	(0,0)	2022-06-15 14:39:38.780631+00	2022-06-15 14:39:38.780631+00
9752	AE	1000000	(0,0)	2022-06-15 14:39:38.780631+00	2022-06-15 14:39:38.780631+00
9753	AE	1000000	(0,0)	2022-06-15 14:39:38.780631+00	2022-06-15 14:39:38.780631+00
9754	AE	1000000	(0,0)	2022-06-15 14:39:38.780631+00	2022-06-15 14:39:38.780631+00
9755	AE	1000000	(0,0)	2022-06-15 14:39:38.780631+00	2022-06-15 14:39:38.780631+00
9756	AE	1000000	(0,0)	2022-06-15 14:39:38.780631+00	2022-06-15 14:39:38.780631+00
9758	AE	1000000	(0,0)	2022-06-15 14:39:38.780631+00	2022-06-15 14:39:38.780631+00
9759	AE	1000000	(0,0)	2022-06-15 14:39:38.780631+00	2022-06-15 14:39:38.780631+00
9760	AE	1000000	(0,0)	2022-06-15 14:39:38.780631+00	2022-06-15 14:39:38.780631+00
9761	AE	1000000	(0,0)	2022-06-15 14:39:38.780631+00	2022-06-15 14:39:38.780631+00
9762	AE	1000000	(0,0)	2022-06-15 14:39:38.780631+00	2022-06-15 14:39:38.780631+00
9769	AE	1000000	(0,0)	2022-06-15 14:39:38.780631+00	2022-06-15 14:39:38.780631+00
9777	AE	1000000	(0,0)	2022-06-15 14:39:38.780631+00	2022-06-15 14:39:38.780631+00
9780	AE	1000000	(0,0)	2022-06-15 14:39:38.780631+00	2022-06-15 14:39:38.780631+00
9789	AE	1000000	(0,0)	2022-06-15 14:39:38.780631+00	2022-06-15 14:39:38.780631+00
9800	AE	1000000	(0,0)	2022-06-15 14:39:38.780631+00	2022-06-15 14:39:38.780631+00
9801	AE	1000000	(0,0)	2022-06-15 14:39:38.780631+00	2022-06-15 14:39:38.780631+00
9802	AE	1000000	(0,0)	2022-06-15 14:39:38.780631+00	2022-06-15 14:39:38.780631+00
9803	AE	1000000	(0,0)	2022-06-15 14:39:38.780631+00	2022-06-15 14:39:38.780631+00
9804	AE	1000000	(0,0)	2022-06-15 14:39:38.780631+00	2022-06-15 14:39:38.780631+00
9805	AE	1000000	(0,0)	2022-06-15 14:39:38.780631+00	2022-06-15 14:39:38.780631+00
9806	AE	1000000	(0,0)	2022-06-15 14:39:38.780631+00	2022-06-15 14:39:38.780631+00
9807	AE	1000000	(0,0)	2022-06-15 14:39:38.780631+00	2022-06-15 14:39:38.780631+00
9808	AE	1000000	(0,0)	2022-06-15 14:39:38.780631+00	2022-06-15 14:39:38.780631+00
9809	AE	1000000	(0,0)	2022-06-15 14:39:38.780631+00	2022-06-15 14:39:38.780631+00
9810	AE	1000000	(0,0)	2022-06-15 14:39:38.780631+00	2022-06-15 14:39:38.780631+00
9811	AE	1000000	(0,0)	2022-06-15 14:39:38.780631+00	2022-06-15 14:39:38.780631+00
9812	AE	1000000	(0,0)	2022-06-15 14:39:38.780631+00	2022-06-15 14:39:38.780631+00
9813	AE	1000000	(0,0)	2022-06-15 14:39:38.780631+00	2022-06-15 14:39:38.780631+00
9814	AE	1000000	(0,0)	2022-06-15 14:39:38.780631+00	2022-06-15 14:39:38.780631+00
9815	AE	1000000	(0,0)	2022-06-15 14:39:38.780631+00	2022-06-15 14:39:38.780631+00
9816	AE	1000000	(0,0)	2022-06-15 14:39:38.780631+00	2022-06-15 14:39:38.780631+00
9817	AE	1000000	(0,0)	2022-06-15 14:39:38.780631+00	2022-06-15 14:39:38.780631+00
9818	AE	1000000	(0,0)	2022-06-15 14:39:38.780631+00	2022-06-15 14:39:38.780631+00
9820	AE	1000000	(0,0)	2022-06-15 14:39:38.780631+00	2022-06-15 14:39:38.780631+00
9821	AE	1000000	(0,0)	2022-06-15 14:39:38.780631+00	2022-06-15 14:39:38.780631+00
9822	AE	1000000	(0,0)	2022-06-15 14:39:38.780631+00	2022-06-15 14:39:38.780631+00
9823	AE	1000000	(0,0)	2022-06-15 14:39:38.780631+00	2022-06-15 14:39:38.780631+00
9824	AE	1000000	(0,0)	2022-06-15 14:39:38.780631+00	2022-06-15 14:39:38.780631+00
9825	AE	1000000	(0,0)	2022-06-15 14:39:38.780631+00	2022-06-15 14:39:38.780631+00
9826	AE	1000000	(0,0)	2022-06-15 14:39:38.780631+00	2022-06-15 14:39:38.780631+00
9827	AE	1000000	(0,0)	2022-06-15 14:39:38.780631+00	2022-06-15 14:39:38.780631+00
9828	AE	1000000	(0,0)	2022-06-15 14:39:38.780631+00	2022-06-15 14:39:38.780631+00
9829	AE	1000000	(0,0)	2022-06-15 14:39:38.780631+00	2022-06-15 14:39:38.780631+00
9830	AE	1000000	(0,0)	2022-06-15 14:39:38.780631+00	2022-06-15 14:39:38.780631+00
9831	AE	1000000	(0,0)	2022-06-15 14:39:38.780631+00	2022-06-15 14:39:38.780631+00
9832	AE	1000000	(0,0)	2022-06-15 14:39:38.780631+00	2022-06-15 14:39:38.780631+00
9833	AE	1000000	(0,0)	2022-06-15 14:39:38.780631+00	2022-06-15 14:39:38.780631+00
9834	AE	1000000	(0,0)	2022-06-15 14:39:38.780631+00	2022-06-15 14:39:38.780631+00
9836	AE	1000000	(0,0)	2022-06-15 14:39:38.780631+00	2022-06-15 14:39:38.780631+00
9837	AE	1000000	(0,0)	2022-06-15 14:39:38.780631+00	2022-06-15 14:39:38.780631+00
9838	AE	1000000	(0,0)	2022-06-15 14:39:38.780631+00	2022-06-15 14:39:38.780631+00
9839	AE	1000000	(0,0)	2022-06-15 14:39:38.780631+00	2022-06-15 14:39:38.780631+00
9841	AE	1000000	(0,0)	2022-06-15 14:39:38.780631+00	2022-06-15 14:39:38.780631+00
9842	AE	1000000	(0,0)	2022-06-15 14:39:38.780631+00	2022-06-15 14:39:38.780631+00
9844	AE	1000000	(0,0)	2022-06-15 14:39:38.780631+00	2022-06-15 14:39:38.780631+00
9845	AE	1000000	(0,0)	2022-06-15 14:39:38.780631+00	2022-06-15 14:39:38.780631+00
9846	AE	1000000	(0,0)	2022-06-15 14:39:38.780631+00	2022-06-15 14:39:38.780631+00
9847	AE	1000000	(0,0)	2022-06-15 14:39:38.780631+00	2022-06-15 14:39:38.780631+00
9848	AE	1000000	(0,0)	2022-06-15 14:39:38.780631+00	2022-06-15 14:39:38.780631+00
9851	AE	1000000	(0,0)	2022-06-15 14:39:38.780631+00	2022-06-15 14:39:38.780631+00
9852	AE	1000000	(0,0)	2022-06-15 14:39:38.780631+00	2022-06-15 14:39:38.780631+00
9853	AE	1000000	(0,0)	2022-06-15 14:39:38.780631+00	2022-06-15 14:39:38.780631+00
9854	AE	1000000	(0,0)	2022-06-15 14:39:38.780631+00	2022-06-15 14:39:38.780631+00
9855	AE	1000000	(0,0)	2022-06-15 14:39:38.780631+00	2022-06-15 14:39:38.780631+00
9856	AE	1000000	(0,0)	2022-06-15 14:39:38.780631+00	2022-06-15 14:39:38.780631+00
9857	AE	1000000	(0,0)	2022-06-15 14:39:38.780631+00	2022-06-15 14:39:38.780631+00
9858	AE	1000000	(0,0)	2022-06-15 14:39:38.780631+00	2022-06-15 14:39:38.780631+00
9859	AE	1000000	(0,0)	2022-06-15 14:39:38.780631+00	2022-06-15 14:39:38.780631+00
9860	AE	1000000	(0,0)	2022-06-15 14:39:38.780631+00	2022-06-15 14:39:38.780631+00
9861	AE	1000000	(0,0)	2022-06-15 14:39:38.780631+00	2022-06-15 14:39:38.780631+00
9862	AE	1000000	(0,0)	2022-06-15 14:39:38.780631+00	2022-06-15 14:39:38.780631+00
9863	AE	1000000	(0,0)	2022-06-15 14:39:38.780631+00	2022-06-15 14:39:38.780631+00
9864	AE	1000000	(0,0)	2022-06-15 14:39:38.780631+00	2022-06-15 14:39:38.780631+00
9865	AE	1000000	(0,0)	2022-06-15 14:39:38.780631+00	2022-06-15 14:39:38.780631+00
9867	AE	1000000	(0,0)	2022-06-15 14:39:38.780631+00	2022-06-15 14:39:38.780631+00
9868	AE	1000000	(0,0)	2022-06-15 14:39:38.780631+00	2022-06-15 14:39:38.780631+00
9869	AE	1000000	(0,0)	2022-06-15 14:39:38.780631+00	2022-06-15 14:39:38.780631+00
9870	AE	1000000	(0,0)	2022-06-15 14:39:38.780631+00	2022-06-15 14:39:38.780631+00
9873	AE	1000000	(0,0)	2022-06-15 14:39:38.780631+00	2022-06-15 14:39:38.780631+00
9874	AE	1000000	(0,0)	2022-06-15 14:39:38.780631+00	2022-06-15 14:39:38.780631+00
9875	AE	1000000	(0,0)	2022-06-15 14:39:38.780631+00	2022-06-15 14:39:38.780631+00
9876	AE	1000000	(0,0)	2022-06-15 14:39:38.780631+00	2022-06-15 14:39:38.780631+00
9877	AE	1000000	(0,0)	2022-06-15 14:39:38.780631+00	2022-06-15 14:39:38.780631+00
9880	AE	1000000	(0,0)	2022-06-15 14:39:38.780631+00	2022-06-15 14:39:38.780631+00
9890	AE	1000000	(0,0)	2022-06-15 14:39:38.780631+00	2022-06-15 14:39:38.780631+00
9892	AE	1000000	(0,0)	2022-06-15 14:39:38.780631+00	2022-06-15 14:39:38.780631+00
9895	AE	1000000	(0,0)	2022-06-15 14:39:38.780631+00	2022-06-15 14:39:38.780631+00
9898	AE	1000000	(0,0)	2022-06-15 14:39:38.780631+00	2022-06-15 14:39:38.780631+00
9901	AE	1000000	(0,0)	2022-06-15 14:39:38.780631+00	2022-06-15 14:39:38.780631+00
9902	AE	1000000	(0,0)	2022-06-15 14:39:38.780631+00	2022-06-15 14:39:38.780631+00
9903	AE	1000000	(0,0)	2022-06-15 14:39:38.780631+00	2022-06-15 14:39:38.780631+00
9904	AE	1000000	(0,0)	2022-06-15 14:39:38.780631+00	2022-06-15 14:39:38.780631+00
9908	AE	1000000	(0,0)	2022-06-15 14:39:38.780631+00	2022-06-15 14:39:38.780631+00
9909	AE	1000000	(0,0)	2022-06-15 14:39:38.780631+00	2022-06-15 14:39:38.780631+00
9910	AE	1000000	(0,0)	2022-06-15 14:39:38.780631+00	2022-06-15 14:39:38.780631+00
9974	AE	1000000	(0,0)	2022-06-15 14:39:38.780631+00	2022-06-15 14:39:38.780631+00
9975	AE	1000000	(0,0)	2022-06-15 14:39:38.780631+00	2022-06-15 14:39:38.780631+00
9976	AE	1000000	(0,0)	2022-06-15 14:39:38.780631+00	2022-06-15 14:39:38.780631+00
9977	AE	1000000	(0,0)	2022-06-15 14:39:38.780631+00	2022-06-15 14:39:38.780631+00
34001	AA	1000000	(0,0)	2022-06-15 14:39:38.780631+00	2022-06-15 14:39:38.780631+00
34002	AA	1000000	(0,0)	2022-06-15 14:39:38.780631+00	2022-06-15 14:39:38.780631+00
34004	AA	1000000	(0,0)	2022-06-15 14:39:38.780631+00	2022-06-15 14:39:38.780631+00
34007	AA	1000000	(0,0)	2022-06-15 14:39:38.780631+00	2022-06-15 14:39:38.780631+00
34008	AA	1000000	(0,0)	2022-06-15 14:39:38.780631+00	2022-06-15 14:39:38.780631+00
34011	AA	1000000	(0,0)	2022-06-15 14:39:38.780631+00	2022-06-15 14:39:38.780631+00
34020	AA	1000000	(0,0)	2022-06-15 14:39:38.780631+00	2022-06-15 14:39:38.780631+00
34021	AA	1000000	(0,0)	2022-06-15 14:39:38.780631+00	2022-06-15 14:39:38.780631+00
34022	AA	1000000	(0,0)	2022-06-15 14:39:38.780631+00	2022-06-15 14:39:38.780631+00
34023	AA	1000000	(0,0)	2022-06-15 14:39:38.780631+00	2022-06-15 14:39:38.780631+00
34024	AA	1000000	(0,0)	2022-06-15 14:39:38.780631+00	2022-06-15 14:39:38.780631+00
34025	AA	1000000	(0,0)	2022-06-15 14:39:38.780631+00	2022-06-15 14:39:38.780631+00
34030	AA	1000000	(0,0)	2022-06-15 14:39:38.780631+00	2022-06-15 14:39:38.780631+00
34031	AA	1000000	(0,0)	2022-06-15 14:39:38.780631+00	2022-06-15 14:39:38.780631+00
34032	AA	1000000	(0,0)	2022-06-15 14:39:38.780631+00	2022-06-15 14:39:38.780631+00
34033	AA	1000000	(0,0)	2022-06-15 14:39:38.780631+00	2022-06-15 14:39:38.780631+00
34034	AA	1000000	(0,0)	2022-06-15 14:39:38.780631+00	2022-06-15 14:39:38.780631+00
34035	AA	1000000	(0,0)	2022-06-15 14:39:38.780631+00	2022-06-15 14:39:38.780631+00
34036	AA	1000000	(0,0)	2022-06-15 14:39:38.780631+00	2022-06-15 14:39:38.780631+00
34037	AA	1000000	(0,0)	2022-06-15 14:39:38.780631+00	2022-06-15 14:39:38.780631+00
34038	AA	1000000	(0,0)	2022-06-15 14:39:38.780631+00	2022-06-15 14:39:38.780631+00
34039	AA	1000000	(0,0)	2022-06-15 14:39:38.780631+00	2022-06-15 14:39:38.780631+00
34041	AA	1000000	(0,0)	2022-06-15 14:39:38.780631+00	2022-06-15 14:39:38.780631+00
34042	AA	1000000	(0,0)	2022-06-15 14:39:38.780631+00	2022-06-15 14:39:38.780631+00
34044	AA	1000000	(0,0)	2022-06-15 14:39:38.780631+00	2022-06-15 14:39:38.780631+00
34050	AA	1000000	(0,0)	2022-06-15 14:39:38.780631+00	2022-06-15 14:39:38.780631+00
34051	AA	1000000	(0,0)	2022-06-15 14:39:38.780631+00	2022-06-15 14:39:38.780631+00
34052	AA	1000000	(0,0)	2022-06-15 14:39:38.780631+00	2022-06-15 14:39:38.780631+00
34053	AA	1000000	(0,0)	2022-06-15 14:39:38.780631+00	2022-06-15 14:39:38.780631+00
34054	AA	1000000	(0,0)	2022-06-15 14:39:38.780631+00	2022-06-15 14:39:38.780631+00
34055	AA	1000000	(0,0)	2022-06-15 14:39:38.780631+00	2022-06-15 14:39:38.780631+00
34058	AA	1000000	(0,0)	2022-06-15 14:39:38.780631+00	2022-06-15 14:39:38.780631+00
34060	AA	1000000	(0,0)	2022-06-15 14:39:38.780631+00	2022-06-15 14:39:38.780631+00
34066	AA	1000000	(0,0)	2022-06-15 14:39:38.780631+00	2022-06-15 14:39:38.780631+00
34067	AA	1000000	(0,0)	2022-06-15 14:39:38.780631+00	2022-06-15 14:39:38.780631+00
34068	AA	1000000	(0,0)	2022-06-15 14:39:38.780631+00	2022-06-15 14:39:38.780631+00
34069	AA	1000000	(0,0)	2022-06-15 14:39:38.780631+00	2022-06-15 14:39:38.780631+00
34078	AA	1000000	(0,0)	2022-06-15 14:39:38.780631+00	2022-06-15 14:39:38.780631+00
34080	AA	1000000	(0,0)	2022-06-15 14:39:38.780631+00	2022-06-15 14:39:38.780631+00
34081	AA	1000000	(0,0)	2022-06-15 14:39:38.780631+00	2022-06-15 14:39:38.780631+00
34082	AA	1000000	(0,0)	2022-06-15 14:39:38.780631+00	2022-06-15 14:39:38.780631+00
34083	AA	1000000	(0,0)	2022-06-15 14:39:38.780631+00	2022-06-15 14:39:38.780631+00
34084	AA	1000000	(0,0)	2022-06-15 14:39:38.780631+00	2022-06-15 14:39:38.780631+00
34085	AA	1000000	(0,0)	2022-06-15 14:39:38.780631+00	2022-06-15 14:39:38.780631+00
34086	AA	1000000	(0,0)	2022-06-15 14:39:38.780631+00	2022-06-15 14:39:38.780631+00
34087	AA	1000000	(0,0)	2022-06-15 14:39:38.780631+00	2022-06-15 14:39:38.780631+00
34088	AA	1000000	(0,0)	2022-06-15 14:39:38.780631+00	2022-06-15 14:39:38.780631+00
34089	AA	1000000	(0,0)	2022-06-15 14:39:38.780631+00	2022-06-15 14:39:38.780631+00
34090	AA	1000000	(0,0)	2022-06-15 14:39:38.780631+00	2022-06-15 14:39:38.780631+00
34091	AA	1000000	(0,0)	2022-06-15 14:39:38.780631+00	2022-06-15 14:39:38.780631+00
34092	AA	1000000	(0,0)	2022-06-15 14:39:38.780631+00	2022-06-15 14:39:38.780631+00
34093	AA	1000000	(0,0)	2022-06-15 14:39:38.780631+00	2022-06-15 14:39:38.780631+00
34094	AA	1000000	(0,0)	2022-06-15 14:39:38.780631+00	2022-06-15 14:39:38.780631+00
34095	AA	1000000	(0,0)	2022-06-15 14:39:38.780631+00	2022-06-15 14:39:38.780631+00
96201	AP	1000000	(0,0)	2022-06-15 14:39:38.780631+00	2022-06-15 14:39:38.780631+00
96202	AP	1000000	(0,0)	2022-06-15 14:39:38.780631+00	2022-06-15 14:39:38.780631+00
96203	AP	1000000	(0,0)	2022-06-15 14:39:38.780631+00	2022-06-15 14:39:38.780631+00
96204	AP	1000000	(0,0)	2022-06-15 14:39:38.780631+00	2022-06-15 14:39:38.780631+00
96205	AP	1000000	(0,0)	2022-06-15 14:39:38.780631+00	2022-06-15 14:39:38.780631+00
96206	AP	1000000	(0,0)	2022-06-15 14:39:38.780631+00	2022-06-15 14:39:38.780631+00
96207	AP	1000000	(0,0)	2022-06-15 14:39:38.780631+00	2022-06-15 14:39:38.780631+00
96208	AP	1000000	(0,0)	2022-06-15 14:39:38.780631+00	2022-06-15 14:39:38.780631+00
96209	AP	1000000	(0,0)	2022-06-15 14:39:38.780631+00	2022-06-15 14:39:38.780631+00
96210	AP	1000000	(0,0)	2022-06-15 14:39:38.780631+00	2022-06-15 14:39:38.780631+00
96212	AP	1000000	(0,0)	2022-06-15 14:39:38.780631+00	2022-06-15 14:39:38.780631+00
96213	AP	1000000	(0,0)	2022-06-15 14:39:38.780631+00	2022-06-15 14:39:38.780631+00
96214	AP	1000000	(0,0)	2022-06-15 14:39:38.780631+00	2022-06-15 14:39:38.780631+00
96218	AP	1000000	(0,0)	2022-06-15 14:39:38.780631+00	2022-06-15 14:39:38.780631+00
96224	AP	1000000	(0,0)	2022-06-15 14:39:38.780631+00	2022-06-15 14:39:38.780631+00
96251	AP	1000000	(0,0)	2022-06-15 14:39:38.780631+00	2022-06-15 14:39:38.780631+00
96257	AP	1000000	(0,0)	2022-06-15 14:39:38.780631+00	2022-06-15 14:39:38.780631+00
96258	AP	1000000	(0,0)	2022-06-15 14:39:38.780631+00	2022-06-15 14:39:38.780631+00
96260	AP	1000000	(0,0)	2022-06-15 14:39:38.780631+00	2022-06-15 14:39:38.780631+00
96262	AP	1000000	(0,0)	2022-06-15 14:39:38.780631+00	2022-06-15 14:39:38.780631+00
96264	AP	1000000	(0,0)	2022-06-15 14:39:38.780631+00	2022-06-15 14:39:38.780631+00
96266	AP	1000000	(0,0)	2022-06-15 14:39:38.780631+00	2022-06-15 14:39:38.780631+00
96267	AP	1000000	(0,0)	2022-06-15 14:39:38.780631+00	2022-06-15 14:39:38.780631+00
96269	AP	1000000	(0,0)	2022-06-15 14:39:38.780631+00	2022-06-15 14:39:38.780631+00
96271	AP	1000000	(0,0)	2022-06-15 14:39:38.780631+00	2022-06-15 14:39:38.780631+00
96273	AP	1000000	(0,0)	2022-06-15 14:39:38.780631+00	2022-06-15 14:39:38.780631+00
96275	AP	1000000	(0,0)	2022-06-15 14:39:38.780631+00	2022-06-15 14:39:38.780631+00
96276	AP	1000000	(0,0)	2022-06-15 14:39:38.780631+00	2022-06-15 14:39:38.780631+00
96278	AP	1000000	(0,0)	2022-06-15 14:39:38.780631+00	2022-06-15 14:39:38.780631+00
96283	AP	1000000	(0,0)	2022-06-15 14:39:38.780631+00	2022-06-15 14:39:38.780631+00
96284	AP	1000000	(0,0)	2022-06-15 14:39:38.780631+00	2022-06-15 14:39:38.780631+00
96297	AP	1000000	(0,0)	2022-06-15 14:39:38.780631+00	2022-06-15 14:39:38.780631+00
96301	AP	1000000	(0,0)	2022-06-15 14:39:38.780631+00	2022-06-15 14:39:38.780631+00
96303	AP	1000000	(0,0)	2022-06-15 14:39:38.780631+00	2022-06-15 14:39:38.780631+00
96306	AP	1000000	(0,0)	2022-06-15 14:39:38.780631+00	2022-06-15 14:39:38.780631+00
96309	AP	1000000	(0,0)	2022-06-15 14:39:38.780631+00	2022-06-15 14:39:38.780631+00
96310	AP	1000000	(0,0)	2022-06-15 14:39:38.780631+00	2022-06-15 14:39:38.780631+00
96311	AP	1000000	(0,0)	2022-06-15 14:39:38.780631+00	2022-06-15 14:39:38.780631+00
96315	AP	1000000	(0,0)	2022-06-15 14:39:38.780631+00	2022-06-15 14:39:38.780631+00
96319	AP	1000000	(0,0)	2022-06-15 14:39:38.780631+00	2022-06-15 14:39:38.780631+00
96321	AP	1000000	(0,0)	2022-06-15 14:39:38.780631+00	2022-06-15 14:39:38.780631+00
96322	AP	1000000	(0,0)	2022-06-15 14:39:38.780631+00	2022-06-15 14:39:38.780631+00
96323	AP	1000000	(0,0)	2022-06-15 14:39:38.780631+00	2022-06-15 14:39:38.780631+00
96326	AP	1000000	(0,0)	2022-06-15 14:39:38.780631+00	2022-06-15 14:39:38.780631+00
96328	AP	1000000	(0,0)	2022-06-15 14:39:38.780631+00	2022-06-15 14:39:38.780631+00
96330	AP	1000000	(0,0)	2022-06-15 14:39:38.780631+00	2022-06-15 14:39:38.780631+00
96331	AP	1000000	(0,0)	2022-06-15 14:39:38.780631+00	2022-06-15 14:39:38.780631+00
96336	AP	1000000	(0,0)	2022-06-15 14:39:38.780631+00	2022-06-15 14:39:38.780631+00
96337	AP	1000000	(0,0)	2022-06-15 14:39:38.780631+00	2022-06-15 14:39:38.780631+00
96338	AP	1000000	(0,0)	2022-06-15 14:39:38.780631+00	2022-06-15 14:39:38.780631+00
96339	AP	1000000	(0,0)	2022-06-15 14:39:38.780631+00	2022-06-15 14:39:38.780631+00
96343	AP	1000000	(0,0)	2022-06-15 14:39:38.780631+00	2022-06-15 14:39:38.780631+00
96346	AP	1000000	(0,0)	2022-06-15 14:39:38.780631+00	2022-06-15 14:39:38.780631+00
96347	AP	1000000	(0,0)	2022-06-15 14:39:38.780631+00	2022-06-15 14:39:38.780631+00
96349	AP	1000000	(0,0)	2022-06-15 14:39:38.780631+00	2022-06-15 14:39:38.780631+00
96350	AP	1000000	(0,0)	2022-06-15 14:39:38.780631+00	2022-06-15 14:39:38.780631+00
96351	AP	1000000	(0,0)	2022-06-15 14:39:38.780631+00	2022-06-15 14:39:38.780631+00
96362	AP	1000000	(0,0)	2022-06-15 14:39:38.780631+00	2022-06-15 14:39:38.780631+00
96365	AP	1000000	(0,0)	2022-06-15 14:39:38.780631+00	2022-06-15 14:39:38.780631+00
96367	AP	1000000	(0,0)	2022-06-15 14:39:38.780631+00	2022-06-15 14:39:38.780631+00
96368	AP	1000000	(0,0)	2022-06-15 14:39:38.780631+00	2022-06-15 14:39:38.780631+00
96370	AP	1000000	(0,0)	2022-06-15 14:39:38.780631+00	2022-06-15 14:39:38.780631+00
96371	AP	1000000	(0,0)	2022-06-15 14:39:38.780631+00	2022-06-15 14:39:38.780631+00
96372	AP	1000000	(0,0)	2022-06-15 14:39:38.780631+00	2022-06-15 14:39:38.780631+00
96373	AP	1000000	(0,0)	2022-06-15 14:39:38.780631+00	2022-06-15 14:39:38.780631+00
96374	AP	1000000	(0,0)	2022-06-15 14:39:38.780631+00	2022-06-15 14:39:38.780631+00
96375	AP	1000000	(0,0)	2022-06-15 14:39:38.780631+00	2022-06-15 14:39:38.780631+00
96376	AP	1000000	(0,0)	2022-06-15 14:39:38.780631+00	2022-06-15 14:39:38.780631+00
96377	AP	1000000	(0,0)	2022-06-15 14:39:38.780631+00	2022-06-15 14:39:38.780631+00
96378	AP	1000000	(0,0)	2022-06-15 14:39:38.780631+00	2022-06-15 14:39:38.780631+00
96379	AP	1000000	(0,0)	2022-06-15 14:39:38.780631+00	2022-06-15 14:39:38.780631+00
96380	AP	1000000	(0,0)	2022-06-15 14:39:38.780631+00	2022-06-15 14:39:38.780631+00
96382	AP	1000000	(0,0)	2022-06-15 14:39:38.780631+00	2022-06-15 14:39:38.780631+00
96384	AP	1000000	(0,0)	2022-06-15 14:39:38.780631+00	2022-06-15 14:39:38.780631+00
96385	AP	1000000	(0,0)	2022-06-15 14:39:38.780631+00	2022-06-15 14:39:38.780631+00
96386	AP	1000000	(0,0)	2022-06-15 14:39:38.780631+00	2022-06-15 14:39:38.780631+00
96387	AP	1000000	(0,0)	2022-06-15 14:39:38.780631+00	2022-06-15 14:39:38.780631+00
96388	AP	1000000	(0,0)	2022-06-15 14:39:38.780631+00	2022-06-15 14:39:38.780631+00
96389	AP	1000000	(0,0)	2022-06-15 14:39:38.780631+00	2022-06-15 14:39:38.780631+00
96401	AP	1000000	(0,0)	2022-06-15 14:39:38.780631+00	2022-06-15 14:39:38.780631+00
96502	AP	1000000	(0,0)	2022-06-15 14:39:38.780631+00	2022-06-15 14:39:38.780631+00
96504	AP	1000000	(0,0)	2022-06-15 14:39:38.780631+00	2022-06-15 14:39:38.780631+00
96505	AP	1000000	(0,0)	2022-06-15 14:39:38.780631+00	2022-06-15 14:39:38.780631+00
96507	AP	1000000	(0,0)	2022-06-15 14:39:38.780631+00	2022-06-15 14:39:38.780631+00
96510	AP	1000000	(0,0)	2022-06-15 14:39:38.780631+00	2022-06-15 14:39:38.780631+00
96511	AP	1000000	(0,0)	2022-06-15 14:39:38.780631+00	2022-06-15 14:39:38.780631+00
96515	AP	1000000	(0,0)	2022-06-15 14:39:38.780631+00	2022-06-15 14:39:38.780631+00
96516	AP	1000000	(0,0)	2022-06-15 14:39:38.780631+00	2022-06-15 14:39:38.780631+00
96517	AP	1000000	(0,0)	2022-06-15 14:39:38.780631+00	2022-06-15 14:39:38.780631+00
96520	AP	1000000	(0,0)	2022-06-15 14:39:38.780631+00	2022-06-15 14:39:38.780631+00
96521	AP	1000000	(0,0)	2022-06-15 14:39:38.780631+00	2022-06-15 14:39:38.780631+00
96522	AP	1000000	(0,0)	2022-06-15 14:39:38.780631+00	2022-06-15 14:39:38.780631+00
96530	AP	1000000	(0,0)	2022-06-15 14:39:38.780631+00	2022-06-15 14:39:38.780631+00
96531	AP	1000000	(0,0)	2022-06-15 14:39:38.780631+00	2022-06-15 14:39:38.780631+00
96532	AP	1000000	(0,0)	2022-06-15 14:39:38.780631+00	2022-06-15 14:39:38.780631+00
96534	AP	1000000	(0,0)	2022-06-15 14:39:38.780631+00	2022-06-15 14:39:38.780631+00
96535	AP	1000000	(0,0)	2022-06-15 14:39:38.780631+00	2022-06-15 14:39:38.780631+00
96537	AP	1000000	(0,0)	2022-06-15 14:39:38.780631+00	2022-06-15 14:39:38.780631+00
96539	AP	1000000	(0,0)	2022-06-15 14:39:38.780631+00	2022-06-15 14:39:38.780631+00
96540	AP	1000000	(0,0)	2022-06-15 14:39:38.780631+00	2022-06-15 14:39:38.780631+00
96542	AP	1000000	(0,0)	2022-06-15 14:39:38.780631+00	2022-06-15 14:39:38.780631+00
96543	AP	1000000	(0,0)	2022-06-15 14:39:38.780631+00	2022-06-15 14:39:38.780631+00
96546	AP	1000000	(0,0)	2022-06-15 14:39:38.780631+00	2022-06-15 14:39:38.780631+00
96548	AP	1000000	(0,0)	2022-06-15 14:39:38.780631+00	2022-06-15 14:39:38.780631+00
96549	AP	1000000	(0,0)	2022-06-15 14:39:38.780631+00	2022-06-15 14:39:38.780631+00
96550	AP	1000000	(0,0)	2022-06-15 14:39:38.780631+00	2022-06-15 14:39:38.780631+00
96551	AP	1000000	(0,0)	2022-06-15 14:39:38.780631+00	2022-06-15 14:39:38.780631+00
96552	AP	1000000	(0,0)	2022-06-15 14:39:38.780631+00	2022-06-15 14:39:38.780631+00
96553	AP	1000000	(0,0)	2022-06-15 14:39:38.780631+00	2022-06-15 14:39:38.780631+00
96554	AP	1000000	(0,0)	2022-06-15 14:39:38.780631+00	2022-06-15 14:39:38.780631+00
96555	AP	1000000	(0,0)	2022-06-15 14:39:38.780631+00	2022-06-15 14:39:38.780631+00
96557	AP	1000000	(0,0)	2022-06-15 14:39:38.780631+00	2022-06-15 14:39:38.780631+00
96562	AP	1000000	(0,0)	2022-06-15 14:39:38.780631+00	2022-06-15 14:39:38.780631+00
96577	AP	1000000	(0,0)	2022-06-15 14:39:38.780631+00	2022-06-15 14:39:38.780631+00
96578	AP	1000000	(0,0)	2022-06-15 14:39:38.780631+00	2022-06-15 14:39:38.780631+00
96595	AP	1000000	(0,0)	2022-06-15 14:39:38.780631+00	2022-06-15 14:39:38.780631+00
96598	AP	1000000	(0,0)	2022-06-15 14:39:38.780631+00	2022-06-15 14:39:38.780631+00
96599	AP	1000000	(0,0)	2022-06-15 14:39:38.780631+00	2022-06-15 14:39:38.780631+00
96601	AP	1000000	(0,0)	2022-06-15 14:39:38.780631+00	2022-06-15 14:39:38.780631+00
96602	AP	1000000	(0,0)	2022-06-15 14:39:38.780631+00	2022-06-15 14:39:38.780631+00
96603	AP	1000000	(0,0)	2022-06-15 14:39:38.780631+00	2022-06-15 14:39:38.780631+00
96604	AP	1000000	(0,0)	2022-06-15 14:39:38.780631+00	2022-06-15 14:39:38.780631+00
96605	AP	1000000	(0,0)	2022-06-15 14:39:38.780631+00	2022-06-15 14:39:38.780631+00
96606	AP	1000000	(0,0)	2022-06-15 14:39:38.780631+00	2022-06-15 14:39:38.780631+00
96607	AP	1000000	(0,0)	2022-06-15 14:39:38.780631+00	2022-06-15 14:39:38.780631+00
96608	AP	1000000	(0,0)	2022-06-15 14:39:38.780631+00	2022-06-15 14:39:38.780631+00
96609	AP	1000000	(0,0)	2022-06-15 14:39:38.780631+00	2022-06-15 14:39:38.780631+00
96610	AP	1000000	(0,0)	2022-06-15 14:39:38.780631+00	2022-06-15 14:39:38.780631+00
96611	AP	1000000	(0,0)	2022-06-15 14:39:38.780631+00	2022-06-15 14:39:38.780631+00
96612	AP	1000000	(0,0)	2022-06-15 14:39:38.780631+00	2022-06-15 14:39:38.780631+00
96613	AP	1000000	(0,0)	2022-06-15 14:39:38.780631+00	2022-06-15 14:39:38.780631+00
96615	AP	1000000	(0,0)	2022-06-15 14:39:38.780631+00	2022-06-15 14:39:38.780631+00
96616	AP	1000000	(0,0)	2022-06-15 14:39:38.780631+00	2022-06-15 14:39:38.780631+00
96617	AP	1000000	(0,0)	2022-06-15 14:39:38.780631+00	2022-06-15 14:39:38.780631+00
96619	AP	1000000	(0,0)	2022-06-15 14:39:38.780631+00	2022-06-15 14:39:38.780631+00
96620	AP	1000000	(0,0)	2022-06-15 14:39:38.780631+00	2022-06-15 14:39:38.780631+00
96628	AP	1000000	(0,0)	2022-06-15 14:39:38.780631+00	2022-06-15 14:39:38.780631+00
96629	AP	1000000	(0,0)	2022-06-15 14:39:38.780631+00	2022-06-15 14:39:38.780631+00
96632	AP	1000000	(0,0)	2022-06-15 14:39:38.780631+00	2022-06-15 14:39:38.780631+00
96633	AP	1000000	(0,0)	2022-06-15 14:39:38.780631+00	2022-06-15 14:39:38.780631+00
96641	AP	1000000	(0,0)	2022-06-15 14:39:38.780631+00	2022-06-15 14:39:38.780631+00
96642	AP	1000000	(0,0)	2022-06-15 14:39:38.780631+00	2022-06-15 14:39:38.780631+00
96643	AP	1000000	(0,0)	2022-06-15 14:39:38.780631+00	2022-06-15 14:39:38.780631+00
96644	AP	1000000	(0,0)	2022-06-15 14:39:38.780631+00	2022-06-15 14:39:38.780631+00
96645	AP	1000000	(0,0)	2022-06-15 14:39:38.780631+00	2022-06-15 14:39:38.780631+00
96649	AP	1000000	(0,0)	2022-06-15 14:39:38.780631+00	2022-06-15 14:39:38.780631+00
96650	AP	1000000	(0,0)	2022-06-15 14:39:38.780631+00	2022-06-15 14:39:38.780631+00
96657	AP	1000000	(0,0)	2022-06-15 14:39:38.780631+00	2022-06-15 14:39:38.780631+00
96660	AP	1000000	(0,0)	2022-06-15 14:39:38.780631+00	2022-06-15 14:39:38.780631+00
96661	AP	1000000	(0,0)	2022-06-15 14:39:38.780631+00	2022-06-15 14:39:38.780631+00
96662	AP	1000000	(0,0)	2022-06-15 14:39:38.780631+00	2022-06-15 14:39:38.780631+00
96663	AP	1000000	(0,0)	2022-06-15 14:39:38.780631+00	2022-06-15 14:39:38.780631+00
96664	AP	1000000	(0,0)	2022-06-15 14:39:38.780631+00	2022-06-15 14:39:38.780631+00
96665	AP	1000000	(0,0)	2022-06-15 14:39:38.780631+00	2022-06-15 14:39:38.780631+00
96666	AP	1000000	(0,0)	2022-06-15 14:39:38.780631+00	2022-06-15 14:39:38.780631+00
96667	AP	1000000	(0,0)	2022-06-15 14:39:38.780631+00	2022-06-15 14:39:38.780631+00
96668	AP	1000000	(0,0)	2022-06-15 14:39:38.780631+00	2022-06-15 14:39:38.780631+00
96669	AP	1000000	(0,0)	2022-06-15 14:39:38.780631+00	2022-06-15 14:39:38.780631+00
96670	AP	1000000	(0,0)	2022-06-15 14:39:38.780631+00	2022-06-15 14:39:38.780631+00
96671	AP	1000000	(0,0)	2022-06-15 14:39:38.780631+00	2022-06-15 14:39:38.780631+00
96672	AP	1000000	(0,0)	2022-06-15 14:39:38.780631+00	2022-06-15 14:39:38.780631+00
96673	AP	1000000	(0,0)	2022-06-15 14:39:38.780631+00	2022-06-15 14:39:38.780631+00
96674	AP	1000000	(0,0)	2022-06-15 14:39:38.780631+00	2022-06-15 14:39:38.780631+00
96675	AP	1000000	(0,0)	2022-06-15 14:39:38.780631+00	2022-06-15 14:39:38.780631+00
96677	AP	1000000	(0,0)	2022-06-15 14:39:38.780631+00	2022-06-15 14:39:38.780631+00
96678	AP	1000000	(0,0)	2022-06-15 14:39:38.780631+00	2022-06-15 14:39:38.780631+00
96679	AP	1000000	(0,0)	2022-06-15 14:39:38.780631+00	2022-06-15 14:39:38.780631+00
96681	AP	1000000	(0,0)	2022-06-15 14:39:38.780631+00	2022-06-15 14:39:38.780631+00
96682	AP	1000000	(0,0)	2022-06-15 14:39:38.780631+00	2022-06-15 14:39:38.780631+00
96683	AP	1000000	(0,0)	2022-06-15 14:39:38.780631+00	2022-06-15 14:39:38.780631+00
96686	AP	1000000	(0,0)	2022-06-15 14:39:38.780631+00	2022-06-15 14:39:38.780631+00
96691	AP	1000000	(0,0)	2022-06-15 14:39:38.780631+00	2022-06-15 14:39:38.780631+00
96692	AP	1000000	(0,0)	2022-06-15 14:39:38.780631+00	2022-06-15 14:39:38.780631+00
96693	AP	1000000	(0,0)	2022-06-15 14:39:38.780631+00	2022-06-15 14:39:38.780631+00
96694	AP	1000000	(0,0)	2022-06-15 14:39:38.780631+00	2022-06-15 14:39:38.780631+00
96695	AP	1000000	(0,0)	2022-06-15 14:39:38.780631+00	2022-06-15 14:39:38.780631+00
96696	AP	1000000	(0,0)	2022-06-15 14:39:38.780631+00	2022-06-15 14:39:38.780631+00
96698	AP	1000000	(0,0)	2022-06-15 14:39:38.780631+00	2022-06-15 14:39:38.780631+00
601	PR	16001	(18.16,-66.72)	2022-06-15 14:39:38.780631+00	2022-06-15 14:39:38.780631+00
602	PR	19801	(18.38,-67.18)	2022-06-15 14:39:38.780631+00	2022-06-15 14:39:38.780631+00
603	PR	18973	(18.43,-67.15)	2022-06-15 14:39:38.780631+00	2022-06-15 14:39:38.780631+00
604	PR	0	(18.43,-67.15)	2022-06-15 14:39:38.780631+00	2022-06-15 14:39:38.780631+00
605	PR	0	(18.43,-67.15)	2022-06-15 14:39:38.780631+00	2022-06-15 14:39:38.780631+00
606	PR	15298	(18.18,-66.98)	2022-06-15 14:39:38.780631+00	2022-06-15 14:39:38.780631+00
610	PR	23612	(18.28,-67.14)	2022-06-15 14:39:38.780631+00	2022-06-15 14:39:38.780631+00
611	PR	0	(18.28,-66.79)	2022-06-15 14:39:38.780631+00	2022-06-15 14:39:38.780631+00
612	PR	24339	(18.45,-66.73)	2022-06-15 14:39:38.780631+00	2022-06-15 14:39:38.780631+00
613	PR	0	(18.45,-66.73)	2022-06-15 14:39:38.780631+00	2022-06-15 14:39:38.780631+00
614	PR	0	(18.45,-66.73)	2022-06-15 14:39:38.780631+00	2022-06-15 14:39:38.780631+00
616	PR	20805	(18.42,-66.67)	2022-06-15 14:39:38.780631+00	2022-06-15 14:39:38.780631+00
617	PR	19838	(18.45,-66.56)	2022-06-15 14:39:38.780631+00	2022-06-15 14:39:38.780631+00
622	PR	17290	(17.99,-67.15)	2022-06-15 14:39:38.780631+00	2022-06-15 14:39:38.780631+00
623	PR	20448	(18.08,-67.14)	2022-06-15 14:39:38.780631+00	2022-06-15 14:39:38.780631+00
624	PR	19342	(18.06,-66.72)	2022-06-15 14:39:38.780631+00	2022-06-15 14:39:38.780631+00
627	PR	20616	(18.48,-66.84)	2022-06-15 14:39:38.780631+00	2022-06-15 14:39:38.780631+00
631	PR	12188	(18.19,-66.82)	2022-06-15 14:39:38.780631+00	2022-06-15 14:39:38.780631+00
636	PR	0	(18.15,-67.06)	2022-06-15 14:39:38.780631+00	2022-06-15 14:39:38.780631+00
637	PR	22106	(18.08,-66.96)	2022-06-15 14:39:38.780631+00	2022-06-15 14:39:38.780631+00
638	PR	18914	(18.33,-66.47)	2022-06-15 14:39:38.780631+00	2022-06-15 14:39:38.780631+00
641	PR	19972	(18.27,-66.7)	2022-06-15 14:39:38.780631+00	2022-06-15 14:39:38.780631+00
646	PR	37357	(18.47,-66.27)	2022-06-15 14:39:38.780631+00	2022-06-15 14:39:38.780631+00
647	PR	17659	(17.96,-66.94)	2022-06-15 14:39:38.780631+00	2022-06-15 14:39:38.780631+00
650	PR	22310	(18.36,-66.56)	2022-06-15 14:39:38.780631+00	2022-06-15 14:39:38.780631+00
652	PR	24154	(18.45,-66.6)	2022-06-15 14:39:38.780631+00	2022-06-15 14:39:38.780631+00
653	PR	15234	(17.99,-66.89)	2022-06-15 14:39:38.780631+00	2022-06-15 14:39:38.780631+00
656	PR	19699	(18.02,-66.79)	2022-06-15 14:39:38.780631+00	2022-06-15 14:39:38.780631+00
659	PR	23679	(18.48,-66.82)	2022-06-15 14:39:38.780631+00	2022-06-15 14:39:38.780631+00
660	PR	23658	(18.14,-67.12)	2022-06-15 14:39:38.780631+00	2022-06-15 14:39:38.780631+00
662	PR	18840	(18.5,-67.02)	2022-06-15 14:39:38.780631+00	2022-06-15 14:39:38.780631+00
664	PR	17403	(18.22,-66.59)	2022-06-15 14:39:38.780631+00	2022-06-15 14:39:38.780631+00
667	PR	16166	(18.04,-67.06)	2022-06-15 14:39:38.780631+00	2022-06-15 14:39:38.780631+00
669	PR	19540	(18.29,-66.88)	2022-06-15 14:39:38.780631+00	2022-06-15 14:39:38.780631+00
670	PR	17861	(18.27,-67.06)	2022-06-15 14:39:38.780631+00	2022-06-15 14:39:38.780631+00
674	PR	23424	(18.43,-66.48)	2022-06-15 14:39:38.780631+00	2022-06-15 14:39:38.780631+00
676	PR	18630	(18.39,-67.11)	2022-06-15 14:39:38.780631+00	2022-06-15 14:39:38.780631+00
677	PR	29440	(18.34,-67.25)	2022-06-15 14:39:38.780631+00	2022-06-15 14:39:38.780631+00
678	PR	20992	(18.47,-66.93)	2022-06-15 14:39:38.780631+00	2022-06-15 14:39:38.780631+00
680	PR	20674	(18.2,-67.14)	2022-06-15 14:39:38.780631+00	2022-06-15 14:39:38.780631+00
681	PR	0	(18.2,-67.14)	2022-06-15 14:39:38.780631+00	2022-06-15 14:39:38.780631+00
682	PR	20240	(18.22,-67.16)	2022-06-15 14:39:38.780631+00	2022-06-15 14:39:38.780631+00
683	PR	21870	(18.08,-67.04)	2022-06-15 14:39:38.780631+00	2022-06-15 14:39:38.780631+00
685	PR	18690	(18.33,-66.99)	2022-06-15 14:39:38.780631+00	2022-06-15 14:39:38.780631+00
687	PR	22147	(18.32,-66.4)	2022-06-15 14:39:38.780631+00	2022-06-15 14:39:38.780631+00
688	PR	20520	(18.38,-66.62)	2022-06-15 14:39:38.780631+00	2022-06-15 14:39:38.780631+00
690	PR	22042	(18.49,-67.09)	2022-06-15 14:39:38.780631+00	2022-06-15 14:39:38.780631+00
692	PR	23253	(18.41,-66.32)	2022-06-15 14:39:38.780631+00	2022-06-15 14:39:38.780631+00
693	PR	24677	(18.44,-66.39)	2022-06-15 14:39:38.780631+00	2022-06-15 14:39:38.780631+00
694	PR	0	(18.48,-66.39)	2022-06-15 14:39:38.780631+00	2022-06-15 14:39:38.780631+00
698	PR	20794	(18.03,-66.86)	2022-06-15 14:39:38.780631+00	2022-06-15 14:39:38.780631+00
703	PR	21940	(18.25,-66.1)	2022-06-15 14:39:38.780631+00	2022-06-15 14:39:38.780631+00
704	PR	20742	(17.96,-66.22)	2022-06-15 14:39:38.780631+00	2022-06-15 14:39:38.780631+00
705	PR	23627	(18.14,-66.26)	2022-06-15 14:39:38.780631+00	2022-06-15 14:39:38.780631+00
707	PR	23232	(18,-65.9)	2022-06-15 14:39:38.780631+00	2022-06-15 14:39:38.780631+00
714	PR	19524	(17.97,-66.06)	2022-06-15 14:39:38.780631+00	2022-06-15 14:39:38.780631+00
715	PR	13750	(18.01,-66.56)	2022-06-15 14:39:38.780631+00	2022-06-15 14:39:38.780631+00
716	PR	21350	(17.98,-66.6)	2022-06-15 14:39:38.780631+00	2022-06-15 14:39:38.780631+00
717	PR	16926	(18,-66.61)	2022-06-15 14:39:38.780631+00	2022-06-15 14:39:38.780631+00
718	PR	21011	(18.21,-65.73)	2022-06-15 14:39:38.780631+00	2022-06-15 14:39:38.780631+00
719	PR	23625	(18.3,-66.24)	2022-06-15 14:39:38.780631+00	2022-06-15 14:39:38.780631+00
720	PR	16709	(18.22,-66.39)	2022-06-15 14:39:38.780631+00	2022-06-15 14:39:38.780631+00
721	PR	0	(18.37,-65.77)	2022-06-15 14:39:38.780631+00	2022-06-15 14:39:38.780631+00
723	PR	19915	(18,-66.01)	2022-06-15 14:39:38.780631+00	2022-06-15 14:39:38.780631+00
725	PR	26273	(18.23,-66.03)	2022-06-15 14:39:38.780631+00	2022-06-15 14:39:38.780631+00
726	PR	0	(18.23,-66.03)	2022-06-15 14:39:38.780631+00	2022-06-15 14:39:38.780631+00
727	PR	37017	(18.22,-66.07)	2022-06-15 14:39:38.780631+00	2022-06-15 14:39:38.780631+00
728	PR	22100	(17.99,-66.66)	2022-06-15 14:39:38.780631+00	2022-06-15 14:39:38.780631+00
729	PR	26701	(18.37,-65.9)	2022-06-15 14:39:38.780631+00	2022-06-15 14:39:38.780631+00
730	PR	19328	(18.03,-66.62)	2022-06-15 14:39:38.780631+00	2022-06-15 14:39:38.780631+00
731	PR	19853	(18.11,-66.63)	2022-06-15 14:39:38.780631+00	2022-06-15 14:39:38.780631+00
732	PR	0	(17.98,-66.6)	2022-06-15 14:39:38.780631+00	2022-06-15 14:39:38.780631+00
733	PR	0	(17.98,-66.6)	2022-06-15 14:39:38.780631+00	2022-06-15 14:39:38.780631+00
734	PR	0	(17.98,-66.6)	2022-06-15 14:39:38.780631+00	2022-06-15 14:39:38.780631+00
735	PR	22403	(18.25,-65.68)	2022-06-15 14:39:38.780631+00	2022-06-15 14:39:38.780631+00
736	PR	25507	(18.11,-66.16)	2022-06-15 14:39:38.780631+00	2022-06-15 14:39:38.780631+00
737	PR	0	(18.11,-66.16)	2022-06-15 14:39:38.780631+00	2022-06-15 14:39:38.780631+00
738	PR	24045	(18.33,-65.65)	2022-06-15 14:39:38.780631+00	2022-06-15 14:39:38.780631+00
739	PR	22474	(18.17,-66.15)	2022-06-15 14:39:38.780631+00	2022-06-15 14:39:38.780631+00
740	PR	15061	(18.33,-65.63)	2022-06-15 14:39:38.780631+00	2022-06-15 14:39:38.780631+00
741	PR	25750	(18.16,-65.75)	2022-06-15 14:39:38.780631+00	2022-06-15 14:39:38.780631+00
742	PR	0	(18.27,-65.65)	2022-06-15 14:39:38.780631+00	2022-06-15 14:39:38.780631+00
744	PR	0	(18.22,-65.79)	2022-06-15 14:39:38.780631+00	2022-06-15 14:39:38.780631+00
745	PR	27260	(18.38,-65.83)	2022-06-15 14:39:38.780631+00	2022-06-15 14:39:38.780631+00
751	PR	21315	(17.97,-66.29)	2022-06-15 14:39:38.780631+00	2022-06-15 14:39:38.780631+00
754	PR	23476	(18.19,-65.96)	2022-06-15 14:39:38.780631+00	2022-06-15 14:39:38.780631+00
757	PR	23965	(17.97,-66.4)	2022-06-15 14:39:38.780631+00	2022-06-15 14:39:38.780631+00
765	PR	22301	(18.13,-65.44)	2022-06-15 14:39:38.780631+00	2022-06-15 14:39:38.780631+00
766	PR	23195	(18.13,-66.48)	2022-06-15 14:39:38.780631+00	2022-06-15 14:39:38.780631+00
767	PR	20785	(18.04,-65.87)	2022-06-15 14:39:38.780631+00	2022-06-15 14:39:38.780631+00
769	PR	24221	(18.08,-66.36)	2022-06-15 14:39:38.780631+00	2022-06-15 14:39:38.780631+00
771	PR	25175	(18.18,-65.86)	2022-06-15 14:39:38.780631+00	2022-06-15 14:39:38.780631+00
772	PR	20101	(18.43,-65.88)	2022-06-15 14:39:38.780631+00	2022-06-15 14:39:38.780631+00
773	PR	25135	(18.37,-65.71)	2022-06-15 14:39:38.780631+00	2022-06-15 14:39:38.780631+00
775	PR	33625	(18.33,-65.3)	2022-06-15 14:39:38.780631+00	2022-06-15 14:39:38.780631+00
777	PR	21426	(18.22,-65.91)	2022-06-15 14:39:38.780631+00	2022-06-15 14:39:38.780631+00
778	PR	39044	(18.25,-65.97)	2022-06-15 14:39:38.780631+00	2022-06-15 14:39:38.780631+00
780	PR	23592	(18.09,-66.57)	2022-06-15 14:39:38.780631+00	2022-06-15 14:39:38.780631+00
782	PR	16700	(18.22,-66.22)	2022-06-15 14:39:38.780631+00	2022-06-15 14:39:38.780631+00
783	PR	17808	(18.34,-66.31)	2022-06-15 14:39:38.780631+00	2022-06-15 14:39:38.780631+00
784	PR	21116	(17.97,-66.11)	2022-06-15 14:39:38.780631+00	2022-06-15 14:39:38.780631+00
785	PR	0	(17.97,-66.11)	2022-06-15 14:39:38.780631+00	2022-06-15 14:39:38.780631+00
786	PR	37552	(18.16,-66.23)	2022-06-15 14:39:38.780631+00	2022-06-15 14:39:38.780631+00
791	PR	25582	(18.15,-65.81)	2022-06-15 14:39:38.780631+00	2022-06-15 14:39:38.780631+00
792	PR	0	(18.15,-65.81)	2022-06-15 14:39:38.780631+00	2022-06-15 14:39:38.780631+00
794	PR	19682	(18.18,-66.3)	2022-06-15 14:39:38.780631+00	2022-06-15 14:39:38.780631+00
795	PR	23528	(18.05,-66.5)	2022-06-15 14:39:38.780631+00	2022-06-15 14:39:38.780631+00
801	VI	0	(18.35,-64.93)	2022-06-15 14:39:38.780631+00	2022-06-15 14:39:38.780631+00
802	VI	0	(18.35,-64.93)	2022-06-15 14:39:38.780631+00	2022-06-15 14:39:38.780631+00
803	VI	0	(18.35,-64.93)	2022-06-15 14:39:38.780631+00	2022-06-15 14:39:38.780631+00
804	VI	0	(18.35,-64.93)	2022-06-15 14:39:38.780631+00	2022-06-15 14:39:38.780631+00
805	VI	0	(18.34,-64.93)	2022-06-15 14:39:38.780631+00	2022-06-15 14:39:38.780631+00
820	VI	0	(17.74,-64.7)	2022-06-15 14:39:38.780631+00	2022-06-15 14:39:38.780631+00
821	VI	0	(17.74,-64.7)	2022-06-15 14:39:38.780631+00	2022-06-15 14:39:38.780631+00
822	VI	0	(17.74,-64.7)	2022-06-15 14:39:38.780631+00	2022-06-15 14:39:38.780631+00
823	VI	0	(17.74,-64.7)	2022-06-15 14:39:38.780631+00	2022-06-15 14:39:38.780631+00
824	VI	0	(17.74,-64.7)	2022-06-15 14:39:38.780631+00	2022-06-15 14:39:38.780631+00
830	VI	0	(18.33,-64.79)	2022-06-15 14:39:38.780631+00	2022-06-15 14:39:38.780631+00
831	VI	0	(18.33,-64.79)	2022-06-15 14:39:38.780631+00	2022-06-15 14:39:38.780631+00
840	VI	0	(17.71,-64.88)	2022-06-15 14:39:38.780631+00	2022-06-15 14:39:38.780631+00
841	VI	0	(17.71,-64.88)	2022-06-15 14:39:38.780631+00	2022-06-15 14:39:38.780631+00
850	VI	0	(17.76,-64.82)	2022-06-15 14:39:38.780631+00	2022-06-15 14:39:38.780631+00
851	VI	0	(17.73,-64.8)	2022-06-15 14:39:38.780631+00	2022-06-15 14:39:38.780631+00
901	PR	40839	(18.47,-66.1)	2022-06-15 14:39:38.780631+00	2022-06-15 14:39:38.780631+00
902	PR	0	(18.4,-66.06)	2022-06-15 14:39:38.780631+00	2022-06-15 14:39:38.780631+00
906	PR	0	(18.46,-66.09)	2022-06-15 14:39:38.780631+00	2022-06-15 14:39:38.780631+00
907	PR	54813	(18.45,-66.08)	2022-06-15 14:39:38.780631+00	2022-06-15 14:39:38.780631+00
908	PR	0	(18.4,-66.06)	2022-06-15 14:39:38.780631+00	2022-06-15 14:39:38.780631+00
909	PR	24201	(18.44,-66.07)	2022-06-15 14:39:38.780631+00	2022-06-15 14:39:38.780631+00
910	PR	0	(18.4,-66.06)	2022-06-15 14:39:38.780631+00	2022-06-15 14:39:38.780631+00
911	PR	52912	(18.45,-66.06)	2022-06-15 14:39:38.780631+00	2022-06-15 14:39:38.780631+00
912	PR	28107	(18.45,-66.06)	2022-06-15 14:39:38.780631+00	2022-06-15 14:39:38.780631+00
913	PR	4506	(18.45,-66.04)	2022-06-15 14:39:38.780631+00	2022-06-15 14:39:38.780631+00
914	PR	0	(18.4,-66.06)	2022-06-15 14:39:38.780631+00	2022-06-15 14:39:38.780631+00
915	PR	15508	(18.44,-66.05)	2022-06-15 14:39:38.780631+00	2022-06-15 14:39:38.780631+00
916	PR	0	(18.4,-66.06)	2022-06-15 14:39:38.780631+00	2022-06-15 14:39:38.780631+00
917	PR	21911	(18.42,-66.05)	2022-06-15 14:39:38.780631+00	2022-06-15 14:39:38.780631+00
918	PR	43022	(18.42,-66.07)	2022-06-15 14:39:38.780631+00	2022-06-15 14:39:38.780631+00
919	PR	0	(18.4,-66.06)	2022-06-15 14:39:38.780631+00	2022-06-15 14:39:38.780631+00
920	PR	33612	(18.41,-66.09)	2022-06-15 14:39:38.780631+00	2022-06-15 14:39:38.780631+00
921	PR	23803	(18.39,-66.09)	2022-06-15 14:39:38.780631+00	2022-06-15 14:39:38.780631+00
922	PR	0	(18.4,-66.06)	2022-06-15 14:39:38.780631+00	2022-06-15 14:39:38.780631+00
923	PR	18466	(18.41,-66.04)	2022-06-15 14:39:38.780631+00	2022-06-15 14:39:38.780631+00
924	PR	20848	(18.4,-66.01)	2022-06-15 14:39:38.780631+00	2022-06-15 14:39:38.780631+00
925	PR	17024	(18.4,-66.05)	2022-06-15 14:39:38.780631+00	2022-06-15 14:39:38.780631+00
926	PR	45197	(18.35,-66.05)	2022-06-15 14:39:38.780631+00	2022-06-15 14:39:38.780631+00
927	PR	51667	(18.4,-66.06)	2022-06-15 14:39:38.780631+00	2022-06-15 14:39:38.780631+00
928	PR	0	(18.4,-66.06)	2022-06-15 14:39:38.780631+00	2022-06-15 14:39:38.780631+00
929	PR	0	(18.4,-66.06)	2022-06-15 14:39:38.780631+00	2022-06-15 14:39:38.780631+00
930	PR	0	(18.4,-66.06)	2022-06-15 14:39:38.780631+00	2022-06-15 14:39:38.780631+00
931	PR	0	(18.4,-66.06)	2022-06-15 14:39:38.780631+00	2022-06-15 14:39:38.780631+00
933	PR	0	(18.4,-66.06)	2022-06-15 14:39:38.780631+00	2022-06-15 14:39:38.780631+00
934	PR	0	(18.41,-66.12)	2022-06-15 14:39:38.780631+00	2022-06-15 14:39:38.780631+00
935	PR	0	(18.4,-66.06)	2022-06-15 14:39:38.780631+00	2022-06-15 14:39:38.780631+00
936	PR	0	(18.4,-66.07)	2022-06-15 14:39:38.780631+00	2022-06-15 14:39:38.780631+00
937	PR	0	(18.4,-66.06)	2022-06-15 14:39:38.780631+00	2022-06-15 14:39:38.780631+00
939	PR	0	(18.4,-66.06)	2022-06-15 14:39:38.780631+00	2022-06-15 14:39:38.780631+00
940	PR	0	(18.4,-66.06)	2022-06-15 14:39:38.780631+00	2022-06-15 14:39:38.780631+00
949	PR	32175	(18.44,-66.25)	2022-06-15 14:39:38.780631+00	2022-06-15 14:39:38.780631+00
950	PR	0	(18.46,-66.23)	2022-06-15 14:39:38.780631+00	2022-06-15 14:39:38.780631+00
951	PR	0	(18.43,-66.25)	2022-06-15 14:39:38.780631+00	2022-06-15 14:39:38.780631+00
952	PR	18679	(18.42,-66.19)	2022-06-15 14:39:38.780631+00	2022-06-15 14:39:38.780631+00
953	PR	34545	(18.39,-66.25)	2022-06-15 14:39:38.780631+00	2022-06-15 14:39:38.780631+00
954	PR	0	(18.39,-66.25)	2022-06-15 14:39:38.780631+00	2022-06-15 14:39:38.780631+00
955	PR	0	(18.4,-66.06)	2022-06-15 14:39:38.780631+00	2022-06-15 14:39:38.780631+00
956	PR	27862	(18.32,-66.17)	2022-06-15 14:39:38.780631+00	2022-06-15 14:39:38.780631+00
957	PR	30522	(18.37,-66.19)	2022-06-15 14:39:38.780631+00	2022-06-15 14:39:38.780631+00
958	PR	0	(18.28,-66.13)	2022-06-15 14:39:38.780631+00	2022-06-15 14:39:38.780631+00
959	PR	36643	(18.39,-66.15)	2022-06-15 14:39:38.780631+00	2022-06-15 14:39:38.780631+00
960	PR	0	(18.42,-66.15)	2022-06-15 14:39:38.780631+00	2022-06-15 14:39:38.780631+00
961	PR	36292	(18.41,-66.17)	2022-06-15 14:39:38.780631+00	2022-06-15 14:39:38.780631+00
962	PR	18520	(18.44,-66.15)	2022-06-15 14:39:38.780631+00	2022-06-15 14:39:38.780631+00
963	PR	0	(18.43,-66.11)	2022-06-15 14:39:38.780631+00	2022-06-15 14:39:38.780631+00
965	PR	19460	(18.43,-66.11)	2022-06-15 14:39:38.780631+00	2022-06-15 14:39:38.780631+00
966	PR	65114	(18.4,-66.12)	2022-06-15 14:39:38.780631+00	2022-06-15 14:39:38.780631+00
968	PR	88869	(18.41,-66.1)	2022-06-15 14:39:38.780631+00	2022-06-15 14:39:38.780631+00
969	PR	58539	(18.38,-66.11)	2022-06-15 14:39:38.780631+00	2022-06-15 14:39:38.780631+00
970	PR	0	(18.38,-66.11)	2022-06-15 14:39:38.780631+00	2022-06-15 14:39:38.780631+00
971	PR	29418	(18.32,-66.12)	2022-06-15 14:39:38.780631+00	2022-06-15 14:39:38.780631+00
975	PR	0	(18.4,-66.06)	2022-06-15 14:39:38.780631+00	2022-06-15 14:39:38.780631+00
976	PR	39346	(18.36,-66.01)	2022-06-15 14:39:38.780631+00	2022-06-15 14:39:38.780631+00
977	PR	0	(18.36,-66.01)	2022-06-15 14:39:38.780631+00	2022-06-15 14:39:38.780631+00
978	PR	0	(18.37,-66.01)	2022-06-15 14:39:38.780631+00	2022-06-15 14:39:38.780631+00
979	PR	47639	(18.44,-66.03)	2022-06-15 14:39:38.780631+00	2022-06-15 14:39:38.780631+00
981	PR	0	(18.4,-65.98)	2022-06-15 14:39:38.780631+00	2022-06-15 14:39:38.780631+00
982	PR	28143	(18.41,-65.99)	2022-06-15 14:39:38.780631+00	2022-06-15 14:39:38.780631+00
983	PR	30010	(18.4,-65.98)	2022-06-15 14:39:38.780631+00	2022-06-15 14:39:38.780631+00
984	PR	0	(18.4,-65.98)	2022-06-15 14:39:38.780631+00	2022-06-15 14:39:38.780631+00
985	PR	31349	(18.41,-65.95)	2022-06-15 14:39:38.780631+00	2022-06-15 14:39:38.780631+00
986	PR	0	(18.4,-65.98)	2022-06-15 14:39:38.780631+00	2022-06-15 14:39:38.780631+00
987	PR	37438	(18.34,-65.94)	2022-06-15 14:39:38.780631+00	2022-06-15 14:39:38.780631+00
988	PR	0	(18.4,-65.98)	2022-06-15 14:39:38.780631+00	2022-06-15 14:39:38.780631+00
96799	AS	0	(-14.27,-170.7)	2022-06-15 14:39:38.780631+00	2022-06-15 14:39:38.780631+00
96910	GU	0	(13.47,144.74)	2022-06-15 14:39:38.780631+00	2022-06-15 14:39:38.780631+00
96912	GU	0	(13.51,144.83)	2022-06-15 14:39:38.780631+00	2022-06-15 14:39:38.780631+00
96913	GU	0	(13.46,144.79)	2022-06-15 14:39:38.780631+00	2022-06-15 14:39:38.780631+00
96915	GU	0	(13.38,144.66)	2022-06-15 14:39:38.780631+00	2022-06-15 14:39:38.780631+00
96916	GU	0	(13.26,144.66)	2022-06-15 14:39:38.780631+00	2022-06-15 14:39:38.780631+00
96917	GU	0	(13.27,144.74)	2022-06-15 14:39:38.780631+00	2022-06-15 14:39:38.780631+00
96919	GU	0	(13.46,144.74)	2022-06-15 14:39:38.780631+00	2022-06-15 14:39:38.780631+00
96921	GU	0	(13.46,144.79)	2022-06-15 14:39:38.780631+00	2022-06-15 14:39:38.780631+00
96923	GU	0	(13.43,144.79)	2022-06-15 14:39:38.780631+00	2022-06-15 14:39:38.780631+00
96928	GU	0	(13.38,144.65)	2022-06-15 14:39:38.780631+00	2022-06-15 14:39:38.780631+00
96929	GU	0	(13.53,144.88)	2022-06-15 14:39:38.780631+00	2022-06-15 14:39:38.780631+00
96931	GU	0	(13.48,144.77)	2022-06-15 14:39:38.780631+00	2022-06-15 14:39:38.780631+00
96932	GU	0	(13.47,144.74)	2022-06-15 14:39:38.780631+00	2022-06-15 14:39:38.780631+00
96939	PW	0	(7.51,134.58)	2022-06-15 14:39:38.780631+00	2022-06-15 14:39:38.780631+00
96940	PW	0	(7.5,134.5)	2022-06-15 14:39:38.780631+00	2022-06-15 14:39:38.780631+00
96941	FM	0	(6.85,158.26)	2022-06-15 14:39:38.780631+00	2022-06-15 14:39:38.780631+00
96942	FM	0	(7.33,151.8)	2022-06-15 14:39:38.780631+00	2022-06-15 14:39:38.780631+00
96943	FM	0	(9.5,138.14)	2022-06-15 14:39:38.780631+00	2022-06-15 14:39:38.780631+00
96944	FM	0	(5.29,162.97)	2022-06-15 14:39:38.780631+00	2022-06-15 14:39:38.780631+00
96950	MP	0	(15.17,145.75)	2022-06-15 14:39:38.780631+00	2022-06-15 14:39:38.780631+00
96951	MP	0	(14.15,145.21)	2022-06-15 14:39:38.780631+00	2022-06-15 14:39:38.780631+00
96952	MP	0	(15,145.63)	2022-06-15 14:39:38.780631+00	2022-06-15 14:39:38.780631+00
96960	MH	0	(7.11,171.18)	2022-06-15 14:39:38.780631+00	2022-06-15 14:39:38.780631+00
96970	MH	0	(8.78,167.73)	2022-06-15 14:39:38.780631+00	2022-06-15 14:39:38.780631+00
\.


--
-- Data for Name: schools; Type: TABLE DATA; Schema: upchieve; Owner: admin
--

COPY upchieve.schools (id, name, approved, partner, city_id, created_at, updated_at, mongo_id, legacy_city_name) FROM stdin;
018167ce-46ae-8aec-1496-7203072c223c	Unapproved School	f	f	1	2022-06-15 14:39:40.720226+00	2022-06-15 14:39:40.720226+00	\N	\N
018167ce-46ae-6bea-39dc-6ec6ac35e5aa	Approved School	t	f	1	2022-06-15 14:39:40.722299+00	2022-06-15 14:39:40.722299+00	\N	\N
018167ce-46ae-3a17-4748-f9401fcc20a5	Approved Partner School	t	t	2	2022-06-15 14:39:40.723424+00	2022-06-15 14:39:40.723424+00	\N	\N
018167ce-46ae-2eba-0a99-30c0d631d4be	Another Approved Partner School	t	t	2	2022-06-15 14:39:40.724757+00	2022-06-15 14:39:40.724757+00	\N	\N
\.


--
-- Data for Name: ineligible_students; Type: TABLE DATA; Schema: upchieve; Owner: admin
--

COPY upchieve.ineligible_students (id, email, postal_code, ip_address_id, school_id, grade_level_id, created_at, updated_at, mongo_id, referred_by) FROM stdin;
\.


--
-- Data for Name: legacy_availability_histories; Type: TABLE DATA; Schema: upchieve; Owner: admin
--

COPY upchieve.legacy_availability_histories (id, mongo_id, user_id, timezone, recorded_at, legacy_availability, created_at, updated_at) FROM stdin;
\.


--
-- Data for Name: notification_methods; Type: TABLE DATA; Schema: upchieve; Owner: admin
--

COPY upchieve.notification_methods (id, method, created_at, updated_at) FROM stdin;
1	sms	2022-06-15 14:39:38.674641+00	2022-06-15 14:39:38.674641+00
2	push	2022-06-15 14:39:38.675764+00	2022-06-15 14:39:38.675764+00
3	voice	2022-06-15 14:39:38.676618+00	2022-06-15 14:39:38.676618+00
4	email	2022-06-15 14:39:38.677684+00	2022-06-15 14:39:38.677684+00
\.


--
-- Data for Name: notification_priority_groups; Type: TABLE DATA; Schema: upchieve; Owner: admin
--

COPY upchieve.notification_priority_groups (id, name, priority, created_at, updated_at) FROM stdin;
1	follow-up	-1	2022-06-15 14:39:38.679052+00	2022-06-15 14:39:38.679052+00
11	LEGACY: Regular volunteers - not notified in the last 7 days	-1	2022-06-15 14:39:38.693412+00	2022-06-15 14:39:38.693412+00
12	LEGACY: Partner volunteers - not notified in the last 7 days	-1	2022-06-15 14:39:38.69453+00	2022-06-15 14:39:38.69453+00
13	LEGACY: Partner volunteers - not notified in the last 3 days	-1	2022-06-15 14:39:38.695401+00	2022-06-15 14:39:38.695401+00
14	LEGACY: All volunteers - not notified in the last 15 mins who don't have "high level subjects"	-1	2022-06-15 14:39:38.696404+00	2022-06-15 14:39:38.696404+00
15	LEGACY: Mizuho and Atlassian volunteers - Not notified in last 3 days	-1	2022-06-15 14:39:38.697272+00	2022-06-15 14:39:38.697272+00
16	LEGACY: null	-1	2022-06-15 14:39:38.698687+00	2022-06-15 14:39:38.698687+00
2	Partner volunteers - not notified in the last 3 days AND they don't have "high level subjects"	20	2022-06-15 14:39:38.680124+00	2022-06-15 14:39:38.769848+00
3	Regular volunteers - not notified in the last 3 days AND they don't have "high level subjects"	30	2022-06-15 14:39:38.681401+00	2022-06-15 14:39:38.769848+00
4	Partner volunteers - not notified in the last 24 hours AND they don't have "high level subjects"	40	2022-06-15 14:39:38.682736+00	2022-06-15 14:39:38.769848+00
5	Regular volunteers - not notified in the last 24 hours AND they don't have "high level subjects"	50	2022-06-15 14:39:38.683819+00	2022-06-15 14:39:38.769848+00
6	All volunteers - not notified in the last 24 hours	60	2022-06-15 14:39:38.687771+00	2022-06-15 14:39:38.769848+00
7	All volunteers - not notified in the last 60 mins	70	2022-06-15 14:39:38.688839+00	2022-06-15 14:39:38.769848+00
8	All volunteers - not notified in the last 15 mins	80	2022-06-15 14:39:38.690409+00	2022-06-15 14:39:38.769848+00
9	Verizon volunteers - not notified in the last 24 hours AND they don't have "high level subjects"	90	2022-06-15 14:39:38.691463+00	2022-06-15 14:39:38.769848+00
10	Verizon volunteers - not notified in the last 3 days AND they don't have "high level subjects"	100	2022-06-15 14:39:38.692661+00	2022-06-15 14:39:38.769848+00
17	Favorite volunteers - not notified in the last 15 mins	10	2022-06-15 14:39:38.769848+00	2022-06-15 14:39:38.769848+00
18	Associated partner volunteers - not notified in the last 24 hours AND they don't have "high level subjects"	85	2022-06-15 14:39:38.800489+00	2022-06-15 14:39:38.800489+00
19	Associated partner volunteers - not notified in the last 3 days AND they don't have "high level subjects"	95	2022-06-15 14:39:38.800489+00	2022-06-15 14:39:38.800489+00
\.


--
-- Data for Name: notification_types; Type: TABLE DATA; Schema: upchieve; Owner: admin
--

COPY upchieve.notification_types (id, type, created_at, updated_at) FROM stdin;
1	initial	2022-06-15 14:39:38.672331+00	2022-06-15 14:39:38.672331+00
2	followup	2022-06-15 14:39:38.673484+00	2022-06-15 14:39:38.673484+00
\.


--
-- Data for Name: notifications; Type: TABLE DATA; Schema: upchieve; Owner: admin
--

COPY upchieve.notifications (id, user_id, sent_at, type_id, method_id, priority_group_id, successful, session_id, message_carrier_id, created_at, updated_at, mongo_id) FROM stdin;
\.


--
-- Data for Name: photo_id_statuses; Type: TABLE DATA; Schema: upchieve; Owner: admin
--

COPY upchieve.photo_id_statuses (id, name, created_at, updated_at) FROM stdin;
1	approved	2022-06-15 14:39:38.169076+00	2022-06-15 14:39:38.169076+00
2	submitted	2022-06-15 14:39:38.1702+00	2022-06-15 14:39:38.1702+00
3	rejected	2022-06-15 14:39:38.171257+00	2022-06-15 14:39:38.171257+00
4	empty	2022-06-15 14:39:38.172173+00	2022-06-15 14:39:38.172173+00
\.


--
-- Data for Name: pre_session_surveys; Type: TABLE DATA; Schema: upchieve; Owner: admin
--

COPY upchieve.pre_session_surveys (id, response_data, session_id, user_id, created_at, updated_at, mongo_id) FROM stdin;
\.


--
-- Data for Name: push_tokens; Type: TABLE DATA; Schema: upchieve; Owner: admin
--

COPY upchieve.push_tokens (id, user_id, token, created_at, updated_at) FROM stdin;
\.


--
-- Data for Name: question_tags; Type: TABLE DATA; Schema: upchieve; Owner: admin
--

COPY upchieve.question_tags (id, name) FROM stdin;
\.


--
-- Data for Name: question_types; Type: TABLE DATA; Schema: upchieve; Owner: admin
--

COPY upchieve.question_types (id, name) FROM stdin;
\.


--
-- Data for Name: quizzes; Type: TABLE DATA; Schema: upchieve; Owner: admin
--

COPY upchieve.quizzes (id, name, created_at, updated_at) FROM stdin;
1	prealgebra	2022-06-15 14:39:38.212654+00	2022-06-15 14:39:38.212654+00
2	statistics	2022-06-15 14:39:38.213807+00	2022-06-15 14:39:38.213807+00
3	geometry	2022-06-15 14:39:38.214822+00	2022-06-15 14:39:38.214822+00
4	biology	2022-06-15 14:39:38.215772+00	2022-06-15 14:39:38.215772+00
5	chemistry	2022-06-15 14:39:38.216587+00	2022-06-15 14:39:38.216587+00
6	physicsOne	2022-06-15 14:39:38.217524+00	2022-06-15 14:39:38.217524+00
7	physicsTwo	2022-06-15 14:39:38.218468+00	2022-06-15 14:39:38.218468+00
8	environmentalScience	2022-06-15 14:39:38.219307+00	2022-06-15 14:39:38.219307+00
9	essays	2022-06-15 14:39:38.220165+00	2022-06-15 14:39:38.220165+00
10	applications	2022-06-15 14:39:38.221111+00	2022-06-15 14:39:38.221111+00
11	planning	2022-06-15 14:39:38.222079+00	2022-06-15 14:39:38.222079+00
12	satMath	2022-06-15 14:39:38.223151+00	2022-06-15 14:39:38.223151+00
13	satReading	2022-06-15 14:39:38.224222+00	2022-06-15 14:39:38.224222+00
14	collegeCounseling	2022-06-15 14:39:38.225103+00	2022-06-15 14:39:38.225103+00
15	humanitiesEssays	2022-06-15 14:39:38.226169+00	2022-06-15 14:39:38.226169+00
16	algebraOne	2022-06-15 14:39:38.227106+00	2022-06-15 14:39:38.227106+00
17	algebraTwo	2022-06-15 14:39:38.228018+00	2022-06-15 14:39:38.228018+00
18	trigonometry	2022-06-15 14:39:38.228815+00	2022-06-15 14:39:38.228815+00
19	precalculus	2022-06-15 14:39:38.229784+00	2022-06-15 14:39:38.229784+00
20	calculusAB	2022-06-15 14:39:38.23078+00	2022-06-15 14:39:38.23078+00
21	calculusBC	2022-06-15 14:39:38.231713+00	2022-06-15 14:39:38.231713+00
22	upchieve101	2022-06-15 14:39:38.232693+00	2022-06-15 14:39:38.232693+00
23	reading	2022-06-15 14:39:38.233676+00	2022-06-15 14:39:38.233676+00
24	anatomy	2022-06-15 14:39:38.234608+00	2022-06-15 14:39:38.234608+00
\.


--
-- Data for Name: quiz_certification_grants; Type: TABLE DATA; Schema: upchieve; Owner: admin
--

COPY upchieve.quiz_certification_grants (quiz_id, certification_id, created_at, updated_at) FROM stdin;
1	1	2022-06-15 14:39:38.574889+00	2022-06-15 14:39:38.574889+00
2	2	2022-06-15 14:39:38.576171+00	2022-06-15 14:39:38.576171+00
3	3	2022-06-15 14:39:38.577283+00	2022-06-15 14:39:38.577283+00
4	4	2022-06-15 14:39:38.578254+00	2022-06-15 14:39:38.578254+00
5	5	2022-06-15 14:39:38.579246+00	2022-06-15 14:39:38.579246+00
6	6	2022-06-15 14:39:38.580528+00	2022-06-15 14:39:38.580528+00
7	7	2022-06-15 14:39:38.581621+00	2022-06-15 14:39:38.581621+00
8	8	2022-06-15 14:39:38.582748+00	2022-06-15 14:39:38.582748+00
9	9	2022-06-15 14:39:38.5837+00	2022-06-15 14:39:38.5837+00
10	10	2022-06-15 14:39:38.584757+00	2022-06-15 14:39:38.584757+00
11	11	2022-06-15 14:39:38.585684+00	2022-06-15 14:39:38.585684+00
12	12	2022-06-15 14:39:38.586962+00	2022-06-15 14:39:38.586962+00
13	13	2022-06-15 14:39:38.587934+00	2022-06-15 14:39:38.587934+00
14	11	2022-06-15 14:39:38.588873+00	2022-06-15 14:39:38.588873+00
14	10	2022-06-15 14:39:38.589854+00	2022-06-15 14:39:38.589854+00
15	15	2022-06-15 14:39:38.591055+00	2022-06-15 14:39:38.591055+00
17	16	2022-06-15 14:39:38.592221+00	2022-06-15 14:39:38.592221+00
17	17	2022-06-15 14:39:38.59328+00	2022-06-15 14:39:38.59328+00
17	1	2022-06-15 14:39:38.594162+00	2022-06-15 14:39:38.594162+00
16	16	2022-06-15 14:39:38.595061+00	2022-06-15 14:39:38.595061+00
16	1	2022-06-15 14:39:38.595942+00	2022-06-15 14:39:38.595942+00
18	18	2022-06-15 14:39:38.596868+00	2022-06-15 14:39:38.596868+00
19	16	2022-06-15 14:39:38.59785+00	2022-06-15 14:39:38.59785+00
19	17	2022-06-15 14:39:38.598808+00	2022-06-15 14:39:38.598808+00
19	1	2022-06-15 14:39:38.599912+00	2022-06-15 14:39:38.599912+00
19	18	2022-06-15 14:39:38.600963+00	2022-06-15 14:39:38.600963+00
19	19	2022-06-15 14:39:38.601935+00	2022-06-15 14:39:38.601935+00
20	16	2022-06-15 14:39:38.603126+00	2022-06-15 14:39:38.603126+00
20	17	2022-06-15 14:39:38.604297+00	2022-06-15 14:39:38.604297+00
20	1	2022-06-15 14:39:38.605184+00	2022-06-15 14:39:38.605184+00
20	18	2022-06-15 14:39:38.607054+00	2022-06-15 14:39:38.607054+00
20	19	2022-06-15 14:39:38.608103+00	2022-06-15 14:39:38.608103+00
20	20	2022-06-15 14:39:38.609173+00	2022-06-15 14:39:38.609173+00
21	16	2022-06-15 14:39:38.610069+00	2022-06-15 14:39:38.610069+00
21	17	2022-06-15 14:39:38.611361+00	2022-06-15 14:39:38.611361+00
21	1	2022-06-15 14:39:38.61227+00	2022-06-15 14:39:38.61227+00
21	18	2022-06-15 14:39:38.613182+00	2022-06-15 14:39:38.613182+00
21	19	2022-06-15 14:39:38.614177+00	2022-06-15 14:39:38.614177+00
21	20	2022-06-15 14:39:38.615033+00	2022-06-15 14:39:38.615033+00
21	21	2022-06-15 14:39:38.615927+00	2022-06-15 14:39:38.615927+00
23	22	2022-06-15 14:39:38.774553+00	2022-06-15 14:39:38.774553+00
\.


--
-- Data for Name: quiz_subcategories; Type: TABLE DATA; Schema: upchieve; Owner: admin
--

COPY upchieve.quiz_subcategories (id, name, quiz_id, created_at, updated_at) FROM stdin;
1	numbers	1	2022-06-15 14:39:38.236826+00	2022-06-15 14:39:38.236826+00
2	arithmetic properties	1	2022-06-15 14:39:38.238308+00	2022-06-15 14:39:38.238308+00
3	exponents	1	2022-06-15 14:39:38.239395+00	2022-06-15 14:39:38.239395+00
4	exponents and radicals	1	2022-06-15 14:39:38.24045+00	2022-06-15 14:39:38.24045+00
5	polynomials	1	2022-06-15 14:39:38.241597+00	2022-06-15 14:39:38.241597+00
6	fractions	1	2022-06-15 14:39:38.242664+00	2022-06-15 14:39:38.242664+00
7	linear equations	16	2022-06-15 14:39:38.243684+00	2022-06-15 14:39:38.243684+00
8	rational exponents and radicals	16	2022-06-15 14:39:38.244637+00	2022-06-15 14:39:38.244637+00
9	application of linear equations	16	2022-06-15 14:39:38.245594+00	2022-06-15 14:39:38.245594+00
10	two variable equations	16	2022-06-15 14:39:38.246486+00	2022-06-15 14:39:38.246486+00
11	rational expressions	16	2022-06-15 14:39:38.24752+00	2022-06-15 14:39:38.24752+00
12	complex numbers	16	2022-06-15 14:39:38.248405+00	2022-06-15 14:39:38.248405+00
13	functions_domain_range	17	2022-06-15 14:39:38.24966+00	2022-06-15 14:39:38.24966+00
14	higher_degree_polynomials	17	2022-06-15 14:39:38.250549+00	2022-06-15 14:39:38.250549+00
15	square_root_equations	17	2022-06-15 14:39:38.251565+00	2022-06-15 14:39:38.251565+00
16	roots_of_polynomials	17	2022-06-15 14:39:38.252587+00	2022-06-15 14:39:38.252587+00
17	multiply_polynomials_binomial	17	2022-06-15 14:39:38.253601+00	2022-06-15 14:39:38.253601+00
18	rational_radical_absolute	17	2022-06-15 14:39:38.254602+00	2022-06-15 14:39:38.254602+00
19	logarithms_properties	17	2022-06-15 14:39:38.255525+00	2022-06-15 14:39:38.255525+00
20	rational_expressions	17	2022-06-15 14:39:38.256428+00	2022-06-15 14:39:38.256428+00
21	systems_of_linear_equations	17	2022-06-15 14:39:38.257327+00	2022-06-15 14:39:38.257327+00
22	arithmetic_and_geometric_sequences	17	2022-06-15 14:39:38.258666+00	2022-06-15 14:39:38.258666+00
23	functions_domain	17	2022-06-15 14:39:38.259779+00	2022-06-15 14:39:38.259779+00
24	solving_linear_equations	17	2022-06-15 14:39:38.261323+00	2022-06-15 14:39:38.261323+00
25	function_transformations_shifts	17	2022-06-15 14:39:38.262496+00	2022-06-15 14:39:38.262496+00
26	graphing_quadratic_functions	17	2022-06-15 14:39:38.2651+00	2022-06-15 14:39:38.2651+00
27	exponential_functions_growth	17	2022-06-15 14:39:38.266462+00	2022-06-15 14:39:38.266462+00
28	rounding_and_scientific_notation	17	2022-06-15 14:39:38.267457+00	2022-06-15 14:39:38.267457+00
29	square root_equations_quadratic	17	2022-06-15 14:39:38.272587+00	2022-06-15 14:39:38.272587+00
30	advanced_factoring_techniques	17	2022-06-15 14:39:38.273815+00	2022-06-15 14:39:38.273815+00
31	congruence and similarity	3	2022-06-15 14:39:38.274834+00	2022-06-15 14:39:38.274834+00
32	vertices	3	2022-06-15 14:39:38.275729+00	2022-06-15 14:39:38.275729+00
33	angles	3	2022-06-15 14:39:38.276731+00	2022-06-15 14:39:38.276731+00
34	circles	3	2022-06-15 14:39:38.277748+00	2022-06-15 14:39:38.277748+00
35	triangles	3	2022-06-15 14:39:38.27862+00	2022-06-15 14:39:38.27862+00
36	rectangles	3	2022-06-15 14:39:38.279557+00	2022-06-15 14:39:38.279557+00
37	angles	18	2022-06-15 14:39:38.280475+00	2022-06-15 14:39:38.280475+00
38	triangles	18	2022-06-15 14:39:38.281427+00	2022-06-15 14:39:38.281427+00
39	right triangles	18	2022-06-15 14:39:38.282348+00	2022-06-15 14:39:38.282348+00
40	quadrants	18	2022-06-15 14:39:38.283361+00	2022-06-15 14:39:38.283361+00
41	radians	18	2022-06-15 14:39:38.284297+00	2022-06-15 14:39:38.284297+00
42	unit circles	18	2022-06-15 14:39:38.285209+00	2022-06-15 14:39:38.285209+00
43	inequalities	18	2022-06-15 14:39:38.286042+00	2022-06-15 14:39:38.286042+00
44	representing data numerically	2	2022-06-15 14:39:38.287134+00	2022-06-15 14:39:38.287134+00
45	representing data graphically	2	2022-06-15 14:39:38.288313+00	2022-06-15 14:39:38.288313+00
46	two means	2	2022-06-15 14:39:38.289401+00	2022-06-15 14:39:38.289401+00
47	two proportions	2	2022-06-15 14:39:38.290496+00	2022-06-15 14:39:38.290496+00
48	levels of measurement	2	2022-06-15 14:39:38.291646+00	2022-06-15 14:39:38.291646+00
49	types of sampling	2	2022-06-15 14:39:38.292595+00	2022-06-15 14:39:38.292595+00
50	finding probability	2	2022-06-15 14:39:38.293332+00	2022-06-15 14:39:38.293332+00
51	finding x from z score	2	2022-06-15 14:39:38.294131+00	2022-06-15 14:39:38.294131+00
52	z score	2	2022-06-15 14:39:38.294874+00	2022-06-15 14:39:38.294874+00
53	basic set operations	2	2022-06-15 14:39:38.295638+00	2022-06-15 14:39:38.295638+00
54	compound events	2	2022-06-15 14:39:38.296391+00	2022-06-15 14:39:38.296391+00
55	conditional probability	2	2022-06-15 14:39:38.297276+00	2022-06-15 14:39:38.297276+00
56	independent probability	2	2022-06-15 14:39:38.298159+00	2022-06-15 14:39:38.298159+00
57	permutations and combinations	2	2022-06-15 14:39:38.29905+00	2022-06-15 14:39:38.29905+00
58	random variables distributions	2	2022-06-15 14:39:38.299854+00	2022-06-15 14:39:38.299854+00
59	relationships between variables	2	2022-06-15 14:39:38.300673+00	2022-06-15 14:39:38.300673+00
60	confidence intervals	2	2022-06-15 14:39:38.301733+00	2022-06-15 14:39:38.301733+00
61	interpreting pvalue	2	2022-06-15 14:39:38.302773+00	2022-06-15 14:39:38.302773+00
62	finding the test statistic	2	2022-06-15 14:39:38.30362+00	2022-06-15 14:39:38.30362+00
63	rectangular coordinates	19	2022-06-15 14:39:38.304699+00	2022-06-15 14:39:38.304699+00
64	linear inequalities	19	2022-06-15 14:39:38.305693+00	2022-06-15 14:39:38.305693+00
65	functions	19	2022-06-15 14:39:38.306672+00	2022-06-15 14:39:38.306672+00
66	rational exponents	19	2022-06-15 14:39:38.307587+00	2022-06-15 14:39:38.307587+00
67	quadratic functions	19	2022-06-15 14:39:38.308487+00	2022-06-15 14:39:38.308487+00
68	logarithms and exponents	19	2022-06-15 14:39:38.30937+00	2022-06-15 14:39:38.30937+00
69	absolute extrema	20	2022-06-15 14:39:38.313006+00	2022-06-15 14:39:38.313006+00
70	antiderivatives	20	2022-06-15 14:39:38.313932+00	2022-06-15 14:39:38.313932+00
71	area between curves	20	2022-06-15 14:39:38.314888+00	2022-06-15 14:39:38.314888+00
72	chain rule	20	2022-06-15 14:39:38.315917+00	2022-06-15 14:39:38.315917+00
73	concavity	20	2022-06-15 14:39:38.316914+00	2022-06-15 14:39:38.316914+00
74	continuity	20	2022-06-15 14:39:38.317687+00	2022-06-15 14:39:38.317687+00
75	derivatives	20	2022-06-15 14:39:38.318603+00	2022-06-15 14:39:38.318603+00
76	differential equations	20	2022-06-15 14:39:38.319536+00	2022-06-15 14:39:38.319536+00
77	fundamental theorem	20	2022-06-15 14:39:38.320419+00	2022-06-15 14:39:38.320419+00
78	lhopitals rule	20	2022-06-15 14:39:38.321395+00	2022-06-15 14:39:38.321395+00
79	implicit differentiation	20	2022-06-15 14:39:38.32237+00	2022-06-15 14:39:38.32237+00
80	mean value theorem	20	2022-06-15 14:39:38.3234+00	2022-06-15 14:39:38.3234+00
81	optimization	20	2022-06-15 14:39:38.324405+00	2022-06-15 14:39:38.324405+00
82	reimann sums	20	2022-06-15 14:39:38.325405+00	2022-06-15 14:39:38.325405+00
83	related rates	20	2022-06-15 14:39:38.326284+00	2022-06-15 14:39:38.326284+00
84	relative extrema	20	2022-06-15 14:39:38.327306+00	2022-06-15 14:39:38.327306+00
85	absolute extrema	21	2022-06-15 14:39:38.32841+00	2022-06-15 14:39:38.32841+00
86	antiderivatives	21	2022-06-15 14:39:38.32931+00	2022-06-15 14:39:38.32931+00
87	area between curves	21	2022-06-15 14:39:38.330133+00	2022-06-15 14:39:38.330133+00
88	chain rule	21	2022-06-15 14:39:38.331072+00	2022-06-15 14:39:38.331072+00
89	derivatives	21	2022-06-15 14:39:38.331912+00	2022-06-15 14:39:38.331912+00
90	differential equations	21	2022-06-15 14:39:38.332821+00	2022-06-15 14:39:38.332821+00
91	fundamental theorem of calculus	21	2022-06-15 14:39:38.333731+00	2022-06-15 14:39:38.333731+00
92	implicit differentiation	21	2022-06-15 14:39:38.334614+00	2022-06-15 14:39:38.334614+00
93	infinite sequences	21	2022-06-15 14:39:38.335435+00	2022-06-15 14:39:38.335435+00
94	limits	21	2022-06-15 14:39:38.336407+00	2022-06-15 14:39:38.336407+00
95	integration by parts	21	2022-06-15 14:39:38.337361+00	2022-06-15 14:39:38.337361+00
96	mean value theorem	21	2022-06-15 14:39:38.338455+00	2022-06-15 14:39:38.338455+00
97	optimization	21	2022-06-15 14:39:38.339529+00	2022-06-15 14:39:38.339529+00
98	parametric	21	2022-06-15 14:39:38.340641+00	2022-06-15 14:39:38.340641+00
99	reimann sums	21	2022-06-15 14:39:38.341672+00	2022-06-15 14:39:38.341672+00
100	relative extrema	21	2022-06-15 14:39:38.342767+00	2022-06-15 14:39:38.342767+00
101	taylor polynomials	21	2022-06-15 14:39:38.343617+00	2022-06-15 14:39:38.343617+00
102	basic	9	2022-06-15 14:39:38.344542+00	2022-06-15 14:39:38.344542+00
103	commonapp	9	2022-06-15 14:39:38.345603+00	2022-06-15 14:39:38.345603+00
104	answer	9	2022-06-15 14:39:38.346727+00	2022-06-15 14:39:38.346727+00
105	dhistory	9	2022-06-15 14:39:38.347699+00	2022-06-15 14:39:38.347699+00
106	optional	9	2022-06-15 14:39:38.348538+00	2022-06-15 14:39:38.348538+00
107	supplemental	9	2022-06-15 14:39:38.3495+00	2022-06-15 14:39:38.3495+00
108	exam	11	2022-06-15 14:39:38.350322+00	2022-06-15 14:39:38.350322+00
109	type	11	2022-06-15 14:39:38.35109+00	2022-06-15 14:39:38.35109+00
110	LOR	11	2022-06-15 14:39:38.351867+00	2022-06-15 14:39:38.351867+00
111	basic	11	2022-06-15 14:39:38.352897+00	2022-06-15 14:39:38.352897+00
112	timeline	10	2022-06-15 14:39:38.353824+00	2022-06-15 14:39:38.353824+00
113	resume	10	2022-06-15 14:39:38.354905+00	2022-06-15 14:39:38.354905+00
114	schools	10	2022-06-15 14:39:38.35592+00	2022-06-15 14:39:38.35592+00
115	fees	10	2022-06-15 14:39:38.357061+00	2022-06-15 14:39:38.357061+00
116	FinAid	10	2022-06-15 14:39:38.357961+00	2022-06-15 14:39:38.357961+00
117	LOR	10	2022-06-15 14:39:38.358852+00	2022-06-15 14:39:38.358852+00
118	basic	10	2022-06-15 14:39:38.35982+00	2022-06-15 14:39:38.35982+00
119	biochemistry	4	2022-06-15 14:39:38.361812+00	2022-06-15 14:39:38.361812+00
120	the cell	4	2022-06-15 14:39:38.362908+00	2022-06-15 14:39:38.362908+00
121	cell division	4	2022-06-15 14:39:38.364767+00	2022-06-15 14:39:38.364767+00
122	cellular respiration	4	2022-06-15 14:39:38.365766+00	2022-06-15 14:39:38.365766+00
123	photosynthesis and plants	4	2022-06-15 14:39:38.366681+00	2022-06-15 14:39:38.366681+00
124	classical genetics	4	2022-06-15 14:39:38.367549+00	2022-06-15 14:39:38.367549+00
125	molecular genetics	4	2022-06-15 14:39:38.368711+00	2022-06-15 14:39:38.368711+00
126	animal behavior and physiology	4	2022-06-15 14:39:38.369789+00	2022-06-15 14:39:38.369789+00
127	ecology	4	2022-06-15 14:39:38.370823+00	2022-06-15 14:39:38.370823+00
128	human physiology and anatomy	4	2022-06-15 14:39:38.371879+00	2022-06-15 14:39:38.371879+00
129	evolution and taxonomy	4	2022-06-15 14:39:38.372938+00	2022-06-15 14:39:38.372938+00
130	chemical reactions	5	2022-06-15 14:39:38.374097+00	2022-06-15 14:39:38.374097+00
131	atoms, compounds, and ions	5	2022-06-15 14:39:38.37505+00	2022-06-15 14:39:38.37505+00
132	stoichiometry	5	2022-06-15 14:39:38.376225+00	2022-06-15 14:39:38.376225+00
133	electron structure of atoms	5	2022-06-15 14:39:38.37748+00	2022-06-15 14:39:38.37748+00
134	periodic table	5	2022-06-15 14:39:38.378536+00	2022-06-15 14:39:38.378536+00
135	chemical bonds	5	2022-06-15 14:39:38.379604+00	2022-06-15 14:39:38.379604+00
136	gases	5	2022-06-15 14:39:38.3806+00	2022-06-15 14:39:38.3806+00
137	states of matter and intermolecular forces	5	2022-06-15 14:39:38.3815+00	2022-06-15 14:39:38.3815+00
138	chemical equilibrium	5	2022-06-15 14:39:38.382552+00	2022-06-15 14:39:38.382552+00
139	acids and bases	5	2022-06-15 14:39:38.383585+00	2022-06-15 14:39:38.383585+00
140	buffers, titrations, and solubility equilibria	5	2022-06-15 14:39:38.384498+00	2022-06-15 14:39:38.384498+00
141	thermodynamics	5	2022-06-15 14:39:38.385509+00	2022-06-15 14:39:38.385509+00
142	redox reactions and electrochemistry	5	2022-06-15 14:39:38.3867+00	2022-06-15 14:39:38.3867+00
143	kinetics	5	2022-06-15 14:39:38.387717+00	2022-06-15 14:39:38.387717+00
144	nuclear chemistry	5	2022-06-15 14:39:38.388854+00	2022-06-15 14:39:38.388854+00
145	kinematics	5	2022-06-15 14:39:38.390073+00	2022-06-15 14:39:38.390073+00
146	kinematics	6	2022-06-15 14:39:38.390871+00	2022-06-15 14:39:38.390871+00
147	newton's laws	6	2022-06-15 14:39:38.391733+00	2022-06-15 14:39:38.391733+00
148	rotational mechanics	6	2022-06-15 14:39:38.393313+00	2022-06-15 14:39:38.393313+00
149	work and energy	6	2022-06-15 14:39:38.394227+00	2022-06-15 14:39:38.394227+00
150	momentum and collisions	6	2022-06-15 14:39:38.395145+00	2022-06-15 14:39:38.395145+00
151	thermodynamics	6	2022-06-15 14:39:38.395966+00	2022-06-15 14:39:38.395966+00
152	electrostatics	6	2022-06-15 14:39:38.396943+00	2022-06-15 14:39:38.396943+00
153	magnetism	6	2022-06-15 14:39:38.39782+00	2022-06-15 14:39:38.39782+00
154	waves and sound	6	2022-06-15 14:39:38.398703+00	2022-06-15 14:39:38.398703+00
155	refraction and reflection	6	2022-06-15 14:39:38.399617+00	2022-06-15 14:39:38.399617+00
156	gravity/gen relativity	6	2022-06-15 14:39:38.400963+00	2022-06-15 14:39:38.400963+00
157	Fluids - density and pressure	7	2022-06-15 14:39:38.402492+00	2022-06-15 14:39:38.402492+00
158	Fluids - dynamics	7	2022-06-15 14:39:38.403479+00	2022-06-15 14:39:38.403479+00
159	THD - Ideal Gases	7	2022-06-15 14:39:38.404595+00	2022-06-15 14:39:38.404595+00
160	thermodynamics	7	2022-06-15 14:39:38.405759+00	2022-06-15 14:39:38.405759+00
161	Electric Field	7	2022-06-15 14:39:38.40684+00	2022-06-15 14:39:38.40684+00
162	Electric Potential	7	2022-06-15 14:39:38.408041+00	2022-06-15 14:39:38.408041+00
163	Magnetic Fields	7	2022-06-15 14:39:38.409073+00	2022-06-15 14:39:38.409073+00
164	Magnetic Induction	7	2022-06-15 14:39:38.410213+00	2022-06-15 14:39:38.410213+00
165	Electromagnetic Waves	7	2022-06-15 14:39:38.411162+00	2022-06-15 14:39:38.411162+00
166	Optics - refraction and reflection	7	2022-06-15 14:39:38.41231+00	2022-06-15 14:39:38.41231+00
167	Quantum & Atomic Physics	7	2022-06-15 14:39:38.413367+00	2022-06-15 14:39:38.413367+00
168	dynamics 2	7	2022-06-15 14:39:38.414306+00	2022-06-15 14:39:38.414306+00
169	Electric Circuits	7	2022-06-15 14:39:38.41526+00	2022-06-15 14:39:38.41526+00
170	earth systems and resources	8	2022-06-15 14:39:38.416056+00	2022-06-15 14:39:38.416056+00
171	ecology	8	2022-06-15 14:39:38.417003+00	2022-06-15 14:39:38.417003+00
172	energy resources and consumption	8	2022-06-15 14:39:38.418098+00	2022-06-15 14:39:38.418098+00
173	global change	8	2022-06-15 14:39:38.419121+00	2022-06-15 14:39:38.419121+00
174	impact of human health and environment	8	2022-06-15 14:39:38.42008+00	2022-06-15 14:39:38.42008+00
175	interdependence of organisms	8	2022-06-15 14:39:38.422174+00	2022-06-15 14:39:38.422174+00
176	land and water resources and use	8	2022-06-15 14:39:38.423186+00	2022-06-15 14:39:38.423186+00
177	introduction to environmental science	8	2022-06-15 14:39:38.424445+00	2022-06-15 14:39:38.424445+00
178	natural biogeochemical cycles	8	2022-06-15 14:39:38.425636+00	2022-06-15 14:39:38.425636+00
179	pollution	8	2022-06-15 14:39:38.426769+00	2022-06-15 14:39:38.426769+00
180	populations	8	2022-06-15 14:39:38.427822+00	2022-06-15 14:39:38.427822+00
181	the atmosphere	8	2022-06-15 14:39:38.428751+00	2022-06-15 14:39:38.428751+00
182	upchieve	22	2022-06-15 14:39:38.429845+00	2022-06-15 14:39:38.429845+00
183	linear_equations	12	2022-06-15 14:39:38.43081+00	2022-06-15 14:39:38.43081+00
184	linear_inequalities	12	2022-06-15 14:39:38.431831+00	2022-06-15 14:39:38.431831+00
185	linear_functions	12	2022-06-15 14:39:38.432823+00	2022-06-15 14:39:38.432823+00
186	quadratic_problems	12	2022-06-15 14:39:38.433928+00	2022-06-15 14:39:38.433928+00
187	nonlinear_equations	12	2022-06-15 14:39:38.434935+00	2022-06-15 14:39:38.434935+00
188	rational_expressions	12	2022-06-15 14:39:38.435844+00	2022-06-15 14:39:38.435844+00
189	isolating_quantities	12	2022-06-15 14:39:38.436698+00	2022-06-15 14:39:38.436698+00
190	linear_systems	12	2022-06-15 14:39:38.437596+00	2022-06-15 14:39:38.437596+00
191	ratios_rates	12	2022-06-15 14:39:38.438771+00	2022-06-15 14:39:38.438771+00
192	units	12	2022-06-15 14:39:38.439899+00	2022-06-15 14:39:38.439899+00
193	percentages	12	2022-06-15 14:39:38.440896+00	2022-06-15 14:39:38.440896+00
194	linear_and_exponential	12	2022-06-15 14:39:38.441734+00	2022-06-15 14:39:38.441734+00
195	data_inferences	12	2022-06-15 14:39:38.442514+00	2022-06-15 14:39:38.442514+00
196	volume_word_problems	12	2022-06-15 14:39:38.443533+00	2022-06-15 14:39:38.443533+00
197	complex_numbers	12	2022-06-15 14:39:38.44468+00	2022-06-15 14:39:38.44468+00
198	circle_equations	12	2022-06-15 14:39:38.445668+00	2022-06-15 14:39:38.445668+00
199	table_data	12	2022-06-15 14:39:38.446557+00	2022-06-15 14:39:38.446557+00
200	scatterplots	12	2022-06-15 14:39:38.447405+00	2022-06-15 14:39:38.447405+00
201	graphs	12	2022-06-15 14:39:38.448401+00	2022-06-15 14:39:38.448401+00
202	shape_of_distributions	12	2022-06-15 14:39:38.449427+00	2022-06-15 14:39:38.449427+00
203	right_triangle_problems	12	2022-06-15 14:39:38.450799+00	2022-06-15 14:39:38.450799+00
204	congruence_and_similarity	12	2022-06-15 14:39:38.451846+00	2022-06-15 14:39:38.451846+00
205	explict_v_implicit	13	2022-06-15 14:39:38.452827+00	2022-06-15 14:39:38.452827+00
206	point_of_view	13	2022-06-15 14:39:38.453879+00	2022-06-15 14:39:38.453879+00
207	analyzing_relationships	13	2022-06-15 14:39:38.454807+00	2022-06-15 14:39:38.454807+00
208	citing_evidence	13	2022-06-15 14:39:38.455939+00	2022-06-15 14:39:38.455939+00
209	summarizing	13	2022-06-15 14:39:38.456897+00	2022-06-15 14:39:38.456897+00
210	analogical_reasoning	13	2022-06-15 14:39:38.457866+00	2022-06-15 14:39:38.457866+00
211	structure_passage	13	2022-06-15 14:39:38.458733+00	2022-06-15 14:39:38.458733+00
212	word_choice	13	2022-06-15 14:39:38.460399+00	2022-06-15 14:39:38.460399+00
213	graphs_and_data	13	2022-06-15 14:39:38.461393+00	2022-06-15 14:39:38.461393+00
214	purpose_of_text	13	2022-06-15 14:39:38.462288+00	2022-06-15 14:39:38.462288+00
215	analyzing_arguments	13	2022-06-15 14:39:38.463248+00	2022-06-15 14:39:38.463248+00
216	connecting_texts	13	2022-06-15 14:39:38.464537+00	2022-06-15 14:39:38.464537+00
217	history_passages	13	2022-06-15 14:39:38.46574+00	2022-06-15 14:39:38.46574+00
218	strategies	13	2022-06-15 14:39:38.466856+00	2022-06-15 14:39:38.466856+00
219	types_of_essays	15	2022-06-15 14:39:38.467803+00	2022-06-15 14:39:38.467803+00
220	essay_structure	15	2022-06-15 14:39:38.468665+00	2022-06-15 14:39:38.468665+00
221	point_of_view	15	2022-06-15 14:39:38.469608+00	2022-06-15 14:39:38.469608+00
222	persuasive_techniques	15	2022-06-15 14:39:38.470564+00	2022-06-15 14:39:38.470564+00
223	citations	15	2022-06-15 14:39:38.47167+00	2022-06-15 14:39:38.47167+00
224	independent_and_dependent_clauses	15	2022-06-15 14:39:38.472714+00	2022-06-15 14:39:38.472714+00
225	punctuation	15	2022-06-15 14:39:38.473656+00	2022-06-15 14:39:38.473656+00
226	verb_tense	15	2022-06-15 14:39:38.474612+00	2022-06-15 14:39:38.474612+00
227	subject_verb_agreement	15	2022-06-15 14:39:38.475713+00	2022-06-15 14:39:38.475713+00
228	specificity_and_coherence	15	2022-06-15 14:39:38.476575+00	2022-06-15 14:39:38.476575+00
229	plagiarism	15	2022-06-15 14:39:38.477593+00	2022-06-15 14:39:38.477593+00
230	nonnvarying_sentence_length	15	2022-06-15 14:39:38.478472+00	2022-06-15 14:39:38.478472+00
231	wordiness	15	2022-06-15 14:39:38.479297+00	2022-06-15 14:39:38.479297+00
232	grammatical_errors	15	2022-06-15 14:39:38.480207+00	2022-06-15 14:39:38.480207+00
233	common_requests	15	2022-06-15 14:39:38.481178+00	2022-06-15 14:39:38.481178+00
234	inference	13	2022-06-15 14:39:38.482059+00	2022-06-15 14:39:38.482059+00
235	integumentary	24	2022-06-15 14:39:38.483206+00	2022-06-15 14:39:38.483206+00
236	little_detail	13	2022-06-15 14:39:38.484155+00	2022-06-15 14:39:38.484155+00
237	lymphatic	24	2022-06-15 14:39:38.485711+00	2022-06-15 14:39:38.485711+00
238	muscular	24	2022-06-15 14:39:38.486875+00	2022-06-15 14:39:38.486875+00
239	nervous	24	2022-06-15 14:39:38.487916+00	2022-06-15 14:39:38.487916+00
240	probingqs	23	2022-06-15 14:39:38.488937+00	2022-06-15 14:39:38.488937+00
241	questions	23	2022-06-15 14:39:38.489968+00	2022-06-15 14:39:38.489968+00
242	reproductive	24	2022-06-15 14:39:38.491018+00	2022-06-15 14:39:38.491018+00
243	respiratory	24	2022-06-15 14:39:38.492205+00	2022-06-15 14:39:38.492205+00
244	sense_organs	24	2022-06-15 14:39:38.493538+00	2022-06-15 14:39:38.493538+00
245	skeletal	24	2022-06-15 14:39:38.494525+00	2022-06-15 14:39:38.494525+00
246	texttype	23	2022-06-15 14:39:38.495396+00	2022-06-15 14:39:38.495396+00
247	tissues	24	2022-06-15 14:39:38.496256+00	2022-06-15 14:39:38.496256+00
248	urinary	24	2022-06-15 14:39:38.497266+00	2022-06-15 14:39:38.497266+00
249	vocab_in_context	13	2022-06-15 14:39:38.498269+00	2022-06-15 14:39:38.498269+00
250	vocabulary	23	2022-06-15 14:39:38.499358+00	2022-06-15 14:39:38.499358+00
251	activatebk	23	2022-06-15 14:39:38.500699+00	2022-06-15 14:39:38.500699+00
252	author_technique	13	2022-06-15 14:39:38.50187+00	2022-06-15 14:39:38.50187+00
253	backgroundknowledge	23	2022-06-15 14:39:38.503143+00	2022-06-15 14:39:38.503143+00
254	big_picture	13	2022-06-15 14:39:38.504117+00	2022-06-15 14:39:38.504117+00
255	cells	24	2022-06-15 14:39:38.505182+00	2022-06-15 14:39:38.505182+00
256	circulatory_system	24	2022-06-15 14:39:38.506201+00	2022-06-15 14:39:38.506201+00
257	comprehensionsupport	23	2022-06-15 14:39:38.507191+00	2022-06-15 14:39:38.507191+00
258	context	23	2022-06-15 14:39:38.508135+00	2022-06-15 14:39:38.508135+00
259	corrections	23	2022-06-15 14:39:38.509025+00	2022-06-15 14:39:38.509025+00
260	digestive	24	2022-06-15 14:39:38.511079+00	2022-06-15 14:39:38.511079+00
261	editing	23	2022-06-15 14:39:38.51307+00	2022-06-15 14:39:38.51307+00
262	endocrine	24	2022-06-15 14:39:38.514229+00	2022-06-15 14:39:38.514229+00
263	evidence_support	13	2022-06-15 14:39:38.515215+00	2022-06-15 14:39:38.515215+00
264	function	13	2022-06-15 14:39:38.516124+00	2022-06-15 14:39:38.516124+00
265	strategies	12	2022-06-15 14:39:38.516994+00	2022-06-15 14:39:38.516994+00
266	unit circle	18	2022-06-15 14:39:38.517886+00	2022-06-15 14:39:38.517886+00
267	dynamics 1	6	2022-06-15 14:39:38.519058+00	2022-06-15 14:39:38.519058+00
268	energy 1	6	2022-06-15 14:39:38.520204+00	2022-06-15 14:39:38.520204+00
269	dynamics 2	6	2022-06-15 14:39:38.521221+00	2022-06-15 14:39:38.521221+00
270	energy 2	6	2022-06-15 14:39:38.522187+00	2022-06-15 14:39:38.522187+00
271	pythagorean theorem	18	2022-06-15 14:39:38.523232+00	2022-06-15 14:39:38.523232+00
272	degrees and radians	18	2022-06-15 14:39:38.524135+00	2022-06-15 14:39:38.524135+00
273	graphing trig functions	18	2022-06-15 14:39:38.525062+00	2022-06-15 14:39:38.525062+00
274	inverse trig functions	18	2022-06-15 14:39:38.525891+00	2022-06-15 14:39:38.525891+00
275	trigonometric identities	18	2022-06-15 14:39:38.52723+00	2022-06-15 14:39:38.52723+00
276	complex numbers	19	2022-06-15 14:39:38.528495+00	2022-06-15 14:39:38.528495+00
277	conic sections	19	2022-06-15 14:39:38.529583+00	2022-06-15 14:39:38.529583+00
278	graphing exponential functions	19	2022-06-15 14:39:38.530556+00	2022-06-15 14:39:38.530556+00
279	graphing polynomials	19	2022-06-15 14:39:38.531512+00	2022-06-15 14:39:38.531512+00
280	graphing rational functions	19	2022-06-15 14:39:38.532477+00	2022-06-15 14:39:38.532477+00
281	logarithms	19	2022-06-15 14:39:38.533485+00	2022-06-15 14:39:38.533485+00
282	inverse functions	19	2022-06-15 14:39:38.534544+00	2022-06-15 14:39:38.534544+00
283	polynomial division	19	2022-06-15 14:39:38.535414+00	2022-06-15 14:39:38.535414+00
284	rational expressions	19	2022-06-15 14:39:38.536419+00	2022-06-15 14:39:38.536419+00
285	sequences series	19	2022-06-15 14:39:38.537284+00	2022-06-15 14:39:38.537284+00
286	exponential logarithmic equations	19	2022-06-15 14:39:38.538692+00	2022-06-15 14:39:38.538692+00
287	other equations	19	2022-06-15 14:39:38.539787+00	2022-06-15 14:39:38.539787+00
288	quadratic and absolute	19	2022-06-15 14:39:38.540732+00	2022-06-15 14:39:38.540732+00
289	solving quadratic equations	19	2022-06-15 14:39:38.541583+00	2022-06-15 14:39:38.541583+00
290	transformations functions	19	2022-06-15 14:39:38.542479+00	2022-06-15 14:39:38.542479+00
291	vectors	19	2022-06-15 14:39:38.543378+00	2022-06-15 14:39:38.543378+00
292	trig functions	18	2022-06-15 14:39:38.544276+00	2022-06-15 14:39:38.544276+00
293	random variables and distributions	2	2022-06-15 14:39:38.545408+00	2022-06-15 14:39:38.545408+00
294	kinematics 2	6	2022-06-15 14:39:38.547426+00	2022-06-15 14:39:38.547426+00
295	DC Circuits	6	2022-06-15 14:39:38.548622+00	2022-06-15 14:39:38.548622+00
296	rotational motion	6	2022-06-15 14:39:38.549715+00	2022-06-15 14:39:38.549715+00
297	polynomials	12	2022-06-15 14:39:38.550677+00	2022-06-15 14:39:38.550677+00
298	functions	12	2022-06-15 14:39:38.551919+00	2022-06-15 14:39:38.551919+00
299	angles	12	2022-06-15 14:39:38.55297+00	2022-06-15 14:39:38.55297+00
\.


--
-- Data for Name: quiz_questions; Type: TABLE DATA; Schema: upchieve; Owner: admin
--

COPY upchieve.quiz_questions (id, question_text, possible_answers, correct_answer, quiz_subcategory_id, image_source, created_at, updated_at, mongo_id) FROM stdin;
\.


--
-- Data for Name: report_reasons; Type: TABLE DATA; Schema: upchieve; Owner: admin
--

COPY upchieve.report_reasons (id, reason, created_at, updated_at) FROM stdin;
1	This student was extremely rude or inappropriate	2022-06-15 14:39:38.667227+00	2022-06-15 14:39:38.667227+00
2	I am worried for the immediate safety of this student	2022-06-15 14:39:38.668458+00	2022-06-15 14:39:38.668458+00
3	LEGACY: Student was unresponsive	2022-06-15 14:39:38.669483+00	2022-06-15 14:39:38.669483+00
4	LEGACY: Technical issue	2022-06-15 14:39:38.670452+00	2022-06-15 14:39:38.670452+00
5	LEGACY: Other	2022-06-15 14:39:38.671381+00	2022-06-15 14:39:38.671381+00
\.


--
-- Data for Name: required_email_domains; Type: TABLE DATA; Schema: upchieve; Owner: admin
--

COPY upchieve.required_email_domains (id, domain, volunteer_partner_org_id, created_at, updated_at) FROM stdin;
018167ce-46a8-9fba-81d8-db7d09c017b9	mailtrap.com	018167ce-46a5-0863-2780-149f4cc0e6ab	2022-06-15 14:39:40.714249+00	2022-06-15 14:39:40.714249+00
\.


--
-- Data for Name: school_nces_metadata; Type: TABLE DATA; Schema: upchieve; Owner: admin
--

COPY upchieve.school_nces_metadata (school_id, created_at, updated_at, school_year, fipst, statename, st, sch_name, lea_name, state_agency_no, "union", st_leaid, leaid, st_schid, ncessch, schid, mstreet1, mstreet2, mstreet3, mcity, mstate, mzip, mzip4, lstreet1, lstreet2, lstreet3, lcity, lzip, lzip4, phone, website, sy_status, sy_status_text, updated_status, updated_status_text, effective_date, sch_type, sch_type_text, recon_status, out_of_state_flag, charter_text, chartauth1, chartauthn1, chartauth2, chartauthn2, nogrades, g_pk_offered, g_kg_offered, g_1_offered, g_2_offered, g_3_offered, g_4_offered, g_5_offered, g_6_offered, g_7_offered, g_8_offered, g_9_offered, g_10_offered, g_11_offered, g_12_offered, g_13_offered, g_ug_offered, g_ae_offered, gslo, gshi, level, igoffered) FROM stdin;
\.


--
-- Data for Name: schools_sponsor_orgs; Type: TABLE DATA; Schema: upchieve; Owner: admin
--

COPY upchieve.schools_sponsor_orgs (school_id, sponsor_org_id, created_at, updated_at) FROM stdin;
018167ce-46ae-3a17-4748-f9401fcc20a5	018167ce-46b4-729b-969e-a4dd89ced795	2022-06-15 14:39:40.729326+00	2022-06-15 14:39:40.729326+00
018167ce-46ae-2eba-0a99-30c0d631d4be	018167ce-46b4-e338-f518-966adec8d599	2022-06-15 14:39:40.730641+00	2022-06-15 14:39:40.730641+00
\.


--
-- Data for Name: session_failed_joins; Type: TABLE DATA; Schema: upchieve; Owner: admin
--

COPY upchieve.session_failed_joins (session_id, user_id, created_at, updated_at) FROM stdin;
\.


--
-- Data for Name: session_flags; Type: TABLE DATA; Schema: upchieve; Owner: admin
--

COPY upchieve.session_flags (id, name, created_at, updated_at) FROM stdin;
1	Absent student	2022-06-15 14:39:38.65513+00	2022-06-15 14:39:38.65513+00
2	Absent volunteer	2022-06-15 14:39:38.656214+00	2022-06-15 14:39:38.656214+00
3	Low session rating from coach	2022-06-15 14:39:38.657159+00	2022-06-15 14:39:38.657159+00
4	Low session rating from student	2022-06-15 14:39:38.658082+00	2022-06-15 14:39:38.658082+00
5	Low coach rating from student	2022-06-15 14:39:38.659082+00	2022-06-15 14:39:38.659082+00
6	Reported	2022-06-15 14:39:38.66021+00	2022-06-15 14:39:38.66021+00
7	Only looking for answers	2022-06-15 14:39:38.661187+00	2022-06-15 14:39:38.661187+00
8	Rude or inappropriate	2022-06-15 14:39:38.662149+00	2022-06-15 14:39:38.662149+00
9	Comment from student	2022-06-15 14:39:38.663035+00	2022-06-15 14:39:38.663035+00
10	Comment from volunteer	2022-06-15 14:39:38.664139+00	2022-06-15 14:39:38.664139+00
11	Has been unmatched	2022-06-15 14:39:38.665276+00	2022-06-15 14:39:38.665276+00
12	Has had technical issues	2022-06-15 14:39:38.666182+00	2022-06-15 14:39:38.666182+00
\.


--
-- Data for Name: session_messages; Type: TABLE DATA; Schema: upchieve; Owner: admin
--

COPY upchieve.session_messages (id, sender_id, contents, session_id, created_at, updated_at, mongo_id) FROM stdin;
\.


--
-- Data for Name: session_photos; Type: TABLE DATA; Schema: upchieve; Owner: admin
--

COPY upchieve.session_photos (session_id, photo_key, created_at, updated_at) FROM stdin;
\.


--
-- Data for Name: session_reports; Type: TABLE DATA; Schema: upchieve; Owner: admin
--

COPY upchieve.session_reports (id, report_reason_id, report_message, reporting_user_id, session_id, reported_user_id, created_at, updated_at) FROM stdin;
\.


--
-- Data for Name: session_review_reasons; Type: TABLE DATA; Schema: upchieve; Owner: admin
--

COPY upchieve.session_review_reasons (session_id, session_flag_id, created_at, updated_at) FROM stdin;
\.


--
-- Data for Name: sessions_session_flags; Type: TABLE DATA; Schema: upchieve; Owner: admin
--

COPY upchieve.sessions_session_flags (session_id, session_flag_id, created_at, updated_at) FROM stdin;
\.


--
-- Data for Name: student_favorite_volunteers; Type: TABLE DATA; Schema: upchieve; Owner: admin
--

COPY upchieve.student_favorite_volunteers (student_id, volunteer_id, created_at, updated_at) FROM stdin;
\.


--
-- Data for Name: student_partner_org_sites; Type: TABLE DATA; Schema: upchieve; Owner: admin
--

COPY upchieve.student_partner_org_sites (id, name, student_partner_org_id, created_at, updated_at) FROM stdin;
018167ce-46a1-d63f-586a-c8c887322631	Brooklyn	018167ce-466b-3b7f-d06c-f06e6ce30f6a	2022-06-15 14:39:40.707609+00	2022-06-15 14:39:40.707609+00
018167ce-46a1-8c1b-8804-b2562453013c	Denver	018167ce-466b-3b7f-d06c-f06e6ce30f6a	2022-06-15 14:39:40.70931+00	2022-06-15 14:39:40.70931+00
018167ce-46a1-da01-33cb-b17645f54b95	Oakland	018167ce-466b-3b7f-d06c-f06e6ce30f6a	2022-06-15 14:39:40.710441+00	2022-06-15 14:39:40.710441+00
\.


--
-- Data for Name: student_partner_orgs_sponsor_orgs; Type: TABLE DATA; Schema: upchieve; Owner: admin
--

COPY upchieve.student_partner_orgs_sponsor_orgs (student_partner_org_id, sponsor_org_id, created_at, updated_at) FROM stdin;
018167ce-466b-62bf-dc2d-d42864a72ab9	018167ce-46b4-6775-566f-5a7eb329ad91	2022-06-15 14:39:40.732755+00	2022-06-15 14:39:40.732755+00
018167ce-466b-ae92-aa78-2a76952e6ab2	018167ce-46b4-e338-f518-966adec8d599	2022-06-15 14:39:40.734207+00	2022-06-15 14:39:40.734207+00
\.


--
-- Data for Name: student_profiles; Type: TABLE DATA; Schema: upchieve; Owner: admin
--

COPY upchieve.student_profiles (user_id, college, school_id, postal_code, grade_level_id, student_partner_org_user_id, student_partner_org_id, student_partner_org_site_id, created_at, updated_at) FROM stdin;
018167ce-4747-095d-7eb3-6ea887af7b7f	\N	018167ce-46ae-6bea-39dc-6ec6ac35e5aa	\N	\N	\N	\N	\N	2022-06-15 14:39:40.876947+00	2022-06-15 14:39:40.876947+00
018167ce-4747-7158-79b1-9ed70785c1ac	\N	018167ce-46ae-3a17-4748-f9401fcc20a5	\N	\N	\N	018167ce-466b-3b7f-d06c-f06e6ce30f6a	\N	2022-06-15 14:39:40.87816+00	2022-06-15 14:39:40.87816+00
018167ce-4747-2cde-8d11-1c5e3e8766e0	\N	\N	\N	\N	\N	018167ce-466b-ae92-aa78-2a76952e6ab2	\N	2022-06-15 14:39:40.879355+00	2022-06-15 14:39:40.879355+00
\.


--
-- Data for Name: survey_questions; Type: TABLE DATA; Schema: upchieve; Owner: admin
--

COPY upchieve.survey_questions (id, question_type_id, question_text, created_at, updated_at) FROM stdin;
\.


--
-- Data for Name: survey_questions_question_tags; Type: TABLE DATA; Schema: upchieve; Owner: admin
--

COPY upchieve.survey_questions_question_tags (id, survey_question_id, question_tag_id, created_at, updated_at) FROM stdin;
\.


--
-- Data for Name: survey_response_choices; Type: TABLE DATA; Schema: upchieve; Owner: admin
--

COPY upchieve.survey_response_choices (id, score, choice_text, created_at, updated_at) FROM stdin;
\.


--
-- Data for Name: survey_questions_response_choices; Type: TABLE DATA; Schema: upchieve; Owner: admin
--

COPY upchieve.survey_questions_response_choices (survey_question_id, response_choice_id, display_priority, created_at, updated_at) FROM stdin;
\.


--
-- Data for Name: surveys; Type: TABLE DATA; Schema: upchieve; Owner: admin
--

COPY upchieve.surveys (id, name, created_at, updated_at) FROM stdin;
\.


--
-- Data for Name: surveys_postsession; Type: TABLE DATA; Schema: upchieve; Owner: admin
--

COPY upchieve.surveys_postsession (survey_id, subject_id) FROM stdin;
\.


--
-- Data for Name: surveys_presession; Type: TABLE DATA; Schema: upchieve; Owner: admin
--

COPY upchieve.surveys_presession (survey_id, subject_id) FROM stdin;
\.


--
-- Data for Name: surveys_survey_questions; Type: TABLE DATA; Schema: upchieve; Owner: admin
--

COPY upchieve.surveys_survey_questions (id, survey_id, survey_question_id, display_priority, created_at, updated_at) FROM stdin;
\.


--
-- Data for Name: training_courses; Type: TABLE DATA; Schema: upchieve; Owner: admin
--

COPY upchieve.training_courses (id, name, created_at, updated_at) FROM stdin;
1	upchieve101	2022-06-15 14:39:38.173221+00	2022-06-15 14:39:38.173221+00
\.


--
-- Data for Name: user_actions; Type: TABLE DATA; Schema: upchieve; Owner: admin
--

COPY upchieve.user_actions (id, user_id, session_id, action_type, action, ip_address_id, device, browser, browser_version, operating_system, operating_system_version, quiz_subcategory, quiz_category, created_at, updated_at, mongo_id, reference_email, volunteer_id, ban_reason) FROM stdin;
\.


--
-- Data for Name: user_product_flags; Type: TABLE DATA; Schema: upchieve; Owner: admin
--

COPY upchieve.user_product_flags (user_id, sent_ready_to_coach_email, sent_hour_summary_intro_email, sent_inactive_thirty_day_email, sent_inactive_sixty_day_email, sent_inactive_ninety_day_email, gates_qualified, created_at, updated_at, in_gates_study) FROM stdin;
\.


--
-- Data for Name: user_session_metrics; Type: TABLE DATA; Schema: upchieve; Owner: admin
--

COPY upchieve.user_session_metrics (user_id, absent_student, absent_volunteer, low_session_rating_from_coach, low_session_rating_from_student, low_coach_rating_from_student, reported, only_looking_for_answers, rude_or_inappropriate, comment_from_student, comment_from_volunteer, has_been_unmatched, has_had_technical_issues, created_at, updated_at) FROM stdin;
\.


--
-- Data for Name: users_certifications; Type: TABLE DATA; Schema: upchieve; Owner: admin
--

COPY upchieve.users_certifications (user_id, certification_id, created_at, updated_at) FROM stdin;
018167ce-46c0-7ce6-87ba-9cc54d966595	1	2022-06-15 14:39:40.752386+00	2022-06-15 14:39:40.752386+00
018167ce-46c0-7ce6-87ba-9cc54d966595	16	2022-06-15 14:39:40.753643+00	2022-06-15 14:39:40.753643+00
018167ce-46c0-7ce6-87ba-9cc54d966595	17	2022-06-15 14:39:40.754826+00	2022-06-15 14:39:40.754826+00
018167ce-46c0-7ce6-87ba-9cc54d966595	11	2022-06-15 14:39:40.756016+00	2022-06-15 14:39:40.756016+00
018167ce-46c0-7ce6-87ba-9cc54d966595	4	2022-06-15 14:39:40.757318+00	2022-06-15 14:39:40.757318+00
018167ce-46c0-7ce6-87ba-9cc54d966595	20	2022-06-15 14:39:40.758385+00	2022-06-15 14:39:40.758385+00
018167ce-46c0-7ce6-87ba-9cc54d966595	5	2022-06-15 14:39:40.759354+00	2022-06-15 14:39:40.759354+00
018167ce-46c0-7ce6-87ba-9cc54d966595	9	2022-06-15 14:39:40.760335+00	2022-06-15 14:39:40.760335+00
018167ce-46c0-7ce6-87ba-9cc54d966595	3	2022-06-15 14:39:40.76136+00	2022-06-15 14:39:40.76136+00
018167ce-46c0-7ce6-87ba-9cc54d966595	6	2022-06-15 14:39:40.762309+00	2022-06-15 14:39:40.762309+00
018167ce-46c0-7ce6-87ba-9cc54d966595	19	2022-06-15 14:39:40.763333+00	2022-06-15 14:39:40.763333+00
018167ce-46c0-7ce6-87ba-9cc54d966595	18	2022-06-15 14:39:40.764356+00	2022-06-15 14:39:40.764356+00
018167ce-46c0-7ce6-87ba-9cc54d966595	15	2022-06-15 14:39:40.765281+00	2022-06-15 14:39:40.765281+00
018167ce-46c0-94e6-d983-4379a20b697e	1	2022-06-15 14:39:40.766192+00	2022-06-15 14:39:40.766192+00
018167ce-46c0-94e6-d983-4379a20b697e	16	2022-06-15 14:39:40.767163+00	2022-06-15 14:39:40.767163+00
018167ce-46c0-94e6-d983-4379a20b697e	17	2022-06-15 14:39:40.768163+00	2022-06-15 14:39:40.768163+00
018167ce-46c0-94e6-d983-4379a20b697e	10	2022-06-15 14:39:40.768973+00	2022-06-15 14:39:40.768973+00
018167ce-46c0-94e6-d983-4379a20b697e	4	2022-06-15 14:39:40.769877+00	2022-06-15 14:39:40.769877+00
018167ce-46c0-94e6-d983-4379a20b697e	20	2022-06-15 14:39:40.770856+00	2022-06-15 14:39:40.770856+00
018167ce-46c0-94e6-d983-4379a20b697e	5	2022-06-15 14:39:40.771779+00	2022-06-15 14:39:40.771779+00
018167ce-46c0-94e6-d983-4379a20b697e	9	2022-06-15 14:39:40.772674+00	2022-06-15 14:39:40.772674+00
018167ce-46c0-94e6-d983-4379a20b697e	3	2022-06-15 14:39:40.773677+00	2022-06-15 14:39:40.773677+00
018167ce-46c0-94e6-d983-4379a20b697e	6	2022-06-15 14:39:40.77468+00	2022-06-15 14:39:40.77468+00
018167ce-46c0-94e6-d983-4379a20b697e	11	2022-06-15 14:39:40.775641+00	2022-06-15 14:39:40.775641+00
018167ce-46c0-94e6-d983-4379a20b697e	19	2022-06-15 14:39:40.776519+00	2022-06-15 14:39:40.776519+00
018167ce-46c0-94e6-d983-4379a20b697e	18	2022-06-15 14:39:40.777431+00	2022-06-15 14:39:40.777431+00
018167ce-46c0-2ed4-e0e1-56a9b16f7895	1	2022-06-15 14:39:40.778351+00	2022-06-15 14:39:40.778351+00
018167ce-46c0-2ed4-e0e1-56a9b16f7895	16	2022-06-15 14:39:40.779266+00	2022-06-15 14:39:40.779266+00
018167ce-46c0-2ed4-e0e1-56a9b16f7895	17	2022-06-15 14:39:40.780284+00	2022-06-15 14:39:40.780284+00
018167ce-46c0-2ed4-e0e1-56a9b16f7895	10	2022-06-15 14:39:40.78127+00	2022-06-15 14:39:40.78127+00
018167ce-46c0-2ed4-e0e1-56a9b16f7895	4	2022-06-15 14:39:40.78222+00	2022-06-15 14:39:40.78222+00
018167ce-46c0-2ed4-e0e1-56a9b16f7895	20	2022-06-15 14:39:40.783156+00	2022-06-15 14:39:40.783156+00
018167ce-46c0-2ed4-e0e1-56a9b16f7895	5	2022-06-15 14:39:40.784081+00	2022-06-15 14:39:40.784081+00
018167ce-46c0-2ed4-e0e1-56a9b16f7895	9	2022-06-15 14:39:40.784888+00	2022-06-15 14:39:40.784888+00
018167ce-46c0-2ed4-e0e1-56a9b16f7895	3	2022-06-15 14:39:40.785842+00	2022-06-15 14:39:40.785842+00
018167ce-46c0-2ed4-e0e1-56a9b16f7895	6	2022-06-15 14:39:40.786767+00	2022-06-15 14:39:40.786767+00
018167ce-46c0-2ed4-e0e1-56a9b16f7895	11	2022-06-15 14:39:40.787658+00	2022-06-15 14:39:40.787658+00
018167ce-46c0-2ed4-e0e1-56a9b16f7895	19	2022-06-15 14:39:40.788559+00	2022-06-15 14:39:40.788559+00
018167ce-46c0-2ed4-e0e1-56a9b16f7895	18	2022-06-15 14:39:40.789503+00	2022-06-15 14:39:40.789503+00
\.


--
-- Data for Name: users_ip_addresses; Type: TABLE DATA; Schema: upchieve; Owner: admin
--

COPY upchieve.users_ip_addresses (id, ip_address_id, user_id, created_at, updated_at) FROM stdin;
\.


--
-- Data for Name: users_quizzes; Type: TABLE DATA; Schema: upchieve; Owner: admin
--

COPY upchieve.users_quizzes (user_id, quiz_id, attempts, passed, created_at, updated_at) FROM stdin;
018167ce-46c0-7ce6-87ba-9cc54d966595	1	1	t	2022-06-15 14:39:40.790499+00	2022-06-15 14:39:40.790499+00
018167ce-46c0-7ce6-87ba-9cc54d966595	16	1	t	2022-06-15 14:39:40.791764+00	2022-06-15 14:39:40.791764+00
018167ce-46c0-7ce6-87ba-9cc54d966595	17	1	t	2022-06-15 14:39:40.792771+00	2022-06-15 14:39:40.792771+00
018167ce-46c0-7ce6-87ba-9cc54d966595	10	1	t	2022-06-15 14:39:40.793732+00	2022-06-15 14:39:40.793732+00
018167ce-46c0-7ce6-87ba-9cc54d966595	4	1	t	2022-06-15 14:39:40.794753+00	2022-06-15 14:39:40.794753+00
018167ce-46c0-7ce6-87ba-9cc54d966595	20	1	t	2022-06-15 14:39:40.795811+00	2022-06-15 14:39:40.795811+00
018167ce-46c0-7ce6-87ba-9cc54d966595	5	1	t	2022-06-15 14:39:40.796731+00	2022-06-15 14:39:40.796731+00
018167ce-46c0-7ce6-87ba-9cc54d966595	9	1	t	2022-06-15 14:39:40.797711+00	2022-06-15 14:39:40.797711+00
018167ce-46c0-7ce6-87ba-9cc54d966595	3	1	t	2022-06-15 14:39:40.798896+00	2022-06-15 14:39:40.798896+00
018167ce-46c0-7ce6-87ba-9cc54d966595	6	1	t	2022-06-15 14:39:40.800087+00	2022-06-15 14:39:40.800087+00
018167ce-46c0-7ce6-87ba-9cc54d966595	11	1	t	2022-06-15 14:39:40.801083+00	2022-06-15 14:39:40.801083+00
018167ce-46c0-7ce6-87ba-9cc54d966595	19	1	t	2022-06-15 14:39:40.802114+00	2022-06-15 14:39:40.802114+00
018167ce-46c0-7ce6-87ba-9cc54d966595	18	1	t	2022-06-15 14:39:40.803079+00	2022-06-15 14:39:40.803079+00
018167ce-46c0-7ce6-87ba-9cc54d966595	15	1	t	2022-06-15 14:39:40.804011+00	2022-06-15 14:39:40.804011+00
018167ce-46c0-7ce6-87ba-9cc54d966595	23	1	t	2022-06-15 14:39:40.805061+00	2022-06-15 14:39:40.805061+00
018167ce-46c0-94e6-d983-4379a20b697e	1	1	t	2022-06-15 14:39:40.805943+00	2022-06-15 14:39:40.805943+00
018167ce-46c0-94e6-d983-4379a20b697e	16	1	t	2022-06-15 14:39:40.806871+00	2022-06-15 14:39:40.806871+00
018167ce-46c0-94e6-d983-4379a20b697e	17	1	t	2022-06-15 14:39:40.807764+00	2022-06-15 14:39:40.807764+00
018167ce-46c0-94e6-d983-4379a20b697e	10	1	t	2022-06-15 14:39:40.808737+00	2022-06-15 14:39:40.808737+00
018167ce-46c0-94e6-d983-4379a20b697e	4	1	t	2022-06-15 14:39:40.809761+00	2022-06-15 14:39:40.809761+00
018167ce-46c0-94e6-d983-4379a20b697e	20	1	t	2022-06-15 14:39:40.810683+00	2022-06-15 14:39:40.810683+00
018167ce-46c0-94e6-d983-4379a20b697e	5	1	t	2022-06-15 14:39:40.811685+00	2022-06-15 14:39:40.811685+00
018167ce-46c0-94e6-d983-4379a20b697e	9	1	t	2022-06-15 14:39:40.812664+00	2022-06-15 14:39:40.812664+00
018167ce-46c0-94e6-d983-4379a20b697e	3	1	t	2022-06-15 14:39:40.813941+00	2022-06-15 14:39:40.813941+00
018167ce-46c0-94e6-d983-4379a20b697e	6	1	t	2022-06-15 14:39:40.84943+00	2022-06-15 14:39:40.84943+00
018167ce-46c0-94e6-d983-4379a20b697e	11	1	t	2022-06-15 14:39:40.8506+00	2022-06-15 14:39:40.8506+00
018167ce-46c0-94e6-d983-4379a20b697e	19	1	t	2022-06-15 14:39:40.851714+00	2022-06-15 14:39:40.851714+00
018167ce-46c0-94e6-d983-4379a20b697e	18	1	t	2022-06-15 14:39:40.852677+00	2022-06-15 14:39:40.852677+00
018167ce-46c0-2ed4-e0e1-56a9b16f7895	1	1	t	2022-06-15 14:39:40.853843+00	2022-06-15 14:39:40.853843+00
018167ce-46c0-2ed4-e0e1-56a9b16f7895	16	1	t	2022-06-15 14:39:40.854766+00	2022-06-15 14:39:40.854766+00
018167ce-46c0-2ed4-e0e1-56a9b16f7895	17	1	t	2022-06-15 14:39:40.85571+00	2022-06-15 14:39:40.85571+00
018167ce-46c0-2ed4-e0e1-56a9b16f7895	10	1	t	2022-06-15 14:39:40.856526+00	2022-06-15 14:39:40.856526+00
018167ce-46c0-2ed4-e0e1-56a9b16f7895	4	1	t	2022-06-15 14:39:40.857299+00	2022-06-15 14:39:40.857299+00
018167ce-46c0-2ed4-e0e1-56a9b16f7895	20	1	t	2022-06-15 14:39:40.863991+00	2022-06-15 14:39:40.863991+00
018167ce-46c0-2ed4-e0e1-56a9b16f7895	5	1	t	2022-06-15 14:39:40.865054+00	2022-06-15 14:39:40.865054+00
018167ce-46c0-2ed4-e0e1-56a9b16f7895	9	1	t	2022-06-15 14:39:40.866057+00	2022-06-15 14:39:40.866057+00
018167ce-46c0-2ed4-e0e1-56a9b16f7895	3	1	t	2022-06-15 14:39:40.867069+00	2022-06-15 14:39:40.867069+00
018167ce-46c0-2ed4-e0e1-56a9b16f7895	6	1	t	2022-06-15 14:39:40.86807+00	2022-06-15 14:39:40.86807+00
018167ce-46c0-2ed4-e0e1-56a9b16f7895	11	1	t	2022-06-15 14:39:40.869027+00	2022-06-15 14:39:40.869027+00
018167ce-46c0-2ed4-e0e1-56a9b16f7895	19	1	t	2022-06-15 14:39:40.870094+00	2022-06-15 14:39:40.870094+00
018167ce-46c0-2ed4-e0e1-56a9b16f7895	18	1	t	2022-06-15 14:39:40.870883+00	2022-06-15 14:39:40.870883+00
\.


--
-- Data for Name: users_roles; Type: TABLE DATA; Schema: upchieve; Owner: admin
--

COPY upchieve.users_roles (user_id, role_id, created_at, updated_at) FROM stdin;
\.


--
-- Data for Name: users_surveys; Type: TABLE DATA; Schema: upchieve; Owner: admin
--

COPY upchieve.users_surveys (id, survey_id, user_id, created_at, updated_at) FROM stdin;
\.


--
-- Data for Name: users_surveys_submissions; Type: TABLE DATA; Schema: upchieve; Owner: admin
--

COPY upchieve.users_surveys_submissions (user_survey_id, survey_question_id, survey_response_choice_id, open_response, created_at, updated_at) FROM stdin;
\.


--
-- Data for Name: users_training_courses; Type: TABLE DATA; Schema: upchieve; Owner: admin
--

COPY upchieve.users_training_courses (user_id, training_course_id, complete, progress, completed_materials, created_at, updated_at) FROM stdin;
\.


--
-- Data for Name: volunteer_occupations; Type: TABLE DATA; Schema: upchieve; Owner: admin
--

COPY upchieve.volunteer_occupations (user_id, occupation, created_at, updated_at) FROM stdin;
\.


--
-- Data for Name: volunteer_profiles; Type: TABLE DATA; Schema: upchieve; Owner: admin
--

COPY upchieve.volunteer_profiles (user_id, volunteer_partner_org_id, timezone, approved, onboarded, photo_id_s3_key, photo_id_status, linkedin_url, college, company, languages, experience, city, state, country, created_at, updated_at, total_volunteer_hours, elapsed_availability) FROM stdin;
018167ce-46c0-7ce6-87ba-9cc54d966595	018167ce-46a5-876a-bbef-3ef176962e90	America/New_York	t	t	\N	\N	\N	Volunteer College	\N	\N	\N	\N	\N	\N	2022-06-15 14:39:40.745866+00	2022-06-15 14:39:40.745866+00	\N	\N
018167ce-46c0-94e6-d983-4379a20b697e	018167ce-46a5-0863-2780-149f4cc0e6ab	America/New_York	t	t	\N	\N	\N	Volunteer College	\N	\N	\N	\N	\N	\N	2022-06-15 14:39:40.747272+00	2022-06-15 14:39:40.747272+00	\N	\N
018167ce-46c0-2ed4-e0e1-56a9b16f7895	\N	America/Denver	t	t	\N	\N	\N	Volunteer College	\N	\N	\N	\N	\N	\N	2022-06-15 14:39:40.748377+00	2022-06-15 14:39:40.748377+00	\N	\N
018167ce-46c0-bcfe-d818-fe070b1db5e2	\N	America/New_York	t	f	\N	\N	\N	Volunteer College	\N	\N	\N	\N	\N	\N	2022-06-15 14:39:40.749468+00	2022-06-15 14:39:40.749468+00	\N	\N
018167ce-46c0-c6a5-100b-0081398cac64	\N	America/New_York	f	f	\N	\N	\N	Volunteer College	\N	\N	\N	\N	\N	\N	2022-06-15 14:39:40.750483+00	2022-06-15 14:39:40.750483+00	\N	\N
018167ce-46c0-fc27-94ee-7179eff65f43	\N	America/New_York	t	t	\N	\N	\N		\N	\N	\N	\N	\N	\N	2022-06-15 14:39:40.751339+00	2022-06-15 14:39:40.751339+00	\N	\N
\.


--
-- Data for Name: volunteer_reference_statuses; Type: TABLE DATA; Schema: upchieve; Owner: admin
--

COPY upchieve.volunteer_reference_statuses (id, name, created_at, updated_at) FROM stdin;
1	sent	2022-06-15 14:39:38.174632+00	2022-06-15 14:39:38.174632+00
2	submitted	2022-06-15 14:39:38.17589+00	2022-06-15 14:39:38.17589+00
3	approved	2022-06-15 14:39:38.176819+00	2022-06-15 14:39:38.176819+00
4	rejected	2022-06-15 14:39:38.177956+00	2022-06-15 14:39:38.177956+00
5	removed	2022-06-15 14:39:38.178858+00	2022-06-15 14:39:38.178858+00
6	unsent	2022-06-15 14:39:38.179775+00	2022-06-15 14:39:38.179775+00
\.


--
-- Data for Name: volunteer_references; Type: TABLE DATA; Schema: upchieve; Owner: admin
--

COPY upchieve.volunteer_references (id, user_id, first_name, last_name, email, status_id, sent_at, affiliation, relationship_length, patient, positive_role_model, agreeable_and_approachable, communicates_effectively, rejection_reason, additional_info, created_at, updated_at, trustworthy_with_children) FROM stdin;
\.


--
-- Name: ban_reasons_id_seq; Type: SEQUENCE SET; Schema: upchieve; Owner: admin
--

SELECT pg_catalog.setval('upchieve.ban_reasons_id_seq', 5, true);


--
-- Name: certifications_id_seq; Type: SEQUENCE SET; Schema: upchieve; Owner: admin
--

SELECT pg_catalog.setval('upchieve.certifications_id_seq', 22, true);


--
-- Name: cities_id_seq; Type: SEQUENCE SET; Schema: upchieve; Owner: admin
--

SELECT pg_catalog.setval('upchieve.cities_id_seq', 2, true);


--
-- Name: grade_levels_id_seq; Type: SEQUENCE SET; Schema: upchieve; Owner: admin
--

SELECT pg_catalog.setval('upchieve.grade_levels_id_seq', 6, true);


--
-- Name: ip_addresses_id_seq; Type: SEQUENCE SET; Schema: upchieve; Owner: admin
--

SELECT pg_catalog.setval('upchieve.ip_addresses_id_seq', 1, false);


--
-- Name: notification_methods_id_seq; Type: SEQUENCE SET; Schema: upchieve; Owner: admin
--

SELECT pg_catalog.setval('upchieve.notification_methods_id_seq', 4, true);


--
-- Name: notification_priority_groups_id_seq; Type: SEQUENCE SET; Schema: upchieve; Owner: admin
--

SELECT pg_catalog.setval('upchieve.notification_priority_groups_id_seq', 19, true);


--
-- Name: notification_types_id_seq; Type: SEQUENCE SET; Schema: upchieve; Owner: admin
--

SELECT pg_catalog.setval('upchieve.notification_types_id_seq', 2, true);


--
-- Name: photo_id_statuses_id_seq; Type: SEQUENCE SET; Schema: upchieve; Owner: admin
--

SELECT pg_catalog.setval('upchieve.photo_id_statuses_id_seq', 4, true);


--
-- Name: question_tags_id_seq; Type: SEQUENCE SET; Schema: upchieve; Owner: admin
--

SELECT pg_catalog.setval('upchieve.question_tags_id_seq', 1, false);


--
-- Name: question_types_id_seq; Type: SEQUENCE SET; Schema: upchieve; Owner: admin
--

SELECT pg_catalog.setval('upchieve.question_types_id_seq', 1, false);


--
-- Name: quiz_questions_id_seq; Type: SEQUENCE SET; Schema: upchieve; Owner: admin
--

SELECT pg_catalog.setval('upchieve.quiz_questions_id_seq', 1, false);


--
-- Name: quiz_subcategories_id_seq; Type: SEQUENCE SET; Schema: upchieve; Owner: admin
--

SELECT pg_catalog.setval('upchieve.quiz_subcategories_id_seq', 299, true);


--
-- Name: quizzes_id_seq; Type: SEQUENCE SET; Schema: upchieve; Owner: admin
--

SELECT pg_catalog.setval('upchieve.quizzes_id_seq', 24, true);


--
-- Name: report_reasons_id_seq; Type: SEQUENCE SET; Schema: upchieve; Owner: admin
--

SELECT pg_catalog.setval('upchieve.report_reasons_id_seq', 5, true);


--
-- Name: session_flags_id_seq; Type: SEQUENCE SET; Schema: upchieve; Owner: admin
--

SELECT pg_catalog.setval('upchieve.session_flags_id_seq', 12, true);


--
-- Name: signup_sources_id_seq; Type: SEQUENCE SET; Schema: upchieve; Owner: admin
--

SELECT pg_catalog.setval('upchieve.signup_sources_id_seq', 6, true);


--
-- Name: subjects_id_seq; Type: SEQUENCE SET; Schema: upchieve; Owner: admin
--

SELECT pg_catalog.setval('upchieve.subjects_id_seq', 25, true);


--
-- Name: survey_questions_id_seq; Type: SEQUENCE SET; Schema: upchieve; Owner: admin
--

SELECT pg_catalog.setval('upchieve.survey_questions_id_seq', 1, false);


--
-- Name: survey_questions_question_tags_id_seq; Type: SEQUENCE SET; Schema: upchieve; Owner: admin
--

SELECT pg_catalog.setval('upchieve.survey_questions_question_tags_id_seq', 1, false);


--
-- Name: survey_response_choices_id_seq; Type: SEQUENCE SET; Schema: upchieve; Owner: admin
--

SELECT pg_catalog.setval('upchieve.survey_response_choices_id_seq', 1, false);


--
-- Name: surveys_id_seq; Type: SEQUENCE SET; Schema: upchieve; Owner: admin
--

SELECT pg_catalog.setval('upchieve.surveys_id_seq', 1, false);


--
-- Name: surveys_survey_questions_id_seq; Type: SEQUENCE SET; Schema: upchieve; Owner: admin
--

SELECT pg_catalog.setval('upchieve.surveys_survey_questions_id_seq', 1, false);


--
-- Name: tool_types_id_seq; Type: SEQUENCE SET; Schema: upchieve; Owner: admin
--

SELECT pg_catalog.setval('upchieve.tool_types_id_seq', 2, true);


--
-- Name: topics_id_seq; Type: SEQUENCE SET; Schema: upchieve; Owner: admin
--

SELECT pg_catalog.setval('upchieve.topics_id_seq', 5, true);


--
-- Name: training_courses_id_seq; Type: SEQUENCE SET; Schema: upchieve; Owner: admin
--

SELECT pg_catalog.setval('upchieve.training_courses_id_seq', 1, true);


--
-- Name: user_actions_id_seq; Type: SEQUENCE SET; Schema: upchieve; Owner: admin
--

SELECT pg_catalog.setval('upchieve.user_actions_id_seq', 1, false);


--
-- Name: user_roles_id_seq; Type: SEQUENCE SET; Schema: upchieve; Owner: admin
--

SELECT pg_catalog.setval('upchieve.user_roles_id_seq', 3, true);


--
-- Name: volunteer_reference_statuses_id_seq; Type: SEQUENCE SET; Schema: upchieve; Owner: admin
--

SELECT pg_catalog.setval('upchieve.volunteer_reference_statuses_id_seq', 6, true);


--
-- Name: weekdays_id_seq; Type: SEQUENCE SET; Schema: upchieve; Owner: admin
--

SELECT pg_catalog.setval('upchieve.weekdays_id_seq', 1, false);


--
-- PostgreSQL database dump complete
--

