--
-- PostgreSQL database dump
--

-- Dumped from database version 14.2 (Debian 14.2-1.pgdg110+1)
-- Dumped by pg_dump version 14.2

SET statement_timeout = 0;
SET lock_timeout = 0;
SET idle_in_transaction_session_timeout = 0;
SET client_encoding = 'UTF8';
SET standard_conforming_strings = on;
SELECT pg_catalog.set_config('search_path', '', false);
SET check_function_bodies = false;
SET xmloption = content;
SET client_min_messages = warning;
SET row_security = off;

--
-- Data for Name: ban_reasons; Type: TABLE DATA; Schema: upchieve; Owner: admin
--

COPY upchieve.ban_reasons (id, name, created_at, updated_at) FROM stdin;
1	non us signup	2022-10-13 23:33:17.941014+00	2022-10-13 23:33:17.941014+00
2	session reported	2022-10-13 23:33:17.945045+00	2022-10-13 23:33:17.945045+00
3	used banned ip	2022-10-13 23:33:17.94763+00	2022-10-13 23:33:17.94763+00
4	admin	2022-10-13 23:33:17.950329+00	2022-10-13 23:33:17.950329+00
5	banned service provider	2022-10-13 23:33:17.95256+00	2022-10-13 23:33:17.95256+00
\.


--
-- Data for Name: signup_sources; Type: TABLE DATA; Schema: upchieve; Owner: admin
--

COPY upchieve.signup_sources (id, name, created_at, updated_at) FROM stdin;
1	Web search	2022-10-13 23:33:17.955608+00	2022-10-13 23:33:17.955608+00
2	Social media	2022-10-13 23:33:17.95969+00	2022-10-13 23:33:17.95969+00
3	Friend / Classmate	2022-10-13 23:33:17.962946+00	2022-10-13 23:33:17.962946+00
4	School / Teacher	2022-10-13 23:33:17.965826+00	2022-10-13 23:33:17.965826+00
5	Parent / Relative	2022-10-13 23:33:17.968402+00	2022-10-13 23:33:17.968402+00
6	Other	2022-10-13 23:33:17.971004+00	2022-10-13 23:33:17.971004+00
7	Roster	2022-10-13 23:33:20.192624+00	2022-10-13 23:33:20.192624+00
\.


--
-- Data for Name: users; Type: TABLE DATA; Schema: upchieve; Owner: admin
--

COPY upchieve.users (id, verified, email_verified, phone_verified, email, password, password_reset_token, first_name, last_name, deactivated, last_activity_at, referral_code, referred_by, test_user, banned, ban_reason_id, time_tutored, signup_source_id, created_at, updated_at, phone, mongo_id) FROM stdin;
0183d3b2-0be4-981d-73c8-5601113f8471	t	f	f	volunteer1@upchieve.org	$2a$10$z.JMHnbX9IubnNZtqI.FOecTPVY1VTU1DJ6AJGIOT/x/OyAtdw3.y	\N	Partner	UPchieve	f	\N	B	\N	f	f	\N	25200000	\N	2022-10-13 23:33:24.604329+00	2022-10-13 23:33:24.604329+00	+12125551212	\N
0183d3b2-0be4-6e0d-0441-9a2a06a75ec2	t	f	f	volunteer2@upchieve.org	$2a$10$z.JMHnbX9IubnNZtqI.FOecTPVY1VTU1DJ6AJGIOT/x/OyAtdw3.y	\N	Special Reporting	UPchieve	f	\N	C	\N	f	f	\N	25200000	\N	2022-10-13 23:33:24.615758+00	2022-10-13 23:33:24.615758+00	+12125551213	\N
0183d3b2-0be4-5f5c-57b1-4f6c178cda36	t	f	f	volunteer3@upchieve.org	$2a$10$z.JMHnbX9IubnNZtqI.FOecTPVY1VTU1DJ6AJGIOT/x/OyAtdw3.y	\N	Open Sign Up	UPchieve	f	\N	D	\N	f	f	\N	25200000	\N	2022-10-13 23:33:24.624672+00	2022-10-13 23:33:24.624672+00	+12125551214	\N
0183d3b2-0be4-661d-9744-1cd132956dc9	t	f	f	volunteer4@upchieve.org	$2a$10$z.JMHnbX9IubnNZtqI.FOecTPVY1VTU1DJ6AJGIOT/x/OyAtdw3.y	\N	Needs Onboarding	UPchieve	f	\N	E	\N	f	f	\N	0	\N	2022-10-13 23:33:24.634614+00	2022-10-13 23:33:24.634614+00	+12125551215	\N
0183d3b2-0be4-585a-a8e6-17e397b71008	t	f	f	volunteer5@upchieve.org	$2a$10$z.JMHnbX9IubnNZtqI.FOecTPVY1VTU1DJ6AJGIOT/x/OyAtdw3.y	\N	Needs Approval	UPchieve	f	\N	Z	\N	f	f	\N	0	\N	2022-10-13 23:33:24.644554+00	2022-10-13 23:33:24.644554+00	+12125551216	\N
0183d3b2-0be4-8baf-629d-562337fb7349	t	f	f	volunteer6@upchieve.org	$2a$10$z.JMHnbX9IubnNZtqI.FOecTPVY1VTU1DJ6AJGIOT/x/OyAtdw3.y	\N	Admin	UPchieve	f	\N	Y	\N	f	f	\N	0	\N	2022-10-13 23:33:24.653567+00	2022-10-13 23:33:24.653567+00	+12125551217	\N
0183d3b2-0d7c-676f-6f2f-d3fc214a296c	t	f	f	student1@upchieve.org	$2a$10$z.JMHnbX9IubnNZtqI.FOecTPVY1VTU1DJ6AJGIOT/x/OyAtdw3.y	\N	Student	UPchieve	f	\N	A	\N	f	f	\N	\N	\N	2022-10-13 23:33:25.012926+00	2022-10-13 23:33:25.012926+00	\N	\N
0183d3b2-0d7c-b216-e2fb-0ebbf3f7e8ed	t	f	f	student2@upchieve.org	$2a$10$z.JMHnbX9IubnNZtqI.FOecTPVY1VTU1DJ6AJGIOT/x/OyAtdw3.y	\N	Student	UPchieve	f	\N	F	\N	f	f	\N	\N	\N	2022-10-13 23:33:25.01915+00	2022-10-13 23:33:25.01915+00	\N	\N
0183d3b2-0d7c-dfd1-3917-922a7efc7037	t	f	f	student3@upchieve.org	$2a$10$z.JMHnbX9IubnNZtqI.FOecTPVY1VTU1DJ6AJGIOT/x/OyAtdw3.y	\N	Student	UPchieve	f	\N	G	\N	f	f	\N	\N	\N	2022-10-13 23:33:25.025204+00	2022-10-13 23:33:25.025204+00	\N	\N
\.


--
-- Data for Name: admin_profiles; Type: TABLE DATA; Schema: upchieve; Owner: admin
--

COPY upchieve.admin_profiles (user_id, created_at, updated_at) FROM stdin;
0183d3b2-0be4-8baf-629d-562337fb7349	2022-10-13 23:33:25.010273+00	2022-10-13 23:33:25.010273+00
\.


--
-- Data for Name: tool_types; Type: TABLE DATA; Schema: upchieve; Owner: admin
--

COPY upchieve.tool_types (id, name, created_at, updated_at) FROM stdin;
1	whiteboard	2022-10-13 23:33:18.038681+00	2022-10-13 23:33:18.038681+00
2	documenteditor	2022-10-13 23:33:18.041811+00	2022-10-13 23:33:18.041811+00
\.


--
-- Data for Name: topics; Type: TABLE DATA; Schema: upchieve; Owner: admin
--

COPY upchieve.topics (id, name, icon_link, color, dashboard_order, display_name, created_at, updated_at) FROM stdin;
1	math	\N	\N	1	Math	2022-10-13 23:33:18.024145+00	2022-10-13 23:33:18.024145+00
2	science	\N	\N	4	Science	2022-10-13 23:33:18.027785+00	2022-10-13 23:33:18.027785+00
3	college	\N	\N	3	College Counseling	2022-10-13 23:33:18.030972+00	2022-10-13 23:33:18.030972+00
4	sat	\N	\N	2	Standardized Testing	2022-10-13 23:33:18.03348+00	2022-10-13 23:33:18.03348+00
5	readingWriting	\N	\N	5	Reading and Writing	2022-10-13 23:33:18.035959+00	2022-10-13 23:33:18.035959+00
6	socialStudies	\N	\N	6	Social Studies	2022-10-13 23:33:19.901119+00	2022-10-13 23:33:19.901119+00
\.


--
-- Data for Name: subjects; Type: TABLE DATA; Schema: upchieve; Owner: admin
--

COPY upchieve.subjects (id, name, display_name, display_order, topic_id, tool_type_id, created_at, updated_at) FROM stdin;
1	prealgebra	Prealgebra	1	1	1	2022-10-13 23:33:18.045403+00	2022-10-13 23:33:18.045403+00
2	algebraOne	Algebra 1	2	1	1	2022-10-13 23:33:18.049576+00	2022-10-13 23:33:18.049576+00
3	algebraTwo	Algebra 2	3	1	1	2022-10-13 23:33:18.052299+00	2022-10-13 23:33:18.052299+00
4	geometry	Geometry	4	1	1	2022-10-13 23:33:18.054795+00	2022-10-13 23:33:18.054795+00
5	trigonometry	Trigonometry	5	1	1	2022-10-13 23:33:18.057727+00	2022-10-13 23:33:18.057727+00
6	precalculus	Precalculus	6	1	1	2022-10-13 23:33:18.061184+00	2022-10-13 23:33:18.061184+00
7	calculusAB	Calculus AB	7	1	1	2022-10-13 23:33:18.064586+00	2022-10-13 23:33:18.064586+00
8	calculusBC	Calculus BC	8	1	1	2022-10-13 23:33:18.067242+00	2022-10-13 23:33:18.067242+00
9	statistics	Statistics	9	1	1	2022-10-13 23:33:18.069595+00	2022-10-13 23:33:18.069595+00
10	biology	Biology	1	2	1	2022-10-13 23:33:18.072385+00	2022-10-13 23:33:18.072385+00
11	chemistry	Chemistry	2	2	1	2022-10-13 23:33:18.075197+00	2022-10-13 23:33:18.075197+00
12	physicsOne	Physics 1	3	2	1	2022-10-13 23:33:18.078332+00	2022-10-13 23:33:18.078332+00
13	physicsTwo	Physics 2	4	2	1	2022-10-13 23:33:18.081462+00	2022-10-13 23:33:18.081462+00
14	environmentalScience	Environmental Science	5	2	1	2022-10-13 23:33:18.085139+00	2022-10-13 23:33:18.085139+00
15	satMath	SAT Math	1	4	1	2022-10-13 23:33:18.08813+00	2022-10-13 23:33:18.08813+00
16	satReading	SAT Reading	2	4	2	2022-10-13 23:33:18.090982+00	2022-10-13 23:33:18.090982+00
17	essays	College Essays	2	3	2	2022-10-13 23:33:18.09417+00	2022-10-13 23:33:18.09417+00
18	planning	Planning	1	3	2	2022-10-13 23:33:18.097284+00	2022-10-13 23:33:18.097284+00
19	applications	Applications	3	3	2	2022-10-13 23:33:18.100486+00	2022-10-13 23:33:18.100486+00
20	humanitiesEssays	Humanities Essays	1	5	2	2022-10-13 23:33:18.103302+00	2022-10-13 23:33:18.103302+00
21	integratedMathOne	Integrated Math One	9	1	1	2022-10-13 23:33:18.106368+00	2022-10-13 23:33:18.106368+00
22	integratedMathTwo	Integrated Math Two	9	1	1	2022-10-13 23:33:18.109443+00	2022-10-13 23:33:18.109443+00
23	integratedMathThree	Integrated Math Three	9	1	1	2022-10-13 23:33:18.113274+00	2022-10-13 23:33:18.113274+00
24	integratedMathFour	Integrated Math Four	9	1	1	2022-10-13 23:33:18.115924+00	2022-10-13 23:33:18.115924+00
25	reading	Reading	2	5	2	2022-10-13 23:33:19.770546+00	2022-10-13 23:33:19.770546+00
26	usHistory	U.S. History	1	6	2	2022-10-13 23:33:19.901119+00	2022-10-13 23:33:19.901119+00
\.


--
-- Data for Name: user_roles; Type: TABLE DATA; Schema: upchieve; Owner: admin
--

COPY upchieve.user_roles (id, name, created_at, updated_at) FROM stdin;
1	student	2022-10-13 23:33:17.931833+00	2022-10-13 23:33:17.931833+00
2	volunteer	2022-10-13 23:33:17.935298+00	2022-10-13 23:33:17.935298+00
3	admin	2022-10-13 23:33:17.938383+00	2022-10-13 23:33:17.938383+00
\.


--
-- Data for Name: sessions; Type: TABLE DATA; Schema: upchieve; Owner: admin
--

COPY upchieve.sessions (id, student_id, volunteer_id, subject_id, has_whiteboard_doc, quill_doc, volunteer_joined_at, ended_at, ended_by_role_id, reviewed, to_review, student_banned, time_tutored, created_at, updated_at, mongo_id) FROM stdin;
\.


--
-- Data for Name: assistments_data; Type: TABLE DATA; Schema: upchieve; Owner: admin
--

COPY upchieve.assistments_data (id, problem_id, assignment_id, student_id, session_id, sent, created_at, updated_at, sent_at, mongo_id) FROM stdin;
\.


--
-- Data for Name: sponsor_orgs; Type: TABLE DATA; Schema: upchieve; Owner: admin
--

COPY upchieve.sponsor_orgs (id, name, created_at, updated_at, key) FROM stdin;
0183d3b2-0bc5-2b82-74e1-2aabfc5e049b	Only Sponsors Schools	2022-10-13 23:33:24.573641+00	2022-10-13 23:33:24.573641+00	onlySponsorsSchools
0183d3b2-0bc5-cd2c-4d91-ea5f0e869a12	Only Sponsors Partner Orgs	2022-10-13 23:33:24.577777+00	2022-10-13 23:33:24.577777+00	onlySponsorsPartnerOrgs
0183d3b2-0bc5-d4b5-c649-23dbf9aeabbe	Sponsors Both	2022-10-13 23:33:24.580524+00	2022-10-13 23:33:24.580524+00	sponsorsBoth
\.


--
-- Data for Name: student_partner_orgs; Type: TABLE DATA; Schema: upchieve; Owner: admin
--

COPY upchieve.student_partner_orgs (id, key, name, signup_code, high_school_signup, college_signup, school_signup_required, created_at, updated_at, school_id) FROM stdin;
0183d3b2-0b31-2433-4dbf-df732f987fa3	college-mentors	College Mentors	MENTORS	t	f	t	2022-10-13 23:33:24.505213+00	2022-10-13 23:33:24.505213+00	\N
0183d3b2-0b31-85bc-650f-3095396f0d6a	community-org	Community Org	COMMUNITY	t	f	f	2022-10-13 23:33:24.514347+00	2022-10-13 23:33:24.514347+00	\N
0183d3b2-0b31-e782-5ddd-3c53dc522812	school-helpers	School Helpers	SCHOOLHELPERS	f	f	f	2022-10-13 23:33:24.517249+00	2022-10-13 23:33:24.517249+00	\N
0183d3b2-0b31-f255-0969-55090d37edc0	college-learners	College Learners	COLLEGELEARNERS	f	t	t	2022-10-13 23:33:24.522342+00	2022-10-13 23:33:24.522342+00	\N
0183d3b2-0b31-78dc-a59c-c6bcd9704747	all-the-students	All The Students	ALLTHESTUDENTS	t	t	t	2022-10-13 23:33:24.52532+00	2022-10-13 23:33:24.52532+00	\N
\.


--
-- Data for Name: volunteer_partner_orgs; Type: TABLE DATA; Schema: upchieve; Owner: admin
--

COPY upchieve.volunteer_partner_orgs (id, key, name, receive_weekly_hour_summary_email, created_at, updated_at) FROM stdin;
0183d3b2-0ba2-6a89-9a17-743a578f4e72	big-telecom	Big Telecom	t	2022-10-13 23:33:24.538716+00	2022-10-13 23:33:24.538716+00
0183d3b2-0ba2-b7ad-792a-04e2a17ebe6b	health-co	Health Co	f	2022-10-13 23:33:24.542048+00	2022-10-13 23:33:24.542048+00
\.


--
-- Data for Name: associated_partners; Type: TABLE DATA; Schema: upchieve; Owner: admin
--

COPY upchieve.associated_partners (id, key, volunteer_partner_org_id, student_partner_org_id, student_sponsor_org_id, created_at, updated_at) FROM stdin;
0183d3b2-0bdd-2058-4a1c-300d622af309	associatedWithSponsorOrg	0183d3b2-0ba2-6a89-9a17-743a578f4e72	\N	0183d3b2-0bc5-2b82-74e1-2aabfc5e049b	2022-10-13 23:33:24.597135+00	2022-10-13 23:33:24.597135+00
0183d3b2-0bdd-4bff-5e2c-422fc4b46635	associatedWithPartnerOrg	0183d3b2-0ba2-6a89-9a17-743a578f4e72	0183d3b2-0b31-2433-4dbf-df732f987fa3	\N	2022-10-13 23:33:24.600473+00	2022-10-13 23:33:24.600473+00
\.


--
-- Data for Name: weekdays; Type: TABLE DATA; Schema: upchieve; Owner: admin
--

COPY upchieve.weekdays (id, day, created_at, updated_at) FROM stdin;
1	Sunday	2022-10-13 23:33:17.908488+00	2022-10-13 23:33:17.908488+00
2	Monday	2022-10-13 23:33:17.912477+00	2022-10-13 23:33:17.912477+00
3	Tuesday	2022-10-13 23:33:17.915643+00	2022-10-13 23:33:17.915643+00
4	Wednesday	2022-10-13 23:33:17.919182+00	2022-10-13 23:33:17.919182+00
5	Thursday	2022-10-13 23:33:17.922248+00	2022-10-13 23:33:17.922248+00
6	Friday	2022-10-13 23:33:17.925141+00	2022-10-13 23:33:17.925141+00
7	Saturday	2022-10-13 23:33:17.928152+00	2022-10-13 23:33:17.928152+00
\.


--
-- Data for Name: availabilities; Type: TABLE DATA; Schema: upchieve; Owner: admin
--

COPY upchieve.availabilities (id, user_id, weekday_id, available_start, available_end, timezone, created_at, updated_at) FROM stdin;
\.


--
-- Data for Name: availability_histories; Type: TABLE DATA; Schema: upchieve; Owner: admin
--

COPY upchieve.availability_histories (id, user_id, weekday_id, available_start, available_end, timezone, recorded_at, created_at, updated_at) FROM stdin;
\.


--
-- Data for Name: certifications; Type: TABLE DATA; Schema: upchieve; Owner: admin
--

COPY upchieve.certifications (id, name, created_at, updated_at) FROM stdin;
1	prealgebra	2022-10-13 23:33:19.141773+00	2022-10-13 23:33:19.141773+00
2	statistics	2022-10-13 23:33:19.14418+00	2022-10-13 23:33:19.14418+00
3	geometry	2022-10-13 23:33:19.146332+00	2022-10-13 23:33:19.146332+00
4	biology	2022-10-13 23:33:19.148308+00	2022-10-13 23:33:19.148308+00
5	chemistry	2022-10-13 23:33:19.150251+00	2022-10-13 23:33:19.150251+00
6	physicsOne	2022-10-13 23:33:19.152227+00	2022-10-13 23:33:19.152227+00
7	physicsTwo	2022-10-13 23:33:19.154189+00	2022-10-13 23:33:19.154189+00
8	environmentalScience	2022-10-13 23:33:19.156042+00	2022-10-13 23:33:19.156042+00
9	essays	2022-10-13 23:33:19.158242+00	2022-10-13 23:33:19.158242+00
10	applications	2022-10-13 23:33:19.160195+00	2022-10-13 23:33:19.160195+00
11	planning	2022-10-13 23:33:19.162058+00	2022-10-13 23:33:19.162058+00
12	satMath	2022-10-13 23:33:19.164314+00	2022-10-13 23:33:19.164314+00
13	satReading	2022-10-13 23:33:19.166595+00	2022-10-13 23:33:19.166595+00
14	collegeCounseling	2022-10-13 23:33:19.16872+00	2022-10-13 23:33:19.16872+00
15	humanitiesEssays	2022-10-13 23:33:19.170714+00	2022-10-13 23:33:19.170714+00
16	algebraOne	2022-10-13 23:33:19.172781+00	2022-10-13 23:33:19.172781+00
17	algebraTwo	2022-10-13 23:33:19.174765+00	2022-10-13 23:33:19.174765+00
18	trigonometry	2022-10-13 23:33:19.176778+00	2022-10-13 23:33:19.176778+00
19	precalculus	2022-10-13 23:33:19.178619+00	2022-10-13 23:33:19.178619+00
20	calculusAB	2022-10-13 23:33:19.181425+00	2022-10-13 23:33:19.181425+00
21	calculusBC	2022-10-13 23:33:19.183477+00	2022-10-13 23:33:19.183477+00
22	reading	2022-10-13 23:33:19.770546+00	2022-10-13 23:33:19.770546+00
23	usHistory	2022-10-13 23:33:19.901119+00	2022-10-13 23:33:19.901119+00
\.


--
-- Data for Name: certification_subject_unlocks; Type: TABLE DATA; Schema: upchieve; Owner: admin
--

COPY upchieve.certification_subject_unlocks (subject_id, certification_id, created_at, updated_at) FROM stdin;
21	16	2022-10-13 23:33:19.326564+00	2022-10-13 23:33:19.326564+00
21	3	2022-10-13 23:33:19.330477+00	2022-10-13 23:33:19.330477+00
21	2	2022-10-13 23:33:19.335538+00	2022-10-13 23:33:19.335538+00
22	16	2022-10-13 23:33:19.338232+00	2022-10-13 23:33:19.338232+00
22	3	2022-10-13 23:33:19.341078+00	2022-10-13 23:33:19.341078+00
22	2	2022-10-13 23:33:19.343511+00	2022-10-13 23:33:19.343511+00
22	18	2022-10-13 23:33:19.346064+00	2022-10-13 23:33:19.346064+00
23	19	2022-10-13 23:33:19.351475+00	2022-10-13 23:33:19.351475+00
23	2	2022-10-13 23:33:19.355113+00	2022-10-13 23:33:19.355113+00
24	19	2022-10-13 23:33:19.357396+00	2022-10-13 23:33:19.357396+00
1	1	2022-10-13 23:33:19.360302+00	2022-10-13 23:33:19.360302+00
9	2	2022-10-13 23:33:19.362963+00	2022-10-13 23:33:19.362963+00
4	3	2022-10-13 23:33:19.367347+00	2022-10-13 23:33:19.367347+00
10	4	2022-10-13 23:33:19.370475+00	2022-10-13 23:33:19.370475+00
11	5	2022-10-13 23:33:19.373169+00	2022-10-13 23:33:19.373169+00
12	6	2022-10-13 23:33:19.375514+00	2022-10-13 23:33:19.375514+00
13	7	2022-10-13 23:33:19.378549+00	2022-10-13 23:33:19.378549+00
14	8	2022-10-13 23:33:19.382633+00	2022-10-13 23:33:19.382633+00
17	9	2022-10-13 23:33:19.386929+00	2022-10-13 23:33:19.386929+00
19	10	2022-10-13 23:33:19.389321+00	2022-10-13 23:33:19.389321+00
18	11	2022-10-13 23:33:19.391335+00	2022-10-13 23:33:19.391335+00
15	12	2022-10-13 23:33:19.393981+00	2022-10-13 23:33:19.393981+00
16	13	2022-10-13 23:33:19.398234+00	2022-10-13 23:33:19.398234+00
20	15	2022-10-13 23:33:19.403229+00	2022-10-13 23:33:19.403229+00
2	16	2022-10-13 23:33:19.406066+00	2022-10-13 23:33:19.406066+00
3	17	2022-10-13 23:33:19.409175+00	2022-10-13 23:33:19.409175+00
5	18	2022-10-13 23:33:19.411777+00	2022-10-13 23:33:19.411777+00
6	19	2022-10-13 23:33:19.416905+00	2022-10-13 23:33:19.416905+00
7	20	2022-10-13 23:33:19.419575+00	2022-10-13 23:33:19.419575+00
8	21	2022-10-13 23:33:19.422506+00	2022-10-13 23:33:19.422506+00
25	22	2022-10-13 23:33:19.770546+00	2022-10-13 23:33:19.770546+00
26	23	2022-10-13 23:33:19.901119+00	2022-10-13 23:33:19.901119+00
\.


--
-- Data for Name: us_states; Type: TABLE DATA; Schema: upchieve; Owner: admin
--

COPY upchieve.us_states (code, name, created_at, updated_at) FROM stdin;
AL	Alabama	2022-10-13 23:33:17.110946+00	2022-10-13 23:33:17.110946+00
AK	Alaska	2022-10-13 23:33:17.118998+00	2022-10-13 23:33:17.118998+00
AR	Arkansas	2022-10-13 23:33:17.124173+00	2022-10-13 23:33:17.124173+00
AZ	Arizona	2022-10-13 23:33:17.129181+00	2022-10-13 23:33:17.129181+00
CA	California	2022-10-13 23:33:17.133331+00	2022-10-13 23:33:17.133331+00
CO	Colorado	2022-10-13 23:33:17.139598+00	2022-10-13 23:33:17.139598+00
CT	Connecticut	2022-10-13 23:33:17.143821+00	2022-10-13 23:33:17.143821+00
DE	Delaware	2022-10-13 23:33:17.150479+00	2022-10-13 23:33:17.150479+00
DC	District of Columbia	2022-10-13 23:33:17.154656+00	2022-10-13 23:33:17.154656+00
FL	Florida	2022-10-13 23:33:17.161967+00	2022-10-13 23:33:17.161967+00
GA	Georgia	2022-10-13 23:33:17.167711+00	2022-10-13 23:33:17.167711+00
HI	Hawaii	2022-10-13 23:33:17.172219+00	2022-10-13 23:33:17.172219+00
ID	Idaho	2022-10-13 23:33:17.176636+00	2022-10-13 23:33:17.176636+00
IL	Illinois	2022-10-13 23:33:17.182967+00	2022-10-13 23:33:17.182967+00
IN	Indiana	2022-10-13 23:33:17.187206+00	2022-10-13 23:33:17.187206+00
IA	Iowa	2022-10-13 23:33:17.191044+00	2022-10-13 23:33:17.191044+00
KS	Kansas	2022-10-13 23:33:17.196369+00	2022-10-13 23:33:17.196369+00
KY	Kentucky	2022-10-13 23:33:17.200364+00	2022-10-13 23:33:17.200364+00
LA	Louisiana	2022-10-13 23:33:17.208027+00	2022-10-13 23:33:17.208027+00
ME	Maine	2022-10-13 23:33:17.212588+00	2022-10-13 23:33:17.212588+00
MD	Maryland	2022-10-13 23:33:17.217202+00	2022-10-13 23:33:17.217202+00
MA	Massachusetts	2022-10-13 23:33:17.219815+00	2022-10-13 23:33:17.219815+00
MI	Michigan	2022-10-13 23:33:17.222603+00	2022-10-13 23:33:17.222603+00
MN	Minnesota	2022-10-13 23:33:17.225534+00	2022-10-13 23:33:17.225534+00
MS	Mississippi	2022-10-13 23:33:17.228957+00	2022-10-13 23:33:17.228957+00
MO	Missouri	2022-10-13 23:33:17.231779+00	2022-10-13 23:33:17.231779+00
MT	Montana	2022-10-13 23:33:17.234423+00	2022-10-13 23:33:17.234423+00
NE	Nebraska	2022-10-13 23:33:17.236732+00	2022-10-13 23:33:17.236732+00
NV	Nevada	2022-10-13 23:33:17.239331+00	2022-10-13 23:33:17.239331+00
NH	New Hampshire	2022-10-13 23:33:17.242225+00	2022-10-13 23:33:17.242225+00
NJ	New Jersey	2022-10-13 23:33:17.245316+00	2022-10-13 23:33:17.245316+00
NM	New Mexico	2022-10-13 23:33:17.247779+00	2022-10-13 23:33:17.247779+00
NY	New York	2022-10-13 23:33:17.250155+00	2022-10-13 23:33:17.250155+00
NC	North Carolina	2022-10-13 23:33:17.252656+00	2022-10-13 23:33:17.252656+00
ND	North Dakota	2022-10-13 23:33:17.255153+00	2022-10-13 23:33:17.255153+00
OH	Ohio	2022-10-13 23:33:17.257954+00	2022-10-13 23:33:17.257954+00
OK	Oklahoma	2022-10-13 23:33:17.261159+00	2022-10-13 23:33:17.261159+00
OR	Oregon	2022-10-13 23:33:17.26414+00	2022-10-13 23:33:17.26414+00
PA	Pennsylvania	2022-10-13 23:33:17.266745+00	2022-10-13 23:33:17.266745+00
RI	Rhode Island	2022-10-13 23:33:17.269992+00	2022-10-13 23:33:17.269992+00
SC	South Carolina	2022-10-13 23:33:17.272451+00	2022-10-13 23:33:17.272451+00
SD	South Dakota	2022-10-13 23:33:17.275626+00	2022-10-13 23:33:17.275626+00
TN	Tennessee	2022-10-13 23:33:17.278809+00	2022-10-13 23:33:17.278809+00
TX	Texas	2022-10-13 23:33:17.281568+00	2022-10-13 23:33:17.281568+00
UT	Utah	2022-10-13 23:33:17.284564+00	2022-10-13 23:33:17.284564+00
VT	Vermont	2022-10-13 23:33:17.287138+00	2022-10-13 23:33:17.287138+00
VA	Virginia	2022-10-13 23:33:17.290486+00	2022-10-13 23:33:17.290486+00
WA	Washington	2022-10-13 23:33:17.294013+00	2022-10-13 23:33:17.294013+00
WV	West Virginia	2022-10-13 23:33:17.297388+00	2022-10-13 23:33:17.297388+00
WI	Wisconsin	2022-10-13 23:33:17.300104+00	2022-10-13 23:33:17.300104+00
WY	Wyoming	2022-10-13 23:33:17.303281+00	2022-10-13 23:33:17.303281+00
PR	Puerto Rico	2022-10-13 23:33:17.306013+00	2022-10-13 23:33:17.306013+00
GU	Guam	2022-10-13 23:33:17.308549+00	2022-10-13 23:33:17.308549+00
VI	Virgin Islands	2022-10-13 23:33:17.3145+00	2022-10-13 23:33:17.3145+00
AS	American Samoa	2022-10-13 23:33:17.317254+00	2022-10-13 23:33:17.317254+00
BI	Bureau of Indian Education	2022-10-13 23:33:17.320186+00	2022-10-13 23:33:17.320186+00
NA	NA	2022-10-13 23:33:17.323533+00	2022-10-13 23:33:17.323533+00
AE	U.S. Armed Forced - Europe	2022-10-13 23:33:19.789452+00	2022-10-13 23:33:19.789452+00
AA	U.S. Armed Forced - Americas	2022-10-13 23:33:19.789452+00	2022-10-13 23:33:19.789452+00
AP	U.S. Armed Forced - Pacific	2022-10-13 23:33:19.789452+00	2022-10-13 23:33:19.789452+00
PW	Palau	2022-10-13 23:33:19.789452+00	2022-10-13 23:33:19.789452+00
FM	Micronesia	2022-10-13 23:33:19.789452+00	2022-10-13 23:33:19.789452+00
MP	Norther Mariana Islands	2022-10-13 23:33:19.789452+00	2022-10-13 23:33:19.789452+00
MH	Marshall Islands	2022-10-13 23:33:19.789452+00	2022-10-13 23:33:19.789452+00
\.


--
-- Data for Name: cities; Type: TABLE DATA; Schema: upchieve; Owner: admin
--

COPY upchieve.cities (id, name, us_state_code, created_at, updated_at) FROM stdin;
1	Denver	CO	2022-10-13 23:33:24.552416+00	2022-10-13 23:33:24.552416+00
2	Brooklyn	NY	2022-10-13 23:33:24.556794+00	2022-10-13 23:33:24.556794+00
\.


--
-- Data for Name: contact_form_submissions; Type: TABLE DATA; Schema: upchieve; Owner: admin
--

COPY upchieve.contact_form_submissions (id, user_id, user_email, message, topic, created_at, updated_at) FROM stdin;
\.


--
-- Data for Name: feedbacks; Type: TABLE DATA; Schema: upchieve; Owner: admin
--

COPY upchieve.feedbacks (id, topic_id, subject_id, user_role_id, session_id, student_tutoring_feedback, student_counseling_feedback, volunteer_feedback, comment, user_id, legacy_feedbacks, created_at, updated_at, mongo_id) FROM stdin;
\.


--
-- Data for Name: grade_levels; Type: TABLE DATA; Schema: upchieve; Owner: admin
--

COPY upchieve.grade_levels (id, name, created_at, updated_at) FROM stdin;
1	8th	2022-10-13 23:33:17.974026+00	2022-10-13 23:33:17.974026+00
2	9th	2022-10-13 23:33:17.977607+00	2022-10-13 23:33:17.977607+00
3	10th	2022-10-13 23:33:17.980628+00	2022-10-13 23:33:17.980628+00
4	11th	2022-10-13 23:33:17.984319+00	2022-10-13 23:33:17.984319+00
5	12th	2022-10-13 23:33:17.987004+00	2022-10-13 23:33:17.987004+00
6	College	2022-10-13 23:33:17.989302+00	2022-10-13 23:33:17.989302+00
\.


--
-- Data for Name: ip_addresses; Type: TABLE DATA; Schema: upchieve; Owner: admin
--

COPY upchieve.ip_addresses (id, ip, status, created_at, updated_at, mongo_id) FROM stdin;
\.


--
-- Data for Name: postal_codes; Type: TABLE DATA; Schema: upchieve; Owner: admin
--

COPY upchieve.postal_codes (code, us_state_code, income, location, created_at, updated_at) FROM stdin;
00501	NY	1000000	(40.81,-73.04)	2022-10-13 23:33:17.510726+00	2022-10-13 23:33:17.510726+00
01010	MA	100038	(42.11,-72.2)	2022-10-13 23:33:17.517871+00	2022-10-13 23:33:17.517871+00
01011	MA	77656	(42.28,-72.98)	2022-10-13 23:33:17.566339+00	2022-10-13 23:33:17.566339+00
01012	MA	76500	(42.4,-72.85)	2022-10-13 23:33:17.639061+00	2022-10-13 23:33:17.639061+00
01003	MA	1000000	(42.39,-72.52)	2022-10-13 23:33:17.639173+00	2022-10-13 23:33:17.639173+00
01004	MA	1000000	(42.37,-72.52)	2022-10-13 23:33:17.801784+00	2022-10-13 23:33:17.801784+00
01001	MA	88816	(42.06,-72.61)	2022-10-13 23:33:17.829423+00	2022-10-13 23:33:17.829423+00
01005	MA	103825	(42.42,-72.1)	2022-10-13 23:33:17.829848+00	2022-10-13 23:33:17.829848+00
01009	MA	1000000	(42.2,-72.34)	2022-10-13 23:33:17.830742+00	2022-10-13 23:33:17.830742+00
01002	MA	97319	(42.37,-72.52)	2022-10-13 23:33:17.831172+00	2022-10-13 23:33:17.831172+00
01014	MA	1000000	(42.17,-72.57)	2022-10-13 23:33:17.831766+00	2022-10-13 23:33:17.831766+00
00544	NY	1000000	(40.81,-73.04)	2022-10-13 23:33:17.832198+00	2022-10-13 23:33:17.832198+00
01013	MA	56117	(42.15,-72.6)	2022-10-13 23:33:17.83223+00	2022-10-13 23:33:17.83223+00
01007	MA	105997	(42.27,-72.4)	2022-10-13 23:33:17.833322+00	2022-10-13 23:33:17.833322+00
01021	MA	1000000	(42.17,-72.57)	2022-10-13 23:33:17.835751+00	2022-10-13 23:33:17.835751+00
01020	MA	70955	(42.17,-72.57)	2022-10-13 23:33:17.835306+00	2022-10-13 23:33:17.835306+00
01022	MA	54023	(42.2,-72.54)	2022-10-13 23:33:17.837826+00	2022-10-13 23:33:17.837826+00
01027	MA	87883	(42.26,-72.68)	2022-10-13 23:33:17.838578+00	2022-10-13 23:33:17.838578+00
01026	MA	73333	(42.46,-72.9)	2022-10-13 23:33:17.839167+00	2022-10-13 23:33:17.839167+00
01028	MA	106591	(42.06,-72.51)	2022-10-13 23:33:17.83992+00	2022-10-13 23:33:17.83992+00
01008	MA	90417	(42.18,-72.93)	2022-10-13 23:33:17.835776+00	2022-10-13 23:33:17.835776+00
01029	MA	1000000	(42.17,-73.03)	2022-10-13 23:33:17.840974+00	2022-10-13 23:33:17.840974+00
01032	MA	110714	(42.46,-72.81)	2022-10-13 23:33:17.841935+00	2022-10-13 23:33:17.841935+00
01030	MA	96719	(42.06,-72.67)	2022-10-13 23:33:17.841579+00	2022-10-13 23:33:17.841579+00
01031	MA	86000	(42.33,-72.2)	2022-10-13 23:33:17.842364+00	2022-10-13 23:33:17.842364+00
01033	MA	114279	(42.26,-72.52)	2022-10-13 23:33:17.84481+00	2022-10-13 23:33:17.84481+00
01036	MA	109886	(42.06,-72.41)	2022-10-13 23:33:17.844765+00	2022-10-13 23:33:17.844765+00
01038	MA	94408	(42.37,-72.6)	2022-10-13 23:33:17.845695+00	2022-10-13 23:33:17.845695+00
01035	MA	102083	(42.35,-72.58)	2022-10-13 23:33:17.845911+00	2022-10-13 23:33:17.845911+00
01037	MA	106691	(42.35,-72.2)	2022-10-13 23:33:17.846231+00	2022-10-13 23:33:17.846231+00
01034	MA	100000	(42.06,-72.86)	2022-10-13 23:33:17.846315+00	2022-10-13 23:33:17.846315+00
01041	MA	1000000	(42.21,-72.64)	2022-10-13 23:33:17.849367+00	2022-10-13 23:33:17.849367+00
01040	MA	49481	(42.21,-72.64)	2022-10-13 23:33:17.849799+00	2022-10-13 23:33:17.849799+00
01039	MA	117143	(42.39,-72.7)	2022-10-13 23:33:17.850084+00	2022-10-13 23:33:17.850084+00
01053	MA	89286	(42.35,-72.71)	2022-10-13 23:33:17.851136+00	2022-10-13 23:33:17.851136+00
01059	MA	1000000	(42.4,-72.52)	2022-10-13 23:33:17.852258+00	2022-10-13 23:33:17.852258+00
01056	MA	86864	(42.16,-72.48)	2022-10-13 23:33:17.852206+00	2022-10-13 23:33:17.852206+00
01050	MA	84625	(42.23,-72.88)	2022-10-13 23:33:17.851774+00	2022-10-13 23:33:17.851774+00
01057	MA	104514	(42.09,-72.31)	2022-10-13 23:33:17.853212+00	2022-10-13 23:33:17.853212+00
01054	MA	98942	(42.45,-72.5)	2022-10-13 23:33:17.853597+00	2022-10-13 23:33:17.853597+00
01061	MA	1000000	(42.32,-72.67)	2022-10-13 23:33:17.855375+00	2022-10-13 23:33:17.855375+00
01060	MA	99420	(42.32,-72.63)	2022-10-13 23:33:17.856298+00	2022-10-13 23:33:17.856298+00
01062	MA	96455	(42.32,-72.67)	2022-10-13 23:33:17.85642+00	2022-10-13 23:33:17.85642+00
01066	MA	1000000	(42.41,-72.66)	2022-10-13 23:33:17.856427+00	2022-10-13 23:33:17.856427+00
01063	MA	1000000	(42.32,-72.64)	2022-10-13 23:33:17.856774+00	2022-10-13 23:33:17.856774+00
01068	MA	95104	(42.35,-72.05)	2022-10-13 23:33:17.857359+00	2022-10-13 23:33:17.857359+00
01071	MA	80208	(42.18,-72.85)	2022-10-13 23:33:17.858639+00	2022-10-13 23:33:17.858639+00
01072	MA	95000	(42.45,-72.4)	2022-10-13 23:33:17.858856+00	2022-10-13 23:33:17.858856+00
01073	MA	132333	(42.23,-72.73)	2022-10-13 23:33:17.860035+00	2022-10-13 23:33:17.860035+00
01070	MA	73333	(42.51,-72.91)	2022-10-13 23:33:17.858339+00	2022-10-13 23:33:17.858339+00
01069	MA	91395	(42.16,-72.32)	2022-10-13 23:33:17.860355+00	2022-10-13 23:33:17.860355+00
01075	MA	92183	(42.26,-72.56)	2022-10-13 23:33:17.863384+00	2022-10-13 23:33:17.863384+00
01074	MA	56414	(42.39,-72.09)	2022-10-13 23:33:17.862638+00	2022-10-13 23:33:17.862638+00
01081	MA	75078	(42.06,-72.21)	2022-10-13 23:33:17.86474+00	2022-10-13 23:33:17.86474+00
01083	MA	91271	(42.21,-72.19)	2022-10-13 23:33:17.865214+00	2022-10-13 23:33:17.865214+00
01080	MA	68375	(42.18,-72.37)	2022-10-13 23:33:17.864379+00	2022-10-13 23:33:17.864379+00
01079	MA	1000000	(42.2,-72.33)	2022-10-13 23:33:17.864293+00	2022-10-13 23:33:17.864293+00
01082	MA	78563	(42.25,-72.24)	2022-10-13 23:33:17.865275+00	2022-10-13 23:33:17.865275+00
01084	MA	76250	(42.39,-72.88)	2022-10-13 23:33:17.866006+00	2022-10-13 23:33:17.866006+00
01077	MA	95882	(42.05,-72.76)	2022-10-13 23:33:17.865861+00	2022-10-13 23:33:17.865861+00
01085	MA	87144	(42.13,-72.75)	2022-10-13 23:33:17.868221+00	2022-10-13 23:33:17.868221+00
01089	MA	73658	(42.12,-72.65)	2022-10-13 23:33:17.869808+00	2022-10-13 23:33:17.869808+00
01088	MA	59922	(42.39,-72.64)	2022-10-13 23:33:17.869895+00	2022-10-13 23:33:17.869895+00
01092	MA	90509	(42.19,-72.24)	2022-10-13 23:33:17.8704+00	2022-10-13 23:33:17.8704+00
01090	MA	1000000	(42.12,-72.65)	2022-10-13 23:33:17.870471+00	2022-10-13 23:33:17.870471+00
01086	MA	1000000	(42.13,-72.79)	2022-10-13 23:33:17.870991+00	2022-10-13 23:33:17.870991+00
01093	MA	107813	(42.44,-72.65)	2022-10-13 23:33:17.871679+00	2022-10-13 23:33:17.871679+00
01094	MA	1000000	(42.35,-72.14)	2022-10-13 23:33:17.874608+00	2022-10-13 23:33:17.874608+00
01096	MA	100556	(42.4,-72.76)	2022-10-13 23:33:17.874667+00	2022-10-13 23:33:17.874667+00
01097	MA	1000000	(42.18,-72.83)	2022-10-13 23:33:17.87454+00	2022-10-13 23:33:17.87454+00
01098	MA	96607	(42.41,-72.93)	2022-10-13 23:33:17.875099+00	2022-10-13 23:33:17.875099+00
01095	MA	121547	(42.13,-72.43)	2022-10-13 23:33:17.874339+00	2022-10-13 23:33:17.874339+00
01102	MA	1000000	(42.11,-72.53)	2022-10-13 23:33:17.875864+00	2022-10-13 23:33:17.875864+00
01103	MA	31071	(42.1,-72.59)	2022-10-13 23:33:17.877769+00	2022-10-13 23:33:17.877769+00
01104	MA	43384	(42.13,-72.57)	2022-10-13 23:33:17.878986+00	2022-10-13 23:33:17.878986+00
01101	MA	1000000	(42.11,-72.53)	2022-10-13 23:33:17.874578+00	2022-10-13 23:33:17.874578+00
01105	MA	25322	(42.1,-72.58)	2022-10-13 23:33:17.881418+00	2022-10-13 23:33:17.881418+00
01107	MA	34904	(42.12,-72.61)	2022-10-13 23:33:17.881263+00	2022-10-13 23:33:17.881263+00
01108	MA	48065	(42.08,-72.56)	2022-10-13 23:33:17.882142+00	2022-10-13 23:33:17.882142+00
01106	MA	141886	(42.04,-72.57)	2022-10-13 23:33:17.883139+00	2022-10-13 23:33:17.883139+00
01109	MA	39954	(42.11,-72.53)	2022-10-13 23:33:17.883624+00	2022-10-13 23:33:17.883624+00
01115	MA	1000000	(42.11,-72.53)	2022-10-13 23:33:17.885834+00	2022-10-13 23:33:17.885834+00
01111	MA	1000000	(42.11,-72.53)	2022-10-13 23:33:17.886413+00	2022-10-13 23:33:17.886413+00
01128	MA	93194	(42.09,-72.49)	2022-10-13 23:33:17.887452+00	2022-10-13 23:33:17.887452+00
01118	MA	74258	(42.09,-72.53)	2022-10-13 23:33:17.887432+00	2022-10-13 23:33:17.887432+00
01116	MA	1000000	(42.04,-72.57)	2022-10-13 23:33:17.887619+00	2022-10-13 23:33:17.887619+00
01119	MA	55224	(42.12,-72.51)	2022-10-13 23:33:17.887452+00	2022-10-13 23:33:17.887452+00
01139	MA	1000000	(42.11,-72.53)	2022-10-13 23:33:17.888466+00	2022-10-13 23:33:17.888466+00
01129	MA	75574	(42.12,-72.49)	2022-10-13 23:33:17.887951+00	2022-10-13 23:33:17.887951+00
01138	MA	1000000	(42.11,-72.53)	2022-10-13 23:33:17.889127+00	2022-10-13 23:33:17.889127+00
01144	MA	1000000	(42.11,-72.53)	2022-10-13 23:33:17.891949+00	2022-10-13 23:33:17.891949+00
01199	MA	1000000	(42.12,-72.6)	2022-10-13 23:33:17.893605+00	2022-10-13 23:33:17.893605+00
01151	MA	43988	(42.15,-72.51)	2022-10-13 23:33:17.893564+00	2022-10-13 23:33:17.893564+00
01201	MA	71969	(42.45,-73.26)	2022-10-13 23:33:17.894513+00	2022-10-13 23:33:17.894513+00
01203	MA	1000000	(42.45,-73.26)	2022-10-13 23:33:17.894766+00	2022-10-13 23:33:17.894766+00
01152	MA	1000000	(42.11,-72.53)	2022-10-13 23:33:17.895026+00	2022-10-13 23:33:17.895026+00
01220	MA	71845	(42.62,-73.11)	2022-10-13 23:33:17.896006+00	2022-10-13 23:33:17.896006+00
01202	MA	1000000	(42.45,-73.26)	2022-10-13 23:33:17.896345+00	2022-10-13 23:33:17.896345+00
01222	MA	81944	(42.05,-73.33)	2022-10-13 23:33:17.899022+00	2022-10-13 23:33:17.899022+00
01223	MA	86122	(42.33,-73.07)	2022-10-13 23:33:17.900234+00	2022-10-13 23:33:17.900234+00
00000	NA	0	(0,0)	2022-10-13 23:33:17.904383+00	2022-10-13 23:33:17.904383+00
9001	AE	1000000	(0,0)	2022-10-13 23:33:19.789452+00	2022-10-13 23:33:19.789452+00
9002	AE	1000000	(0,0)	2022-10-13 23:33:19.789452+00	2022-10-13 23:33:19.789452+00
9003	AE	1000000	(0,0)	2022-10-13 23:33:19.789452+00	2022-10-13 23:33:19.789452+00
9004	AE	1000000	(0,0)	2022-10-13 23:33:19.789452+00	2022-10-13 23:33:19.789452+00
9005	AE	1000000	(0,0)	2022-10-13 23:33:19.789452+00	2022-10-13 23:33:19.789452+00
9006	AE	1000000	(0,0)	2022-10-13 23:33:19.789452+00	2022-10-13 23:33:19.789452+00
9008	AE	1000000	(0,0)	2022-10-13 23:33:19.789452+00	2022-10-13 23:33:19.789452+00
9009	AE	1000000	(0,0)	2022-10-13 23:33:19.789452+00	2022-10-13 23:33:19.789452+00
9010	AE	1000000	(0,0)	2022-10-13 23:33:19.789452+00	2022-10-13 23:33:19.789452+00
9011	AE	1000000	(0,0)	2022-10-13 23:33:19.789452+00	2022-10-13 23:33:19.789452+00
9012	AE	1000000	(0,0)	2022-10-13 23:33:19.789452+00	2022-10-13 23:33:19.789452+00
9013	AE	1000000	(0,0)	2022-10-13 23:33:19.789452+00	2022-10-13 23:33:19.789452+00
9014	AE	1000000	(0,0)	2022-10-13 23:33:19.789452+00	2022-10-13 23:33:19.789452+00
9015	AE	1000000	(0,0)	2022-10-13 23:33:19.789452+00	2022-10-13 23:33:19.789452+00
9016	AE	1000000	(0,0)	2022-10-13 23:33:19.789452+00	2022-10-13 23:33:19.789452+00
9017	AE	1000000	(0,0)	2022-10-13 23:33:19.789452+00	2022-10-13 23:33:19.789452+00
9018	AE	1000000	(0,0)	2022-10-13 23:33:19.789452+00	2022-10-13 23:33:19.789452+00
9020	AE	1000000	(0,0)	2022-10-13 23:33:19.789452+00	2022-10-13 23:33:19.789452+00
9021	AE	1000000	(0,0)	2022-10-13 23:33:19.789452+00	2022-10-13 23:33:19.789452+00
9034	AE	1000000	(0,0)	2022-10-13 23:33:19.789452+00	2022-10-13 23:33:19.789452+00
9044	AE	1000000	(0,0)	2022-10-13 23:33:19.789452+00	2022-10-13 23:33:19.789452+00
9046	AE	1000000	(0,0)	2022-10-13 23:33:19.789452+00	2022-10-13 23:33:19.789452+00
9049	AE	1000000	(0,0)	2022-10-13 23:33:19.789452+00	2022-10-13 23:33:19.789452+00
9053	AE	1000000	(0,0)	2022-10-13 23:33:19.789452+00	2022-10-13 23:33:19.789452+00
9055	AE	1000000	(0,0)	2022-10-13 23:33:19.789452+00	2022-10-13 23:33:19.789452+00
9060	AE	1000000	(0,0)	2022-10-13 23:33:19.789452+00	2022-10-13 23:33:19.789452+00
9067	AE	1000000	(0,0)	2022-10-13 23:33:19.789452+00	2022-10-13 23:33:19.789452+00
9068	AE	1000000	(0,0)	2022-10-13 23:33:19.789452+00	2022-10-13 23:33:19.789452+00
9069	AE	1000000	(0,0)	2022-10-13 23:33:19.789452+00	2022-10-13 23:33:19.789452+00
9079	AE	1000000	(0,0)	2022-10-13 23:33:19.789452+00	2022-10-13 23:33:19.789452+00
9094	AE	1000000	(0,0)	2022-10-13 23:33:19.789452+00	2022-10-13 23:33:19.789452+00
9095	AE	1000000	(0,0)	2022-10-13 23:33:19.789452+00	2022-10-13 23:33:19.789452+00
9096	AE	1000000	(0,0)	2022-10-13 23:33:19.789452+00	2022-10-13 23:33:19.789452+00
9103	AE	1000000	(0,0)	2022-10-13 23:33:19.789452+00	2022-10-13 23:33:19.789452+00
9104	AE	1000000	(0,0)	2022-10-13 23:33:19.789452+00	2022-10-13 23:33:19.789452+00
9107	AE	1000000	(0,0)	2022-10-13 23:33:19.789452+00	2022-10-13 23:33:19.789452+00
9112	AE	1000000	(0,0)	2022-10-13 23:33:19.789452+00	2022-10-13 23:33:19.789452+00
9113	AE	1000000	(0,0)	2022-10-13 23:33:19.789452+00	2022-10-13 23:33:19.789452+00
9114	AE	1000000	(0,0)	2022-10-13 23:33:19.789452+00	2022-10-13 23:33:19.789452+00
9115	AE	1000000	(0,0)	2022-10-13 23:33:19.789452+00	2022-10-13 23:33:19.789452+00
9116	AE	1000000	(0,0)	2022-10-13 23:33:19.789452+00	2022-10-13 23:33:19.789452+00
9123	AE	1000000	(0,0)	2022-10-13 23:33:19.789452+00	2022-10-13 23:33:19.789452+00
9125	AE	1000000	(0,0)	2022-10-13 23:33:19.789452+00	2022-10-13 23:33:19.789452+00
9126	AE	1000000	(0,0)	2022-10-13 23:33:19.789452+00	2022-10-13 23:33:19.789452+00
9128	AE	1000000	(0,0)	2022-10-13 23:33:19.789452+00	2022-10-13 23:33:19.789452+00
9131	AE	1000000	(0,0)	2022-10-13 23:33:19.789452+00	2022-10-13 23:33:19.789452+00
9135	AE	1000000	(0,0)	2022-10-13 23:33:19.789452+00	2022-10-13 23:33:19.789452+00
9136	AE	1000000	(0,0)	2022-10-13 23:33:19.789452+00	2022-10-13 23:33:19.789452+00
9138	AE	1000000	(0,0)	2022-10-13 23:33:19.789452+00	2022-10-13 23:33:19.789452+00
9139	AE	1000000	(0,0)	2022-10-13 23:33:19.789452+00	2022-10-13 23:33:19.789452+00
9140	AE	1000000	(0,0)	2022-10-13 23:33:19.789452+00	2022-10-13 23:33:19.789452+00
9142	AE	1000000	(0,0)	2022-10-13 23:33:19.789452+00	2022-10-13 23:33:19.789452+00
9154	AE	1000000	(0,0)	2022-10-13 23:33:19.789452+00	2022-10-13 23:33:19.789452+00
9160	AE	1000000	(0,0)	2022-10-13 23:33:19.789452+00	2022-10-13 23:33:19.789452+00
9170	AE	1000000	(0,0)	2022-10-13 23:33:19.789452+00	2022-10-13 23:33:19.789452+00
9171	AE	1000000	(0,0)	2022-10-13 23:33:19.789452+00	2022-10-13 23:33:19.789452+00
9172	AE	1000000	(0,0)	2022-10-13 23:33:19.789452+00	2022-10-13 23:33:19.789452+00
9173	AE	1000000	(0,0)	2022-10-13 23:33:19.789452+00	2022-10-13 23:33:19.789452+00
9174	AE	1000000	(0,0)	2022-10-13 23:33:19.789452+00	2022-10-13 23:33:19.789452+00
9175	AE	1000000	(0,0)	2022-10-13 23:33:19.789452+00	2022-10-13 23:33:19.789452+00
9176	AE	1000000	(0,0)	2022-10-13 23:33:19.789452+00	2022-10-13 23:33:19.789452+00
9177	AE	1000000	(0,0)	2022-10-13 23:33:19.789452+00	2022-10-13 23:33:19.789452+00
9178	AE	1000000	(0,0)	2022-10-13 23:33:19.789452+00	2022-10-13 23:33:19.789452+00
9180	AE	1000000	(0,0)	2022-10-13 23:33:19.789452+00	2022-10-13 23:33:19.789452+00
9186	AE	1000000	(0,0)	2022-10-13 23:33:19.789452+00	2022-10-13 23:33:19.789452+00
9203	AE	1000000	(0,0)	2022-10-13 23:33:19.789452+00	2022-10-13 23:33:19.789452+00
9204	AE	1000000	(0,0)	2022-10-13 23:33:19.789452+00	2022-10-13 23:33:19.789452+00
9211	AE	1000000	(0,0)	2022-10-13 23:33:19.789452+00	2022-10-13 23:33:19.789452+00
9213	AE	1000000	(0,0)	2022-10-13 23:33:19.789452+00	2022-10-13 23:33:19.789452+00
9214	AE	1000000	(0,0)	2022-10-13 23:33:19.789452+00	2022-10-13 23:33:19.789452+00
9216	AE	1000000	(0,0)	2022-10-13 23:33:19.789452+00	2022-10-13 23:33:19.789452+00
9226	AE	1000000	(0,0)	2022-10-13 23:33:19.789452+00	2022-10-13 23:33:19.789452+00
9227	AE	1000000	(0,0)	2022-10-13 23:33:19.789452+00	2022-10-13 23:33:19.789452+00
9240	AE	1000000	(0,0)	2022-10-13 23:33:19.789452+00	2022-10-13 23:33:19.789452+00
9241	AE	1000000	(0,0)	2022-10-13 23:33:19.789452+00	2022-10-13 23:33:19.789452+00
9242	AE	1000000	(0,0)	2022-10-13 23:33:19.789452+00	2022-10-13 23:33:19.789452+00
9250	AE	1000000	(0,0)	2022-10-13 23:33:19.789452+00	2022-10-13 23:33:19.789452+00
9261	AE	1000000	(0,0)	2022-10-13 23:33:19.789452+00	2022-10-13 23:33:19.789452+00
9263	AE	1000000	(0,0)	2022-10-13 23:33:19.789452+00	2022-10-13 23:33:19.789452+00
9264	AE	1000000	(0,0)	2022-10-13 23:33:19.789452+00	2022-10-13 23:33:19.789452+00
9265	AE	1000000	(0,0)	2022-10-13 23:33:19.789452+00	2022-10-13 23:33:19.789452+00
9266	AE	1000000	(0,0)	2022-10-13 23:33:19.789452+00	2022-10-13 23:33:19.789452+00
9276	AE	1000000	(0,0)	2022-10-13 23:33:19.789452+00	2022-10-13 23:33:19.789452+00
9277	AE	1000000	(0,0)	2022-10-13 23:33:19.789452+00	2022-10-13 23:33:19.789452+00
9278	AE	1000000	(0,0)	2022-10-13 23:33:19.789452+00	2022-10-13 23:33:19.789452+00
9279	AE	1000000	(0,0)	2022-10-13 23:33:19.789452+00	2022-10-13 23:33:19.789452+00
9283	AE	1000000	(0,0)	2022-10-13 23:33:19.789452+00	2022-10-13 23:33:19.789452+00
9285	AE	1000000	(0,0)	2022-10-13 23:33:19.789452+00	2022-10-13 23:33:19.789452+00
9287	AE	1000000	(0,0)	2022-10-13 23:33:19.789452+00	2022-10-13 23:33:19.789452+00
9289	AE	1000000	(0,0)	2022-10-13 23:33:19.789452+00	2022-10-13 23:33:19.789452+00
9290	AE	1000000	(0,0)	2022-10-13 23:33:19.789452+00	2022-10-13 23:33:19.789452+00
9291	AE	1000000	(0,0)	2022-10-13 23:33:19.789452+00	2022-10-13 23:33:19.789452+00
9292	AE	1000000	(0,0)	2022-10-13 23:33:19.789452+00	2022-10-13 23:33:19.789452+00
9301	AE	1000000	(0,0)	2022-10-13 23:33:19.789452+00	2022-10-13 23:33:19.789452+00
9302	AE	1000000	(0,0)	2022-10-13 23:33:19.789452+00	2022-10-13 23:33:19.789452+00
9304	AE	1000000	(0,0)	2022-10-13 23:33:19.789452+00	2022-10-13 23:33:19.789452+00
9305	AE	1000000	(0,0)	2022-10-13 23:33:19.789452+00	2022-10-13 23:33:19.789452+00
9306	AE	1000000	(0,0)	2022-10-13 23:33:19.789452+00	2022-10-13 23:33:19.789452+00
9307	AE	1000000	(0,0)	2022-10-13 23:33:19.789452+00	2022-10-13 23:33:19.789452+00
9309	AE	1000000	(0,0)	2022-10-13 23:33:19.789452+00	2022-10-13 23:33:19.789452+00
9310	AE	1000000	(0,0)	2022-10-13 23:33:19.789452+00	2022-10-13 23:33:19.789452+00
9311	AE	1000000	(0,0)	2022-10-13 23:33:19.789452+00	2022-10-13 23:33:19.789452+00
9312	AE	1000000	(0,0)	2022-10-13 23:33:19.789452+00	2022-10-13 23:33:19.789452+00
9313	AE	1000000	(0,0)	2022-10-13 23:33:19.789452+00	2022-10-13 23:33:19.789452+00
9315	AE	1000000	(0,0)	2022-10-13 23:33:19.789452+00	2022-10-13 23:33:19.789452+00
9316	AE	1000000	(0,0)	2022-10-13 23:33:19.789452+00	2022-10-13 23:33:19.789452+00
9317	AE	1000000	(0,0)	2022-10-13 23:33:19.789452+00	2022-10-13 23:33:19.789452+00
9318	AE	1000000	(0,0)	2022-10-13 23:33:19.789452+00	2022-10-13 23:33:19.789452+00
9319	AE	1000000	(0,0)	2022-10-13 23:33:19.789452+00	2022-10-13 23:33:19.789452+00
9320	AE	1000000	(0,0)	2022-10-13 23:33:19.789452+00	2022-10-13 23:33:19.789452+00
9321	AE	1000000	(0,0)	2022-10-13 23:33:19.789452+00	2022-10-13 23:33:19.789452+00
9322	AE	1000000	(0,0)	2022-10-13 23:33:19.789452+00	2022-10-13 23:33:19.789452+00
9323	AE	1000000	(-44.25,33.53)	2022-10-13 23:33:19.789452+00	2022-10-13 23:33:19.789452+00
9330	AE	1000000	(0,0)	2022-10-13 23:33:19.789452+00	2022-10-13 23:33:19.789452+00
9333	AE	1000000	(0,0)	2022-10-13 23:33:19.789452+00	2022-10-13 23:33:19.789452+00
9337	AE	1000000	(0,0)	2022-10-13 23:33:19.789452+00	2022-10-13 23:33:19.789452+00
9340	AE	1000000	(0,0)	2022-10-13 23:33:19.789452+00	2022-10-13 23:33:19.789452+00
9343	AE	1000000	(0,0)	2022-10-13 23:33:19.789452+00	2022-10-13 23:33:19.789452+00
9347	AE	1000000	(0,0)	2022-10-13 23:33:19.789452+00	2022-10-13 23:33:19.789452+00
9348	AE	1000000	(0,0)	2022-10-13 23:33:19.789452+00	2022-10-13 23:33:19.789452+00
9351	AE	1000000	(0,0)	2022-10-13 23:33:19.789452+00	2022-10-13 23:33:19.789452+00
9352	AE	1000000	(0,0)	2022-10-13 23:33:19.789452+00	2022-10-13 23:33:19.789452+00
9354	AE	1000000	(0,0)	2022-10-13 23:33:19.789452+00	2022-10-13 23:33:19.789452+00
9355	AE	1000000	(0,0)	2022-10-13 23:33:19.789452+00	2022-10-13 23:33:19.789452+00
9356	AE	1000000	(0,0)	2022-10-13 23:33:19.789452+00	2022-10-13 23:33:19.789452+00
9357	AE	1000000	(0,0)	2022-10-13 23:33:19.789452+00	2022-10-13 23:33:19.789452+00
9363	AE	1000000	(0,0)	2022-10-13 23:33:19.789452+00	2022-10-13 23:33:19.789452+00
9365	AE	1000000	(0,0)	2022-10-13 23:33:19.789452+00	2022-10-13 23:33:19.789452+00
9366	AE	1000000	(0,0)	2022-10-13 23:33:19.789452+00	2022-10-13 23:33:19.789452+00
9378	AE	1000000	(0,0)	2022-10-13 23:33:19.789452+00	2022-10-13 23:33:19.789452+00
9381	AE	1000000	(0,0)	2022-10-13 23:33:19.789452+00	2022-10-13 23:33:19.789452+00
9401	AE	1000000	(0,0)	2022-10-13 23:33:19.789452+00	2022-10-13 23:33:19.789452+00
9403	AE	1000000	(0,0)	2022-10-13 23:33:19.789452+00	2022-10-13 23:33:19.789452+00
9410	AE	1000000	(0,0)	2022-10-13 23:33:19.789452+00	2022-10-13 23:33:19.789452+00
9421	AE	1000000	(0,0)	2022-10-13 23:33:19.789452+00	2022-10-13 23:33:19.789452+00
9447	AE	1000000	(0,0)	2022-10-13 23:33:19.789452+00	2022-10-13 23:33:19.789452+00
9454	AE	1000000	(0,0)	2022-10-13 23:33:19.789452+00	2022-10-13 23:33:19.789452+00
9456	AE	1000000	(0,0)	2022-10-13 23:33:19.789452+00	2022-10-13 23:33:19.789452+00
9459	AE	1000000	(0,0)	2022-10-13 23:33:19.789452+00	2022-10-13 23:33:19.789452+00
9461	AE	1000000	(0,0)	2022-10-13 23:33:19.789452+00	2022-10-13 23:33:19.789452+00
9463	AE	1000000	(0,0)	2022-10-13 23:33:19.789452+00	2022-10-13 23:33:19.789452+00
9464	AE	1000000	(0,0)	2022-10-13 23:33:19.789452+00	2022-10-13 23:33:19.789452+00
9467	AE	1000000	(0,0)	2022-10-13 23:33:19.789452+00	2022-10-13 23:33:19.789452+00
9468	AE	1000000	(0,0)	2022-10-13 23:33:19.789452+00	2022-10-13 23:33:19.789452+00
9469	AE	1000000	(0,0)	2022-10-13 23:33:19.789452+00	2022-10-13 23:33:19.789452+00
9470	AE	1000000	(0,0)	2022-10-13 23:33:19.789452+00	2022-10-13 23:33:19.789452+00
9487	AE	1000000	(0,0)	2022-10-13 23:33:19.789452+00	2022-10-13 23:33:19.789452+00
9488	AE	1000000	(0,0)	2022-10-13 23:33:19.789452+00	2022-10-13 23:33:19.789452+00
9489	AE	1000000	(0,0)	2022-10-13 23:33:19.789452+00	2022-10-13 23:33:19.789452+00
9490	AE	1000000	(0,0)	2022-10-13 23:33:19.789452+00	2022-10-13 23:33:19.789452+00
9491	AE	1000000	(0,0)	2022-10-13 23:33:19.789452+00	2022-10-13 23:33:19.789452+00
9494	AE	1000000	(0,0)	2022-10-13 23:33:19.789452+00	2022-10-13 23:33:19.789452+00
9496	AE	1000000	(0,0)	2022-10-13 23:33:19.789452+00	2022-10-13 23:33:19.789452+00
9497	AE	1000000	(0,0)	2022-10-13 23:33:19.789452+00	2022-10-13 23:33:19.789452+00
9498	AE	1000000	(0,0)	2022-10-13 23:33:19.789452+00	2022-10-13 23:33:19.789452+00
9501	AE	1000000	(0,0)	2022-10-13 23:33:19.789452+00	2022-10-13 23:33:19.789452+00
9502	AE	1000000	(0,0)	2022-10-13 23:33:19.789452+00	2022-10-13 23:33:19.789452+00
9503	AE	1000000	(0,0)	2022-10-13 23:33:19.789452+00	2022-10-13 23:33:19.789452+00
9504	AE	1000000	(0,0)	2022-10-13 23:33:19.789452+00	2022-10-13 23:33:19.789452+00
9505	AE	1000000	(0,0)	2022-10-13 23:33:19.789452+00	2022-10-13 23:33:19.789452+00
9506	AE	1000000	(0,0)	2022-10-13 23:33:19.789452+00	2022-10-13 23:33:19.789452+00
9507	AE	1000000	(0,0)	2022-10-13 23:33:19.789452+00	2022-10-13 23:33:19.789452+00
9508	AE	1000000	(0,0)	2022-10-13 23:33:19.789452+00	2022-10-13 23:33:19.789452+00
9509	AE	1000000	(0,0)	2022-10-13 23:33:19.789452+00	2022-10-13 23:33:19.789452+00
9510	AE	1000000	(0,0)	2022-10-13 23:33:19.789452+00	2022-10-13 23:33:19.789452+00
9511	AE	1000000	(0,0)	2022-10-13 23:33:19.789452+00	2022-10-13 23:33:19.789452+00
9512	AE	1000000	(0,0)	2022-10-13 23:33:19.789452+00	2022-10-13 23:33:19.789452+00
9513	AE	1000000	(0,0)	2022-10-13 23:33:19.789452+00	2022-10-13 23:33:19.789452+00
9514	AE	1000000	(0,0)	2022-10-13 23:33:19.789452+00	2022-10-13 23:33:19.789452+00
9517	AE	1000000	(0,0)	2022-10-13 23:33:19.789452+00	2022-10-13 23:33:19.789452+00
9520	AE	1000000	(0,0)	2022-10-13 23:33:19.789452+00	2022-10-13 23:33:19.789452+00
9522	AE	1000000	(0,0)	2022-10-13 23:33:19.789452+00	2022-10-13 23:33:19.789452+00
9523	AE	1000000	(0,0)	2022-10-13 23:33:19.789452+00	2022-10-13 23:33:19.789452+00
9524	AE	1000000	(0,0)	2022-10-13 23:33:19.789452+00	2022-10-13 23:33:19.789452+00
9532	AE	1000000	(0,0)	2022-10-13 23:33:19.789452+00	2022-10-13 23:33:19.789452+00
9533	AE	1000000	(0,0)	2022-10-13 23:33:19.789452+00	2022-10-13 23:33:19.789452+00
9534	AE	1000000	(0,0)	2022-10-13 23:33:19.789452+00	2022-10-13 23:33:19.789452+00
9541	AE	1000000	(0,0)	2022-10-13 23:33:19.789452+00	2022-10-13 23:33:19.789452+00
9542	AE	1000000	(0,0)	2022-10-13 23:33:19.789452+00	2022-10-13 23:33:19.789452+00
9543	AE	1000000	(0,0)	2022-10-13 23:33:19.789452+00	2022-10-13 23:33:19.789452+00
9544	AE	1000000	(0,0)	2022-10-13 23:33:19.789452+00	2022-10-13 23:33:19.789452+00
9545	AE	1000000	(0,0)	2022-10-13 23:33:19.789452+00	2022-10-13 23:33:19.789452+00
9550	AE	1000000	(0,0)	2022-10-13 23:33:19.789452+00	2022-10-13 23:33:19.789452+00
9554	AE	1000000	(0,0)	2022-10-13 23:33:19.789452+00	2022-10-13 23:33:19.789452+00
9556	AE	1000000	(0,0)	2022-10-13 23:33:19.789452+00	2022-10-13 23:33:19.789452+00
9564	AE	1000000	(0,0)	2022-10-13 23:33:19.789452+00	2022-10-13 23:33:19.789452+00
9565	AE	1000000	(0,0)	2022-10-13 23:33:19.789452+00	2022-10-13 23:33:19.789452+00
9566	AE	1000000	(0,0)	2022-10-13 23:33:19.789452+00	2022-10-13 23:33:19.789452+00
9567	AE	1000000	(0,0)	2022-10-13 23:33:19.789452+00	2022-10-13 23:33:19.789452+00
9568	AE	1000000	(0,0)	2022-10-13 23:33:19.789452+00	2022-10-13 23:33:19.789452+00
9569	AE	1000000	(0,0)	2022-10-13 23:33:19.789452+00	2022-10-13 23:33:19.789452+00
9570	AE	1000000	(0,0)	2022-10-13 23:33:19.789452+00	2022-10-13 23:33:19.789452+00
9573	AE	1000000	(0,0)	2022-10-13 23:33:19.789452+00	2022-10-13 23:33:19.789452+00
9574	AE	1000000	(0,0)	2022-10-13 23:33:19.789452+00	2022-10-13 23:33:19.789452+00
9575	AE	1000000	(0,0)	2022-10-13 23:33:19.789452+00	2022-10-13 23:33:19.789452+00
9576	AE	1000000	(0,0)	2022-10-13 23:33:19.789452+00	2022-10-13 23:33:19.789452+00
9577	AE	1000000	(0,0)	2022-10-13 23:33:19.789452+00	2022-10-13 23:33:19.789452+00
9578	AE	1000000	(0,0)	2022-10-13 23:33:19.789452+00	2022-10-13 23:33:19.789452+00
9579	AE	1000000	(0,0)	2022-10-13 23:33:19.789452+00	2022-10-13 23:33:19.789452+00
9581	AE	1000000	(0,0)	2022-10-13 23:33:19.789452+00	2022-10-13 23:33:19.789452+00
9582	AE	1000000	(0,0)	2022-10-13 23:33:19.789452+00	2022-10-13 23:33:19.789452+00
9583	AE	1000000	(0,0)	2022-10-13 23:33:19.789452+00	2022-10-13 23:33:19.789452+00
9586	AE	1000000	(0,0)	2022-10-13 23:33:19.789452+00	2022-10-13 23:33:19.789452+00
9587	AE	1000000	(0,0)	2022-10-13 23:33:19.789452+00	2022-10-13 23:33:19.789452+00
9588	AE	1000000	(0,0)	2022-10-13 23:33:19.789452+00	2022-10-13 23:33:19.789452+00
9589	AE	1000000	(0,0)	2022-10-13 23:33:19.789452+00	2022-10-13 23:33:19.789452+00
9590	AE	1000000	(0,0)	2022-10-13 23:33:19.789452+00	2022-10-13 23:33:19.789452+00
9591	AE	1000000	(0,0)	2022-10-13 23:33:19.789452+00	2022-10-13 23:33:19.789452+00
9592	AE	1000000	(0,0)	2022-10-13 23:33:19.789452+00	2022-10-13 23:33:19.789452+00
9593	AE	1000000	(0,0)	2022-10-13 23:33:19.789452+00	2022-10-13 23:33:19.789452+00
9594	AE	1000000	(0,0)	2022-10-13 23:33:19.789452+00	2022-10-13 23:33:19.789452+00
9595	AE	1000000	(0,0)	2022-10-13 23:33:19.789452+00	2022-10-13 23:33:19.789452+00
9596	AE	1000000	(0,0)	2022-10-13 23:33:19.789452+00	2022-10-13 23:33:19.789452+00
9599	AE	1000000	(0,0)	2022-10-13 23:33:19.789452+00	2022-10-13 23:33:19.789452+00
9600	AE	1000000	(0,0)	2022-10-13 23:33:19.789452+00	2022-10-13 23:33:19.789452+00
9601	AE	1000000	(0,0)	2022-10-13 23:33:19.789452+00	2022-10-13 23:33:19.789452+00
9602	AE	1000000	(0,0)	2022-10-13 23:33:19.789452+00	2022-10-13 23:33:19.789452+00
9603	AE	1000000	(0,0)	2022-10-13 23:33:19.789452+00	2022-10-13 23:33:19.789452+00
9604	AE	1000000	(0,0)	2022-10-13 23:33:19.789452+00	2022-10-13 23:33:19.789452+00
9605	AE	1000000	(0,0)	2022-10-13 23:33:19.789452+00	2022-10-13 23:33:19.789452+00
9606	AE	1000000	(0,0)	2022-10-13 23:33:19.789452+00	2022-10-13 23:33:19.789452+00
9607	AE	1000000	(0,0)	2022-10-13 23:33:19.789452+00	2022-10-13 23:33:19.789452+00
9608	AE	1000000	(0,0)	2022-10-13 23:33:19.789452+00	2022-10-13 23:33:19.789452+00
9609	AE	1000000	(0,0)	2022-10-13 23:33:19.789452+00	2022-10-13 23:33:19.789452+00
9610	AE	1000000	(0,0)	2022-10-13 23:33:19.789452+00	2022-10-13 23:33:19.789452+00
9613	AE	1000000	(0,0)	2022-10-13 23:33:19.789452+00	2022-10-13 23:33:19.789452+00
9614	AE	1000000	(0,0)	2022-10-13 23:33:19.789452+00	2022-10-13 23:33:19.789452+00
9617	AE	1000000	(0,0)	2022-10-13 23:33:19.789452+00	2022-10-13 23:33:19.789452+00
9618	AE	1000000	(0,0)	2022-10-13 23:33:19.789452+00	2022-10-13 23:33:19.789452+00
9620	AE	1000000	(0,0)	2022-10-13 23:33:19.789452+00	2022-10-13 23:33:19.789452+00
9621	AE	1000000	(0,0)	2022-10-13 23:33:19.789452+00	2022-10-13 23:33:19.789452+00
9622	AE	1000000	(0,0)	2022-10-13 23:33:19.789452+00	2022-10-13 23:33:19.789452+00
9623	AE	1000000	(0,0)	2022-10-13 23:33:19.789452+00	2022-10-13 23:33:19.789452+00
9624	AE	1000000	(0,0)	2022-10-13 23:33:19.789452+00	2022-10-13 23:33:19.789452+00
9625	AE	1000000	(0,0)	2022-10-13 23:33:19.789452+00	2022-10-13 23:33:19.789452+00
9626	AE	1000000	(0,0)	2022-10-13 23:33:19.789452+00	2022-10-13 23:33:19.789452+00
9627	AE	1000000	(0,0)	2022-10-13 23:33:19.789452+00	2022-10-13 23:33:19.789452+00
9630	AE	1000000	(0,0)	2022-10-13 23:33:19.789452+00	2022-10-13 23:33:19.789452+00
9631	AE	1000000	(0,0)	2022-10-13 23:33:19.789452+00	2022-10-13 23:33:19.789452+00
9633	AE	1000000	(0,0)	2022-10-13 23:33:19.789452+00	2022-10-13 23:33:19.789452+00
9634	AE	1000000	(0,0)	2022-10-13 23:33:19.789452+00	2022-10-13 23:33:19.789452+00
9636	AE	1000000	(0,0)	2022-10-13 23:33:19.789452+00	2022-10-13 23:33:19.789452+00
9642	AE	1000000	(0,0)	2022-10-13 23:33:19.789452+00	2022-10-13 23:33:19.789452+00
9643	AE	1000000	(0,0)	2022-10-13 23:33:19.789452+00	2022-10-13 23:33:19.789452+00
9645	AE	1000000	(0,0)	2022-10-13 23:33:19.789452+00	2022-10-13 23:33:19.789452+00
9647	AE	1000000	(0,0)	2022-10-13 23:33:19.789452+00	2022-10-13 23:33:19.789452+00
9648	AE	1000000	(0,0)	2022-10-13 23:33:19.789452+00	2022-10-13 23:33:19.789452+00
9649	AE	1000000	(0,0)	2022-10-13 23:33:19.789452+00	2022-10-13 23:33:19.789452+00
9701	AE	1000000	(0,0)	2022-10-13 23:33:19.789452+00	2022-10-13 23:33:19.789452+00
9702	AE	1000000	(0,0)	2022-10-13 23:33:19.789452+00	2022-10-13 23:33:19.789452+00
9703	AE	1000000	(0,0)	2022-10-13 23:33:19.789452+00	2022-10-13 23:33:19.789452+00
9704	AE	1000000	(0,0)	2022-10-13 23:33:19.789452+00	2022-10-13 23:33:19.789452+00
9705	AE	1000000	(0,0)	2022-10-13 23:33:19.789452+00	2022-10-13 23:33:19.789452+00
9706	AE	1000000	(0,0)	2022-10-13 23:33:19.789452+00	2022-10-13 23:33:19.789452+00
9707	AE	1000000	(0,0)	2022-10-13 23:33:19.789452+00	2022-10-13 23:33:19.789452+00
9708	AE	1000000	(0,0)	2022-10-13 23:33:19.789452+00	2022-10-13 23:33:19.789452+00
9709	AE	1000000	(0,0)	2022-10-13 23:33:19.789452+00	2022-10-13 23:33:19.789452+00
9710	AE	1000000	(0,0)	2022-10-13 23:33:19.789452+00	2022-10-13 23:33:19.789452+00
9711	AE	1000000	(0,0)	2022-10-13 23:33:19.789452+00	2022-10-13 23:33:19.789452+00
9712	AE	1000000	(0,0)	2022-10-13 23:33:19.789452+00	2022-10-13 23:33:19.789452+00
9714	AE	1000000	(0,0)	2022-10-13 23:33:19.789452+00	2022-10-13 23:33:19.789452+00
9715	AE	1000000	(0,0)	2022-10-13 23:33:19.789452+00	2022-10-13 23:33:19.789452+00
9716	AE	1000000	(0,0)	2022-10-13 23:33:19.789452+00	2022-10-13 23:33:19.789452+00
9717	AE	1000000	(0,0)	2022-10-13 23:33:19.789452+00	2022-10-13 23:33:19.789452+00
9718	AE	1000000	(0,0)	2022-10-13 23:33:19.789452+00	2022-10-13 23:33:19.789452+00
9719	AE	1000000	(0,0)	2022-10-13 23:33:19.789452+00	2022-10-13 23:33:19.789452+00
9720	AE	1000000	(0,0)	2022-10-13 23:33:19.789452+00	2022-10-13 23:33:19.789452+00
9722	AE	1000000	(0,0)	2022-10-13 23:33:19.789452+00	2022-10-13 23:33:19.789452+00
9723	AE	1000000	(0,0)	2022-10-13 23:33:19.789452+00	2022-10-13 23:33:19.789452+00
9724	AE	1000000	(0,0)	2022-10-13 23:33:19.789452+00	2022-10-13 23:33:19.789452+00
9725	AE	1000000	(0,0)	2022-10-13 23:33:19.789452+00	2022-10-13 23:33:19.789452+00
9726	AE	1000000	(0,0)	2022-10-13 23:33:19.789452+00	2022-10-13 23:33:19.789452+00
9727	AE	1000000	(0,0)	2022-10-13 23:33:19.789452+00	2022-10-13 23:33:19.789452+00
9728	AE	1000000	(0,0)	2022-10-13 23:33:19.789452+00	2022-10-13 23:33:19.789452+00
9729	AE	1000000	(0,0)	2022-10-13 23:33:19.789452+00	2022-10-13 23:33:19.789452+00
9730	AE	1000000	(0,0)	2022-10-13 23:33:19.789452+00	2022-10-13 23:33:19.789452+00
9731	AE	1000000	(0,0)	2022-10-13 23:33:19.789452+00	2022-10-13 23:33:19.789452+00
9732	AE	1000000	(0,0)	2022-10-13 23:33:19.789452+00	2022-10-13 23:33:19.789452+00
9733	AE	1000000	(0,0)	2022-10-13 23:33:19.789452+00	2022-10-13 23:33:19.789452+00
9734	AE	1000000	(0,0)	2022-10-13 23:33:19.789452+00	2022-10-13 23:33:19.789452+00
9735	AE	1000000	(0,0)	2022-10-13 23:33:19.789452+00	2022-10-13 23:33:19.789452+00
9736	AE	1000000	(0,0)	2022-10-13 23:33:19.789452+00	2022-10-13 23:33:19.789452+00
9737	AE	1000000	(0,0)	2022-10-13 23:33:19.789452+00	2022-10-13 23:33:19.789452+00
9738	AE	1000000	(0,0)	2022-10-13 23:33:19.789452+00	2022-10-13 23:33:19.789452+00
9739	AE	1000000	(0,0)	2022-10-13 23:33:19.789452+00	2022-10-13 23:33:19.789452+00
9741	AE	1000000	(0,0)	2022-10-13 23:33:19.789452+00	2022-10-13 23:33:19.789452+00
9742	AE	1000000	(0,0)	2022-10-13 23:33:19.789452+00	2022-10-13 23:33:19.789452+00
9743	AE	1000000	(0,0)	2022-10-13 23:33:19.789452+00	2022-10-13 23:33:19.789452+00
9744	AE	1000000	(0,0)	2022-10-13 23:33:19.789452+00	2022-10-13 23:33:19.789452+00
9745	AE	1000000	(0,0)	2022-10-13 23:33:19.789452+00	2022-10-13 23:33:19.789452+00
9748	AE	1000000	(0,0)	2022-10-13 23:33:19.789452+00	2022-10-13 23:33:19.789452+00
9749	AE	1000000	(0,0)	2022-10-13 23:33:19.789452+00	2022-10-13 23:33:19.789452+00
9750	AE	1000000	(0,0)	2022-10-13 23:33:19.789452+00	2022-10-13 23:33:19.789452+00
9751	AE	1000000	(0,0)	2022-10-13 23:33:19.789452+00	2022-10-13 23:33:19.789452+00
9752	AE	1000000	(0,0)	2022-10-13 23:33:19.789452+00	2022-10-13 23:33:19.789452+00
9753	AE	1000000	(0,0)	2022-10-13 23:33:19.789452+00	2022-10-13 23:33:19.789452+00
9754	AE	1000000	(0,0)	2022-10-13 23:33:19.789452+00	2022-10-13 23:33:19.789452+00
9755	AE	1000000	(0,0)	2022-10-13 23:33:19.789452+00	2022-10-13 23:33:19.789452+00
9756	AE	1000000	(0,0)	2022-10-13 23:33:19.789452+00	2022-10-13 23:33:19.789452+00
9758	AE	1000000	(0,0)	2022-10-13 23:33:19.789452+00	2022-10-13 23:33:19.789452+00
9759	AE	1000000	(0,0)	2022-10-13 23:33:19.789452+00	2022-10-13 23:33:19.789452+00
9760	AE	1000000	(0,0)	2022-10-13 23:33:19.789452+00	2022-10-13 23:33:19.789452+00
9761	AE	1000000	(0,0)	2022-10-13 23:33:19.789452+00	2022-10-13 23:33:19.789452+00
9762	AE	1000000	(0,0)	2022-10-13 23:33:19.789452+00	2022-10-13 23:33:19.789452+00
9769	AE	1000000	(0,0)	2022-10-13 23:33:19.789452+00	2022-10-13 23:33:19.789452+00
9777	AE	1000000	(0,0)	2022-10-13 23:33:19.789452+00	2022-10-13 23:33:19.789452+00
9780	AE	1000000	(0,0)	2022-10-13 23:33:19.789452+00	2022-10-13 23:33:19.789452+00
9789	AE	1000000	(0,0)	2022-10-13 23:33:19.789452+00	2022-10-13 23:33:19.789452+00
9800	AE	1000000	(0,0)	2022-10-13 23:33:19.789452+00	2022-10-13 23:33:19.789452+00
9801	AE	1000000	(0,0)	2022-10-13 23:33:19.789452+00	2022-10-13 23:33:19.789452+00
9802	AE	1000000	(0,0)	2022-10-13 23:33:19.789452+00	2022-10-13 23:33:19.789452+00
9803	AE	1000000	(0,0)	2022-10-13 23:33:19.789452+00	2022-10-13 23:33:19.789452+00
9804	AE	1000000	(0,0)	2022-10-13 23:33:19.789452+00	2022-10-13 23:33:19.789452+00
9805	AE	1000000	(0,0)	2022-10-13 23:33:19.789452+00	2022-10-13 23:33:19.789452+00
9806	AE	1000000	(0,0)	2022-10-13 23:33:19.789452+00	2022-10-13 23:33:19.789452+00
9807	AE	1000000	(0,0)	2022-10-13 23:33:19.789452+00	2022-10-13 23:33:19.789452+00
9808	AE	1000000	(0,0)	2022-10-13 23:33:19.789452+00	2022-10-13 23:33:19.789452+00
9809	AE	1000000	(0,0)	2022-10-13 23:33:19.789452+00	2022-10-13 23:33:19.789452+00
9810	AE	1000000	(0,0)	2022-10-13 23:33:19.789452+00	2022-10-13 23:33:19.789452+00
9811	AE	1000000	(0,0)	2022-10-13 23:33:19.789452+00	2022-10-13 23:33:19.789452+00
9812	AE	1000000	(0,0)	2022-10-13 23:33:19.789452+00	2022-10-13 23:33:19.789452+00
9813	AE	1000000	(0,0)	2022-10-13 23:33:19.789452+00	2022-10-13 23:33:19.789452+00
9814	AE	1000000	(0,0)	2022-10-13 23:33:19.789452+00	2022-10-13 23:33:19.789452+00
9815	AE	1000000	(0,0)	2022-10-13 23:33:19.789452+00	2022-10-13 23:33:19.789452+00
9816	AE	1000000	(0,0)	2022-10-13 23:33:19.789452+00	2022-10-13 23:33:19.789452+00
9817	AE	1000000	(0,0)	2022-10-13 23:33:19.789452+00	2022-10-13 23:33:19.789452+00
9818	AE	1000000	(0,0)	2022-10-13 23:33:19.789452+00	2022-10-13 23:33:19.789452+00
9820	AE	1000000	(0,0)	2022-10-13 23:33:19.789452+00	2022-10-13 23:33:19.789452+00
9821	AE	1000000	(0,0)	2022-10-13 23:33:19.789452+00	2022-10-13 23:33:19.789452+00
9822	AE	1000000	(0,0)	2022-10-13 23:33:19.789452+00	2022-10-13 23:33:19.789452+00
9823	AE	1000000	(0,0)	2022-10-13 23:33:19.789452+00	2022-10-13 23:33:19.789452+00
9824	AE	1000000	(0,0)	2022-10-13 23:33:19.789452+00	2022-10-13 23:33:19.789452+00
9825	AE	1000000	(0,0)	2022-10-13 23:33:19.789452+00	2022-10-13 23:33:19.789452+00
9826	AE	1000000	(0,0)	2022-10-13 23:33:19.789452+00	2022-10-13 23:33:19.789452+00
9827	AE	1000000	(0,0)	2022-10-13 23:33:19.789452+00	2022-10-13 23:33:19.789452+00
9828	AE	1000000	(0,0)	2022-10-13 23:33:19.789452+00	2022-10-13 23:33:19.789452+00
9829	AE	1000000	(0,0)	2022-10-13 23:33:19.789452+00	2022-10-13 23:33:19.789452+00
9830	AE	1000000	(0,0)	2022-10-13 23:33:19.789452+00	2022-10-13 23:33:19.789452+00
9831	AE	1000000	(0,0)	2022-10-13 23:33:19.789452+00	2022-10-13 23:33:19.789452+00
9832	AE	1000000	(0,0)	2022-10-13 23:33:19.789452+00	2022-10-13 23:33:19.789452+00
9833	AE	1000000	(0,0)	2022-10-13 23:33:19.789452+00	2022-10-13 23:33:19.789452+00
9834	AE	1000000	(0,0)	2022-10-13 23:33:19.789452+00	2022-10-13 23:33:19.789452+00
9836	AE	1000000	(0,0)	2022-10-13 23:33:19.789452+00	2022-10-13 23:33:19.789452+00
9837	AE	1000000	(0,0)	2022-10-13 23:33:19.789452+00	2022-10-13 23:33:19.789452+00
9838	AE	1000000	(0,0)	2022-10-13 23:33:19.789452+00	2022-10-13 23:33:19.789452+00
9839	AE	1000000	(0,0)	2022-10-13 23:33:19.789452+00	2022-10-13 23:33:19.789452+00
9841	AE	1000000	(0,0)	2022-10-13 23:33:19.789452+00	2022-10-13 23:33:19.789452+00
9842	AE	1000000	(0,0)	2022-10-13 23:33:19.789452+00	2022-10-13 23:33:19.789452+00
9844	AE	1000000	(0,0)	2022-10-13 23:33:19.789452+00	2022-10-13 23:33:19.789452+00
9845	AE	1000000	(0,0)	2022-10-13 23:33:19.789452+00	2022-10-13 23:33:19.789452+00
9846	AE	1000000	(0,0)	2022-10-13 23:33:19.789452+00	2022-10-13 23:33:19.789452+00
9847	AE	1000000	(0,0)	2022-10-13 23:33:19.789452+00	2022-10-13 23:33:19.789452+00
9848	AE	1000000	(0,0)	2022-10-13 23:33:19.789452+00	2022-10-13 23:33:19.789452+00
9851	AE	1000000	(0,0)	2022-10-13 23:33:19.789452+00	2022-10-13 23:33:19.789452+00
9852	AE	1000000	(0,0)	2022-10-13 23:33:19.789452+00	2022-10-13 23:33:19.789452+00
9853	AE	1000000	(0,0)	2022-10-13 23:33:19.789452+00	2022-10-13 23:33:19.789452+00
9854	AE	1000000	(0,0)	2022-10-13 23:33:19.789452+00	2022-10-13 23:33:19.789452+00
9855	AE	1000000	(0,0)	2022-10-13 23:33:19.789452+00	2022-10-13 23:33:19.789452+00
9856	AE	1000000	(0,0)	2022-10-13 23:33:19.789452+00	2022-10-13 23:33:19.789452+00
9857	AE	1000000	(0,0)	2022-10-13 23:33:19.789452+00	2022-10-13 23:33:19.789452+00
9858	AE	1000000	(0,0)	2022-10-13 23:33:19.789452+00	2022-10-13 23:33:19.789452+00
9859	AE	1000000	(0,0)	2022-10-13 23:33:19.789452+00	2022-10-13 23:33:19.789452+00
9860	AE	1000000	(0,0)	2022-10-13 23:33:19.789452+00	2022-10-13 23:33:19.789452+00
9861	AE	1000000	(0,0)	2022-10-13 23:33:19.789452+00	2022-10-13 23:33:19.789452+00
9862	AE	1000000	(0,0)	2022-10-13 23:33:19.789452+00	2022-10-13 23:33:19.789452+00
9863	AE	1000000	(0,0)	2022-10-13 23:33:19.789452+00	2022-10-13 23:33:19.789452+00
9864	AE	1000000	(0,0)	2022-10-13 23:33:19.789452+00	2022-10-13 23:33:19.789452+00
9865	AE	1000000	(0,0)	2022-10-13 23:33:19.789452+00	2022-10-13 23:33:19.789452+00
9867	AE	1000000	(0,0)	2022-10-13 23:33:19.789452+00	2022-10-13 23:33:19.789452+00
9868	AE	1000000	(0,0)	2022-10-13 23:33:19.789452+00	2022-10-13 23:33:19.789452+00
9869	AE	1000000	(0,0)	2022-10-13 23:33:19.789452+00	2022-10-13 23:33:19.789452+00
9870	AE	1000000	(0,0)	2022-10-13 23:33:19.789452+00	2022-10-13 23:33:19.789452+00
9873	AE	1000000	(0,0)	2022-10-13 23:33:19.789452+00	2022-10-13 23:33:19.789452+00
9874	AE	1000000	(0,0)	2022-10-13 23:33:19.789452+00	2022-10-13 23:33:19.789452+00
9875	AE	1000000	(0,0)	2022-10-13 23:33:19.789452+00	2022-10-13 23:33:19.789452+00
9876	AE	1000000	(0,0)	2022-10-13 23:33:19.789452+00	2022-10-13 23:33:19.789452+00
9877	AE	1000000	(0,0)	2022-10-13 23:33:19.789452+00	2022-10-13 23:33:19.789452+00
9880	AE	1000000	(0,0)	2022-10-13 23:33:19.789452+00	2022-10-13 23:33:19.789452+00
9890	AE	1000000	(0,0)	2022-10-13 23:33:19.789452+00	2022-10-13 23:33:19.789452+00
9892	AE	1000000	(0,0)	2022-10-13 23:33:19.789452+00	2022-10-13 23:33:19.789452+00
9895	AE	1000000	(0,0)	2022-10-13 23:33:19.789452+00	2022-10-13 23:33:19.789452+00
9898	AE	1000000	(0,0)	2022-10-13 23:33:19.789452+00	2022-10-13 23:33:19.789452+00
9901	AE	1000000	(0,0)	2022-10-13 23:33:19.789452+00	2022-10-13 23:33:19.789452+00
9902	AE	1000000	(0,0)	2022-10-13 23:33:19.789452+00	2022-10-13 23:33:19.789452+00
9903	AE	1000000	(0,0)	2022-10-13 23:33:19.789452+00	2022-10-13 23:33:19.789452+00
9904	AE	1000000	(0,0)	2022-10-13 23:33:19.789452+00	2022-10-13 23:33:19.789452+00
9908	AE	1000000	(0,0)	2022-10-13 23:33:19.789452+00	2022-10-13 23:33:19.789452+00
9909	AE	1000000	(0,0)	2022-10-13 23:33:19.789452+00	2022-10-13 23:33:19.789452+00
9910	AE	1000000	(0,0)	2022-10-13 23:33:19.789452+00	2022-10-13 23:33:19.789452+00
9974	AE	1000000	(0,0)	2022-10-13 23:33:19.789452+00	2022-10-13 23:33:19.789452+00
9975	AE	1000000	(0,0)	2022-10-13 23:33:19.789452+00	2022-10-13 23:33:19.789452+00
9976	AE	1000000	(0,0)	2022-10-13 23:33:19.789452+00	2022-10-13 23:33:19.789452+00
9977	AE	1000000	(0,0)	2022-10-13 23:33:19.789452+00	2022-10-13 23:33:19.789452+00
34001	AA	1000000	(0,0)	2022-10-13 23:33:19.789452+00	2022-10-13 23:33:19.789452+00
34002	AA	1000000	(0,0)	2022-10-13 23:33:19.789452+00	2022-10-13 23:33:19.789452+00
34004	AA	1000000	(0,0)	2022-10-13 23:33:19.789452+00	2022-10-13 23:33:19.789452+00
34007	AA	1000000	(0,0)	2022-10-13 23:33:19.789452+00	2022-10-13 23:33:19.789452+00
34008	AA	1000000	(0,0)	2022-10-13 23:33:19.789452+00	2022-10-13 23:33:19.789452+00
34011	AA	1000000	(0,0)	2022-10-13 23:33:19.789452+00	2022-10-13 23:33:19.789452+00
34020	AA	1000000	(0,0)	2022-10-13 23:33:19.789452+00	2022-10-13 23:33:19.789452+00
34021	AA	1000000	(0,0)	2022-10-13 23:33:19.789452+00	2022-10-13 23:33:19.789452+00
34022	AA	1000000	(0,0)	2022-10-13 23:33:19.789452+00	2022-10-13 23:33:19.789452+00
34023	AA	1000000	(0,0)	2022-10-13 23:33:19.789452+00	2022-10-13 23:33:19.789452+00
34024	AA	1000000	(0,0)	2022-10-13 23:33:19.789452+00	2022-10-13 23:33:19.789452+00
34025	AA	1000000	(0,0)	2022-10-13 23:33:19.789452+00	2022-10-13 23:33:19.789452+00
34030	AA	1000000	(0,0)	2022-10-13 23:33:19.789452+00	2022-10-13 23:33:19.789452+00
34031	AA	1000000	(0,0)	2022-10-13 23:33:19.789452+00	2022-10-13 23:33:19.789452+00
34032	AA	1000000	(0,0)	2022-10-13 23:33:19.789452+00	2022-10-13 23:33:19.789452+00
34033	AA	1000000	(0,0)	2022-10-13 23:33:19.789452+00	2022-10-13 23:33:19.789452+00
34034	AA	1000000	(0,0)	2022-10-13 23:33:19.789452+00	2022-10-13 23:33:19.789452+00
34035	AA	1000000	(0,0)	2022-10-13 23:33:19.789452+00	2022-10-13 23:33:19.789452+00
34036	AA	1000000	(0,0)	2022-10-13 23:33:19.789452+00	2022-10-13 23:33:19.789452+00
34037	AA	1000000	(0,0)	2022-10-13 23:33:19.789452+00	2022-10-13 23:33:19.789452+00
34038	AA	1000000	(0,0)	2022-10-13 23:33:19.789452+00	2022-10-13 23:33:19.789452+00
34039	AA	1000000	(0,0)	2022-10-13 23:33:19.789452+00	2022-10-13 23:33:19.789452+00
34041	AA	1000000	(0,0)	2022-10-13 23:33:19.789452+00	2022-10-13 23:33:19.789452+00
34042	AA	1000000	(0,0)	2022-10-13 23:33:19.789452+00	2022-10-13 23:33:19.789452+00
34044	AA	1000000	(0,0)	2022-10-13 23:33:19.789452+00	2022-10-13 23:33:19.789452+00
34050	AA	1000000	(0,0)	2022-10-13 23:33:19.789452+00	2022-10-13 23:33:19.789452+00
34051	AA	1000000	(0,0)	2022-10-13 23:33:19.789452+00	2022-10-13 23:33:19.789452+00
34052	AA	1000000	(0,0)	2022-10-13 23:33:19.789452+00	2022-10-13 23:33:19.789452+00
34053	AA	1000000	(0,0)	2022-10-13 23:33:19.789452+00	2022-10-13 23:33:19.789452+00
34054	AA	1000000	(0,0)	2022-10-13 23:33:19.789452+00	2022-10-13 23:33:19.789452+00
34055	AA	1000000	(0,0)	2022-10-13 23:33:19.789452+00	2022-10-13 23:33:19.789452+00
34058	AA	1000000	(0,0)	2022-10-13 23:33:19.789452+00	2022-10-13 23:33:19.789452+00
34060	AA	1000000	(0,0)	2022-10-13 23:33:19.789452+00	2022-10-13 23:33:19.789452+00
34066	AA	1000000	(0,0)	2022-10-13 23:33:19.789452+00	2022-10-13 23:33:19.789452+00
34067	AA	1000000	(0,0)	2022-10-13 23:33:19.789452+00	2022-10-13 23:33:19.789452+00
34068	AA	1000000	(0,0)	2022-10-13 23:33:19.789452+00	2022-10-13 23:33:19.789452+00
34069	AA	1000000	(0,0)	2022-10-13 23:33:19.789452+00	2022-10-13 23:33:19.789452+00
34078	AA	1000000	(0,0)	2022-10-13 23:33:19.789452+00	2022-10-13 23:33:19.789452+00
34080	AA	1000000	(0,0)	2022-10-13 23:33:19.789452+00	2022-10-13 23:33:19.789452+00
34081	AA	1000000	(0,0)	2022-10-13 23:33:19.789452+00	2022-10-13 23:33:19.789452+00
34082	AA	1000000	(0,0)	2022-10-13 23:33:19.789452+00	2022-10-13 23:33:19.789452+00
34083	AA	1000000	(0,0)	2022-10-13 23:33:19.789452+00	2022-10-13 23:33:19.789452+00
34084	AA	1000000	(0,0)	2022-10-13 23:33:19.789452+00	2022-10-13 23:33:19.789452+00
34085	AA	1000000	(0,0)	2022-10-13 23:33:19.789452+00	2022-10-13 23:33:19.789452+00
34086	AA	1000000	(0,0)	2022-10-13 23:33:19.789452+00	2022-10-13 23:33:19.789452+00
34087	AA	1000000	(0,0)	2022-10-13 23:33:19.789452+00	2022-10-13 23:33:19.789452+00
34088	AA	1000000	(0,0)	2022-10-13 23:33:19.789452+00	2022-10-13 23:33:19.789452+00
34089	AA	1000000	(0,0)	2022-10-13 23:33:19.789452+00	2022-10-13 23:33:19.789452+00
34090	AA	1000000	(0,0)	2022-10-13 23:33:19.789452+00	2022-10-13 23:33:19.789452+00
34091	AA	1000000	(0,0)	2022-10-13 23:33:19.789452+00	2022-10-13 23:33:19.789452+00
34092	AA	1000000	(0,0)	2022-10-13 23:33:19.789452+00	2022-10-13 23:33:19.789452+00
34093	AA	1000000	(0,0)	2022-10-13 23:33:19.789452+00	2022-10-13 23:33:19.789452+00
34094	AA	1000000	(0,0)	2022-10-13 23:33:19.789452+00	2022-10-13 23:33:19.789452+00
34095	AA	1000000	(0,0)	2022-10-13 23:33:19.789452+00	2022-10-13 23:33:19.789452+00
96201	AP	1000000	(0,0)	2022-10-13 23:33:19.789452+00	2022-10-13 23:33:19.789452+00
96202	AP	1000000	(0,0)	2022-10-13 23:33:19.789452+00	2022-10-13 23:33:19.789452+00
96203	AP	1000000	(0,0)	2022-10-13 23:33:19.789452+00	2022-10-13 23:33:19.789452+00
96204	AP	1000000	(0,0)	2022-10-13 23:33:19.789452+00	2022-10-13 23:33:19.789452+00
96205	AP	1000000	(0,0)	2022-10-13 23:33:19.789452+00	2022-10-13 23:33:19.789452+00
96206	AP	1000000	(0,0)	2022-10-13 23:33:19.789452+00	2022-10-13 23:33:19.789452+00
96207	AP	1000000	(0,0)	2022-10-13 23:33:19.789452+00	2022-10-13 23:33:19.789452+00
96208	AP	1000000	(0,0)	2022-10-13 23:33:19.789452+00	2022-10-13 23:33:19.789452+00
96209	AP	1000000	(0,0)	2022-10-13 23:33:19.789452+00	2022-10-13 23:33:19.789452+00
96210	AP	1000000	(0,0)	2022-10-13 23:33:19.789452+00	2022-10-13 23:33:19.789452+00
96212	AP	1000000	(0,0)	2022-10-13 23:33:19.789452+00	2022-10-13 23:33:19.789452+00
96213	AP	1000000	(0,0)	2022-10-13 23:33:19.789452+00	2022-10-13 23:33:19.789452+00
96214	AP	1000000	(0,0)	2022-10-13 23:33:19.789452+00	2022-10-13 23:33:19.789452+00
96218	AP	1000000	(0,0)	2022-10-13 23:33:19.789452+00	2022-10-13 23:33:19.789452+00
96224	AP	1000000	(0,0)	2022-10-13 23:33:19.789452+00	2022-10-13 23:33:19.789452+00
96251	AP	1000000	(0,0)	2022-10-13 23:33:19.789452+00	2022-10-13 23:33:19.789452+00
96257	AP	1000000	(0,0)	2022-10-13 23:33:19.789452+00	2022-10-13 23:33:19.789452+00
96258	AP	1000000	(0,0)	2022-10-13 23:33:19.789452+00	2022-10-13 23:33:19.789452+00
96260	AP	1000000	(0,0)	2022-10-13 23:33:19.789452+00	2022-10-13 23:33:19.789452+00
96262	AP	1000000	(0,0)	2022-10-13 23:33:19.789452+00	2022-10-13 23:33:19.789452+00
96264	AP	1000000	(0,0)	2022-10-13 23:33:19.789452+00	2022-10-13 23:33:19.789452+00
96266	AP	1000000	(0,0)	2022-10-13 23:33:19.789452+00	2022-10-13 23:33:19.789452+00
96267	AP	1000000	(0,0)	2022-10-13 23:33:19.789452+00	2022-10-13 23:33:19.789452+00
96269	AP	1000000	(0,0)	2022-10-13 23:33:19.789452+00	2022-10-13 23:33:19.789452+00
96271	AP	1000000	(0,0)	2022-10-13 23:33:19.789452+00	2022-10-13 23:33:19.789452+00
96273	AP	1000000	(0,0)	2022-10-13 23:33:19.789452+00	2022-10-13 23:33:19.789452+00
96275	AP	1000000	(0,0)	2022-10-13 23:33:19.789452+00	2022-10-13 23:33:19.789452+00
96276	AP	1000000	(0,0)	2022-10-13 23:33:19.789452+00	2022-10-13 23:33:19.789452+00
96278	AP	1000000	(0,0)	2022-10-13 23:33:19.789452+00	2022-10-13 23:33:19.789452+00
96283	AP	1000000	(0,0)	2022-10-13 23:33:19.789452+00	2022-10-13 23:33:19.789452+00
96284	AP	1000000	(0,0)	2022-10-13 23:33:19.789452+00	2022-10-13 23:33:19.789452+00
96297	AP	1000000	(0,0)	2022-10-13 23:33:19.789452+00	2022-10-13 23:33:19.789452+00
96301	AP	1000000	(0,0)	2022-10-13 23:33:19.789452+00	2022-10-13 23:33:19.789452+00
96303	AP	1000000	(0,0)	2022-10-13 23:33:19.789452+00	2022-10-13 23:33:19.789452+00
96306	AP	1000000	(0,0)	2022-10-13 23:33:19.789452+00	2022-10-13 23:33:19.789452+00
96309	AP	1000000	(0,0)	2022-10-13 23:33:19.789452+00	2022-10-13 23:33:19.789452+00
96310	AP	1000000	(0,0)	2022-10-13 23:33:19.789452+00	2022-10-13 23:33:19.789452+00
96311	AP	1000000	(0,0)	2022-10-13 23:33:19.789452+00	2022-10-13 23:33:19.789452+00
96315	AP	1000000	(0,0)	2022-10-13 23:33:19.789452+00	2022-10-13 23:33:19.789452+00
96319	AP	1000000	(0,0)	2022-10-13 23:33:19.789452+00	2022-10-13 23:33:19.789452+00
96321	AP	1000000	(0,0)	2022-10-13 23:33:19.789452+00	2022-10-13 23:33:19.789452+00
96322	AP	1000000	(0,0)	2022-10-13 23:33:19.789452+00	2022-10-13 23:33:19.789452+00
96323	AP	1000000	(0,0)	2022-10-13 23:33:19.789452+00	2022-10-13 23:33:19.789452+00
96326	AP	1000000	(0,0)	2022-10-13 23:33:19.789452+00	2022-10-13 23:33:19.789452+00
96328	AP	1000000	(0,0)	2022-10-13 23:33:19.789452+00	2022-10-13 23:33:19.789452+00
96330	AP	1000000	(0,0)	2022-10-13 23:33:19.789452+00	2022-10-13 23:33:19.789452+00
96331	AP	1000000	(0,0)	2022-10-13 23:33:19.789452+00	2022-10-13 23:33:19.789452+00
96336	AP	1000000	(0,0)	2022-10-13 23:33:19.789452+00	2022-10-13 23:33:19.789452+00
96337	AP	1000000	(0,0)	2022-10-13 23:33:19.789452+00	2022-10-13 23:33:19.789452+00
96338	AP	1000000	(0,0)	2022-10-13 23:33:19.789452+00	2022-10-13 23:33:19.789452+00
96339	AP	1000000	(0,0)	2022-10-13 23:33:19.789452+00	2022-10-13 23:33:19.789452+00
96343	AP	1000000	(0,0)	2022-10-13 23:33:19.789452+00	2022-10-13 23:33:19.789452+00
96346	AP	1000000	(0,0)	2022-10-13 23:33:19.789452+00	2022-10-13 23:33:19.789452+00
96347	AP	1000000	(0,0)	2022-10-13 23:33:19.789452+00	2022-10-13 23:33:19.789452+00
96349	AP	1000000	(0,0)	2022-10-13 23:33:19.789452+00	2022-10-13 23:33:19.789452+00
96350	AP	1000000	(0,0)	2022-10-13 23:33:19.789452+00	2022-10-13 23:33:19.789452+00
96351	AP	1000000	(0,0)	2022-10-13 23:33:19.789452+00	2022-10-13 23:33:19.789452+00
96362	AP	1000000	(0,0)	2022-10-13 23:33:19.789452+00	2022-10-13 23:33:19.789452+00
96365	AP	1000000	(0,0)	2022-10-13 23:33:19.789452+00	2022-10-13 23:33:19.789452+00
96367	AP	1000000	(0,0)	2022-10-13 23:33:19.789452+00	2022-10-13 23:33:19.789452+00
96368	AP	1000000	(0,0)	2022-10-13 23:33:19.789452+00	2022-10-13 23:33:19.789452+00
96370	AP	1000000	(0,0)	2022-10-13 23:33:19.789452+00	2022-10-13 23:33:19.789452+00
96371	AP	1000000	(0,0)	2022-10-13 23:33:19.789452+00	2022-10-13 23:33:19.789452+00
96372	AP	1000000	(0,0)	2022-10-13 23:33:19.789452+00	2022-10-13 23:33:19.789452+00
96373	AP	1000000	(0,0)	2022-10-13 23:33:19.789452+00	2022-10-13 23:33:19.789452+00
96374	AP	1000000	(0,0)	2022-10-13 23:33:19.789452+00	2022-10-13 23:33:19.789452+00
96375	AP	1000000	(0,0)	2022-10-13 23:33:19.789452+00	2022-10-13 23:33:19.789452+00
96376	AP	1000000	(0,0)	2022-10-13 23:33:19.789452+00	2022-10-13 23:33:19.789452+00
96377	AP	1000000	(0,0)	2022-10-13 23:33:19.789452+00	2022-10-13 23:33:19.789452+00
96378	AP	1000000	(0,0)	2022-10-13 23:33:19.789452+00	2022-10-13 23:33:19.789452+00
96379	AP	1000000	(0,0)	2022-10-13 23:33:19.789452+00	2022-10-13 23:33:19.789452+00
96380	AP	1000000	(0,0)	2022-10-13 23:33:19.789452+00	2022-10-13 23:33:19.789452+00
96382	AP	1000000	(0,0)	2022-10-13 23:33:19.789452+00	2022-10-13 23:33:19.789452+00
96384	AP	1000000	(0,0)	2022-10-13 23:33:19.789452+00	2022-10-13 23:33:19.789452+00
96385	AP	1000000	(0,0)	2022-10-13 23:33:19.789452+00	2022-10-13 23:33:19.789452+00
96386	AP	1000000	(0,0)	2022-10-13 23:33:19.789452+00	2022-10-13 23:33:19.789452+00
96387	AP	1000000	(0,0)	2022-10-13 23:33:19.789452+00	2022-10-13 23:33:19.789452+00
96388	AP	1000000	(0,0)	2022-10-13 23:33:19.789452+00	2022-10-13 23:33:19.789452+00
96389	AP	1000000	(0,0)	2022-10-13 23:33:19.789452+00	2022-10-13 23:33:19.789452+00
96401	AP	1000000	(0,0)	2022-10-13 23:33:19.789452+00	2022-10-13 23:33:19.789452+00
96502	AP	1000000	(0,0)	2022-10-13 23:33:19.789452+00	2022-10-13 23:33:19.789452+00
96504	AP	1000000	(0,0)	2022-10-13 23:33:19.789452+00	2022-10-13 23:33:19.789452+00
96505	AP	1000000	(0,0)	2022-10-13 23:33:19.789452+00	2022-10-13 23:33:19.789452+00
96507	AP	1000000	(0,0)	2022-10-13 23:33:19.789452+00	2022-10-13 23:33:19.789452+00
96510	AP	1000000	(0,0)	2022-10-13 23:33:19.789452+00	2022-10-13 23:33:19.789452+00
96511	AP	1000000	(0,0)	2022-10-13 23:33:19.789452+00	2022-10-13 23:33:19.789452+00
96515	AP	1000000	(0,0)	2022-10-13 23:33:19.789452+00	2022-10-13 23:33:19.789452+00
96516	AP	1000000	(0,0)	2022-10-13 23:33:19.789452+00	2022-10-13 23:33:19.789452+00
96517	AP	1000000	(0,0)	2022-10-13 23:33:19.789452+00	2022-10-13 23:33:19.789452+00
96520	AP	1000000	(0,0)	2022-10-13 23:33:19.789452+00	2022-10-13 23:33:19.789452+00
96521	AP	1000000	(0,0)	2022-10-13 23:33:19.789452+00	2022-10-13 23:33:19.789452+00
96522	AP	1000000	(0,0)	2022-10-13 23:33:19.789452+00	2022-10-13 23:33:19.789452+00
96530	AP	1000000	(0,0)	2022-10-13 23:33:19.789452+00	2022-10-13 23:33:19.789452+00
96531	AP	1000000	(0,0)	2022-10-13 23:33:19.789452+00	2022-10-13 23:33:19.789452+00
96532	AP	1000000	(0,0)	2022-10-13 23:33:19.789452+00	2022-10-13 23:33:19.789452+00
96534	AP	1000000	(0,0)	2022-10-13 23:33:19.789452+00	2022-10-13 23:33:19.789452+00
96535	AP	1000000	(0,0)	2022-10-13 23:33:19.789452+00	2022-10-13 23:33:19.789452+00
96537	AP	1000000	(0,0)	2022-10-13 23:33:19.789452+00	2022-10-13 23:33:19.789452+00
96539	AP	1000000	(0,0)	2022-10-13 23:33:19.789452+00	2022-10-13 23:33:19.789452+00
96540	AP	1000000	(0,0)	2022-10-13 23:33:19.789452+00	2022-10-13 23:33:19.789452+00
96542	AP	1000000	(0,0)	2022-10-13 23:33:19.789452+00	2022-10-13 23:33:19.789452+00
96543	AP	1000000	(0,0)	2022-10-13 23:33:19.789452+00	2022-10-13 23:33:19.789452+00
96546	AP	1000000	(0,0)	2022-10-13 23:33:19.789452+00	2022-10-13 23:33:19.789452+00
96548	AP	1000000	(0,0)	2022-10-13 23:33:19.789452+00	2022-10-13 23:33:19.789452+00
96549	AP	1000000	(0,0)	2022-10-13 23:33:19.789452+00	2022-10-13 23:33:19.789452+00
96550	AP	1000000	(0,0)	2022-10-13 23:33:19.789452+00	2022-10-13 23:33:19.789452+00
96551	AP	1000000	(0,0)	2022-10-13 23:33:19.789452+00	2022-10-13 23:33:19.789452+00
96552	AP	1000000	(0,0)	2022-10-13 23:33:19.789452+00	2022-10-13 23:33:19.789452+00
96553	AP	1000000	(0,0)	2022-10-13 23:33:19.789452+00	2022-10-13 23:33:19.789452+00
96554	AP	1000000	(0,0)	2022-10-13 23:33:19.789452+00	2022-10-13 23:33:19.789452+00
96555	AP	1000000	(0,0)	2022-10-13 23:33:19.789452+00	2022-10-13 23:33:19.789452+00
96557	AP	1000000	(0,0)	2022-10-13 23:33:19.789452+00	2022-10-13 23:33:19.789452+00
96562	AP	1000000	(0,0)	2022-10-13 23:33:19.789452+00	2022-10-13 23:33:19.789452+00
96577	AP	1000000	(0,0)	2022-10-13 23:33:19.789452+00	2022-10-13 23:33:19.789452+00
96578	AP	1000000	(0,0)	2022-10-13 23:33:19.789452+00	2022-10-13 23:33:19.789452+00
96595	AP	1000000	(0,0)	2022-10-13 23:33:19.789452+00	2022-10-13 23:33:19.789452+00
96598	AP	1000000	(0,0)	2022-10-13 23:33:19.789452+00	2022-10-13 23:33:19.789452+00
96599	AP	1000000	(0,0)	2022-10-13 23:33:19.789452+00	2022-10-13 23:33:19.789452+00
96601	AP	1000000	(0,0)	2022-10-13 23:33:19.789452+00	2022-10-13 23:33:19.789452+00
96602	AP	1000000	(0,0)	2022-10-13 23:33:19.789452+00	2022-10-13 23:33:19.789452+00
96603	AP	1000000	(0,0)	2022-10-13 23:33:19.789452+00	2022-10-13 23:33:19.789452+00
96604	AP	1000000	(0,0)	2022-10-13 23:33:19.789452+00	2022-10-13 23:33:19.789452+00
96605	AP	1000000	(0,0)	2022-10-13 23:33:19.789452+00	2022-10-13 23:33:19.789452+00
96606	AP	1000000	(0,0)	2022-10-13 23:33:19.789452+00	2022-10-13 23:33:19.789452+00
96607	AP	1000000	(0,0)	2022-10-13 23:33:19.789452+00	2022-10-13 23:33:19.789452+00
96608	AP	1000000	(0,0)	2022-10-13 23:33:19.789452+00	2022-10-13 23:33:19.789452+00
96609	AP	1000000	(0,0)	2022-10-13 23:33:19.789452+00	2022-10-13 23:33:19.789452+00
96610	AP	1000000	(0,0)	2022-10-13 23:33:19.789452+00	2022-10-13 23:33:19.789452+00
96611	AP	1000000	(0,0)	2022-10-13 23:33:19.789452+00	2022-10-13 23:33:19.789452+00
96612	AP	1000000	(0,0)	2022-10-13 23:33:19.789452+00	2022-10-13 23:33:19.789452+00
96613	AP	1000000	(0,0)	2022-10-13 23:33:19.789452+00	2022-10-13 23:33:19.789452+00
96615	AP	1000000	(0,0)	2022-10-13 23:33:19.789452+00	2022-10-13 23:33:19.789452+00
96616	AP	1000000	(0,0)	2022-10-13 23:33:19.789452+00	2022-10-13 23:33:19.789452+00
96617	AP	1000000	(0,0)	2022-10-13 23:33:19.789452+00	2022-10-13 23:33:19.789452+00
96619	AP	1000000	(0,0)	2022-10-13 23:33:19.789452+00	2022-10-13 23:33:19.789452+00
96620	AP	1000000	(0,0)	2022-10-13 23:33:19.789452+00	2022-10-13 23:33:19.789452+00
96628	AP	1000000	(0,0)	2022-10-13 23:33:19.789452+00	2022-10-13 23:33:19.789452+00
96629	AP	1000000	(0,0)	2022-10-13 23:33:19.789452+00	2022-10-13 23:33:19.789452+00
96632	AP	1000000	(0,0)	2022-10-13 23:33:19.789452+00	2022-10-13 23:33:19.789452+00
96633	AP	1000000	(0,0)	2022-10-13 23:33:19.789452+00	2022-10-13 23:33:19.789452+00
96641	AP	1000000	(0,0)	2022-10-13 23:33:19.789452+00	2022-10-13 23:33:19.789452+00
96642	AP	1000000	(0,0)	2022-10-13 23:33:19.789452+00	2022-10-13 23:33:19.789452+00
96643	AP	1000000	(0,0)	2022-10-13 23:33:19.789452+00	2022-10-13 23:33:19.789452+00
96644	AP	1000000	(0,0)	2022-10-13 23:33:19.789452+00	2022-10-13 23:33:19.789452+00
96645	AP	1000000	(0,0)	2022-10-13 23:33:19.789452+00	2022-10-13 23:33:19.789452+00
96649	AP	1000000	(0,0)	2022-10-13 23:33:19.789452+00	2022-10-13 23:33:19.789452+00
96650	AP	1000000	(0,0)	2022-10-13 23:33:19.789452+00	2022-10-13 23:33:19.789452+00
96657	AP	1000000	(0,0)	2022-10-13 23:33:19.789452+00	2022-10-13 23:33:19.789452+00
96660	AP	1000000	(0,0)	2022-10-13 23:33:19.789452+00	2022-10-13 23:33:19.789452+00
96661	AP	1000000	(0,0)	2022-10-13 23:33:19.789452+00	2022-10-13 23:33:19.789452+00
96662	AP	1000000	(0,0)	2022-10-13 23:33:19.789452+00	2022-10-13 23:33:19.789452+00
96663	AP	1000000	(0,0)	2022-10-13 23:33:19.789452+00	2022-10-13 23:33:19.789452+00
96664	AP	1000000	(0,0)	2022-10-13 23:33:19.789452+00	2022-10-13 23:33:19.789452+00
96665	AP	1000000	(0,0)	2022-10-13 23:33:19.789452+00	2022-10-13 23:33:19.789452+00
96666	AP	1000000	(0,0)	2022-10-13 23:33:19.789452+00	2022-10-13 23:33:19.789452+00
96667	AP	1000000	(0,0)	2022-10-13 23:33:19.789452+00	2022-10-13 23:33:19.789452+00
96668	AP	1000000	(0,0)	2022-10-13 23:33:19.789452+00	2022-10-13 23:33:19.789452+00
96669	AP	1000000	(0,0)	2022-10-13 23:33:19.789452+00	2022-10-13 23:33:19.789452+00
96670	AP	1000000	(0,0)	2022-10-13 23:33:19.789452+00	2022-10-13 23:33:19.789452+00
96671	AP	1000000	(0,0)	2022-10-13 23:33:19.789452+00	2022-10-13 23:33:19.789452+00
96672	AP	1000000	(0,0)	2022-10-13 23:33:19.789452+00	2022-10-13 23:33:19.789452+00
96673	AP	1000000	(0,0)	2022-10-13 23:33:19.789452+00	2022-10-13 23:33:19.789452+00
96674	AP	1000000	(0,0)	2022-10-13 23:33:19.789452+00	2022-10-13 23:33:19.789452+00
96675	AP	1000000	(0,0)	2022-10-13 23:33:19.789452+00	2022-10-13 23:33:19.789452+00
96677	AP	1000000	(0,0)	2022-10-13 23:33:19.789452+00	2022-10-13 23:33:19.789452+00
96678	AP	1000000	(0,0)	2022-10-13 23:33:19.789452+00	2022-10-13 23:33:19.789452+00
96679	AP	1000000	(0,0)	2022-10-13 23:33:19.789452+00	2022-10-13 23:33:19.789452+00
96681	AP	1000000	(0,0)	2022-10-13 23:33:19.789452+00	2022-10-13 23:33:19.789452+00
96682	AP	1000000	(0,0)	2022-10-13 23:33:19.789452+00	2022-10-13 23:33:19.789452+00
96683	AP	1000000	(0,0)	2022-10-13 23:33:19.789452+00	2022-10-13 23:33:19.789452+00
96686	AP	1000000	(0,0)	2022-10-13 23:33:19.789452+00	2022-10-13 23:33:19.789452+00
96691	AP	1000000	(0,0)	2022-10-13 23:33:19.789452+00	2022-10-13 23:33:19.789452+00
96692	AP	1000000	(0,0)	2022-10-13 23:33:19.789452+00	2022-10-13 23:33:19.789452+00
96693	AP	1000000	(0,0)	2022-10-13 23:33:19.789452+00	2022-10-13 23:33:19.789452+00
96694	AP	1000000	(0,0)	2022-10-13 23:33:19.789452+00	2022-10-13 23:33:19.789452+00
96695	AP	1000000	(0,0)	2022-10-13 23:33:19.789452+00	2022-10-13 23:33:19.789452+00
96696	AP	1000000	(0,0)	2022-10-13 23:33:19.789452+00	2022-10-13 23:33:19.789452+00
96698	AP	1000000	(0,0)	2022-10-13 23:33:19.789452+00	2022-10-13 23:33:19.789452+00
601	PR	16001	(18.16,-66.72)	2022-10-13 23:33:19.789452+00	2022-10-13 23:33:19.789452+00
602	PR	19801	(18.38,-67.18)	2022-10-13 23:33:19.789452+00	2022-10-13 23:33:19.789452+00
603	PR	18973	(18.43,-67.15)	2022-10-13 23:33:19.789452+00	2022-10-13 23:33:19.789452+00
604	PR	0	(18.43,-67.15)	2022-10-13 23:33:19.789452+00	2022-10-13 23:33:19.789452+00
605	PR	0	(18.43,-67.15)	2022-10-13 23:33:19.789452+00	2022-10-13 23:33:19.789452+00
606	PR	15298	(18.18,-66.98)	2022-10-13 23:33:19.789452+00	2022-10-13 23:33:19.789452+00
610	PR	23612	(18.28,-67.14)	2022-10-13 23:33:19.789452+00	2022-10-13 23:33:19.789452+00
611	PR	0	(18.28,-66.79)	2022-10-13 23:33:19.789452+00	2022-10-13 23:33:19.789452+00
612	PR	24339	(18.45,-66.73)	2022-10-13 23:33:19.789452+00	2022-10-13 23:33:19.789452+00
613	PR	0	(18.45,-66.73)	2022-10-13 23:33:19.789452+00	2022-10-13 23:33:19.789452+00
614	PR	0	(18.45,-66.73)	2022-10-13 23:33:19.789452+00	2022-10-13 23:33:19.789452+00
616	PR	20805	(18.42,-66.67)	2022-10-13 23:33:19.789452+00	2022-10-13 23:33:19.789452+00
617	PR	19838	(18.45,-66.56)	2022-10-13 23:33:19.789452+00	2022-10-13 23:33:19.789452+00
622	PR	17290	(17.99,-67.15)	2022-10-13 23:33:19.789452+00	2022-10-13 23:33:19.789452+00
623	PR	20448	(18.08,-67.14)	2022-10-13 23:33:19.789452+00	2022-10-13 23:33:19.789452+00
624	PR	19342	(18.06,-66.72)	2022-10-13 23:33:19.789452+00	2022-10-13 23:33:19.789452+00
627	PR	20616	(18.48,-66.84)	2022-10-13 23:33:19.789452+00	2022-10-13 23:33:19.789452+00
631	PR	12188	(18.19,-66.82)	2022-10-13 23:33:19.789452+00	2022-10-13 23:33:19.789452+00
636	PR	0	(18.15,-67.06)	2022-10-13 23:33:19.789452+00	2022-10-13 23:33:19.789452+00
637	PR	22106	(18.08,-66.96)	2022-10-13 23:33:19.789452+00	2022-10-13 23:33:19.789452+00
638	PR	18914	(18.33,-66.47)	2022-10-13 23:33:19.789452+00	2022-10-13 23:33:19.789452+00
641	PR	19972	(18.27,-66.7)	2022-10-13 23:33:19.789452+00	2022-10-13 23:33:19.789452+00
646	PR	37357	(18.47,-66.27)	2022-10-13 23:33:19.789452+00	2022-10-13 23:33:19.789452+00
647	PR	17659	(17.96,-66.94)	2022-10-13 23:33:19.789452+00	2022-10-13 23:33:19.789452+00
650	PR	22310	(18.36,-66.56)	2022-10-13 23:33:19.789452+00	2022-10-13 23:33:19.789452+00
652	PR	24154	(18.45,-66.6)	2022-10-13 23:33:19.789452+00	2022-10-13 23:33:19.789452+00
653	PR	15234	(17.99,-66.89)	2022-10-13 23:33:19.789452+00	2022-10-13 23:33:19.789452+00
656	PR	19699	(18.02,-66.79)	2022-10-13 23:33:19.789452+00	2022-10-13 23:33:19.789452+00
659	PR	23679	(18.48,-66.82)	2022-10-13 23:33:19.789452+00	2022-10-13 23:33:19.789452+00
660	PR	23658	(18.14,-67.12)	2022-10-13 23:33:19.789452+00	2022-10-13 23:33:19.789452+00
662	PR	18840	(18.5,-67.02)	2022-10-13 23:33:19.789452+00	2022-10-13 23:33:19.789452+00
664	PR	17403	(18.22,-66.59)	2022-10-13 23:33:19.789452+00	2022-10-13 23:33:19.789452+00
667	PR	16166	(18.04,-67.06)	2022-10-13 23:33:19.789452+00	2022-10-13 23:33:19.789452+00
669	PR	19540	(18.29,-66.88)	2022-10-13 23:33:19.789452+00	2022-10-13 23:33:19.789452+00
670	PR	17861	(18.27,-67.06)	2022-10-13 23:33:19.789452+00	2022-10-13 23:33:19.789452+00
674	PR	23424	(18.43,-66.48)	2022-10-13 23:33:19.789452+00	2022-10-13 23:33:19.789452+00
676	PR	18630	(18.39,-67.11)	2022-10-13 23:33:19.789452+00	2022-10-13 23:33:19.789452+00
677	PR	29440	(18.34,-67.25)	2022-10-13 23:33:19.789452+00	2022-10-13 23:33:19.789452+00
678	PR	20992	(18.47,-66.93)	2022-10-13 23:33:19.789452+00	2022-10-13 23:33:19.789452+00
680	PR	20674	(18.2,-67.14)	2022-10-13 23:33:19.789452+00	2022-10-13 23:33:19.789452+00
681	PR	0	(18.2,-67.14)	2022-10-13 23:33:19.789452+00	2022-10-13 23:33:19.789452+00
682	PR	20240	(18.22,-67.16)	2022-10-13 23:33:19.789452+00	2022-10-13 23:33:19.789452+00
683	PR	21870	(18.08,-67.04)	2022-10-13 23:33:19.789452+00	2022-10-13 23:33:19.789452+00
685	PR	18690	(18.33,-66.99)	2022-10-13 23:33:19.789452+00	2022-10-13 23:33:19.789452+00
687	PR	22147	(18.32,-66.4)	2022-10-13 23:33:19.789452+00	2022-10-13 23:33:19.789452+00
688	PR	20520	(18.38,-66.62)	2022-10-13 23:33:19.789452+00	2022-10-13 23:33:19.789452+00
690	PR	22042	(18.49,-67.09)	2022-10-13 23:33:19.789452+00	2022-10-13 23:33:19.789452+00
692	PR	23253	(18.41,-66.32)	2022-10-13 23:33:19.789452+00	2022-10-13 23:33:19.789452+00
693	PR	24677	(18.44,-66.39)	2022-10-13 23:33:19.789452+00	2022-10-13 23:33:19.789452+00
694	PR	0	(18.48,-66.39)	2022-10-13 23:33:19.789452+00	2022-10-13 23:33:19.789452+00
698	PR	20794	(18.03,-66.86)	2022-10-13 23:33:19.789452+00	2022-10-13 23:33:19.789452+00
703	PR	21940	(18.25,-66.1)	2022-10-13 23:33:19.789452+00	2022-10-13 23:33:19.789452+00
704	PR	20742	(17.96,-66.22)	2022-10-13 23:33:19.789452+00	2022-10-13 23:33:19.789452+00
705	PR	23627	(18.14,-66.26)	2022-10-13 23:33:19.789452+00	2022-10-13 23:33:19.789452+00
707	PR	23232	(18,-65.9)	2022-10-13 23:33:19.789452+00	2022-10-13 23:33:19.789452+00
714	PR	19524	(17.97,-66.06)	2022-10-13 23:33:19.789452+00	2022-10-13 23:33:19.789452+00
715	PR	13750	(18.01,-66.56)	2022-10-13 23:33:19.789452+00	2022-10-13 23:33:19.789452+00
716	PR	21350	(17.98,-66.6)	2022-10-13 23:33:19.789452+00	2022-10-13 23:33:19.789452+00
717	PR	16926	(18,-66.61)	2022-10-13 23:33:19.789452+00	2022-10-13 23:33:19.789452+00
718	PR	21011	(18.21,-65.73)	2022-10-13 23:33:19.789452+00	2022-10-13 23:33:19.789452+00
719	PR	23625	(18.3,-66.24)	2022-10-13 23:33:19.789452+00	2022-10-13 23:33:19.789452+00
720	PR	16709	(18.22,-66.39)	2022-10-13 23:33:19.789452+00	2022-10-13 23:33:19.789452+00
721	PR	0	(18.37,-65.77)	2022-10-13 23:33:19.789452+00	2022-10-13 23:33:19.789452+00
723	PR	19915	(18,-66.01)	2022-10-13 23:33:19.789452+00	2022-10-13 23:33:19.789452+00
725	PR	26273	(18.23,-66.03)	2022-10-13 23:33:19.789452+00	2022-10-13 23:33:19.789452+00
726	PR	0	(18.23,-66.03)	2022-10-13 23:33:19.789452+00	2022-10-13 23:33:19.789452+00
727	PR	37017	(18.22,-66.07)	2022-10-13 23:33:19.789452+00	2022-10-13 23:33:19.789452+00
728	PR	22100	(17.99,-66.66)	2022-10-13 23:33:19.789452+00	2022-10-13 23:33:19.789452+00
729	PR	26701	(18.37,-65.9)	2022-10-13 23:33:19.789452+00	2022-10-13 23:33:19.789452+00
730	PR	19328	(18.03,-66.62)	2022-10-13 23:33:19.789452+00	2022-10-13 23:33:19.789452+00
731	PR	19853	(18.11,-66.63)	2022-10-13 23:33:19.789452+00	2022-10-13 23:33:19.789452+00
732	PR	0	(17.98,-66.6)	2022-10-13 23:33:19.789452+00	2022-10-13 23:33:19.789452+00
733	PR	0	(17.98,-66.6)	2022-10-13 23:33:19.789452+00	2022-10-13 23:33:19.789452+00
734	PR	0	(17.98,-66.6)	2022-10-13 23:33:19.789452+00	2022-10-13 23:33:19.789452+00
735	PR	22403	(18.25,-65.68)	2022-10-13 23:33:19.789452+00	2022-10-13 23:33:19.789452+00
736	PR	25507	(18.11,-66.16)	2022-10-13 23:33:19.789452+00	2022-10-13 23:33:19.789452+00
737	PR	0	(18.11,-66.16)	2022-10-13 23:33:19.789452+00	2022-10-13 23:33:19.789452+00
738	PR	24045	(18.33,-65.65)	2022-10-13 23:33:19.789452+00	2022-10-13 23:33:19.789452+00
739	PR	22474	(18.17,-66.15)	2022-10-13 23:33:19.789452+00	2022-10-13 23:33:19.789452+00
740	PR	15061	(18.33,-65.63)	2022-10-13 23:33:19.789452+00	2022-10-13 23:33:19.789452+00
741	PR	25750	(18.16,-65.75)	2022-10-13 23:33:19.789452+00	2022-10-13 23:33:19.789452+00
742	PR	0	(18.27,-65.65)	2022-10-13 23:33:19.789452+00	2022-10-13 23:33:19.789452+00
744	PR	0	(18.22,-65.79)	2022-10-13 23:33:19.789452+00	2022-10-13 23:33:19.789452+00
745	PR	27260	(18.38,-65.83)	2022-10-13 23:33:19.789452+00	2022-10-13 23:33:19.789452+00
751	PR	21315	(17.97,-66.29)	2022-10-13 23:33:19.789452+00	2022-10-13 23:33:19.789452+00
754	PR	23476	(18.19,-65.96)	2022-10-13 23:33:19.789452+00	2022-10-13 23:33:19.789452+00
757	PR	23965	(17.97,-66.4)	2022-10-13 23:33:19.789452+00	2022-10-13 23:33:19.789452+00
765	PR	22301	(18.13,-65.44)	2022-10-13 23:33:19.789452+00	2022-10-13 23:33:19.789452+00
766	PR	23195	(18.13,-66.48)	2022-10-13 23:33:19.789452+00	2022-10-13 23:33:19.789452+00
767	PR	20785	(18.04,-65.87)	2022-10-13 23:33:19.789452+00	2022-10-13 23:33:19.789452+00
769	PR	24221	(18.08,-66.36)	2022-10-13 23:33:19.789452+00	2022-10-13 23:33:19.789452+00
771	PR	25175	(18.18,-65.86)	2022-10-13 23:33:19.789452+00	2022-10-13 23:33:19.789452+00
772	PR	20101	(18.43,-65.88)	2022-10-13 23:33:19.789452+00	2022-10-13 23:33:19.789452+00
773	PR	25135	(18.37,-65.71)	2022-10-13 23:33:19.789452+00	2022-10-13 23:33:19.789452+00
775	PR	33625	(18.33,-65.3)	2022-10-13 23:33:19.789452+00	2022-10-13 23:33:19.789452+00
777	PR	21426	(18.22,-65.91)	2022-10-13 23:33:19.789452+00	2022-10-13 23:33:19.789452+00
778	PR	39044	(18.25,-65.97)	2022-10-13 23:33:19.789452+00	2022-10-13 23:33:19.789452+00
780	PR	23592	(18.09,-66.57)	2022-10-13 23:33:19.789452+00	2022-10-13 23:33:19.789452+00
782	PR	16700	(18.22,-66.22)	2022-10-13 23:33:19.789452+00	2022-10-13 23:33:19.789452+00
783	PR	17808	(18.34,-66.31)	2022-10-13 23:33:19.789452+00	2022-10-13 23:33:19.789452+00
784	PR	21116	(17.97,-66.11)	2022-10-13 23:33:19.789452+00	2022-10-13 23:33:19.789452+00
785	PR	0	(17.97,-66.11)	2022-10-13 23:33:19.789452+00	2022-10-13 23:33:19.789452+00
786	PR	37552	(18.16,-66.23)	2022-10-13 23:33:19.789452+00	2022-10-13 23:33:19.789452+00
791	PR	25582	(18.15,-65.81)	2022-10-13 23:33:19.789452+00	2022-10-13 23:33:19.789452+00
792	PR	0	(18.15,-65.81)	2022-10-13 23:33:19.789452+00	2022-10-13 23:33:19.789452+00
794	PR	19682	(18.18,-66.3)	2022-10-13 23:33:19.789452+00	2022-10-13 23:33:19.789452+00
795	PR	23528	(18.05,-66.5)	2022-10-13 23:33:19.789452+00	2022-10-13 23:33:19.789452+00
801	VI	0	(18.35,-64.93)	2022-10-13 23:33:19.789452+00	2022-10-13 23:33:19.789452+00
802	VI	0	(18.35,-64.93)	2022-10-13 23:33:19.789452+00	2022-10-13 23:33:19.789452+00
803	VI	0	(18.35,-64.93)	2022-10-13 23:33:19.789452+00	2022-10-13 23:33:19.789452+00
804	VI	0	(18.35,-64.93)	2022-10-13 23:33:19.789452+00	2022-10-13 23:33:19.789452+00
805	VI	0	(18.34,-64.93)	2022-10-13 23:33:19.789452+00	2022-10-13 23:33:19.789452+00
820	VI	0	(17.74,-64.7)	2022-10-13 23:33:19.789452+00	2022-10-13 23:33:19.789452+00
821	VI	0	(17.74,-64.7)	2022-10-13 23:33:19.789452+00	2022-10-13 23:33:19.789452+00
822	VI	0	(17.74,-64.7)	2022-10-13 23:33:19.789452+00	2022-10-13 23:33:19.789452+00
823	VI	0	(17.74,-64.7)	2022-10-13 23:33:19.789452+00	2022-10-13 23:33:19.789452+00
824	VI	0	(17.74,-64.7)	2022-10-13 23:33:19.789452+00	2022-10-13 23:33:19.789452+00
830	VI	0	(18.33,-64.79)	2022-10-13 23:33:19.789452+00	2022-10-13 23:33:19.789452+00
831	VI	0	(18.33,-64.79)	2022-10-13 23:33:19.789452+00	2022-10-13 23:33:19.789452+00
840	VI	0	(17.71,-64.88)	2022-10-13 23:33:19.789452+00	2022-10-13 23:33:19.789452+00
841	VI	0	(17.71,-64.88)	2022-10-13 23:33:19.789452+00	2022-10-13 23:33:19.789452+00
850	VI	0	(17.76,-64.82)	2022-10-13 23:33:19.789452+00	2022-10-13 23:33:19.789452+00
851	VI	0	(17.73,-64.8)	2022-10-13 23:33:19.789452+00	2022-10-13 23:33:19.789452+00
901	PR	40839	(18.47,-66.1)	2022-10-13 23:33:19.789452+00	2022-10-13 23:33:19.789452+00
902	PR	0	(18.4,-66.06)	2022-10-13 23:33:19.789452+00	2022-10-13 23:33:19.789452+00
906	PR	0	(18.46,-66.09)	2022-10-13 23:33:19.789452+00	2022-10-13 23:33:19.789452+00
907	PR	54813	(18.45,-66.08)	2022-10-13 23:33:19.789452+00	2022-10-13 23:33:19.789452+00
908	PR	0	(18.4,-66.06)	2022-10-13 23:33:19.789452+00	2022-10-13 23:33:19.789452+00
909	PR	24201	(18.44,-66.07)	2022-10-13 23:33:19.789452+00	2022-10-13 23:33:19.789452+00
910	PR	0	(18.4,-66.06)	2022-10-13 23:33:19.789452+00	2022-10-13 23:33:19.789452+00
911	PR	52912	(18.45,-66.06)	2022-10-13 23:33:19.789452+00	2022-10-13 23:33:19.789452+00
912	PR	28107	(18.45,-66.06)	2022-10-13 23:33:19.789452+00	2022-10-13 23:33:19.789452+00
913	PR	4506	(18.45,-66.04)	2022-10-13 23:33:19.789452+00	2022-10-13 23:33:19.789452+00
914	PR	0	(18.4,-66.06)	2022-10-13 23:33:19.789452+00	2022-10-13 23:33:19.789452+00
915	PR	15508	(18.44,-66.05)	2022-10-13 23:33:19.789452+00	2022-10-13 23:33:19.789452+00
916	PR	0	(18.4,-66.06)	2022-10-13 23:33:19.789452+00	2022-10-13 23:33:19.789452+00
917	PR	21911	(18.42,-66.05)	2022-10-13 23:33:19.789452+00	2022-10-13 23:33:19.789452+00
918	PR	43022	(18.42,-66.07)	2022-10-13 23:33:19.789452+00	2022-10-13 23:33:19.789452+00
919	PR	0	(18.4,-66.06)	2022-10-13 23:33:19.789452+00	2022-10-13 23:33:19.789452+00
920	PR	33612	(18.41,-66.09)	2022-10-13 23:33:19.789452+00	2022-10-13 23:33:19.789452+00
921	PR	23803	(18.39,-66.09)	2022-10-13 23:33:19.789452+00	2022-10-13 23:33:19.789452+00
922	PR	0	(18.4,-66.06)	2022-10-13 23:33:19.789452+00	2022-10-13 23:33:19.789452+00
923	PR	18466	(18.41,-66.04)	2022-10-13 23:33:19.789452+00	2022-10-13 23:33:19.789452+00
924	PR	20848	(18.4,-66.01)	2022-10-13 23:33:19.789452+00	2022-10-13 23:33:19.789452+00
925	PR	17024	(18.4,-66.05)	2022-10-13 23:33:19.789452+00	2022-10-13 23:33:19.789452+00
926	PR	45197	(18.35,-66.05)	2022-10-13 23:33:19.789452+00	2022-10-13 23:33:19.789452+00
927	PR	51667	(18.4,-66.06)	2022-10-13 23:33:19.789452+00	2022-10-13 23:33:19.789452+00
928	PR	0	(18.4,-66.06)	2022-10-13 23:33:19.789452+00	2022-10-13 23:33:19.789452+00
929	PR	0	(18.4,-66.06)	2022-10-13 23:33:19.789452+00	2022-10-13 23:33:19.789452+00
930	PR	0	(18.4,-66.06)	2022-10-13 23:33:19.789452+00	2022-10-13 23:33:19.789452+00
931	PR	0	(18.4,-66.06)	2022-10-13 23:33:19.789452+00	2022-10-13 23:33:19.789452+00
933	PR	0	(18.4,-66.06)	2022-10-13 23:33:19.789452+00	2022-10-13 23:33:19.789452+00
934	PR	0	(18.41,-66.12)	2022-10-13 23:33:19.789452+00	2022-10-13 23:33:19.789452+00
935	PR	0	(18.4,-66.06)	2022-10-13 23:33:19.789452+00	2022-10-13 23:33:19.789452+00
936	PR	0	(18.4,-66.07)	2022-10-13 23:33:19.789452+00	2022-10-13 23:33:19.789452+00
937	PR	0	(18.4,-66.06)	2022-10-13 23:33:19.789452+00	2022-10-13 23:33:19.789452+00
939	PR	0	(18.4,-66.06)	2022-10-13 23:33:19.789452+00	2022-10-13 23:33:19.789452+00
940	PR	0	(18.4,-66.06)	2022-10-13 23:33:19.789452+00	2022-10-13 23:33:19.789452+00
949	PR	32175	(18.44,-66.25)	2022-10-13 23:33:19.789452+00	2022-10-13 23:33:19.789452+00
950	PR	0	(18.46,-66.23)	2022-10-13 23:33:19.789452+00	2022-10-13 23:33:19.789452+00
951	PR	0	(18.43,-66.25)	2022-10-13 23:33:19.789452+00	2022-10-13 23:33:19.789452+00
952	PR	18679	(18.42,-66.19)	2022-10-13 23:33:19.789452+00	2022-10-13 23:33:19.789452+00
953	PR	34545	(18.39,-66.25)	2022-10-13 23:33:19.789452+00	2022-10-13 23:33:19.789452+00
954	PR	0	(18.39,-66.25)	2022-10-13 23:33:19.789452+00	2022-10-13 23:33:19.789452+00
955	PR	0	(18.4,-66.06)	2022-10-13 23:33:19.789452+00	2022-10-13 23:33:19.789452+00
956	PR	27862	(18.32,-66.17)	2022-10-13 23:33:19.789452+00	2022-10-13 23:33:19.789452+00
957	PR	30522	(18.37,-66.19)	2022-10-13 23:33:19.789452+00	2022-10-13 23:33:19.789452+00
958	PR	0	(18.28,-66.13)	2022-10-13 23:33:19.789452+00	2022-10-13 23:33:19.789452+00
959	PR	36643	(18.39,-66.15)	2022-10-13 23:33:19.789452+00	2022-10-13 23:33:19.789452+00
960	PR	0	(18.42,-66.15)	2022-10-13 23:33:19.789452+00	2022-10-13 23:33:19.789452+00
961	PR	36292	(18.41,-66.17)	2022-10-13 23:33:19.789452+00	2022-10-13 23:33:19.789452+00
962	PR	18520	(18.44,-66.15)	2022-10-13 23:33:19.789452+00	2022-10-13 23:33:19.789452+00
963	PR	0	(18.43,-66.11)	2022-10-13 23:33:19.789452+00	2022-10-13 23:33:19.789452+00
965	PR	19460	(18.43,-66.11)	2022-10-13 23:33:19.789452+00	2022-10-13 23:33:19.789452+00
966	PR	65114	(18.4,-66.12)	2022-10-13 23:33:19.789452+00	2022-10-13 23:33:19.789452+00
968	PR	88869	(18.41,-66.1)	2022-10-13 23:33:19.789452+00	2022-10-13 23:33:19.789452+00
969	PR	58539	(18.38,-66.11)	2022-10-13 23:33:19.789452+00	2022-10-13 23:33:19.789452+00
970	PR	0	(18.38,-66.11)	2022-10-13 23:33:19.789452+00	2022-10-13 23:33:19.789452+00
971	PR	29418	(18.32,-66.12)	2022-10-13 23:33:19.789452+00	2022-10-13 23:33:19.789452+00
975	PR	0	(18.4,-66.06)	2022-10-13 23:33:19.789452+00	2022-10-13 23:33:19.789452+00
976	PR	39346	(18.36,-66.01)	2022-10-13 23:33:19.789452+00	2022-10-13 23:33:19.789452+00
977	PR	0	(18.36,-66.01)	2022-10-13 23:33:19.789452+00	2022-10-13 23:33:19.789452+00
978	PR	0	(18.37,-66.01)	2022-10-13 23:33:19.789452+00	2022-10-13 23:33:19.789452+00
979	PR	47639	(18.44,-66.03)	2022-10-13 23:33:19.789452+00	2022-10-13 23:33:19.789452+00
981	PR	0	(18.4,-65.98)	2022-10-13 23:33:19.789452+00	2022-10-13 23:33:19.789452+00
982	PR	28143	(18.41,-65.99)	2022-10-13 23:33:19.789452+00	2022-10-13 23:33:19.789452+00
983	PR	30010	(18.4,-65.98)	2022-10-13 23:33:19.789452+00	2022-10-13 23:33:19.789452+00
984	PR	0	(18.4,-65.98)	2022-10-13 23:33:19.789452+00	2022-10-13 23:33:19.789452+00
985	PR	31349	(18.41,-65.95)	2022-10-13 23:33:19.789452+00	2022-10-13 23:33:19.789452+00
986	PR	0	(18.4,-65.98)	2022-10-13 23:33:19.789452+00	2022-10-13 23:33:19.789452+00
987	PR	37438	(18.34,-65.94)	2022-10-13 23:33:19.789452+00	2022-10-13 23:33:19.789452+00
988	PR	0	(18.4,-65.98)	2022-10-13 23:33:19.789452+00	2022-10-13 23:33:19.789452+00
96799	AS	0	(-14.27,-170.7)	2022-10-13 23:33:19.789452+00	2022-10-13 23:33:19.789452+00
96910	GU	0	(13.47,144.74)	2022-10-13 23:33:19.789452+00	2022-10-13 23:33:19.789452+00
96912	GU	0	(13.51,144.83)	2022-10-13 23:33:19.789452+00	2022-10-13 23:33:19.789452+00
96913	GU	0	(13.46,144.79)	2022-10-13 23:33:19.789452+00	2022-10-13 23:33:19.789452+00
96915	GU	0	(13.38,144.66)	2022-10-13 23:33:19.789452+00	2022-10-13 23:33:19.789452+00
96916	GU	0	(13.26,144.66)	2022-10-13 23:33:19.789452+00	2022-10-13 23:33:19.789452+00
96917	GU	0	(13.27,144.74)	2022-10-13 23:33:19.789452+00	2022-10-13 23:33:19.789452+00
96919	GU	0	(13.46,144.74)	2022-10-13 23:33:19.789452+00	2022-10-13 23:33:19.789452+00
96921	GU	0	(13.46,144.79)	2022-10-13 23:33:19.789452+00	2022-10-13 23:33:19.789452+00
96923	GU	0	(13.43,144.79)	2022-10-13 23:33:19.789452+00	2022-10-13 23:33:19.789452+00
96928	GU	0	(13.38,144.65)	2022-10-13 23:33:19.789452+00	2022-10-13 23:33:19.789452+00
96929	GU	0	(13.53,144.88)	2022-10-13 23:33:19.789452+00	2022-10-13 23:33:19.789452+00
96931	GU	0	(13.48,144.77)	2022-10-13 23:33:19.789452+00	2022-10-13 23:33:19.789452+00
96932	GU	0	(13.47,144.74)	2022-10-13 23:33:19.789452+00	2022-10-13 23:33:19.789452+00
96939	PW	0	(7.51,134.58)	2022-10-13 23:33:19.789452+00	2022-10-13 23:33:19.789452+00
96940	PW	0	(7.5,134.5)	2022-10-13 23:33:19.789452+00	2022-10-13 23:33:19.789452+00
96941	FM	0	(6.85,158.26)	2022-10-13 23:33:19.789452+00	2022-10-13 23:33:19.789452+00
96942	FM	0	(7.33,151.8)	2022-10-13 23:33:19.789452+00	2022-10-13 23:33:19.789452+00
96943	FM	0	(9.5,138.14)	2022-10-13 23:33:19.789452+00	2022-10-13 23:33:19.789452+00
96944	FM	0	(5.29,162.97)	2022-10-13 23:33:19.789452+00	2022-10-13 23:33:19.789452+00
96950	MP	0	(15.17,145.75)	2022-10-13 23:33:19.789452+00	2022-10-13 23:33:19.789452+00
96951	MP	0	(14.15,145.21)	2022-10-13 23:33:19.789452+00	2022-10-13 23:33:19.789452+00
96952	MP	0	(15,145.63)	2022-10-13 23:33:19.789452+00	2022-10-13 23:33:19.789452+00
96960	MH	0	(7.11,171.18)	2022-10-13 23:33:19.789452+00	2022-10-13 23:33:19.789452+00
96970	MH	0	(8.78,167.73)	2022-10-13 23:33:19.789452+00	2022-10-13 23:33:19.789452+00
\.


--
-- Data for Name: schools; Type: TABLE DATA; Schema: upchieve; Owner: admin
--

COPY upchieve.schools (id, name, approved, partner, city_id, created_at, updated_at, mongo_id, legacy_city_name) FROM stdin;
0183d3b2-0bb8-a8de-41a3-ad280a8545b5	Unapproved School	f	f	1	2022-10-13 23:33:24.560487+00	2022-10-13 23:33:24.560487+00	\N	\N
0183d3b2-0bb8-25a2-f4cc-493f067dfab1	Approved School	t	f	1	2022-10-13 23:33:24.564689+00	2022-10-13 23:33:24.564689+00	\N	\N
0183d3b2-0bb8-c4f4-0606-f796df5e63cd	Approved Partner School	t	t	2	2022-10-13 23:33:24.567691+00	2022-10-13 23:33:24.567691+00	\N	\N
0183d3b2-0bb8-4d79-d487-4e8a260a7291	Another Approved Partner School	t	t	2	2022-10-13 23:33:24.570561+00	2022-10-13 23:33:24.570561+00	\N	\N
\.


--
-- Data for Name: ineligible_students; Type: TABLE DATA; Schema: upchieve; Owner: admin
--

COPY upchieve.ineligible_students (id, email, postal_code, ip_address_id, school_id, grade_level_id, created_at, updated_at, mongo_id, referred_by) FROM stdin;
\.


--
-- Data for Name: legacy_availability_histories; Type: TABLE DATA; Schema: upchieve; Owner: admin
--

COPY upchieve.legacy_availability_histories (id, mongo_id, user_id, timezone, recorded_at, legacy_availability, created_at, updated_at) FROM stdin;
\.


--
-- Data for Name: notification_methods; Type: TABLE DATA; Schema: upchieve; Owner: admin
--

COPY upchieve.notification_methods (id, method, created_at, updated_at) FROM stdin;
1	sms	2022-10-13 23:33:19.480703+00	2022-10-13 23:33:19.480703+00
2	push	2022-10-13 23:33:19.485586+00	2022-10-13 23:33:19.485586+00
3	voice	2022-10-13 23:33:19.488496+00	2022-10-13 23:33:19.488496+00
4	email	2022-10-13 23:33:19.495327+00	2022-10-13 23:33:19.495327+00
\.


--
-- Data for Name: notification_priority_groups; Type: TABLE DATA; Schema: upchieve; Owner: admin
--

COPY upchieve.notification_priority_groups (id, name, priority, created_at, updated_at) FROM stdin;
1	follow-up	-1	2022-10-13 23:33:19.503556+00	2022-10-13 23:33:19.503556+00
11	LEGACY: Regular volunteers - not notified in the last 7 days	-1	2022-10-13 23:33:19.570664+00	2022-10-13 23:33:19.570664+00
12	LEGACY: Partner volunteers - not notified in the last 7 days	-1	2022-10-13 23:33:19.577183+00	2022-10-13 23:33:19.577183+00
13	LEGACY: Partner volunteers - not notified in the last 3 days	-1	2022-10-13 23:33:19.581265+00	2022-10-13 23:33:19.581265+00
14	LEGACY: All volunteers - not notified in the last 15 mins who don't have "high level subjects"	-1	2022-10-13 23:33:19.585804+00	2022-10-13 23:33:19.585804+00
15	LEGACY: Mizuho and Atlassian volunteers - Not notified in last 3 days	-1	2022-10-13 23:33:19.589275+00	2022-10-13 23:33:19.589275+00
16	LEGACY: null	-1	2022-10-13 23:33:19.593164+00	2022-10-13 23:33:19.593164+00
2	Partner volunteers - not notified in the last 3 days AND they don't have "high level subjects"	20	2022-10-13 23:33:19.514726+00	2022-10-13 23:33:19.753428+00
3	Regular volunteers - not notified in the last 3 days AND they don't have "high level subjects"	30	2022-10-13 23:33:19.52209+00	2022-10-13 23:33:19.753428+00
4	Partner volunteers - not notified in the last 24 hours AND they don't have "high level subjects"	40	2022-10-13 23:33:19.528383+00	2022-10-13 23:33:19.753428+00
5	Regular volunteers - not notified in the last 24 hours AND they don't have "high level subjects"	50	2022-10-13 23:33:19.533027+00	2022-10-13 23:33:19.753428+00
6	All volunteers - not notified in the last 24 hours	60	2022-10-13 23:33:19.541026+00	2022-10-13 23:33:19.753428+00
7	All volunteers - not notified in the last 60 mins	70	2022-10-13 23:33:19.545748+00	2022-10-13 23:33:19.753428+00
8	All volunteers - not notified in the last 15 mins	80	2022-10-13 23:33:19.551319+00	2022-10-13 23:33:19.753428+00
9	Verizon volunteers - not notified in the last 24 hours AND they don't have "high level subjects"	90	2022-10-13 23:33:19.55795+00	2022-10-13 23:33:19.753428+00
10	Verizon volunteers - not notified in the last 3 days AND they don't have "high level subjects"	100	2022-10-13 23:33:19.564736+00	2022-10-13 23:33:19.753428+00
17	Favorite volunteers - not notified in the last 15 mins	10	2022-10-13 23:33:19.753428+00	2022-10-13 23:33:19.753428+00
18	Associated partner volunteers - not notified in the last 24 hours AND they don't have "high level subjects"	85	2022-10-13 23:33:19.838167+00	2022-10-13 23:33:19.838167+00
19	Associated partner volunteers - not notified in the last 3 days AND they don't have "high level subjects"	95	2022-10-13 23:33:19.838167+00	2022-10-13 23:33:19.838167+00
\.


--
-- Data for Name: notification_types; Type: TABLE DATA; Schema: upchieve; Owner: admin
--

COPY upchieve.notification_types (id, type, created_at, updated_at) FROM stdin;
1	initial	2022-10-13 23:33:19.474445+00	2022-10-13 23:33:19.474445+00
2	followup	2022-10-13 23:33:19.477299+00	2022-10-13 23:33:19.477299+00
\.


--
-- Data for Name: notifications; Type: TABLE DATA; Schema: upchieve; Owner: admin
--

COPY upchieve.notifications (id, user_id, sent_at, type_id, method_id, priority_group_id, successful, session_id, message_carrier_id, created_at, updated_at, mongo_id) FROM stdin;
\.


--
-- Data for Name: photo_id_statuses; Type: TABLE DATA; Schema: upchieve; Owner: admin
--

COPY upchieve.photo_id_statuses (id, name, created_at, updated_at) FROM stdin;
1	approved	2022-10-13 23:33:17.992382+00	2022-10-13 23:33:17.992382+00
2	submitted	2022-10-13 23:33:17.9956+00	2022-10-13 23:33:17.9956+00
3	rejected	2022-10-13 23:33:17.998599+00	2022-10-13 23:33:17.998599+00
4	empty	2022-10-13 23:33:18.00108+00	2022-10-13 23:33:18.00108+00
\.


--
-- Data for Name: pre_session_surveys; Type: TABLE DATA; Schema: upchieve; Owner: admin
--

COPY upchieve.pre_session_surveys (id, response_data, session_id, user_id, created_at, updated_at, mongo_id) FROM stdin;
\.


--
-- Data for Name: push_tokens; Type: TABLE DATA; Schema: upchieve; Owner: admin
--

COPY upchieve.push_tokens (id, user_id, token, created_at, updated_at) FROM stdin;
\.


--
-- Data for Name: question_tags; Type: TABLE DATA; Schema: upchieve; Owner: admin
--

COPY upchieve.question_tags (id, name, created_at, updated_at) FROM stdin;
\.


--
-- Data for Name: question_types; Type: TABLE DATA; Schema: upchieve; Owner: admin
--

COPY upchieve.question_types (id, name, created_at, updated_at) FROM stdin;
1	multiple choice	2022-10-13 23:33:19.852373+00	2022-10-13 23:33:19.852373+00
2	check box	2022-10-13 23:33:19.852373+00	2022-10-13 23:33:19.852373+00
3	free response	2022-10-13 23:33:19.852373+00	2022-10-13 23:33:19.852373+00
\.


--
-- Data for Name: quizzes; Type: TABLE DATA; Schema: upchieve; Owner: admin
--

COPY upchieve.quizzes (id, name, created_at, updated_at) FROM stdin;
1	prealgebra	2022-10-13 23:33:18.118685+00	2022-10-13 23:33:18.118685+00
2	statistics	2022-10-13 23:33:18.121489+00	2022-10-13 23:33:18.121489+00
3	geometry	2022-10-13 23:33:18.124492+00	2022-10-13 23:33:18.124492+00
4	biology	2022-10-13 23:33:18.127368+00	2022-10-13 23:33:18.127368+00
5	chemistry	2022-10-13 23:33:18.13046+00	2022-10-13 23:33:18.13046+00
6	physicsOne	2022-10-13 23:33:18.133295+00	2022-10-13 23:33:18.133295+00
7	physicsTwo	2022-10-13 23:33:18.135784+00	2022-10-13 23:33:18.135784+00
8	environmentalScience	2022-10-13 23:33:18.138284+00	2022-10-13 23:33:18.138284+00
9	essays	2022-10-13 23:33:18.141013+00	2022-10-13 23:33:18.141013+00
10	applications	2022-10-13 23:33:18.144464+00	2022-10-13 23:33:18.144464+00
11	planning	2022-10-13 23:33:18.147335+00	2022-10-13 23:33:18.147335+00
12	satMath	2022-10-13 23:33:18.149911+00	2022-10-13 23:33:18.149911+00
13	satReading	2022-10-13 23:33:18.152385+00	2022-10-13 23:33:18.152385+00
14	collegeCounseling	2022-10-13 23:33:18.155132+00	2022-10-13 23:33:18.155132+00
15	humanitiesEssays	2022-10-13 23:33:18.157904+00	2022-10-13 23:33:18.157904+00
16	algebraOne	2022-10-13 23:33:18.160824+00	2022-10-13 23:33:18.160824+00
17	algebraTwo	2022-10-13 23:33:18.164417+00	2022-10-13 23:33:18.164417+00
18	trigonometry	2022-10-13 23:33:18.167017+00	2022-10-13 23:33:18.167017+00
19	precalculus	2022-10-13 23:33:18.169567+00	2022-10-13 23:33:18.169567+00
20	calculusAB	2022-10-13 23:33:18.17216+00	2022-10-13 23:33:18.17216+00
21	calculusBC	2022-10-13 23:33:18.175206+00	2022-10-13 23:33:18.175206+00
22	upchieve101	2022-10-13 23:33:18.178579+00	2022-10-13 23:33:18.178579+00
23	reading	2022-10-13 23:33:18.181549+00	2022-10-13 23:33:18.181549+00
24	anatomy	2022-10-13 23:33:18.185016+00	2022-10-13 23:33:18.185016+00
25	usHistory	2022-10-13 23:33:19.901119+00	2022-10-13 23:33:19.901119+00
\.


--
-- Data for Name: quiz_certification_grants; Type: TABLE DATA; Schema: upchieve; Owner: admin
--

COPY upchieve.quiz_certification_grants (quiz_id, certification_id, created_at, updated_at) FROM stdin;
1	1	2022-10-13 23:33:19.189319+00	2022-10-13 23:33:19.189319+00
2	2	2022-10-13 23:33:19.192127+00	2022-10-13 23:33:19.192127+00
3	3	2022-10-13 23:33:19.196344+00	2022-10-13 23:33:19.196344+00
4	4	2022-10-13 23:33:19.200408+00	2022-10-13 23:33:19.200408+00
5	5	2022-10-13 23:33:19.204341+00	2022-10-13 23:33:19.204341+00
6	6	2022-10-13 23:33:19.207425+00	2022-10-13 23:33:19.207425+00
7	7	2022-10-13 23:33:19.212099+00	2022-10-13 23:33:19.212099+00
8	8	2022-10-13 23:33:19.21681+00	2022-10-13 23:33:19.21681+00
9	9	2022-10-13 23:33:19.220259+00	2022-10-13 23:33:19.220259+00
10	10	2022-10-13 23:33:19.223229+00	2022-10-13 23:33:19.223229+00
11	11	2022-10-13 23:33:19.226196+00	2022-10-13 23:33:19.226196+00
12	12	2022-10-13 23:33:19.231314+00	2022-10-13 23:33:19.231314+00
13	13	2022-10-13 23:33:19.235461+00	2022-10-13 23:33:19.235461+00
14	11	2022-10-13 23:33:19.239499+00	2022-10-13 23:33:19.239499+00
14	10	2022-10-13 23:33:19.242386+00	2022-10-13 23:33:19.242386+00
15	15	2022-10-13 23:33:19.245284+00	2022-10-13 23:33:19.245284+00
17	16	2022-10-13 23:33:19.249402+00	2022-10-13 23:33:19.249402+00
17	17	2022-10-13 23:33:19.252457+00	2022-10-13 23:33:19.252457+00
17	1	2022-10-13 23:33:19.255485+00	2022-10-13 23:33:19.255485+00
16	16	2022-10-13 23:33:19.258124+00	2022-10-13 23:33:19.258124+00
16	1	2022-10-13 23:33:19.260942+00	2022-10-13 23:33:19.260942+00
18	18	2022-10-13 23:33:19.265091+00	2022-10-13 23:33:19.265091+00
19	16	2022-10-13 23:33:19.268992+00	2022-10-13 23:33:19.268992+00
19	17	2022-10-13 23:33:19.271766+00	2022-10-13 23:33:19.271766+00
19	1	2022-10-13 23:33:19.274482+00	2022-10-13 23:33:19.274482+00
19	18	2022-10-13 23:33:19.277439+00	2022-10-13 23:33:19.277439+00
19	19	2022-10-13 23:33:19.280459+00	2022-10-13 23:33:19.280459+00
20	16	2022-10-13 23:33:19.28525+00	2022-10-13 23:33:19.28525+00
20	17	2022-10-13 23:33:19.287542+00	2022-10-13 23:33:19.287542+00
20	1	2022-10-13 23:33:19.290094+00	2022-10-13 23:33:19.290094+00
20	18	2022-10-13 23:33:19.292654+00	2022-10-13 23:33:19.292654+00
20	19	2022-10-13 23:33:19.295314+00	2022-10-13 23:33:19.295314+00
20	20	2022-10-13 23:33:19.300017+00	2022-10-13 23:33:19.300017+00
21	16	2022-10-13 23:33:19.303049+00	2022-10-13 23:33:19.303049+00
21	17	2022-10-13 23:33:19.305537+00	2022-10-13 23:33:19.305537+00
21	1	2022-10-13 23:33:19.30826+00	2022-10-13 23:33:19.30826+00
21	18	2022-10-13 23:33:19.311622+00	2022-10-13 23:33:19.311622+00
21	19	2022-10-13 23:33:19.316186+00	2022-10-13 23:33:19.316186+00
21	20	2022-10-13 23:33:19.320284+00	2022-10-13 23:33:19.320284+00
21	21	2022-10-13 23:33:19.323171+00	2022-10-13 23:33:19.323171+00
23	22	2022-10-13 23:33:19.770546+00	2022-10-13 23:33:19.770546+00
25	23	2022-10-13 23:33:19.901119+00	2022-10-13 23:33:19.901119+00
\.


--
-- Data for Name: quiz_subcategories; Type: TABLE DATA; Schema: upchieve; Owner: admin
--

COPY upchieve.quiz_subcategories (id, name, quiz_id, created_at, updated_at) FROM stdin;
1	numbers	1	2022-10-13 23:33:18.190205+00	2022-10-13 23:33:18.190205+00
2	arithmetic properties	1	2022-10-13 23:33:18.193782+00	2022-10-13 23:33:18.193782+00
3	exponents	1	2022-10-13 23:33:18.197058+00	2022-10-13 23:33:18.197058+00
4	exponents and radicals	1	2022-10-13 23:33:18.19992+00	2022-10-13 23:33:18.19992+00
5	polynomials	1	2022-10-13 23:33:18.202808+00	2022-10-13 23:33:18.202808+00
6	fractions	1	2022-10-13 23:33:18.206111+00	2022-10-13 23:33:18.206111+00
7	linear equations	16	2022-10-13 23:33:18.209019+00	2022-10-13 23:33:18.209019+00
8	rational exponents and radicals	16	2022-10-13 23:33:18.212971+00	2022-10-13 23:33:18.212971+00
9	application of linear equations	16	2022-10-13 23:33:18.215534+00	2022-10-13 23:33:18.215534+00
10	two variable equations	16	2022-10-13 23:33:18.218344+00	2022-10-13 23:33:18.218344+00
11	rational expressions	16	2022-10-13 23:33:18.221245+00	2022-10-13 23:33:18.221245+00
12	complex numbers	16	2022-10-13 23:33:18.224088+00	2022-10-13 23:33:18.224088+00
13	functions_domain_range	17	2022-10-13 23:33:18.227171+00	2022-10-13 23:33:18.227171+00
14	higher_degree_polynomials	17	2022-10-13 23:33:18.230513+00	2022-10-13 23:33:18.230513+00
15	square_root_equations	17	2022-10-13 23:33:18.23349+00	2022-10-13 23:33:18.23349+00
16	roots_of_polynomials	17	2022-10-13 23:33:18.236238+00	2022-10-13 23:33:18.236238+00
17	multiply_polynomials_binomial	17	2022-10-13 23:33:18.238996+00	2022-10-13 23:33:18.238996+00
18	rational_radical_absolute	17	2022-10-13 23:33:18.241649+00	2022-10-13 23:33:18.241649+00
19	logarithms_properties	17	2022-10-13 23:33:18.244911+00	2022-10-13 23:33:18.244911+00
20	rational_expressions	17	2022-10-13 23:33:18.248133+00	2022-10-13 23:33:18.248133+00
21	systems_of_linear_equations	17	2022-10-13 23:33:18.250712+00	2022-10-13 23:33:18.250712+00
22	arithmetic_and_geometric_sequences	17	2022-10-13 23:33:18.253392+00	2022-10-13 23:33:18.253392+00
23	functions_domain	17	2022-10-13 23:33:18.256414+00	2022-10-13 23:33:18.256414+00
24	solving_linear_equations	17	2022-10-13 23:33:18.259399+00	2022-10-13 23:33:18.259399+00
25	function_transformations_shifts	17	2022-10-13 23:33:18.262809+00	2022-10-13 23:33:18.262809+00
26	graphing_quadratic_functions	17	2022-10-13 23:33:18.265612+00	2022-10-13 23:33:18.265612+00
27	exponential_functions_growth	17	2022-10-13 23:33:18.268399+00	2022-10-13 23:33:18.268399+00
28	rounding_and_scientific_notation	17	2022-10-13 23:33:18.271125+00	2022-10-13 23:33:18.271125+00
29	square root_equations_quadratic	17	2022-10-13 23:33:18.273693+00	2022-10-13 23:33:18.273693+00
30	advanced_factoring_techniques	17	2022-10-13 23:33:18.276566+00	2022-10-13 23:33:18.276566+00
31	congruence and similarity	3	2022-10-13 23:33:18.280044+00	2022-10-13 23:33:18.280044+00
32	vertices	3	2022-10-13 23:33:18.283269+00	2022-10-13 23:33:18.283269+00
33	angles	3	2022-10-13 23:33:18.286009+00	2022-10-13 23:33:18.286009+00
34	circles	3	2022-10-13 23:33:18.288423+00	2022-10-13 23:33:18.288423+00
35	triangles	3	2022-10-13 23:33:18.291254+00	2022-10-13 23:33:18.291254+00
36	rectangles	3	2022-10-13 23:33:18.295054+00	2022-10-13 23:33:18.295054+00
37	angles	18	2022-10-13 23:33:18.298361+00	2022-10-13 23:33:18.298361+00
38	triangles	18	2022-10-13 23:33:18.301356+00	2022-10-13 23:33:18.301356+00
39	right triangles	18	2022-10-13 23:33:18.303827+00	2022-10-13 23:33:18.303827+00
40	quadrants	18	2022-10-13 23:33:18.306244+00	2022-10-13 23:33:18.306244+00
41	radians	18	2022-10-13 23:33:18.308749+00	2022-10-13 23:33:18.308749+00
42	unit circles	18	2022-10-13 23:33:18.31235+00	2022-10-13 23:33:18.31235+00
43	inequalities	18	2022-10-13 23:33:18.315058+00	2022-10-13 23:33:18.315058+00
44	representing data numerically	2	2022-10-13 23:33:18.317471+00	2022-10-13 23:33:18.317471+00
45	representing data graphically	2	2022-10-13 23:33:18.320382+00	2022-10-13 23:33:18.320382+00
46	two means	2	2022-10-13 23:33:18.322789+00	2022-10-13 23:33:18.322789+00
47	two proportions	2	2022-10-13 23:33:18.325475+00	2022-10-13 23:33:18.325475+00
48	levels of measurement	2	2022-10-13 23:33:18.328812+00	2022-10-13 23:33:18.328812+00
49	types of sampling	2	2022-10-13 23:33:18.332566+00	2022-10-13 23:33:18.332566+00
50	finding probability	2	2022-10-13 23:33:18.335558+00	2022-10-13 23:33:18.335558+00
51	finding x from z score	2	2022-10-13 23:33:18.338421+00	2022-10-13 23:33:18.338421+00
52	z score	2	2022-10-13 23:33:18.341176+00	2022-10-13 23:33:18.341176+00
53	basic set operations	2	2022-10-13 23:33:18.344302+00	2022-10-13 23:33:18.344302+00
54	compound events	2	2022-10-13 23:33:18.347043+00	2022-10-13 23:33:18.347043+00
55	conditional probability	2	2022-10-13 23:33:18.349798+00	2022-10-13 23:33:18.349798+00
56	independent probability	2	2022-10-13 23:33:18.352615+00	2022-10-13 23:33:18.352615+00
57	permutations and combinations	2	2022-10-13 23:33:18.355363+00	2022-10-13 23:33:18.355363+00
58	random variables distributions	2	2022-10-13 23:33:18.358188+00	2022-10-13 23:33:18.358188+00
59	relationships between variables	2	2022-10-13 23:33:18.361944+00	2022-10-13 23:33:18.361944+00
60	confidence intervals	2	2022-10-13 23:33:18.364922+00	2022-10-13 23:33:18.364922+00
61	interpreting pvalue	2	2022-10-13 23:33:18.367712+00	2022-10-13 23:33:18.367712+00
62	finding the test statistic	2	2022-10-13 23:33:18.370592+00	2022-10-13 23:33:18.370592+00
63	rectangular coordinates	19	2022-10-13 23:33:18.373361+00	2022-10-13 23:33:18.373361+00
64	linear inequalities	19	2022-10-13 23:33:18.376974+00	2022-10-13 23:33:18.376974+00
65	functions	19	2022-10-13 23:33:18.380071+00	2022-10-13 23:33:18.380071+00
66	rational exponents	19	2022-10-13 23:33:18.383489+00	2022-10-13 23:33:18.383489+00
67	quadratic functions	19	2022-10-13 23:33:18.386271+00	2022-10-13 23:33:18.386271+00
68	logarithms and exponents	19	2022-10-13 23:33:18.388602+00	2022-10-13 23:33:18.388602+00
69	absolute extrema	20	2022-10-13 23:33:18.391328+00	2022-10-13 23:33:18.391328+00
70	antiderivatives	20	2022-10-13 23:33:18.3944+00	2022-10-13 23:33:18.3944+00
71	area between curves	20	2022-10-13 23:33:18.397419+00	2022-10-13 23:33:18.397419+00
72	chain rule	20	2022-10-13 23:33:18.400305+00	2022-10-13 23:33:18.400305+00
73	concavity	20	2022-10-13 23:33:18.402914+00	2022-10-13 23:33:18.402914+00
74	continuity	20	2022-10-13 23:33:18.405253+00	2022-10-13 23:33:18.405253+00
75	derivatives	20	2022-10-13 23:33:18.407946+00	2022-10-13 23:33:18.407946+00
76	differential equations	20	2022-10-13 23:33:18.411455+00	2022-10-13 23:33:18.411455+00
77	fundamental theorem	20	2022-10-13 23:33:18.414677+00	2022-10-13 23:33:18.414677+00
78	lhopitals rule	20	2022-10-13 23:33:18.417436+00	2022-10-13 23:33:18.417436+00
79	implicit differentiation	20	2022-10-13 23:33:18.420186+00	2022-10-13 23:33:18.420186+00
80	mean value theorem	20	2022-10-13 23:33:18.423081+00	2022-10-13 23:33:18.423081+00
81	optimization	20	2022-10-13 23:33:18.4267+00	2022-10-13 23:33:18.4267+00
82	reimann sums	20	2022-10-13 23:33:18.429965+00	2022-10-13 23:33:18.429965+00
83	related rates	20	2022-10-13 23:33:18.433567+00	2022-10-13 23:33:18.433567+00
84	relative extrema	20	2022-10-13 23:33:18.437353+00	2022-10-13 23:33:18.437353+00
85	absolute extrema	21	2022-10-13 23:33:18.44142+00	2022-10-13 23:33:18.44142+00
86	antiderivatives	21	2022-10-13 23:33:18.44534+00	2022-10-13 23:33:18.44534+00
87	area between curves	21	2022-10-13 23:33:18.450122+00	2022-10-13 23:33:18.450122+00
88	chain rule	21	2022-10-13 23:33:18.453274+00	2022-10-13 23:33:18.453274+00
89	derivatives	21	2022-10-13 23:33:18.456519+00	2022-10-13 23:33:18.456519+00
90	differential equations	21	2022-10-13 23:33:18.459711+00	2022-10-13 23:33:18.459711+00
91	fundamental theorem of calculus	21	2022-10-13 23:33:18.463442+00	2022-10-13 23:33:18.463442+00
92	implicit differentiation	21	2022-10-13 23:33:18.467448+00	2022-10-13 23:33:18.467448+00
93	infinite sequences	21	2022-10-13 23:33:18.470695+00	2022-10-13 23:33:18.470695+00
94	limits	21	2022-10-13 23:33:18.474265+00	2022-10-13 23:33:18.474265+00
95	integration by parts	21	2022-10-13 23:33:18.477071+00	2022-10-13 23:33:18.477071+00
96	mean value theorem	21	2022-10-13 23:33:18.480735+00	2022-10-13 23:33:18.480735+00
97	optimization	21	2022-10-13 23:33:18.483719+00	2022-10-13 23:33:18.483719+00
98	parametric	21	2022-10-13 23:33:18.487447+00	2022-10-13 23:33:18.487447+00
99	reimann sums	21	2022-10-13 23:33:18.491071+00	2022-10-13 23:33:18.491071+00
100	relative extrema	21	2022-10-13 23:33:18.49369+00	2022-10-13 23:33:18.49369+00
101	taylor polynomials	21	2022-10-13 23:33:18.497013+00	2022-10-13 23:33:18.497013+00
102	basic	9	2022-10-13 23:33:18.500176+00	2022-10-13 23:33:18.500176+00
103	commonapp	9	2022-10-13 23:33:18.503777+00	2022-10-13 23:33:18.503777+00
104	answer	9	2022-10-13 23:33:18.507388+00	2022-10-13 23:33:18.507388+00
105	dhistory	9	2022-10-13 23:33:18.510475+00	2022-10-13 23:33:18.510475+00
106	optional	9	2022-10-13 23:33:18.514548+00	2022-10-13 23:33:18.514548+00
107	supplemental	9	2022-10-13 23:33:18.517697+00	2022-10-13 23:33:18.517697+00
108	exam	11	2022-10-13 23:33:18.520678+00	2022-10-13 23:33:18.520678+00
109	type	11	2022-10-13 23:33:18.523306+00	2022-10-13 23:33:18.523306+00
110	LOR	11	2022-10-13 23:33:18.525925+00	2022-10-13 23:33:18.525925+00
111	basic	11	2022-10-13 23:33:18.528935+00	2022-10-13 23:33:18.528935+00
112	timeline	10	2022-10-13 23:33:18.531814+00	2022-10-13 23:33:18.531814+00
113	resume	10	2022-10-13 23:33:18.535578+00	2022-10-13 23:33:18.535578+00
114	schools	10	2022-10-13 23:33:18.538434+00	2022-10-13 23:33:18.538434+00
115	fees	10	2022-10-13 23:33:18.541034+00	2022-10-13 23:33:18.541034+00
116	FinAid	10	2022-10-13 23:33:18.543748+00	2022-10-13 23:33:18.543748+00
117	LOR	10	2022-10-13 23:33:18.547402+00	2022-10-13 23:33:18.547402+00
118	basic	10	2022-10-13 23:33:18.55069+00	2022-10-13 23:33:18.55069+00
119	biochemistry	4	2022-10-13 23:33:18.553603+00	2022-10-13 23:33:18.553603+00
120	the cell	4	2022-10-13 23:33:18.556508+00	2022-10-13 23:33:18.556508+00
121	cell division	4	2022-10-13 23:33:18.559494+00	2022-10-13 23:33:18.559494+00
122	cellular respiration	4	2022-10-13 23:33:18.56278+00	2022-10-13 23:33:18.56278+00
123	photosynthesis and plants	4	2022-10-13 23:33:18.565954+00	2022-10-13 23:33:18.565954+00
124	classical genetics	4	2022-10-13 23:33:18.569172+00	2022-10-13 23:33:18.569172+00
125	molecular genetics	4	2022-10-13 23:33:18.572925+00	2022-10-13 23:33:18.572925+00
126	animal behavior and physiology	4	2022-10-13 23:33:18.57574+00	2022-10-13 23:33:18.57574+00
127	ecology	4	2022-10-13 23:33:18.578932+00	2022-10-13 23:33:18.578932+00
128	human physiology and anatomy	4	2022-10-13 23:33:18.582185+00	2022-10-13 23:33:18.582185+00
129	evolution and taxonomy	4	2022-10-13 23:33:18.585767+00	2022-10-13 23:33:18.585767+00
130	chemical reactions	5	2022-10-13 23:33:18.588627+00	2022-10-13 23:33:18.588627+00
131	atoms, compounds, and ions	5	2022-10-13 23:33:18.591718+00	2022-10-13 23:33:18.591718+00
132	stoichiometry	5	2022-10-13 23:33:18.594444+00	2022-10-13 23:33:18.594444+00
133	electron structure of atoms	5	2022-10-13 23:33:18.598359+00	2022-10-13 23:33:18.598359+00
134	periodic table	5	2022-10-13 23:33:18.601467+00	2022-10-13 23:33:18.601467+00
135	chemical bonds	5	2022-10-13 23:33:18.604386+00	2022-10-13 23:33:18.604386+00
136	gases	5	2022-10-13 23:33:18.607167+00	2022-10-13 23:33:18.607167+00
137	states of matter and intermolecular forces	5	2022-10-13 23:33:18.60983+00	2022-10-13 23:33:18.60983+00
138	chemical equilibrium	5	2022-10-13 23:33:18.613014+00	2022-10-13 23:33:18.613014+00
139	acids and bases	5	2022-10-13 23:33:18.616403+00	2022-10-13 23:33:18.616403+00
140	buffers, titrations, and solubility equilibria	5	2022-10-13 23:33:18.619286+00	2022-10-13 23:33:18.619286+00
141	thermodynamics	5	2022-10-13 23:33:18.622155+00	2022-10-13 23:33:18.622155+00
142	redox reactions and electrochemistry	5	2022-10-13 23:33:18.625413+00	2022-10-13 23:33:18.625413+00
143	kinetics	5	2022-10-13 23:33:18.628812+00	2022-10-13 23:33:18.628812+00
144	nuclear chemistry	5	2022-10-13 23:33:18.632031+00	2022-10-13 23:33:18.632031+00
145	kinematics	5	2022-10-13 23:33:18.634817+00	2022-10-13 23:33:18.634817+00
146	kinematics	6	2022-10-13 23:33:18.63755+00	2022-10-13 23:33:18.63755+00
147	newton's laws	6	2022-10-13 23:33:18.640702+00	2022-10-13 23:33:18.640702+00
148	rotational mechanics	6	2022-10-13 23:33:18.643637+00	2022-10-13 23:33:18.643637+00
149	work and energy	6	2022-10-13 23:33:18.647061+00	2022-10-13 23:33:18.647061+00
150	momentum and collisions	6	2022-10-13 23:33:18.649994+00	2022-10-13 23:33:18.649994+00
151	thermodynamics	6	2022-10-13 23:33:18.652676+00	2022-10-13 23:33:18.652676+00
152	electrostatics	6	2022-10-13 23:33:18.655323+00	2022-10-13 23:33:18.655323+00
153	magnetism	6	2022-10-13 23:33:18.658017+00	2022-10-13 23:33:18.658017+00
154	waves and sound	6	2022-10-13 23:33:18.661795+00	2022-10-13 23:33:18.661795+00
155	refraction and reflection	6	2022-10-13 23:33:18.6654+00	2022-10-13 23:33:18.6654+00
156	gravity/gen relativity	6	2022-10-13 23:33:18.6696+00	2022-10-13 23:33:18.6696+00
157	Fluids - density and pressure	7	2022-10-13 23:33:18.673351+00	2022-10-13 23:33:18.673351+00
158	Fluids - dynamics	7	2022-10-13 23:33:18.677237+00	2022-10-13 23:33:18.677237+00
159	THD - Ideal Gases	7	2022-10-13 23:33:18.684241+00	2022-10-13 23:33:18.684241+00
160	thermodynamics	7	2022-10-13 23:33:18.699023+00	2022-10-13 23:33:18.699023+00
161	Electric Field	7	2022-10-13 23:33:18.707647+00	2022-10-13 23:33:18.707647+00
162	Electric Potential	7	2022-10-13 23:33:18.715963+00	2022-10-13 23:33:18.715963+00
163	Magnetic Fields	7	2022-10-13 23:33:18.721513+00	2022-10-13 23:33:18.721513+00
164	Magnetic Induction	7	2022-10-13 23:33:18.72699+00	2022-10-13 23:33:18.72699+00
165	Electromagnetic Waves	7	2022-10-13 23:33:18.73294+00	2022-10-13 23:33:18.73294+00
166	Optics - refraction and reflection	7	2022-10-13 23:33:18.737434+00	2022-10-13 23:33:18.737434+00
167	Quantum & Atomic Physics	7	2022-10-13 23:33:18.741378+00	2022-10-13 23:33:18.741378+00
168	dynamics 2	7	2022-10-13 23:33:18.746203+00	2022-10-13 23:33:18.746203+00
169	Electric Circuits	7	2022-10-13 23:33:18.75154+00	2022-10-13 23:33:18.75154+00
170	earth systems and resources	8	2022-10-13 23:33:18.756339+00	2022-10-13 23:33:18.756339+00
171	ecology	8	2022-10-13 23:33:18.761687+00	2022-10-13 23:33:18.761687+00
172	energy resources and consumption	8	2022-10-13 23:33:18.766318+00	2022-10-13 23:33:18.766318+00
173	global change	8	2022-10-13 23:33:18.770816+00	2022-10-13 23:33:18.770816+00
174	impact of human health and environment	8	2022-10-13 23:33:18.778521+00	2022-10-13 23:33:18.778521+00
175	interdependence of organisms	8	2022-10-13 23:33:18.782023+00	2022-10-13 23:33:18.782023+00
176	land and water resources and use	8	2022-10-13 23:33:18.787038+00	2022-10-13 23:33:18.787038+00
177	introduction to environmental science	8	2022-10-13 23:33:18.792426+00	2022-10-13 23:33:18.792426+00
178	natural biogeochemical cycles	8	2022-10-13 23:33:18.796933+00	2022-10-13 23:33:18.796933+00
179	pollution	8	2022-10-13 23:33:18.80148+00	2022-10-13 23:33:18.80148+00
180	populations	8	2022-10-13 23:33:18.807035+00	2022-10-13 23:33:18.807035+00
181	the atmosphere	8	2022-10-13 23:33:18.812063+00	2022-10-13 23:33:18.812063+00
182	upchieve	22	2022-10-13 23:33:18.816179+00	2022-10-13 23:33:18.816179+00
183	linear_equations	12	2022-10-13 23:33:18.821468+00	2022-10-13 23:33:18.821468+00
184	linear_inequalities	12	2022-10-13 23:33:18.826165+00	2022-10-13 23:33:18.826165+00
185	linear_functions	12	2022-10-13 23:33:18.830522+00	2022-10-13 23:33:18.830522+00
186	quadratic_problems	12	2022-10-13 23:33:18.834951+00	2022-10-13 23:33:18.834951+00
187	nonlinear_equations	12	2022-10-13 23:33:18.839022+00	2022-10-13 23:33:18.839022+00
188	rational_expressions	12	2022-10-13 23:33:18.842392+00	2022-10-13 23:33:18.842392+00
189	isolating_quantities	12	2022-10-13 23:33:18.847016+00	2022-10-13 23:33:18.847016+00
190	linear_systems	12	2022-10-13 23:33:18.851747+00	2022-10-13 23:33:18.851747+00
191	ratios_rates	12	2022-10-13 23:33:18.856237+00	2022-10-13 23:33:18.856237+00
192	units	12	2022-10-13 23:33:18.85981+00	2022-10-13 23:33:18.85981+00
193	percentages	12	2022-10-13 23:33:18.863257+00	2022-10-13 23:33:18.863257+00
194	linear_and_exponential	12	2022-10-13 23:33:18.86699+00	2022-10-13 23:33:18.86699+00
195	data_inferences	12	2022-10-13 23:33:18.873811+00	2022-10-13 23:33:18.873811+00
196	volume_word_problems	12	2022-10-13 23:33:18.878987+00	2022-10-13 23:33:18.878987+00
197	complex_numbers	12	2022-10-13 23:33:18.882778+00	2022-10-13 23:33:18.882778+00
198	circle_equations	12	2022-10-13 23:33:18.887325+00	2022-10-13 23:33:18.887325+00
199	table_data	12	2022-10-13 23:33:18.891394+00	2022-10-13 23:33:18.891394+00
200	scatterplots	12	2022-10-13 23:33:18.894874+00	2022-10-13 23:33:18.894874+00
201	graphs	12	2022-10-13 23:33:18.899165+00	2022-10-13 23:33:18.899165+00
202	shape_of_distributions	12	2022-10-13 23:33:18.903237+00	2022-10-13 23:33:18.903237+00
203	right_triangle_problems	12	2022-10-13 23:33:18.906983+00	2022-10-13 23:33:18.906983+00
204	congruence_and_similarity	12	2022-10-13 23:33:18.910436+00	2022-10-13 23:33:18.910436+00
205	explict_v_implicit	13	2022-10-13 23:33:18.914312+00	2022-10-13 23:33:18.914312+00
206	point_of_view	13	2022-10-13 23:33:18.917298+00	2022-10-13 23:33:18.917298+00
207	analyzing_relationships	13	2022-10-13 23:33:18.920176+00	2022-10-13 23:33:18.920176+00
208	citing_evidence	13	2022-10-13 23:33:18.922846+00	2022-10-13 23:33:18.922846+00
209	summarizing	13	2022-10-13 23:33:18.92576+00	2022-10-13 23:33:18.92576+00
210	analogical_reasoning	13	2022-10-13 23:33:18.929315+00	2022-10-13 23:33:18.929315+00
211	structure_passage	13	2022-10-13 23:33:18.932279+00	2022-10-13 23:33:18.932279+00
212	word_choice	13	2022-10-13 23:33:18.935074+00	2022-10-13 23:33:18.935074+00
213	graphs_and_data	13	2022-10-13 23:33:18.937681+00	2022-10-13 23:33:18.937681+00
214	purpose_of_text	13	2022-10-13 23:33:18.940707+00	2022-10-13 23:33:18.940707+00
215	analyzing_arguments	13	2022-10-13 23:33:18.943696+00	2022-10-13 23:33:18.943696+00
216	connecting_texts	13	2022-10-13 23:33:18.947236+00	2022-10-13 23:33:18.947236+00
217	history_passages	13	2022-10-13 23:33:18.949628+00	2022-10-13 23:33:18.949628+00
218	strategies	13	2022-10-13 23:33:18.95185+00	2022-10-13 23:33:18.95185+00
219	types_of_essays	15	2022-10-13 23:33:18.954357+00	2022-10-13 23:33:18.954357+00
220	essay_structure	15	2022-10-13 23:33:18.956621+00	2022-10-13 23:33:18.956621+00
221	point_of_view	15	2022-10-13 23:33:18.959249+00	2022-10-13 23:33:18.959249+00
222	persuasive_techniques	15	2022-10-13 23:33:18.961544+00	2022-10-13 23:33:18.961544+00
223	citations	15	2022-10-13 23:33:18.964081+00	2022-10-13 23:33:18.964081+00
224	independent_and_dependent_clauses	15	2022-10-13 23:33:18.966725+00	2022-10-13 23:33:18.966725+00
225	punctuation	15	2022-10-13 23:33:18.969368+00	2022-10-13 23:33:18.969368+00
226	verb_tense	15	2022-10-13 23:33:18.971804+00	2022-10-13 23:33:18.971804+00
227	subject_verb_agreement	15	2022-10-13 23:33:18.975165+00	2022-10-13 23:33:18.975165+00
228	specificity_and_coherence	15	2022-10-13 23:33:18.977611+00	2022-10-13 23:33:18.977611+00
229	plagiarism	15	2022-10-13 23:33:18.980372+00	2022-10-13 23:33:18.980372+00
230	nonnvarying_sentence_length	15	2022-10-13 23:33:18.982955+00	2022-10-13 23:33:18.982955+00
231	wordiness	15	2022-10-13 23:33:18.986781+00	2022-10-13 23:33:18.986781+00
232	grammatical_errors	15	2022-10-13 23:33:18.989466+00	2022-10-13 23:33:18.989466+00
233	common_requests	15	2022-10-13 23:33:18.991972+00	2022-10-13 23:33:18.991972+00
234	inference	13	2022-10-13 23:33:18.994441+00	2022-10-13 23:33:18.994441+00
235	integumentary	24	2022-10-13 23:33:18.996715+00	2022-10-13 23:33:18.996715+00
236	little_detail	13	2022-10-13 23:33:18.999082+00	2022-10-13 23:33:18.999082+00
237	lymphatic	24	2022-10-13 23:33:19.001479+00	2022-10-13 23:33:19.001479+00
238	muscular	24	2022-10-13 23:33:19.003566+00	2022-10-13 23:33:19.003566+00
239	nervous	24	2022-10-13 23:33:19.006273+00	2022-10-13 23:33:19.006273+00
240	probingqs	23	2022-10-13 23:33:19.00932+00	2022-10-13 23:33:19.00932+00
241	questions	23	2022-10-13 23:33:19.011638+00	2022-10-13 23:33:19.011638+00
242	reproductive	24	2022-10-13 23:33:19.014433+00	2022-10-13 23:33:19.014433+00
243	respiratory	24	2022-10-13 23:33:19.016805+00	2022-10-13 23:33:19.016805+00
244	sense_organs	24	2022-10-13 23:33:19.019118+00	2022-10-13 23:33:19.019118+00
245	skeletal	24	2022-10-13 23:33:19.021271+00	2022-10-13 23:33:19.021271+00
246	texttype	23	2022-10-13 23:33:19.023452+00	2022-10-13 23:33:19.023452+00
247	tissues	24	2022-10-13 23:33:19.025715+00	2022-10-13 23:33:19.025715+00
248	urinary	24	2022-10-13 23:33:19.02768+00	2022-10-13 23:33:19.02768+00
249	vocab_in_context	13	2022-10-13 23:33:19.029638+00	2022-10-13 23:33:19.029638+00
250	vocabulary	23	2022-10-13 23:33:19.03163+00	2022-10-13 23:33:19.03163+00
251	activatebk	23	2022-10-13 23:33:19.033769+00	2022-10-13 23:33:19.033769+00
252	author_technique	13	2022-10-13 23:33:19.036258+00	2022-10-13 23:33:19.036258+00
253	backgroundknowledge	23	2022-10-13 23:33:19.038132+00	2022-10-13 23:33:19.038132+00
254	big_picture	13	2022-10-13 23:33:19.040256+00	2022-10-13 23:33:19.040256+00
255	cells	24	2022-10-13 23:33:19.042192+00	2022-10-13 23:33:19.042192+00
256	circulatory_system	24	2022-10-13 23:33:19.044101+00	2022-10-13 23:33:19.044101+00
257	comprehensionsupport	23	2022-10-13 23:33:19.046199+00	2022-10-13 23:33:19.046199+00
258	context	23	2022-10-13 23:33:19.04821+00	2022-10-13 23:33:19.04821+00
259	corrections	23	2022-10-13 23:33:19.050138+00	2022-10-13 23:33:19.050138+00
260	digestive	24	2022-10-13 23:33:19.053494+00	2022-10-13 23:33:19.053494+00
261	editing	23	2022-10-13 23:33:19.055774+00	2022-10-13 23:33:19.055774+00
262	endocrine	24	2022-10-13 23:33:19.0581+00	2022-10-13 23:33:19.0581+00
263	evidence_support	13	2022-10-13 23:33:19.060257+00	2022-10-13 23:33:19.060257+00
264	function	13	2022-10-13 23:33:19.062193+00	2022-10-13 23:33:19.062193+00
265	strategies	12	2022-10-13 23:33:19.064047+00	2022-10-13 23:33:19.064047+00
266	unit circle	18	2022-10-13 23:33:19.066028+00	2022-10-13 23:33:19.066028+00
267	dynamics 1	6	2022-10-13 23:33:19.067929+00	2022-10-13 23:33:19.067929+00
268	energy 1	6	2022-10-13 23:33:19.069873+00	2022-10-13 23:33:19.069873+00
269	dynamics 2	6	2022-10-13 23:33:19.071792+00	2022-10-13 23:33:19.071792+00
270	energy 2	6	2022-10-13 23:33:19.073885+00	2022-10-13 23:33:19.073885+00
271	pythagorean theorem	18	2022-10-13 23:33:19.07611+00	2022-10-13 23:33:19.07611+00
272	degrees and radians	18	2022-10-13 23:33:19.078306+00	2022-10-13 23:33:19.078306+00
273	graphing trig functions	18	2022-10-13 23:33:19.08043+00	2022-10-13 23:33:19.08043+00
274	inverse trig functions	18	2022-10-13 23:33:19.082335+00	2022-10-13 23:33:19.082335+00
275	trigonometric identities	18	2022-10-13 23:33:19.084815+00	2022-10-13 23:33:19.084815+00
276	complex numbers	19	2022-10-13 23:33:19.08725+00	2022-10-13 23:33:19.08725+00
277	conic sections	19	2022-10-13 23:33:19.089399+00	2022-10-13 23:33:19.089399+00
278	graphing exponential functions	19	2022-10-13 23:33:19.092177+00	2022-10-13 23:33:19.092177+00
279	graphing polynomials	19	2022-10-13 23:33:19.094253+00	2022-10-13 23:33:19.094253+00
280	graphing rational functions	19	2022-10-13 23:33:19.096294+00	2022-10-13 23:33:19.096294+00
281	logarithms	19	2022-10-13 23:33:19.098624+00	2022-10-13 23:33:19.098624+00
282	inverse functions	19	2022-10-13 23:33:19.101186+00	2022-10-13 23:33:19.101186+00
283	polynomial division	19	2022-10-13 23:33:19.103181+00	2022-10-13 23:33:19.103181+00
284	rational expressions	19	2022-10-13 23:33:19.105522+00	2022-10-13 23:33:19.105522+00
285	sequences series	19	2022-10-13 23:33:19.107629+00	2022-10-13 23:33:19.107629+00
286	exponential logarithmic equations	19	2022-10-13 23:33:19.109771+00	2022-10-13 23:33:19.109771+00
287	other equations	19	2022-10-13 23:33:19.111905+00	2022-10-13 23:33:19.111905+00
288	quadratic and absolute	19	2022-10-13 23:33:19.113904+00	2022-10-13 23:33:19.113904+00
289	solving quadratic equations	19	2022-10-13 23:33:19.115919+00	2022-10-13 23:33:19.115919+00
290	transformations functions	19	2022-10-13 23:33:19.118439+00	2022-10-13 23:33:19.118439+00
291	vectors	19	2022-10-13 23:33:19.120473+00	2022-10-13 23:33:19.120473+00
292	trig functions	18	2022-10-13 23:33:19.122251+00	2022-10-13 23:33:19.122251+00
293	random variables and distributions	2	2022-10-13 23:33:19.124743+00	2022-10-13 23:33:19.124743+00
294	kinematics 2	6	2022-10-13 23:33:19.127244+00	2022-10-13 23:33:19.127244+00
295	DC Circuits	6	2022-10-13 23:33:19.129511+00	2022-10-13 23:33:19.129511+00
296	rotational motion	6	2022-10-13 23:33:19.1317+00	2022-10-13 23:33:19.1317+00
297	polynomials	12	2022-10-13 23:33:19.134356+00	2022-10-13 23:33:19.134356+00
298	functions	12	2022-10-13 23:33:19.137371+00	2022-10-13 23:33:19.137371+00
299	angles	12	2022-10-13 23:33:19.139431+00	2022-10-13 23:33:19.139431+00
\.


--
-- Data for Name: quiz_questions; Type: TABLE DATA; Schema: upchieve; Owner: admin
--

COPY upchieve.quiz_questions (id, question_text, possible_answers, correct_answer, quiz_subcategory_id, image_source, created_at, updated_at, mongo_id) FROM stdin;
\.


--
-- Data for Name: report_reasons; Type: TABLE DATA; Schema: upchieve; Owner: admin
--

COPY upchieve.report_reasons (id, reason, created_at, updated_at) FROM stdin;
1	This student was extremely rude or inappropriate	2022-10-13 23:33:19.459461+00	2022-10-13 23:33:19.459461+00
2	I am worried for the immediate safety of this student	2022-10-13 23:33:19.462454+00	2022-10-13 23:33:19.462454+00
3	LEGACY: Student was unresponsive	2022-10-13 23:33:19.466472+00	2022-10-13 23:33:19.466472+00
4	LEGACY: Technical issue	2022-10-13 23:33:19.469408+00	2022-10-13 23:33:19.469408+00
5	LEGACY: Other	2022-10-13 23:33:19.471917+00	2022-10-13 23:33:19.471917+00
\.


--
-- Data for Name: required_email_domains; Type: TABLE DATA; Schema: upchieve; Owner: admin
--

COPY upchieve.required_email_domains (id, domain, volunteer_partner_org_id, created_at, updated_at) FROM stdin;
0183d3b2-0ba8-b1bf-5e2b-3752e4b5a3fb	mailtrap.com	0183d3b2-0ba2-6a89-9a17-743a578f4e72	2022-10-13 23:33:24.544914+00	2022-10-13 23:33:24.544914+00
\.


--
-- Data for Name: school_nces_metadata; Type: TABLE DATA; Schema: upchieve; Owner: admin
--

COPY upchieve.school_nces_metadata (school_id, created_at, updated_at, school_year, fipst, statename, st, sch_name, lea_name, state_agency_no, "union", st_leaid, leaid, st_schid, ncessch, schid, mstreet1, mstreet2, mstreet3, mcity, mstate, mzip, mzip4, lstreet1, lstreet2, lstreet3, lcity, lzip, lzip4, phone, website, sy_status, sy_status_text, updated_status, updated_status_text, effective_date, sch_type, sch_type_text, recon_status, out_of_state_flag, charter_text, chartauth1, chartauthn1, chartauth2, chartauthn2, nogrades, g_pk_offered, g_kg_offered, g_1_offered, g_2_offered, g_3_offered, g_4_offered, g_5_offered, g_6_offered, g_7_offered, g_8_offered, g_9_offered, g_10_offered, g_11_offered, g_12_offered, g_13_offered, g_ug_offered, g_ae_offered, gslo, gshi, level, igoffered) FROM stdin;
\.


--
-- Data for Name: schools_sponsor_orgs; Type: TABLE DATA; Schema: upchieve; Owner: admin
--

COPY upchieve.schools_sponsor_orgs (school_id, sponsor_org_id, created_at, updated_at) FROM stdin;
0183d3b2-0bb8-c4f4-0606-f796df5e63cd	0183d3b2-0bc5-2b82-74e1-2aabfc5e049b	2022-10-13 23:33:24.583162+00	2022-10-13 23:33:24.583162+00
0183d3b2-0bb8-4d79-d487-4e8a260a7291	0183d3b2-0bc5-d4b5-c649-23dbf9aeabbe	2022-10-13 23:33:24.586975+00	2022-10-13 23:33:24.586975+00
\.


--
-- Data for Name: schools_sponsor_orgs_instances; Type: TABLE DATA; Schema: upchieve; Owner: admin
--

COPY upchieve.schools_sponsor_orgs_instances (school_id, sponsor_org_id, deactivated_on, created_at, updated_at) FROM stdin;
\.


--
-- Data for Name: session_failed_joins; Type: TABLE DATA; Schema: upchieve; Owner: admin
--

COPY upchieve.session_failed_joins (session_id, user_id, created_at, updated_at) FROM stdin;
\.


--
-- Data for Name: session_flags; Type: TABLE DATA; Schema: upchieve; Owner: admin
--

COPY upchieve.session_flags (id, name, created_at, updated_at) FROM stdin;
1	Absent student	2022-10-13 23:33:19.424909+00	2022-10-13 23:33:19.424909+00
2	Absent volunteer	2022-10-13 23:33:19.428094+00	2022-10-13 23:33:19.428094+00
3	Low session rating from coach	2022-10-13 23:33:19.43243+00	2022-10-13 23:33:19.43243+00
4	Low session rating from student	2022-10-13 23:33:19.435599+00	2022-10-13 23:33:19.435599+00
5	Low coach rating from student	2022-10-13 23:33:19.437829+00	2022-10-13 23:33:19.437829+00
6	Reported	2022-10-13 23:33:19.440488+00	2022-10-13 23:33:19.440488+00
9	Comment from student	2022-10-13 23:33:19.448954+00	2022-10-13 23:33:19.448954+00
10	Comment from volunteer	2022-10-13 23:33:19.452098+00	2022-10-13 23:33:19.452098+00
11	Has been unmatched	2022-10-13 23:33:19.454597+00	2022-10-13 23:33:19.454597+00
12	Has had technical issues	2022-10-13 23:33:19.456908+00	2022-10-13 23:33:19.456908+00
7	Pressuring coach	2022-10-13 23:33:19.442794+00	2022-10-13 23:33:20.161887+00
8	Mean or inappropriate	2022-10-13 23:33:19.445243+00	2022-10-13 23:33:20.161887+00
13	PII	2022-10-13 23:33:20.161887+00	2022-10-13 23:33:20.161887+00
14	Graded assignment	2022-10-13 23:33:20.161887+00	2022-10-13 23:33:20.161887+00
15	Coach uncomfortable	2022-10-13 23:33:20.161887+00	2022-10-13 23:33:20.161887+00
16	Student in distress	2022-10-13 23:33:20.161887+00	2022-10-13 23:33:20.161887+00
\.


--
-- Data for Name: session_messages; Type: TABLE DATA; Schema: upchieve; Owner: admin
--

COPY upchieve.session_messages (id, sender_id, contents, session_id, created_at, updated_at, mongo_id) FROM stdin;
\.


--
-- Data for Name: session_photos; Type: TABLE DATA; Schema: upchieve; Owner: admin
--

COPY upchieve.session_photos (session_id, photo_key, created_at, updated_at) FROM stdin;
\.


--
-- Data for Name: session_reports; Type: TABLE DATA; Schema: upchieve; Owner: admin
--

COPY upchieve.session_reports (id, report_reason_id, report_message, reporting_user_id, session_id, reported_user_id, created_at, updated_at) FROM stdin;
\.


--
-- Data for Name: session_review_reasons; Type: TABLE DATA; Schema: upchieve; Owner: admin
--

COPY upchieve.session_review_reasons (session_id, session_flag_id, created_at, updated_at) FROM stdin;
\.


--
-- Data for Name: sessions_session_flags; Type: TABLE DATA; Schema: upchieve; Owner: admin
--

COPY upchieve.sessions_session_flags (session_id, session_flag_id, created_at, updated_at) FROM stdin;
\.


--
-- Data for Name: sponsor_orgs_upchieve_instances; Type: TABLE DATA; Schema: upchieve; Owner: admin
--

COPY upchieve.sponsor_orgs_upchieve_instances (id, sponsor_org_id, deactivated_on, created_at, updated_at) FROM stdin;
\.


--
-- Data for Name: sponsor_orgs_volunteer_partner_orgs_instances; Type: TABLE DATA; Schema: upchieve; Owner: admin
--

COPY upchieve.sponsor_orgs_volunteer_partner_orgs_instances (sponsor_org_id, volunteer_partner_org_id, deactivated_on, created_at, updated_at) FROM stdin;
\.


--
-- Data for Name: student_favorite_volunteers; Type: TABLE DATA; Schema: upchieve; Owner: admin
--

COPY upchieve.student_favorite_volunteers (student_id, volunteer_id, created_at, updated_at) FROM stdin;
\.


--
-- Data for Name: student_partner_org_sites; Type: TABLE DATA; Schema: upchieve; Owner: admin
--

COPY upchieve.student_partner_org_sites (id, name, student_partner_org_id, created_at, updated_at) FROM stdin;
0183d3b2-0b98-1f31-91dd-a8a5ed8f82be	Brooklyn	0183d3b2-0b31-2433-4dbf-df732f987fa3	2022-10-13 23:33:24.529022+00	2022-10-13 23:33:24.529022+00
0183d3b2-0b98-1246-b818-831b5d50acb6	Denver	0183d3b2-0b31-2433-4dbf-df732f987fa3	2022-10-13 23:33:24.532602+00	2022-10-13 23:33:24.532602+00
0183d3b2-0b98-328c-5018-6ef8df5a571b	Oakland	0183d3b2-0b31-2433-4dbf-df732f987fa3	2022-10-13 23:33:24.535739+00	2022-10-13 23:33:24.535739+00
\.


--
-- Data for Name: student_partner_orgs_sponsor_orgs; Type: TABLE DATA; Schema: upchieve; Owner: admin
--

COPY upchieve.student_partner_orgs_sponsor_orgs (student_partner_org_id, sponsor_org_id, created_at, updated_at) FROM stdin;
0183d3b2-0b31-85bc-650f-3095396f0d6a	0183d3b2-0bc5-cd2c-4d91-ea5f0e869a12	2022-10-13 23:33:24.590056+00	2022-10-13 23:33:24.590056+00
0183d3b2-0b31-e782-5ddd-3c53dc522812	0183d3b2-0bc5-d4b5-c649-23dbf9aeabbe	2022-10-13 23:33:24.594062+00	2022-10-13 23:33:24.594062+00
\.


--
-- Data for Name: student_partner_orgs_sponsor_orgs_instances; Type: TABLE DATA; Schema: upchieve; Owner: admin
--

COPY upchieve.student_partner_orgs_sponsor_orgs_instances (student_partner_org_id, sponsor_org_id, deactivated_on, created_at, updated_at) FROM stdin;
\.


--
-- Data for Name: student_partner_orgs_upchieve_instances; Type: TABLE DATA; Schema: upchieve; Owner: admin
--

COPY upchieve.student_partner_orgs_upchieve_instances (id, student_partner_org_id, deactivated_on, created_at, updated_at) FROM stdin;
\.


--
-- Data for Name: student_partner_orgs_volunteer_partner_orgs_instances; Type: TABLE DATA; Schema: upchieve; Owner: admin
--

COPY upchieve.student_partner_orgs_volunteer_partner_orgs_instances (student_partner_org_id, volunteer_partner_org_id, deactivated_on, created_at, updated_at) FROM stdin;
\.


--
-- Data for Name: student_profiles; Type: TABLE DATA; Schema: upchieve; Owner: admin
--

COPY upchieve.student_profiles (user_id, college, school_id, postal_code, grade_level_id, student_partner_org_user_id, student_partner_org_id, student_partner_org_site_id, created_at, updated_at) FROM stdin;
0183d3b2-0d7c-676f-6f2f-d3fc214a296c	\N	0183d3b2-0bb8-25a2-f4cc-493f067dfab1	\N	\N	\N	\N	\N	2022-10-13 23:33:25.032528+00	2022-10-13 23:33:25.032528+00
0183d3b2-0d7c-b216-e2fb-0ebbf3f7e8ed	\N	0183d3b2-0bb8-c4f4-0606-f796df5e63cd	\N	\N	\N	0183d3b2-0b31-2433-4dbf-df732f987fa3	\N	2022-10-13 23:33:25.035092+00	2022-10-13 23:33:25.035092+00
0183d3b2-0d7c-dfd1-3917-922a7efc7037	\N	\N	\N	\N	\N	0183d3b2-0b31-e782-5ddd-3c53dc522812	\N	2022-10-13 23:33:25.037778+00	2022-10-13 23:33:25.037778+00
\.


--
-- Data for Name: survey_questions; Type: TABLE DATA; Schema: upchieve; Owner: admin
--

COPY upchieve.survey_questions (id, question_type_id, question_text, created_at, updated_at, response_display_text, replacement_column_1, replacement_column_2) FROM stdin;
7	1	Sorry to hear that, what happened?	2022-10-13 23:33:19.952018+00	2022-10-13 23:33:19.952018+00	\N	\N	\N
9	1	Overall, how supportive was your coach today?	2022-10-13 23:33:19.952018+00	2022-10-13 23:33:19.952018+00	\N	\N	\N
10	1	Overall, how much did your coach push you to do your best work today?	2022-10-13 23:33:19.952018+00	2022-10-13 23:33:19.952018+00	\N	\N	\N
11	3	This can be about the web app, the Academic Coach who helped you, the services UPchieve offers, etc.	2022-10-13 23:33:19.952018+00	2022-10-13 23:33:19.952018+00	\N	\N	\N
1	1	What is your primary goal for today's session?	2022-10-13 23:33:19.852373+00	2022-10-13 23:33:20.01982+00	Their goal for the session:	\N	\N
2	1	Where are you in the process of reaching your goal?	2022-10-13 23:33:19.852373+00	2022-10-13 23:33:20.01982+00	How much progress they've made towards their goal:	\N	\N
3	1	Overall, how do you feel about applying to college?	2022-10-13 23:33:19.852373+00	2022-10-13 23:33:20.01982+00	How they feel about applying to college:	\N	\N
4	1	How well do you understand the topic you want to talk about today?	2022-10-13 23:33:19.852373+00	2022-10-13 23:33:20.01982+00	How well they understand the topic:	\N	\N
17	1	Were there any student safety, academic integrity, or community guideline issues during this session?	2022-10-13 23:33:20.03852+00	2022-10-13 23:33:20.03852+00	\N	\N	\N
18	1	Please select all that apply	2022-10-13 23:33:20.03852+00	2022-10-13 23:33:20.03852+00	\N	\N	\N
19	3	This can be about the web app, the student you helped, technical issues, etc.	2022-10-13 23:33:20.03852+00	2022-10-13 23:33:20.03852+00	\N	\N	\N
13	1	%s's goal for this session was to %s. Were you able to help them achieve their goal?	2022-10-13 23:33:20.03852+00	2022-10-13 23:33:20.121654+00	\N	student_name	student_goal
6	1	Your goal for this session was to %s. Did UPchieve help you achieve your goal?	2022-10-13 23:33:19.952018+00	2022-10-13 23:33:20.121654+00	\N	student_goal	\N
8	1	Would you like to favorite your coach %s?	2022-10-13 23:33:19.952018+00	2022-10-13 23:33:20.121654+00	\N	coach_name	\N
14	1	How do you think %s feels about %s at the end of this session?	2022-10-13 23:33:20.03852+00	2022-10-13 23:33:20.121654+00	\N	student_name	subject_name
15	1	How do you think %s feels about the %s at the end of this session?	2022-10-13 23:33:20.03852+00	2022-10-13 23:33:20.121654+00	\N	student_name	subject_name
16	1	How do you think %s feels about applying to college at the end of this session?	2022-10-13 23:33:20.03852+00	2022-10-13 23:33:20.121654+00	\N	student_name	\N
12	1	Overall, how do you feel about the %s section?	2022-10-13 23:33:20.01982+00	2022-10-13 23:33:20.121654+00	How they feel about %s:	subject_name	\N
5	1	Overall, how do you feel about %s?	2022-10-13 23:33:19.852373+00	2022-10-13 23:33:20.121654+00	How they feel about %s:	subject_name	\N
\.


--
-- Data for Name: survey_questions_question_tags; Type: TABLE DATA; Schema: upchieve; Owner: admin
--

COPY upchieve.survey_questions_question_tags (id, survey_question_id, question_tag_id, created_at, updated_at) FROM stdin;
\.


--
-- Data for Name: survey_response_choices; Type: TABLE DATA; Schema: upchieve; Owner: admin
--

COPY upchieve.survey_response_choices (id, score, choice_text, created_at, updated_at, display_image) FROM stdin;
1	0	Solve a specific question	2022-10-13 23:33:19.852373+00	2022-10-13 23:33:19.852373+00	\N
2	0	Complete a homework assignment	2022-10-13 23:33:19.852373+00	2022-10-13 23:33:19.852373+00	\N
3	0	Prepare for a quiz/test	2022-10-13 23:33:19.852373+00	2022-10-13 23:33:19.852373+00	\N
4	0	Check my answers	2022-10-13 23:33:19.852373+00	2022-10-13 23:33:19.852373+00	\N
7	0	Brainstorm or research an essay topic	2022-10-13 23:33:19.852373+00	2022-10-13 23:33:19.852373+00	\N
8	0	Develop a thesis statement	2022-10-13 23:33:19.852373+00	2022-10-13 23:33:19.852373+00	\N
9	0	Create an essay outline	2022-10-13 23:33:19.852373+00	2022-10-13 23:33:19.852373+00	\N
10	0	Revise essay structure and ideas	2022-10-13 23:33:19.852373+00	2022-10-13 23:33:19.852373+00	\N
11	0	Edit grammar	2022-10-13 23:33:19.852373+00	2022-10-13 23:33:19.852373+00	\N
12	0	Improve my understanding of a text	2022-10-13 23:33:19.852373+00	2022-10-13 23:33:19.852373+00	\N
13	0	Answer questions based on a text	2022-10-13 23:33:19.852373+00	2022-10-13 23:33:19.852373+00	\N
14	0	Revise my response(s) to reading questions	2022-10-13 23:33:19.852373+00	2022-10-13 23:33:19.852373+00	\N
15	0	Understand college requirements	2022-10-13 23:33:19.852373+00	2022-10-13 23:33:19.852373+00	\N
16	0	Pick classes or extracurricular activities	2022-10-13 23:33:19.852373+00	2022-10-13 23:33:19.852373+00	\N
17	0	Research majors or careers	2022-10-13 23:33:19.852373+00	2022-10-13 23:33:19.852373+00	\N
18	0	Select colleges to apply to	2022-10-13 23:33:19.852373+00	2022-10-13 23:33:19.852373+00	\N
19	0	Learn about financial aid and scholarships	2022-10-13 23:33:19.852373+00	2022-10-13 23:33:19.852373+00	\N
20	0	Select a prompt and brainstorm topics	2022-10-13 23:33:19.852373+00	2022-10-13 23:33:19.852373+00	\N
21	0	Create an outline	2022-10-13 23:33:19.852373+00	2022-10-13 23:33:19.852373+00	\N
22	0	Understand the parts of an application	2022-10-13 23:33:19.852373+00	2022-10-13 23:33:19.852373+00	\N
23	0	Create an application timeline	2022-10-13 23:33:19.852373+00	2022-10-13 23:33:19.852373+00	\N
24	0	Work on an application	2022-10-13 23:33:19.852373+00	2022-10-13 23:33:19.852373+00	\N
25	0	Prepare for an interview	2022-10-13 23:33:19.852373+00	2022-10-13 23:33:19.852373+00	\N
26	0	Complete financial aid applications	2022-10-13 23:33:19.852373+00	2022-10-13 23:33:19.852373+00	\N
27	0	Learn more about the exam	2022-10-13 23:33:19.852373+00	2022-10-13 23:33:19.852373+00	\N
28	0	Work on a practice question(s)	2022-10-13 23:33:19.852373+00	2022-10-13 23:33:19.852373+00	\N
29	0	Learn test taking strategies	2022-10-13 23:33:19.852373+00	2022-10-13 23:33:19.852373+00	\N
31	1	I haven't started on this yet	2022-10-13 23:33:19.852373+00	2022-10-13 23:33:19.852373+00	\N
32	2	I've done some work on this	2022-10-13 23:33:19.852373+00	2022-10-13 23:33:19.852373+00	\N
50	5	Extremely	2022-10-13 23:33:19.952018+00	2022-10-13 23:33:19.952018+00	\N
52	0	Rude coach	2022-10-13 23:33:19.952018+00	2022-10-13 23:33:19.952018+00	\N
53	0	Coach didn't know topic	2022-10-13 23:33:19.952018+00	2022-10-13 23:33:19.952018+00	\N
54	0	Coach slow to respond	2022-10-13 23:33:19.952018+00	2022-10-13 23:33:19.952018+00	\N
55	0	Ran out of time	2022-10-13 23:33:19.952018+00	2022-10-13 23:33:19.952018+00	\N
56	0	Tech issue	2022-10-13 23:33:19.952018+00	2022-10-13 23:33:19.952018+00	\N
58	0	Yes	2022-10-13 23:33:19.952018+00	2022-10-13 23:33:19.952018+00	\N
59	0	Maybe later	2022-10-13 23:33:19.952018+00	2022-10-13 23:33:19.952018+00	\N
5	0	Deepen my understanding of a topic	2022-10-13 23:33:19.852373+00	2022-10-13 23:33:19.972933+00	\N
30	0	Deepen my understanding of a concept	2022-10-13 23:33:19.852373+00	2022-10-13 23:33:19.972933+00	\N
60	0	I'm curious and want to learn something new	2022-10-13 23:33:19.986548+00	2022-10-13 23:33:19.986548+00	\N
61	3	Neutral	2022-10-13 23:33:20.00142+00	2022-10-13 23:33:20.00142+00	https://cdn.upchieve.org/site-images/emojis/neutral-emoji.svg
35	1	Stressed	2022-10-13 23:33:19.852373+00	2022-10-13 23:33:20.00142+00	https://cdn.upchieve.org/site-images/emojis/stressed-emoji.svg
36	2	Nervous	2022-10-13 23:33:19.852373+00	2022-10-13 23:33:20.00142+00	https://cdn.upchieve.org/site-images/emojis/nervous-emoji.svg
37	4	Optimistic	2022-10-13 23:33:19.852373+00	2022-10-13 23:33:20.00142+00	https://cdn.upchieve.org/site-images/emojis/optimistic-emoji.svg
38	5	Confident	2022-10-13 23:33:19.852373+00	2022-10-13 23:33:20.00142+00	https://cdn.upchieve.org/site-images/emojis/confident-emoji.svg
44	2	Sorta but not really	2022-10-13 23:33:19.952018+00	2022-10-13 23:33:20.147546+00	https://cdn.upchieve.org/site-images/star.svg
40	2	A little	2022-10-13 23:33:19.852373+00	2022-10-13 23:33:20.01982+00	\N
41	3	A medium amount	2022-10-13 23:33:19.852373+00	2022-10-13 23:33:20.01982+00	\N
42	4	Really well	2022-10-13 23:33:19.852373+00	2022-10-13 23:33:20.01982+00	\N
62	5	Almost perfectly	2022-10-13 23:33:20.01982+00	2022-10-13 23:33:20.01982+00	\N
33	3	I'm finishing this up	2022-10-13 23:33:19.852373+00	2022-10-13 23:33:20.01982+00	\N
34	4	I've completed this	2022-10-13 23:33:19.852373+00	2022-10-13 23:33:20.01982+00	\N
64	0	No	2022-10-13 23:33:20.03852+00	2022-10-13 23:33:20.03852+00	\N
65	0	I didn't know topic	2022-10-13 23:33:20.03852+00	2022-10-13 23:33:20.03852+00	\N
66	0	Wrong subject	2022-10-13 23:33:20.03852+00	2022-10-13 23:33:20.03852+00	\N
67	0	Student participation	2022-10-13 23:33:20.03852+00	2022-10-13 23:33:20.03852+00	\N
68	0	Other	2022-10-13 23:33:20.061768+00	2022-10-13 23:33:20.061768+00	\N
70	0	Answer US History text questions	2022-10-13 23:33:20.061768+00	2022-10-13 23:33:20.061768+00	\N
71	0	Develop a thesis statement or essay topic	2022-10-13 23:33:20.061768+00	2022-10-13 23:33:20.061768+00	\N
72	0	Student shared their email, last name, or other personally identifiable information	2022-10-13 23:33:20.091905+00	2022-10-13 23:33:20.091905+00	\N
73	0	Student is in severe emotional distress and/or unsafe	2022-10-13 23:33:20.091905+00	2022-10-13 23:33:20.091905+00	\N
74	0	Student was pressuring me to do their work for them	2022-10-13 23:33:20.091905+00	2022-10-13 23:33:20.091905+00	\N
75	0	Student was working on a quiz or exam	2022-10-13 23:33:20.091905+00	2022-10-13 23:33:20.091905+00	\N
76	0	Student was mean or inappropriate	2022-10-13 23:33:20.091905+00	2022-10-13 23:33:20.091905+00	\N
77	0	Student made me feel uncomfortable	2022-10-13 23:33:20.091905+00	2022-10-13 23:33:20.091905+00	\N
78	0	Other (please provide details below)	2022-10-13 23:33:20.091905+00	2022-10-13 23:33:20.091905+00	\N
79	0	Your thoughts	2022-10-13 23:33:20.091905+00	2022-10-13 23:33:20.091905+00	\N
45	3	I guess so	2022-10-13 23:33:19.952018+00	2022-10-13 23:33:20.147546+00	https://cdn.upchieve.org/site-images/star.svg
46	4	I'm def closer to my goal	2022-10-13 23:33:19.952018+00	2022-10-13 23:33:20.147546+00	https://cdn.upchieve.org/site-images/star.svg
47	5	GOAL ACHIEVED	2022-10-13 23:33:19.952018+00	2022-10-13 23:33:20.147546+00	https://cdn.upchieve.org/site-images/star.svg
48	3	Somewhat	2022-10-13 23:33:19.952018+00	2022-10-13 23:33:20.147546+00	https://cdn.upchieve.org/site-images/star.svg
49	4	Mostly	2022-10-13 23:33:19.952018+00	2022-10-13 23:33:20.147546+00	https://cdn.upchieve.org/site-images/star.svg
51	5	A lot	2022-10-13 23:33:19.952018+00	2022-10-13 23:33:20.147546+00	https://cdn.upchieve.org/site-images/star.svg
69	1	Not at all	2022-10-13 23:33:20.061768+00	2022-10-13 23:33:20.147546+00	https://cdn.upchieve.org/site-images/star.svg
\.


--
-- Data for Name: surveys; Type: TABLE DATA; Schema: upchieve; Owner: admin
--

COPY upchieve.surveys (id, name, created_at, updated_at, role_id) FROM stdin;
1	STEM Pre-Session Survey	2022-10-13 23:33:19.852373+00	2022-10-13 23:33:20.135611+00	1
2	Humanities Essays Pre-Session Survey	2022-10-13 23:33:19.852373+00	2022-10-13 23:33:20.135611+00	1
3	Reading Pre-Session Survey	2022-10-13 23:33:19.852373+00	2022-10-13 23:33:20.135611+00	1
4	College Planning Pre-Session Survey	2022-10-13 23:33:19.852373+00	2022-10-13 23:33:20.135611+00	1
5	College Essays Pre-Session Survey	2022-10-13 23:33:19.852373+00	2022-10-13 23:33:20.135611+00	1
6	College Applications Pre-Session Survey	2022-10-13 23:33:19.852373+00	2022-10-13 23:33:20.135611+00	1
7	SAT Prep Pre-Session Survey	2022-10-13 23:33:19.852373+00	2022-10-13 23:33:20.135611+00	1
8	Student Post-Session Survey	2022-10-13 23:33:19.952018+00	2022-10-13 23:33:20.135611+00	1
12	U.S. History Pre-Session Survey	2022-10-13 23:33:20.061768+00	2022-10-13 23:33:20.135611+00	1
9	General Volunteer Post-Session Survey	2022-10-13 23:33:20.03852+00	2022-10-13 23:33:20.135611+00	2
10	SAT Prep Volunteer Post-Session Survey	2022-10-13 23:33:20.03852+00	2022-10-13 23:33:20.135611+00	2
11	College Counseling Volunteer Post-Session Survey	2022-10-13 23:33:20.03852+00	2022-10-13 23:33:20.135611+00	2
\.


--
-- Data for Name: surveys_survey_questions; Type: TABLE DATA; Schema: upchieve; Owner: admin
--

COPY upchieve.surveys_survey_questions (id, survey_id, survey_question_id, display_priority, created_at, updated_at) FROM stdin;
1	1	1	10	2022-10-13 23:33:19.852373+00	2022-10-13 23:33:19.852373+00
2	2	1	10	2022-10-13 23:33:19.852373+00	2022-10-13 23:33:19.852373+00
3	3	1	10	2022-10-13 23:33:19.852373+00	2022-10-13 23:33:19.852373+00
4	4	1	10	2022-10-13 23:33:19.852373+00	2022-10-13 23:33:19.852373+00
5	5	1	10	2022-10-13 23:33:19.852373+00	2022-10-13 23:33:19.852373+00
6	6	1	10	2022-10-13 23:33:19.852373+00	2022-10-13 23:33:19.852373+00
7	7	1	10	2022-10-13 23:33:19.852373+00	2022-10-13 23:33:19.852373+00
8	4	2	20	2022-10-13 23:33:19.852373+00	2022-10-13 23:33:19.852373+00
9	5	2	20	2022-10-13 23:33:19.852373+00	2022-10-13 23:33:19.852373+00
10	6	2	20	2022-10-13 23:33:19.852373+00	2022-10-13 23:33:19.852373+00
11	4	3	30	2022-10-13 23:33:19.852373+00	2022-10-13 23:33:19.852373+00
12	5	3	30	2022-10-13 23:33:19.852373+00	2022-10-13 23:33:19.852373+00
13	6	3	30	2022-10-13 23:33:19.852373+00	2022-10-13 23:33:19.852373+00
14	1	4	20	2022-10-13 23:33:19.852373+00	2022-10-13 23:33:19.852373+00
15	2	4	20	2022-10-13 23:33:19.852373+00	2022-10-13 23:33:19.852373+00
16	3	4	20	2022-10-13 23:33:19.852373+00	2022-10-13 23:33:19.852373+00
17	7	4	20	2022-10-13 23:33:19.852373+00	2022-10-13 23:33:19.852373+00
18	1	5	30	2022-10-13 23:33:19.852373+00	2022-10-13 23:33:19.852373+00
19	2	5	30	2022-10-13 23:33:19.852373+00	2022-10-13 23:33:19.852373+00
20	3	5	30	2022-10-13 23:33:19.852373+00	2022-10-13 23:33:19.852373+00
22	8	6	10	2022-10-13 23:33:19.952018+00	2022-10-13 23:33:19.952018+00
23	8	7	20	2022-10-13 23:33:19.952018+00	2022-10-13 23:33:19.952018+00
24	8	8	30	2022-10-13 23:33:19.952018+00	2022-10-13 23:33:19.952018+00
25	8	9	40	2022-10-13 23:33:19.952018+00	2022-10-13 23:33:19.952018+00
26	8	10	50	2022-10-13 23:33:19.952018+00	2022-10-13 23:33:19.952018+00
27	8	11	60	2022-10-13 23:33:19.952018+00	2022-10-13 23:33:19.952018+00
21	7	12	30	2022-10-13 23:33:19.852373+00	2022-10-13 23:33:20.01982+00
28	9	13	10	2022-10-13 23:33:20.03852+00	2022-10-13 23:33:20.03852+00
29	10	13	10	2022-10-13 23:33:20.03852+00	2022-10-13 23:33:20.03852+00
38	12	1	10	2022-10-13 23:33:20.061768+00	2022-10-13 23:33:20.061768+00
39	12	4	20	2022-10-13 23:33:20.061768+00	2022-10-13 23:33:20.061768+00
40	12	5	30	2022-10-13 23:33:20.061768+00	2022-10-13 23:33:20.061768+00
41	11	13	10	2022-10-13 23:33:20.091905+00	2022-10-13 23:33:20.091905+00
43	11	16	30	2022-10-13 23:33:20.091905+00	2022-10-13 23:33:20.091905+00
36	9	19	70	2022-10-13 23:33:20.03852+00	2022-10-13 23:33:20.03852+00
37	10	19	70	2022-10-13 23:33:20.03852+00	2022-10-13 23:33:20.03852+00
45	11	19	70	2022-10-13 23:33:20.091905+00	2022-10-13 23:33:20.091905+00
32	9	17	40	2022-10-13 23:33:20.03852+00	2022-10-13 23:33:20.03852+00
33	10	17	40	2022-10-13 23:33:20.03852+00	2022-10-13 23:33:20.03852+00
44	11	17	40	2022-10-13 23:33:20.091905+00	2022-10-13 23:33:20.091905+00
30	9	14	30	2022-10-13 23:33:20.03852+00	2022-10-13 23:33:20.03852+00
31	10	15	30	2022-10-13 23:33:20.03852+00	2022-10-13 23:33:20.03852+00
34	9	7	20	2022-10-13 23:33:20.03852+00	2022-10-13 23:33:20.03852+00
35	10	7	20	2022-10-13 23:33:20.03852+00	2022-10-13 23:33:20.03852+00
42	11	7	20	2022-10-13 23:33:20.091905+00	2022-10-13 23:33:20.091905+00
46	9	18	50	2022-10-13 23:33:20.091905+00	2022-10-13 23:33:20.091905+00
47	10	18	50	2022-10-13 23:33:20.091905+00	2022-10-13 23:33:20.091905+00
48	11	18	50	2022-10-13 23:33:20.091905+00	2022-10-13 23:33:20.091905+00
\.


--
-- Data for Name: survey_questions_response_choices; Type: TABLE DATA; Schema: upchieve; Owner: admin
--

COPY upchieve.survey_questions_response_choices (response_choice_id, display_priority, created_at, updated_at, surveys_survey_question_id) FROM stdin;
1	10	2022-10-13 23:33:19.852373+00	2022-10-13 23:33:19.852373+00	1
7	10	2022-10-13 23:33:19.852373+00	2022-10-13 23:33:19.852373+00	2
12	10	2022-10-13 23:33:19.852373+00	2022-10-13 23:33:19.852373+00	3
15	10	2022-10-13 23:33:19.852373+00	2022-10-13 23:33:19.852373+00	4
20	10	2022-10-13 23:33:19.852373+00	2022-10-13 23:33:19.852373+00	5
22	10	2022-10-13 23:33:19.852373+00	2022-10-13 23:33:19.852373+00	6
27	10	2022-10-13 23:33:19.852373+00	2022-10-13 23:33:19.852373+00	7
31	10	2022-10-13 23:33:19.852373+00	2022-10-13 23:33:19.852373+00	8
31	10	2022-10-13 23:33:19.852373+00	2022-10-13 23:33:19.852373+00	9
31	10	2022-10-13 23:33:19.852373+00	2022-10-13 23:33:19.852373+00	10
35	10	2022-10-13 23:33:19.852373+00	2022-10-13 23:33:19.852373+00	11
35	10	2022-10-13 23:33:19.852373+00	2022-10-13 23:33:19.852373+00	12
35	10	2022-10-13 23:33:19.852373+00	2022-10-13 23:33:19.852373+00	13
35	10	2022-10-13 23:33:19.852373+00	2022-10-13 23:33:19.852373+00	18
35	10	2022-10-13 23:33:19.852373+00	2022-10-13 23:33:19.852373+00	19
35	10	2022-10-13 23:33:19.852373+00	2022-10-13 23:33:19.852373+00	20
35	10	2022-10-13 23:33:19.852373+00	2022-10-13 23:33:19.852373+00	21
2	20	2022-10-13 23:33:19.852373+00	2022-10-13 23:33:19.852373+00	1
8	20	2022-10-13 23:33:19.852373+00	2022-10-13 23:33:19.852373+00	2
13	20	2022-10-13 23:33:19.852373+00	2022-10-13 23:33:19.852373+00	3
16	20	2022-10-13 23:33:19.852373+00	2022-10-13 23:33:19.852373+00	4
21	20	2022-10-13 23:33:19.852373+00	2022-10-13 23:33:19.852373+00	5
23	20	2022-10-13 23:33:19.852373+00	2022-10-13 23:33:19.852373+00	6
29	20	2022-10-13 23:33:19.852373+00	2022-10-13 23:33:19.852373+00	7
36	20	2022-10-13 23:33:19.852373+00	2022-10-13 23:33:19.852373+00	11
36	20	2022-10-13 23:33:19.852373+00	2022-10-13 23:33:19.852373+00	12
36	20	2022-10-13 23:33:19.852373+00	2022-10-13 23:33:19.852373+00	13
40	20	2022-10-13 23:33:19.852373+00	2022-10-13 23:33:19.852373+00	14
40	20	2022-10-13 23:33:19.852373+00	2022-10-13 23:33:19.852373+00	15
40	20	2022-10-13 23:33:19.852373+00	2022-10-13 23:33:19.852373+00	16
40	20	2022-10-13 23:33:19.852373+00	2022-10-13 23:33:19.852373+00	17
36	20	2022-10-13 23:33:19.852373+00	2022-10-13 23:33:19.852373+00	18
36	20	2022-10-13 23:33:19.852373+00	2022-10-13 23:33:19.852373+00	19
36	20	2022-10-13 23:33:19.852373+00	2022-10-13 23:33:19.852373+00	20
36	20	2022-10-13 23:33:19.852373+00	2022-10-13 23:33:19.852373+00	21
3	30	2022-10-13 23:33:19.852373+00	2022-10-13 23:33:19.852373+00	1
9	30	2022-10-13 23:33:19.852373+00	2022-10-13 23:33:19.852373+00	2
14	30	2022-10-13 23:33:19.852373+00	2022-10-13 23:33:19.852373+00	3
17	30	2022-10-13 23:33:19.852373+00	2022-10-13 23:33:19.852373+00	4
10	30	2022-10-13 23:33:19.852373+00	2022-10-13 23:33:19.852373+00	5
24	30	2022-10-13 23:33:19.852373+00	2022-10-13 23:33:19.852373+00	6
28	30	2022-10-13 23:33:19.852373+00	2022-10-13 23:33:19.852373+00	7
33	30	2022-10-13 23:33:19.852373+00	2022-10-13 23:33:19.852373+00	8
33	30	2022-10-13 23:33:19.852373+00	2022-10-13 23:33:19.852373+00	9
33	30	2022-10-13 23:33:19.852373+00	2022-10-13 23:33:19.852373+00	10
41	30	2022-10-13 23:33:19.852373+00	2022-10-13 23:33:19.852373+00	14
41	30	2022-10-13 23:33:19.852373+00	2022-10-13 23:33:19.852373+00	15
41	30	2022-10-13 23:33:19.852373+00	2022-10-13 23:33:19.852373+00	16
41	30	2022-10-13 23:33:19.852373+00	2022-10-13 23:33:19.852373+00	17
4	40	2022-10-13 23:33:19.852373+00	2022-10-13 23:33:19.852373+00	1
10	40	2022-10-13 23:33:19.852373+00	2022-10-13 23:33:19.852373+00	2
18	40	2022-10-13 23:33:19.852373+00	2022-10-13 23:33:19.852373+00	4
11	40	2022-10-13 23:33:19.852373+00	2022-10-13 23:33:19.852373+00	5
25	40	2022-10-13 23:33:19.852373+00	2022-10-13 23:33:19.852373+00	6
4	40	2022-10-13 23:33:19.852373+00	2022-10-13 23:33:19.852373+00	7
42	40	2022-10-13 23:33:19.852373+00	2022-10-13 23:33:19.852373+00	14
42	40	2022-10-13 23:33:19.852373+00	2022-10-13 23:33:19.852373+00	15
42	40	2022-10-13 23:33:19.852373+00	2022-10-13 23:33:19.852373+00	16
42	40	2022-10-13 23:33:19.852373+00	2022-10-13 23:33:19.852373+00	17
5	50	2022-10-13 23:33:19.852373+00	2022-10-13 23:33:19.852373+00	1
11	50	2022-10-13 23:33:19.852373+00	2022-10-13 23:33:19.852373+00	2
19	50	2022-10-13 23:33:19.852373+00	2022-10-13 23:33:19.852373+00	4
26	50	2022-10-13 23:33:19.852373+00	2022-10-13 23:33:19.852373+00	6
30	50	2022-10-13 23:33:19.852373+00	2022-10-13 23:33:19.852373+00	7
44	20	2022-10-13 23:33:19.952018+00	2022-10-13 23:33:19.952018+00	22
45	30	2022-10-13 23:33:19.952018+00	2022-10-13 23:33:19.952018+00	22
46	40	2022-10-13 23:33:19.952018+00	2022-10-13 23:33:19.952018+00	22
47	50	2022-10-13 23:33:19.952018+00	2022-10-13 23:33:19.952018+00	22
52	10	2022-10-13 23:33:19.952018+00	2022-10-13 23:33:19.952018+00	23
53	20	2022-10-13 23:33:19.952018+00	2022-10-13 23:33:19.952018+00	23
54	30	2022-10-13 23:33:19.952018+00	2022-10-13 23:33:19.952018+00	23
55	40	2022-10-13 23:33:19.952018+00	2022-10-13 23:33:19.952018+00	23
56	50	2022-10-13 23:33:19.952018+00	2022-10-13 23:33:19.952018+00	23
58	10	2022-10-13 23:33:19.952018+00	2022-10-13 23:33:19.952018+00	24
59	20	2022-10-13 23:33:19.952018+00	2022-10-13 23:33:19.952018+00	24
44	20	2022-10-13 23:33:19.952018+00	2022-10-13 23:33:19.952018+00	25
48	30	2022-10-13 23:33:19.952018+00	2022-10-13 23:33:19.952018+00	25
49	40	2022-10-13 23:33:19.952018+00	2022-10-13 23:33:19.952018+00	25
50	50	2022-10-13 23:33:19.952018+00	2022-10-13 23:33:19.952018+00	25
44	20	2022-10-13 23:33:19.952018+00	2022-10-13 23:33:19.952018+00	26
48	30	2022-10-13 23:33:19.952018+00	2022-10-13 23:33:19.952018+00	26
49	40	2022-10-13 23:33:19.952018+00	2022-10-13 23:33:19.952018+00	26
51	50	2022-10-13 23:33:19.952018+00	2022-10-13 23:33:19.952018+00	26
60	60	2022-10-13 23:33:19.986548+00	2022-10-13 23:33:19.986548+00	1
61	30	2022-10-13 23:33:20.00142+00	2022-10-13 23:33:20.00142+00	11
61	30	2022-10-13 23:33:20.00142+00	2022-10-13 23:33:20.00142+00	12
61	30	2022-10-13 23:33:20.00142+00	2022-10-13 23:33:20.00142+00	13
61	30	2022-10-13 23:33:20.00142+00	2022-10-13 23:33:20.00142+00	18
61	30	2022-10-13 23:33:20.00142+00	2022-10-13 23:33:20.00142+00	19
61	30	2022-10-13 23:33:20.00142+00	2022-10-13 23:33:20.00142+00	20
61	30	2022-10-13 23:33:20.00142+00	2022-10-13 23:33:20.00142+00	21
37	40	2022-10-13 23:33:19.852373+00	2022-10-13 23:33:20.00142+00	11
37	40	2022-10-13 23:33:19.852373+00	2022-10-13 23:33:20.00142+00	12
37	40	2022-10-13 23:33:19.852373+00	2022-10-13 23:33:20.00142+00	13
37	40	2022-10-13 23:33:19.852373+00	2022-10-13 23:33:20.00142+00	18
37	40	2022-10-13 23:33:19.852373+00	2022-10-13 23:33:20.00142+00	19
37	40	2022-10-13 23:33:19.852373+00	2022-10-13 23:33:20.00142+00	20
37	40	2022-10-13 23:33:19.852373+00	2022-10-13 23:33:20.00142+00	21
38	50	2022-10-13 23:33:19.852373+00	2022-10-13 23:33:20.00142+00	11
38	50	2022-10-13 23:33:19.852373+00	2022-10-13 23:33:20.00142+00	12
38	50	2022-10-13 23:33:19.852373+00	2022-10-13 23:33:20.00142+00	13
38	50	2022-10-13 23:33:19.852373+00	2022-10-13 23:33:20.00142+00	18
38	50	2022-10-13 23:33:19.852373+00	2022-10-13 23:33:20.00142+00	19
38	50	2022-10-13 23:33:19.852373+00	2022-10-13 23:33:20.00142+00	20
38	50	2022-10-13 23:33:19.852373+00	2022-10-13 23:33:20.00142+00	21
62	50	2022-10-13 23:33:20.01982+00	2022-10-13 23:33:20.01982+00	14
62	50	2022-10-13 23:33:20.01982+00	2022-10-13 23:33:20.01982+00	15
62	50	2022-10-13 23:33:20.01982+00	2022-10-13 23:33:20.01982+00	16
62	50	2022-10-13 23:33:20.01982+00	2022-10-13 23:33:20.01982+00	17
32	20	2022-10-13 23:33:20.01982+00	2022-10-13 23:33:20.01982+00	8
32	20	2022-10-13 23:33:20.01982+00	2022-10-13 23:33:20.01982+00	9
32	20	2022-10-13 23:33:20.01982+00	2022-10-13 23:33:20.01982+00	10
34	40	2022-10-13 23:33:20.01982+00	2022-10-13 23:33:20.01982+00	8
34	40	2022-10-13 23:33:20.01982+00	2022-10-13 23:33:20.01982+00	9
34	40	2022-10-13 23:33:20.01982+00	2022-10-13 23:33:20.01982+00	10
44	20	2022-10-13 23:33:20.03852+00	2022-10-13 23:33:20.03852+00	28
44	20	2022-10-13 23:33:20.03852+00	2022-10-13 23:33:20.03852+00	29
48	30	2022-10-13 23:33:20.03852+00	2022-10-13 23:33:20.03852+00	28
48	30	2022-10-13 23:33:20.03852+00	2022-10-13 23:33:20.03852+00	29
49	40	2022-10-13 23:33:20.03852+00	2022-10-13 23:33:20.03852+00	28
49	40	2022-10-13 23:33:20.03852+00	2022-10-13 23:33:20.03852+00	29
51	50	2022-10-13 23:33:20.03852+00	2022-10-13 23:33:20.03852+00	28
51	50	2022-10-13 23:33:20.03852+00	2022-10-13 23:33:20.03852+00	29
55	20	2022-10-13 23:33:20.03852+00	2022-10-13 23:33:20.03852+00	34
55	20	2022-10-13 23:33:20.03852+00	2022-10-13 23:33:20.03852+00	35
58	10	2022-10-13 23:33:20.03852+00	2022-10-13 23:33:20.03852+00	32
58	10	2022-10-13 23:33:20.03852+00	2022-10-13 23:33:20.03852+00	33
61	30	2022-10-13 23:33:20.03852+00	2022-10-13 23:33:20.03852+00	30
35	10	2022-10-13 23:33:20.03852+00	2022-10-13 23:33:20.03852+00	30
36	20	2022-10-13 23:33:20.03852+00	2022-10-13 23:33:20.03852+00	30
37	40	2022-10-13 23:33:20.03852+00	2022-10-13 23:33:20.03852+00	30
38	50	2022-10-13 23:33:20.03852+00	2022-10-13 23:33:20.03852+00	30
64	20	2022-10-13 23:33:20.03852+00	2022-10-13 23:33:20.03852+00	32
64	20	2022-10-13 23:33:20.03852+00	2022-10-13 23:33:20.03852+00	33
65	30	2022-10-13 23:33:20.03852+00	2022-10-13 23:33:20.03852+00	34
65	30	2022-10-13 23:33:20.03852+00	2022-10-13 23:33:20.03852+00	35
66	40	2022-10-13 23:33:20.03852+00	2022-10-13 23:33:20.03852+00	34
66	40	2022-10-13 23:33:20.03852+00	2022-10-13 23:33:20.03852+00	35
67	50	2022-10-13 23:33:20.03852+00	2022-10-13 23:33:20.03852+00	34
67	50	2022-10-13 23:33:20.03852+00	2022-10-13 23:33:20.03852+00	35
3	30	2022-10-13 23:33:20.061768+00	2022-10-13 23:33:20.061768+00	38
4	20	2022-10-13 23:33:20.061768+00	2022-10-13 23:33:20.061768+00	38
30	50	2022-10-13 23:33:20.061768+00	2022-10-13 23:33:20.061768+00	38
60	60	2022-10-13 23:33:20.061768+00	2022-10-13 23:33:20.061768+00	38
61	30	2022-10-13 23:33:20.061768+00	2022-10-13 23:33:20.061768+00	40
35	10	2022-10-13 23:33:20.061768+00	2022-10-13 23:33:20.061768+00	40
36	20	2022-10-13 23:33:20.061768+00	2022-10-13 23:33:20.061768+00	40
37	40	2022-10-13 23:33:20.061768+00	2022-10-13 23:33:20.061768+00	40
38	50	2022-10-13 23:33:20.061768+00	2022-10-13 23:33:20.061768+00	40
40	20	2022-10-13 23:33:20.061768+00	2022-10-13 23:33:20.061768+00	39
41	30	2022-10-13 23:33:20.061768+00	2022-10-13 23:33:20.061768+00	39
42	40	2022-10-13 23:33:20.061768+00	2022-10-13 23:33:20.061768+00	39
62	50	2022-10-13 23:33:20.061768+00	2022-10-13 23:33:20.061768+00	39
68	40	2022-10-13 23:33:20.061768+00	2022-10-13 23:33:20.061768+00	3
68	50	2022-10-13 23:33:20.061768+00	2022-10-13 23:33:20.061768+00	5
68	60	2022-10-13 23:33:20.061768+00	2022-10-13 23:33:20.061768+00	2
68	60	2022-10-13 23:33:20.061768+00	2022-10-13 23:33:20.061768+00	4
68	60	2022-10-13 23:33:20.061768+00	2022-10-13 23:33:20.061768+00	6
68	60	2022-10-13 23:33:20.061768+00	2022-10-13 23:33:20.061768+00	7
68	60	2022-10-13 23:33:20.061768+00	2022-10-13 23:33:20.061768+00	23
68	60	2022-10-13 23:33:20.061768+00	2022-10-13 23:33:20.061768+00	34
68	60	2022-10-13 23:33:20.061768+00	2022-10-13 23:33:20.061768+00	35
68	70	2022-10-13 23:33:20.061768+00	2022-10-13 23:33:20.061768+00	1
68	70	2022-10-13 23:33:20.061768+00	2022-10-13 23:33:20.061768+00	38
69	10	2022-10-13 23:33:20.061768+00	2022-10-13 23:33:20.061768+00	14
69	10	2022-10-13 23:33:20.061768+00	2022-10-13 23:33:20.061768+00	15
69	10	2022-10-13 23:33:20.061768+00	2022-10-13 23:33:20.061768+00	16
69	10	2022-10-13 23:33:20.061768+00	2022-10-13 23:33:20.061768+00	17
69	10	2022-10-13 23:33:20.061768+00	2022-10-13 23:33:20.061768+00	22
69	10	2022-10-13 23:33:20.061768+00	2022-10-13 23:33:20.061768+00	25
69	10	2022-10-13 23:33:20.061768+00	2022-10-13 23:33:20.061768+00	26
69	10	2022-10-13 23:33:20.061768+00	2022-10-13 23:33:20.061768+00	28
69	10	2022-10-13 23:33:20.061768+00	2022-10-13 23:33:20.061768+00	29
69	10	2022-10-13 23:33:20.061768+00	2022-10-13 23:33:20.061768+00	39
70	10	2022-10-13 23:33:20.061768+00	2022-10-13 23:33:20.061768+00	38
71	40	2022-10-13 23:33:20.061768+00	2022-10-13 23:33:20.061768+00	38
69	10	2022-10-13 23:33:20.091905+00	2022-10-13 23:33:20.091905+00	41
44	20	2022-10-13 23:33:20.091905+00	2022-10-13 23:33:20.091905+00	41
48	30	2022-10-13 23:33:20.091905+00	2022-10-13 23:33:20.091905+00	41
49	40	2022-10-13 23:33:20.091905+00	2022-10-13 23:33:20.091905+00	41
51	50	2022-10-13 23:33:20.091905+00	2022-10-13 23:33:20.091905+00	41
55	20	2022-10-13 23:33:20.091905+00	2022-10-13 23:33:20.091905+00	42
65	30	2022-10-13 23:33:20.091905+00	2022-10-13 23:33:20.091905+00	42
66	40	2022-10-13 23:33:20.091905+00	2022-10-13 23:33:20.091905+00	42
67	50	2022-10-13 23:33:20.091905+00	2022-10-13 23:33:20.091905+00	42
68	60	2022-10-13 23:33:20.091905+00	2022-10-13 23:33:20.091905+00	42
35	10	2022-10-13 23:33:20.091905+00	2022-10-13 23:33:20.091905+00	43
36	20	2022-10-13 23:33:20.091905+00	2022-10-13 23:33:20.091905+00	43
61	30	2022-10-13 23:33:20.091905+00	2022-10-13 23:33:20.091905+00	43
37	40	2022-10-13 23:33:20.091905+00	2022-10-13 23:33:20.091905+00	43
38	50	2022-10-13 23:33:20.091905+00	2022-10-13 23:33:20.091905+00	43
58	10	2022-10-13 23:33:20.091905+00	2022-10-13 23:33:20.091905+00	44
64	20	2022-10-13 23:33:20.091905+00	2022-10-13 23:33:20.091905+00	44
61	30	2022-10-13 23:33:20.091905+00	2022-10-13 23:33:20.091905+00	31
35	10	2022-10-13 23:33:20.091905+00	2022-10-13 23:33:20.091905+00	31
36	20	2022-10-13 23:33:20.091905+00	2022-10-13 23:33:20.091905+00	31
37	40	2022-10-13 23:33:20.091905+00	2022-10-13 23:33:20.091905+00	31
38	50	2022-10-13 23:33:20.091905+00	2022-10-13 23:33:20.091905+00	31
72	10	2022-10-13 23:33:20.091905+00	2022-10-13 23:33:20.091905+00	46
72	10	2022-10-13 23:33:20.091905+00	2022-10-13 23:33:20.091905+00	47
72	10	2022-10-13 23:33:20.091905+00	2022-10-13 23:33:20.091905+00	48
73	20	2022-10-13 23:33:20.091905+00	2022-10-13 23:33:20.091905+00	46
73	20	2022-10-13 23:33:20.091905+00	2022-10-13 23:33:20.091905+00	47
73	20	2022-10-13 23:33:20.091905+00	2022-10-13 23:33:20.091905+00	48
74	30	2022-10-13 23:33:20.091905+00	2022-10-13 23:33:20.091905+00	46
74	30	2022-10-13 23:33:20.091905+00	2022-10-13 23:33:20.091905+00	47
74	30	2022-10-13 23:33:20.091905+00	2022-10-13 23:33:20.091905+00	48
75	40	2022-10-13 23:33:20.091905+00	2022-10-13 23:33:20.091905+00	46
75	40	2022-10-13 23:33:20.091905+00	2022-10-13 23:33:20.091905+00	47
75	40	2022-10-13 23:33:20.091905+00	2022-10-13 23:33:20.091905+00	48
76	50	2022-10-13 23:33:20.091905+00	2022-10-13 23:33:20.091905+00	46
76	50	2022-10-13 23:33:20.091905+00	2022-10-13 23:33:20.091905+00	47
76	50	2022-10-13 23:33:20.091905+00	2022-10-13 23:33:20.091905+00	48
77	60	2022-10-13 23:33:20.091905+00	2022-10-13 23:33:20.091905+00	46
77	60	2022-10-13 23:33:20.091905+00	2022-10-13 23:33:20.091905+00	47
77	60	2022-10-13 23:33:20.091905+00	2022-10-13 23:33:20.091905+00	48
78	70	2022-10-13 23:33:20.091905+00	2022-10-13 23:33:20.091905+00	46
78	70	2022-10-13 23:33:20.091905+00	2022-10-13 23:33:20.091905+00	47
78	70	2022-10-13 23:33:20.091905+00	2022-10-13 23:33:20.091905+00	48
79	10	2022-10-13 23:33:20.091905+00	2022-10-13 23:33:20.091905+00	27
79	10	2022-10-13 23:33:20.091905+00	2022-10-13 23:33:20.091905+00	36
79	10	2022-10-13 23:33:20.091905+00	2022-10-13 23:33:20.091905+00	37
79	10	2022-10-13 23:33:20.091905+00	2022-10-13 23:33:20.091905+00	45
\.


--
-- Data for Name: survey_types; Type: TABLE DATA; Schema: upchieve; Owner: admin
--

COPY upchieve.survey_types (id, name, created_at, updated_at) FROM stdin;
1	presession	2022-10-13 23:33:19.915102+00	2022-10-13 23:33:19.915102+00
2	postsession	2022-10-13 23:33:19.915102+00	2022-10-13 23:33:19.915102+00
\.


--
-- Data for Name: surveys_context; Type: TABLE DATA; Schema: upchieve; Owner: admin
--

COPY upchieve.surveys_context (survey_id, subject_id, survey_type_id, created_at, updated_at) FROM stdin;
1	1	1	2022-10-13 23:33:19.915102+00	2022-10-13 23:33:19.915102+00
1	2	1	2022-10-13 23:33:19.915102+00	2022-10-13 23:33:19.915102+00
1	3	1	2022-10-13 23:33:19.915102+00	2022-10-13 23:33:19.915102+00
1	4	1	2022-10-13 23:33:19.915102+00	2022-10-13 23:33:19.915102+00
1	5	1	2022-10-13 23:33:19.915102+00	2022-10-13 23:33:19.915102+00
1	6	1	2022-10-13 23:33:19.915102+00	2022-10-13 23:33:19.915102+00
1	7	1	2022-10-13 23:33:19.915102+00	2022-10-13 23:33:19.915102+00
1	8	1	2022-10-13 23:33:19.915102+00	2022-10-13 23:33:19.915102+00
1	9	1	2022-10-13 23:33:19.915102+00	2022-10-13 23:33:19.915102+00
1	10	1	2022-10-13 23:33:19.915102+00	2022-10-13 23:33:19.915102+00
1	11	1	2022-10-13 23:33:19.915102+00	2022-10-13 23:33:19.915102+00
1	12	1	2022-10-13 23:33:19.915102+00	2022-10-13 23:33:19.915102+00
1	13	1	2022-10-13 23:33:19.915102+00	2022-10-13 23:33:19.915102+00
1	14	1	2022-10-13 23:33:19.915102+00	2022-10-13 23:33:19.915102+00
1	21	1	2022-10-13 23:33:19.915102+00	2022-10-13 23:33:19.915102+00
1	22	1	2022-10-13 23:33:19.915102+00	2022-10-13 23:33:19.915102+00
1	23	1	2022-10-13 23:33:19.915102+00	2022-10-13 23:33:19.915102+00
1	24	1	2022-10-13 23:33:19.915102+00	2022-10-13 23:33:19.915102+00
2	20	1	2022-10-13 23:33:19.915102+00	2022-10-13 23:33:19.915102+00
3	25	1	2022-10-13 23:33:19.915102+00	2022-10-13 23:33:19.915102+00
4	18	1	2022-10-13 23:33:19.915102+00	2022-10-13 23:33:19.915102+00
6	19	1	2022-10-13 23:33:19.915102+00	2022-10-13 23:33:19.915102+00
7	15	1	2022-10-13 23:33:19.915102+00	2022-10-13 23:33:19.915102+00
7	16	1	2022-10-13 23:33:19.915102+00	2022-10-13 23:33:19.915102+00
8	1	2	2022-10-13 23:33:19.952018+00	2022-10-13 23:33:19.952018+00
8	2	2	2022-10-13 23:33:19.952018+00	2022-10-13 23:33:19.952018+00
8	3	2	2022-10-13 23:33:19.952018+00	2022-10-13 23:33:19.952018+00
8	4	2	2022-10-13 23:33:19.952018+00	2022-10-13 23:33:19.952018+00
8	5	2	2022-10-13 23:33:19.952018+00	2022-10-13 23:33:19.952018+00
8	6	2	2022-10-13 23:33:19.952018+00	2022-10-13 23:33:19.952018+00
8	7	2	2022-10-13 23:33:19.952018+00	2022-10-13 23:33:19.952018+00
8	8	2	2022-10-13 23:33:19.952018+00	2022-10-13 23:33:19.952018+00
8	9	2	2022-10-13 23:33:19.952018+00	2022-10-13 23:33:19.952018+00
8	10	2	2022-10-13 23:33:19.952018+00	2022-10-13 23:33:19.952018+00
8	11	2	2022-10-13 23:33:19.952018+00	2022-10-13 23:33:19.952018+00
8	12	2	2022-10-13 23:33:19.952018+00	2022-10-13 23:33:19.952018+00
8	13	2	2022-10-13 23:33:19.952018+00	2022-10-13 23:33:19.952018+00
8	14	2	2022-10-13 23:33:19.952018+00	2022-10-13 23:33:19.952018+00
8	15	2	2022-10-13 23:33:19.952018+00	2022-10-13 23:33:19.952018+00
8	16	2	2022-10-13 23:33:19.952018+00	2022-10-13 23:33:19.952018+00
8	17	2	2022-10-13 23:33:19.952018+00	2022-10-13 23:33:19.952018+00
8	18	2	2022-10-13 23:33:19.952018+00	2022-10-13 23:33:19.952018+00
8	19	2	2022-10-13 23:33:19.952018+00	2022-10-13 23:33:19.952018+00
8	20	2	2022-10-13 23:33:19.952018+00	2022-10-13 23:33:19.952018+00
8	21	2	2022-10-13 23:33:19.952018+00	2022-10-13 23:33:19.952018+00
8	22	2	2022-10-13 23:33:19.952018+00	2022-10-13 23:33:19.952018+00
8	23	2	2022-10-13 23:33:19.952018+00	2022-10-13 23:33:19.952018+00
8	24	2	2022-10-13 23:33:19.952018+00	2022-10-13 23:33:19.952018+00
8	25	2	2022-10-13 23:33:19.952018+00	2022-10-13 23:33:19.952018+00
5	17	1	2022-10-13 23:33:20.01982+00	2022-10-13 23:33:20.01982+00
9	1	2	2022-10-13 23:33:20.03852+00	2022-10-13 23:33:20.03852+00
9	2	2	2022-10-13 23:33:20.03852+00	2022-10-13 23:33:20.03852+00
9	3	2	2022-10-13 23:33:20.03852+00	2022-10-13 23:33:20.03852+00
9	4	2	2022-10-13 23:33:20.03852+00	2022-10-13 23:33:20.03852+00
9	5	2	2022-10-13 23:33:20.03852+00	2022-10-13 23:33:20.03852+00
9	6	2	2022-10-13 23:33:20.03852+00	2022-10-13 23:33:20.03852+00
9	7	2	2022-10-13 23:33:20.03852+00	2022-10-13 23:33:20.03852+00
9	8	2	2022-10-13 23:33:20.03852+00	2022-10-13 23:33:20.03852+00
9	9	2	2022-10-13 23:33:20.03852+00	2022-10-13 23:33:20.03852+00
9	10	2	2022-10-13 23:33:20.03852+00	2022-10-13 23:33:20.03852+00
9	11	2	2022-10-13 23:33:20.03852+00	2022-10-13 23:33:20.03852+00
9	12	2	2022-10-13 23:33:20.03852+00	2022-10-13 23:33:20.03852+00
9	13	2	2022-10-13 23:33:20.03852+00	2022-10-13 23:33:20.03852+00
9	14	2	2022-10-13 23:33:20.03852+00	2022-10-13 23:33:20.03852+00
9	20	2	2022-10-13 23:33:20.03852+00	2022-10-13 23:33:20.03852+00
9	21	2	2022-10-13 23:33:20.03852+00	2022-10-13 23:33:20.03852+00
9	22	2	2022-10-13 23:33:20.03852+00	2022-10-13 23:33:20.03852+00
9	23	2	2022-10-13 23:33:20.03852+00	2022-10-13 23:33:20.03852+00
9	24	2	2022-10-13 23:33:20.03852+00	2022-10-13 23:33:20.03852+00
9	25	2	2022-10-13 23:33:20.03852+00	2022-10-13 23:33:20.03852+00
10	15	2	2022-10-13 23:33:20.03852+00	2022-10-13 23:33:20.03852+00
10	16	2	2022-10-13 23:33:20.03852+00	2022-10-13 23:33:20.03852+00
12	26	1	2022-10-13 23:33:20.061768+00	2022-10-13 23:33:20.061768+00
8	26	2	2022-10-13 23:33:20.091905+00	2022-10-13 23:33:20.091905+00
9	26	2	2022-10-13 23:33:20.091905+00	2022-10-13 23:33:20.091905+00
11	17	2	2022-10-13 23:33:20.091905+00	2022-10-13 23:33:20.091905+00
11	18	2	2022-10-13 23:33:20.091905+00	2022-10-13 23:33:20.091905+00
11	19	2	2022-10-13 23:33:20.091905+00	2022-10-13 23:33:20.091905+00
\.


--
-- Data for Name: training_courses; Type: TABLE DATA; Schema: upchieve; Owner: admin
--

COPY upchieve.training_courses (id, name, created_at, updated_at) FROM stdin;
1	upchieve101	2022-10-13 23:33:18.003803+00	2022-10-13 23:33:18.003803+00
\.


--
-- Data for Name: user_actions; Type: TABLE DATA; Schema: upchieve; Owner: admin
--

COPY upchieve.user_actions (id, user_id, session_id, action_type, action, ip_address_id, device, browser, browser_version, operating_system, operating_system_version, quiz_subcategory, quiz_category, created_at, updated_at, mongo_id, reference_email, volunteer_id, ban_reason) FROM stdin;
\.


--
-- Data for Name: user_product_flags; Type: TABLE DATA; Schema: upchieve; Owner: admin
--

COPY upchieve.user_product_flags (user_id, sent_ready_to_coach_email, sent_hour_summary_intro_email, sent_inactive_thirty_day_email, sent_inactive_sixty_day_email, sent_inactive_ninety_day_email, gates_qualified, created_at, updated_at, in_gates_study) FROM stdin;
0183d3b2-0be4-981d-73c8-5601113f8471	f	f	f	f	f	f	2022-10-13 23:33:24.612124+00	2022-10-13 23:33:24.612124+00	f
0183d3b2-0be4-6e0d-0441-9a2a06a75ec2	f	f	f	f	f	f	2022-10-13 23:33:24.622131+00	2022-10-13 23:33:24.622131+00	f
0183d3b2-0be4-5f5c-57b1-4f6c178cda36	f	f	f	f	f	f	2022-10-13 23:33:24.631153+00	2022-10-13 23:33:24.631153+00	f
0183d3b2-0be4-661d-9744-1cd132956dc9	f	f	f	f	f	f	2022-10-13 23:33:24.64054+00	2022-10-13 23:33:24.64054+00	f
0183d3b2-0be4-585a-a8e6-17e397b71008	f	f	f	f	f	f	2022-10-13 23:33:24.650795+00	2022-10-13 23:33:24.650795+00	f
0183d3b2-0be4-8baf-629d-562337fb7349	f	f	f	f	f	f	2022-10-13 23:33:24.660513+00	2022-10-13 23:33:24.660513+00	f
0183d3b2-0d7c-676f-6f2f-d3fc214a296c	f	f	f	f	f	f	2022-10-13 23:33:25.016667+00	2022-10-13 23:33:25.016667+00	f
0183d3b2-0d7c-b216-e2fb-0ebbf3f7e8ed	f	f	f	f	f	f	2022-10-13 23:33:25.023147+00	2022-10-13 23:33:25.023147+00	f
0183d3b2-0d7c-dfd1-3917-922a7efc7037	f	f	f	f	f	f	2022-10-13 23:33:25.02994+00	2022-10-13 23:33:25.02994+00	f
\.


--
-- Data for Name: user_session_metrics; Type: TABLE DATA; Schema: upchieve; Owner: admin
--

COPY upchieve.user_session_metrics (user_id, absent_student, absent_volunteer, low_session_rating_from_coach, low_session_rating_from_student, low_coach_rating_from_student, reported, only_looking_for_answers, rude_or_inappropriate, comment_from_student, comment_from_volunteer, has_been_unmatched, has_had_technical_issues, created_at, updated_at, personal_identifying_info, graded_assignment, coach_uncomfortable, student_crisis) FROM stdin;
0183d3b2-0be4-981d-73c8-5601113f8471	0	0	0	0	0	0	0	0	0	0	0	0	2022-10-13 23:33:24.608257+00	2022-10-13 23:33:24.608257+00	0	0	0	0
0183d3b2-0be4-6e0d-0441-9a2a06a75ec2	0	0	0	0	0	0	0	0	0	0	0	0	2022-10-13 23:33:24.61903+00	2022-10-13 23:33:24.61903+00	0	0	0	0
0183d3b2-0be4-5f5c-57b1-4f6c178cda36	0	0	0	0	0	0	0	0	0	0	0	0	2022-10-13 23:33:24.628446+00	2022-10-13 23:33:24.628446+00	0	0	0	0
0183d3b2-0be4-661d-9744-1cd132956dc9	0	0	0	0	0	0	0	0	0	0	0	0	2022-10-13 23:33:24.638014+00	2022-10-13 23:33:24.638014+00	0	0	0	0
0183d3b2-0be4-585a-a8e6-17e397b71008	0	0	0	0	0	0	0	0	0	0	0	0	2022-10-13 23:33:24.647457+00	2022-10-13 23:33:24.647457+00	0	0	0	0
0183d3b2-0be4-8baf-629d-562337fb7349	0	0	0	0	0	0	0	0	0	0	0	0	2022-10-13 23:33:24.656929+00	2022-10-13 23:33:24.656929+00	0	0	0	0
0183d3b2-0d7c-676f-6f2f-d3fc214a296c	0	0	0	0	0	0	0	0	0	0	0	0	2022-10-13 23:33:25.014812+00	2022-10-13 23:33:25.014812+00	0	0	0	0
0183d3b2-0d7c-b216-e2fb-0ebbf3f7e8ed	0	0	0	0	0	0	0	0	0	0	0	0	2022-10-13 23:33:25.021182+00	2022-10-13 23:33:25.021182+00	0	0	0	0
0183d3b2-0d7c-dfd1-3917-922a7efc7037	0	0	0	0	0	0	0	0	0	0	0	0	2022-10-13 23:33:25.027602+00	2022-10-13 23:33:25.027602+00	0	0	0	0
\.


--
-- Data for Name: users_certifications; Type: TABLE DATA; Schema: upchieve; Owner: admin
--

COPY upchieve.users_certifications (user_id, certification_id, created_at, updated_at) FROM stdin;
0183d3b2-0be4-981d-73c8-5601113f8471	1	2022-10-13 23:33:24.688967+00	2022-10-13 23:33:24.688967+00
0183d3b2-0be4-981d-73c8-5601113f8471	16	2022-10-13 23:33:24.698768+00	2022-10-13 23:33:24.698768+00
0183d3b2-0be4-981d-73c8-5601113f8471	17	2022-10-13 23:33:24.705236+00	2022-10-13 23:33:24.705236+00
0183d3b2-0be4-981d-73c8-5601113f8471	11	2022-10-13 23:33:24.713147+00	2022-10-13 23:33:24.713147+00
0183d3b2-0be4-981d-73c8-5601113f8471	4	2022-10-13 23:33:24.721585+00	2022-10-13 23:33:24.721585+00
0183d3b2-0be4-981d-73c8-5601113f8471	20	2022-10-13 23:33:24.728937+00	2022-10-13 23:33:24.728937+00
0183d3b2-0be4-981d-73c8-5601113f8471	5	2022-10-13 23:33:24.735305+00	2022-10-13 23:33:24.735305+00
0183d3b2-0be4-981d-73c8-5601113f8471	9	2022-10-13 23:33:24.741542+00	2022-10-13 23:33:24.741542+00
0183d3b2-0be4-981d-73c8-5601113f8471	3	2022-10-13 23:33:24.747177+00	2022-10-13 23:33:24.747177+00
0183d3b2-0be4-981d-73c8-5601113f8471	6	2022-10-13 23:33:24.753127+00	2022-10-13 23:33:24.753127+00
0183d3b2-0be4-981d-73c8-5601113f8471	19	2022-10-13 23:33:24.758261+00	2022-10-13 23:33:24.758261+00
0183d3b2-0be4-981d-73c8-5601113f8471	18	2022-10-13 23:33:24.763706+00	2022-10-13 23:33:24.763706+00
0183d3b2-0be4-981d-73c8-5601113f8471	15	2022-10-13 23:33:24.769604+00	2022-10-13 23:33:24.769604+00
0183d3b2-0be4-6e0d-0441-9a2a06a75ec2	1	2022-10-13 23:33:24.775244+00	2022-10-13 23:33:24.775244+00
0183d3b2-0be4-6e0d-0441-9a2a06a75ec2	12	2022-10-13 23:33:24.7806+00	2022-10-13 23:33:24.7806+00
0183d3b2-0be4-6e0d-0441-9a2a06a75ec2	23	2022-10-13 23:33:24.785854+00	2022-10-13 23:33:24.785854+00
0183d3b2-0be4-6e0d-0441-9a2a06a75ec2	16	2022-10-13 23:33:24.791133+00	2022-10-13 23:33:24.791133+00
0183d3b2-0be4-6e0d-0441-9a2a06a75ec2	17	2022-10-13 23:33:24.796524+00	2022-10-13 23:33:24.796524+00
0183d3b2-0be4-6e0d-0441-9a2a06a75ec2	10	2022-10-13 23:33:24.801552+00	2022-10-13 23:33:24.801552+00
0183d3b2-0be4-6e0d-0441-9a2a06a75ec2	4	2022-10-13 23:33:24.806712+00	2022-10-13 23:33:24.806712+00
0183d3b2-0be4-6e0d-0441-9a2a06a75ec2	20	2022-10-13 23:33:24.811529+00	2022-10-13 23:33:24.811529+00
0183d3b2-0be4-6e0d-0441-9a2a06a75ec2	5	2022-10-13 23:33:24.816495+00	2022-10-13 23:33:24.816495+00
0183d3b2-0be4-6e0d-0441-9a2a06a75ec2	9	2022-10-13 23:33:24.821537+00	2022-10-13 23:33:24.821537+00
0183d3b2-0be4-6e0d-0441-9a2a06a75ec2	3	2022-10-13 23:33:24.826507+00	2022-10-13 23:33:24.826507+00
0183d3b2-0be4-6e0d-0441-9a2a06a75ec2	6	2022-10-13 23:33:24.83167+00	2022-10-13 23:33:24.83167+00
0183d3b2-0be4-6e0d-0441-9a2a06a75ec2	11	2022-10-13 23:33:24.836935+00	2022-10-13 23:33:24.836935+00
0183d3b2-0be4-6e0d-0441-9a2a06a75ec2	19	2022-10-13 23:33:24.842401+00	2022-10-13 23:33:24.842401+00
0183d3b2-0be4-6e0d-0441-9a2a06a75ec2	18	2022-10-13 23:33:24.847533+00	2022-10-13 23:33:24.847533+00
0183d3b2-0be4-5f5c-57b1-4f6c178cda36	1	2022-10-13 23:33:24.853254+00	2022-10-13 23:33:24.853254+00
0183d3b2-0be4-5f5c-57b1-4f6c178cda36	16	2022-10-13 23:33:24.858694+00	2022-10-13 23:33:24.858694+00
0183d3b2-0be4-5f5c-57b1-4f6c178cda36	17	2022-10-13 23:33:24.863554+00	2022-10-13 23:33:24.863554+00
0183d3b2-0be4-5f5c-57b1-4f6c178cda36	10	2022-10-13 23:33:24.868144+00	2022-10-13 23:33:24.868144+00
0183d3b2-0be4-5f5c-57b1-4f6c178cda36	4	2022-10-13 23:33:24.87266+00	2022-10-13 23:33:24.87266+00
0183d3b2-0be4-5f5c-57b1-4f6c178cda36	20	2022-10-13 23:33:24.877254+00	2022-10-13 23:33:24.877254+00
0183d3b2-0be4-5f5c-57b1-4f6c178cda36	5	2022-10-13 23:33:24.88199+00	2022-10-13 23:33:24.88199+00
0183d3b2-0be4-5f5c-57b1-4f6c178cda36	9	2022-10-13 23:33:24.886453+00	2022-10-13 23:33:24.886453+00
0183d3b2-0be4-5f5c-57b1-4f6c178cda36	3	2022-10-13 23:33:24.890665+00	2022-10-13 23:33:24.890665+00
0183d3b2-0be4-5f5c-57b1-4f6c178cda36	6	2022-10-13 23:33:24.895059+00	2022-10-13 23:33:24.895059+00
0183d3b2-0be4-5f5c-57b1-4f6c178cda36	11	2022-10-13 23:33:24.899481+00	2022-10-13 23:33:24.899481+00
0183d3b2-0be4-5f5c-57b1-4f6c178cda36	19	2022-10-13 23:33:24.903861+00	2022-10-13 23:33:24.903861+00
0183d3b2-0be4-5f5c-57b1-4f6c178cda36	18	2022-10-13 23:33:24.908224+00	2022-10-13 23:33:24.908224+00
\.


--
-- Data for Name: users_ip_addresses; Type: TABLE DATA; Schema: upchieve; Owner: admin
--

COPY upchieve.users_ip_addresses (id, ip_address_id, user_id, created_at, updated_at) FROM stdin;
\.


--
-- Data for Name: users_quizzes; Type: TABLE DATA; Schema: upchieve; Owner: admin
--

COPY upchieve.users_quizzes (user_id, quiz_id, attempts, passed, created_at, updated_at) FROM stdin;
0183d3b2-0be4-981d-73c8-5601113f8471	1	1	t	2022-10-13 23:33:24.912553+00	2022-10-13 23:33:24.912553+00
0183d3b2-0be4-981d-73c8-5601113f8471	16	1	t	2022-10-13 23:33:24.91509+00	2022-10-13 23:33:24.91509+00
0183d3b2-0be4-981d-73c8-5601113f8471	17	1	t	2022-10-13 23:33:24.91712+00	2022-10-13 23:33:24.91712+00
0183d3b2-0be4-981d-73c8-5601113f8471	10	1	t	2022-10-13 23:33:24.919039+00	2022-10-13 23:33:24.919039+00
0183d3b2-0be4-981d-73c8-5601113f8471	4	1	t	2022-10-13 23:33:24.92102+00	2022-10-13 23:33:24.92102+00
0183d3b2-0be4-981d-73c8-5601113f8471	20	1	t	2022-10-13 23:33:24.923056+00	2022-10-13 23:33:24.923056+00
0183d3b2-0be4-981d-73c8-5601113f8471	5	1	t	2022-10-13 23:33:24.925269+00	2022-10-13 23:33:24.925269+00
0183d3b2-0be4-981d-73c8-5601113f8471	9	1	t	2022-10-13 23:33:24.927503+00	2022-10-13 23:33:24.927503+00
0183d3b2-0be4-981d-73c8-5601113f8471	3	1	t	2022-10-13 23:33:24.929827+00	2022-10-13 23:33:24.929827+00
0183d3b2-0be4-981d-73c8-5601113f8471	6	1	t	2022-10-13 23:33:24.932093+00	2022-10-13 23:33:24.932093+00
0183d3b2-0be4-981d-73c8-5601113f8471	11	1	t	2022-10-13 23:33:24.93416+00	2022-10-13 23:33:24.93416+00
0183d3b2-0be4-981d-73c8-5601113f8471	19	1	t	2022-10-13 23:33:24.936537+00	2022-10-13 23:33:24.936537+00
0183d3b2-0be4-981d-73c8-5601113f8471	18	1	t	2022-10-13 23:33:24.938754+00	2022-10-13 23:33:24.938754+00
0183d3b2-0be4-981d-73c8-5601113f8471	15	1	t	2022-10-13 23:33:24.941145+00	2022-10-13 23:33:24.941145+00
0183d3b2-0be4-981d-73c8-5601113f8471	23	1	t	2022-10-13 23:33:24.943354+00	2022-10-13 23:33:24.943354+00
0183d3b2-0be4-981d-73c8-5601113f8471	22	1	t	2022-10-13 23:33:24.945896+00	2022-10-13 23:33:24.945896+00
0183d3b2-0be4-981d-73c8-5601113f8471	25	1	t	2022-10-13 23:33:24.948375+00	2022-10-13 23:33:24.948375+00
0183d3b2-0be4-981d-73c8-5601113f8471	12	1	t	2022-10-13 23:33:24.950942+00	2022-10-13 23:33:24.950942+00
0183d3b2-0be4-6e0d-0441-9a2a06a75ec2	1	1	t	2022-10-13 23:33:24.953585+00	2022-10-13 23:33:24.953585+00
0183d3b2-0be4-6e0d-0441-9a2a06a75ec2	16	1	t	2022-10-13 23:33:24.956418+00	2022-10-13 23:33:24.956418+00
0183d3b2-0be4-6e0d-0441-9a2a06a75ec2	17	1	t	2022-10-13 23:33:24.958955+00	2022-10-13 23:33:24.958955+00
0183d3b2-0be4-6e0d-0441-9a2a06a75ec2	10	1	t	2022-10-13 23:33:24.961502+00	2022-10-13 23:33:24.961502+00
0183d3b2-0be4-6e0d-0441-9a2a06a75ec2	4	1	t	2022-10-13 23:33:24.964092+00	2022-10-13 23:33:24.964092+00
0183d3b2-0be4-6e0d-0441-9a2a06a75ec2	20	1	t	2022-10-13 23:33:24.966625+00	2022-10-13 23:33:24.966625+00
0183d3b2-0be4-6e0d-0441-9a2a06a75ec2	5	1	t	2022-10-13 23:33:24.969191+00	2022-10-13 23:33:24.969191+00
0183d3b2-0be4-6e0d-0441-9a2a06a75ec2	9	1	t	2022-10-13 23:33:24.97163+00	2022-10-13 23:33:24.97163+00
0183d3b2-0be4-6e0d-0441-9a2a06a75ec2	3	1	t	2022-10-13 23:33:24.973969+00	2022-10-13 23:33:24.973969+00
0183d3b2-0be4-6e0d-0441-9a2a06a75ec2	6	1	t	2022-10-13 23:33:24.976125+00	2022-10-13 23:33:24.976125+00
0183d3b2-0be4-6e0d-0441-9a2a06a75ec2	11	1	t	2022-10-13 23:33:24.978145+00	2022-10-13 23:33:24.978145+00
0183d3b2-0be4-6e0d-0441-9a2a06a75ec2	19	1	t	2022-10-13 23:33:24.980068+00	2022-10-13 23:33:24.980068+00
0183d3b2-0be4-6e0d-0441-9a2a06a75ec2	18	1	t	2022-10-13 23:33:24.981968+00	2022-10-13 23:33:24.981968+00
0183d3b2-0be4-5f5c-57b1-4f6c178cda36	1	1	t	2022-10-13 23:33:24.983889+00	2022-10-13 23:33:24.983889+00
0183d3b2-0be4-5f5c-57b1-4f6c178cda36	16	1	t	2022-10-13 23:33:24.986109+00	2022-10-13 23:33:24.986109+00
0183d3b2-0be4-5f5c-57b1-4f6c178cda36	17	1	t	2022-10-13 23:33:24.988316+00	2022-10-13 23:33:24.988316+00
0183d3b2-0be4-5f5c-57b1-4f6c178cda36	10	1	t	2022-10-13 23:33:24.990238+00	2022-10-13 23:33:24.990238+00
0183d3b2-0be4-5f5c-57b1-4f6c178cda36	4	1	t	2022-10-13 23:33:24.992123+00	2022-10-13 23:33:24.992123+00
0183d3b2-0be4-5f5c-57b1-4f6c178cda36	20	1	t	2022-10-13 23:33:24.994011+00	2022-10-13 23:33:24.994011+00
0183d3b2-0be4-5f5c-57b1-4f6c178cda36	5	1	t	2022-10-13 23:33:24.995819+00	2022-10-13 23:33:24.995819+00
0183d3b2-0be4-5f5c-57b1-4f6c178cda36	9	1	t	2022-10-13 23:33:24.997616+00	2022-10-13 23:33:24.997616+00
0183d3b2-0be4-5f5c-57b1-4f6c178cda36	3	1	t	2022-10-13 23:33:24.999445+00	2022-10-13 23:33:24.999445+00
0183d3b2-0be4-5f5c-57b1-4f6c178cda36	6	1	t	2022-10-13 23:33:25.001464+00	2022-10-13 23:33:25.001464+00
0183d3b2-0be4-5f5c-57b1-4f6c178cda36	11	1	t	2022-10-13 23:33:25.004207+00	2022-10-13 23:33:25.004207+00
0183d3b2-0be4-5f5c-57b1-4f6c178cda36	19	1	t	2022-10-13 23:33:25.006098+00	2022-10-13 23:33:25.006098+00
0183d3b2-0be4-5f5c-57b1-4f6c178cda36	18	1	t	2022-10-13 23:33:25.007937+00	2022-10-13 23:33:25.007937+00
\.


--
-- Data for Name: users_roles; Type: TABLE DATA; Schema: upchieve; Owner: admin
--

COPY upchieve.users_roles (user_id, role_id, created_at, updated_at) FROM stdin;
\.


--
-- Data for Name: users_student_partner_orgs_instances; Type: TABLE DATA; Schema: upchieve; Owner: admin
--

COPY upchieve.users_student_partner_orgs_instances (user_id, student_partner_org_id, student_partner_org_site_id, deactivated_on, created_at, updated_at, student_partner_org_user_id) FROM stdin;
\.


--
-- Data for Name: users_surveys; Type: TABLE DATA; Schema: upchieve; Owner: admin
--

COPY upchieve.users_surveys (id, survey_id, user_id, session_id, survey_type_id, created_at, updated_at) FROM stdin;
\.


--
-- Data for Name: users_surveys_submissions; Type: TABLE DATA; Schema: upchieve; Owner: admin
--

COPY upchieve.users_surveys_submissions (user_survey_id, survey_question_id, survey_response_choice_id, open_response, created_at, updated_at) FROM stdin;
\.


--
-- Data for Name: users_training_courses; Type: TABLE DATA; Schema: upchieve; Owner: admin
--

COPY upchieve.users_training_courses (user_id, training_course_id, complete, progress, completed_materials, created_at, updated_at) FROM stdin;
\.


--
-- Data for Name: users_volunteer_partner_orgs_instances; Type: TABLE DATA; Schema: upchieve; Owner: admin
--

COPY upchieve.users_volunteer_partner_orgs_instances (user_id, volunteer_partner_org_id, deactivated_on, created_at, updated_at) FROM stdin;
\.


--
-- Data for Name: volunteer_occupations; Type: TABLE DATA; Schema: upchieve; Owner: admin
--

COPY upchieve.volunteer_occupations (user_id, occupation, created_at, updated_at) FROM stdin;
\.


--
-- Data for Name: volunteer_partner_orgs_upchieve_instances; Type: TABLE DATA; Schema: upchieve; Owner: admin
--

COPY upchieve.volunteer_partner_orgs_upchieve_instances (id, volunteer_partner_org_id, deactivated_on, created_at, updated_at) FROM stdin;
\.


--
-- Data for Name: volunteer_profiles; Type: TABLE DATA; Schema: upchieve; Owner: admin
--

COPY upchieve.volunteer_profiles (user_id, volunteer_partner_org_id, timezone, approved, onboarded, photo_id_s3_key, photo_id_status, linkedin_url, college, company, languages, experience, city, state, country, created_at, updated_at, total_volunteer_hours, elapsed_availability) FROM stdin;
0183d3b2-0be4-981d-73c8-5601113f8471	0183d3b2-0ba2-b7ad-792a-04e2a17ebe6b	America/New_York	t	t	\N	\N	\N	Volunteer College	\N	\N	\N	\N	\N	\N	2022-10-13 23:33:24.663503+00	2022-10-13 23:33:24.663503+00	\N	\N
0183d3b2-0be4-6e0d-0441-9a2a06a75ec2	0183d3b2-0ba2-6a89-9a17-743a578f4e72	America/New_York	t	t	\N	\N	\N	Volunteer College	\N	\N	\N	\N	\N	\N	2022-10-13 23:33:24.666592+00	2022-10-13 23:33:24.666592+00	\N	\N
0183d3b2-0be4-5f5c-57b1-4f6c178cda36	\N	America/Denver	t	t	\N	\N	\N	Volunteer College	\N	\N	\N	\N	\N	\N	2022-10-13 23:33:24.673447+00	2022-10-13 23:33:24.673447+00	\N	\N
0183d3b2-0be4-661d-9744-1cd132956dc9	\N	America/New_York	t	f	\N	\N	\N	Volunteer College	\N	\N	\N	\N	\N	\N	2022-10-13 23:33:24.67728+00	2022-10-13 23:33:24.67728+00	\N	\N
0183d3b2-0be4-585a-a8e6-17e397b71008	\N	America/New_York	f	f	\N	\N	\N	Volunteer College	\N	\N	\N	\N	\N	\N	2022-10-13 23:33:24.68345+00	2022-10-13 23:33:24.68345+00	\N	\N
0183d3b2-0be4-8baf-629d-562337fb7349	\N	America/New_York	t	t	\N	\N	\N		\N	\N	\N	\N	\N	\N	2022-10-13 23:33:24.686391+00	2022-10-13 23:33:24.686391+00	\N	\N
\.


--
-- Data for Name: volunteer_reference_statuses; Type: TABLE DATA; Schema: upchieve; Owner: admin
--

COPY upchieve.volunteer_reference_statuses (id, name, created_at, updated_at) FROM stdin;
1	sent	2022-10-13 23:33:18.007159+00	2022-10-13 23:33:18.007159+00
2	submitted	2022-10-13 23:33:18.010656+00	2022-10-13 23:33:18.010656+00
3	approved	2022-10-13 23:33:18.013486+00	2022-10-13 23:33:18.013486+00
4	rejected	2022-10-13 23:33:18.016113+00	2022-10-13 23:33:18.016113+00
5	removed	2022-10-13 23:33:18.018591+00	2022-10-13 23:33:18.018591+00
6	unsent	2022-10-13 23:33:18.021018+00	2022-10-13 23:33:18.021018+00
\.


--
-- Data for Name: volunteer_references; Type: TABLE DATA; Schema: upchieve; Owner: admin
--

COPY upchieve.volunteer_references (id, user_id, first_name, last_name, email, status_id, sent_at, affiliation, relationship_length, patient, positive_role_model, agreeable_and_approachable, communicates_effectively, rejection_reason, additional_info, created_at, updated_at, trustworthy_with_children) FROM stdin;
\.


--
-- Name: ban_reasons_id_seq; Type: SEQUENCE SET; Schema: upchieve; Owner: admin
--

SELECT pg_catalog.setval('upchieve.ban_reasons_id_seq', 5, true);


--
-- Name: certifications_id_seq; Type: SEQUENCE SET; Schema: upchieve; Owner: admin
--

SELECT pg_catalog.setval('upchieve.certifications_id_seq', 23, true);


--
-- Name: cities_id_seq; Type: SEQUENCE SET; Schema: upchieve; Owner: admin
--

SELECT pg_catalog.setval('upchieve.cities_id_seq', 2, true);


--
-- Name: grade_levels_id_seq; Type: SEQUENCE SET; Schema: upchieve; Owner: admin
--

SELECT pg_catalog.setval('upchieve.grade_levels_id_seq', 6, true);


--
-- Name: ip_addresses_id_seq; Type: SEQUENCE SET; Schema: upchieve; Owner: admin
--

SELECT pg_catalog.setval('upchieve.ip_addresses_id_seq', 1, false);


--
-- Name: notification_methods_id_seq; Type: SEQUENCE SET; Schema: upchieve; Owner: admin
--

SELECT pg_catalog.setval('upchieve.notification_methods_id_seq', 4, true);


--
-- Name: notification_priority_groups_id_seq; Type: SEQUENCE SET; Schema: upchieve; Owner: admin
--

SELECT pg_catalog.setval('upchieve.notification_priority_groups_id_seq', 19, true);


--
-- Name: notification_types_id_seq; Type: SEQUENCE SET; Schema: upchieve; Owner: admin
--

SELECT pg_catalog.setval('upchieve.notification_types_id_seq', 2, true);


--
-- Name: photo_id_statuses_id_seq; Type: SEQUENCE SET; Schema: upchieve; Owner: admin
--

SELECT pg_catalog.setval('upchieve.photo_id_statuses_id_seq', 4, true);


--
-- Name: question_tags_id_seq; Type: SEQUENCE SET; Schema: upchieve; Owner: admin
--

SELECT pg_catalog.setval('upchieve.question_tags_id_seq', 1, false);


--
-- Name: question_types_id_seq; Type: SEQUENCE SET; Schema: upchieve; Owner: admin
--

SELECT pg_catalog.setval('upchieve.question_types_id_seq', 3, true);


--
-- Name: quiz_questions_id_seq; Type: SEQUENCE SET; Schema: upchieve; Owner: admin
--

SELECT pg_catalog.setval('upchieve.quiz_questions_id_seq', 1, false);


--
-- Name: quiz_subcategories_id_seq; Type: SEQUENCE SET; Schema: upchieve; Owner: admin
--

SELECT pg_catalog.setval('upchieve.quiz_subcategories_id_seq', 299, true);


--
-- Name: quizzes_id_seq; Type: SEQUENCE SET; Schema: upchieve; Owner: admin
--

SELECT pg_catalog.setval('upchieve.quizzes_id_seq', 25, true);


--
-- Name: report_reasons_id_seq; Type: SEQUENCE SET; Schema: upchieve; Owner: admin
--

SELECT pg_catalog.setval('upchieve.report_reasons_id_seq', 5, true);


--
-- Name: session_flags_id_seq; Type: SEQUENCE SET; Schema: upchieve; Owner: admin
--

SELECT pg_catalog.setval('upchieve.session_flags_id_seq', 16, true);


--
-- Name: signup_sources_id_seq; Type: SEQUENCE SET; Schema: upchieve; Owner: admin
--

SELECT pg_catalog.setval('upchieve.signup_sources_id_seq', 7, true);


--
-- Name: subjects_id_seq; Type: SEQUENCE SET; Schema: upchieve; Owner: admin
--

SELECT pg_catalog.setval('upchieve.subjects_id_seq', 26, true);


--
-- Name: survey_questions_id_seq; Type: SEQUENCE SET; Schema: upchieve; Owner: admin
--

SELECT pg_catalog.setval('upchieve.survey_questions_id_seq', 19, true);


--
-- Name: survey_questions_question_tags_id_seq; Type: SEQUENCE SET; Schema: upchieve; Owner: admin
--

SELECT pg_catalog.setval('upchieve.survey_questions_question_tags_id_seq', 1, false);


--
-- Name: survey_response_choices_id_seq; Type: SEQUENCE SET; Schema: upchieve; Owner: admin
--

SELECT pg_catalog.setval('upchieve.survey_response_choices_id_seq', 79, true);


--
-- Name: survey_types_id_seq; Type: SEQUENCE SET; Schema: upchieve; Owner: admin
--

SELECT pg_catalog.setval('upchieve.survey_types_id_seq', 3, true);


--
-- Name: surveys_id_seq; Type: SEQUENCE SET; Schema: upchieve; Owner: admin
--

SELECT pg_catalog.setval('upchieve.surveys_id_seq', 12, true);


--
-- Name: surveys_survey_questions_id_seq; Type: SEQUENCE SET; Schema: upchieve; Owner: admin
--

SELECT pg_catalog.setval('upchieve.surveys_survey_questions_id_seq', 48, true);


--
-- Name: tool_types_id_seq; Type: SEQUENCE SET; Schema: upchieve; Owner: admin
--

SELECT pg_catalog.setval('upchieve.tool_types_id_seq', 2, true);


--
-- Name: topics_id_seq; Type: SEQUENCE SET; Schema: upchieve; Owner: admin
--

SELECT pg_catalog.setval('upchieve.topics_id_seq', 6, true);


--
-- Name: training_courses_id_seq; Type: SEQUENCE SET; Schema: upchieve; Owner: admin
--

SELECT pg_catalog.setval('upchieve.training_courses_id_seq', 1, true);


--
-- Name: user_actions_id_seq; Type: SEQUENCE SET; Schema: upchieve; Owner: admin
--

SELECT pg_catalog.setval('upchieve.user_actions_id_seq', 1, false);


--
-- Name: user_roles_id_seq; Type: SEQUENCE SET; Schema: upchieve; Owner: admin
--

SELECT pg_catalog.setval('upchieve.user_roles_id_seq', 3, true);


--
-- Name: volunteer_reference_statuses_id_seq; Type: SEQUENCE SET; Schema: upchieve; Owner: admin
--

SELECT pg_catalog.setval('upchieve.volunteer_reference_statuses_id_seq', 6, true);


--
-- Name: weekdays_id_seq; Type: SEQUENCE SET; Schema: upchieve; Owner: admin
--

SELECT pg_catalog.setval('upchieve.weekdays_id_seq', 1, false);


--
-- PostgreSQL database dump complete
--

