--
-- PostgreSQL database dump
--

-- Dumped from database version 14.3 (Debian 14.3-1.pgdg110+1)
-- Dumped by pg_dump version 14.5 (Homebrew)

SET statement_timeout = 0;
SET lock_timeout = 0;
SET idle_in_transaction_session_timeout = 0;
SET client_encoding = 'UTF8';
SET standard_conforming_strings = on;
SELECT pg_catalog.set_config('search_path', '', false);
SET check_function_bodies = false;
SET xmloption = content;
SET client_min_messages = warning;
SET row_security = off;

--
-- Data for Name: ban_reasons; Type: TABLE DATA; Schema: upchieve; Owner: admin
--

COPY upchieve.ban_reasons (id, name, created_at, updated_at) FROM stdin;
1	non us signup	2022-09-28 19:58:50.017875+00	2022-09-28 19:58:50.017875+00
2	session reported	2022-09-28 19:58:50.019685+00	2022-09-28 19:58:50.019685+00
3	used banned ip	2022-09-28 19:58:50.020981+00	2022-09-28 19:58:50.020981+00
4	admin	2022-09-28 19:58:50.02195+00	2022-09-28 19:58:50.02195+00
5	banned service provider	2022-09-28 19:58:50.022826+00	2022-09-28 19:58:50.022826+00
\.


--
-- Data for Name: signup_sources; Type: TABLE DATA; Schema: upchieve; Owner: admin
--

COPY upchieve.signup_sources (id, name, created_at, updated_at) FROM stdin;
1	Web search	2022-09-28 19:58:50.023874+00	2022-09-28 19:58:50.023874+00
2	Social media	2022-09-28 19:58:50.02511+00	2022-09-28 19:58:50.02511+00
3	Friend / Classmate	2022-09-28 19:58:50.026186+00	2022-09-28 19:58:50.026186+00
4	School / Teacher	2022-09-28 19:58:50.027313+00	2022-09-28 19:58:50.027313+00
5	Parent / Relative	2022-09-28 19:58:50.028432+00	2022-09-28 19:58:50.028432+00
6	Other	2022-09-28 19:58:50.029785+00	2022-09-28 19:58:50.029785+00
\.


--
-- Data for Name: users; Type: TABLE DATA; Schema: upchieve; Owner: admin
--

COPY upchieve.users (id, verified, email_verified, phone_verified, email, password, password_reset_token, first_name, last_name, deactivated, last_activity_at, referral_code, referred_by, test_user, banned, ban_reason_id, time_tutored, signup_source_id, created_at, updated_at, phone, mongo_id) FROM stdin;
018385ae-3f64-10f6-4df2-d0ac1cdc59de	t	f	f	volunteer1@upchieve.org	$2a$10$z.JMHnbX9IubnNZtqI.FOecTPVY1VTU1DJ6AJGIOT/x/OyAtdw3.y	\N	Partner	UPchieve	f	\N	B	\N	f	f	\N	25200000	\N	2022-09-28 19:58:52.772712+00	2022-09-28 19:58:52.772712+00	+12125551212	\N
018385ae-3f64-6e9e-8681-da7df3db7532	t	f	f	volunteer2@upchieve.org	$2a$10$z.JMHnbX9IubnNZtqI.FOecTPVY1VTU1DJ6AJGIOT/x/OyAtdw3.y	\N	Special Reporting	UPchieve	f	\N	C	\N	f	f	\N	25200000	\N	2022-09-28 19:58:52.779729+00	2022-09-28 19:58:52.779729+00	+12125551213	\N
018385ae-3f64-51af-d6a8-68f335fc6206	t	f	f	volunteer3@upchieve.org	$2a$10$z.JMHnbX9IubnNZtqI.FOecTPVY1VTU1DJ6AJGIOT/x/OyAtdw3.y	\N	Open Sign Up	UPchieve	f	\N	D	\N	f	f	\N	25200000	\N	2022-09-28 19:58:52.782268+00	2022-09-28 19:58:52.782268+00	+12125551214	\N
018385ae-3f64-ae8b-6888-40cfe1620ccd	t	f	f	volunteer4@upchieve.org	$2a$10$z.JMHnbX9IubnNZtqI.FOecTPVY1VTU1DJ6AJGIOT/x/OyAtdw3.y	\N	Needs Onboarding	UPchieve	f	\N	E	\N	f	f	\N	0	\N	2022-09-28 19:58:52.784864+00	2022-09-28 19:58:52.784864+00	+12125551215	\N
018385ae-3f64-7f4f-e491-26f2d51fb85c	t	f	f	volunteer5@upchieve.org	$2a$10$z.JMHnbX9IubnNZtqI.FOecTPVY1VTU1DJ6AJGIOT/x/OyAtdw3.y	\N	Needs Approval	UPchieve	f	\N	Z	\N	f	f	\N	0	\N	2022-09-28 19:58:52.787379+00	2022-09-28 19:58:52.787379+00	+12125551216	\N
018385ae-3f64-9adc-011e-c78d30991b66	t	f	f	volunteer6@upchieve.org	$2a$10$z.JMHnbX9IubnNZtqI.FOecTPVY1VTU1DJ6AJGIOT/x/OyAtdw3.y	\N	Admin	UPchieve	f	\N	Y	\N	f	f	\N	0	\N	2022-09-28 19:58:52.789898+00	2022-09-28 19:58:52.789898+00	+12125551217	\N
018385ae-4029-8973-b969-b6b660c58425	t	f	f	student1@upchieve.org	$2a$10$z.JMHnbX9IubnNZtqI.FOecTPVY1VTU1DJ6AJGIOT/x/OyAtdw3.y	\N	Student	UPchieve	f	\N	A	\N	f	f	\N	\N	\N	2022-09-28 19:58:52.969969+00	2022-09-28 19:58:52.969969+00	\N	\N
018385ae-4029-0209-e4b1-fd8f2f7f5514	t	f	f	student2@upchieve.org	$2a$10$z.JMHnbX9IubnNZtqI.FOecTPVY1VTU1DJ6AJGIOT/x/OyAtdw3.y	\N	Student	UPchieve	f	\N	F	\N	f	f	\N	\N	\N	2022-09-28 19:58:52.972629+00	2022-09-28 19:58:52.972629+00	\N	\N
018385ae-4029-e44f-9738-b2ee9f21e55b	t	f	f	student3@upchieve.org	$2a$10$z.JMHnbX9IubnNZtqI.FOecTPVY1VTU1DJ6AJGIOT/x/OyAtdw3.y	\N	Student	UPchieve	f	\N	G	\N	f	f	\N	\N	\N	2022-09-28 19:58:52.974957+00	2022-09-28 19:58:52.974957+00	\N	\N
\.


--
-- Data for Name: admin_profiles; Type: TABLE DATA; Schema: upchieve; Owner: admin
--

COPY upchieve.admin_profiles (user_id, created_at, updated_at) FROM stdin;
018385ae-3f64-9adc-011e-c78d30991b66	2022-09-28 19:58:52.968092+00	2022-09-28 19:58:52.968092+00
\.


--
-- Data for Name: tool_types; Type: TABLE DATA; Schema: upchieve; Owner: admin
--

COPY upchieve.tool_types (id, name, created_at, updated_at) FROM stdin;
1	whiteboard	2022-09-28 19:58:50.057313+00	2022-09-28 19:58:50.057313+00
2	documenteditor	2022-09-28 19:58:50.058708+00	2022-09-28 19:58:50.058708+00
\.


--
-- Data for Name: topics; Type: TABLE DATA; Schema: upchieve; Owner: admin
--

COPY upchieve.topics (id, name, icon_link, color, dashboard_order, display_name, created_at, updated_at) FROM stdin;
1	math	\N	\N	1	Math	2022-09-28 19:58:50.051287+00	2022-09-28 19:58:50.051287+00
2	science	\N	\N	4	Science	2022-09-28 19:58:50.052816+00	2022-09-28 19:58:50.052816+00
3	college	\N	\N	3	College Counseling	2022-09-28 19:58:50.053904+00	2022-09-28 19:58:50.053904+00
4	sat	\N	\N	2	Standardized Testing	2022-09-28 19:58:50.055006+00	2022-09-28 19:58:50.055006+00
5	readingWriting	\N	\N	5	Reading and Writing	2022-09-28 19:58:50.056065+00	2022-09-28 19:58:50.056065+00
6	socialStudies	\N	\N	6	Social Studies	2022-09-28 19:58:50.788195+00	2022-09-28 19:58:50.788195+00
\.


--
-- Data for Name: subjects; Type: TABLE DATA; Schema: upchieve; Owner: admin
--

COPY upchieve.subjects (id, name, display_name, display_order, topic_id, tool_type_id, created_at, updated_at) FROM stdin;
1	prealgebra	Prealgebra	1	1	1	2022-09-28 19:58:50.060114+00	2022-09-28 19:58:50.060114+00
2	algebraOne	Algebra 1	2	1	1	2022-09-28 19:58:50.062173+00	2022-09-28 19:58:50.062173+00
3	algebraTwo	Algebra 2	3	1	1	2022-09-28 19:58:50.063896+00	2022-09-28 19:58:50.063896+00
4	geometry	Geometry	4	1	1	2022-09-28 19:58:50.06546+00	2022-09-28 19:58:50.06546+00
5	trigonometry	Trigonometry	5	1	1	2022-09-28 19:58:50.067092+00	2022-09-28 19:58:50.067092+00
6	precalculus	Precalculus	6	1	1	2022-09-28 19:58:50.068273+00	2022-09-28 19:58:50.068273+00
7	calculusAB	Calculus AB	7	1	1	2022-09-28 19:58:50.069694+00	2022-09-28 19:58:50.069694+00
8	calculusBC	Calculus BC	8	1	1	2022-09-28 19:58:50.071008+00	2022-09-28 19:58:50.071008+00
9	statistics	Statistics	9	1	1	2022-09-28 19:58:50.072234+00	2022-09-28 19:58:50.072234+00
10	biology	Biology	1	2	1	2022-09-28 19:58:50.073402+00	2022-09-28 19:58:50.073402+00
11	chemistry	Chemistry	2	2	1	2022-09-28 19:58:50.074609+00	2022-09-28 19:58:50.074609+00
12	physicsOne	Physics 1	3	2	1	2022-09-28 19:58:50.07574+00	2022-09-28 19:58:50.07574+00
13	physicsTwo	Physics 2	4	2	1	2022-09-28 19:58:50.076776+00	2022-09-28 19:58:50.076776+00
14	environmentalScience	Environmental Science	5	2	1	2022-09-28 19:58:50.077771+00	2022-09-28 19:58:50.077771+00
15	satMath	SAT Math	1	4	1	2022-09-28 19:58:50.078876+00	2022-09-28 19:58:50.078876+00
16	satReading	SAT Reading	2	4	2	2022-09-28 19:58:50.079862+00	2022-09-28 19:58:50.079862+00
17	essays	College Essays	2	3	2	2022-09-28 19:58:50.080976+00	2022-09-28 19:58:50.080976+00
18	planning	Planning	1	3	2	2022-09-28 19:58:50.081957+00	2022-09-28 19:58:50.081957+00
19	applications	Applications	3	3	2	2022-09-28 19:58:50.083555+00	2022-09-28 19:58:50.083555+00
20	humanitiesEssays	Humanities Essays	1	5	2	2022-09-28 19:58:50.084648+00	2022-09-28 19:58:50.084648+00
21	integratedMathOne	Integrated Math One	9	1	1	2022-09-28 19:58:50.085781+00	2022-09-28 19:58:50.085781+00
22	integratedMathTwo	Integrated Math Two	9	1	1	2022-09-28 19:58:50.087019+00	2022-09-28 19:58:50.087019+00
23	integratedMathThree	Integrated Math Three	9	1	1	2022-09-28 19:58:50.088054+00	2022-09-28 19:58:50.088054+00
24	integratedMathFour	Integrated Math Four	9	1	1	2022-09-28 19:58:50.089113+00	2022-09-28 19:58:50.089113+00
25	reading	Reading	2	5	2	2022-09-28 19:58:50.737804+00	2022-09-28 19:58:50.737804+00
26	usHistory	U.S. History	1	6	2	2022-09-28 19:58:50.788195+00	2022-09-28 19:58:50.788195+00
\.


--
-- Data for Name: user_roles; Type: TABLE DATA; Schema: upchieve; Owner: admin
--

COPY upchieve.user_roles (id, name, created_at, updated_at) FROM stdin;
1	student	2022-09-28 19:58:50.014142+00	2022-09-28 19:58:50.014142+00
2	volunteer	2022-09-28 19:58:50.015499+00	2022-09-28 19:58:50.015499+00
3	admin	2022-09-28 19:58:50.01659+00	2022-09-28 19:58:50.01659+00
\.


--
-- Data for Name: sessions; Type: TABLE DATA; Schema: upchieve; Owner: admin
--

COPY upchieve.sessions (id, student_id, volunteer_id, subject_id, has_whiteboard_doc, quill_doc, volunteer_joined_at, ended_at, ended_by_role_id, reviewed, to_review, student_banned, time_tutored, created_at, updated_at, mongo_id) FROM stdin;
\.


--
-- Data for Name: assistments_data; Type: TABLE DATA; Schema: upchieve; Owner: admin
--

COPY upchieve.assistments_data (id, problem_id, assignment_id, student_id, session_id, sent, created_at, updated_at, sent_at, mongo_id) FROM stdin;
\.


--
-- Data for Name: sponsor_orgs; Type: TABLE DATA; Schema: upchieve; Owner: admin
--

COPY upchieve.sponsor_orgs (id, name, created_at, updated_at, key) FROM stdin;
018385ae-3f58-247a-cc24-a04063b3f9bb	Only Sponsors Schools	2022-09-28 19:58:52.760664+00	2022-09-28 19:58:52.760664+00	onlySponsorsSchools
018385ae-3f58-3591-28ec-177486d9316c	Only Sponsors Partner Orgs	2022-09-28 19:58:52.761782+00	2022-09-28 19:58:52.761782+00	onlySponsorsPartnerOrgs
018385ae-3f58-e742-15e7-9f4f7cb332c0	Sponsors Both	2022-09-28 19:58:52.763293+00	2022-09-28 19:58:52.763293+00	sponsorsBoth
\.


--
-- Data for Name: student_partner_orgs; Type: TABLE DATA; Schema: upchieve; Owner: admin
--

COPY upchieve.student_partner_orgs (id, key, name, signup_code, high_school_signup, college_signup, school_signup_required, created_at, updated_at, school_id) FROM stdin;
018385ae-3f13-ad91-eb79-dbc1d7ea919c	college-mentors	College Mentors	MENTORS	t	f	t	2022-09-28 19:58:52.730047+00	2022-09-28 19:58:52.730047+00	\N
018385ae-3f13-b24e-ae18-f34c28d94ae7	community-org	Community Org	COMMUNITY	t	f	f	2022-09-28 19:58:52.734974+00	2022-09-28 19:58:52.734974+00	\N
018385ae-3f13-0bf3-b085-83545ffdf2c1	school-helpers	School Helpers	SCHOOLHELPERS	f	f	f	2022-09-28 19:58:52.736975+00	2022-09-28 19:58:52.736975+00	\N
018385ae-3f13-fcfc-6bd8-df17b4385e27	college-learners	College Learners	COLLEGELEARNERS	f	t	t	2022-09-28 19:58:52.738663+00	2022-09-28 19:58:52.738663+00	\N
018385ae-3f13-c6d7-7ac8-1f11c7037803	all-the-students	All The Students	ALLTHESTUDENTS	t	t	t	2022-09-28 19:58:52.740121+00	2022-09-28 19:58:52.740121+00	\N
\.


--
-- Data for Name: volunteer_partner_orgs; Type: TABLE DATA; Schema: upchieve; Owner: admin
--

COPY upchieve.volunteer_partner_orgs (id, key, name, receive_weekly_hour_summary_email, created_at, updated_at) FROM stdin;
018385ae-3f49-3ecb-5e48-bea3ed393256	big-telecom	Big Telecom	t	2022-09-28 19:58:52.745813+00	2022-09-28 19:58:52.745813+00
018385ae-3f49-2462-0aeb-948b35f5b1cf	health-co	Health Co	f	2022-09-28 19:58:52.747266+00	2022-09-28 19:58:52.747266+00
\.


--
-- Data for Name: associated_partners; Type: TABLE DATA; Schema: upchieve; Owner: admin
--

COPY upchieve.associated_partners (id, key, volunteer_partner_org_id, student_partner_org_id, student_sponsor_org_id, created_at, updated_at) FROM stdin;
018385ae-3f61-d770-77aa-ee36a4461262	associatedWithSponsorOrg	018385ae-3f49-3ecb-5e48-bea3ed393256	\N	018385ae-3f58-247a-cc24-a04063b3f9bb	2022-09-28 19:58:52.769743+00	2022-09-28 19:58:52.769743+00
018385ae-3f61-d784-9ae8-652b98927727	associatedWithPartnerOrg	018385ae-3f49-3ecb-5e48-bea3ed393256	018385ae-3f13-ad91-eb79-dbc1d7ea919c	\N	2022-09-28 19:58:52.771045+00	2022-09-28 19:58:52.771045+00
\.


--
-- Data for Name: weekdays; Type: TABLE DATA; Schema: upchieve; Owner: admin
--

COPY upchieve.weekdays (id, day, created_at, updated_at) FROM stdin;
1	Sunday	2022-09-28 19:58:50.001885+00	2022-09-28 19:58:50.001885+00
2	Monday	2022-09-28 19:58:50.004991+00	2022-09-28 19:58:50.004991+00
3	Tuesday	2022-09-28 19:58:50.006674+00	2022-09-28 19:58:50.006674+00
4	Wednesday	2022-09-28 19:58:50.008084+00	2022-09-28 19:58:50.008084+00
5	Thursday	2022-09-28 19:58:50.009566+00	2022-09-28 19:58:50.009566+00
6	Friday	2022-09-28 19:58:50.011186+00	2022-09-28 19:58:50.011186+00
7	Saturday	2022-09-28 19:58:50.012753+00	2022-09-28 19:58:50.012753+00
\.


--
-- Data for Name: availabilities; Type: TABLE DATA; Schema: upchieve; Owner: admin
--

COPY upchieve.availabilities (id, user_id, weekday_id, available_start, available_end, timezone, created_at, updated_at) FROM stdin;
\.


--
-- Data for Name: availability_histories; Type: TABLE DATA; Schema: upchieve; Owner: admin
--

COPY upchieve.availability_histories (id, user_id, weekday_id, available_start, available_end, timezone, recorded_at, created_at, updated_at) FROM stdin;
\.


--
-- Data for Name: certifications; Type: TABLE DATA; Schema: upchieve; Owner: admin
--

COPY upchieve.certifications (id, name, created_at, updated_at) FROM stdin;
1	prealgebra	2022-09-28 19:58:50.465258+00	2022-09-28 19:58:50.465258+00
2	statistics	2022-09-28 19:58:50.466446+00	2022-09-28 19:58:50.466446+00
3	geometry	2022-09-28 19:58:50.467599+00	2022-09-28 19:58:50.467599+00
4	biology	2022-09-28 19:58:50.468651+00	2022-09-28 19:58:50.468651+00
5	chemistry	2022-09-28 19:58:50.46986+00	2022-09-28 19:58:50.46986+00
6	physicsOne	2022-09-28 19:58:50.471008+00	2022-09-28 19:58:50.471008+00
7	physicsTwo	2022-09-28 19:58:50.471958+00	2022-09-28 19:58:50.471958+00
8	environmentalScience	2022-09-28 19:58:50.472938+00	2022-09-28 19:58:50.472938+00
9	essays	2022-09-28 19:58:50.473888+00	2022-09-28 19:58:50.473888+00
10	applications	2022-09-28 19:58:50.4749+00	2022-09-28 19:58:50.4749+00
11	planning	2022-09-28 19:58:50.475879+00	2022-09-28 19:58:50.475879+00
12	satMath	2022-09-28 19:58:50.476909+00	2022-09-28 19:58:50.476909+00
13	satReading	2022-09-28 19:58:50.477853+00	2022-09-28 19:58:50.477853+00
14	collegeCounseling	2022-09-28 19:58:50.478807+00	2022-09-28 19:58:50.478807+00
15	humanitiesEssays	2022-09-28 19:58:50.479983+00	2022-09-28 19:58:50.479983+00
16	algebraOne	2022-09-28 19:58:50.481169+00	2022-09-28 19:58:50.481169+00
17	algebraTwo	2022-09-28 19:58:50.482289+00	2022-09-28 19:58:50.482289+00
18	trigonometry	2022-09-28 19:58:50.483395+00	2022-09-28 19:58:50.483395+00
19	precalculus	2022-09-28 19:58:50.484741+00	2022-09-28 19:58:50.484741+00
20	calculusAB	2022-09-28 19:58:50.486127+00	2022-09-28 19:58:50.486127+00
21	calculusBC	2022-09-28 19:58:50.487149+00	2022-09-28 19:58:50.487149+00
22	reading	2022-09-28 19:58:50.737804+00	2022-09-28 19:58:50.737804+00
23	usHistory	2022-09-28 19:58:50.788195+00	2022-09-28 19:58:50.788195+00
\.


--
-- Data for Name: certification_subject_unlocks; Type: TABLE DATA; Schema: upchieve; Owner: admin
--

COPY upchieve.certification_subject_unlocks (subject_id, certification_id, created_at, updated_at) FROM stdin;
21	16	2022-09-28 19:58:50.532091+00	2022-09-28 19:58:50.532091+00
21	3	2022-09-28 19:58:50.533724+00	2022-09-28 19:58:50.533724+00
21	2	2022-09-28 19:58:50.536756+00	2022-09-28 19:58:50.536756+00
22	16	2022-09-28 19:58:50.537907+00	2022-09-28 19:58:50.537907+00
22	3	2022-09-28 19:58:50.539081+00	2022-09-28 19:58:50.539081+00
22	2	2022-09-28 19:58:50.540124+00	2022-09-28 19:58:50.540124+00
22	18	2022-09-28 19:58:50.541742+00	2022-09-28 19:58:50.541742+00
23	19	2022-09-28 19:58:50.542757+00	2022-09-28 19:58:50.542757+00
23	2	2022-09-28 19:58:50.543912+00	2022-09-28 19:58:50.543912+00
24	19	2022-09-28 19:58:50.545236+00	2022-09-28 19:58:50.545236+00
1	1	2022-09-28 19:58:50.546338+00	2022-09-28 19:58:50.546338+00
9	2	2022-09-28 19:58:50.553413+00	2022-09-28 19:58:50.553413+00
4	3	2022-09-28 19:58:50.55475+00	2022-09-28 19:58:50.55475+00
10	4	2022-09-28 19:58:50.555831+00	2022-09-28 19:58:50.555831+00
11	5	2022-09-28 19:58:50.556947+00	2022-09-28 19:58:50.556947+00
12	6	2022-09-28 19:58:50.558053+00	2022-09-28 19:58:50.558053+00
13	7	2022-09-28 19:58:50.559305+00	2022-09-28 19:58:50.559305+00
14	8	2022-09-28 19:58:50.560346+00	2022-09-28 19:58:50.560346+00
17	9	2022-09-28 19:58:50.56157+00	2022-09-28 19:58:50.56157+00
19	10	2022-09-28 19:58:50.562687+00	2022-09-28 19:58:50.562687+00
18	11	2022-09-28 19:58:50.569244+00	2022-09-28 19:58:50.569244+00
15	12	2022-09-28 19:58:50.570814+00	2022-09-28 19:58:50.570814+00
16	13	2022-09-28 19:58:50.571972+00	2022-09-28 19:58:50.571972+00
20	15	2022-09-28 19:58:50.573028+00	2022-09-28 19:58:50.573028+00
2	16	2022-09-28 19:58:50.573997+00	2022-09-28 19:58:50.573997+00
3	17	2022-09-28 19:58:50.575358+00	2022-09-28 19:58:50.575358+00
5	18	2022-09-28 19:58:50.576728+00	2022-09-28 19:58:50.576728+00
6	19	2022-09-28 19:58:50.577802+00	2022-09-28 19:58:50.577802+00
7	20	2022-09-28 19:58:50.579098+00	2022-09-28 19:58:50.579098+00
8	21	2022-09-28 19:58:50.580855+00	2022-09-28 19:58:50.580855+00
25	22	2022-09-28 19:58:50.737804+00	2022-09-28 19:58:50.737804+00
26	23	2022-09-28 19:58:50.788195+00	2022-09-28 19:58:50.788195+00
\.


--
-- Data for Name: us_states; Type: TABLE DATA; Schema: upchieve; Owner: admin
--

COPY upchieve.us_states (code, name, created_at, updated_at) FROM stdin;
AL	Alabama	2022-09-28 19:58:49.710225+00	2022-09-28 19:58:49.710225+00
AK	Alaska	2022-09-28 19:58:49.713101+00	2022-09-28 19:58:49.713101+00
AR	Arkansas	2022-09-28 19:58:49.714778+00	2022-09-28 19:58:49.714778+00
AZ	Arizona	2022-09-28 19:58:49.716491+00	2022-09-28 19:58:49.716491+00
CA	California	2022-09-28 19:58:49.717811+00	2022-09-28 19:58:49.717811+00
CO	Colorado	2022-09-28 19:58:49.719082+00	2022-09-28 19:58:49.719082+00
CT	Connecticut	2022-09-28 19:58:49.72044+00	2022-09-28 19:58:49.72044+00
DE	Delaware	2022-09-28 19:58:49.721692+00	2022-09-28 19:58:49.721692+00
DC	District of Columbia	2022-09-28 19:58:49.722859+00	2022-09-28 19:58:49.722859+00
FL	Florida	2022-09-28 19:58:49.724002+00	2022-09-28 19:58:49.724002+00
GA	Georgia	2022-09-28 19:58:49.725135+00	2022-09-28 19:58:49.725135+00
HI	Hawaii	2022-09-28 19:58:49.726276+00	2022-09-28 19:58:49.726276+00
ID	Idaho	2022-09-28 19:58:49.727401+00	2022-09-28 19:58:49.727401+00
IL	Illinois	2022-09-28 19:58:49.728442+00	2022-09-28 19:58:49.728442+00
IN	Indiana	2022-09-28 19:58:49.729919+00	2022-09-28 19:58:49.729919+00
IA	Iowa	2022-09-28 19:58:49.731263+00	2022-09-28 19:58:49.731263+00
KS	Kansas	2022-09-28 19:58:49.732358+00	2022-09-28 19:58:49.732358+00
KY	Kentucky	2022-09-28 19:58:49.733491+00	2022-09-28 19:58:49.733491+00
LA	Louisiana	2022-09-28 19:58:49.734612+00	2022-09-28 19:58:49.734612+00
ME	Maine	2022-09-28 19:58:49.735674+00	2022-09-28 19:58:49.735674+00
MD	Maryland	2022-09-28 19:58:49.736955+00	2022-09-28 19:58:49.736955+00
MA	Massachusetts	2022-09-28 19:58:49.738068+00	2022-09-28 19:58:49.738068+00
MI	Michigan	2022-09-28 19:58:49.739215+00	2022-09-28 19:58:49.739215+00
MN	Minnesota	2022-09-28 19:58:49.740318+00	2022-09-28 19:58:49.740318+00
MS	Mississippi	2022-09-28 19:58:49.741277+00	2022-09-28 19:58:49.741277+00
MO	Missouri	2022-09-28 19:58:49.742494+00	2022-09-28 19:58:49.742494+00
MT	Montana	2022-09-28 19:58:49.743617+00	2022-09-28 19:58:49.743617+00
NE	Nebraska	2022-09-28 19:58:49.744697+00	2022-09-28 19:58:49.744697+00
NV	Nevada	2022-09-28 19:58:49.745924+00	2022-09-28 19:58:49.745924+00
NH	New Hampshire	2022-09-28 19:58:49.747041+00	2022-09-28 19:58:49.747041+00
NJ	New Jersey	2022-09-28 19:58:49.748151+00	2022-09-28 19:58:49.748151+00
NM	New Mexico	2022-09-28 19:58:49.749257+00	2022-09-28 19:58:49.749257+00
NY	New York	2022-09-28 19:58:49.750366+00	2022-09-28 19:58:49.750366+00
NC	North Carolina	2022-09-28 19:58:49.751707+00	2022-09-28 19:58:49.751707+00
ND	North Dakota	2022-09-28 19:58:49.752966+00	2022-09-28 19:58:49.752966+00
OH	Ohio	2022-09-28 19:58:49.753955+00	2022-09-28 19:58:49.753955+00
OK	Oklahoma	2022-09-28 19:58:49.755288+00	2022-09-28 19:58:49.755288+00
OR	Oregon	2022-09-28 19:58:49.756445+00	2022-09-28 19:58:49.756445+00
PA	Pennsylvania	2022-09-28 19:58:49.757581+00	2022-09-28 19:58:49.757581+00
RI	Rhode Island	2022-09-28 19:58:49.758701+00	2022-09-28 19:58:49.758701+00
SC	South Carolina	2022-09-28 19:58:49.759753+00	2022-09-28 19:58:49.759753+00
SD	South Dakota	2022-09-28 19:58:49.760876+00	2022-09-28 19:58:49.760876+00
TN	Tennessee	2022-09-28 19:58:49.761939+00	2022-09-28 19:58:49.761939+00
TX	Texas	2022-09-28 19:58:49.763026+00	2022-09-28 19:58:49.763026+00
UT	Utah	2022-09-28 19:58:49.764256+00	2022-09-28 19:58:49.764256+00
VT	Vermont	2022-09-28 19:58:49.765283+00	2022-09-28 19:58:49.765283+00
VA	Virginia	2022-09-28 19:58:49.76631+00	2022-09-28 19:58:49.76631+00
WA	Washington	2022-09-28 19:58:49.767275+00	2022-09-28 19:58:49.767275+00
WV	West Virginia	2022-09-28 19:58:49.76825+00	2022-09-28 19:58:49.76825+00
WI	Wisconsin	2022-09-28 19:58:49.769257+00	2022-09-28 19:58:49.769257+00
WY	Wyoming	2022-09-28 19:58:49.770475+00	2022-09-28 19:58:49.770475+00
PR	Puerto Rico	2022-09-28 19:58:49.771546+00	2022-09-28 19:58:49.771546+00
GU	Guam	2022-09-28 19:58:49.772626+00	2022-09-28 19:58:49.772626+00
VI	Virgin Islands	2022-09-28 19:58:49.773658+00	2022-09-28 19:58:49.773658+00
AS	American Samoa	2022-09-28 19:58:49.774749+00	2022-09-28 19:58:49.774749+00
BI	Bureau of Indian Education	2022-09-28 19:58:49.775763+00	2022-09-28 19:58:49.775763+00
NA	NA	2022-09-28 19:58:49.776982+00	2022-09-28 19:58:49.776982+00
AE	U.S. Armed Forced - Europe	2022-09-28 19:58:50.744926+00	2022-09-28 19:58:50.744926+00
AA	U.S. Armed Forced - Americas	2022-09-28 19:58:50.744926+00	2022-09-28 19:58:50.744926+00
AP	U.S. Armed Forced - Pacific	2022-09-28 19:58:50.744926+00	2022-09-28 19:58:50.744926+00
PW	Palau	2022-09-28 19:58:50.744926+00	2022-09-28 19:58:50.744926+00
FM	Micronesia	2022-09-28 19:58:50.744926+00	2022-09-28 19:58:50.744926+00
MP	Norther Mariana Islands	2022-09-28 19:58:50.744926+00	2022-09-28 19:58:50.744926+00
MH	Marshall Islands	2022-09-28 19:58:50.744926+00	2022-09-28 19:58:50.744926+00
\.


--
-- Data for Name: cities; Type: TABLE DATA; Schema: upchieve; Owner: admin
--

COPY upchieve.cities (id, name, us_state_code, created_at, updated_at) FROM stdin;
1	Denver	CO	2022-09-28 19:58:52.75193+00	2022-09-28 19:58:52.75193+00
2	Brooklyn	NY	2022-09-28 19:58:52.753523+00	2022-09-28 19:58:52.753523+00
\.


--
-- Data for Name: contact_form_submissions; Type: TABLE DATA; Schema: upchieve; Owner: admin
--

COPY upchieve.contact_form_submissions (id, user_id, user_email, message, topic, created_at, updated_at) FROM stdin;
\.


--
-- Data for Name: feedbacks; Type: TABLE DATA; Schema: upchieve; Owner: admin
--

COPY upchieve.feedbacks (id, topic_id, subject_id, user_role_id, session_id, student_tutoring_feedback, student_counseling_feedback, volunteer_feedback, comment, user_id, legacy_feedbacks, created_at, updated_at, mongo_id) FROM stdin;
\.


--
-- Data for Name: grade_levels; Type: TABLE DATA; Schema: upchieve; Owner: admin
--

COPY upchieve.grade_levels (id, name, created_at, updated_at) FROM stdin;
1	8th	2022-09-28 19:58:50.03116+00	2022-09-28 19:58:50.03116+00
2	9th	2022-09-28 19:58:50.032495+00	2022-09-28 19:58:50.032495+00
3	10th	2022-09-28 19:58:50.033638+00	2022-09-28 19:58:50.033638+00
4	11th	2022-09-28 19:58:50.034743+00	2022-09-28 19:58:50.034743+00
5	12th	2022-09-28 19:58:50.03587+00	2022-09-28 19:58:50.03587+00
6	College	2022-09-28 19:58:50.036988+00	2022-09-28 19:58:50.036988+00
\.


--
-- Data for Name: ip_addresses; Type: TABLE DATA; Schema: upchieve; Owner: admin
--

COPY upchieve.ip_addresses (id, ip, status, created_at, updated_at, mongo_id) FROM stdin;
\.


--
-- Data for Name: postal_codes; Type: TABLE DATA; Schema: upchieve; Owner: admin
--

COPY upchieve.postal_codes (code, us_state_code, income, location, created_at, updated_at) FROM stdin;
00501	NY	1000000	(40.81,-73.04)	2022-09-28 19:58:49.858421+00	2022-09-28 19:58:49.858421+00
01010	MA	100038	(42.11,-72.2)	2022-09-28 19:58:49.861484+00	2022-09-28 19:58:49.861484+00
01011	MA	77656	(42.28,-72.98)	2022-09-28 19:58:49.862932+00	2022-09-28 19:58:49.862932+00
01012	MA	76500	(42.4,-72.85)	2022-09-28 19:58:49.86431+00	2022-09-28 19:58:49.86431+00
01013	MA	56117	(42.15,-72.6)	2022-09-28 19:58:49.881037+00	2022-09-28 19:58:49.881037+00
01014	MA	1000000	(42.17,-72.57)	2022-09-28 19:58:49.894503+00	2022-09-28 19:58:49.894503+00
01001	MA	88816	(42.06,-72.61)	2022-09-28 19:58:49.894496+00	2022-09-28 19:58:49.894496+00
01003	MA	1000000	(42.39,-72.52)	2022-09-28 19:58:49.91481+00	2022-09-28 19:58:49.91481+00
01020	MA	70955	(42.17,-72.57)	2022-09-28 19:58:49.92371+00	2022-09-28 19:58:49.92371+00
01021	MA	1000000	(42.17,-72.57)	2022-09-28 19:58:49.936805+00	2022-09-28 19:58:49.936805+00
01002	MA	97319	(42.37,-72.52)	2022-09-28 19:58:49.936811+00	2022-09-28 19:58:49.936811+00
01026	MA	73333	(42.46,-72.9)	2022-09-28 19:58:49.963907+00	2022-09-28 19:58:49.963907+00
01028	MA	106591	(42.06,-72.51)	2022-09-28 19:58:49.964307+00	2022-09-28 19:58:49.964307+00
01004	MA	1000000	(42.37,-72.52)	2022-09-28 19:58:49.963811+00	2022-09-28 19:58:49.963811+00
01008	MA	90417	(42.18,-72.93)	2022-09-28 19:58:49.96498+00	2022-09-28 19:58:49.96498+00
01007	MA	105997	(42.27,-72.4)	2022-09-28 19:58:49.963953+00	2022-09-28 19:58:49.963953+00
01022	MA	54023	(42.2,-72.54)	2022-09-28 19:58:49.965826+00	2022-09-28 19:58:49.965826+00
01029	MA	1000000	(42.17,-73.03)	2022-09-28 19:58:49.966129+00	2022-09-28 19:58:49.966129+00
01005	MA	103825	(42.42,-72.1)	2022-09-28 19:58:49.966031+00	2022-09-28 19:58:49.966031+00
01030	MA	96719	(42.06,-72.67)	2022-09-28 19:58:49.967004+00	2022-09-28 19:58:49.967004+00
01031	MA	86000	(42.33,-72.2)	2022-09-28 19:58:49.967246+00	2022-09-28 19:58:49.967246+00
01027	MA	87883	(42.26,-72.68)	2022-09-28 19:58:49.965475+00	2022-09-28 19:58:49.965475+00
00544	NY	1000000	(40.81,-73.04)	2022-09-28 19:58:49.967406+00	2022-09-28 19:58:49.967406+00
01032	MA	110714	(42.46,-72.81)	2022-09-28 19:58:49.968747+00	2022-09-28 19:58:49.968747+00
01033	MA	114279	(42.26,-72.52)	2022-09-28 19:58:49.969913+00	2022-09-28 19:58:49.969913+00
01036	MA	109886	(42.06,-72.41)	2022-09-28 19:58:49.970096+00	2022-09-28 19:58:49.970096+00
01034	MA	100000	(42.06,-72.86)	2022-09-28 19:58:49.970134+00	2022-09-28 19:58:49.970134+00
01035	MA	102083	(42.35,-72.58)	2022-09-28 19:58:49.970164+00	2022-09-28 19:58:49.970164+00
01038	MA	94408	(42.37,-72.6)	2022-09-28 19:58:49.970397+00	2022-09-28 19:58:49.970397+00
01039	MA	117143	(42.39,-72.7)	2022-09-28 19:58:49.970715+00	2022-09-28 19:58:49.970715+00
01037	MA	106691	(42.35,-72.2)	2022-09-28 19:58:49.970786+00	2022-09-28 19:58:49.970786+00
01040	MA	49481	(42.21,-72.64)	2022-09-28 19:58:49.971163+00	2022-09-28 19:58:49.971163+00
01050	MA	84625	(42.23,-72.88)	2022-09-28 19:58:49.972699+00	2022-09-28 19:58:49.972699+00
01057	MA	104514	(42.09,-72.31)	2022-09-28 19:58:49.972933+00	2022-09-28 19:58:49.972933+00
01053	MA	89286	(42.35,-72.71)	2022-09-28 19:58:49.972644+00	2022-09-28 19:58:49.972644+00
01054	MA	98942	(42.45,-72.5)	2022-09-28 19:58:49.972896+00	2022-09-28 19:58:49.972896+00
01060	MA	99420	(42.32,-72.63)	2022-09-28 19:58:49.973393+00	2022-09-28 19:58:49.973393+00
01056	MA	86864	(42.16,-72.48)	2022-09-28 19:58:49.972877+00	2022-09-28 19:58:49.972877+00
01041	MA	1000000	(42.21,-72.64)	2022-09-28 19:58:49.973751+00	2022-09-28 19:58:49.973751+00
01059	MA	1000000	(42.4,-72.52)	2022-09-28 19:58:49.974007+00	2022-09-28 19:58:49.974007+00
01009	MA	1000000	(42.2,-72.34)	2022-09-28 19:58:49.968507+00	2022-09-28 19:58:49.968507+00
01061	MA	1000000	(42.32,-72.67)	2022-09-28 19:58:49.974989+00	2022-09-28 19:58:49.974989+00
01069	MA	91395	(42.16,-72.32)	2022-09-28 19:58:49.976409+00	2022-09-28 19:58:49.976409+00
01063	MA	1000000	(42.32,-72.64)	2022-09-28 19:58:49.976469+00	2022-09-28 19:58:49.976469+00
01070	MA	73333	(42.51,-72.91)	2022-09-28 19:58:49.976763+00	2022-09-28 19:58:49.976763+00
01066	MA	1000000	(42.41,-72.66)	2022-09-28 19:58:49.97694+00	2022-09-28 19:58:49.97694+00
01062	MA	96455	(42.32,-72.67)	2022-09-28 19:58:49.977255+00	2022-09-28 19:58:49.977255+00
01071	MA	80208	(42.18,-72.85)	2022-09-28 19:58:49.977363+00	2022-09-28 19:58:49.977363+00
01072	MA	95000	(42.45,-72.4)	2022-09-28 19:58:49.977657+00	2022-09-28 19:58:49.977657+00
01074	MA	56414	(42.39,-72.09)	2022-09-28 19:58:49.978969+00	2022-09-28 19:58:49.978969+00
01075	MA	92183	(42.26,-72.56)	2022-09-28 19:58:49.979117+00	2022-09-28 19:58:49.979117+00
01077	MA	95882	(42.05,-72.76)	2022-09-28 19:58:49.979675+00	2022-09-28 19:58:49.979675+00
01079	MA	1000000	(42.2,-72.33)	2022-09-28 19:58:49.979513+00	2022-09-28 19:58:49.979513+00
01080	MA	68375	(42.18,-72.37)	2022-09-28 19:58:49.979513+00	2022-09-28 19:58:49.979513+00
01073	MA	132333	(42.23,-72.73)	2022-09-28 19:58:49.978985+00	2022-09-28 19:58:49.978985+00
01082	MA	78563	(42.25,-72.24)	2022-09-28 19:58:49.980754+00	2022-09-28 19:58:49.980754+00
01068	MA	95104	(42.35,-72.05)	2022-09-28 19:58:49.977847+00	2022-09-28 19:58:49.977847+00
01084	MA	76250	(42.39,-72.88)	2022-09-28 19:58:49.981301+00	2022-09-28 19:58:49.981301+00
01085	MA	87144	(42.13,-72.75)	2022-09-28 19:58:49.982377+00	2022-09-28 19:58:49.982377+00
01086	MA	1000000	(42.13,-72.79)	2022-09-28 19:58:49.982789+00	2022-09-28 19:58:49.982789+00
01088	MA	59922	(42.39,-72.64)	2022-09-28 19:58:49.98306+00	2022-09-28 19:58:49.98306+00
01083	MA	91271	(42.21,-72.19)	2022-09-28 19:58:49.981947+00	2022-09-28 19:58:49.981947+00
01090	MA	1000000	(42.12,-72.65)	2022-09-28 19:58:49.983297+00	2022-09-28 19:58:49.983297+00
01089	MA	73658	(42.12,-72.65)	2022-09-28 19:58:49.983701+00	2022-09-28 19:58:49.983701+00
01092	MA	90509	(42.19,-72.24)	2022-09-28 19:58:49.983982+00	2022-09-28 19:58:49.983982+00
01081	MA	75078	(42.06,-72.21)	2022-09-28 19:58:49.980299+00	2022-09-28 19:58:49.980299+00
01094	MA	1000000	(42.35,-72.14)	2022-09-28 19:58:49.98511+00	2022-09-28 19:58:49.98511+00
01097	MA	1000000	(42.18,-72.83)	2022-09-28 19:58:49.986041+00	2022-09-28 19:58:49.986041+00
01096	MA	100556	(42.4,-72.76)	2022-09-28 19:58:49.98608+00	2022-09-28 19:58:49.98608+00
01095	MA	121547	(42.13,-72.43)	2022-09-28 19:58:49.985822+00	2022-09-28 19:58:49.985822+00
01102	MA	1000000	(42.11,-72.53)	2022-09-28 19:58:49.986733+00	2022-09-28 19:58:49.986733+00
01101	MA	1000000	(42.11,-72.53)	2022-09-28 19:58:49.986824+00	2022-09-28 19:58:49.986824+00
01098	MA	96607	(42.41,-72.93)	2022-09-28 19:58:49.986488+00	2022-09-28 19:58:49.986488+00
01093	MA	107813	(42.44,-72.65)	2022-09-28 19:58:49.985+00	2022-09-28 19:58:49.985+00
01106	MA	141886	(42.04,-72.57)	2022-09-28 19:58:49.988839+00	2022-09-28 19:58:49.988839+00
01107	MA	34904	(42.12,-72.61)	2022-09-28 19:58:49.989069+00	2022-09-28 19:58:49.989069+00
01103	MA	31071	(42.1,-72.59)	2022-09-28 19:58:49.986927+00	2022-09-28 19:58:49.986927+00
01105	MA	25322	(42.1,-72.58)	2022-09-28 19:58:49.988332+00	2022-09-28 19:58:49.988332+00
01104	MA	43384	(42.13,-72.57)	2022-09-28 19:58:49.988472+00	2022-09-28 19:58:49.988472+00
01115	MA	1000000	(42.11,-72.53)	2022-09-28 19:58:49.991255+00	2022-09-28 19:58:49.991255+00
01108	MA	48065	(42.08,-72.56)	2022-09-28 19:58:49.991012+00	2022-09-28 19:58:49.991012+00
01111	MA	1000000	(42.11,-72.53)	2022-09-28 19:58:49.991268+00	2022-09-28 19:58:49.991268+00
01119	MA	55224	(42.12,-72.51)	2022-09-28 19:58:49.992048+00	2022-09-28 19:58:49.992048+00
01118	MA	74258	(42.09,-72.53)	2022-09-28 19:58:49.992164+00	2022-09-28 19:58:49.992164+00
01128	MA	93194	(42.09,-72.49)	2022-09-28 19:58:49.991955+00	2022-09-28 19:58:49.991955+00
01109	MA	39954	(42.11,-72.53)	2022-09-28 19:58:49.992104+00	2022-09-28 19:58:49.992104+00
01116	MA	1000000	(42.04,-72.57)	2022-09-28 19:58:49.992369+00	2022-09-28 19:58:49.992369+00
01129	MA	75574	(42.12,-72.49)	2022-09-28 19:58:49.993131+00	2022-09-28 19:58:49.993131+00
01138	MA	1000000	(42.11,-72.53)	2022-09-28 19:58:49.993827+00	2022-09-28 19:58:49.993827+00
01139	MA	1000000	(42.11,-72.53)	2022-09-28 19:58:49.995444+00	2022-09-28 19:58:49.995444+00
01151	MA	43988	(42.15,-72.51)	2022-09-28 19:58:49.995413+00	2022-09-28 19:58:49.995413+00
01203	MA	1000000	(42.45,-73.26)	2022-09-28 19:58:49.995735+00	2022-09-28 19:58:49.995735+00
01144	MA	1000000	(42.11,-72.53)	2022-09-28 19:58:49.995755+00	2022-09-28 19:58:49.995755+00
01199	MA	1000000	(42.12,-72.6)	2022-09-28 19:58:49.995519+00	2022-09-28 19:58:49.995519+00
01202	MA	1000000	(42.45,-73.26)	2022-09-28 19:58:49.996078+00	2022-09-28 19:58:49.996078+00
01220	MA	71845	(42.62,-73.11)	2022-09-28 19:58:49.996268+00	2022-09-28 19:58:49.996268+00
01152	MA	1000000	(42.11,-72.53)	2022-09-28 19:58:49.996468+00	2022-09-28 19:58:49.996468+00
01201	MA	71969	(42.45,-73.26)	2022-09-28 19:58:49.996995+00	2022-09-28 19:58:49.996995+00
01222	MA	81944	(42.05,-73.33)	2022-09-28 19:58:49.997155+00	2022-09-28 19:58:49.997155+00
01223	MA	86122	(42.33,-73.07)	2022-09-28 19:58:49.998164+00	2022-09-28 19:58:49.998164+00
00000	NA	0	(0,0)	2022-09-28 19:58:49.999921+00	2022-09-28 19:58:49.999921+00
9001	AE	1000000	(0,0)	2022-09-28 19:58:50.744926+00	2022-09-28 19:58:50.744926+00
9002	AE	1000000	(0,0)	2022-09-28 19:58:50.744926+00	2022-09-28 19:58:50.744926+00
9003	AE	1000000	(0,0)	2022-09-28 19:58:50.744926+00	2022-09-28 19:58:50.744926+00
9004	AE	1000000	(0,0)	2022-09-28 19:58:50.744926+00	2022-09-28 19:58:50.744926+00
9005	AE	1000000	(0,0)	2022-09-28 19:58:50.744926+00	2022-09-28 19:58:50.744926+00
9006	AE	1000000	(0,0)	2022-09-28 19:58:50.744926+00	2022-09-28 19:58:50.744926+00
9008	AE	1000000	(0,0)	2022-09-28 19:58:50.744926+00	2022-09-28 19:58:50.744926+00
9009	AE	1000000	(0,0)	2022-09-28 19:58:50.744926+00	2022-09-28 19:58:50.744926+00
9010	AE	1000000	(0,0)	2022-09-28 19:58:50.744926+00	2022-09-28 19:58:50.744926+00
9011	AE	1000000	(0,0)	2022-09-28 19:58:50.744926+00	2022-09-28 19:58:50.744926+00
9012	AE	1000000	(0,0)	2022-09-28 19:58:50.744926+00	2022-09-28 19:58:50.744926+00
9013	AE	1000000	(0,0)	2022-09-28 19:58:50.744926+00	2022-09-28 19:58:50.744926+00
9014	AE	1000000	(0,0)	2022-09-28 19:58:50.744926+00	2022-09-28 19:58:50.744926+00
9015	AE	1000000	(0,0)	2022-09-28 19:58:50.744926+00	2022-09-28 19:58:50.744926+00
9016	AE	1000000	(0,0)	2022-09-28 19:58:50.744926+00	2022-09-28 19:58:50.744926+00
9017	AE	1000000	(0,0)	2022-09-28 19:58:50.744926+00	2022-09-28 19:58:50.744926+00
9018	AE	1000000	(0,0)	2022-09-28 19:58:50.744926+00	2022-09-28 19:58:50.744926+00
9020	AE	1000000	(0,0)	2022-09-28 19:58:50.744926+00	2022-09-28 19:58:50.744926+00
9021	AE	1000000	(0,0)	2022-09-28 19:58:50.744926+00	2022-09-28 19:58:50.744926+00
9034	AE	1000000	(0,0)	2022-09-28 19:58:50.744926+00	2022-09-28 19:58:50.744926+00
9044	AE	1000000	(0,0)	2022-09-28 19:58:50.744926+00	2022-09-28 19:58:50.744926+00
9046	AE	1000000	(0,0)	2022-09-28 19:58:50.744926+00	2022-09-28 19:58:50.744926+00
9049	AE	1000000	(0,0)	2022-09-28 19:58:50.744926+00	2022-09-28 19:58:50.744926+00
9053	AE	1000000	(0,0)	2022-09-28 19:58:50.744926+00	2022-09-28 19:58:50.744926+00
9055	AE	1000000	(0,0)	2022-09-28 19:58:50.744926+00	2022-09-28 19:58:50.744926+00
9060	AE	1000000	(0,0)	2022-09-28 19:58:50.744926+00	2022-09-28 19:58:50.744926+00
9067	AE	1000000	(0,0)	2022-09-28 19:58:50.744926+00	2022-09-28 19:58:50.744926+00
9068	AE	1000000	(0,0)	2022-09-28 19:58:50.744926+00	2022-09-28 19:58:50.744926+00
9069	AE	1000000	(0,0)	2022-09-28 19:58:50.744926+00	2022-09-28 19:58:50.744926+00
9079	AE	1000000	(0,0)	2022-09-28 19:58:50.744926+00	2022-09-28 19:58:50.744926+00
9094	AE	1000000	(0,0)	2022-09-28 19:58:50.744926+00	2022-09-28 19:58:50.744926+00
9095	AE	1000000	(0,0)	2022-09-28 19:58:50.744926+00	2022-09-28 19:58:50.744926+00
9096	AE	1000000	(0,0)	2022-09-28 19:58:50.744926+00	2022-09-28 19:58:50.744926+00
9103	AE	1000000	(0,0)	2022-09-28 19:58:50.744926+00	2022-09-28 19:58:50.744926+00
9104	AE	1000000	(0,0)	2022-09-28 19:58:50.744926+00	2022-09-28 19:58:50.744926+00
9107	AE	1000000	(0,0)	2022-09-28 19:58:50.744926+00	2022-09-28 19:58:50.744926+00
9112	AE	1000000	(0,0)	2022-09-28 19:58:50.744926+00	2022-09-28 19:58:50.744926+00
9113	AE	1000000	(0,0)	2022-09-28 19:58:50.744926+00	2022-09-28 19:58:50.744926+00
9114	AE	1000000	(0,0)	2022-09-28 19:58:50.744926+00	2022-09-28 19:58:50.744926+00
9115	AE	1000000	(0,0)	2022-09-28 19:58:50.744926+00	2022-09-28 19:58:50.744926+00
9116	AE	1000000	(0,0)	2022-09-28 19:58:50.744926+00	2022-09-28 19:58:50.744926+00
9123	AE	1000000	(0,0)	2022-09-28 19:58:50.744926+00	2022-09-28 19:58:50.744926+00
9125	AE	1000000	(0,0)	2022-09-28 19:58:50.744926+00	2022-09-28 19:58:50.744926+00
9126	AE	1000000	(0,0)	2022-09-28 19:58:50.744926+00	2022-09-28 19:58:50.744926+00
9128	AE	1000000	(0,0)	2022-09-28 19:58:50.744926+00	2022-09-28 19:58:50.744926+00
9131	AE	1000000	(0,0)	2022-09-28 19:58:50.744926+00	2022-09-28 19:58:50.744926+00
9135	AE	1000000	(0,0)	2022-09-28 19:58:50.744926+00	2022-09-28 19:58:50.744926+00
9136	AE	1000000	(0,0)	2022-09-28 19:58:50.744926+00	2022-09-28 19:58:50.744926+00
9138	AE	1000000	(0,0)	2022-09-28 19:58:50.744926+00	2022-09-28 19:58:50.744926+00
9139	AE	1000000	(0,0)	2022-09-28 19:58:50.744926+00	2022-09-28 19:58:50.744926+00
9140	AE	1000000	(0,0)	2022-09-28 19:58:50.744926+00	2022-09-28 19:58:50.744926+00
9142	AE	1000000	(0,0)	2022-09-28 19:58:50.744926+00	2022-09-28 19:58:50.744926+00
9154	AE	1000000	(0,0)	2022-09-28 19:58:50.744926+00	2022-09-28 19:58:50.744926+00
9160	AE	1000000	(0,0)	2022-09-28 19:58:50.744926+00	2022-09-28 19:58:50.744926+00
9170	AE	1000000	(0,0)	2022-09-28 19:58:50.744926+00	2022-09-28 19:58:50.744926+00
9171	AE	1000000	(0,0)	2022-09-28 19:58:50.744926+00	2022-09-28 19:58:50.744926+00
9172	AE	1000000	(0,0)	2022-09-28 19:58:50.744926+00	2022-09-28 19:58:50.744926+00
9173	AE	1000000	(0,0)	2022-09-28 19:58:50.744926+00	2022-09-28 19:58:50.744926+00
9174	AE	1000000	(0,0)	2022-09-28 19:58:50.744926+00	2022-09-28 19:58:50.744926+00
9175	AE	1000000	(0,0)	2022-09-28 19:58:50.744926+00	2022-09-28 19:58:50.744926+00
9176	AE	1000000	(0,0)	2022-09-28 19:58:50.744926+00	2022-09-28 19:58:50.744926+00
9177	AE	1000000	(0,0)	2022-09-28 19:58:50.744926+00	2022-09-28 19:58:50.744926+00
9178	AE	1000000	(0,0)	2022-09-28 19:58:50.744926+00	2022-09-28 19:58:50.744926+00
9180	AE	1000000	(0,0)	2022-09-28 19:58:50.744926+00	2022-09-28 19:58:50.744926+00
9186	AE	1000000	(0,0)	2022-09-28 19:58:50.744926+00	2022-09-28 19:58:50.744926+00
9203	AE	1000000	(0,0)	2022-09-28 19:58:50.744926+00	2022-09-28 19:58:50.744926+00
9204	AE	1000000	(0,0)	2022-09-28 19:58:50.744926+00	2022-09-28 19:58:50.744926+00
9211	AE	1000000	(0,0)	2022-09-28 19:58:50.744926+00	2022-09-28 19:58:50.744926+00
9213	AE	1000000	(0,0)	2022-09-28 19:58:50.744926+00	2022-09-28 19:58:50.744926+00
9214	AE	1000000	(0,0)	2022-09-28 19:58:50.744926+00	2022-09-28 19:58:50.744926+00
9216	AE	1000000	(0,0)	2022-09-28 19:58:50.744926+00	2022-09-28 19:58:50.744926+00
9226	AE	1000000	(0,0)	2022-09-28 19:58:50.744926+00	2022-09-28 19:58:50.744926+00
9227	AE	1000000	(0,0)	2022-09-28 19:58:50.744926+00	2022-09-28 19:58:50.744926+00
9240	AE	1000000	(0,0)	2022-09-28 19:58:50.744926+00	2022-09-28 19:58:50.744926+00
9241	AE	1000000	(0,0)	2022-09-28 19:58:50.744926+00	2022-09-28 19:58:50.744926+00
9242	AE	1000000	(0,0)	2022-09-28 19:58:50.744926+00	2022-09-28 19:58:50.744926+00
9250	AE	1000000	(0,0)	2022-09-28 19:58:50.744926+00	2022-09-28 19:58:50.744926+00
9261	AE	1000000	(0,0)	2022-09-28 19:58:50.744926+00	2022-09-28 19:58:50.744926+00
9263	AE	1000000	(0,0)	2022-09-28 19:58:50.744926+00	2022-09-28 19:58:50.744926+00
9264	AE	1000000	(0,0)	2022-09-28 19:58:50.744926+00	2022-09-28 19:58:50.744926+00
9265	AE	1000000	(0,0)	2022-09-28 19:58:50.744926+00	2022-09-28 19:58:50.744926+00
9266	AE	1000000	(0,0)	2022-09-28 19:58:50.744926+00	2022-09-28 19:58:50.744926+00
9276	AE	1000000	(0,0)	2022-09-28 19:58:50.744926+00	2022-09-28 19:58:50.744926+00
9277	AE	1000000	(0,0)	2022-09-28 19:58:50.744926+00	2022-09-28 19:58:50.744926+00
9278	AE	1000000	(0,0)	2022-09-28 19:58:50.744926+00	2022-09-28 19:58:50.744926+00
9279	AE	1000000	(0,0)	2022-09-28 19:58:50.744926+00	2022-09-28 19:58:50.744926+00
9283	AE	1000000	(0,0)	2022-09-28 19:58:50.744926+00	2022-09-28 19:58:50.744926+00
9285	AE	1000000	(0,0)	2022-09-28 19:58:50.744926+00	2022-09-28 19:58:50.744926+00
9287	AE	1000000	(0,0)	2022-09-28 19:58:50.744926+00	2022-09-28 19:58:50.744926+00
9289	AE	1000000	(0,0)	2022-09-28 19:58:50.744926+00	2022-09-28 19:58:50.744926+00
9290	AE	1000000	(0,0)	2022-09-28 19:58:50.744926+00	2022-09-28 19:58:50.744926+00
9291	AE	1000000	(0,0)	2022-09-28 19:58:50.744926+00	2022-09-28 19:58:50.744926+00
9292	AE	1000000	(0,0)	2022-09-28 19:58:50.744926+00	2022-09-28 19:58:50.744926+00
9301	AE	1000000	(0,0)	2022-09-28 19:58:50.744926+00	2022-09-28 19:58:50.744926+00
9302	AE	1000000	(0,0)	2022-09-28 19:58:50.744926+00	2022-09-28 19:58:50.744926+00
9304	AE	1000000	(0,0)	2022-09-28 19:58:50.744926+00	2022-09-28 19:58:50.744926+00
9305	AE	1000000	(0,0)	2022-09-28 19:58:50.744926+00	2022-09-28 19:58:50.744926+00
9306	AE	1000000	(0,0)	2022-09-28 19:58:50.744926+00	2022-09-28 19:58:50.744926+00
9307	AE	1000000	(0,0)	2022-09-28 19:58:50.744926+00	2022-09-28 19:58:50.744926+00
9309	AE	1000000	(0,0)	2022-09-28 19:58:50.744926+00	2022-09-28 19:58:50.744926+00
9310	AE	1000000	(0,0)	2022-09-28 19:58:50.744926+00	2022-09-28 19:58:50.744926+00
9311	AE	1000000	(0,0)	2022-09-28 19:58:50.744926+00	2022-09-28 19:58:50.744926+00
9312	AE	1000000	(0,0)	2022-09-28 19:58:50.744926+00	2022-09-28 19:58:50.744926+00
9313	AE	1000000	(0,0)	2022-09-28 19:58:50.744926+00	2022-09-28 19:58:50.744926+00
9315	AE	1000000	(0,0)	2022-09-28 19:58:50.744926+00	2022-09-28 19:58:50.744926+00
9316	AE	1000000	(0,0)	2022-09-28 19:58:50.744926+00	2022-09-28 19:58:50.744926+00
9317	AE	1000000	(0,0)	2022-09-28 19:58:50.744926+00	2022-09-28 19:58:50.744926+00
9318	AE	1000000	(0,0)	2022-09-28 19:58:50.744926+00	2022-09-28 19:58:50.744926+00
9319	AE	1000000	(0,0)	2022-09-28 19:58:50.744926+00	2022-09-28 19:58:50.744926+00
9320	AE	1000000	(0,0)	2022-09-28 19:58:50.744926+00	2022-09-28 19:58:50.744926+00
9321	AE	1000000	(0,0)	2022-09-28 19:58:50.744926+00	2022-09-28 19:58:50.744926+00
9322	AE	1000000	(0,0)	2022-09-28 19:58:50.744926+00	2022-09-28 19:58:50.744926+00
9323	AE	1000000	(-44.25,33.53)	2022-09-28 19:58:50.744926+00	2022-09-28 19:58:50.744926+00
9330	AE	1000000	(0,0)	2022-09-28 19:58:50.744926+00	2022-09-28 19:58:50.744926+00
9333	AE	1000000	(0,0)	2022-09-28 19:58:50.744926+00	2022-09-28 19:58:50.744926+00
9337	AE	1000000	(0,0)	2022-09-28 19:58:50.744926+00	2022-09-28 19:58:50.744926+00
9340	AE	1000000	(0,0)	2022-09-28 19:58:50.744926+00	2022-09-28 19:58:50.744926+00
9343	AE	1000000	(0,0)	2022-09-28 19:58:50.744926+00	2022-09-28 19:58:50.744926+00
9347	AE	1000000	(0,0)	2022-09-28 19:58:50.744926+00	2022-09-28 19:58:50.744926+00
9348	AE	1000000	(0,0)	2022-09-28 19:58:50.744926+00	2022-09-28 19:58:50.744926+00
9351	AE	1000000	(0,0)	2022-09-28 19:58:50.744926+00	2022-09-28 19:58:50.744926+00
9352	AE	1000000	(0,0)	2022-09-28 19:58:50.744926+00	2022-09-28 19:58:50.744926+00
9354	AE	1000000	(0,0)	2022-09-28 19:58:50.744926+00	2022-09-28 19:58:50.744926+00
9355	AE	1000000	(0,0)	2022-09-28 19:58:50.744926+00	2022-09-28 19:58:50.744926+00
9356	AE	1000000	(0,0)	2022-09-28 19:58:50.744926+00	2022-09-28 19:58:50.744926+00
9357	AE	1000000	(0,0)	2022-09-28 19:58:50.744926+00	2022-09-28 19:58:50.744926+00
9363	AE	1000000	(0,0)	2022-09-28 19:58:50.744926+00	2022-09-28 19:58:50.744926+00
9365	AE	1000000	(0,0)	2022-09-28 19:58:50.744926+00	2022-09-28 19:58:50.744926+00
9366	AE	1000000	(0,0)	2022-09-28 19:58:50.744926+00	2022-09-28 19:58:50.744926+00
9378	AE	1000000	(0,0)	2022-09-28 19:58:50.744926+00	2022-09-28 19:58:50.744926+00
9381	AE	1000000	(0,0)	2022-09-28 19:58:50.744926+00	2022-09-28 19:58:50.744926+00
9401	AE	1000000	(0,0)	2022-09-28 19:58:50.744926+00	2022-09-28 19:58:50.744926+00
9403	AE	1000000	(0,0)	2022-09-28 19:58:50.744926+00	2022-09-28 19:58:50.744926+00
9410	AE	1000000	(0,0)	2022-09-28 19:58:50.744926+00	2022-09-28 19:58:50.744926+00
9421	AE	1000000	(0,0)	2022-09-28 19:58:50.744926+00	2022-09-28 19:58:50.744926+00
9447	AE	1000000	(0,0)	2022-09-28 19:58:50.744926+00	2022-09-28 19:58:50.744926+00
9454	AE	1000000	(0,0)	2022-09-28 19:58:50.744926+00	2022-09-28 19:58:50.744926+00
9456	AE	1000000	(0,0)	2022-09-28 19:58:50.744926+00	2022-09-28 19:58:50.744926+00
9459	AE	1000000	(0,0)	2022-09-28 19:58:50.744926+00	2022-09-28 19:58:50.744926+00
9461	AE	1000000	(0,0)	2022-09-28 19:58:50.744926+00	2022-09-28 19:58:50.744926+00
9463	AE	1000000	(0,0)	2022-09-28 19:58:50.744926+00	2022-09-28 19:58:50.744926+00
9464	AE	1000000	(0,0)	2022-09-28 19:58:50.744926+00	2022-09-28 19:58:50.744926+00
9467	AE	1000000	(0,0)	2022-09-28 19:58:50.744926+00	2022-09-28 19:58:50.744926+00
9468	AE	1000000	(0,0)	2022-09-28 19:58:50.744926+00	2022-09-28 19:58:50.744926+00
9469	AE	1000000	(0,0)	2022-09-28 19:58:50.744926+00	2022-09-28 19:58:50.744926+00
9470	AE	1000000	(0,0)	2022-09-28 19:58:50.744926+00	2022-09-28 19:58:50.744926+00
9487	AE	1000000	(0,0)	2022-09-28 19:58:50.744926+00	2022-09-28 19:58:50.744926+00
9488	AE	1000000	(0,0)	2022-09-28 19:58:50.744926+00	2022-09-28 19:58:50.744926+00
9489	AE	1000000	(0,0)	2022-09-28 19:58:50.744926+00	2022-09-28 19:58:50.744926+00
9490	AE	1000000	(0,0)	2022-09-28 19:58:50.744926+00	2022-09-28 19:58:50.744926+00
9491	AE	1000000	(0,0)	2022-09-28 19:58:50.744926+00	2022-09-28 19:58:50.744926+00
9494	AE	1000000	(0,0)	2022-09-28 19:58:50.744926+00	2022-09-28 19:58:50.744926+00
9496	AE	1000000	(0,0)	2022-09-28 19:58:50.744926+00	2022-09-28 19:58:50.744926+00
9497	AE	1000000	(0,0)	2022-09-28 19:58:50.744926+00	2022-09-28 19:58:50.744926+00
9498	AE	1000000	(0,0)	2022-09-28 19:58:50.744926+00	2022-09-28 19:58:50.744926+00
9501	AE	1000000	(0,0)	2022-09-28 19:58:50.744926+00	2022-09-28 19:58:50.744926+00
9502	AE	1000000	(0,0)	2022-09-28 19:58:50.744926+00	2022-09-28 19:58:50.744926+00
9503	AE	1000000	(0,0)	2022-09-28 19:58:50.744926+00	2022-09-28 19:58:50.744926+00
9504	AE	1000000	(0,0)	2022-09-28 19:58:50.744926+00	2022-09-28 19:58:50.744926+00
9505	AE	1000000	(0,0)	2022-09-28 19:58:50.744926+00	2022-09-28 19:58:50.744926+00
9506	AE	1000000	(0,0)	2022-09-28 19:58:50.744926+00	2022-09-28 19:58:50.744926+00
9507	AE	1000000	(0,0)	2022-09-28 19:58:50.744926+00	2022-09-28 19:58:50.744926+00
9508	AE	1000000	(0,0)	2022-09-28 19:58:50.744926+00	2022-09-28 19:58:50.744926+00
9509	AE	1000000	(0,0)	2022-09-28 19:58:50.744926+00	2022-09-28 19:58:50.744926+00
9510	AE	1000000	(0,0)	2022-09-28 19:58:50.744926+00	2022-09-28 19:58:50.744926+00
9511	AE	1000000	(0,0)	2022-09-28 19:58:50.744926+00	2022-09-28 19:58:50.744926+00
9512	AE	1000000	(0,0)	2022-09-28 19:58:50.744926+00	2022-09-28 19:58:50.744926+00
9513	AE	1000000	(0,0)	2022-09-28 19:58:50.744926+00	2022-09-28 19:58:50.744926+00
9514	AE	1000000	(0,0)	2022-09-28 19:58:50.744926+00	2022-09-28 19:58:50.744926+00
9517	AE	1000000	(0,0)	2022-09-28 19:58:50.744926+00	2022-09-28 19:58:50.744926+00
9520	AE	1000000	(0,0)	2022-09-28 19:58:50.744926+00	2022-09-28 19:58:50.744926+00
9522	AE	1000000	(0,0)	2022-09-28 19:58:50.744926+00	2022-09-28 19:58:50.744926+00
9523	AE	1000000	(0,0)	2022-09-28 19:58:50.744926+00	2022-09-28 19:58:50.744926+00
9524	AE	1000000	(0,0)	2022-09-28 19:58:50.744926+00	2022-09-28 19:58:50.744926+00
9532	AE	1000000	(0,0)	2022-09-28 19:58:50.744926+00	2022-09-28 19:58:50.744926+00
9533	AE	1000000	(0,0)	2022-09-28 19:58:50.744926+00	2022-09-28 19:58:50.744926+00
9534	AE	1000000	(0,0)	2022-09-28 19:58:50.744926+00	2022-09-28 19:58:50.744926+00
9541	AE	1000000	(0,0)	2022-09-28 19:58:50.744926+00	2022-09-28 19:58:50.744926+00
9542	AE	1000000	(0,0)	2022-09-28 19:58:50.744926+00	2022-09-28 19:58:50.744926+00
9543	AE	1000000	(0,0)	2022-09-28 19:58:50.744926+00	2022-09-28 19:58:50.744926+00
9544	AE	1000000	(0,0)	2022-09-28 19:58:50.744926+00	2022-09-28 19:58:50.744926+00
9545	AE	1000000	(0,0)	2022-09-28 19:58:50.744926+00	2022-09-28 19:58:50.744926+00
9550	AE	1000000	(0,0)	2022-09-28 19:58:50.744926+00	2022-09-28 19:58:50.744926+00
9554	AE	1000000	(0,0)	2022-09-28 19:58:50.744926+00	2022-09-28 19:58:50.744926+00
9556	AE	1000000	(0,0)	2022-09-28 19:58:50.744926+00	2022-09-28 19:58:50.744926+00
9564	AE	1000000	(0,0)	2022-09-28 19:58:50.744926+00	2022-09-28 19:58:50.744926+00
9565	AE	1000000	(0,0)	2022-09-28 19:58:50.744926+00	2022-09-28 19:58:50.744926+00
9566	AE	1000000	(0,0)	2022-09-28 19:58:50.744926+00	2022-09-28 19:58:50.744926+00
9567	AE	1000000	(0,0)	2022-09-28 19:58:50.744926+00	2022-09-28 19:58:50.744926+00
9568	AE	1000000	(0,0)	2022-09-28 19:58:50.744926+00	2022-09-28 19:58:50.744926+00
9569	AE	1000000	(0,0)	2022-09-28 19:58:50.744926+00	2022-09-28 19:58:50.744926+00
9570	AE	1000000	(0,0)	2022-09-28 19:58:50.744926+00	2022-09-28 19:58:50.744926+00
9573	AE	1000000	(0,0)	2022-09-28 19:58:50.744926+00	2022-09-28 19:58:50.744926+00
9574	AE	1000000	(0,0)	2022-09-28 19:58:50.744926+00	2022-09-28 19:58:50.744926+00
9575	AE	1000000	(0,0)	2022-09-28 19:58:50.744926+00	2022-09-28 19:58:50.744926+00
9576	AE	1000000	(0,0)	2022-09-28 19:58:50.744926+00	2022-09-28 19:58:50.744926+00
9577	AE	1000000	(0,0)	2022-09-28 19:58:50.744926+00	2022-09-28 19:58:50.744926+00
9578	AE	1000000	(0,0)	2022-09-28 19:58:50.744926+00	2022-09-28 19:58:50.744926+00
9579	AE	1000000	(0,0)	2022-09-28 19:58:50.744926+00	2022-09-28 19:58:50.744926+00
9581	AE	1000000	(0,0)	2022-09-28 19:58:50.744926+00	2022-09-28 19:58:50.744926+00
9582	AE	1000000	(0,0)	2022-09-28 19:58:50.744926+00	2022-09-28 19:58:50.744926+00
9583	AE	1000000	(0,0)	2022-09-28 19:58:50.744926+00	2022-09-28 19:58:50.744926+00
9586	AE	1000000	(0,0)	2022-09-28 19:58:50.744926+00	2022-09-28 19:58:50.744926+00
9587	AE	1000000	(0,0)	2022-09-28 19:58:50.744926+00	2022-09-28 19:58:50.744926+00
9588	AE	1000000	(0,0)	2022-09-28 19:58:50.744926+00	2022-09-28 19:58:50.744926+00
9589	AE	1000000	(0,0)	2022-09-28 19:58:50.744926+00	2022-09-28 19:58:50.744926+00
9590	AE	1000000	(0,0)	2022-09-28 19:58:50.744926+00	2022-09-28 19:58:50.744926+00
9591	AE	1000000	(0,0)	2022-09-28 19:58:50.744926+00	2022-09-28 19:58:50.744926+00
9592	AE	1000000	(0,0)	2022-09-28 19:58:50.744926+00	2022-09-28 19:58:50.744926+00
9593	AE	1000000	(0,0)	2022-09-28 19:58:50.744926+00	2022-09-28 19:58:50.744926+00
9594	AE	1000000	(0,0)	2022-09-28 19:58:50.744926+00	2022-09-28 19:58:50.744926+00
9595	AE	1000000	(0,0)	2022-09-28 19:58:50.744926+00	2022-09-28 19:58:50.744926+00
9596	AE	1000000	(0,0)	2022-09-28 19:58:50.744926+00	2022-09-28 19:58:50.744926+00
9599	AE	1000000	(0,0)	2022-09-28 19:58:50.744926+00	2022-09-28 19:58:50.744926+00
9600	AE	1000000	(0,0)	2022-09-28 19:58:50.744926+00	2022-09-28 19:58:50.744926+00
9601	AE	1000000	(0,0)	2022-09-28 19:58:50.744926+00	2022-09-28 19:58:50.744926+00
9602	AE	1000000	(0,0)	2022-09-28 19:58:50.744926+00	2022-09-28 19:58:50.744926+00
9603	AE	1000000	(0,0)	2022-09-28 19:58:50.744926+00	2022-09-28 19:58:50.744926+00
9604	AE	1000000	(0,0)	2022-09-28 19:58:50.744926+00	2022-09-28 19:58:50.744926+00
9605	AE	1000000	(0,0)	2022-09-28 19:58:50.744926+00	2022-09-28 19:58:50.744926+00
9606	AE	1000000	(0,0)	2022-09-28 19:58:50.744926+00	2022-09-28 19:58:50.744926+00
9607	AE	1000000	(0,0)	2022-09-28 19:58:50.744926+00	2022-09-28 19:58:50.744926+00
9608	AE	1000000	(0,0)	2022-09-28 19:58:50.744926+00	2022-09-28 19:58:50.744926+00
9609	AE	1000000	(0,0)	2022-09-28 19:58:50.744926+00	2022-09-28 19:58:50.744926+00
9610	AE	1000000	(0,0)	2022-09-28 19:58:50.744926+00	2022-09-28 19:58:50.744926+00
9613	AE	1000000	(0,0)	2022-09-28 19:58:50.744926+00	2022-09-28 19:58:50.744926+00
9614	AE	1000000	(0,0)	2022-09-28 19:58:50.744926+00	2022-09-28 19:58:50.744926+00
9617	AE	1000000	(0,0)	2022-09-28 19:58:50.744926+00	2022-09-28 19:58:50.744926+00
9618	AE	1000000	(0,0)	2022-09-28 19:58:50.744926+00	2022-09-28 19:58:50.744926+00
9620	AE	1000000	(0,0)	2022-09-28 19:58:50.744926+00	2022-09-28 19:58:50.744926+00
9621	AE	1000000	(0,0)	2022-09-28 19:58:50.744926+00	2022-09-28 19:58:50.744926+00
9622	AE	1000000	(0,0)	2022-09-28 19:58:50.744926+00	2022-09-28 19:58:50.744926+00
9623	AE	1000000	(0,0)	2022-09-28 19:58:50.744926+00	2022-09-28 19:58:50.744926+00
9624	AE	1000000	(0,0)	2022-09-28 19:58:50.744926+00	2022-09-28 19:58:50.744926+00
9625	AE	1000000	(0,0)	2022-09-28 19:58:50.744926+00	2022-09-28 19:58:50.744926+00
9626	AE	1000000	(0,0)	2022-09-28 19:58:50.744926+00	2022-09-28 19:58:50.744926+00
9627	AE	1000000	(0,0)	2022-09-28 19:58:50.744926+00	2022-09-28 19:58:50.744926+00
9630	AE	1000000	(0,0)	2022-09-28 19:58:50.744926+00	2022-09-28 19:58:50.744926+00
9631	AE	1000000	(0,0)	2022-09-28 19:58:50.744926+00	2022-09-28 19:58:50.744926+00
9633	AE	1000000	(0,0)	2022-09-28 19:58:50.744926+00	2022-09-28 19:58:50.744926+00
9634	AE	1000000	(0,0)	2022-09-28 19:58:50.744926+00	2022-09-28 19:58:50.744926+00
9636	AE	1000000	(0,0)	2022-09-28 19:58:50.744926+00	2022-09-28 19:58:50.744926+00
9642	AE	1000000	(0,0)	2022-09-28 19:58:50.744926+00	2022-09-28 19:58:50.744926+00
9643	AE	1000000	(0,0)	2022-09-28 19:58:50.744926+00	2022-09-28 19:58:50.744926+00
9645	AE	1000000	(0,0)	2022-09-28 19:58:50.744926+00	2022-09-28 19:58:50.744926+00
9647	AE	1000000	(0,0)	2022-09-28 19:58:50.744926+00	2022-09-28 19:58:50.744926+00
9648	AE	1000000	(0,0)	2022-09-28 19:58:50.744926+00	2022-09-28 19:58:50.744926+00
9649	AE	1000000	(0,0)	2022-09-28 19:58:50.744926+00	2022-09-28 19:58:50.744926+00
9701	AE	1000000	(0,0)	2022-09-28 19:58:50.744926+00	2022-09-28 19:58:50.744926+00
9702	AE	1000000	(0,0)	2022-09-28 19:58:50.744926+00	2022-09-28 19:58:50.744926+00
9703	AE	1000000	(0,0)	2022-09-28 19:58:50.744926+00	2022-09-28 19:58:50.744926+00
9704	AE	1000000	(0,0)	2022-09-28 19:58:50.744926+00	2022-09-28 19:58:50.744926+00
9705	AE	1000000	(0,0)	2022-09-28 19:58:50.744926+00	2022-09-28 19:58:50.744926+00
9706	AE	1000000	(0,0)	2022-09-28 19:58:50.744926+00	2022-09-28 19:58:50.744926+00
9707	AE	1000000	(0,0)	2022-09-28 19:58:50.744926+00	2022-09-28 19:58:50.744926+00
9708	AE	1000000	(0,0)	2022-09-28 19:58:50.744926+00	2022-09-28 19:58:50.744926+00
9709	AE	1000000	(0,0)	2022-09-28 19:58:50.744926+00	2022-09-28 19:58:50.744926+00
9710	AE	1000000	(0,0)	2022-09-28 19:58:50.744926+00	2022-09-28 19:58:50.744926+00
9711	AE	1000000	(0,0)	2022-09-28 19:58:50.744926+00	2022-09-28 19:58:50.744926+00
9712	AE	1000000	(0,0)	2022-09-28 19:58:50.744926+00	2022-09-28 19:58:50.744926+00
9714	AE	1000000	(0,0)	2022-09-28 19:58:50.744926+00	2022-09-28 19:58:50.744926+00
9715	AE	1000000	(0,0)	2022-09-28 19:58:50.744926+00	2022-09-28 19:58:50.744926+00
9716	AE	1000000	(0,0)	2022-09-28 19:58:50.744926+00	2022-09-28 19:58:50.744926+00
9717	AE	1000000	(0,0)	2022-09-28 19:58:50.744926+00	2022-09-28 19:58:50.744926+00
9718	AE	1000000	(0,0)	2022-09-28 19:58:50.744926+00	2022-09-28 19:58:50.744926+00
9719	AE	1000000	(0,0)	2022-09-28 19:58:50.744926+00	2022-09-28 19:58:50.744926+00
9720	AE	1000000	(0,0)	2022-09-28 19:58:50.744926+00	2022-09-28 19:58:50.744926+00
9722	AE	1000000	(0,0)	2022-09-28 19:58:50.744926+00	2022-09-28 19:58:50.744926+00
9723	AE	1000000	(0,0)	2022-09-28 19:58:50.744926+00	2022-09-28 19:58:50.744926+00
9724	AE	1000000	(0,0)	2022-09-28 19:58:50.744926+00	2022-09-28 19:58:50.744926+00
9725	AE	1000000	(0,0)	2022-09-28 19:58:50.744926+00	2022-09-28 19:58:50.744926+00
9726	AE	1000000	(0,0)	2022-09-28 19:58:50.744926+00	2022-09-28 19:58:50.744926+00
9727	AE	1000000	(0,0)	2022-09-28 19:58:50.744926+00	2022-09-28 19:58:50.744926+00
9728	AE	1000000	(0,0)	2022-09-28 19:58:50.744926+00	2022-09-28 19:58:50.744926+00
9729	AE	1000000	(0,0)	2022-09-28 19:58:50.744926+00	2022-09-28 19:58:50.744926+00
9730	AE	1000000	(0,0)	2022-09-28 19:58:50.744926+00	2022-09-28 19:58:50.744926+00
9731	AE	1000000	(0,0)	2022-09-28 19:58:50.744926+00	2022-09-28 19:58:50.744926+00
9732	AE	1000000	(0,0)	2022-09-28 19:58:50.744926+00	2022-09-28 19:58:50.744926+00
9733	AE	1000000	(0,0)	2022-09-28 19:58:50.744926+00	2022-09-28 19:58:50.744926+00
9734	AE	1000000	(0,0)	2022-09-28 19:58:50.744926+00	2022-09-28 19:58:50.744926+00
9735	AE	1000000	(0,0)	2022-09-28 19:58:50.744926+00	2022-09-28 19:58:50.744926+00
9736	AE	1000000	(0,0)	2022-09-28 19:58:50.744926+00	2022-09-28 19:58:50.744926+00
9737	AE	1000000	(0,0)	2022-09-28 19:58:50.744926+00	2022-09-28 19:58:50.744926+00
9738	AE	1000000	(0,0)	2022-09-28 19:58:50.744926+00	2022-09-28 19:58:50.744926+00
9739	AE	1000000	(0,0)	2022-09-28 19:58:50.744926+00	2022-09-28 19:58:50.744926+00
9741	AE	1000000	(0,0)	2022-09-28 19:58:50.744926+00	2022-09-28 19:58:50.744926+00
9742	AE	1000000	(0,0)	2022-09-28 19:58:50.744926+00	2022-09-28 19:58:50.744926+00
9743	AE	1000000	(0,0)	2022-09-28 19:58:50.744926+00	2022-09-28 19:58:50.744926+00
9744	AE	1000000	(0,0)	2022-09-28 19:58:50.744926+00	2022-09-28 19:58:50.744926+00
9745	AE	1000000	(0,0)	2022-09-28 19:58:50.744926+00	2022-09-28 19:58:50.744926+00
9748	AE	1000000	(0,0)	2022-09-28 19:58:50.744926+00	2022-09-28 19:58:50.744926+00
9749	AE	1000000	(0,0)	2022-09-28 19:58:50.744926+00	2022-09-28 19:58:50.744926+00
9750	AE	1000000	(0,0)	2022-09-28 19:58:50.744926+00	2022-09-28 19:58:50.744926+00
9751	AE	1000000	(0,0)	2022-09-28 19:58:50.744926+00	2022-09-28 19:58:50.744926+00
9752	AE	1000000	(0,0)	2022-09-28 19:58:50.744926+00	2022-09-28 19:58:50.744926+00
9753	AE	1000000	(0,0)	2022-09-28 19:58:50.744926+00	2022-09-28 19:58:50.744926+00
9754	AE	1000000	(0,0)	2022-09-28 19:58:50.744926+00	2022-09-28 19:58:50.744926+00
9755	AE	1000000	(0,0)	2022-09-28 19:58:50.744926+00	2022-09-28 19:58:50.744926+00
9756	AE	1000000	(0,0)	2022-09-28 19:58:50.744926+00	2022-09-28 19:58:50.744926+00
9758	AE	1000000	(0,0)	2022-09-28 19:58:50.744926+00	2022-09-28 19:58:50.744926+00
9759	AE	1000000	(0,0)	2022-09-28 19:58:50.744926+00	2022-09-28 19:58:50.744926+00
9760	AE	1000000	(0,0)	2022-09-28 19:58:50.744926+00	2022-09-28 19:58:50.744926+00
9761	AE	1000000	(0,0)	2022-09-28 19:58:50.744926+00	2022-09-28 19:58:50.744926+00
9762	AE	1000000	(0,0)	2022-09-28 19:58:50.744926+00	2022-09-28 19:58:50.744926+00
9769	AE	1000000	(0,0)	2022-09-28 19:58:50.744926+00	2022-09-28 19:58:50.744926+00
9777	AE	1000000	(0,0)	2022-09-28 19:58:50.744926+00	2022-09-28 19:58:50.744926+00
9780	AE	1000000	(0,0)	2022-09-28 19:58:50.744926+00	2022-09-28 19:58:50.744926+00
9789	AE	1000000	(0,0)	2022-09-28 19:58:50.744926+00	2022-09-28 19:58:50.744926+00
9800	AE	1000000	(0,0)	2022-09-28 19:58:50.744926+00	2022-09-28 19:58:50.744926+00
9801	AE	1000000	(0,0)	2022-09-28 19:58:50.744926+00	2022-09-28 19:58:50.744926+00
9802	AE	1000000	(0,0)	2022-09-28 19:58:50.744926+00	2022-09-28 19:58:50.744926+00
9803	AE	1000000	(0,0)	2022-09-28 19:58:50.744926+00	2022-09-28 19:58:50.744926+00
9804	AE	1000000	(0,0)	2022-09-28 19:58:50.744926+00	2022-09-28 19:58:50.744926+00
9805	AE	1000000	(0,0)	2022-09-28 19:58:50.744926+00	2022-09-28 19:58:50.744926+00
9806	AE	1000000	(0,0)	2022-09-28 19:58:50.744926+00	2022-09-28 19:58:50.744926+00
9807	AE	1000000	(0,0)	2022-09-28 19:58:50.744926+00	2022-09-28 19:58:50.744926+00
9808	AE	1000000	(0,0)	2022-09-28 19:58:50.744926+00	2022-09-28 19:58:50.744926+00
9809	AE	1000000	(0,0)	2022-09-28 19:58:50.744926+00	2022-09-28 19:58:50.744926+00
9810	AE	1000000	(0,0)	2022-09-28 19:58:50.744926+00	2022-09-28 19:58:50.744926+00
9811	AE	1000000	(0,0)	2022-09-28 19:58:50.744926+00	2022-09-28 19:58:50.744926+00
9812	AE	1000000	(0,0)	2022-09-28 19:58:50.744926+00	2022-09-28 19:58:50.744926+00
9813	AE	1000000	(0,0)	2022-09-28 19:58:50.744926+00	2022-09-28 19:58:50.744926+00
9814	AE	1000000	(0,0)	2022-09-28 19:58:50.744926+00	2022-09-28 19:58:50.744926+00
9815	AE	1000000	(0,0)	2022-09-28 19:58:50.744926+00	2022-09-28 19:58:50.744926+00
9816	AE	1000000	(0,0)	2022-09-28 19:58:50.744926+00	2022-09-28 19:58:50.744926+00
9817	AE	1000000	(0,0)	2022-09-28 19:58:50.744926+00	2022-09-28 19:58:50.744926+00
9818	AE	1000000	(0,0)	2022-09-28 19:58:50.744926+00	2022-09-28 19:58:50.744926+00
9820	AE	1000000	(0,0)	2022-09-28 19:58:50.744926+00	2022-09-28 19:58:50.744926+00
9821	AE	1000000	(0,0)	2022-09-28 19:58:50.744926+00	2022-09-28 19:58:50.744926+00
9822	AE	1000000	(0,0)	2022-09-28 19:58:50.744926+00	2022-09-28 19:58:50.744926+00
9823	AE	1000000	(0,0)	2022-09-28 19:58:50.744926+00	2022-09-28 19:58:50.744926+00
9824	AE	1000000	(0,0)	2022-09-28 19:58:50.744926+00	2022-09-28 19:58:50.744926+00
9825	AE	1000000	(0,0)	2022-09-28 19:58:50.744926+00	2022-09-28 19:58:50.744926+00
9826	AE	1000000	(0,0)	2022-09-28 19:58:50.744926+00	2022-09-28 19:58:50.744926+00
9827	AE	1000000	(0,0)	2022-09-28 19:58:50.744926+00	2022-09-28 19:58:50.744926+00
9828	AE	1000000	(0,0)	2022-09-28 19:58:50.744926+00	2022-09-28 19:58:50.744926+00
9829	AE	1000000	(0,0)	2022-09-28 19:58:50.744926+00	2022-09-28 19:58:50.744926+00
9830	AE	1000000	(0,0)	2022-09-28 19:58:50.744926+00	2022-09-28 19:58:50.744926+00
9831	AE	1000000	(0,0)	2022-09-28 19:58:50.744926+00	2022-09-28 19:58:50.744926+00
9832	AE	1000000	(0,0)	2022-09-28 19:58:50.744926+00	2022-09-28 19:58:50.744926+00
9833	AE	1000000	(0,0)	2022-09-28 19:58:50.744926+00	2022-09-28 19:58:50.744926+00
9834	AE	1000000	(0,0)	2022-09-28 19:58:50.744926+00	2022-09-28 19:58:50.744926+00
9836	AE	1000000	(0,0)	2022-09-28 19:58:50.744926+00	2022-09-28 19:58:50.744926+00
9837	AE	1000000	(0,0)	2022-09-28 19:58:50.744926+00	2022-09-28 19:58:50.744926+00
9838	AE	1000000	(0,0)	2022-09-28 19:58:50.744926+00	2022-09-28 19:58:50.744926+00
9839	AE	1000000	(0,0)	2022-09-28 19:58:50.744926+00	2022-09-28 19:58:50.744926+00
9841	AE	1000000	(0,0)	2022-09-28 19:58:50.744926+00	2022-09-28 19:58:50.744926+00
9842	AE	1000000	(0,0)	2022-09-28 19:58:50.744926+00	2022-09-28 19:58:50.744926+00
9844	AE	1000000	(0,0)	2022-09-28 19:58:50.744926+00	2022-09-28 19:58:50.744926+00
9845	AE	1000000	(0,0)	2022-09-28 19:58:50.744926+00	2022-09-28 19:58:50.744926+00
9846	AE	1000000	(0,0)	2022-09-28 19:58:50.744926+00	2022-09-28 19:58:50.744926+00
9847	AE	1000000	(0,0)	2022-09-28 19:58:50.744926+00	2022-09-28 19:58:50.744926+00
9848	AE	1000000	(0,0)	2022-09-28 19:58:50.744926+00	2022-09-28 19:58:50.744926+00
9851	AE	1000000	(0,0)	2022-09-28 19:58:50.744926+00	2022-09-28 19:58:50.744926+00
9852	AE	1000000	(0,0)	2022-09-28 19:58:50.744926+00	2022-09-28 19:58:50.744926+00
9853	AE	1000000	(0,0)	2022-09-28 19:58:50.744926+00	2022-09-28 19:58:50.744926+00
9854	AE	1000000	(0,0)	2022-09-28 19:58:50.744926+00	2022-09-28 19:58:50.744926+00
9855	AE	1000000	(0,0)	2022-09-28 19:58:50.744926+00	2022-09-28 19:58:50.744926+00
9856	AE	1000000	(0,0)	2022-09-28 19:58:50.744926+00	2022-09-28 19:58:50.744926+00
9857	AE	1000000	(0,0)	2022-09-28 19:58:50.744926+00	2022-09-28 19:58:50.744926+00
9858	AE	1000000	(0,0)	2022-09-28 19:58:50.744926+00	2022-09-28 19:58:50.744926+00
9859	AE	1000000	(0,0)	2022-09-28 19:58:50.744926+00	2022-09-28 19:58:50.744926+00
9860	AE	1000000	(0,0)	2022-09-28 19:58:50.744926+00	2022-09-28 19:58:50.744926+00
9861	AE	1000000	(0,0)	2022-09-28 19:58:50.744926+00	2022-09-28 19:58:50.744926+00
9862	AE	1000000	(0,0)	2022-09-28 19:58:50.744926+00	2022-09-28 19:58:50.744926+00
9863	AE	1000000	(0,0)	2022-09-28 19:58:50.744926+00	2022-09-28 19:58:50.744926+00
9864	AE	1000000	(0,0)	2022-09-28 19:58:50.744926+00	2022-09-28 19:58:50.744926+00
9865	AE	1000000	(0,0)	2022-09-28 19:58:50.744926+00	2022-09-28 19:58:50.744926+00
9867	AE	1000000	(0,0)	2022-09-28 19:58:50.744926+00	2022-09-28 19:58:50.744926+00
9868	AE	1000000	(0,0)	2022-09-28 19:58:50.744926+00	2022-09-28 19:58:50.744926+00
9869	AE	1000000	(0,0)	2022-09-28 19:58:50.744926+00	2022-09-28 19:58:50.744926+00
9870	AE	1000000	(0,0)	2022-09-28 19:58:50.744926+00	2022-09-28 19:58:50.744926+00
9873	AE	1000000	(0,0)	2022-09-28 19:58:50.744926+00	2022-09-28 19:58:50.744926+00
9874	AE	1000000	(0,0)	2022-09-28 19:58:50.744926+00	2022-09-28 19:58:50.744926+00
9875	AE	1000000	(0,0)	2022-09-28 19:58:50.744926+00	2022-09-28 19:58:50.744926+00
9876	AE	1000000	(0,0)	2022-09-28 19:58:50.744926+00	2022-09-28 19:58:50.744926+00
9877	AE	1000000	(0,0)	2022-09-28 19:58:50.744926+00	2022-09-28 19:58:50.744926+00
9880	AE	1000000	(0,0)	2022-09-28 19:58:50.744926+00	2022-09-28 19:58:50.744926+00
9890	AE	1000000	(0,0)	2022-09-28 19:58:50.744926+00	2022-09-28 19:58:50.744926+00
9892	AE	1000000	(0,0)	2022-09-28 19:58:50.744926+00	2022-09-28 19:58:50.744926+00
9895	AE	1000000	(0,0)	2022-09-28 19:58:50.744926+00	2022-09-28 19:58:50.744926+00
9898	AE	1000000	(0,0)	2022-09-28 19:58:50.744926+00	2022-09-28 19:58:50.744926+00
9901	AE	1000000	(0,0)	2022-09-28 19:58:50.744926+00	2022-09-28 19:58:50.744926+00
9902	AE	1000000	(0,0)	2022-09-28 19:58:50.744926+00	2022-09-28 19:58:50.744926+00
9903	AE	1000000	(0,0)	2022-09-28 19:58:50.744926+00	2022-09-28 19:58:50.744926+00
9904	AE	1000000	(0,0)	2022-09-28 19:58:50.744926+00	2022-09-28 19:58:50.744926+00
9908	AE	1000000	(0,0)	2022-09-28 19:58:50.744926+00	2022-09-28 19:58:50.744926+00
9909	AE	1000000	(0,0)	2022-09-28 19:58:50.744926+00	2022-09-28 19:58:50.744926+00
9910	AE	1000000	(0,0)	2022-09-28 19:58:50.744926+00	2022-09-28 19:58:50.744926+00
9974	AE	1000000	(0,0)	2022-09-28 19:58:50.744926+00	2022-09-28 19:58:50.744926+00
9975	AE	1000000	(0,0)	2022-09-28 19:58:50.744926+00	2022-09-28 19:58:50.744926+00
9976	AE	1000000	(0,0)	2022-09-28 19:58:50.744926+00	2022-09-28 19:58:50.744926+00
9977	AE	1000000	(0,0)	2022-09-28 19:58:50.744926+00	2022-09-28 19:58:50.744926+00
34001	AA	1000000	(0,0)	2022-09-28 19:58:50.744926+00	2022-09-28 19:58:50.744926+00
34002	AA	1000000	(0,0)	2022-09-28 19:58:50.744926+00	2022-09-28 19:58:50.744926+00
34004	AA	1000000	(0,0)	2022-09-28 19:58:50.744926+00	2022-09-28 19:58:50.744926+00
34007	AA	1000000	(0,0)	2022-09-28 19:58:50.744926+00	2022-09-28 19:58:50.744926+00
34008	AA	1000000	(0,0)	2022-09-28 19:58:50.744926+00	2022-09-28 19:58:50.744926+00
34011	AA	1000000	(0,0)	2022-09-28 19:58:50.744926+00	2022-09-28 19:58:50.744926+00
34020	AA	1000000	(0,0)	2022-09-28 19:58:50.744926+00	2022-09-28 19:58:50.744926+00
34021	AA	1000000	(0,0)	2022-09-28 19:58:50.744926+00	2022-09-28 19:58:50.744926+00
34022	AA	1000000	(0,0)	2022-09-28 19:58:50.744926+00	2022-09-28 19:58:50.744926+00
34023	AA	1000000	(0,0)	2022-09-28 19:58:50.744926+00	2022-09-28 19:58:50.744926+00
34024	AA	1000000	(0,0)	2022-09-28 19:58:50.744926+00	2022-09-28 19:58:50.744926+00
34025	AA	1000000	(0,0)	2022-09-28 19:58:50.744926+00	2022-09-28 19:58:50.744926+00
34030	AA	1000000	(0,0)	2022-09-28 19:58:50.744926+00	2022-09-28 19:58:50.744926+00
34031	AA	1000000	(0,0)	2022-09-28 19:58:50.744926+00	2022-09-28 19:58:50.744926+00
34032	AA	1000000	(0,0)	2022-09-28 19:58:50.744926+00	2022-09-28 19:58:50.744926+00
34033	AA	1000000	(0,0)	2022-09-28 19:58:50.744926+00	2022-09-28 19:58:50.744926+00
34034	AA	1000000	(0,0)	2022-09-28 19:58:50.744926+00	2022-09-28 19:58:50.744926+00
34035	AA	1000000	(0,0)	2022-09-28 19:58:50.744926+00	2022-09-28 19:58:50.744926+00
34036	AA	1000000	(0,0)	2022-09-28 19:58:50.744926+00	2022-09-28 19:58:50.744926+00
34037	AA	1000000	(0,0)	2022-09-28 19:58:50.744926+00	2022-09-28 19:58:50.744926+00
34038	AA	1000000	(0,0)	2022-09-28 19:58:50.744926+00	2022-09-28 19:58:50.744926+00
34039	AA	1000000	(0,0)	2022-09-28 19:58:50.744926+00	2022-09-28 19:58:50.744926+00
34041	AA	1000000	(0,0)	2022-09-28 19:58:50.744926+00	2022-09-28 19:58:50.744926+00
34042	AA	1000000	(0,0)	2022-09-28 19:58:50.744926+00	2022-09-28 19:58:50.744926+00
34044	AA	1000000	(0,0)	2022-09-28 19:58:50.744926+00	2022-09-28 19:58:50.744926+00
34050	AA	1000000	(0,0)	2022-09-28 19:58:50.744926+00	2022-09-28 19:58:50.744926+00
34051	AA	1000000	(0,0)	2022-09-28 19:58:50.744926+00	2022-09-28 19:58:50.744926+00
34052	AA	1000000	(0,0)	2022-09-28 19:58:50.744926+00	2022-09-28 19:58:50.744926+00
34053	AA	1000000	(0,0)	2022-09-28 19:58:50.744926+00	2022-09-28 19:58:50.744926+00
34054	AA	1000000	(0,0)	2022-09-28 19:58:50.744926+00	2022-09-28 19:58:50.744926+00
34055	AA	1000000	(0,0)	2022-09-28 19:58:50.744926+00	2022-09-28 19:58:50.744926+00
34058	AA	1000000	(0,0)	2022-09-28 19:58:50.744926+00	2022-09-28 19:58:50.744926+00
34060	AA	1000000	(0,0)	2022-09-28 19:58:50.744926+00	2022-09-28 19:58:50.744926+00
34066	AA	1000000	(0,0)	2022-09-28 19:58:50.744926+00	2022-09-28 19:58:50.744926+00
34067	AA	1000000	(0,0)	2022-09-28 19:58:50.744926+00	2022-09-28 19:58:50.744926+00
34068	AA	1000000	(0,0)	2022-09-28 19:58:50.744926+00	2022-09-28 19:58:50.744926+00
34069	AA	1000000	(0,0)	2022-09-28 19:58:50.744926+00	2022-09-28 19:58:50.744926+00
34078	AA	1000000	(0,0)	2022-09-28 19:58:50.744926+00	2022-09-28 19:58:50.744926+00
34080	AA	1000000	(0,0)	2022-09-28 19:58:50.744926+00	2022-09-28 19:58:50.744926+00
34081	AA	1000000	(0,0)	2022-09-28 19:58:50.744926+00	2022-09-28 19:58:50.744926+00
34082	AA	1000000	(0,0)	2022-09-28 19:58:50.744926+00	2022-09-28 19:58:50.744926+00
34083	AA	1000000	(0,0)	2022-09-28 19:58:50.744926+00	2022-09-28 19:58:50.744926+00
34084	AA	1000000	(0,0)	2022-09-28 19:58:50.744926+00	2022-09-28 19:58:50.744926+00
34085	AA	1000000	(0,0)	2022-09-28 19:58:50.744926+00	2022-09-28 19:58:50.744926+00
34086	AA	1000000	(0,0)	2022-09-28 19:58:50.744926+00	2022-09-28 19:58:50.744926+00
34087	AA	1000000	(0,0)	2022-09-28 19:58:50.744926+00	2022-09-28 19:58:50.744926+00
34088	AA	1000000	(0,0)	2022-09-28 19:58:50.744926+00	2022-09-28 19:58:50.744926+00
34089	AA	1000000	(0,0)	2022-09-28 19:58:50.744926+00	2022-09-28 19:58:50.744926+00
34090	AA	1000000	(0,0)	2022-09-28 19:58:50.744926+00	2022-09-28 19:58:50.744926+00
34091	AA	1000000	(0,0)	2022-09-28 19:58:50.744926+00	2022-09-28 19:58:50.744926+00
34092	AA	1000000	(0,0)	2022-09-28 19:58:50.744926+00	2022-09-28 19:58:50.744926+00
34093	AA	1000000	(0,0)	2022-09-28 19:58:50.744926+00	2022-09-28 19:58:50.744926+00
34094	AA	1000000	(0,0)	2022-09-28 19:58:50.744926+00	2022-09-28 19:58:50.744926+00
34095	AA	1000000	(0,0)	2022-09-28 19:58:50.744926+00	2022-09-28 19:58:50.744926+00
96201	AP	1000000	(0,0)	2022-09-28 19:58:50.744926+00	2022-09-28 19:58:50.744926+00
96202	AP	1000000	(0,0)	2022-09-28 19:58:50.744926+00	2022-09-28 19:58:50.744926+00
96203	AP	1000000	(0,0)	2022-09-28 19:58:50.744926+00	2022-09-28 19:58:50.744926+00
96204	AP	1000000	(0,0)	2022-09-28 19:58:50.744926+00	2022-09-28 19:58:50.744926+00
96205	AP	1000000	(0,0)	2022-09-28 19:58:50.744926+00	2022-09-28 19:58:50.744926+00
96206	AP	1000000	(0,0)	2022-09-28 19:58:50.744926+00	2022-09-28 19:58:50.744926+00
96207	AP	1000000	(0,0)	2022-09-28 19:58:50.744926+00	2022-09-28 19:58:50.744926+00
96208	AP	1000000	(0,0)	2022-09-28 19:58:50.744926+00	2022-09-28 19:58:50.744926+00
96209	AP	1000000	(0,0)	2022-09-28 19:58:50.744926+00	2022-09-28 19:58:50.744926+00
96210	AP	1000000	(0,0)	2022-09-28 19:58:50.744926+00	2022-09-28 19:58:50.744926+00
96212	AP	1000000	(0,0)	2022-09-28 19:58:50.744926+00	2022-09-28 19:58:50.744926+00
96213	AP	1000000	(0,0)	2022-09-28 19:58:50.744926+00	2022-09-28 19:58:50.744926+00
96214	AP	1000000	(0,0)	2022-09-28 19:58:50.744926+00	2022-09-28 19:58:50.744926+00
96218	AP	1000000	(0,0)	2022-09-28 19:58:50.744926+00	2022-09-28 19:58:50.744926+00
96224	AP	1000000	(0,0)	2022-09-28 19:58:50.744926+00	2022-09-28 19:58:50.744926+00
96251	AP	1000000	(0,0)	2022-09-28 19:58:50.744926+00	2022-09-28 19:58:50.744926+00
96257	AP	1000000	(0,0)	2022-09-28 19:58:50.744926+00	2022-09-28 19:58:50.744926+00
96258	AP	1000000	(0,0)	2022-09-28 19:58:50.744926+00	2022-09-28 19:58:50.744926+00
96260	AP	1000000	(0,0)	2022-09-28 19:58:50.744926+00	2022-09-28 19:58:50.744926+00
96262	AP	1000000	(0,0)	2022-09-28 19:58:50.744926+00	2022-09-28 19:58:50.744926+00
96264	AP	1000000	(0,0)	2022-09-28 19:58:50.744926+00	2022-09-28 19:58:50.744926+00
96266	AP	1000000	(0,0)	2022-09-28 19:58:50.744926+00	2022-09-28 19:58:50.744926+00
96267	AP	1000000	(0,0)	2022-09-28 19:58:50.744926+00	2022-09-28 19:58:50.744926+00
96269	AP	1000000	(0,0)	2022-09-28 19:58:50.744926+00	2022-09-28 19:58:50.744926+00
96271	AP	1000000	(0,0)	2022-09-28 19:58:50.744926+00	2022-09-28 19:58:50.744926+00
96273	AP	1000000	(0,0)	2022-09-28 19:58:50.744926+00	2022-09-28 19:58:50.744926+00
96275	AP	1000000	(0,0)	2022-09-28 19:58:50.744926+00	2022-09-28 19:58:50.744926+00
96276	AP	1000000	(0,0)	2022-09-28 19:58:50.744926+00	2022-09-28 19:58:50.744926+00
96278	AP	1000000	(0,0)	2022-09-28 19:58:50.744926+00	2022-09-28 19:58:50.744926+00
96283	AP	1000000	(0,0)	2022-09-28 19:58:50.744926+00	2022-09-28 19:58:50.744926+00
96284	AP	1000000	(0,0)	2022-09-28 19:58:50.744926+00	2022-09-28 19:58:50.744926+00
96297	AP	1000000	(0,0)	2022-09-28 19:58:50.744926+00	2022-09-28 19:58:50.744926+00
96301	AP	1000000	(0,0)	2022-09-28 19:58:50.744926+00	2022-09-28 19:58:50.744926+00
96303	AP	1000000	(0,0)	2022-09-28 19:58:50.744926+00	2022-09-28 19:58:50.744926+00
96306	AP	1000000	(0,0)	2022-09-28 19:58:50.744926+00	2022-09-28 19:58:50.744926+00
96309	AP	1000000	(0,0)	2022-09-28 19:58:50.744926+00	2022-09-28 19:58:50.744926+00
96310	AP	1000000	(0,0)	2022-09-28 19:58:50.744926+00	2022-09-28 19:58:50.744926+00
96311	AP	1000000	(0,0)	2022-09-28 19:58:50.744926+00	2022-09-28 19:58:50.744926+00
96315	AP	1000000	(0,0)	2022-09-28 19:58:50.744926+00	2022-09-28 19:58:50.744926+00
96319	AP	1000000	(0,0)	2022-09-28 19:58:50.744926+00	2022-09-28 19:58:50.744926+00
96321	AP	1000000	(0,0)	2022-09-28 19:58:50.744926+00	2022-09-28 19:58:50.744926+00
96322	AP	1000000	(0,0)	2022-09-28 19:58:50.744926+00	2022-09-28 19:58:50.744926+00
96323	AP	1000000	(0,0)	2022-09-28 19:58:50.744926+00	2022-09-28 19:58:50.744926+00
96326	AP	1000000	(0,0)	2022-09-28 19:58:50.744926+00	2022-09-28 19:58:50.744926+00
96328	AP	1000000	(0,0)	2022-09-28 19:58:50.744926+00	2022-09-28 19:58:50.744926+00
96330	AP	1000000	(0,0)	2022-09-28 19:58:50.744926+00	2022-09-28 19:58:50.744926+00
96331	AP	1000000	(0,0)	2022-09-28 19:58:50.744926+00	2022-09-28 19:58:50.744926+00
96336	AP	1000000	(0,0)	2022-09-28 19:58:50.744926+00	2022-09-28 19:58:50.744926+00
96337	AP	1000000	(0,0)	2022-09-28 19:58:50.744926+00	2022-09-28 19:58:50.744926+00
96338	AP	1000000	(0,0)	2022-09-28 19:58:50.744926+00	2022-09-28 19:58:50.744926+00
96339	AP	1000000	(0,0)	2022-09-28 19:58:50.744926+00	2022-09-28 19:58:50.744926+00
96343	AP	1000000	(0,0)	2022-09-28 19:58:50.744926+00	2022-09-28 19:58:50.744926+00
96346	AP	1000000	(0,0)	2022-09-28 19:58:50.744926+00	2022-09-28 19:58:50.744926+00
96347	AP	1000000	(0,0)	2022-09-28 19:58:50.744926+00	2022-09-28 19:58:50.744926+00
96349	AP	1000000	(0,0)	2022-09-28 19:58:50.744926+00	2022-09-28 19:58:50.744926+00
96350	AP	1000000	(0,0)	2022-09-28 19:58:50.744926+00	2022-09-28 19:58:50.744926+00
96351	AP	1000000	(0,0)	2022-09-28 19:58:50.744926+00	2022-09-28 19:58:50.744926+00
96362	AP	1000000	(0,0)	2022-09-28 19:58:50.744926+00	2022-09-28 19:58:50.744926+00
96365	AP	1000000	(0,0)	2022-09-28 19:58:50.744926+00	2022-09-28 19:58:50.744926+00
96367	AP	1000000	(0,0)	2022-09-28 19:58:50.744926+00	2022-09-28 19:58:50.744926+00
96368	AP	1000000	(0,0)	2022-09-28 19:58:50.744926+00	2022-09-28 19:58:50.744926+00
96370	AP	1000000	(0,0)	2022-09-28 19:58:50.744926+00	2022-09-28 19:58:50.744926+00
96371	AP	1000000	(0,0)	2022-09-28 19:58:50.744926+00	2022-09-28 19:58:50.744926+00
96372	AP	1000000	(0,0)	2022-09-28 19:58:50.744926+00	2022-09-28 19:58:50.744926+00
96373	AP	1000000	(0,0)	2022-09-28 19:58:50.744926+00	2022-09-28 19:58:50.744926+00
96374	AP	1000000	(0,0)	2022-09-28 19:58:50.744926+00	2022-09-28 19:58:50.744926+00
96375	AP	1000000	(0,0)	2022-09-28 19:58:50.744926+00	2022-09-28 19:58:50.744926+00
96376	AP	1000000	(0,0)	2022-09-28 19:58:50.744926+00	2022-09-28 19:58:50.744926+00
96377	AP	1000000	(0,0)	2022-09-28 19:58:50.744926+00	2022-09-28 19:58:50.744926+00
96378	AP	1000000	(0,0)	2022-09-28 19:58:50.744926+00	2022-09-28 19:58:50.744926+00
96379	AP	1000000	(0,0)	2022-09-28 19:58:50.744926+00	2022-09-28 19:58:50.744926+00
96380	AP	1000000	(0,0)	2022-09-28 19:58:50.744926+00	2022-09-28 19:58:50.744926+00
96382	AP	1000000	(0,0)	2022-09-28 19:58:50.744926+00	2022-09-28 19:58:50.744926+00
96384	AP	1000000	(0,0)	2022-09-28 19:58:50.744926+00	2022-09-28 19:58:50.744926+00
96385	AP	1000000	(0,0)	2022-09-28 19:58:50.744926+00	2022-09-28 19:58:50.744926+00
96386	AP	1000000	(0,0)	2022-09-28 19:58:50.744926+00	2022-09-28 19:58:50.744926+00
96387	AP	1000000	(0,0)	2022-09-28 19:58:50.744926+00	2022-09-28 19:58:50.744926+00
96388	AP	1000000	(0,0)	2022-09-28 19:58:50.744926+00	2022-09-28 19:58:50.744926+00
96389	AP	1000000	(0,0)	2022-09-28 19:58:50.744926+00	2022-09-28 19:58:50.744926+00
96401	AP	1000000	(0,0)	2022-09-28 19:58:50.744926+00	2022-09-28 19:58:50.744926+00
96502	AP	1000000	(0,0)	2022-09-28 19:58:50.744926+00	2022-09-28 19:58:50.744926+00
96504	AP	1000000	(0,0)	2022-09-28 19:58:50.744926+00	2022-09-28 19:58:50.744926+00
96505	AP	1000000	(0,0)	2022-09-28 19:58:50.744926+00	2022-09-28 19:58:50.744926+00
96507	AP	1000000	(0,0)	2022-09-28 19:58:50.744926+00	2022-09-28 19:58:50.744926+00
96510	AP	1000000	(0,0)	2022-09-28 19:58:50.744926+00	2022-09-28 19:58:50.744926+00
96511	AP	1000000	(0,0)	2022-09-28 19:58:50.744926+00	2022-09-28 19:58:50.744926+00
96515	AP	1000000	(0,0)	2022-09-28 19:58:50.744926+00	2022-09-28 19:58:50.744926+00
96516	AP	1000000	(0,0)	2022-09-28 19:58:50.744926+00	2022-09-28 19:58:50.744926+00
96517	AP	1000000	(0,0)	2022-09-28 19:58:50.744926+00	2022-09-28 19:58:50.744926+00
96520	AP	1000000	(0,0)	2022-09-28 19:58:50.744926+00	2022-09-28 19:58:50.744926+00
96521	AP	1000000	(0,0)	2022-09-28 19:58:50.744926+00	2022-09-28 19:58:50.744926+00
96522	AP	1000000	(0,0)	2022-09-28 19:58:50.744926+00	2022-09-28 19:58:50.744926+00
96530	AP	1000000	(0,0)	2022-09-28 19:58:50.744926+00	2022-09-28 19:58:50.744926+00
96531	AP	1000000	(0,0)	2022-09-28 19:58:50.744926+00	2022-09-28 19:58:50.744926+00
96532	AP	1000000	(0,0)	2022-09-28 19:58:50.744926+00	2022-09-28 19:58:50.744926+00
96534	AP	1000000	(0,0)	2022-09-28 19:58:50.744926+00	2022-09-28 19:58:50.744926+00
96535	AP	1000000	(0,0)	2022-09-28 19:58:50.744926+00	2022-09-28 19:58:50.744926+00
96537	AP	1000000	(0,0)	2022-09-28 19:58:50.744926+00	2022-09-28 19:58:50.744926+00
96539	AP	1000000	(0,0)	2022-09-28 19:58:50.744926+00	2022-09-28 19:58:50.744926+00
96540	AP	1000000	(0,0)	2022-09-28 19:58:50.744926+00	2022-09-28 19:58:50.744926+00
96542	AP	1000000	(0,0)	2022-09-28 19:58:50.744926+00	2022-09-28 19:58:50.744926+00
96543	AP	1000000	(0,0)	2022-09-28 19:58:50.744926+00	2022-09-28 19:58:50.744926+00
96546	AP	1000000	(0,0)	2022-09-28 19:58:50.744926+00	2022-09-28 19:58:50.744926+00
96548	AP	1000000	(0,0)	2022-09-28 19:58:50.744926+00	2022-09-28 19:58:50.744926+00
96549	AP	1000000	(0,0)	2022-09-28 19:58:50.744926+00	2022-09-28 19:58:50.744926+00
96550	AP	1000000	(0,0)	2022-09-28 19:58:50.744926+00	2022-09-28 19:58:50.744926+00
96551	AP	1000000	(0,0)	2022-09-28 19:58:50.744926+00	2022-09-28 19:58:50.744926+00
96552	AP	1000000	(0,0)	2022-09-28 19:58:50.744926+00	2022-09-28 19:58:50.744926+00
96553	AP	1000000	(0,0)	2022-09-28 19:58:50.744926+00	2022-09-28 19:58:50.744926+00
96554	AP	1000000	(0,0)	2022-09-28 19:58:50.744926+00	2022-09-28 19:58:50.744926+00
96555	AP	1000000	(0,0)	2022-09-28 19:58:50.744926+00	2022-09-28 19:58:50.744926+00
96557	AP	1000000	(0,0)	2022-09-28 19:58:50.744926+00	2022-09-28 19:58:50.744926+00
96562	AP	1000000	(0,0)	2022-09-28 19:58:50.744926+00	2022-09-28 19:58:50.744926+00
96577	AP	1000000	(0,0)	2022-09-28 19:58:50.744926+00	2022-09-28 19:58:50.744926+00
96578	AP	1000000	(0,0)	2022-09-28 19:58:50.744926+00	2022-09-28 19:58:50.744926+00
96595	AP	1000000	(0,0)	2022-09-28 19:58:50.744926+00	2022-09-28 19:58:50.744926+00
96598	AP	1000000	(0,0)	2022-09-28 19:58:50.744926+00	2022-09-28 19:58:50.744926+00
96599	AP	1000000	(0,0)	2022-09-28 19:58:50.744926+00	2022-09-28 19:58:50.744926+00
96601	AP	1000000	(0,0)	2022-09-28 19:58:50.744926+00	2022-09-28 19:58:50.744926+00
96602	AP	1000000	(0,0)	2022-09-28 19:58:50.744926+00	2022-09-28 19:58:50.744926+00
96603	AP	1000000	(0,0)	2022-09-28 19:58:50.744926+00	2022-09-28 19:58:50.744926+00
96604	AP	1000000	(0,0)	2022-09-28 19:58:50.744926+00	2022-09-28 19:58:50.744926+00
96605	AP	1000000	(0,0)	2022-09-28 19:58:50.744926+00	2022-09-28 19:58:50.744926+00
96606	AP	1000000	(0,0)	2022-09-28 19:58:50.744926+00	2022-09-28 19:58:50.744926+00
96607	AP	1000000	(0,0)	2022-09-28 19:58:50.744926+00	2022-09-28 19:58:50.744926+00
96608	AP	1000000	(0,0)	2022-09-28 19:58:50.744926+00	2022-09-28 19:58:50.744926+00
96609	AP	1000000	(0,0)	2022-09-28 19:58:50.744926+00	2022-09-28 19:58:50.744926+00
96610	AP	1000000	(0,0)	2022-09-28 19:58:50.744926+00	2022-09-28 19:58:50.744926+00
96611	AP	1000000	(0,0)	2022-09-28 19:58:50.744926+00	2022-09-28 19:58:50.744926+00
96612	AP	1000000	(0,0)	2022-09-28 19:58:50.744926+00	2022-09-28 19:58:50.744926+00
96613	AP	1000000	(0,0)	2022-09-28 19:58:50.744926+00	2022-09-28 19:58:50.744926+00
96615	AP	1000000	(0,0)	2022-09-28 19:58:50.744926+00	2022-09-28 19:58:50.744926+00
96616	AP	1000000	(0,0)	2022-09-28 19:58:50.744926+00	2022-09-28 19:58:50.744926+00
96617	AP	1000000	(0,0)	2022-09-28 19:58:50.744926+00	2022-09-28 19:58:50.744926+00
96619	AP	1000000	(0,0)	2022-09-28 19:58:50.744926+00	2022-09-28 19:58:50.744926+00
96620	AP	1000000	(0,0)	2022-09-28 19:58:50.744926+00	2022-09-28 19:58:50.744926+00
96628	AP	1000000	(0,0)	2022-09-28 19:58:50.744926+00	2022-09-28 19:58:50.744926+00
96629	AP	1000000	(0,0)	2022-09-28 19:58:50.744926+00	2022-09-28 19:58:50.744926+00
96632	AP	1000000	(0,0)	2022-09-28 19:58:50.744926+00	2022-09-28 19:58:50.744926+00
96633	AP	1000000	(0,0)	2022-09-28 19:58:50.744926+00	2022-09-28 19:58:50.744926+00
96641	AP	1000000	(0,0)	2022-09-28 19:58:50.744926+00	2022-09-28 19:58:50.744926+00
96642	AP	1000000	(0,0)	2022-09-28 19:58:50.744926+00	2022-09-28 19:58:50.744926+00
96643	AP	1000000	(0,0)	2022-09-28 19:58:50.744926+00	2022-09-28 19:58:50.744926+00
96644	AP	1000000	(0,0)	2022-09-28 19:58:50.744926+00	2022-09-28 19:58:50.744926+00
96645	AP	1000000	(0,0)	2022-09-28 19:58:50.744926+00	2022-09-28 19:58:50.744926+00
96649	AP	1000000	(0,0)	2022-09-28 19:58:50.744926+00	2022-09-28 19:58:50.744926+00
96650	AP	1000000	(0,0)	2022-09-28 19:58:50.744926+00	2022-09-28 19:58:50.744926+00
96657	AP	1000000	(0,0)	2022-09-28 19:58:50.744926+00	2022-09-28 19:58:50.744926+00
96660	AP	1000000	(0,0)	2022-09-28 19:58:50.744926+00	2022-09-28 19:58:50.744926+00
96661	AP	1000000	(0,0)	2022-09-28 19:58:50.744926+00	2022-09-28 19:58:50.744926+00
96662	AP	1000000	(0,0)	2022-09-28 19:58:50.744926+00	2022-09-28 19:58:50.744926+00
96663	AP	1000000	(0,0)	2022-09-28 19:58:50.744926+00	2022-09-28 19:58:50.744926+00
96664	AP	1000000	(0,0)	2022-09-28 19:58:50.744926+00	2022-09-28 19:58:50.744926+00
96665	AP	1000000	(0,0)	2022-09-28 19:58:50.744926+00	2022-09-28 19:58:50.744926+00
96666	AP	1000000	(0,0)	2022-09-28 19:58:50.744926+00	2022-09-28 19:58:50.744926+00
96667	AP	1000000	(0,0)	2022-09-28 19:58:50.744926+00	2022-09-28 19:58:50.744926+00
96668	AP	1000000	(0,0)	2022-09-28 19:58:50.744926+00	2022-09-28 19:58:50.744926+00
96669	AP	1000000	(0,0)	2022-09-28 19:58:50.744926+00	2022-09-28 19:58:50.744926+00
96670	AP	1000000	(0,0)	2022-09-28 19:58:50.744926+00	2022-09-28 19:58:50.744926+00
96671	AP	1000000	(0,0)	2022-09-28 19:58:50.744926+00	2022-09-28 19:58:50.744926+00
96672	AP	1000000	(0,0)	2022-09-28 19:58:50.744926+00	2022-09-28 19:58:50.744926+00
96673	AP	1000000	(0,0)	2022-09-28 19:58:50.744926+00	2022-09-28 19:58:50.744926+00
96674	AP	1000000	(0,0)	2022-09-28 19:58:50.744926+00	2022-09-28 19:58:50.744926+00
96675	AP	1000000	(0,0)	2022-09-28 19:58:50.744926+00	2022-09-28 19:58:50.744926+00
96677	AP	1000000	(0,0)	2022-09-28 19:58:50.744926+00	2022-09-28 19:58:50.744926+00
96678	AP	1000000	(0,0)	2022-09-28 19:58:50.744926+00	2022-09-28 19:58:50.744926+00
96679	AP	1000000	(0,0)	2022-09-28 19:58:50.744926+00	2022-09-28 19:58:50.744926+00
96681	AP	1000000	(0,0)	2022-09-28 19:58:50.744926+00	2022-09-28 19:58:50.744926+00
96682	AP	1000000	(0,0)	2022-09-28 19:58:50.744926+00	2022-09-28 19:58:50.744926+00
96683	AP	1000000	(0,0)	2022-09-28 19:58:50.744926+00	2022-09-28 19:58:50.744926+00
96686	AP	1000000	(0,0)	2022-09-28 19:58:50.744926+00	2022-09-28 19:58:50.744926+00
96691	AP	1000000	(0,0)	2022-09-28 19:58:50.744926+00	2022-09-28 19:58:50.744926+00
96692	AP	1000000	(0,0)	2022-09-28 19:58:50.744926+00	2022-09-28 19:58:50.744926+00
96693	AP	1000000	(0,0)	2022-09-28 19:58:50.744926+00	2022-09-28 19:58:50.744926+00
96694	AP	1000000	(0,0)	2022-09-28 19:58:50.744926+00	2022-09-28 19:58:50.744926+00
96695	AP	1000000	(0,0)	2022-09-28 19:58:50.744926+00	2022-09-28 19:58:50.744926+00
96696	AP	1000000	(0,0)	2022-09-28 19:58:50.744926+00	2022-09-28 19:58:50.744926+00
96698	AP	1000000	(0,0)	2022-09-28 19:58:50.744926+00	2022-09-28 19:58:50.744926+00
601	PR	16001	(18.16,-66.72)	2022-09-28 19:58:50.744926+00	2022-09-28 19:58:50.744926+00
602	PR	19801	(18.38,-67.18)	2022-09-28 19:58:50.744926+00	2022-09-28 19:58:50.744926+00
603	PR	18973	(18.43,-67.15)	2022-09-28 19:58:50.744926+00	2022-09-28 19:58:50.744926+00
604	PR	0	(18.43,-67.15)	2022-09-28 19:58:50.744926+00	2022-09-28 19:58:50.744926+00
605	PR	0	(18.43,-67.15)	2022-09-28 19:58:50.744926+00	2022-09-28 19:58:50.744926+00
606	PR	15298	(18.18,-66.98)	2022-09-28 19:58:50.744926+00	2022-09-28 19:58:50.744926+00
610	PR	23612	(18.28,-67.14)	2022-09-28 19:58:50.744926+00	2022-09-28 19:58:50.744926+00
611	PR	0	(18.28,-66.79)	2022-09-28 19:58:50.744926+00	2022-09-28 19:58:50.744926+00
612	PR	24339	(18.45,-66.73)	2022-09-28 19:58:50.744926+00	2022-09-28 19:58:50.744926+00
613	PR	0	(18.45,-66.73)	2022-09-28 19:58:50.744926+00	2022-09-28 19:58:50.744926+00
614	PR	0	(18.45,-66.73)	2022-09-28 19:58:50.744926+00	2022-09-28 19:58:50.744926+00
616	PR	20805	(18.42,-66.67)	2022-09-28 19:58:50.744926+00	2022-09-28 19:58:50.744926+00
617	PR	19838	(18.45,-66.56)	2022-09-28 19:58:50.744926+00	2022-09-28 19:58:50.744926+00
622	PR	17290	(17.99,-67.15)	2022-09-28 19:58:50.744926+00	2022-09-28 19:58:50.744926+00
623	PR	20448	(18.08,-67.14)	2022-09-28 19:58:50.744926+00	2022-09-28 19:58:50.744926+00
624	PR	19342	(18.06,-66.72)	2022-09-28 19:58:50.744926+00	2022-09-28 19:58:50.744926+00
627	PR	20616	(18.48,-66.84)	2022-09-28 19:58:50.744926+00	2022-09-28 19:58:50.744926+00
631	PR	12188	(18.19,-66.82)	2022-09-28 19:58:50.744926+00	2022-09-28 19:58:50.744926+00
636	PR	0	(18.15,-67.06)	2022-09-28 19:58:50.744926+00	2022-09-28 19:58:50.744926+00
637	PR	22106	(18.08,-66.96)	2022-09-28 19:58:50.744926+00	2022-09-28 19:58:50.744926+00
638	PR	18914	(18.33,-66.47)	2022-09-28 19:58:50.744926+00	2022-09-28 19:58:50.744926+00
641	PR	19972	(18.27,-66.7)	2022-09-28 19:58:50.744926+00	2022-09-28 19:58:50.744926+00
646	PR	37357	(18.47,-66.27)	2022-09-28 19:58:50.744926+00	2022-09-28 19:58:50.744926+00
647	PR	17659	(17.96,-66.94)	2022-09-28 19:58:50.744926+00	2022-09-28 19:58:50.744926+00
650	PR	22310	(18.36,-66.56)	2022-09-28 19:58:50.744926+00	2022-09-28 19:58:50.744926+00
652	PR	24154	(18.45,-66.6)	2022-09-28 19:58:50.744926+00	2022-09-28 19:58:50.744926+00
653	PR	15234	(17.99,-66.89)	2022-09-28 19:58:50.744926+00	2022-09-28 19:58:50.744926+00
656	PR	19699	(18.02,-66.79)	2022-09-28 19:58:50.744926+00	2022-09-28 19:58:50.744926+00
659	PR	23679	(18.48,-66.82)	2022-09-28 19:58:50.744926+00	2022-09-28 19:58:50.744926+00
660	PR	23658	(18.14,-67.12)	2022-09-28 19:58:50.744926+00	2022-09-28 19:58:50.744926+00
662	PR	18840	(18.5,-67.02)	2022-09-28 19:58:50.744926+00	2022-09-28 19:58:50.744926+00
664	PR	17403	(18.22,-66.59)	2022-09-28 19:58:50.744926+00	2022-09-28 19:58:50.744926+00
667	PR	16166	(18.04,-67.06)	2022-09-28 19:58:50.744926+00	2022-09-28 19:58:50.744926+00
669	PR	19540	(18.29,-66.88)	2022-09-28 19:58:50.744926+00	2022-09-28 19:58:50.744926+00
670	PR	17861	(18.27,-67.06)	2022-09-28 19:58:50.744926+00	2022-09-28 19:58:50.744926+00
674	PR	23424	(18.43,-66.48)	2022-09-28 19:58:50.744926+00	2022-09-28 19:58:50.744926+00
676	PR	18630	(18.39,-67.11)	2022-09-28 19:58:50.744926+00	2022-09-28 19:58:50.744926+00
677	PR	29440	(18.34,-67.25)	2022-09-28 19:58:50.744926+00	2022-09-28 19:58:50.744926+00
678	PR	20992	(18.47,-66.93)	2022-09-28 19:58:50.744926+00	2022-09-28 19:58:50.744926+00
680	PR	20674	(18.2,-67.14)	2022-09-28 19:58:50.744926+00	2022-09-28 19:58:50.744926+00
681	PR	0	(18.2,-67.14)	2022-09-28 19:58:50.744926+00	2022-09-28 19:58:50.744926+00
682	PR	20240	(18.22,-67.16)	2022-09-28 19:58:50.744926+00	2022-09-28 19:58:50.744926+00
683	PR	21870	(18.08,-67.04)	2022-09-28 19:58:50.744926+00	2022-09-28 19:58:50.744926+00
685	PR	18690	(18.33,-66.99)	2022-09-28 19:58:50.744926+00	2022-09-28 19:58:50.744926+00
687	PR	22147	(18.32,-66.4)	2022-09-28 19:58:50.744926+00	2022-09-28 19:58:50.744926+00
688	PR	20520	(18.38,-66.62)	2022-09-28 19:58:50.744926+00	2022-09-28 19:58:50.744926+00
690	PR	22042	(18.49,-67.09)	2022-09-28 19:58:50.744926+00	2022-09-28 19:58:50.744926+00
692	PR	23253	(18.41,-66.32)	2022-09-28 19:58:50.744926+00	2022-09-28 19:58:50.744926+00
693	PR	24677	(18.44,-66.39)	2022-09-28 19:58:50.744926+00	2022-09-28 19:58:50.744926+00
694	PR	0	(18.48,-66.39)	2022-09-28 19:58:50.744926+00	2022-09-28 19:58:50.744926+00
698	PR	20794	(18.03,-66.86)	2022-09-28 19:58:50.744926+00	2022-09-28 19:58:50.744926+00
703	PR	21940	(18.25,-66.1)	2022-09-28 19:58:50.744926+00	2022-09-28 19:58:50.744926+00
704	PR	20742	(17.96,-66.22)	2022-09-28 19:58:50.744926+00	2022-09-28 19:58:50.744926+00
705	PR	23627	(18.14,-66.26)	2022-09-28 19:58:50.744926+00	2022-09-28 19:58:50.744926+00
707	PR	23232	(18,-65.9)	2022-09-28 19:58:50.744926+00	2022-09-28 19:58:50.744926+00
714	PR	19524	(17.97,-66.06)	2022-09-28 19:58:50.744926+00	2022-09-28 19:58:50.744926+00
715	PR	13750	(18.01,-66.56)	2022-09-28 19:58:50.744926+00	2022-09-28 19:58:50.744926+00
716	PR	21350	(17.98,-66.6)	2022-09-28 19:58:50.744926+00	2022-09-28 19:58:50.744926+00
717	PR	16926	(18,-66.61)	2022-09-28 19:58:50.744926+00	2022-09-28 19:58:50.744926+00
718	PR	21011	(18.21,-65.73)	2022-09-28 19:58:50.744926+00	2022-09-28 19:58:50.744926+00
719	PR	23625	(18.3,-66.24)	2022-09-28 19:58:50.744926+00	2022-09-28 19:58:50.744926+00
720	PR	16709	(18.22,-66.39)	2022-09-28 19:58:50.744926+00	2022-09-28 19:58:50.744926+00
721	PR	0	(18.37,-65.77)	2022-09-28 19:58:50.744926+00	2022-09-28 19:58:50.744926+00
723	PR	19915	(18,-66.01)	2022-09-28 19:58:50.744926+00	2022-09-28 19:58:50.744926+00
725	PR	26273	(18.23,-66.03)	2022-09-28 19:58:50.744926+00	2022-09-28 19:58:50.744926+00
726	PR	0	(18.23,-66.03)	2022-09-28 19:58:50.744926+00	2022-09-28 19:58:50.744926+00
727	PR	37017	(18.22,-66.07)	2022-09-28 19:58:50.744926+00	2022-09-28 19:58:50.744926+00
728	PR	22100	(17.99,-66.66)	2022-09-28 19:58:50.744926+00	2022-09-28 19:58:50.744926+00
729	PR	26701	(18.37,-65.9)	2022-09-28 19:58:50.744926+00	2022-09-28 19:58:50.744926+00
730	PR	19328	(18.03,-66.62)	2022-09-28 19:58:50.744926+00	2022-09-28 19:58:50.744926+00
731	PR	19853	(18.11,-66.63)	2022-09-28 19:58:50.744926+00	2022-09-28 19:58:50.744926+00
732	PR	0	(17.98,-66.6)	2022-09-28 19:58:50.744926+00	2022-09-28 19:58:50.744926+00
733	PR	0	(17.98,-66.6)	2022-09-28 19:58:50.744926+00	2022-09-28 19:58:50.744926+00
734	PR	0	(17.98,-66.6)	2022-09-28 19:58:50.744926+00	2022-09-28 19:58:50.744926+00
735	PR	22403	(18.25,-65.68)	2022-09-28 19:58:50.744926+00	2022-09-28 19:58:50.744926+00
736	PR	25507	(18.11,-66.16)	2022-09-28 19:58:50.744926+00	2022-09-28 19:58:50.744926+00
737	PR	0	(18.11,-66.16)	2022-09-28 19:58:50.744926+00	2022-09-28 19:58:50.744926+00
738	PR	24045	(18.33,-65.65)	2022-09-28 19:58:50.744926+00	2022-09-28 19:58:50.744926+00
739	PR	22474	(18.17,-66.15)	2022-09-28 19:58:50.744926+00	2022-09-28 19:58:50.744926+00
740	PR	15061	(18.33,-65.63)	2022-09-28 19:58:50.744926+00	2022-09-28 19:58:50.744926+00
741	PR	25750	(18.16,-65.75)	2022-09-28 19:58:50.744926+00	2022-09-28 19:58:50.744926+00
742	PR	0	(18.27,-65.65)	2022-09-28 19:58:50.744926+00	2022-09-28 19:58:50.744926+00
744	PR	0	(18.22,-65.79)	2022-09-28 19:58:50.744926+00	2022-09-28 19:58:50.744926+00
745	PR	27260	(18.38,-65.83)	2022-09-28 19:58:50.744926+00	2022-09-28 19:58:50.744926+00
751	PR	21315	(17.97,-66.29)	2022-09-28 19:58:50.744926+00	2022-09-28 19:58:50.744926+00
754	PR	23476	(18.19,-65.96)	2022-09-28 19:58:50.744926+00	2022-09-28 19:58:50.744926+00
757	PR	23965	(17.97,-66.4)	2022-09-28 19:58:50.744926+00	2022-09-28 19:58:50.744926+00
765	PR	22301	(18.13,-65.44)	2022-09-28 19:58:50.744926+00	2022-09-28 19:58:50.744926+00
766	PR	23195	(18.13,-66.48)	2022-09-28 19:58:50.744926+00	2022-09-28 19:58:50.744926+00
767	PR	20785	(18.04,-65.87)	2022-09-28 19:58:50.744926+00	2022-09-28 19:58:50.744926+00
769	PR	24221	(18.08,-66.36)	2022-09-28 19:58:50.744926+00	2022-09-28 19:58:50.744926+00
771	PR	25175	(18.18,-65.86)	2022-09-28 19:58:50.744926+00	2022-09-28 19:58:50.744926+00
772	PR	20101	(18.43,-65.88)	2022-09-28 19:58:50.744926+00	2022-09-28 19:58:50.744926+00
773	PR	25135	(18.37,-65.71)	2022-09-28 19:58:50.744926+00	2022-09-28 19:58:50.744926+00
775	PR	33625	(18.33,-65.3)	2022-09-28 19:58:50.744926+00	2022-09-28 19:58:50.744926+00
777	PR	21426	(18.22,-65.91)	2022-09-28 19:58:50.744926+00	2022-09-28 19:58:50.744926+00
778	PR	39044	(18.25,-65.97)	2022-09-28 19:58:50.744926+00	2022-09-28 19:58:50.744926+00
780	PR	23592	(18.09,-66.57)	2022-09-28 19:58:50.744926+00	2022-09-28 19:58:50.744926+00
782	PR	16700	(18.22,-66.22)	2022-09-28 19:58:50.744926+00	2022-09-28 19:58:50.744926+00
783	PR	17808	(18.34,-66.31)	2022-09-28 19:58:50.744926+00	2022-09-28 19:58:50.744926+00
784	PR	21116	(17.97,-66.11)	2022-09-28 19:58:50.744926+00	2022-09-28 19:58:50.744926+00
785	PR	0	(17.97,-66.11)	2022-09-28 19:58:50.744926+00	2022-09-28 19:58:50.744926+00
786	PR	37552	(18.16,-66.23)	2022-09-28 19:58:50.744926+00	2022-09-28 19:58:50.744926+00
791	PR	25582	(18.15,-65.81)	2022-09-28 19:58:50.744926+00	2022-09-28 19:58:50.744926+00
792	PR	0	(18.15,-65.81)	2022-09-28 19:58:50.744926+00	2022-09-28 19:58:50.744926+00
794	PR	19682	(18.18,-66.3)	2022-09-28 19:58:50.744926+00	2022-09-28 19:58:50.744926+00
795	PR	23528	(18.05,-66.5)	2022-09-28 19:58:50.744926+00	2022-09-28 19:58:50.744926+00
801	VI	0	(18.35,-64.93)	2022-09-28 19:58:50.744926+00	2022-09-28 19:58:50.744926+00
802	VI	0	(18.35,-64.93)	2022-09-28 19:58:50.744926+00	2022-09-28 19:58:50.744926+00
803	VI	0	(18.35,-64.93)	2022-09-28 19:58:50.744926+00	2022-09-28 19:58:50.744926+00
804	VI	0	(18.35,-64.93)	2022-09-28 19:58:50.744926+00	2022-09-28 19:58:50.744926+00
805	VI	0	(18.34,-64.93)	2022-09-28 19:58:50.744926+00	2022-09-28 19:58:50.744926+00
820	VI	0	(17.74,-64.7)	2022-09-28 19:58:50.744926+00	2022-09-28 19:58:50.744926+00
821	VI	0	(17.74,-64.7)	2022-09-28 19:58:50.744926+00	2022-09-28 19:58:50.744926+00
822	VI	0	(17.74,-64.7)	2022-09-28 19:58:50.744926+00	2022-09-28 19:58:50.744926+00
823	VI	0	(17.74,-64.7)	2022-09-28 19:58:50.744926+00	2022-09-28 19:58:50.744926+00
824	VI	0	(17.74,-64.7)	2022-09-28 19:58:50.744926+00	2022-09-28 19:58:50.744926+00
830	VI	0	(18.33,-64.79)	2022-09-28 19:58:50.744926+00	2022-09-28 19:58:50.744926+00
831	VI	0	(18.33,-64.79)	2022-09-28 19:58:50.744926+00	2022-09-28 19:58:50.744926+00
840	VI	0	(17.71,-64.88)	2022-09-28 19:58:50.744926+00	2022-09-28 19:58:50.744926+00
841	VI	0	(17.71,-64.88)	2022-09-28 19:58:50.744926+00	2022-09-28 19:58:50.744926+00
850	VI	0	(17.76,-64.82)	2022-09-28 19:58:50.744926+00	2022-09-28 19:58:50.744926+00
851	VI	0	(17.73,-64.8)	2022-09-28 19:58:50.744926+00	2022-09-28 19:58:50.744926+00
901	PR	40839	(18.47,-66.1)	2022-09-28 19:58:50.744926+00	2022-09-28 19:58:50.744926+00
902	PR	0	(18.4,-66.06)	2022-09-28 19:58:50.744926+00	2022-09-28 19:58:50.744926+00
906	PR	0	(18.46,-66.09)	2022-09-28 19:58:50.744926+00	2022-09-28 19:58:50.744926+00
907	PR	54813	(18.45,-66.08)	2022-09-28 19:58:50.744926+00	2022-09-28 19:58:50.744926+00
908	PR	0	(18.4,-66.06)	2022-09-28 19:58:50.744926+00	2022-09-28 19:58:50.744926+00
909	PR	24201	(18.44,-66.07)	2022-09-28 19:58:50.744926+00	2022-09-28 19:58:50.744926+00
910	PR	0	(18.4,-66.06)	2022-09-28 19:58:50.744926+00	2022-09-28 19:58:50.744926+00
911	PR	52912	(18.45,-66.06)	2022-09-28 19:58:50.744926+00	2022-09-28 19:58:50.744926+00
912	PR	28107	(18.45,-66.06)	2022-09-28 19:58:50.744926+00	2022-09-28 19:58:50.744926+00
913	PR	4506	(18.45,-66.04)	2022-09-28 19:58:50.744926+00	2022-09-28 19:58:50.744926+00
914	PR	0	(18.4,-66.06)	2022-09-28 19:58:50.744926+00	2022-09-28 19:58:50.744926+00
915	PR	15508	(18.44,-66.05)	2022-09-28 19:58:50.744926+00	2022-09-28 19:58:50.744926+00
916	PR	0	(18.4,-66.06)	2022-09-28 19:58:50.744926+00	2022-09-28 19:58:50.744926+00
917	PR	21911	(18.42,-66.05)	2022-09-28 19:58:50.744926+00	2022-09-28 19:58:50.744926+00
918	PR	43022	(18.42,-66.07)	2022-09-28 19:58:50.744926+00	2022-09-28 19:58:50.744926+00
919	PR	0	(18.4,-66.06)	2022-09-28 19:58:50.744926+00	2022-09-28 19:58:50.744926+00
920	PR	33612	(18.41,-66.09)	2022-09-28 19:58:50.744926+00	2022-09-28 19:58:50.744926+00
921	PR	23803	(18.39,-66.09)	2022-09-28 19:58:50.744926+00	2022-09-28 19:58:50.744926+00
922	PR	0	(18.4,-66.06)	2022-09-28 19:58:50.744926+00	2022-09-28 19:58:50.744926+00
923	PR	18466	(18.41,-66.04)	2022-09-28 19:58:50.744926+00	2022-09-28 19:58:50.744926+00
924	PR	20848	(18.4,-66.01)	2022-09-28 19:58:50.744926+00	2022-09-28 19:58:50.744926+00
925	PR	17024	(18.4,-66.05)	2022-09-28 19:58:50.744926+00	2022-09-28 19:58:50.744926+00
926	PR	45197	(18.35,-66.05)	2022-09-28 19:58:50.744926+00	2022-09-28 19:58:50.744926+00
927	PR	51667	(18.4,-66.06)	2022-09-28 19:58:50.744926+00	2022-09-28 19:58:50.744926+00
928	PR	0	(18.4,-66.06)	2022-09-28 19:58:50.744926+00	2022-09-28 19:58:50.744926+00
929	PR	0	(18.4,-66.06)	2022-09-28 19:58:50.744926+00	2022-09-28 19:58:50.744926+00
930	PR	0	(18.4,-66.06)	2022-09-28 19:58:50.744926+00	2022-09-28 19:58:50.744926+00
931	PR	0	(18.4,-66.06)	2022-09-28 19:58:50.744926+00	2022-09-28 19:58:50.744926+00
933	PR	0	(18.4,-66.06)	2022-09-28 19:58:50.744926+00	2022-09-28 19:58:50.744926+00
934	PR	0	(18.41,-66.12)	2022-09-28 19:58:50.744926+00	2022-09-28 19:58:50.744926+00
935	PR	0	(18.4,-66.06)	2022-09-28 19:58:50.744926+00	2022-09-28 19:58:50.744926+00
936	PR	0	(18.4,-66.07)	2022-09-28 19:58:50.744926+00	2022-09-28 19:58:50.744926+00
937	PR	0	(18.4,-66.06)	2022-09-28 19:58:50.744926+00	2022-09-28 19:58:50.744926+00
939	PR	0	(18.4,-66.06)	2022-09-28 19:58:50.744926+00	2022-09-28 19:58:50.744926+00
940	PR	0	(18.4,-66.06)	2022-09-28 19:58:50.744926+00	2022-09-28 19:58:50.744926+00
949	PR	32175	(18.44,-66.25)	2022-09-28 19:58:50.744926+00	2022-09-28 19:58:50.744926+00
950	PR	0	(18.46,-66.23)	2022-09-28 19:58:50.744926+00	2022-09-28 19:58:50.744926+00
951	PR	0	(18.43,-66.25)	2022-09-28 19:58:50.744926+00	2022-09-28 19:58:50.744926+00
952	PR	18679	(18.42,-66.19)	2022-09-28 19:58:50.744926+00	2022-09-28 19:58:50.744926+00
953	PR	34545	(18.39,-66.25)	2022-09-28 19:58:50.744926+00	2022-09-28 19:58:50.744926+00
954	PR	0	(18.39,-66.25)	2022-09-28 19:58:50.744926+00	2022-09-28 19:58:50.744926+00
955	PR	0	(18.4,-66.06)	2022-09-28 19:58:50.744926+00	2022-09-28 19:58:50.744926+00
956	PR	27862	(18.32,-66.17)	2022-09-28 19:58:50.744926+00	2022-09-28 19:58:50.744926+00
957	PR	30522	(18.37,-66.19)	2022-09-28 19:58:50.744926+00	2022-09-28 19:58:50.744926+00
958	PR	0	(18.28,-66.13)	2022-09-28 19:58:50.744926+00	2022-09-28 19:58:50.744926+00
959	PR	36643	(18.39,-66.15)	2022-09-28 19:58:50.744926+00	2022-09-28 19:58:50.744926+00
960	PR	0	(18.42,-66.15)	2022-09-28 19:58:50.744926+00	2022-09-28 19:58:50.744926+00
961	PR	36292	(18.41,-66.17)	2022-09-28 19:58:50.744926+00	2022-09-28 19:58:50.744926+00
962	PR	18520	(18.44,-66.15)	2022-09-28 19:58:50.744926+00	2022-09-28 19:58:50.744926+00
963	PR	0	(18.43,-66.11)	2022-09-28 19:58:50.744926+00	2022-09-28 19:58:50.744926+00
965	PR	19460	(18.43,-66.11)	2022-09-28 19:58:50.744926+00	2022-09-28 19:58:50.744926+00
966	PR	65114	(18.4,-66.12)	2022-09-28 19:58:50.744926+00	2022-09-28 19:58:50.744926+00
968	PR	88869	(18.41,-66.1)	2022-09-28 19:58:50.744926+00	2022-09-28 19:58:50.744926+00
969	PR	58539	(18.38,-66.11)	2022-09-28 19:58:50.744926+00	2022-09-28 19:58:50.744926+00
970	PR	0	(18.38,-66.11)	2022-09-28 19:58:50.744926+00	2022-09-28 19:58:50.744926+00
971	PR	29418	(18.32,-66.12)	2022-09-28 19:58:50.744926+00	2022-09-28 19:58:50.744926+00
975	PR	0	(18.4,-66.06)	2022-09-28 19:58:50.744926+00	2022-09-28 19:58:50.744926+00
976	PR	39346	(18.36,-66.01)	2022-09-28 19:58:50.744926+00	2022-09-28 19:58:50.744926+00
977	PR	0	(18.36,-66.01)	2022-09-28 19:58:50.744926+00	2022-09-28 19:58:50.744926+00
978	PR	0	(18.37,-66.01)	2022-09-28 19:58:50.744926+00	2022-09-28 19:58:50.744926+00
979	PR	47639	(18.44,-66.03)	2022-09-28 19:58:50.744926+00	2022-09-28 19:58:50.744926+00
981	PR	0	(18.4,-65.98)	2022-09-28 19:58:50.744926+00	2022-09-28 19:58:50.744926+00
982	PR	28143	(18.41,-65.99)	2022-09-28 19:58:50.744926+00	2022-09-28 19:58:50.744926+00
983	PR	30010	(18.4,-65.98)	2022-09-28 19:58:50.744926+00	2022-09-28 19:58:50.744926+00
984	PR	0	(18.4,-65.98)	2022-09-28 19:58:50.744926+00	2022-09-28 19:58:50.744926+00
985	PR	31349	(18.41,-65.95)	2022-09-28 19:58:50.744926+00	2022-09-28 19:58:50.744926+00
986	PR	0	(18.4,-65.98)	2022-09-28 19:58:50.744926+00	2022-09-28 19:58:50.744926+00
987	PR	37438	(18.34,-65.94)	2022-09-28 19:58:50.744926+00	2022-09-28 19:58:50.744926+00
988	PR	0	(18.4,-65.98)	2022-09-28 19:58:50.744926+00	2022-09-28 19:58:50.744926+00
96799	AS	0	(-14.27,-170.7)	2022-09-28 19:58:50.744926+00	2022-09-28 19:58:50.744926+00
96910	GU	0	(13.47,144.74)	2022-09-28 19:58:50.744926+00	2022-09-28 19:58:50.744926+00
96912	GU	0	(13.51,144.83)	2022-09-28 19:58:50.744926+00	2022-09-28 19:58:50.744926+00
96913	GU	0	(13.46,144.79)	2022-09-28 19:58:50.744926+00	2022-09-28 19:58:50.744926+00
96915	GU	0	(13.38,144.66)	2022-09-28 19:58:50.744926+00	2022-09-28 19:58:50.744926+00
96916	GU	0	(13.26,144.66)	2022-09-28 19:58:50.744926+00	2022-09-28 19:58:50.744926+00
96917	GU	0	(13.27,144.74)	2022-09-28 19:58:50.744926+00	2022-09-28 19:58:50.744926+00
96919	GU	0	(13.46,144.74)	2022-09-28 19:58:50.744926+00	2022-09-28 19:58:50.744926+00
96921	GU	0	(13.46,144.79)	2022-09-28 19:58:50.744926+00	2022-09-28 19:58:50.744926+00
96923	GU	0	(13.43,144.79)	2022-09-28 19:58:50.744926+00	2022-09-28 19:58:50.744926+00
96928	GU	0	(13.38,144.65)	2022-09-28 19:58:50.744926+00	2022-09-28 19:58:50.744926+00
96929	GU	0	(13.53,144.88)	2022-09-28 19:58:50.744926+00	2022-09-28 19:58:50.744926+00
96931	GU	0	(13.48,144.77)	2022-09-28 19:58:50.744926+00	2022-09-28 19:58:50.744926+00
96932	GU	0	(13.47,144.74)	2022-09-28 19:58:50.744926+00	2022-09-28 19:58:50.744926+00
96939	PW	0	(7.51,134.58)	2022-09-28 19:58:50.744926+00	2022-09-28 19:58:50.744926+00
96940	PW	0	(7.5,134.5)	2022-09-28 19:58:50.744926+00	2022-09-28 19:58:50.744926+00
96941	FM	0	(6.85,158.26)	2022-09-28 19:58:50.744926+00	2022-09-28 19:58:50.744926+00
96942	FM	0	(7.33,151.8)	2022-09-28 19:58:50.744926+00	2022-09-28 19:58:50.744926+00
96943	FM	0	(9.5,138.14)	2022-09-28 19:58:50.744926+00	2022-09-28 19:58:50.744926+00
96944	FM	0	(5.29,162.97)	2022-09-28 19:58:50.744926+00	2022-09-28 19:58:50.744926+00
96950	MP	0	(15.17,145.75)	2022-09-28 19:58:50.744926+00	2022-09-28 19:58:50.744926+00
96951	MP	0	(14.15,145.21)	2022-09-28 19:58:50.744926+00	2022-09-28 19:58:50.744926+00
96952	MP	0	(15,145.63)	2022-09-28 19:58:50.744926+00	2022-09-28 19:58:50.744926+00
96960	MH	0	(7.11,171.18)	2022-09-28 19:58:50.744926+00	2022-09-28 19:58:50.744926+00
96970	MH	0	(8.78,167.73)	2022-09-28 19:58:50.744926+00	2022-09-28 19:58:50.744926+00
\.


--
-- Data for Name: schools; Type: TABLE DATA; Schema: upchieve; Owner: admin
--

COPY upchieve.schools (id, name, approved, partner, city_id, created_at, updated_at, mongo_id, legacy_city_name) FROM stdin;
018385ae-3f52-20b2-49c2-e24152072896	Unapproved School	f	f	1	2022-09-28 19:58:52.754854+00	2022-09-28 19:58:52.754854+00	\N	\N
018385ae-3f52-55e8-a1bc-f480f162685e	Approved School	t	f	1	2022-09-28 19:58:52.756919+00	2022-09-28 19:58:52.756919+00	\N	\N
018385ae-3f52-0a7a-08c1-96cdcf627368	Approved Partner School	t	t	2	2022-09-28 19:58:52.75805+00	2022-09-28 19:58:52.75805+00	\N	\N
018385ae-3f52-9760-dea8-fe97b6aa5754	Another Approved Partner School	t	t	2	2022-09-28 19:58:52.759199+00	2022-09-28 19:58:52.759199+00	\N	\N
\.


--
-- Data for Name: ineligible_students; Type: TABLE DATA; Schema: upchieve; Owner: admin
--

COPY upchieve.ineligible_students (id, email, postal_code, ip_address_id, school_id, grade_level_id, created_at, updated_at, mongo_id, referred_by) FROM stdin;
\.


--
-- Data for Name: legacy_availability_histories; Type: TABLE DATA; Schema: upchieve; Owner: admin
--

COPY upchieve.legacy_availability_histories (id, mongo_id, user_id, timezone, recorded_at, legacy_availability, created_at, updated_at) FROM stdin;
\.


--
-- Data for Name: notification_methods; Type: TABLE DATA; Schema: upchieve; Owner: admin
--

COPY upchieve.notification_methods (id, method, created_at, updated_at) FROM stdin;
1	sms	2022-09-28 19:58:50.625+00	2022-09-28 19:58:50.625+00
2	push	2022-09-28 19:58:50.626337+00	2022-09-28 19:58:50.626337+00
3	voice	2022-09-28 19:58:50.627855+00	2022-09-28 19:58:50.627855+00
4	email	2022-09-28 19:58:50.629073+00	2022-09-28 19:58:50.629073+00
\.


--
-- Data for Name: notification_priority_groups; Type: TABLE DATA; Schema: upchieve; Owner: admin
--

COPY upchieve.notification_priority_groups (id, name, priority, created_at, updated_at) FROM stdin;
1	follow-up	-1	2022-09-28 19:58:50.634115+00	2022-09-28 19:58:50.634115+00
11	LEGACY: Regular volunteers - not notified in the last 7 days	-1	2022-09-28 19:58:50.654921+00	2022-09-28 19:58:50.654921+00
12	LEGACY: Partner volunteers - not notified in the last 7 days	-1	2022-09-28 19:58:50.656075+00	2022-09-28 19:58:50.656075+00
13	LEGACY: Partner volunteers - not notified in the last 3 days	-1	2022-09-28 19:58:50.657221+00	2022-09-28 19:58:50.657221+00
14	LEGACY: All volunteers - not notified in the last 15 mins who don't have "high level subjects"	-1	2022-09-28 19:58:50.658303+00	2022-09-28 19:58:50.658303+00
15	LEGACY: Mizuho and Atlassian volunteers - Not notified in last 3 days	-1	2022-09-28 19:58:50.666551+00	2022-09-28 19:58:50.666551+00
16	LEGACY: null	-1	2022-09-28 19:58:50.668173+00	2022-09-28 19:58:50.668173+00
2	Partner volunteers - not notified in the last 3 days AND they don't have "high level subjects"	20	2022-09-28 19:58:50.635775+00	2022-09-28 19:58:50.730925+00
3	Regular volunteers - not notified in the last 3 days AND they don't have "high level subjects"	30	2022-09-28 19:58:50.637462+00	2022-09-28 19:58:50.730925+00
4	Partner volunteers - not notified in the last 24 hours AND they don't have "high level subjects"	40	2022-09-28 19:58:50.638926+00	2022-09-28 19:58:50.730925+00
5	Regular volunteers - not notified in the last 24 hours AND they don't have "high level subjects"	50	2022-09-28 19:58:50.640295+00	2022-09-28 19:58:50.730925+00
6	All volunteers - not notified in the last 24 hours	60	2022-09-28 19:58:50.641487+00	2022-09-28 19:58:50.730925+00
7	All volunteers - not notified in the last 60 mins	70	2022-09-28 19:58:50.642804+00	2022-09-28 19:58:50.730925+00
8	All volunteers - not notified in the last 15 mins	80	2022-09-28 19:58:50.644143+00	2022-09-28 19:58:50.730925+00
9	Verizon volunteers - not notified in the last 24 hours AND they don't have "high level subjects"	90	2022-09-28 19:58:50.65156+00	2022-09-28 19:58:50.730925+00
10	Verizon volunteers - not notified in the last 3 days AND they don't have "high level subjects"	100	2022-09-28 19:58:50.653471+00	2022-09-28 19:58:50.730925+00
17	Favorite volunteers - not notified in the last 15 mins	10	2022-09-28 19:58:50.730925+00	2022-09-28 19:58:50.730925+00
18	Associated partner volunteers - not notified in the last 24 hours AND they don't have "high level subjects"	85	2022-09-28 19:58:50.763466+00	2022-09-28 19:58:50.763466+00
19	Associated partner volunteers - not notified in the last 3 days AND they don't have "high level subjects"	95	2022-09-28 19:58:50.763466+00	2022-09-28 19:58:50.763466+00
\.


--
-- Data for Name: notification_types; Type: TABLE DATA; Schema: upchieve; Owner: admin
--

COPY upchieve.notification_types (id, type, created_at, updated_at) FROM stdin;
1	initial	2022-09-28 19:58:50.622434+00	2022-09-28 19:58:50.622434+00
2	followup	2022-09-28 19:58:50.623713+00	2022-09-28 19:58:50.623713+00
\.


--
-- Data for Name: notifications; Type: TABLE DATA; Schema: upchieve; Owner: admin
--

COPY upchieve.notifications (id, user_id, sent_at, type_id, method_id, priority_group_id, successful, session_id, message_carrier_id, created_at, updated_at, mongo_id) FROM stdin;
\.


--
-- Data for Name: photo_id_statuses; Type: TABLE DATA; Schema: upchieve; Owner: admin
--

COPY upchieve.photo_id_statuses (id, name, created_at, updated_at) FROM stdin;
1	approved	2022-09-28 19:58:50.038041+00	2022-09-28 19:58:50.038041+00
2	submitted	2022-09-28 19:58:50.039454+00	2022-09-28 19:58:50.039454+00
3	rejected	2022-09-28 19:58:50.040611+00	2022-09-28 19:58:50.040611+00
4	empty	2022-09-28 19:58:50.041656+00	2022-09-28 19:58:50.041656+00
\.


--
-- Data for Name: pre_session_surveys; Type: TABLE DATA; Schema: upchieve; Owner: admin
--

COPY upchieve.pre_session_surveys (id, response_data, session_id, user_id, created_at, updated_at, mongo_id) FROM stdin;
\.


--
-- Data for Name: push_tokens; Type: TABLE DATA; Schema: upchieve; Owner: admin
--

COPY upchieve.push_tokens (id, user_id, token, created_at, updated_at) FROM stdin;
\.


--
-- Data for Name: question_tags; Type: TABLE DATA; Schema: upchieve; Owner: admin
--

COPY upchieve.question_tags (id, name, created_at, updated_at) FROM stdin;
\.


--
-- Data for Name: question_types; Type: TABLE DATA; Schema: upchieve; Owner: admin
--

COPY upchieve.question_types (id, name, created_at, updated_at) FROM stdin;
1	multiple choice	2022-09-28 19:58:50.769103+00	2022-09-28 19:58:50.769103+00
2	check box	2022-09-28 19:58:50.769103+00	2022-09-28 19:58:50.769103+00
3	free response	2022-09-28 19:58:50.769103+00	2022-09-28 19:58:50.769103+00
\.


--
-- Data for Name: quizzes; Type: TABLE DATA; Schema: upchieve; Owner: admin
--

COPY upchieve.quizzes (id, name, created_at, updated_at) FROM stdin;
1	prealgebra	2022-09-28 19:58:50.090272+00	2022-09-28 19:58:50.090272+00
2	statistics	2022-09-28 19:58:50.091351+00	2022-09-28 19:58:50.091351+00
3	geometry	2022-09-28 19:58:50.092411+00	2022-09-28 19:58:50.092411+00
4	biology	2022-09-28 19:58:50.093413+00	2022-09-28 19:58:50.093413+00
5	chemistry	2022-09-28 19:58:50.094339+00	2022-09-28 19:58:50.094339+00
6	physicsOne	2022-09-28 19:58:50.095347+00	2022-09-28 19:58:50.095347+00
7	physicsTwo	2022-09-28 19:58:50.096488+00	2022-09-28 19:58:50.096488+00
8	environmentalScience	2022-09-28 19:58:50.097807+00	2022-09-28 19:58:50.097807+00
9	essays	2022-09-28 19:58:50.098974+00	2022-09-28 19:58:50.098974+00
10	applications	2022-09-28 19:58:50.100014+00	2022-09-28 19:58:50.100014+00
11	planning	2022-09-28 19:58:50.101276+00	2022-09-28 19:58:50.101276+00
12	satMath	2022-09-28 19:58:50.102636+00	2022-09-28 19:58:50.102636+00
13	satReading	2022-09-28 19:58:50.103662+00	2022-09-28 19:58:50.103662+00
14	collegeCounseling	2022-09-28 19:58:50.104622+00	2022-09-28 19:58:50.104622+00
15	humanitiesEssays	2022-09-28 19:58:50.105519+00	2022-09-28 19:58:50.105519+00
16	algebraOne	2022-09-28 19:58:50.10647+00	2022-09-28 19:58:50.10647+00
17	algebraTwo	2022-09-28 19:58:50.107497+00	2022-09-28 19:58:50.107497+00
18	trigonometry	2022-09-28 19:58:50.108587+00	2022-09-28 19:58:50.108587+00
19	precalculus	2022-09-28 19:58:50.109598+00	2022-09-28 19:58:50.109598+00
20	calculusAB	2022-09-28 19:58:50.110609+00	2022-09-28 19:58:50.110609+00
21	calculusBC	2022-09-28 19:58:50.111511+00	2022-09-28 19:58:50.111511+00
22	upchieve101	2022-09-28 19:58:50.112628+00	2022-09-28 19:58:50.112628+00
23	reading	2022-09-28 19:58:50.113497+00	2022-09-28 19:58:50.113497+00
24	anatomy	2022-09-28 19:58:50.114518+00	2022-09-28 19:58:50.114518+00
25	usHistory	2022-09-28 19:58:50.788195+00	2022-09-28 19:58:50.788195+00
\.


--
-- Data for Name: quiz_certification_grants; Type: TABLE DATA; Schema: upchieve; Owner: admin
--

COPY upchieve.quiz_certification_grants (quiz_id, certification_id, created_at, updated_at) FROM stdin;
1	1	2022-09-28 19:58:50.48932+00	2022-09-28 19:58:50.48932+00
2	2	2022-09-28 19:58:50.490759+00	2022-09-28 19:58:50.490759+00
3	3	2022-09-28 19:58:50.491821+00	2022-09-28 19:58:50.491821+00
4	4	2022-09-28 19:58:50.492892+00	2022-09-28 19:58:50.492892+00
5	5	2022-09-28 19:58:50.494005+00	2022-09-28 19:58:50.494005+00
6	6	2022-09-28 19:58:50.495145+00	2022-09-28 19:58:50.495145+00
7	7	2022-09-28 19:58:50.496115+00	2022-09-28 19:58:50.496115+00
8	8	2022-09-28 19:58:50.497109+00	2022-09-28 19:58:50.497109+00
9	9	2022-09-28 19:58:50.498229+00	2022-09-28 19:58:50.498229+00
10	10	2022-09-28 19:58:50.499132+00	2022-09-28 19:58:50.499132+00
11	11	2022-09-28 19:58:50.500152+00	2022-09-28 19:58:50.500152+00
12	12	2022-09-28 19:58:50.50191+00	2022-09-28 19:58:50.50191+00
13	13	2022-09-28 19:58:50.50303+00	2022-09-28 19:58:50.50303+00
14	11	2022-09-28 19:58:50.504193+00	2022-09-28 19:58:50.504193+00
14	10	2022-09-28 19:58:50.50516+00	2022-09-28 19:58:50.50516+00
15	15	2022-09-28 19:58:50.506196+00	2022-09-28 19:58:50.506196+00
17	16	2022-09-28 19:58:50.50709+00	2022-09-28 19:58:50.50709+00
17	17	2022-09-28 19:58:50.507998+00	2022-09-28 19:58:50.507998+00
17	1	2022-09-28 19:58:50.509049+00	2022-09-28 19:58:50.509049+00
16	16	2022-09-28 19:58:50.510127+00	2022-09-28 19:58:50.510127+00
16	1	2022-09-28 19:58:50.511099+00	2022-09-28 19:58:50.511099+00
18	18	2022-09-28 19:58:50.512189+00	2022-09-28 19:58:50.512189+00
19	16	2022-09-28 19:58:50.513116+00	2022-09-28 19:58:50.513116+00
19	17	2022-09-28 19:58:50.514099+00	2022-09-28 19:58:50.514099+00
19	1	2022-09-28 19:58:50.515082+00	2022-09-28 19:58:50.515082+00
19	18	2022-09-28 19:58:50.516075+00	2022-09-28 19:58:50.516075+00
19	19	2022-09-28 19:58:50.51711+00	2022-09-28 19:58:50.51711+00
20	16	2022-09-28 19:58:50.51827+00	2022-09-28 19:58:50.51827+00
20	17	2022-09-28 19:58:50.519479+00	2022-09-28 19:58:50.519479+00
20	1	2022-09-28 19:58:50.520762+00	2022-09-28 19:58:50.520762+00
20	18	2022-09-28 19:58:50.521945+00	2022-09-28 19:58:50.521945+00
20	19	2022-09-28 19:58:50.52314+00	2022-09-28 19:58:50.52314+00
20	20	2022-09-28 19:58:50.524196+00	2022-09-28 19:58:50.524196+00
21	16	2022-09-28 19:58:50.525137+00	2022-09-28 19:58:50.525137+00
21	17	2022-09-28 19:58:50.526075+00	2022-09-28 19:58:50.526075+00
21	1	2022-09-28 19:58:50.526915+00	2022-09-28 19:58:50.526915+00
21	18	2022-09-28 19:58:50.527871+00	2022-09-28 19:58:50.527871+00
21	19	2022-09-28 19:58:50.528945+00	2022-09-28 19:58:50.528945+00
21	20	2022-09-28 19:58:50.529909+00	2022-09-28 19:58:50.529909+00
21	21	2022-09-28 19:58:50.53086+00	2022-09-28 19:58:50.53086+00
23	22	2022-09-28 19:58:50.737804+00	2022-09-28 19:58:50.737804+00
25	23	2022-09-28 19:58:50.788195+00	2022-09-28 19:58:50.788195+00
\.


--
-- Data for Name: quiz_subcategories; Type: TABLE DATA; Schema: upchieve; Owner: admin
--

COPY upchieve.quiz_subcategories (id, name, quiz_id, created_at, updated_at) FROM stdin;
1	numbers	1	2022-09-28 19:58:50.116776+00	2022-09-28 19:58:50.116776+00
2	arithmetic properties	1	2022-09-28 19:58:50.118088+00	2022-09-28 19:58:50.118088+00
3	exponents	1	2022-09-28 19:58:50.119442+00	2022-09-28 19:58:50.119442+00
4	exponents and radicals	1	2022-09-28 19:58:50.120603+00	2022-09-28 19:58:50.120603+00
5	polynomials	1	2022-09-28 19:58:50.121593+00	2022-09-28 19:58:50.121593+00
6	fractions	1	2022-09-28 19:58:50.122583+00	2022-09-28 19:58:50.122583+00
7	linear equations	16	2022-09-28 19:58:50.123562+00	2022-09-28 19:58:50.123562+00
8	rational exponents and radicals	16	2022-09-28 19:58:50.12445+00	2022-09-28 19:58:50.12445+00
9	application of linear equations	16	2022-09-28 19:58:50.125345+00	2022-09-28 19:58:50.125345+00
10	two variable equations	16	2022-09-28 19:58:50.126285+00	2022-09-28 19:58:50.126285+00
11	rational expressions	16	2022-09-28 19:58:50.127298+00	2022-09-28 19:58:50.127298+00
12	complex numbers	16	2022-09-28 19:58:50.128262+00	2022-09-28 19:58:50.128262+00
13	functions_domain_range	17	2022-09-28 19:58:50.129483+00	2022-09-28 19:58:50.129483+00
14	higher_degree_polynomials	17	2022-09-28 19:58:50.13104+00	2022-09-28 19:58:50.13104+00
15	square_root_equations	17	2022-09-28 19:58:50.132231+00	2022-09-28 19:58:50.132231+00
16	roots_of_polynomials	17	2022-09-28 19:58:50.133188+00	2022-09-28 19:58:50.133188+00
17	multiply_polynomials_binomial	17	2022-09-28 19:58:50.134117+00	2022-09-28 19:58:50.134117+00
18	rational_radical_absolute	17	2022-09-28 19:58:50.135143+00	2022-09-28 19:58:50.135143+00
19	logarithms_properties	17	2022-09-28 19:58:50.136446+00	2022-09-28 19:58:50.136446+00
20	rational_expressions	17	2022-09-28 19:58:50.137548+00	2022-09-28 19:58:50.137548+00
21	systems_of_linear_equations	17	2022-09-28 19:58:50.138708+00	2022-09-28 19:58:50.138708+00
22	arithmetic_and_geometric_sequences	17	2022-09-28 19:58:50.139697+00	2022-09-28 19:58:50.139697+00
23	functions_domain	17	2022-09-28 19:58:50.140644+00	2022-09-28 19:58:50.140644+00
24	solving_linear_equations	17	2022-09-28 19:58:50.141704+00	2022-09-28 19:58:50.141704+00
25	function_transformations_shifts	17	2022-09-28 19:58:50.142623+00	2022-09-28 19:58:50.142623+00
26	graphing_quadratic_functions	17	2022-09-28 19:58:50.143462+00	2022-09-28 19:58:50.143462+00
27	exponential_functions_growth	17	2022-09-28 19:58:50.144567+00	2022-09-28 19:58:50.144567+00
28	rounding_and_scientific_notation	17	2022-09-28 19:58:50.145967+00	2022-09-28 19:58:50.145967+00
29	square root_equations_quadratic	17	2022-09-28 19:58:50.14724+00	2022-09-28 19:58:50.14724+00
30	advanced_factoring_techniques	17	2022-09-28 19:58:50.148363+00	2022-09-28 19:58:50.148363+00
31	congruence and similarity	3	2022-09-28 19:58:50.149455+00	2022-09-28 19:58:50.149455+00
32	vertices	3	2022-09-28 19:58:50.150412+00	2022-09-28 19:58:50.150412+00
33	angles	3	2022-09-28 19:58:50.151451+00	2022-09-28 19:58:50.151451+00
34	circles	3	2022-09-28 19:58:50.152364+00	2022-09-28 19:58:50.152364+00
35	triangles	3	2022-09-28 19:58:50.153285+00	2022-09-28 19:58:50.153285+00
36	rectangles	3	2022-09-28 19:58:50.154113+00	2022-09-28 19:58:50.154113+00
37	angles	18	2022-09-28 19:58:50.155099+00	2022-09-28 19:58:50.155099+00
38	triangles	18	2022-09-28 19:58:50.156054+00	2022-09-28 19:58:50.156054+00
39	right triangles	18	2022-09-28 19:58:50.157081+00	2022-09-28 19:58:50.157081+00
40	quadrants	18	2022-09-28 19:58:50.158183+00	2022-09-28 19:58:50.158183+00
41	radians	18	2022-09-28 19:58:50.159106+00	2022-09-28 19:58:50.159106+00
42	unit circles	18	2022-09-28 19:58:50.159985+00	2022-09-28 19:58:50.159985+00
43	inequalities	18	2022-09-28 19:58:50.160842+00	2022-09-28 19:58:50.160842+00
44	representing data numerically	2	2022-09-28 19:58:50.161729+00	2022-09-28 19:58:50.161729+00
45	representing data graphically	2	2022-09-28 19:58:50.162692+00	2022-09-28 19:58:50.162692+00
46	two means	2	2022-09-28 19:58:50.163502+00	2022-09-28 19:58:50.163502+00
47	two proportions	2	2022-09-28 19:58:50.164364+00	2022-09-28 19:58:50.164364+00
48	levels of measurement	2	2022-09-28 19:58:50.16532+00	2022-09-28 19:58:50.16532+00
49	types of sampling	2	2022-09-28 19:58:50.166205+00	2022-09-28 19:58:50.166205+00
50	finding probability	2	2022-09-28 19:58:50.166963+00	2022-09-28 19:58:50.166963+00
51	finding x from z score	2	2022-09-28 19:58:50.167832+00	2022-09-28 19:58:50.167832+00
52	z score	2	2022-09-28 19:58:50.168818+00	2022-09-28 19:58:50.168818+00
53	basic set operations	2	2022-09-28 19:58:50.169824+00	2022-09-28 19:58:50.169824+00
54	compound events	2	2022-09-28 19:58:50.170931+00	2022-09-28 19:58:50.170931+00
55	conditional probability	2	2022-09-28 19:58:50.171961+00	2022-09-28 19:58:50.171961+00
56	independent probability	2	2022-09-28 19:58:50.17299+00	2022-09-28 19:58:50.17299+00
57	permutations and combinations	2	2022-09-28 19:58:50.174054+00	2022-09-28 19:58:50.174054+00
58	random variables distributions	2	2022-09-28 19:58:50.175039+00	2022-09-28 19:58:50.175039+00
59	relationships between variables	2	2022-09-28 19:58:50.176017+00	2022-09-28 19:58:50.176017+00
60	confidence intervals	2	2022-09-28 19:58:50.17715+00	2022-09-28 19:58:50.17715+00
61	interpreting pvalue	2	2022-09-28 19:58:50.178123+00	2022-09-28 19:58:50.178123+00
62	finding the test statistic	2	2022-09-28 19:58:50.179241+00	2022-09-28 19:58:50.179241+00
63	rectangular coordinates	19	2022-09-28 19:58:50.180339+00	2022-09-28 19:58:50.180339+00
64	linear inequalities	19	2022-09-28 19:58:50.181544+00	2022-09-28 19:58:50.181544+00
65	functions	19	2022-09-28 19:58:50.183086+00	2022-09-28 19:58:50.183086+00
66	rational exponents	19	2022-09-28 19:58:50.184261+00	2022-09-28 19:58:50.184261+00
67	quadratic functions	19	2022-09-28 19:58:50.185404+00	2022-09-28 19:58:50.185404+00
68	logarithms and exponents	19	2022-09-28 19:58:50.186399+00	2022-09-28 19:58:50.186399+00
69	absolute extrema	20	2022-09-28 19:58:50.187377+00	2022-09-28 19:58:50.187377+00
70	antiderivatives	20	2022-09-28 19:58:50.188455+00	2022-09-28 19:58:50.188455+00
71	area between curves	20	2022-09-28 19:58:50.189502+00	2022-09-28 19:58:50.189502+00
72	chain rule	20	2022-09-28 19:58:50.190683+00	2022-09-28 19:58:50.190683+00
73	concavity	20	2022-09-28 19:58:50.191789+00	2022-09-28 19:58:50.191789+00
74	continuity	20	2022-09-28 19:58:50.192839+00	2022-09-28 19:58:50.192839+00
75	derivatives	20	2022-09-28 19:58:50.194094+00	2022-09-28 19:58:50.194094+00
76	differential equations	20	2022-09-28 19:58:50.1952+00	2022-09-28 19:58:50.1952+00
77	fundamental theorem	20	2022-09-28 19:58:50.196327+00	2022-09-28 19:58:50.196327+00
78	lhopitals rule	20	2022-09-28 19:58:50.197512+00	2022-09-28 19:58:50.197512+00
79	implicit differentiation	20	2022-09-28 19:58:50.198735+00	2022-09-28 19:58:50.198735+00
80	mean value theorem	20	2022-09-28 19:58:50.199734+00	2022-09-28 19:58:50.199734+00
81	optimization	20	2022-09-28 19:58:50.200757+00	2022-09-28 19:58:50.200757+00
82	reimann sums	20	2022-09-28 19:58:50.201854+00	2022-09-28 19:58:50.201854+00
83	related rates	20	2022-09-28 19:58:50.203053+00	2022-09-28 19:58:50.203053+00
84	relative extrema	20	2022-09-28 19:58:50.203963+00	2022-09-28 19:58:50.203963+00
85	absolute extrema	21	2022-09-28 19:58:50.204965+00	2022-09-28 19:58:50.204965+00
86	antiderivatives	21	2022-09-28 19:58:50.205903+00	2022-09-28 19:58:50.205903+00
87	area between curves	21	2022-09-28 19:58:50.206865+00	2022-09-28 19:58:50.206865+00
88	chain rule	21	2022-09-28 19:58:50.207991+00	2022-09-28 19:58:50.207991+00
89	derivatives	21	2022-09-28 19:58:50.209081+00	2022-09-28 19:58:50.209081+00
90	differential equations	21	2022-09-28 19:58:50.210029+00	2022-09-28 19:58:50.210029+00
91	fundamental theorem of calculus	21	2022-09-28 19:58:50.210984+00	2022-09-28 19:58:50.210984+00
92	implicit differentiation	21	2022-09-28 19:58:50.212028+00	2022-09-28 19:58:50.212028+00
93	infinite sequences	21	2022-09-28 19:58:50.213184+00	2022-09-28 19:58:50.213184+00
94	limits	21	2022-09-28 19:58:50.214315+00	2022-09-28 19:58:50.214315+00
95	integration by parts	21	2022-09-28 19:58:50.215377+00	2022-09-28 19:58:50.215377+00
96	mean value theorem	21	2022-09-28 19:58:50.216252+00	2022-09-28 19:58:50.216252+00
97	optimization	21	2022-09-28 19:58:50.217307+00	2022-09-28 19:58:50.217307+00
98	parametric	21	2022-09-28 19:58:50.218334+00	2022-09-28 19:58:50.218334+00
99	reimann sums	21	2022-09-28 19:58:50.219274+00	2022-09-28 19:58:50.219274+00
100	relative extrema	21	2022-09-28 19:58:50.220156+00	2022-09-28 19:58:50.220156+00
101	taylor polynomials	21	2022-09-28 19:58:50.221138+00	2022-09-28 19:58:50.221138+00
102	basic	9	2022-09-28 19:58:50.222064+00	2022-09-28 19:58:50.222064+00
103	commonapp	9	2022-09-28 19:58:50.222843+00	2022-09-28 19:58:50.222843+00
104	answer	9	2022-09-28 19:58:50.223873+00	2022-09-28 19:58:50.223873+00
105	dhistory	9	2022-09-28 19:58:50.224842+00	2022-09-28 19:58:50.224842+00
106	optional	9	2022-09-28 19:58:50.225869+00	2022-09-28 19:58:50.225869+00
107	supplemental	9	2022-09-28 19:58:50.226894+00	2022-09-28 19:58:50.226894+00
108	exam	11	2022-09-28 19:58:50.228066+00	2022-09-28 19:58:50.228066+00
109	type	11	2022-09-28 19:58:50.229203+00	2022-09-28 19:58:50.229203+00
110	LOR	11	2022-09-28 19:58:50.230173+00	2022-09-28 19:58:50.230173+00
111	basic	11	2022-09-28 19:58:50.231113+00	2022-09-28 19:58:50.231113+00
112	timeline	10	2022-09-28 19:58:50.232049+00	2022-09-28 19:58:50.232049+00
113	resume	10	2022-09-28 19:58:50.233671+00	2022-09-28 19:58:50.233671+00
114	schools	10	2022-09-28 19:58:50.234729+00	2022-09-28 19:58:50.234729+00
115	fees	10	2022-09-28 19:58:50.235763+00	2022-09-28 19:58:50.235763+00
116	FinAid	10	2022-09-28 19:58:50.236766+00	2022-09-28 19:58:50.236766+00
117	LOR	10	2022-09-28 19:58:50.23773+00	2022-09-28 19:58:50.23773+00
118	basic	10	2022-09-28 19:58:50.238681+00	2022-09-28 19:58:50.238681+00
119	biochemistry	4	2022-09-28 19:58:50.239757+00	2022-09-28 19:58:50.239757+00
120	the cell	4	2022-09-28 19:58:50.240686+00	2022-09-28 19:58:50.240686+00
121	cell division	4	2022-09-28 19:58:50.241916+00	2022-09-28 19:58:50.241916+00
122	cellular respiration	4	2022-09-28 19:58:50.242859+00	2022-09-28 19:58:50.242859+00
123	photosynthesis and plants	4	2022-09-28 19:58:50.243905+00	2022-09-28 19:58:50.243905+00
124	classical genetics	4	2022-09-28 19:58:50.244785+00	2022-09-28 19:58:50.244785+00
125	molecular genetics	4	2022-09-28 19:58:50.245761+00	2022-09-28 19:58:50.245761+00
126	animal behavior and physiology	4	2022-09-28 19:58:50.246798+00	2022-09-28 19:58:50.246798+00
127	ecology	4	2022-09-28 19:58:50.24785+00	2022-09-28 19:58:50.24785+00
128	human physiology and anatomy	4	2022-09-28 19:58:50.24885+00	2022-09-28 19:58:50.24885+00
129	evolution and taxonomy	4	2022-09-28 19:58:50.249969+00	2022-09-28 19:58:50.249969+00
130	chemical reactions	5	2022-09-28 19:58:50.251025+00	2022-09-28 19:58:50.251025+00
131	atoms, compounds, and ions	5	2022-09-28 19:58:50.252339+00	2022-09-28 19:58:50.252339+00
132	stoichiometry	5	2022-09-28 19:58:50.253516+00	2022-09-28 19:58:50.253516+00
133	electron structure of atoms	5	2022-09-28 19:58:50.254476+00	2022-09-28 19:58:50.254476+00
134	periodic table	5	2022-09-28 19:58:50.255429+00	2022-09-28 19:58:50.255429+00
135	chemical bonds	5	2022-09-28 19:58:50.256492+00	2022-09-28 19:58:50.256492+00
136	gases	5	2022-09-28 19:58:50.257611+00	2022-09-28 19:58:50.257611+00
137	states of matter and intermolecular forces	5	2022-09-28 19:58:50.258968+00	2022-09-28 19:58:50.258968+00
138	chemical equilibrium	5	2022-09-28 19:58:50.260128+00	2022-09-28 19:58:50.260128+00
139	acids and bases	5	2022-09-28 19:58:50.261244+00	2022-09-28 19:58:50.261244+00
140	buffers, titrations, and solubility equilibria	5	2022-09-28 19:58:50.262203+00	2022-09-28 19:58:50.262203+00
141	thermodynamics	5	2022-09-28 19:58:50.263287+00	2022-09-28 19:58:50.263287+00
142	redox reactions and electrochemistry	5	2022-09-28 19:58:50.264424+00	2022-09-28 19:58:50.264424+00
143	kinetics	5	2022-09-28 19:58:50.265489+00	2022-09-28 19:58:50.265489+00
144	nuclear chemistry	5	2022-09-28 19:58:50.266621+00	2022-09-28 19:58:50.266621+00
145	kinematics	5	2022-09-28 19:58:50.267869+00	2022-09-28 19:58:50.267869+00
146	kinematics	6	2022-09-28 19:58:50.268868+00	2022-09-28 19:58:50.268868+00
147	newton's laws	6	2022-09-28 19:58:50.270146+00	2022-09-28 19:58:50.270146+00
148	rotational mechanics	6	2022-09-28 19:58:50.27122+00	2022-09-28 19:58:50.27122+00
149	work and energy	6	2022-09-28 19:58:50.272262+00	2022-09-28 19:58:50.272262+00
150	momentum and collisions	6	2022-09-28 19:58:50.273385+00	2022-09-28 19:58:50.273385+00
151	thermodynamics	6	2022-09-28 19:58:50.274431+00	2022-09-28 19:58:50.274431+00
152	electrostatics	6	2022-09-28 19:58:50.27547+00	2022-09-28 19:58:50.27547+00
153	magnetism	6	2022-09-28 19:58:50.276631+00	2022-09-28 19:58:50.276631+00
154	waves and sound	6	2022-09-28 19:58:50.277708+00	2022-09-28 19:58:50.277708+00
155	refraction and reflection	6	2022-09-28 19:58:50.27879+00	2022-09-28 19:58:50.27879+00
156	gravity/gen relativity	6	2022-09-28 19:58:50.280043+00	2022-09-28 19:58:50.280043+00
157	Fluids - density and pressure	7	2022-09-28 19:58:50.281444+00	2022-09-28 19:58:50.281444+00
158	Fluids - dynamics	7	2022-09-28 19:58:50.282725+00	2022-09-28 19:58:50.282725+00
159	THD - Ideal Gases	7	2022-09-28 19:58:50.283841+00	2022-09-28 19:58:50.283841+00
160	thermodynamics	7	2022-09-28 19:58:50.284938+00	2022-09-28 19:58:50.284938+00
161	Electric Field	7	2022-09-28 19:58:50.286028+00	2022-09-28 19:58:50.286028+00
162	Electric Potential	7	2022-09-28 19:58:50.287082+00	2022-09-28 19:58:50.287082+00
163	Magnetic Fields	7	2022-09-28 19:58:50.288139+00	2022-09-28 19:58:50.288139+00
164	Magnetic Induction	7	2022-09-28 19:58:50.289198+00	2022-09-28 19:58:50.289198+00
165	Electromagnetic Waves	7	2022-09-28 19:58:50.290657+00	2022-09-28 19:58:50.290657+00
166	Optics - refraction and reflection	7	2022-09-28 19:58:50.291695+00	2022-09-28 19:58:50.291695+00
167	Quantum & Atomic Physics	7	2022-09-28 19:58:50.292802+00	2022-09-28 19:58:50.292802+00
168	dynamics 2	7	2022-09-28 19:58:50.293791+00	2022-09-28 19:58:50.293791+00
169	Electric Circuits	7	2022-09-28 19:58:50.294983+00	2022-09-28 19:58:50.294983+00
170	earth systems and resources	8	2022-09-28 19:58:50.295965+00	2022-09-28 19:58:50.295965+00
171	ecology	8	2022-09-28 19:58:50.296991+00	2022-09-28 19:58:50.296991+00
172	energy resources and consumption	8	2022-09-28 19:58:50.298119+00	2022-09-28 19:58:50.298119+00
173	global change	8	2022-09-28 19:58:50.299094+00	2022-09-28 19:58:50.299094+00
174	impact of human health and environment	8	2022-09-28 19:58:50.300788+00	2022-09-28 19:58:50.300788+00
175	interdependence of organisms	8	2022-09-28 19:58:50.302325+00	2022-09-28 19:58:50.302325+00
176	land and water resources and use	8	2022-09-28 19:58:50.303652+00	2022-09-28 19:58:50.303652+00
177	introduction to environmental science	8	2022-09-28 19:58:50.304757+00	2022-09-28 19:58:50.304757+00
178	natural biogeochemical cycles	8	2022-09-28 19:58:50.305874+00	2022-09-28 19:58:50.305874+00
179	pollution	8	2022-09-28 19:58:50.307055+00	2022-09-28 19:58:50.307055+00
180	populations	8	2022-09-28 19:58:50.308127+00	2022-09-28 19:58:50.308127+00
181	the atmosphere	8	2022-09-28 19:58:50.309175+00	2022-09-28 19:58:50.309175+00
182	upchieve	22	2022-09-28 19:58:50.310314+00	2022-09-28 19:58:50.310314+00
183	linear_equations	12	2022-09-28 19:58:50.3113+00	2022-09-28 19:58:50.3113+00
184	linear_inequalities	12	2022-09-28 19:58:50.312648+00	2022-09-28 19:58:50.312648+00
185	linear_functions	12	2022-09-28 19:58:50.313761+00	2022-09-28 19:58:50.313761+00
186	quadratic_problems	12	2022-09-28 19:58:50.314991+00	2022-09-28 19:58:50.314991+00
187	nonlinear_equations	12	2022-09-28 19:58:50.316184+00	2022-09-28 19:58:50.316184+00
188	rational_expressions	12	2022-09-28 19:58:50.317425+00	2022-09-28 19:58:50.317425+00
189	isolating_quantities	12	2022-09-28 19:58:50.318668+00	2022-09-28 19:58:50.318668+00
190	linear_systems	12	2022-09-28 19:58:50.320092+00	2022-09-28 19:58:50.320092+00
191	ratios_rates	12	2022-09-28 19:58:50.321489+00	2022-09-28 19:58:50.321489+00
192	units	12	2022-09-28 19:58:50.322728+00	2022-09-28 19:58:50.322728+00
193	percentages	12	2022-09-28 19:58:50.323891+00	2022-09-28 19:58:50.323891+00
194	linear_and_exponential	12	2022-09-28 19:58:50.325084+00	2022-09-28 19:58:50.325084+00
195	data_inferences	12	2022-09-28 19:58:50.326278+00	2022-09-28 19:58:50.326278+00
196	volume_word_problems	12	2022-09-28 19:58:50.327252+00	2022-09-28 19:58:50.327252+00
197	complex_numbers	12	2022-09-28 19:58:50.328264+00	2022-09-28 19:58:50.328264+00
198	circle_equations	12	2022-09-28 19:58:50.329518+00	2022-09-28 19:58:50.329518+00
199	table_data	12	2022-09-28 19:58:50.330434+00	2022-09-28 19:58:50.330434+00
200	scatterplots	12	2022-09-28 19:58:50.33138+00	2022-09-28 19:58:50.33138+00
201	graphs	12	2022-09-28 19:58:50.332311+00	2022-09-28 19:58:50.332311+00
202	shape_of_distributions	12	2022-09-28 19:58:50.333264+00	2022-09-28 19:58:50.333264+00
203	right_triangle_problems	12	2022-09-28 19:58:50.334194+00	2022-09-28 19:58:50.334194+00
204	congruence_and_similarity	12	2022-09-28 19:58:50.335628+00	2022-09-28 19:58:50.335628+00
205	explict_v_implicit	13	2022-09-28 19:58:50.33672+00	2022-09-28 19:58:50.33672+00
206	point_of_view	13	2022-09-28 19:58:50.337791+00	2022-09-28 19:58:50.337791+00
207	analyzing_relationships	13	2022-09-28 19:58:50.339049+00	2022-09-28 19:58:50.339049+00
208	citing_evidence	13	2022-09-28 19:58:50.340115+00	2022-09-28 19:58:50.340115+00
209	summarizing	13	2022-09-28 19:58:50.340993+00	2022-09-28 19:58:50.340993+00
210	analogical_reasoning	13	2022-09-28 19:58:50.341878+00	2022-09-28 19:58:50.341878+00
211	structure_passage	13	2022-09-28 19:58:50.34275+00	2022-09-28 19:58:50.34275+00
212	word_choice	13	2022-09-28 19:58:50.34374+00	2022-09-28 19:58:50.34374+00
213	graphs_and_data	13	2022-09-28 19:58:50.34467+00	2022-09-28 19:58:50.34467+00
214	purpose_of_text	13	2022-09-28 19:58:50.345669+00	2022-09-28 19:58:50.345669+00
215	analyzing_arguments	13	2022-09-28 19:58:50.346491+00	2022-09-28 19:58:50.346491+00
216	connecting_texts	13	2022-09-28 19:58:50.34765+00	2022-09-28 19:58:50.34765+00
217	history_passages	13	2022-09-28 19:58:50.348857+00	2022-09-28 19:58:50.348857+00
218	strategies	13	2022-09-28 19:58:50.350001+00	2022-09-28 19:58:50.350001+00
219	types_of_essays	15	2022-09-28 19:58:50.351413+00	2022-09-28 19:58:50.351413+00
220	essay_structure	15	2022-09-28 19:58:50.352853+00	2022-09-28 19:58:50.352853+00
221	point_of_view	15	2022-09-28 19:58:50.354162+00	2022-09-28 19:58:50.354162+00
222	persuasive_techniques	15	2022-09-28 19:58:50.355248+00	2022-09-28 19:58:50.355248+00
223	citations	15	2022-09-28 19:58:50.35638+00	2022-09-28 19:58:50.35638+00
224	independent_and_dependent_clauses	15	2022-09-28 19:58:50.357546+00	2022-09-28 19:58:50.357546+00
225	punctuation	15	2022-09-28 19:58:50.358452+00	2022-09-28 19:58:50.358452+00
226	verb_tense	15	2022-09-28 19:58:50.359454+00	2022-09-28 19:58:50.359454+00
227	subject_verb_agreement	15	2022-09-28 19:58:50.360405+00	2022-09-28 19:58:50.360405+00
228	specificity_and_coherence	15	2022-09-28 19:58:50.361382+00	2022-09-28 19:58:50.361382+00
229	plagiarism	15	2022-09-28 19:58:50.362311+00	2022-09-28 19:58:50.362311+00
230	nonnvarying_sentence_length	15	2022-09-28 19:58:50.363389+00	2022-09-28 19:58:50.363389+00
231	wordiness	15	2022-09-28 19:58:50.364522+00	2022-09-28 19:58:50.364522+00
232	grammatical_errors	15	2022-09-28 19:58:50.36541+00	2022-09-28 19:58:50.36541+00
233	common_requests	15	2022-09-28 19:58:50.366464+00	2022-09-28 19:58:50.366464+00
234	inference	13	2022-09-28 19:58:50.367834+00	2022-09-28 19:58:50.367834+00
235	integumentary	24	2022-09-28 19:58:50.369082+00	2022-09-28 19:58:50.369082+00
236	little_detail	13	2022-09-28 19:58:50.370226+00	2022-09-28 19:58:50.370226+00
237	lymphatic	24	2022-09-28 19:58:50.371152+00	2022-09-28 19:58:50.371152+00
238	muscular	24	2022-09-28 19:58:50.371966+00	2022-09-28 19:58:50.371966+00
239	nervous	24	2022-09-28 19:58:50.372889+00	2022-09-28 19:58:50.372889+00
240	probingqs	23	2022-09-28 19:58:50.374123+00	2022-09-28 19:58:50.374123+00
241	questions	23	2022-09-28 19:58:50.375491+00	2022-09-28 19:58:50.375491+00
242	reproductive	24	2022-09-28 19:58:50.376517+00	2022-09-28 19:58:50.376517+00
243	respiratory	24	2022-09-28 19:58:50.377787+00	2022-09-28 19:58:50.377787+00
244	sense_organs	24	2022-09-28 19:58:50.378924+00	2022-09-28 19:58:50.378924+00
245	skeletal	24	2022-09-28 19:58:50.379906+00	2022-09-28 19:58:50.379906+00
246	texttype	23	2022-09-28 19:58:50.380815+00	2022-09-28 19:58:50.380815+00
247	tissues	24	2022-09-28 19:58:50.381695+00	2022-09-28 19:58:50.381695+00
248	urinary	24	2022-09-28 19:58:50.386645+00	2022-09-28 19:58:50.386645+00
249	vocab_in_context	13	2022-09-28 19:58:50.387978+00	2022-09-28 19:58:50.387978+00
250	vocabulary	23	2022-09-28 19:58:50.389388+00	2022-09-28 19:58:50.389388+00
251	activatebk	23	2022-09-28 19:58:50.390695+00	2022-09-28 19:58:50.390695+00
252	author_technique	13	2022-09-28 19:58:50.391952+00	2022-09-28 19:58:50.391952+00
253	backgroundknowledge	23	2022-09-28 19:58:50.393259+00	2022-09-28 19:58:50.393259+00
254	big_picture	13	2022-09-28 19:58:50.394352+00	2022-09-28 19:58:50.394352+00
255	cells	24	2022-09-28 19:58:50.39575+00	2022-09-28 19:58:50.39575+00
256	circulatory_system	24	2022-09-28 19:58:50.397379+00	2022-09-28 19:58:50.397379+00
257	comprehensionsupport	23	2022-09-28 19:58:50.401961+00	2022-09-28 19:58:50.401961+00
258	context	23	2022-09-28 19:58:50.403192+00	2022-09-28 19:58:50.403192+00
259	corrections	23	2022-09-28 19:58:50.404361+00	2022-09-28 19:58:50.404361+00
260	digestive	24	2022-09-28 19:58:50.406345+00	2022-09-28 19:58:50.406345+00
261	editing	23	2022-09-28 19:58:50.407496+00	2022-09-28 19:58:50.407496+00
262	endocrine	24	2022-09-28 19:58:50.40851+00	2022-09-28 19:58:50.40851+00
263	evidence_support	13	2022-09-28 19:58:50.409629+00	2022-09-28 19:58:50.409629+00
264	function	13	2022-09-28 19:58:50.410702+00	2022-09-28 19:58:50.410702+00
265	strategies	12	2022-09-28 19:58:50.411887+00	2022-09-28 19:58:50.411887+00
266	unit circle	18	2022-09-28 19:58:50.412863+00	2022-09-28 19:58:50.412863+00
267	dynamics 1	6	2022-09-28 19:58:50.414038+00	2022-09-28 19:58:50.414038+00
268	energy 1	6	2022-09-28 19:58:50.415224+00	2022-09-28 19:58:50.415224+00
269	dynamics 2	6	2022-09-28 19:58:50.416464+00	2022-09-28 19:58:50.416464+00
270	energy 2	6	2022-09-28 19:58:50.418004+00	2022-09-28 19:58:50.418004+00
271	pythagorean theorem	18	2022-09-28 19:58:50.419268+00	2022-09-28 19:58:50.419268+00
272	degrees and radians	18	2022-09-28 19:58:50.420385+00	2022-09-28 19:58:50.420385+00
273	graphing trig functions	18	2022-09-28 19:58:50.421439+00	2022-09-28 19:58:50.421439+00
274	inverse trig functions	18	2022-09-28 19:58:50.423115+00	2022-09-28 19:58:50.423115+00
275	trigonometric identities	18	2022-09-28 19:58:50.42444+00	2022-09-28 19:58:50.42444+00
276	complex numbers	19	2022-09-28 19:58:50.425901+00	2022-09-28 19:58:50.425901+00
277	conic sections	19	2022-09-28 19:58:50.42703+00	2022-09-28 19:58:50.42703+00
278	graphing exponential functions	19	2022-09-28 19:58:50.428185+00	2022-09-28 19:58:50.428185+00
279	graphing polynomials	19	2022-09-28 19:58:50.429321+00	2022-09-28 19:58:50.429321+00
280	graphing rational functions	19	2022-09-28 19:58:50.435066+00	2022-09-28 19:58:50.435066+00
281	logarithms	19	2022-09-28 19:58:50.436312+00	2022-09-28 19:58:50.436312+00
282	inverse functions	19	2022-09-28 19:58:50.437687+00	2022-09-28 19:58:50.437687+00
283	polynomial division	19	2022-09-28 19:58:50.43879+00	2022-09-28 19:58:50.43879+00
284	rational expressions	19	2022-09-28 19:58:50.440032+00	2022-09-28 19:58:50.440032+00
285	sequences series	19	2022-09-28 19:58:50.441132+00	2022-09-28 19:58:50.441132+00
286	exponential logarithmic equations	19	2022-09-28 19:58:50.442374+00	2022-09-28 19:58:50.442374+00
287	other equations	19	2022-09-28 19:58:50.443545+00	2022-09-28 19:58:50.443545+00
288	quadratic and absolute	19	2022-09-28 19:58:50.447709+00	2022-09-28 19:58:50.447709+00
289	solving quadratic equations	19	2022-09-28 19:58:50.449285+00	2022-09-28 19:58:50.449285+00
290	transformations functions	19	2022-09-28 19:58:50.451884+00	2022-09-28 19:58:50.451884+00
291	vectors	19	2022-09-28 19:58:50.453281+00	2022-09-28 19:58:50.453281+00
292	trig functions	18	2022-09-28 19:58:50.454494+00	2022-09-28 19:58:50.454494+00
293	random variables and distributions	2	2022-09-28 19:58:50.455811+00	2022-09-28 19:58:50.455811+00
294	kinematics 2	6	2022-09-28 19:58:50.457615+00	2022-09-28 19:58:50.457615+00
295	DC Circuits	6	2022-09-28 19:58:50.458911+00	2022-09-28 19:58:50.458911+00
296	rotational motion	6	2022-09-28 19:58:50.460159+00	2022-09-28 19:58:50.460159+00
297	polynomials	12	2022-09-28 19:58:50.461751+00	2022-09-28 19:58:50.461751+00
298	functions	12	2022-09-28 19:58:50.462927+00	2022-09-28 19:58:50.462927+00
299	angles	12	2022-09-28 19:58:50.464159+00	2022-09-28 19:58:50.464159+00
\.


--
-- Data for Name: quiz_questions; Type: TABLE DATA; Schema: upchieve; Owner: admin
--

COPY upchieve.quiz_questions (id, question_text, possible_answers, correct_answer, quiz_subcategory_id, image_source, created_at, updated_at, mongo_id) FROM stdin;
\.


--
-- Data for Name: report_reasons; Type: TABLE DATA; Schema: upchieve; Owner: admin
--

COPY upchieve.report_reasons (id, reason, created_at, updated_at) FROM stdin;
1	This student was extremely rude or inappropriate	2022-09-28 19:58:50.612915+00	2022-09-28 19:58:50.612915+00
2	I am worried for the immediate safety of this student	2022-09-28 19:58:50.616412+00	2022-09-28 19:58:50.616412+00
3	LEGACY: Student was unresponsive	2022-09-28 19:58:50.619053+00	2022-09-28 19:58:50.619053+00
4	LEGACY: Technical issue	2022-09-28 19:58:50.620208+00	2022-09-28 19:58:50.620208+00
5	LEGACY: Other	2022-09-28 19:58:50.621239+00	2022-09-28 19:58:50.621239+00
\.


--
-- Data for Name: required_email_domains; Type: TABLE DATA; Schema: upchieve; Owner: admin
--

COPY upchieve.required_email_domains (id, domain, volunteer_partner_org_id, created_at, updated_at) FROM stdin;
018385ae-3f4c-6d03-75de-c4b68047ef16	mailtrap.com	018385ae-3f49-3ecb-5e48-bea3ed393256	2022-09-28 19:58:52.748621+00	2022-09-28 19:58:52.748621+00
\.


--
-- Data for Name: school_nces_metadata; Type: TABLE DATA; Schema: upchieve; Owner: admin
--

COPY upchieve.school_nces_metadata (school_id, created_at, updated_at, school_year, fipst, statename, st, sch_name, lea_name, state_agency_no, "union", st_leaid, leaid, st_schid, ncessch, schid, mstreet1, mstreet2, mstreet3, mcity, mstate, mzip, mzip4, lstreet1, lstreet2, lstreet3, lcity, lzip, lzip4, phone, website, sy_status, sy_status_text, updated_status, updated_status_text, effective_date, sch_type, sch_type_text, recon_status, out_of_state_flag, charter_text, chartauth1, chartauthn1, chartauth2, chartauthn2, nogrades, g_pk_offered, g_kg_offered, g_1_offered, g_2_offered, g_3_offered, g_4_offered, g_5_offered, g_6_offered, g_7_offered, g_8_offered, g_9_offered, g_10_offered, g_11_offered, g_12_offered, g_13_offered, g_ug_offered, g_ae_offered, gslo, gshi, level, igoffered) FROM stdin;
\.


--
-- Data for Name: schools_sponsor_orgs; Type: TABLE DATA; Schema: upchieve; Owner: admin
--

COPY upchieve.schools_sponsor_orgs (school_id, sponsor_org_id, created_at, updated_at) FROM stdin;
018385ae-3f52-0a7a-08c1-96cdcf627368	018385ae-3f58-247a-cc24-a04063b3f9bb	2022-09-28 19:58:52.764643+00	2022-09-28 19:58:52.764643+00
018385ae-3f52-9760-dea8-fe97b6aa5754	018385ae-3f58-e742-15e7-9f4f7cb332c0	2022-09-28 19:58:52.76589+00	2022-09-28 19:58:52.76589+00
\.


--
-- Data for Name: schools_sponsor_orgs_instances; Type: TABLE DATA; Schema: upchieve; Owner: admin
--

COPY upchieve.schools_sponsor_orgs_instances (school_id, sponsor_org_id, deactivated_on, created_at, updated_at) FROM stdin;
\.


--
-- Data for Name: session_failed_joins; Type: TABLE DATA; Schema: upchieve; Owner: admin
--

COPY upchieve.session_failed_joins (session_id, user_id, created_at, updated_at) FROM stdin;
\.


--
-- Data for Name: session_flags; Type: TABLE DATA; Schema: upchieve; Owner: admin
--

COPY upchieve.session_flags (id, name, created_at, updated_at) FROM stdin;
1	Absent student	2022-09-28 19:58:50.585642+00	2022-09-28 19:58:50.585642+00
2	Absent volunteer	2022-09-28 19:58:50.587043+00	2022-09-28 19:58:50.587043+00
3	Low session rating from coach	2022-09-28 19:58:50.588454+00	2022-09-28 19:58:50.588454+00
4	Low session rating from student	2022-09-28 19:58:50.589438+00	2022-09-28 19:58:50.589438+00
5	Low coach rating from student	2022-09-28 19:58:50.590495+00	2022-09-28 19:58:50.590495+00
6	Reported	2022-09-28 19:58:50.591779+00	2022-09-28 19:58:50.591779+00
7	Pressuring coach	2022-09-28 19:58:50.592969+00	2022-09-28 19:58:50.592969+00
8	Mean or inappropriate	2022-09-28 19:58:50.594408+00	2022-09-28 19:58:50.594408+00
9	Comment from student	2022-09-28 19:58:50.595848+00	2022-09-28 19:58:50.595848+00
10	Comment from volunteer	2022-09-28 19:58:50.597455+00	2022-09-28 19:58:50.597455+00
11	Has been unmatched	2022-09-28 19:58:50.604694+00	2022-09-28 19:58:50.604694+00
12	Has had technical issues	2022-09-28 19:58:50.606031+00	2022-09-28 19:58:50.606031+00
13	PII	2022-09-28 19:58:50.607224+00	2022-09-28 19:58:50.607224+00
14	Graded assignment	2022-09-28 19:58:50.608436+00	2022-09-28 19:58:50.608436+00
15	Coach uncomfortable	2022-09-28 19:58:50.609723+00	2022-09-28 19:58:50.609723+00
16	Student in distress	2022-09-28 19:58:50.611067+00	2022-09-28 19:58:50.611067+00
\.


--
-- Data for Name: session_messages; Type: TABLE DATA; Schema: upchieve; Owner: admin
--

COPY upchieve.session_messages (id, sender_id, contents, session_id, created_at, updated_at, mongo_id) FROM stdin;
\.


--
-- Data for Name: session_photos; Type: TABLE DATA; Schema: upchieve; Owner: admin
--

COPY upchieve.session_photos (session_id, photo_key, created_at, updated_at) FROM stdin;
\.


--
-- Data for Name: session_reports; Type: TABLE DATA; Schema: upchieve; Owner: admin
--

COPY upchieve.session_reports (id, report_reason_id, report_message, reporting_user_id, session_id, reported_user_id, created_at, updated_at) FROM stdin;
\.


--
-- Data for Name: session_review_reasons; Type: TABLE DATA; Schema: upchieve; Owner: admin
--

COPY upchieve.session_review_reasons (session_id, session_flag_id, created_at, updated_at) FROM stdin;
\.


--
-- Data for Name: sessions_session_flags; Type: TABLE DATA; Schema: upchieve; Owner: admin
--

COPY upchieve.sessions_session_flags (session_id, session_flag_id, created_at, updated_at) FROM stdin;
\.


--
-- Data for Name: sponsor_orgs_upchieve_instances; Type: TABLE DATA; Schema: upchieve; Owner: admin
--

COPY upchieve.sponsor_orgs_upchieve_instances (id, sponsor_org_id, deactivated_on, created_at, updated_at) FROM stdin;
\.


--
-- Data for Name: sponsor_orgs_volunteer_partner_orgs_instances; Type: TABLE DATA; Schema: upchieve; Owner: admin
--

COPY upchieve.sponsor_orgs_volunteer_partner_orgs_instances (sponsor_org_id, volunteer_partner_org_id, deactivated_on, created_at, updated_at) FROM stdin;
\.


--
-- Data for Name: student_favorite_volunteers; Type: TABLE DATA; Schema: upchieve; Owner: admin
--

COPY upchieve.student_favorite_volunteers (student_id, volunteer_id, created_at, updated_at) FROM stdin;
\.


--
-- Data for Name: student_partner_org_sites; Type: TABLE DATA; Schema: upchieve; Owner: admin
--

COPY upchieve.student_partner_org_sites (id, name, student_partner_org_id, created_at, updated_at) FROM stdin;
018385ae-3f44-11f8-b81f-15b37ae221ad	Brooklyn	018385ae-3f13-ad91-eb79-dbc1d7ea919c	2022-09-28 19:58:52.741399+00	2022-09-28 19:58:52.741399+00
018385ae-3f44-c82a-ef66-5bc7b70bd3d1	Denver	018385ae-3f13-ad91-eb79-dbc1d7ea919c	2022-09-28 19:58:52.743128+00	2022-09-28 19:58:52.743128+00
018385ae-3f44-c7b1-4352-d0f049ca3a35	Oakland	018385ae-3f13-ad91-eb79-dbc1d7ea919c	2022-09-28 19:58:52.744524+00	2022-09-28 19:58:52.744524+00
\.


--
-- Data for Name: student_partner_orgs_sponsor_orgs; Type: TABLE DATA; Schema: upchieve; Owner: admin
--

COPY upchieve.student_partner_orgs_sponsor_orgs (student_partner_org_id, sponsor_org_id, created_at, updated_at) FROM stdin;
018385ae-3f13-b24e-ae18-f34c28d94ae7	018385ae-3f58-3591-28ec-177486d9316c	2022-09-28 19:58:52.767042+00	2022-09-28 19:58:52.767042+00
018385ae-3f13-0bf3-b085-83545ffdf2c1	018385ae-3f58-e742-15e7-9f4f7cb332c0	2022-09-28 19:58:52.768267+00	2022-09-28 19:58:52.768267+00
\.


--
-- Data for Name: student_partner_orgs_sponsor_orgs_instances; Type: TABLE DATA; Schema: upchieve; Owner: admin
--

COPY upchieve.student_partner_orgs_sponsor_orgs_instances (student_partner_org_id, sponsor_org_id, deactivated_on, created_at, updated_at) FROM stdin;
\.


--
-- Data for Name: student_partner_orgs_upchieve_instances; Type: TABLE DATA; Schema: upchieve; Owner: admin
--

COPY upchieve.student_partner_orgs_upchieve_instances (id, student_partner_org_id, deactivated_on, created_at, updated_at) FROM stdin;
\.


--
-- Data for Name: student_partner_orgs_volunteer_partner_orgs_instances; Type: TABLE DATA; Schema: upchieve; Owner: admin
--

COPY upchieve.student_partner_orgs_volunteer_partner_orgs_instances (student_partner_org_id, volunteer_partner_org_id, deactivated_on, created_at, updated_at) FROM stdin;
\.


--
-- Data for Name: student_profiles; Type: TABLE DATA; Schema: upchieve; Owner: admin
--

COPY upchieve.student_profiles (user_id, college, school_id, postal_code, grade_level_id, student_partner_org_user_id, student_partner_org_id, student_partner_org_site_id, created_at, updated_at) FROM stdin;
018385ae-4029-8973-b969-b6b660c58425	\N	018385ae-3f52-55e8-a1bc-f480f162685e	\N	\N	\N	\N	\N	2022-09-28 19:58:52.977288+00	2022-09-28 19:58:52.977288+00
018385ae-4029-0209-e4b1-fd8f2f7f5514	\N	018385ae-3f52-0a7a-08c1-96cdcf627368	\N	\N	\N	018385ae-3f13-ad91-eb79-dbc1d7ea919c	\N	2022-09-28 19:58:52.978721+00	2022-09-28 19:58:52.978721+00
018385ae-4029-e44f-9738-b2ee9f21e55b	\N	\N	\N	\N	\N	018385ae-3f13-0bf3-b085-83545ffdf2c1	\N	2022-09-28 19:58:52.979972+00	2022-09-28 19:58:52.979972+00
\.


--
-- Data for Name: survey_questions; Type: TABLE DATA; Schema: upchieve; Owner: admin
--

COPY upchieve.survey_questions (id, question_type_id, question_text, created_at, updated_at, response_display_text, replacement_column_1, replacement_column_2) FROM stdin;
7	1	Sorry to hear that, what happened?	2022-09-28 19:58:50.806596+00	2022-09-28 19:58:50.806596+00	\N	\N	\N
9	1	Overall, how supportive was your coach today?	2022-09-28 19:58:50.806596+00	2022-09-28 19:58:50.806596+00	\N	\N	\N
10	1	Overall, how much did your coach push you to do your best work today?	2022-09-28 19:58:50.806596+00	2022-09-28 19:58:50.806596+00	\N	\N	\N
11	3	This can be about the web app, the Academic Coach who helped you, the services UPchieve offers, etc.	2022-09-28 19:58:50.806596+00	2022-09-28 19:58:50.806596+00	\N	\N	\N
1	1	What is your primary goal for today's session?	2022-09-28 19:58:50.769103+00	2022-09-28 19:58:50.830897+00	Their goal for the session:	\N	\N
2	1	Where are you in the process of reaching your goal?	2022-09-28 19:58:50.769103+00	2022-09-28 19:58:50.830897+00	How much progress they've made towards their goal:	\N	\N
3	1	Overall, how do you feel about applying to college?	2022-09-28 19:58:50.769103+00	2022-09-28 19:58:50.830897+00	How they feel about applying to college:	\N	\N
4	1	How well do you understand the topic you want to talk about today?	2022-09-28 19:58:50.769103+00	2022-09-28 19:58:50.830897+00	How well they understand the topic:	\N	\N
17	1	Were there any student safety, academic integrity, or community guideline issues during this session?	2022-09-28 19:58:50.838798+00	2022-09-28 19:58:50.838798+00	\N	\N	\N
18	1	Please select all that apply	2022-09-28 19:58:50.838798+00	2022-09-28 19:58:50.838798+00	\N	\N	\N
19	3	This can be about the web app, the student you helped, technical issues, etc.	2022-09-28 19:58:50.838798+00	2022-09-28 19:58:50.838798+00	\N	\N	\N
13	1	%s's goal for this session was to %s. Were you able to help them achieve their goal?	2022-09-28 19:58:50.838798+00	2022-09-28 19:58:50.866195+00	\N	student_name	student_goal
6	1	Your goal for this session was to %s. Did UPchieve help you achieve your goal?	2022-09-28 19:58:50.806596+00	2022-09-28 19:58:50.866195+00	\N	student_goal	\N
8	1	Would you like to favorite your coach %s?	2022-09-28 19:58:50.806596+00	2022-09-28 19:58:50.866195+00	\N	coach_name	\N
14	1	How do you think %s feels about %s at the end of this session?	2022-09-28 19:58:50.838798+00	2022-09-28 19:58:50.866195+00	\N	student_name	subject_name
15	1	How do you think %s feels about the %s at the end of this session?	2022-09-28 19:58:50.838798+00	2022-09-28 19:58:50.866195+00	\N	student_name	subject_name
16	1	How do you think %s feels about applying to college at the end of this session?	2022-09-28 19:58:50.838798+00	2022-09-28 19:58:50.866195+00	\N	student_name	\N
12	1	Overall, how do you feel about the %s section?	2022-09-28 19:58:50.830897+00	2022-09-28 19:58:50.866195+00	How they feel about %s:	subject_name	\N
5	1	Overall, how do you feel about %s?	2022-09-28 19:58:50.769103+00	2022-09-28 19:58:50.866195+00	How they feel about %s:	subject_name	\N
\.


--
-- Data for Name: survey_questions_question_tags; Type: TABLE DATA; Schema: upchieve; Owner: admin
--

COPY upchieve.survey_questions_question_tags (id, survey_question_id, question_tag_id, created_at, updated_at) FROM stdin;
\.


--
-- Data for Name: survey_response_choices; Type: TABLE DATA; Schema: upchieve; Owner: admin
--

COPY upchieve.survey_response_choices (id, score, choice_text, created_at, updated_at, display_image) FROM stdin;
1	0	Solve a specific question	2022-09-28 19:58:50.769103+00	2022-09-28 19:58:50.769103+00	\N
2	0	Complete a homework assignment	2022-09-28 19:58:50.769103+00	2022-09-28 19:58:50.769103+00	\N
3	0	Prepare for a quiz/test	2022-09-28 19:58:50.769103+00	2022-09-28 19:58:50.769103+00	\N
4	0	Check my answers	2022-09-28 19:58:50.769103+00	2022-09-28 19:58:50.769103+00	\N
7	0	Brainstorm or research an essay topic	2022-09-28 19:58:50.769103+00	2022-09-28 19:58:50.769103+00	\N
8	0	Develop a thesis statement	2022-09-28 19:58:50.769103+00	2022-09-28 19:58:50.769103+00	\N
9	0	Create an essay outline	2022-09-28 19:58:50.769103+00	2022-09-28 19:58:50.769103+00	\N
10	0	Revise essay structure and ideas	2022-09-28 19:58:50.769103+00	2022-09-28 19:58:50.769103+00	\N
11	0	Edit grammar	2022-09-28 19:58:50.769103+00	2022-09-28 19:58:50.769103+00	\N
12	0	Improve my understanding of a text	2022-09-28 19:58:50.769103+00	2022-09-28 19:58:50.769103+00	\N
13	0	Answer questions based on a text	2022-09-28 19:58:50.769103+00	2022-09-28 19:58:50.769103+00	\N
14	0	Revise my response(s) to reading questions	2022-09-28 19:58:50.769103+00	2022-09-28 19:58:50.769103+00	\N
15	0	Understand college requirements	2022-09-28 19:58:50.769103+00	2022-09-28 19:58:50.769103+00	\N
16	0	Pick classes or extracurricular activities	2022-09-28 19:58:50.769103+00	2022-09-28 19:58:50.769103+00	\N
17	0	Research majors or careers	2022-09-28 19:58:50.769103+00	2022-09-28 19:58:50.769103+00	\N
18	0	Select colleges to apply to	2022-09-28 19:58:50.769103+00	2022-09-28 19:58:50.769103+00	\N
19	0	Learn about financial aid and scholarships	2022-09-28 19:58:50.769103+00	2022-09-28 19:58:50.769103+00	\N
20	0	Select a prompt and brainstorm topics	2022-09-28 19:58:50.769103+00	2022-09-28 19:58:50.769103+00	\N
21	0	Create an outline	2022-09-28 19:58:50.769103+00	2022-09-28 19:58:50.769103+00	\N
22	0	Understand the parts of an application	2022-09-28 19:58:50.769103+00	2022-09-28 19:58:50.769103+00	\N
23	0	Create an application timeline	2022-09-28 19:58:50.769103+00	2022-09-28 19:58:50.769103+00	\N
24	0	Work on an application	2022-09-28 19:58:50.769103+00	2022-09-28 19:58:50.769103+00	\N
25	0	Prepare for an interview	2022-09-28 19:58:50.769103+00	2022-09-28 19:58:50.769103+00	\N
26	0	Complete financial aid applications	2022-09-28 19:58:50.769103+00	2022-09-28 19:58:50.769103+00	\N
27	0	Learn more about the exam	2022-09-28 19:58:50.769103+00	2022-09-28 19:58:50.769103+00	\N
28	0	Work on a practice question(s)	2022-09-28 19:58:50.769103+00	2022-09-28 19:58:50.769103+00	\N
29	0	Learn test taking strategies	2022-09-28 19:58:50.769103+00	2022-09-28 19:58:50.769103+00	\N
31	1	I haven't started on this yet	2022-09-28 19:58:50.769103+00	2022-09-28 19:58:50.769103+00	\N
32	2	I've done some work on this	2022-09-28 19:58:50.769103+00	2022-09-28 19:58:50.769103+00	\N
50	5	Extremely	2022-09-28 19:58:50.806596+00	2022-09-28 19:58:50.806596+00	\N
52	0	Rude coach	2022-09-28 19:58:50.806596+00	2022-09-28 19:58:50.806596+00	\N
53	0	Coach didn't know topic	2022-09-28 19:58:50.806596+00	2022-09-28 19:58:50.806596+00	\N
54	0	Coach slow to respond	2022-09-28 19:58:50.806596+00	2022-09-28 19:58:50.806596+00	\N
55	0	Ran out of time	2022-09-28 19:58:50.806596+00	2022-09-28 19:58:50.806596+00	\N
56	0	Tech issue	2022-09-28 19:58:50.806596+00	2022-09-28 19:58:50.806596+00	\N
58	0	Yes	2022-09-28 19:58:50.806596+00	2022-09-28 19:58:50.806596+00	\N
59	0	Maybe later	2022-09-28 19:58:50.806596+00	2022-09-28 19:58:50.806596+00	\N
5	0	Deepen my understanding of a topic	2022-09-28 19:58:50.769103+00	2022-09-28 19:58:50.813799+00	\N
30	0	Deepen my understanding of a concept	2022-09-28 19:58:50.769103+00	2022-09-28 19:58:50.813799+00	\N
60	0	I'm curious and want to learn something new	2022-09-28 19:58:50.818653+00	2022-09-28 19:58:50.818653+00	\N
61	3	Neutral	2022-09-28 19:58:50.825226+00	2022-09-28 19:58:50.825226+00	https://cdn.upchieve.org/site-images/emojis/neutral-emoji.svg
35	1	Stressed	2022-09-28 19:58:50.769103+00	2022-09-28 19:58:50.825226+00	https://cdn.upchieve.org/site-images/emojis/stressed-emoji.svg
36	2	Nervous	2022-09-28 19:58:50.769103+00	2022-09-28 19:58:50.825226+00	https://cdn.upchieve.org/site-images/emojis/nervous-emoji.svg
37	4	Optimistic	2022-09-28 19:58:50.769103+00	2022-09-28 19:58:50.825226+00	https://cdn.upchieve.org/site-images/emojis/optimistic-emoji.svg
38	5	Confident	2022-09-28 19:58:50.769103+00	2022-09-28 19:58:50.825226+00	https://cdn.upchieve.org/site-images/emojis/confident-emoji.svg
44	2	Sorta but not really	2022-09-28 19:58:50.806596+00	2022-09-28 19:58:50.875915+00	https://cdn.upchieve.org/site-images/star.svg
40	2	A little	2022-09-28 19:58:50.769103+00	2022-09-28 19:58:50.830897+00	\N
41	3	A medium amount	2022-09-28 19:58:50.769103+00	2022-09-28 19:58:50.830897+00	\N
42	4	Really well	2022-09-28 19:58:50.769103+00	2022-09-28 19:58:50.830897+00	\N
62	5	Almost perfectly	2022-09-28 19:58:50.830897+00	2022-09-28 19:58:50.830897+00	\N
33	3	I'm finishing this up	2022-09-28 19:58:50.769103+00	2022-09-28 19:58:50.830897+00	\N
34	4	I've completed this	2022-09-28 19:58:50.769103+00	2022-09-28 19:58:50.830897+00	\N
64	0	No	2022-09-28 19:58:50.838798+00	2022-09-28 19:58:50.838798+00	\N
65	0	I didn't know topic	2022-09-28 19:58:50.838798+00	2022-09-28 19:58:50.838798+00	\N
66	0	Wrong subject	2022-09-28 19:58:50.838798+00	2022-09-28 19:58:50.838798+00	\N
67	0	Student participation	2022-09-28 19:58:50.838798+00	2022-09-28 19:58:50.838798+00	\N
68	0	Other	2022-09-28 19:58:50.847017+00	2022-09-28 19:58:50.847017+00	\N
70	0	Answer US History text questions	2022-09-28 19:58:50.847017+00	2022-09-28 19:58:50.847017+00	\N
71	0	Develop a thesis statement or essay topic	2022-09-28 19:58:50.847017+00	2022-09-28 19:58:50.847017+00	\N
72	0	Student shared their email, last name, or other personally identifiable information	2022-09-28 19:58:50.857967+00	2022-09-28 19:58:50.857967+00	\N
73	0	Student is in severe emotional distress and/or unsafe	2022-09-28 19:58:50.857967+00	2022-09-28 19:58:50.857967+00	\N
74	0	Student was pressuring me to do their work for them	2022-09-28 19:58:50.857967+00	2022-09-28 19:58:50.857967+00	\N
75	0	Student was working on a quiz or exam	2022-09-28 19:58:50.857967+00	2022-09-28 19:58:50.857967+00	\N
76	0	Student was mean or inappropriate	2022-09-28 19:58:50.857967+00	2022-09-28 19:58:50.857967+00	\N
77	0	Student made me feel uncomfortable	2022-09-28 19:58:50.857967+00	2022-09-28 19:58:50.857967+00	\N
78	0	Other (please provide details below)	2022-09-28 19:58:50.857967+00	2022-09-28 19:58:50.857967+00	\N
79	0	Your thoughts	2022-09-28 19:58:50.857967+00	2022-09-28 19:58:50.857967+00	\N
45	3	I guess so	2022-09-28 19:58:50.806596+00	2022-09-28 19:58:50.875915+00	https://cdn.upchieve.org/site-images/star.svg
46	4	I'm def closer to my goal	2022-09-28 19:58:50.806596+00	2022-09-28 19:58:50.875915+00	https://cdn.upchieve.org/site-images/star.svg
47	5	GOAL ACHIEVED	2022-09-28 19:58:50.806596+00	2022-09-28 19:58:50.875915+00	https://cdn.upchieve.org/site-images/star.svg
48	3	Somewhat	2022-09-28 19:58:50.806596+00	2022-09-28 19:58:50.875915+00	https://cdn.upchieve.org/site-images/star.svg
49	4	Mostly	2022-09-28 19:58:50.806596+00	2022-09-28 19:58:50.875915+00	https://cdn.upchieve.org/site-images/star.svg
51	5	A lot	2022-09-28 19:58:50.806596+00	2022-09-28 19:58:50.875915+00	https://cdn.upchieve.org/site-images/star.svg
69	1	Not at all	2022-09-28 19:58:50.847017+00	2022-09-28 19:58:50.875915+00	https://cdn.upchieve.org/site-images/star.svg
\.


--
-- Data for Name: surveys; Type: TABLE DATA; Schema: upchieve; Owner: admin
--

COPY upchieve.surveys (id, name, created_at, updated_at, role_id) FROM stdin;
1	STEM Pre-Session Survey	2022-09-28 19:58:50.769103+00	2022-09-28 19:58:50.870831+00	1
2	Humanities Essays Pre-Session Survey	2022-09-28 19:58:50.769103+00	2022-09-28 19:58:50.870831+00	1
3	Reading Pre-Session Survey	2022-09-28 19:58:50.769103+00	2022-09-28 19:58:50.870831+00	1
4	College Planning Pre-Session Survey	2022-09-28 19:58:50.769103+00	2022-09-28 19:58:50.870831+00	1
5	College Essays Pre-Session Survey	2022-09-28 19:58:50.769103+00	2022-09-28 19:58:50.870831+00	1
6	College Applications Pre-Session Survey	2022-09-28 19:58:50.769103+00	2022-09-28 19:58:50.870831+00	1
7	SAT Prep Pre-Session Survey	2022-09-28 19:58:50.769103+00	2022-09-28 19:58:50.870831+00	1
8	Student Post-Session Survey	2022-09-28 19:58:50.806596+00	2022-09-28 19:58:50.870831+00	1
12	U.S. History Pre-Session Survey	2022-09-28 19:58:50.847017+00	2022-09-28 19:58:50.870831+00	1
9	General Volunteer Post-Session Survey	2022-09-28 19:58:50.838798+00	2022-09-28 19:58:50.870831+00	2
10	SAT Prep Volunteer Post-Session Survey	2022-09-28 19:58:50.838798+00	2022-09-28 19:58:50.870831+00	2
11	College Counseling Volunteer Post-Session Survey	2022-09-28 19:58:50.838798+00	2022-09-28 19:58:50.870831+00	2
\.


--
-- Data for Name: surveys_survey_questions; Type: TABLE DATA; Schema: upchieve; Owner: admin
--

COPY upchieve.surveys_survey_questions (id, survey_id, survey_question_id, display_priority, created_at, updated_at) FROM stdin;
1	1	1	10	2022-09-28 19:58:50.769103+00	2022-09-28 19:58:50.769103+00
2	2	1	10	2022-09-28 19:58:50.769103+00	2022-09-28 19:58:50.769103+00
3	3	1	10	2022-09-28 19:58:50.769103+00	2022-09-28 19:58:50.769103+00
4	4	1	10	2022-09-28 19:58:50.769103+00	2022-09-28 19:58:50.769103+00
5	5	1	10	2022-09-28 19:58:50.769103+00	2022-09-28 19:58:50.769103+00
6	6	1	10	2022-09-28 19:58:50.769103+00	2022-09-28 19:58:50.769103+00
7	7	1	10	2022-09-28 19:58:50.769103+00	2022-09-28 19:58:50.769103+00
8	4	2	20	2022-09-28 19:58:50.769103+00	2022-09-28 19:58:50.769103+00
9	5	2	20	2022-09-28 19:58:50.769103+00	2022-09-28 19:58:50.769103+00
10	6	2	20	2022-09-28 19:58:50.769103+00	2022-09-28 19:58:50.769103+00
11	4	3	30	2022-09-28 19:58:50.769103+00	2022-09-28 19:58:50.769103+00
12	5	3	30	2022-09-28 19:58:50.769103+00	2022-09-28 19:58:50.769103+00
13	6	3	30	2022-09-28 19:58:50.769103+00	2022-09-28 19:58:50.769103+00
14	1	4	20	2022-09-28 19:58:50.769103+00	2022-09-28 19:58:50.769103+00
15	2	4	20	2022-09-28 19:58:50.769103+00	2022-09-28 19:58:50.769103+00
16	3	4	20	2022-09-28 19:58:50.769103+00	2022-09-28 19:58:50.769103+00
17	7	4	20	2022-09-28 19:58:50.769103+00	2022-09-28 19:58:50.769103+00
18	1	5	30	2022-09-28 19:58:50.769103+00	2022-09-28 19:58:50.769103+00
19	2	5	30	2022-09-28 19:58:50.769103+00	2022-09-28 19:58:50.769103+00
20	3	5	30	2022-09-28 19:58:50.769103+00	2022-09-28 19:58:50.769103+00
22	8	6	10	2022-09-28 19:58:50.806596+00	2022-09-28 19:58:50.806596+00
23	8	7	20	2022-09-28 19:58:50.806596+00	2022-09-28 19:58:50.806596+00
24	8	8	30	2022-09-28 19:58:50.806596+00	2022-09-28 19:58:50.806596+00
25	8	9	40	2022-09-28 19:58:50.806596+00	2022-09-28 19:58:50.806596+00
26	8	10	50	2022-09-28 19:58:50.806596+00	2022-09-28 19:58:50.806596+00
27	8	11	60	2022-09-28 19:58:50.806596+00	2022-09-28 19:58:50.806596+00
21	7	12	30	2022-09-28 19:58:50.769103+00	2022-09-28 19:58:50.830897+00
28	9	13	10	2022-09-28 19:58:50.838798+00	2022-09-28 19:58:50.838798+00
29	10	13	10	2022-09-28 19:58:50.838798+00	2022-09-28 19:58:50.838798+00
38	12	1	10	2022-09-28 19:58:50.847017+00	2022-09-28 19:58:50.847017+00
39	12	4	20	2022-09-28 19:58:50.847017+00	2022-09-28 19:58:50.847017+00
40	12	5	30	2022-09-28 19:58:50.847017+00	2022-09-28 19:58:50.847017+00
41	11	13	10	2022-09-28 19:58:50.857967+00	2022-09-28 19:58:50.857967+00
43	11	16	30	2022-09-28 19:58:50.857967+00	2022-09-28 19:58:50.857967+00
36	9	19	70	2022-09-28 19:58:50.838798+00	2022-09-28 19:58:50.838798+00
37	10	19	70	2022-09-28 19:58:50.838798+00	2022-09-28 19:58:50.838798+00
45	11	19	70	2022-09-28 19:58:50.857967+00	2022-09-28 19:58:50.857967+00
32	9	17	40	2022-09-28 19:58:50.838798+00	2022-09-28 19:58:50.838798+00
33	10	17	40	2022-09-28 19:58:50.838798+00	2022-09-28 19:58:50.838798+00
44	11	17	40	2022-09-28 19:58:50.857967+00	2022-09-28 19:58:50.857967+00
30	9	14	30	2022-09-28 19:58:50.838798+00	2022-09-28 19:58:50.838798+00
31	10	15	30	2022-09-28 19:58:50.838798+00	2022-09-28 19:58:50.838798+00
34	9	7	20	2022-09-28 19:58:50.838798+00	2022-09-28 19:58:50.838798+00
35	10	7	20	2022-09-28 19:58:50.838798+00	2022-09-28 19:58:50.838798+00
42	11	7	20	2022-09-28 19:58:50.857967+00	2022-09-28 19:58:50.857967+00
46	9	18	50	2022-09-28 19:58:50.857967+00	2022-09-28 19:58:50.857967+00
47	10	18	50	2022-09-28 19:58:50.857967+00	2022-09-28 19:58:50.857967+00
48	11	18	50	2022-09-28 19:58:50.857967+00	2022-09-28 19:58:50.857967+00
\.


--
-- Data for Name: survey_questions_response_choices; Type: TABLE DATA; Schema: upchieve; Owner: admin
--

COPY upchieve.survey_questions_response_choices (response_choice_id, display_priority, created_at, updated_at, surveys_survey_question_id) FROM stdin;
1	10	2022-09-28 19:58:50.769103+00	2022-09-28 19:58:50.769103+00	1
7	10	2022-09-28 19:58:50.769103+00	2022-09-28 19:58:50.769103+00	2
12	10	2022-09-28 19:58:50.769103+00	2022-09-28 19:58:50.769103+00	3
15	10	2022-09-28 19:58:50.769103+00	2022-09-28 19:58:50.769103+00	4
20	10	2022-09-28 19:58:50.769103+00	2022-09-28 19:58:50.769103+00	5
22	10	2022-09-28 19:58:50.769103+00	2022-09-28 19:58:50.769103+00	6
27	10	2022-09-28 19:58:50.769103+00	2022-09-28 19:58:50.769103+00	7
31	10	2022-09-28 19:58:50.769103+00	2022-09-28 19:58:50.769103+00	8
31	10	2022-09-28 19:58:50.769103+00	2022-09-28 19:58:50.769103+00	9
31	10	2022-09-28 19:58:50.769103+00	2022-09-28 19:58:50.769103+00	10
35	10	2022-09-28 19:58:50.769103+00	2022-09-28 19:58:50.769103+00	11
35	10	2022-09-28 19:58:50.769103+00	2022-09-28 19:58:50.769103+00	12
35	10	2022-09-28 19:58:50.769103+00	2022-09-28 19:58:50.769103+00	13
35	10	2022-09-28 19:58:50.769103+00	2022-09-28 19:58:50.769103+00	18
35	10	2022-09-28 19:58:50.769103+00	2022-09-28 19:58:50.769103+00	19
35	10	2022-09-28 19:58:50.769103+00	2022-09-28 19:58:50.769103+00	20
35	10	2022-09-28 19:58:50.769103+00	2022-09-28 19:58:50.769103+00	21
2	20	2022-09-28 19:58:50.769103+00	2022-09-28 19:58:50.769103+00	1
8	20	2022-09-28 19:58:50.769103+00	2022-09-28 19:58:50.769103+00	2
13	20	2022-09-28 19:58:50.769103+00	2022-09-28 19:58:50.769103+00	3
16	20	2022-09-28 19:58:50.769103+00	2022-09-28 19:58:50.769103+00	4
21	20	2022-09-28 19:58:50.769103+00	2022-09-28 19:58:50.769103+00	5
23	20	2022-09-28 19:58:50.769103+00	2022-09-28 19:58:50.769103+00	6
29	20	2022-09-28 19:58:50.769103+00	2022-09-28 19:58:50.769103+00	7
36	20	2022-09-28 19:58:50.769103+00	2022-09-28 19:58:50.769103+00	11
36	20	2022-09-28 19:58:50.769103+00	2022-09-28 19:58:50.769103+00	12
36	20	2022-09-28 19:58:50.769103+00	2022-09-28 19:58:50.769103+00	13
40	20	2022-09-28 19:58:50.769103+00	2022-09-28 19:58:50.769103+00	14
40	20	2022-09-28 19:58:50.769103+00	2022-09-28 19:58:50.769103+00	15
40	20	2022-09-28 19:58:50.769103+00	2022-09-28 19:58:50.769103+00	16
40	20	2022-09-28 19:58:50.769103+00	2022-09-28 19:58:50.769103+00	17
36	20	2022-09-28 19:58:50.769103+00	2022-09-28 19:58:50.769103+00	18
36	20	2022-09-28 19:58:50.769103+00	2022-09-28 19:58:50.769103+00	19
36	20	2022-09-28 19:58:50.769103+00	2022-09-28 19:58:50.769103+00	20
36	20	2022-09-28 19:58:50.769103+00	2022-09-28 19:58:50.769103+00	21
3	30	2022-09-28 19:58:50.769103+00	2022-09-28 19:58:50.769103+00	1
9	30	2022-09-28 19:58:50.769103+00	2022-09-28 19:58:50.769103+00	2
14	30	2022-09-28 19:58:50.769103+00	2022-09-28 19:58:50.769103+00	3
17	30	2022-09-28 19:58:50.769103+00	2022-09-28 19:58:50.769103+00	4
10	30	2022-09-28 19:58:50.769103+00	2022-09-28 19:58:50.769103+00	5
24	30	2022-09-28 19:58:50.769103+00	2022-09-28 19:58:50.769103+00	6
28	30	2022-09-28 19:58:50.769103+00	2022-09-28 19:58:50.769103+00	7
33	30	2022-09-28 19:58:50.769103+00	2022-09-28 19:58:50.769103+00	8
33	30	2022-09-28 19:58:50.769103+00	2022-09-28 19:58:50.769103+00	9
33	30	2022-09-28 19:58:50.769103+00	2022-09-28 19:58:50.769103+00	10
41	30	2022-09-28 19:58:50.769103+00	2022-09-28 19:58:50.769103+00	14
41	30	2022-09-28 19:58:50.769103+00	2022-09-28 19:58:50.769103+00	15
41	30	2022-09-28 19:58:50.769103+00	2022-09-28 19:58:50.769103+00	16
41	30	2022-09-28 19:58:50.769103+00	2022-09-28 19:58:50.769103+00	17
4	40	2022-09-28 19:58:50.769103+00	2022-09-28 19:58:50.769103+00	1
10	40	2022-09-28 19:58:50.769103+00	2022-09-28 19:58:50.769103+00	2
18	40	2022-09-28 19:58:50.769103+00	2022-09-28 19:58:50.769103+00	4
11	40	2022-09-28 19:58:50.769103+00	2022-09-28 19:58:50.769103+00	5
25	40	2022-09-28 19:58:50.769103+00	2022-09-28 19:58:50.769103+00	6
4	40	2022-09-28 19:58:50.769103+00	2022-09-28 19:58:50.769103+00	7
42	40	2022-09-28 19:58:50.769103+00	2022-09-28 19:58:50.769103+00	14
42	40	2022-09-28 19:58:50.769103+00	2022-09-28 19:58:50.769103+00	15
42	40	2022-09-28 19:58:50.769103+00	2022-09-28 19:58:50.769103+00	16
42	40	2022-09-28 19:58:50.769103+00	2022-09-28 19:58:50.769103+00	17
5	50	2022-09-28 19:58:50.769103+00	2022-09-28 19:58:50.769103+00	1
11	50	2022-09-28 19:58:50.769103+00	2022-09-28 19:58:50.769103+00	2
19	50	2022-09-28 19:58:50.769103+00	2022-09-28 19:58:50.769103+00	4
26	50	2022-09-28 19:58:50.769103+00	2022-09-28 19:58:50.769103+00	6
30	50	2022-09-28 19:58:50.769103+00	2022-09-28 19:58:50.769103+00	7
44	20	2022-09-28 19:58:50.806596+00	2022-09-28 19:58:50.806596+00	22
45	30	2022-09-28 19:58:50.806596+00	2022-09-28 19:58:50.806596+00	22
46	40	2022-09-28 19:58:50.806596+00	2022-09-28 19:58:50.806596+00	22
47	50	2022-09-28 19:58:50.806596+00	2022-09-28 19:58:50.806596+00	22
52	10	2022-09-28 19:58:50.806596+00	2022-09-28 19:58:50.806596+00	23
53	20	2022-09-28 19:58:50.806596+00	2022-09-28 19:58:50.806596+00	23
54	30	2022-09-28 19:58:50.806596+00	2022-09-28 19:58:50.806596+00	23
55	40	2022-09-28 19:58:50.806596+00	2022-09-28 19:58:50.806596+00	23
56	50	2022-09-28 19:58:50.806596+00	2022-09-28 19:58:50.806596+00	23
58	10	2022-09-28 19:58:50.806596+00	2022-09-28 19:58:50.806596+00	24
59	20	2022-09-28 19:58:50.806596+00	2022-09-28 19:58:50.806596+00	24
44	20	2022-09-28 19:58:50.806596+00	2022-09-28 19:58:50.806596+00	25
48	30	2022-09-28 19:58:50.806596+00	2022-09-28 19:58:50.806596+00	25
49	40	2022-09-28 19:58:50.806596+00	2022-09-28 19:58:50.806596+00	25
50	50	2022-09-28 19:58:50.806596+00	2022-09-28 19:58:50.806596+00	25
44	20	2022-09-28 19:58:50.806596+00	2022-09-28 19:58:50.806596+00	26
48	30	2022-09-28 19:58:50.806596+00	2022-09-28 19:58:50.806596+00	26
49	40	2022-09-28 19:58:50.806596+00	2022-09-28 19:58:50.806596+00	26
51	50	2022-09-28 19:58:50.806596+00	2022-09-28 19:58:50.806596+00	26
60	60	2022-09-28 19:58:50.818653+00	2022-09-28 19:58:50.818653+00	1
61	30	2022-09-28 19:58:50.825226+00	2022-09-28 19:58:50.825226+00	11
61	30	2022-09-28 19:58:50.825226+00	2022-09-28 19:58:50.825226+00	12
61	30	2022-09-28 19:58:50.825226+00	2022-09-28 19:58:50.825226+00	13
61	30	2022-09-28 19:58:50.825226+00	2022-09-28 19:58:50.825226+00	18
61	30	2022-09-28 19:58:50.825226+00	2022-09-28 19:58:50.825226+00	19
61	30	2022-09-28 19:58:50.825226+00	2022-09-28 19:58:50.825226+00	20
61	30	2022-09-28 19:58:50.825226+00	2022-09-28 19:58:50.825226+00	21
37	40	2022-09-28 19:58:50.769103+00	2022-09-28 19:58:50.825226+00	11
37	40	2022-09-28 19:58:50.769103+00	2022-09-28 19:58:50.825226+00	12
37	40	2022-09-28 19:58:50.769103+00	2022-09-28 19:58:50.825226+00	13
37	40	2022-09-28 19:58:50.769103+00	2022-09-28 19:58:50.825226+00	18
37	40	2022-09-28 19:58:50.769103+00	2022-09-28 19:58:50.825226+00	19
37	40	2022-09-28 19:58:50.769103+00	2022-09-28 19:58:50.825226+00	20
37	40	2022-09-28 19:58:50.769103+00	2022-09-28 19:58:50.825226+00	21
38	50	2022-09-28 19:58:50.769103+00	2022-09-28 19:58:50.825226+00	11
38	50	2022-09-28 19:58:50.769103+00	2022-09-28 19:58:50.825226+00	12
38	50	2022-09-28 19:58:50.769103+00	2022-09-28 19:58:50.825226+00	13
38	50	2022-09-28 19:58:50.769103+00	2022-09-28 19:58:50.825226+00	18
38	50	2022-09-28 19:58:50.769103+00	2022-09-28 19:58:50.825226+00	19
38	50	2022-09-28 19:58:50.769103+00	2022-09-28 19:58:50.825226+00	20
38	50	2022-09-28 19:58:50.769103+00	2022-09-28 19:58:50.825226+00	21
62	50	2022-09-28 19:58:50.830897+00	2022-09-28 19:58:50.830897+00	14
62	50	2022-09-28 19:58:50.830897+00	2022-09-28 19:58:50.830897+00	15
62	50	2022-09-28 19:58:50.830897+00	2022-09-28 19:58:50.830897+00	16
62	50	2022-09-28 19:58:50.830897+00	2022-09-28 19:58:50.830897+00	17
32	20	2022-09-28 19:58:50.830897+00	2022-09-28 19:58:50.830897+00	8
32	20	2022-09-28 19:58:50.830897+00	2022-09-28 19:58:50.830897+00	9
32	20	2022-09-28 19:58:50.830897+00	2022-09-28 19:58:50.830897+00	10
34	40	2022-09-28 19:58:50.830897+00	2022-09-28 19:58:50.830897+00	8
34	40	2022-09-28 19:58:50.830897+00	2022-09-28 19:58:50.830897+00	9
34	40	2022-09-28 19:58:50.830897+00	2022-09-28 19:58:50.830897+00	10
44	20	2022-09-28 19:58:50.838798+00	2022-09-28 19:58:50.838798+00	28
44	20	2022-09-28 19:58:50.838798+00	2022-09-28 19:58:50.838798+00	29
48	30	2022-09-28 19:58:50.838798+00	2022-09-28 19:58:50.838798+00	28
48	30	2022-09-28 19:58:50.838798+00	2022-09-28 19:58:50.838798+00	29
49	40	2022-09-28 19:58:50.838798+00	2022-09-28 19:58:50.838798+00	28
49	40	2022-09-28 19:58:50.838798+00	2022-09-28 19:58:50.838798+00	29
51	50	2022-09-28 19:58:50.838798+00	2022-09-28 19:58:50.838798+00	28
51	50	2022-09-28 19:58:50.838798+00	2022-09-28 19:58:50.838798+00	29
55	20	2022-09-28 19:58:50.838798+00	2022-09-28 19:58:50.838798+00	34
55	20	2022-09-28 19:58:50.838798+00	2022-09-28 19:58:50.838798+00	35
58	10	2022-09-28 19:58:50.838798+00	2022-09-28 19:58:50.838798+00	32
58	10	2022-09-28 19:58:50.838798+00	2022-09-28 19:58:50.838798+00	33
61	30	2022-09-28 19:58:50.838798+00	2022-09-28 19:58:50.838798+00	30
35	10	2022-09-28 19:58:50.838798+00	2022-09-28 19:58:50.838798+00	30
36	20	2022-09-28 19:58:50.838798+00	2022-09-28 19:58:50.838798+00	30
37	40	2022-09-28 19:58:50.838798+00	2022-09-28 19:58:50.838798+00	30
38	50	2022-09-28 19:58:50.838798+00	2022-09-28 19:58:50.838798+00	30
64	20	2022-09-28 19:58:50.838798+00	2022-09-28 19:58:50.838798+00	32
64	20	2022-09-28 19:58:50.838798+00	2022-09-28 19:58:50.838798+00	33
65	30	2022-09-28 19:58:50.838798+00	2022-09-28 19:58:50.838798+00	34
65	30	2022-09-28 19:58:50.838798+00	2022-09-28 19:58:50.838798+00	35
66	40	2022-09-28 19:58:50.838798+00	2022-09-28 19:58:50.838798+00	34
66	40	2022-09-28 19:58:50.838798+00	2022-09-28 19:58:50.838798+00	35
67	50	2022-09-28 19:58:50.838798+00	2022-09-28 19:58:50.838798+00	34
67	50	2022-09-28 19:58:50.838798+00	2022-09-28 19:58:50.838798+00	35
3	30	2022-09-28 19:58:50.847017+00	2022-09-28 19:58:50.847017+00	38
4	20	2022-09-28 19:58:50.847017+00	2022-09-28 19:58:50.847017+00	38
30	50	2022-09-28 19:58:50.847017+00	2022-09-28 19:58:50.847017+00	38
60	60	2022-09-28 19:58:50.847017+00	2022-09-28 19:58:50.847017+00	38
61	30	2022-09-28 19:58:50.847017+00	2022-09-28 19:58:50.847017+00	40
35	10	2022-09-28 19:58:50.847017+00	2022-09-28 19:58:50.847017+00	40
36	20	2022-09-28 19:58:50.847017+00	2022-09-28 19:58:50.847017+00	40
37	40	2022-09-28 19:58:50.847017+00	2022-09-28 19:58:50.847017+00	40
38	50	2022-09-28 19:58:50.847017+00	2022-09-28 19:58:50.847017+00	40
40	20	2022-09-28 19:58:50.847017+00	2022-09-28 19:58:50.847017+00	39
41	30	2022-09-28 19:58:50.847017+00	2022-09-28 19:58:50.847017+00	39
42	40	2022-09-28 19:58:50.847017+00	2022-09-28 19:58:50.847017+00	39
62	50	2022-09-28 19:58:50.847017+00	2022-09-28 19:58:50.847017+00	39
68	40	2022-09-28 19:58:50.847017+00	2022-09-28 19:58:50.847017+00	3
68	50	2022-09-28 19:58:50.847017+00	2022-09-28 19:58:50.847017+00	5
68	60	2022-09-28 19:58:50.847017+00	2022-09-28 19:58:50.847017+00	2
68	60	2022-09-28 19:58:50.847017+00	2022-09-28 19:58:50.847017+00	4
68	60	2022-09-28 19:58:50.847017+00	2022-09-28 19:58:50.847017+00	6
68	60	2022-09-28 19:58:50.847017+00	2022-09-28 19:58:50.847017+00	7
68	60	2022-09-28 19:58:50.847017+00	2022-09-28 19:58:50.847017+00	23
68	60	2022-09-28 19:58:50.847017+00	2022-09-28 19:58:50.847017+00	34
68	60	2022-09-28 19:58:50.847017+00	2022-09-28 19:58:50.847017+00	35
68	70	2022-09-28 19:58:50.847017+00	2022-09-28 19:58:50.847017+00	1
68	70	2022-09-28 19:58:50.847017+00	2022-09-28 19:58:50.847017+00	38
69	10	2022-09-28 19:58:50.847017+00	2022-09-28 19:58:50.847017+00	14
69	10	2022-09-28 19:58:50.847017+00	2022-09-28 19:58:50.847017+00	15
69	10	2022-09-28 19:58:50.847017+00	2022-09-28 19:58:50.847017+00	16
69	10	2022-09-28 19:58:50.847017+00	2022-09-28 19:58:50.847017+00	17
69	10	2022-09-28 19:58:50.847017+00	2022-09-28 19:58:50.847017+00	22
69	10	2022-09-28 19:58:50.847017+00	2022-09-28 19:58:50.847017+00	25
69	10	2022-09-28 19:58:50.847017+00	2022-09-28 19:58:50.847017+00	26
69	10	2022-09-28 19:58:50.847017+00	2022-09-28 19:58:50.847017+00	28
69	10	2022-09-28 19:58:50.847017+00	2022-09-28 19:58:50.847017+00	29
69	10	2022-09-28 19:58:50.847017+00	2022-09-28 19:58:50.847017+00	39
70	10	2022-09-28 19:58:50.847017+00	2022-09-28 19:58:50.847017+00	38
71	40	2022-09-28 19:58:50.847017+00	2022-09-28 19:58:50.847017+00	38
69	10	2022-09-28 19:58:50.857967+00	2022-09-28 19:58:50.857967+00	41
44	20	2022-09-28 19:58:50.857967+00	2022-09-28 19:58:50.857967+00	41
48	30	2022-09-28 19:58:50.857967+00	2022-09-28 19:58:50.857967+00	41
49	40	2022-09-28 19:58:50.857967+00	2022-09-28 19:58:50.857967+00	41
51	50	2022-09-28 19:58:50.857967+00	2022-09-28 19:58:50.857967+00	41
55	20	2022-09-28 19:58:50.857967+00	2022-09-28 19:58:50.857967+00	42
65	30	2022-09-28 19:58:50.857967+00	2022-09-28 19:58:50.857967+00	42
66	40	2022-09-28 19:58:50.857967+00	2022-09-28 19:58:50.857967+00	42
67	50	2022-09-28 19:58:50.857967+00	2022-09-28 19:58:50.857967+00	42
68	60	2022-09-28 19:58:50.857967+00	2022-09-28 19:58:50.857967+00	42
35	10	2022-09-28 19:58:50.857967+00	2022-09-28 19:58:50.857967+00	43
36	20	2022-09-28 19:58:50.857967+00	2022-09-28 19:58:50.857967+00	43
61	30	2022-09-28 19:58:50.857967+00	2022-09-28 19:58:50.857967+00	43
37	40	2022-09-28 19:58:50.857967+00	2022-09-28 19:58:50.857967+00	43
38	50	2022-09-28 19:58:50.857967+00	2022-09-28 19:58:50.857967+00	43
58	10	2022-09-28 19:58:50.857967+00	2022-09-28 19:58:50.857967+00	44
64	20	2022-09-28 19:58:50.857967+00	2022-09-28 19:58:50.857967+00	44
61	30	2022-09-28 19:58:50.857967+00	2022-09-28 19:58:50.857967+00	31
35	10	2022-09-28 19:58:50.857967+00	2022-09-28 19:58:50.857967+00	31
36	20	2022-09-28 19:58:50.857967+00	2022-09-28 19:58:50.857967+00	31
37	40	2022-09-28 19:58:50.857967+00	2022-09-28 19:58:50.857967+00	31
38	50	2022-09-28 19:58:50.857967+00	2022-09-28 19:58:50.857967+00	31
72	10	2022-09-28 19:58:50.857967+00	2022-09-28 19:58:50.857967+00	46
72	10	2022-09-28 19:58:50.857967+00	2022-09-28 19:58:50.857967+00	47
72	10	2022-09-28 19:58:50.857967+00	2022-09-28 19:58:50.857967+00	48
73	20	2022-09-28 19:58:50.857967+00	2022-09-28 19:58:50.857967+00	46
73	20	2022-09-28 19:58:50.857967+00	2022-09-28 19:58:50.857967+00	47
73	20	2022-09-28 19:58:50.857967+00	2022-09-28 19:58:50.857967+00	48
74	30	2022-09-28 19:58:50.857967+00	2022-09-28 19:58:50.857967+00	46
74	30	2022-09-28 19:58:50.857967+00	2022-09-28 19:58:50.857967+00	47
74	30	2022-09-28 19:58:50.857967+00	2022-09-28 19:58:50.857967+00	48
75	40	2022-09-28 19:58:50.857967+00	2022-09-28 19:58:50.857967+00	46
75	40	2022-09-28 19:58:50.857967+00	2022-09-28 19:58:50.857967+00	47
75	40	2022-09-28 19:58:50.857967+00	2022-09-28 19:58:50.857967+00	48
76	50	2022-09-28 19:58:50.857967+00	2022-09-28 19:58:50.857967+00	46
76	50	2022-09-28 19:58:50.857967+00	2022-09-28 19:58:50.857967+00	47
76	50	2022-09-28 19:58:50.857967+00	2022-09-28 19:58:50.857967+00	48
77	60	2022-09-28 19:58:50.857967+00	2022-09-28 19:58:50.857967+00	46
77	60	2022-09-28 19:58:50.857967+00	2022-09-28 19:58:50.857967+00	47
77	60	2022-09-28 19:58:50.857967+00	2022-09-28 19:58:50.857967+00	48
78	70	2022-09-28 19:58:50.857967+00	2022-09-28 19:58:50.857967+00	46
78	70	2022-09-28 19:58:50.857967+00	2022-09-28 19:58:50.857967+00	47
78	70	2022-09-28 19:58:50.857967+00	2022-09-28 19:58:50.857967+00	48
79	10	2022-09-28 19:58:50.857967+00	2022-09-28 19:58:50.857967+00	27
79	10	2022-09-28 19:58:50.857967+00	2022-09-28 19:58:50.857967+00	36
79	10	2022-09-28 19:58:50.857967+00	2022-09-28 19:58:50.857967+00	37
79	10	2022-09-28 19:58:50.857967+00	2022-09-28 19:58:50.857967+00	45
\.


--
-- Data for Name: survey_types; Type: TABLE DATA; Schema: upchieve; Owner: admin
--

COPY upchieve.survey_types (id, name, created_at, updated_at) FROM stdin;
1	presession	2022-09-28 19:58:50.794172+00	2022-09-28 19:58:50.794172+00
2	postsession	2022-09-28 19:58:50.794172+00	2022-09-28 19:58:50.794172+00
\.


--
-- Data for Name: surveys_context; Type: TABLE DATA; Schema: upchieve; Owner: admin
--

COPY upchieve.surveys_context (survey_id, subject_id, survey_type_id, created_at, updated_at) FROM stdin;
1	1	1	2022-09-28 19:58:50.794172+00	2022-09-28 19:58:50.794172+00
1	2	1	2022-09-28 19:58:50.794172+00	2022-09-28 19:58:50.794172+00
1	3	1	2022-09-28 19:58:50.794172+00	2022-09-28 19:58:50.794172+00
1	4	1	2022-09-28 19:58:50.794172+00	2022-09-28 19:58:50.794172+00
1	5	1	2022-09-28 19:58:50.794172+00	2022-09-28 19:58:50.794172+00
1	6	1	2022-09-28 19:58:50.794172+00	2022-09-28 19:58:50.794172+00
1	7	1	2022-09-28 19:58:50.794172+00	2022-09-28 19:58:50.794172+00
1	8	1	2022-09-28 19:58:50.794172+00	2022-09-28 19:58:50.794172+00
1	9	1	2022-09-28 19:58:50.794172+00	2022-09-28 19:58:50.794172+00
1	10	1	2022-09-28 19:58:50.794172+00	2022-09-28 19:58:50.794172+00
1	11	1	2022-09-28 19:58:50.794172+00	2022-09-28 19:58:50.794172+00
1	12	1	2022-09-28 19:58:50.794172+00	2022-09-28 19:58:50.794172+00
1	13	1	2022-09-28 19:58:50.794172+00	2022-09-28 19:58:50.794172+00
1	14	1	2022-09-28 19:58:50.794172+00	2022-09-28 19:58:50.794172+00
1	21	1	2022-09-28 19:58:50.794172+00	2022-09-28 19:58:50.794172+00
1	22	1	2022-09-28 19:58:50.794172+00	2022-09-28 19:58:50.794172+00
1	23	1	2022-09-28 19:58:50.794172+00	2022-09-28 19:58:50.794172+00
1	24	1	2022-09-28 19:58:50.794172+00	2022-09-28 19:58:50.794172+00
2	20	1	2022-09-28 19:58:50.794172+00	2022-09-28 19:58:50.794172+00
3	25	1	2022-09-28 19:58:50.794172+00	2022-09-28 19:58:50.794172+00
4	18	1	2022-09-28 19:58:50.794172+00	2022-09-28 19:58:50.794172+00
6	19	1	2022-09-28 19:58:50.794172+00	2022-09-28 19:58:50.794172+00
7	15	1	2022-09-28 19:58:50.794172+00	2022-09-28 19:58:50.794172+00
7	16	1	2022-09-28 19:58:50.794172+00	2022-09-28 19:58:50.794172+00
8	1	2	2022-09-28 19:58:50.806596+00	2022-09-28 19:58:50.806596+00
8	2	2	2022-09-28 19:58:50.806596+00	2022-09-28 19:58:50.806596+00
8	3	2	2022-09-28 19:58:50.806596+00	2022-09-28 19:58:50.806596+00
8	4	2	2022-09-28 19:58:50.806596+00	2022-09-28 19:58:50.806596+00
8	5	2	2022-09-28 19:58:50.806596+00	2022-09-28 19:58:50.806596+00
8	6	2	2022-09-28 19:58:50.806596+00	2022-09-28 19:58:50.806596+00
8	7	2	2022-09-28 19:58:50.806596+00	2022-09-28 19:58:50.806596+00
8	8	2	2022-09-28 19:58:50.806596+00	2022-09-28 19:58:50.806596+00
8	9	2	2022-09-28 19:58:50.806596+00	2022-09-28 19:58:50.806596+00
8	10	2	2022-09-28 19:58:50.806596+00	2022-09-28 19:58:50.806596+00
8	11	2	2022-09-28 19:58:50.806596+00	2022-09-28 19:58:50.806596+00
8	12	2	2022-09-28 19:58:50.806596+00	2022-09-28 19:58:50.806596+00
8	13	2	2022-09-28 19:58:50.806596+00	2022-09-28 19:58:50.806596+00
8	14	2	2022-09-28 19:58:50.806596+00	2022-09-28 19:58:50.806596+00
8	15	2	2022-09-28 19:58:50.806596+00	2022-09-28 19:58:50.806596+00
8	16	2	2022-09-28 19:58:50.806596+00	2022-09-28 19:58:50.806596+00
8	17	2	2022-09-28 19:58:50.806596+00	2022-09-28 19:58:50.806596+00
8	18	2	2022-09-28 19:58:50.806596+00	2022-09-28 19:58:50.806596+00
8	19	2	2022-09-28 19:58:50.806596+00	2022-09-28 19:58:50.806596+00
8	20	2	2022-09-28 19:58:50.806596+00	2022-09-28 19:58:50.806596+00
8	21	2	2022-09-28 19:58:50.806596+00	2022-09-28 19:58:50.806596+00
8	22	2	2022-09-28 19:58:50.806596+00	2022-09-28 19:58:50.806596+00
8	23	2	2022-09-28 19:58:50.806596+00	2022-09-28 19:58:50.806596+00
8	24	2	2022-09-28 19:58:50.806596+00	2022-09-28 19:58:50.806596+00
8	25	2	2022-09-28 19:58:50.806596+00	2022-09-28 19:58:50.806596+00
5	17	1	2022-09-28 19:58:50.830897+00	2022-09-28 19:58:50.830897+00
9	1	2	2022-09-28 19:58:50.838798+00	2022-09-28 19:58:50.838798+00
9	2	2	2022-09-28 19:58:50.838798+00	2022-09-28 19:58:50.838798+00
9	3	2	2022-09-28 19:58:50.838798+00	2022-09-28 19:58:50.838798+00
9	4	2	2022-09-28 19:58:50.838798+00	2022-09-28 19:58:50.838798+00
9	5	2	2022-09-28 19:58:50.838798+00	2022-09-28 19:58:50.838798+00
9	6	2	2022-09-28 19:58:50.838798+00	2022-09-28 19:58:50.838798+00
9	7	2	2022-09-28 19:58:50.838798+00	2022-09-28 19:58:50.838798+00
9	8	2	2022-09-28 19:58:50.838798+00	2022-09-28 19:58:50.838798+00
9	9	2	2022-09-28 19:58:50.838798+00	2022-09-28 19:58:50.838798+00
9	10	2	2022-09-28 19:58:50.838798+00	2022-09-28 19:58:50.838798+00
9	11	2	2022-09-28 19:58:50.838798+00	2022-09-28 19:58:50.838798+00
9	12	2	2022-09-28 19:58:50.838798+00	2022-09-28 19:58:50.838798+00
9	13	2	2022-09-28 19:58:50.838798+00	2022-09-28 19:58:50.838798+00
9	14	2	2022-09-28 19:58:50.838798+00	2022-09-28 19:58:50.838798+00
9	20	2	2022-09-28 19:58:50.838798+00	2022-09-28 19:58:50.838798+00
9	21	2	2022-09-28 19:58:50.838798+00	2022-09-28 19:58:50.838798+00
9	22	2	2022-09-28 19:58:50.838798+00	2022-09-28 19:58:50.838798+00
9	23	2	2022-09-28 19:58:50.838798+00	2022-09-28 19:58:50.838798+00
9	24	2	2022-09-28 19:58:50.838798+00	2022-09-28 19:58:50.838798+00
9	25	2	2022-09-28 19:58:50.838798+00	2022-09-28 19:58:50.838798+00
10	15	2	2022-09-28 19:58:50.838798+00	2022-09-28 19:58:50.838798+00
10	16	2	2022-09-28 19:58:50.838798+00	2022-09-28 19:58:50.838798+00
12	26	1	2022-09-28 19:58:50.847017+00	2022-09-28 19:58:50.847017+00
8	26	2	2022-09-28 19:58:50.857967+00	2022-09-28 19:58:50.857967+00
9	26	2	2022-09-28 19:58:50.857967+00	2022-09-28 19:58:50.857967+00
11	17	2	2022-09-28 19:58:50.857967+00	2022-09-28 19:58:50.857967+00
11	18	2	2022-09-28 19:58:50.857967+00	2022-09-28 19:58:50.857967+00
11	19	2	2022-09-28 19:58:50.857967+00	2022-09-28 19:58:50.857967+00
\.


--
-- Data for Name: training_courses; Type: TABLE DATA; Schema: upchieve; Owner: admin
--

COPY upchieve.training_courses (id, name, created_at, updated_at) FROM stdin;
1	upchieve101	2022-09-28 19:58:50.042697+00	2022-09-28 19:58:50.042697+00
\.


--
-- Data for Name: user_actions; Type: TABLE DATA; Schema: upchieve; Owner: admin
--

COPY upchieve.user_actions (id, user_id, session_id, action_type, action, ip_address_id, device, browser, browser_version, operating_system, operating_system_version, quiz_subcategory, quiz_category, created_at, updated_at, mongo_id, reference_email, volunteer_id, ban_reason) FROM stdin;
\.


--
-- Data for Name: user_product_flags; Type: TABLE DATA; Schema: upchieve; Owner: admin
--

COPY upchieve.user_product_flags (user_id, sent_ready_to_coach_email, sent_hour_summary_intro_email, sent_inactive_thirty_day_email, sent_inactive_sixty_day_email, sent_inactive_ninety_day_email, gates_qualified, created_at, updated_at, in_gates_study) FROM stdin;
\.


--
-- Data for Name: user_session_metrics; Type: TABLE DATA; Schema: upchieve; Owner: admin
--

COPY upchieve.user_session_metrics (user_id, absent_student, absent_volunteer, low_session_rating_from_coach, low_session_rating_from_student, low_coach_rating_from_student, reported, only_looking_for_answers, rude_or_inappropriate, comment_from_student, comment_from_volunteer, has_been_unmatched, has_had_technical_issues, created_at, updated_at, personal_identifying_info, graded_assignment, coach_uncomfortable, student_crisis) FROM stdin;
018385ae-3f64-10f6-4df2-d0ac1cdc59de	0	0	0	0	0	0	0	0	0	0	0	0	2022-09-28 19:58:52.778167+00	2022-09-28 19:58:52.778167+00	0	0	0	0
018385ae-3f64-6e9e-8681-da7df3db7532	0	0	0	0	0	0	0	0	0	0	0	0	2022-09-28 19:58:52.781095+00	2022-09-28 19:58:52.781095+00	0	0	0	0
018385ae-3f64-51af-d6a8-68f335fc6206	0	0	0	0	0	0	0	0	0	0	0	0	2022-09-28 19:58:52.783394+00	2022-09-28 19:58:52.783394+00	0	0	0	0
018385ae-3f64-ae8b-6888-40cfe1620ccd	0	0	0	0	0	0	0	0	0	0	0	0	2022-09-28 19:58:52.786199+00	2022-09-28 19:58:52.786199+00	0	0	0	0
018385ae-3f64-7f4f-e491-26f2d51fb85c	0	0	0	0	0	0	0	0	0	0	0	0	2022-09-28 19:58:52.788572+00	2022-09-28 19:58:52.788572+00	0	0	0	0
018385ae-3f64-9adc-011e-c78d30991b66	0	0	0	0	0	0	0	0	0	0	0	0	2022-09-28 19:58:52.791002+00	2022-09-28 19:58:52.791002+00	0	0	0	0
018385ae-4029-8973-b969-b6b660c58425	0	0	0	0	0	0	0	0	0	0	0	0	2022-09-28 19:58:52.971387+00	2022-09-28 19:58:52.971387+00	0	0	0	0
018385ae-4029-0209-e4b1-fd8f2f7f5514	0	0	0	0	0	0	0	0	0	0	0	0	2022-09-28 19:58:52.973853+00	2022-09-28 19:58:52.973853+00	0	0	0	0
018385ae-4029-e44f-9738-b2ee9f21e55b	0	0	0	0	0	0	0	0	0	0	0	0	2022-09-28 19:58:52.97618+00	2022-09-28 19:58:52.97618+00	0	0	0	0
\.


--
-- Data for Name: users_certifications; Type: TABLE DATA; Schema: upchieve; Owner: admin
--

COPY upchieve.users_certifications (user_id, certification_id, created_at, updated_at) FROM stdin;
018385ae-3f64-10f6-4df2-d0ac1cdc59de	1	2022-09-28 19:58:52.80278+00	2022-09-28 19:58:52.80278+00
018385ae-3f64-10f6-4df2-d0ac1cdc59de	16	2022-09-28 19:58:52.807206+00	2022-09-28 19:58:52.807206+00
018385ae-3f64-10f6-4df2-d0ac1cdc59de	17	2022-09-28 19:58:52.810044+00	2022-09-28 19:58:52.810044+00
018385ae-3f64-10f6-4df2-d0ac1cdc59de	11	2022-09-28 19:58:52.812393+00	2022-09-28 19:58:52.812393+00
018385ae-3f64-10f6-4df2-d0ac1cdc59de	4	2022-09-28 19:58:52.815296+00	2022-09-28 19:58:52.815296+00
018385ae-3f64-10f6-4df2-d0ac1cdc59de	20	2022-09-28 19:58:52.818008+00	2022-09-28 19:58:52.818008+00
018385ae-3f64-10f6-4df2-d0ac1cdc59de	5	2022-09-28 19:58:52.820783+00	2022-09-28 19:58:52.820783+00
018385ae-3f64-10f6-4df2-d0ac1cdc59de	9	2022-09-28 19:58:52.823781+00	2022-09-28 19:58:52.823781+00
018385ae-3f64-10f6-4df2-d0ac1cdc59de	3	2022-09-28 19:58:52.826853+00	2022-09-28 19:58:52.826853+00
018385ae-3f64-10f6-4df2-d0ac1cdc59de	6	2022-09-28 19:58:52.82974+00	2022-09-28 19:58:52.82974+00
018385ae-3f64-10f6-4df2-d0ac1cdc59de	19	2022-09-28 19:58:52.832713+00	2022-09-28 19:58:52.832713+00
018385ae-3f64-10f6-4df2-d0ac1cdc59de	18	2022-09-28 19:58:52.835429+00	2022-09-28 19:58:52.835429+00
018385ae-3f64-10f6-4df2-d0ac1cdc59de	15	2022-09-28 19:58:52.838478+00	2022-09-28 19:58:52.838478+00
018385ae-3f64-6e9e-8681-da7df3db7532	1	2022-09-28 19:58:52.840921+00	2022-09-28 19:58:52.840921+00
018385ae-3f64-6e9e-8681-da7df3db7532	12	2022-09-28 19:58:52.843434+00	2022-09-28 19:58:52.843434+00
018385ae-3f64-6e9e-8681-da7df3db7532	23	2022-09-28 19:58:52.846352+00	2022-09-28 19:58:52.846352+00
018385ae-3f64-6e9e-8681-da7df3db7532	16	2022-09-28 19:58:52.84888+00	2022-09-28 19:58:52.84888+00
018385ae-3f64-6e9e-8681-da7df3db7532	17	2022-09-28 19:58:52.851677+00	2022-09-28 19:58:52.851677+00
018385ae-3f64-6e9e-8681-da7df3db7532	10	2022-09-28 19:58:52.854378+00	2022-09-28 19:58:52.854378+00
018385ae-3f64-6e9e-8681-da7df3db7532	4	2022-09-28 19:58:52.856962+00	2022-09-28 19:58:52.856962+00
018385ae-3f64-6e9e-8681-da7df3db7532	20	2022-09-28 19:58:52.859296+00	2022-09-28 19:58:52.859296+00
018385ae-3f64-6e9e-8681-da7df3db7532	5	2022-09-28 19:58:52.86183+00	2022-09-28 19:58:52.86183+00
018385ae-3f64-6e9e-8681-da7df3db7532	9	2022-09-28 19:58:52.864349+00	2022-09-28 19:58:52.864349+00
018385ae-3f64-6e9e-8681-da7df3db7532	3	2022-09-28 19:58:52.866954+00	2022-09-28 19:58:52.866954+00
018385ae-3f64-6e9e-8681-da7df3db7532	6	2022-09-28 19:58:52.869488+00	2022-09-28 19:58:52.869488+00
018385ae-3f64-6e9e-8681-da7df3db7532	11	2022-09-28 19:58:52.87537+00	2022-09-28 19:58:52.87537+00
018385ae-3f64-6e9e-8681-da7df3db7532	19	2022-09-28 19:58:52.878027+00	2022-09-28 19:58:52.878027+00
018385ae-3f64-6e9e-8681-da7df3db7532	18	2022-09-28 19:58:52.880513+00	2022-09-28 19:58:52.880513+00
018385ae-3f64-51af-d6a8-68f335fc6206	1	2022-09-28 19:58:52.882945+00	2022-09-28 19:58:52.882945+00
018385ae-3f64-51af-d6a8-68f335fc6206	16	2022-09-28 19:58:52.885712+00	2022-09-28 19:58:52.885712+00
018385ae-3f64-51af-d6a8-68f335fc6206	17	2022-09-28 19:58:52.888222+00	2022-09-28 19:58:52.888222+00
018385ae-3f64-51af-d6a8-68f335fc6206	10	2022-09-28 19:58:52.891433+00	2022-09-28 19:58:52.891433+00
018385ae-3f64-51af-d6a8-68f335fc6206	4	2022-09-28 19:58:52.893931+00	2022-09-28 19:58:52.893931+00
018385ae-3f64-51af-d6a8-68f335fc6206	20	2022-09-28 19:58:52.896453+00	2022-09-28 19:58:52.896453+00
018385ae-3f64-51af-d6a8-68f335fc6206	5	2022-09-28 19:58:52.899009+00	2022-09-28 19:58:52.899009+00
018385ae-3f64-51af-d6a8-68f335fc6206	9	2022-09-28 19:58:52.901669+00	2022-09-28 19:58:52.901669+00
018385ae-3f64-51af-d6a8-68f335fc6206	3	2022-09-28 19:58:52.906309+00	2022-09-28 19:58:52.906309+00
018385ae-3f64-51af-d6a8-68f335fc6206	6	2022-09-28 19:58:52.909085+00	2022-09-28 19:58:52.909085+00
018385ae-3f64-51af-d6a8-68f335fc6206	11	2022-09-28 19:58:52.91187+00	2022-09-28 19:58:52.91187+00
018385ae-3f64-51af-d6a8-68f335fc6206	19	2022-09-28 19:58:52.91457+00	2022-09-28 19:58:52.91457+00
018385ae-3f64-51af-d6a8-68f335fc6206	18	2022-09-28 19:58:52.917433+00	2022-09-28 19:58:52.917433+00
\.


--
-- Data for Name: users_ip_addresses; Type: TABLE DATA; Schema: upchieve; Owner: admin
--

COPY upchieve.users_ip_addresses (id, ip_address_id, user_id, created_at, updated_at) FROM stdin;
\.


--
-- Data for Name: users_quizzes; Type: TABLE DATA; Schema: upchieve; Owner: admin
--

COPY upchieve.users_quizzes (user_id, quiz_id, attempts, passed, created_at, updated_at) FROM stdin;
018385ae-3f64-10f6-4df2-d0ac1cdc59de	1	1	t	2022-09-28 19:58:52.920068+00	2022-09-28 19:58:52.920068+00
018385ae-3f64-10f6-4df2-d0ac1cdc59de	16	1	t	2022-09-28 19:58:52.921471+00	2022-09-28 19:58:52.921471+00
018385ae-3f64-10f6-4df2-d0ac1cdc59de	17	1	t	2022-09-28 19:58:52.92262+00	2022-09-28 19:58:52.92262+00
018385ae-3f64-10f6-4df2-d0ac1cdc59de	10	1	t	2022-09-28 19:58:52.923695+00	2022-09-28 19:58:52.923695+00
018385ae-3f64-10f6-4df2-d0ac1cdc59de	4	1	t	2022-09-28 19:58:52.924834+00	2022-09-28 19:58:52.924834+00
018385ae-3f64-10f6-4df2-d0ac1cdc59de	20	1	t	2022-09-28 19:58:52.925967+00	2022-09-28 19:58:52.925967+00
018385ae-3f64-10f6-4df2-d0ac1cdc59de	5	1	t	2022-09-28 19:58:52.927104+00	2022-09-28 19:58:52.927104+00
018385ae-3f64-10f6-4df2-d0ac1cdc59de	9	1	t	2022-09-28 19:58:52.928197+00	2022-09-28 19:58:52.928197+00
018385ae-3f64-10f6-4df2-d0ac1cdc59de	3	1	t	2022-09-28 19:58:52.92937+00	2022-09-28 19:58:52.92937+00
018385ae-3f64-10f6-4df2-d0ac1cdc59de	6	1	t	2022-09-28 19:58:52.93044+00	2022-09-28 19:58:52.93044+00
018385ae-3f64-10f6-4df2-d0ac1cdc59de	11	1	t	2022-09-28 19:58:52.931724+00	2022-09-28 19:58:52.931724+00
018385ae-3f64-10f6-4df2-d0ac1cdc59de	19	1	t	2022-09-28 19:58:52.932876+00	2022-09-28 19:58:52.932876+00
018385ae-3f64-10f6-4df2-d0ac1cdc59de	18	1	t	2022-09-28 19:58:52.934078+00	2022-09-28 19:58:52.934078+00
018385ae-3f64-10f6-4df2-d0ac1cdc59de	15	1	t	2022-09-28 19:58:52.935208+00	2022-09-28 19:58:52.935208+00
018385ae-3f64-10f6-4df2-d0ac1cdc59de	23	1	t	2022-09-28 19:58:52.936256+00	2022-09-28 19:58:52.936256+00
018385ae-3f64-10f6-4df2-d0ac1cdc59de	22	1	t	2022-09-28 19:58:52.937327+00	2022-09-28 19:58:52.937327+00
018385ae-3f64-10f6-4df2-d0ac1cdc59de	25	1	t	2022-09-28 19:58:52.938357+00	2022-09-28 19:58:52.938357+00
018385ae-3f64-10f6-4df2-d0ac1cdc59de	12	1	t	2022-09-28 19:58:52.93934+00	2022-09-28 19:58:52.93934+00
018385ae-3f64-6e9e-8681-da7df3db7532	1	1	t	2022-09-28 19:58:52.940307+00	2022-09-28 19:58:52.940307+00
018385ae-3f64-6e9e-8681-da7df3db7532	16	1	t	2022-09-28 19:58:52.941517+00	2022-09-28 19:58:52.941517+00
018385ae-3f64-6e9e-8681-da7df3db7532	17	1	t	2022-09-28 19:58:52.942765+00	2022-09-28 19:58:52.942765+00
018385ae-3f64-6e9e-8681-da7df3db7532	10	1	t	2022-09-28 19:58:52.943819+00	2022-09-28 19:58:52.943819+00
018385ae-3f64-6e9e-8681-da7df3db7532	4	1	t	2022-09-28 19:58:52.945004+00	2022-09-28 19:58:52.945004+00
018385ae-3f64-6e9e-8681-da7df3db7532	20	1	t	2022-09-28 19:58:52.94606+00	2022-09-28 19:58:52.94606+00
018385ae-3f64-6e9e-8681-da7df3db7532	5	1	t	2022-09-28 19:58:52.947021+00	2022-09-28 19:58:52.947021+00
018385ae-3f64-6e9e-8681-da7df3db7532	9	1	t	2022-09-28 19:58:52.947937+00	2022-09-28 19:58:52.947937+00
018385ae-3f64-6e9e-8681-da7df3db7532	3	1	t	2022-09-28 19:58:52.948912+00	2022-09-28 19:58:52.948912+00
018385ae-3f64-6e9e-8681-da7df3db7532	6	1	t	2022-09-28 19:58:52.950025+00	2022-09-28 19:58:52.950025+00
018385ae-3f64-6e9e-8681-da7df3db7532	11	1	t	2022-09-28 19:58:52.951034+00	2022-09-28 19:58:52.951034+00
018385ae-3f64-6e9e-8681-da7df3db7532	19	1	t	2022-09-28 19:58:52.952101+00	2022-09-28 19:58:52.952101+00
018385ae-3f64-6e9e-8681-da7df3db7532	18	1	t	2022-09-28 19:58:52.953132+00	2022-09-28 19:58:52.953132+00
018385ae-3f64-51af-d6a8-68f335fc6206	1	1	t	2022-09-28 19:58:52.954244+00	2022-09-28 19:58:52.954244+00
018385ae-3f64-51af-d6a8-68f335fc6206	16	1	t	2022-09-28 19:58:52.955331+00	2022-09-28 19:58:52.955331+00
018385ae-3f64-51af-d6a8-68f335fc6206	17	1	t	2022-09-28 19:58:52.956296+00	2022-09-28 19:58:52.956296+00
018385ae-3f64-51af-d6a8-68f335fc6206	10	1	t	2022-09-28 19:58:52.957258+00	2022-09-28 19:58:52.957258+00
018385ae-3f64-51af-d6a8-68f335fc6206	4	1	t	2022-09-28 19:58:52.95825+00	2022-09-28 19:58:52.95825+00
018385ae-3f64-51af-d6a8-68f335fc6206	20	1	t	2022-09-28 19:58:52.959187+00	2022-09-28 19:58:52.959187+00
018385ae-3f64-51af-d6a8-68f335fc6206	5	1	t	2022-09-28 19:58:52.960285+00	2022-09-28 19:58:52.960285+00
018385ae-3f64-51af-d6a8-68f335fc6206	9	1	t	2022-09-28 19:58:52.961432+00	2022-09-28 19:58:52.961432+00
018385ae-3f64-51af-d6a8-68f335fc6206	3	1	t	2022-09-28 19:58:52.962633+00	2022-09-28 19:58:52.962633+00
018385ae-3f64-51af-d6a8-68f335fc6206	6	1	t	2022-09-28 19:58:52.963695+00	2022-09-28 19:58:52.963695+00
018385ae-3f64-51af-d6a8-68f335fc6206	11	1	t	2022-09-28 19:58:52.964781+00	2022-09-28 19:58:52.964781+00
018385ae-3f64-51af-d6a8-68f335fc6206	19	1	t	2022-09-28 19:58:52.965882+00	2022-09-28 19:58:52.965882+00
018385ae-3f64-51af-d6a8-68f335fc6206	18	1	t	2022-09-28 19:58:52.967025+00	2022-09-28 19:58:52.967025+00
\.


--
-- Data for Name: users_roles; Type: TABLE DATA; Schema: upchieve; Owner: admin
--

COPY upchieve.users_roles (user_id, role_id, created_at, updated_at) FROM stdin;
\.


--
-- Data for Name: users_student_partner_orgs_instances; Type: TABLE DATA; Schema: upchieve; Owner: admin
--

COPY upchieve.users_student_partner_orgs_instances (user_id, student_partner_org_id, student_partner_org_site_id, deactivated_on, created_at, updated_at, student_partner_org_user_id) FROM stdin;
\.


--
-- Data for Name: users_surveys; Type: TABLE DATA; Schema: upchieve; Owner: admin
--

COPY upchieve.users_surveys (id, survey_id, user_id, session_id, survey_type_id, created_at, updated_at) FROM stdin;
\.


--
-- Data for Name: users_surveys_submissions; Type: TABLE DATA; Schema: upchieve; Owner: admin
--

COPY upchieve.users_surveys_submissions (user_survey_id, survey_question_id, survey_response_choice_id, open_response, created_at, updated_at) FROM stdin;
\.


--
-- Data for Name: users_training_courses; Type: TABLE DATA; Schema: upchieve; Owner: admin
--

COPY upchieve.users_training_courses (user_id, training_course_id, complete, progress, completed_materials, created_at, updated_at) FROM stdin;
\.


--
-- Data for Name: users_volunteer_partner_orgs_instances; Type: TABLE DATA; Schema: upchieve; Owner: admin
--

COPY upchieve.users_volunteer_partner_orgs_instances (user_id, volunteer_partner_org_id, deactivated_on, created_at, updated_at) FROM stdin;
\.


--
-- Data for Name: volunteer_occupations; Type: TABLE DATA; Schema: upchieve; Owner: admin
--

COPY upchieve.volunteer_occupations (user_id, occupation, created_at, updated_at) FROM stdin;
\.


--
-- Data for Name: volunteer_partner_orgs_upchieve_instances; Type: TABLE DATA; Schema: upchieve; Owner: admin
--

COPY upchieve.volunteer_partner_orgs_upchieve_instances (id, volunteer_partner_org_id, deactivated_on, created_at, updated_at) FROM stdin;
\.


--
-- Data for Name: volunteer_profiles; Type: TABLE DATA; Schema: upchieve; Owner: admin
--

COPY upchieve.volunteer_profiles (user_id, volunteer_partner_org_id, timezone, approved, onboarded, photo_id_s3_key, photo_id_status, linkedin_url, college, company, languages, experience, city, state, country, created_at, updated_at, total_volunteer_hours, elapsed_availability) FROM stdin;
018385ae-3f64-10f6-4df2-d0ac1cdc59de	018385ae-3f49-2462-0aeb-948b35f5b1cf	America/New_York	t	t	\N	\N	\N	Volunteer College	\N	\N	\N	\N	\N	\N	2022-09-28 19:58:52.79633+00	2022-09-28 19:58:52.79633+00	\N	\N
018385ae-3f64-6e9e-8681-da7df3db7532	018385ae-3f49-3ecb-5e48-bea3ed393256	America/New_York	t	t	\N	\N	\N	Volunteer College	\N	\N	\N	\N	\N	\N	2022-09-28 19:58:52.797713+00	2022-09-28 19:58:52.797713+00	\N	\N
018385ae-3f64-51af-d6a8-68f335fc6206	\N	America/Denver	t	t	\N	\N	\N	Volunteer College	\N	\N	\N	\N	\N	\N	2022-09-28 19:58:52.798721+00	2022-09-28 19:58:52.798721+00	\N	\N
018385ae-3f64-ae8b-6888-40cfe1620ccd	\N	America/New_York	t	f	\N	\N	\N	Volunteer College	\N	\N	\N	\N	\N	\N	2022-09-28 19:58:52.799784+00	2022-09-28 19:58:52.799784+00	\N	\N
018385ae-3f64-7f4f-e491-26f2d51fb85c	\N	America/New_York	f	f	\N	\N	\N	Volunteer College	\N	\N	\N	\N	\N	\N	2022-09-28 19:58:52.800871+00	2022-09-28 19:58:52.800871+00	\N	\N
018385ae-3f64-9adc-011e-c78d30991b66	\N	America/New_York	t	t	\N	\N	\N		\N	\N	\N	\N	\N	\N	2022-09-28 19:58:52.801842+00	2022-09-28 19:58:52.801842+00	\N	\N
\.


--
-- Data for Name: volunteer_reference_statuses; Type: TABLE DATA; Schema: upchieve; Owner: admin
--

COPY upchieve.volunteer_reference_statuses (id, name, created_at, updated_at) FROM stdin;
1	sent	2022-09-28 19:58:50.044044+00	2022-09-28 19:58:50.044044+00
2	submitted	2022-09-28 19:58:50.045266+00	2022-09-28 19:58:50.045266+00
3	approved	2022-09-28 19:58:50.046736+00	2022-09-28 19:58:50.046736+00
4	rejected	2022-09-28 19:58:50.047899+00	2022-09-28 19:58:50.047899+00
5	removed	2022-09-28 19:58:50.049074+00	2022-09-28 19:58:50.049074+00
6	unsent	2022-09-28 19:58:50.050194+00	2022-09-28 19:58:50.050194+00
\.


--
-- Data for Name: volunteer_references; Type: TABLE DATA; Schema: upchieve; Owner: admin
--

COPY upchieve.volunteer_references (id, user_id, first_name, last_name, email, status_id, sent_at, affiliation, relationship_length, patient, positive_role_model, agreeable_and_approachable, communicates_effectively, rejection_reason, additional_info, created_at, updated_at, trustworthy_with_children) FROM stdin;
\.


--
-- Name: ban_reasons_id_seq; Type: SEQUENCE SET; Schema: upchieve; Owner: admin
--

SELECT pg_catalog.setval('upchieve.ban_reasons_id_seq', 5, true);


--
-- Name: certifications_id_seq; Type: SEQUENCE SET; Schema: upchieve; Owner: admin
--

SELECT pg_catalog.setval('upchieve.certifications_id_seq', 23, true);


--
-- Name: cities_id_seq; Type: SEQUENCE SET; Schema: upchieve; Owner: admin
--

SELECT pg_catalog.setval('upchieve.cities_id_seq', 2, true);


--
-- Name: grade_levels_id_seq; Type: SEQUENCE SET; Schema: upchieve; Owner: admin
--

SELECT pg_catalog.setval('upchieve.grade_levels_id_seq', 6, true);


--
-- Name: ip_addresses_id_seq; Type: SEQUENCE SET; Schema: upchieve; Owner: admin
--

SELECT pg_catalog.setval('upchieve.ip_addresses_id_seq', 1, false);


--
-- Name: notification_methods_id_seq; Type: SEQUENCE SET; Schema: upchieve; Owner: admin
--

SELECT pg_catalog.setval('upchieve.notification_methods_id_seq', 4, true);


--
-- Name: notification_priority_groups_id_seq; Type: SEQUENCE SET; Schema: upchieve; Owner: admin
--

SELECT pg_catalog.setval('upchieve.notification_priority_groups_id_seq', 19, true);


--
-- Name: notification_types_id_seq; Type: SEQUENCE SET; Schema: upchieve; Owner: admin
--

SELECT pg_catalog.setval('upchieve.notification_types_id_seq', 2, true);


--
-- Name: photo_id_statuses_id_seq; Type: SEQUENCE SET; Schema: upchieve; Owner: admin
--

SELECT pg_catalog.setval('upchieve.photo_id_statuses_id_seq', 4, true);


--
-- Name: question_tags_id_seq; Type: SEQUENCE SET; Schema: upchieve; Owner: admin
--

SELECT pg_catalog.setval('upchieve.question_tags_id_seq', 1, false);


--
-- Name: question_types_id_seq; Type: SEQUENCE SET; Schema: upchieve; Owner: admin
--

SELECT pg_catalog.setval('upchieve.question_types_id_seq', 3, true);


--
-- Name: quiz_questions_id_seq; Type: SEQUENCE SET; Schema: upchieve; Owner: admin
--

SELECT pg_catalog.setval('upchieve.quiz_questions_id_seq', 1, false);


--
-- Name: quiz_subcategories_id_seq; Type: SEQUENCE SET; Schema: upchieve; Owner: admin
--

SELECT pg_catalog.setval('upchieve.quiz_subcategories_id_seq', 299, true);


--
-- Name: quizzes_id_seq; Type: SEQUENCE SET; Schema: upchieve; Owner: admin
--

SELECT pg_catalog.setval('upchieve.quizzes_id_seq', 25, true);


--
-- Name: report_reasons_id_seq; Type: SEQUENCE SET; Schema: upchieve; Owner: admin
--

SELECT pg_catalog.setval('upchieve.report_reasons_id_seq', 5, true);


--
-- Name: session_flags_id_seq; Type: SEQUENCE SET; Schema: upchieve; Owner: admin
--

SELECT pg_catalog.setval('upchieve.session_flags_id_seq', 17, true);


--
-- Name: signup_sources_id_seq; Type: SEQUENCE SET; Schema: upchieve; Owner: admin
--

SELECT pg_catalog.setval('upchieve.signup_sources_id_seq', 6, true);


--
-- Name: subjects_id_seq; Type: SEQUENCE SET; Schema: upchieve; Owner: admin
--

SELECT pg_catalog.setval('upchieve.subjects_id_seq', 26, true);


--
-- Name: survey_questions_id_seq; Type: SEQUENCE SET; Schema: upchieve; Owner: admin
--

SELECT pg_catalog.setval('upchieve.survey_questions_id_seq', 19, true);


--
-- Name: survey_questions_question_tags_id_seq; Type: SEQUENCE SET; Schema: upchieve; Owner: admin
--

SELECT pg_catalog.setval('upchieve.survey_questions_question_tags_id_seq', 1, false);


--
-- Name: survey_response_choices_id_seq; Type: SEQUENCE SET; Schema: upchieve; Owner: admin
--

SELECT pg_catalog.setval('upchieve.survey_response_choices_id_seq', 79, true);


--
-- Name: survey_types_id_seq; Type: SEQUENCE SET; Schema: upchieve; Owner: admin
--

SELECT pg_catalog.setval('upchieve.survey_types_id_seq', 3, true);


--
-- Name: surveys_id_seq; Type: SEQUENCE SET; Schema: upchieve; Owner: admin
--

SELECT pg_catalog.setval('upchieve.surveys_id_seq', 12, true);


--
-- Name: surveys_survey_questions_id_seq; Type: SEQUENCE SET; Schema: upchieve; Owner: admin
--

SELECT pg_catalog.setval('upchieve.surveys_survey_questions_id_seq', 48, true);


--
-- Name: tool_types_id_seq; Type: SEQUENCE SET; Schema: upchieve; Owner: admin
--

SELECT pg_catalog.setval('upchieve.tool_types_id_seq', 2, true);


--
-- Name: topics_id_seq; Type: SEQUENCE SET; Schema: upchieve; Owner: admin
--

SELECT pg_catalog.setval('upchieve.topics_id_seq', 6, true);


--
-- Name: training_courses_id_seq; Type: SEQUENCE SET; Schema: upchieve; Owner: admin
--

SELECT pg_catalog.setval('upchieve.training_courses_id_seq', 1, true);


--
-- Name: user_actions_id_seq; Type: SEQUENCE SET; Schema: upchieve; Owner: admin
--

SELECT pg_catalog.setval('upchieve.user_actions_id_seq', 1, false);


--
-- Name: user_roles_id_seq; Type: SEQUENCE SET; Schema: upchieve; Owner: admin
--

SELECT pg_catalog.setval('upchieve.user_roles_id_seq', 3, true);


--
-- Name: volunteer_reference_statuses_id_seq; Type: SEQUENCE SET; Schema: upchieve; Owner: admin
--

SELECT pg_catalog.setval('upchieve.volunteer_reference_statuses_id_seq', 6, true);


--
-- Name: weekdays_id_seq; Type: SEQUENCE SET; Schema: upchieve; Owner: admin
--

SELECT pg_catalog.setval('upchieve.weekdays_id_seq', 1, false);


--
-- PostgreSQL database dump complete
--

