--
-- PostgreSQL database dump
--

-- Dumped from database version 14.2 (Debian 14.2-1.pgdg110+1)
-- Dumped by pg_dump version 14.5

SET statement_timeout = 0;
SET lock_timeout = 0;
SET idle_in_transaction_session_timeout = 0;
SET client_encoding = 'UTF8';
SET standard_conforming_strings = on;
SELECT pg_catalog.set_config('search_path', '', false);
SET check_function_bodies = false;
SET xmloption = content;
SET client_min_messages = warning;
SET row_security = off;

--
-- Data for Name: ban_reasons; Type: TABLE DATA; Schema: upchieve; Owner: admin
--

COPY upchieve.ban_reasons (id, name, created_at, updated_at) FROM stdin;
1	non us signup	2022-09-02 16:07:10.10953+00	2022-09-02 16:07:10.10953+00
2	session reported	2022-09-02 16:07:10.110821+00	2022-09-02 16:07:10.110821+00
3	used banned ip	2022-09-02 16:07:10.111744+00	2022-09-02 16:07:10.111744+00
4	admin	2022-09-02 16:07:10.112534+00	2022-09-02 16:07:10.112534+00
5	banned service provider	2022-09-02 16:07:10.113316+00	2022-09-02 16:07:10.113316+00
\.


--
-- Data for Name: signup_sources; Type: TABLE DATA; Schema: upchieve; Owner: admin
--

COPY upchieve.signup_sources (id, name, created_at, updated_at) FROM stdin;
1	Web search	2022-09-02 16:07:10.114229+00	2022-09-02 16:07:10.114229+00
2	Social media	2022-09-02 16:07:10.115302+00	2022-09-02 16:07:10.115302+00
3	Friend / Classmate	2022-09-02 16:07:10.116262+00	2022-09-02 16:07:10.116262+00
4	School / Teacher	2022-09-02 16:07:10.117204+00	2022-09-02 16:07:10.117204+00
5	Parent / Relative	2022-09-02 16:07:10.118117+00	2022-09-02 16:07:10.118117+00
6	Other	2022-09-02 16:07:10.119022+00	2022-09-02 16:07:10.119022+00
\.


--
-- Data for Name: users; Type: TABLE DATA; Schema: upchieve; Owner: admin
--

COPY upchieve.users (id, verified, email_verified, phone_verified, email, password, password_reset_token, first_name, last_name, deactivated, last_activity_at, referral_code, referred_by, test_user, banned, ban_reason_id, time_tutored, signup_source_id, created_at, updated_at, phone, mongo_id) FROM stdin;
0182fef4-d04c-a5e5-4ab3-46195febd486	t	f	f	volunteer1@upchieve.org	$2a$10$z.JMHnbX9IubnNZtqI.FOecTPVY1VTU1DJ6AJGIOT/x/OyAtdw3.y	\N	Partner	UPchieve	f	\N	B	\N	f	f	\N	25200000	\N	2022-09-02 16:07:13.228646+00	2022-09-02 16:07:13.228646+00	+12125551212	\N
0182fef4-d04c-1085-cd6c-b80e314b9537	t	f	f	volunteer2@upchieve.org	$2a$10$z.JMHnbX9IubnNZtqI.FOecTPVY1VTU1DJ6AJGIOT/x/OyAtdw3.y	\N	Special Reporting	UPchieve	f	\N	C	\N	f	f	\N	25200000	\N	2022-09-02 16:07:13.231585+00	2022-09-02 16:07:13.231585+00	+12125551213	\N
0182fef4-d04c-5a34-92d1-75d25b11ded5	t	f	f	volunteer3@upchieve.org	$2a$10$z.JMHnbX9IubnNZtqI.FOecTPVY1VTU1DJ6AJGIOT/x/OyAtdw3.y	\N	Open Sign Up	UPchieve	f	\N	D	\N	f	f	\N	25200000	\N	2022-09-02 16:07:13.233861+00	2022-09-02 16:07:13.233861+00	+12125551214	\N
0182fef4-d04c-21e0-e6e3-259553467b3c	t	f	f	volunteer4@upchieve.org	$2a$10$z.JMHnbX9IubnNZtqI.FOecTPVY1VTU1DJ6AJGIOT/x/OyAtdw3.y	\N	Needs Onboarding	UPchieve	f	\N	E	\N	f	f	\N	0	\N	2022-09-02 16:07:13.236027+00	2022-09-02 16:07:13.236027+00	+12125551215	\N
0182fef4-d04c-7afb-e83e-443c6951bb28	t	f	f	volunteer5@upchieve.org	$2a$10$z.JMHnbX9IubnNZtqI.FOecTPVY1VTU1DJ6AJGIOT/x/OyAtdw3.y	\N	Needs Approval	UPchieve	f	\N	Z	\N	f	f	\N	0	\N	2022-09-02 16:07:13.238+00	2022-09-02 16:07:13.238+00	+12125551216	\N
0182fef4-d04c-9d3d-6414-c87acba441b4	t	f	f	volunteer6@upchieve.org	$2a$10$z.JMHnbX9IubnNZtqI.FOecTPVY1VTU1DJ6AJGIOT/x/OyAtdw3.y	\N	Admin	UPchieve	f	\N	Y	\N	f	f	\N	0	\N	2022-09-02 16:07:13.239947+00	2022-09-02 16:07:13.239947+00	+12125551217	\N
0182fef4-d109-5a14-1cd9-e0b9c8a567d0	t	f	f	student1@upchieve.org	$2a$10$z.JMHnbX9IubnNZtqI.FOecTPVY1VTU1DJ6AJGIOT/x/OyAtdw3.y	\N	Student	UPchieve	f	\N	A	\N	f	f	\N	\N	\N	2022-09-02 16:07:13.418546+00	2022-09-02 16:07:13.418546+00	\N	\N
0182fef4-d109-b455-f364-118dcff63943	t	f	f	student2@upchieve.org	$2a$10$z.JMHnbX9IubnNZtqI.FOecTPVY1VTU1DJ6AJGIOT/x/OyAtdw3.y	\N	Student	UPchieve	f	\N	F	\N	f	f	\N	\N	\N	2022-09-02 16:07:13.420835+00	2022-09-02 16:07:13.420835+00	\N	\N
0182fef4-d109-126d-984e-777dc35af57f	t	f	f	student3@upchieve.org	$2a$10$z.JMHnbX9IubnNZtqI.FOecTPVY1VTU1DJ6AJGIOT/x/OyAtdw3.y	\N	Student	UPchieve	f	\N	G	\N	f	f	\N	\N	\N	2022-09-02 16:07:13.422988+00	2022-09-02 16:07:13.422988+00	\N	\N
\.


--
-- Data for Name: admin_profiles; Type: TABLE DATA; Schema: upchieve; Owner: admin
--

COPY upchieve.admin_profiles (user_id, created_at, updated_at) FROM stdin;
0182fef4-d04c-9d3d-6414-c87acba441b4	2022-09-02 16:07:13.416993+00	2022-09-02 16:07:13.416993+00
\.


--
-- Data for Name: tool_types; Type: TABLE DATA; Schema: upchieve; Owner: admin
--

COPY upchieve.tool_types (id, name, created_at, updated_at) FROM stdin;
1	whiteboard	2022-09-02 16:07:10.142698+00	2022-09-02 16:07:10.142698+00
2	documenteditor	2022-09-02 16:07:10.143763+00	2022-09-02 16:07:10.143763+00
\.


--
-- Data for Name: topics; Type: TABLE DATA; Schema: upchieve; Owner: admin
--

COPY upchieve.topics (id, name, icon_link, color, dashboard_order, display_name, created_at, updated_at) FROM stdin;
1	math	\N	\N	1	Math	2022-09-02 16:07:10.137399+00	2022-09-02 16:07:10.137399+00
2	science	\N	\N	4	Science	2022-09-02 16:07:10.138658+00	2022-09-02 16:07:10.138658+00
3	college	\N	\N	3	College Counseling	2022-09-02 16:07:10.139614+00	2022-09-02 16:07:10.139614+00
4	sat	\N	\N	2	Standardized Testing	2022-09-02 16:07:10.140634+00	2022-09-02 16:07:10.140634+00
5	readingWriting	\N	\N	5	Reading and Writing	2022-09-02 16:07:10.1417+00	2022-09-02 16:07:10.1417+00
6	socialStudies	\N	\N	6	Social Studies	2022-09-02 16:07:10.741038+00	2022-09-02 16:07:10.741038+00
\.


--
-- Data for Name: subjects; Type: TABLE DATA; Schema: upchieve; Owner: admin
--

COPY upchieve.subjects (id, name, display_name, display_order, topic_id, tool_type_id, created_at, updated_at) FROM stdin;
1	prealgebra	Prealgebra	1	1	1	2022-09-02 16:07:10.144944+00	2022-09-02 16:07:10.144944+00
2	algebraOne	Algebra 1	2	1	1	2022-09-02 16:07:10.146349+00	2022-09-02 16:07:10.146349+00
3	algebraTwo	Algebra 2	3	1	1	2022-09-02 16:07:10.147266+00	2022-09-02 16:07:10.147266+00
4	geometry	Geometry	4	1	1	2022-09-02 16:07:10.148367+00	2022-09-02 16:07:10.148367+00
5	trigonometry	Trigonometry	5	1	1	2022-09-02 16:07:10.1494+00	2022-09-02 16:07:10.1494+00
6	precalculus	Precalculus	6	1	1	2022-09-02 16:07:10.150384+00	2022-09-02 16:07:10.150384+00
7	calculusAB	Calculus AB	7	1	1	2022-09-02 16:07:10.151386+00	2022-09-02 16:07:10.151386+00
8	calculusBC	Calculus BC	8	1	1	2022-09-02 16:07:10.152436+00	2022-09-02 16:07:10.152436+00
9	statistics	Statistics	9	1	1	2022-09-02 16:07:10.153381+00	2022-09-02 16:07:10.153381+00
10	biology	Biology	1	2	1	2022-09-02 16:07:10.154277+00	2022-09-02 16:07:10.154277+00
11	chemistry	Chemistry	2	2	1	2022-09-02 16:07:10.155193+00	2022-09-02 16:07:10.155193+00
12	physicsOne	Physics 1	3	2	1	2022-09-02 16:07:10.156196+00	2022-09-02 16:07:10.156196+00
13	physicsTwo	Physics 2	4	2	1	2022-09-02 16:07:10.157127+00	2022-09-02 16:07:10.157127+00
14	environmentalScience	Environmental Science	5	2	1	2022-09-02 16:07:10.158141+00	2022-09-02 16:07:10.158141+00
15	satMath	SAT Math	1	4	1	2022-09-02 16:07:10.159106+00	2022-09-02 16:07:10.159106+00
16	satReading	SAT Reading	2	4	2	2022-09-02 16:07:10.160038+00	2022-09-02 16:07:10.160038+00
17	essays	College Essays	2	3	2	2022-09-02 16:07:10.160916+00	2022-09-02 16:07:10.160916+00
18	planning	Planning	1	3	2	2022-09-02 16:07:10.161825+00	2022-09-02 16:07:10.161825+00
19	applications	Applications	3	3	2	2022-09-02 16:07:10.162743+00	2022-09-02 16:07:10.162743+00
20	humanitiesEssays	Humanities Essays	1	5	2	2022-09-02 16:07:10.163645+00	2022-09-02 16:07:10.163645+00
21	integratedMathOne	Integrated Math One	9	1	1	2022-09-02 16:07:10.164518+00	2022-09-02 16:07:10.164518+00
22	integratedMathTwo	Integrated Math Two	9	1	1	2022-09-02 16:07:10.165411+00	2022-09-02 16:07:10.165411+00
23	integratedMathThree	Integrated Math Three	9	1	1	2022-09-02 16:07:10.166262+00	2022-09-02 16:07:10.166262+00
24	integratedMathFour	Integrated Math Four	9	1	1	2022-09-02 16:07:10.167313+00	2022-09-02 16:07:10.167313+00
25	reading	Reading	2	5	2	2022-09-02 16:07:10.690103+00	2022-09-02 16:07:10.690103+00
26	usHistory	U.S. History	1	6	2	2022-09-02 16:07:10.741038+00	2022-09-02 16:07:10.741038+00
\.


--
-- Data for Name: user_roles; Type: TABLE DATA; Schema: upchieve; Owner: admin
--

COPY upchieve.user_roles (id, name, created_at, updated_at) FROM stdin;
1	student	2022-09-02 16:07:10.10622+00	2022-09-02 16:07:10.10622+00
2	volunteer	2022-09-02 16:07:10.10742+00	2022-09-02 16:07:10.10742+00
3	admin	2022-09-02 16:07:10.108446+00	2022-09-02 16:07:10.108446+00
\.


--
-- Data for Name: sessions; Type: TABLE DATA; Schema: upchieve; Owner: admin
--

COPY upchieve.sessions (id, student_id, volunteer_id, subject_id, has_whiteboard_doc, quill_doc, volunteer_joined_at, ended_at, ended_by_role_id, reviewed, to_review, student_banned, time_tutored, created_at, updated_at, mongo_id) FROM stdin;
\.


--
-- Data for Name: assistments_data; Type: TABLE DATA; Schema: upchieve; Owner: admin
--

COPY upchieve.assistments_data (id, problem_id, assignment_id, student_id, session_id, sent, created_at, updated_at, sent_at, mongo_id) FROM stdin;
\.


--
-- Data for Name: sponsor_orgs; Type: TABLE DATA; Schema: upchieve; Owner: admin
--

COPY upchieve.sponsor_orgs (id, name, created_at, updated_at, key) FROM stdin;
0182fef4-d03b-ec8d-f57b-71b2031ee46c	Only Sponsors Schools	2022-09-02 16:07:13.211988+00	2022-09-02 16:07:13.211988+00	onlySponsorsSchools
0182fef4-d03b-a9dd-97cf-e5a26a803057	Only Sponsors Partner Orgs	2022-09-02 16:07:13.213357+00	2022-09-02 16:07:13.213357+00	onlySponsorsPartnerOrgs
0182fef4-d03b-328d-96e7-99b984790f6e	Sponsors Both	2022-09-02 16:07:13.214366+00	2022-09-02 16:07:13.214366+00	sponsorsBoth
\.


--
-- Data for Name: student_partner_orgs; Type: TABLE DATA; Schema: upchieve; Owner: admin
--

COPY upchieve.student_partner_orgs (id, key, name, signup_code, high_school_signup, college_signup, school_signup_required, created_at, updated_at, school_id) FROM stdin;
0182fef4-cfe7-1d3a-295f-89f1fc695dc1	college-mentors	College Mentors	MENTORS	t	f	t	2022-09-02 16:07:13.184542+00	2022-09-02 16:07:13.184542+00	\N
0182fef4-cfe7-2e48-efea-cb41038ae037	community-org	Community Org	COMMUNITY	t	f	f	2022-09-02 16:07:13.187714+00	2022-09-02 16:07:13.187714+00	\N
0182fef4-cfe7-355a-c806-4f97512117e9	school-helpers	School Helpers	SCHOOLHELPERS	f	f	f	2022-09-02 16:07:13.189345+00	2022-09-02 16:07:13.189345+00	\N
0182fef4-cfe7-ebc1-8093-c57619574ab4	college-learners	College Learners	COLLEGELEARNERS	f	t	t	2022-09-02 16:07:13.190833+00	2022-09-02 16:07:13.190833+00	\N
0182fef4-cfe7-d1fc-3a29-65a316394377	all-the-students	All The Students	ALLTHESTUDENTS	t	t	t	2022-09-02 16:07:13.192293+00	2022-09-02 16:07:13.192293+00	\N
\.


--
-- Data for Name: volunteer_partner_orgs; Type: TABLE DATA; Schema: upchieve; Owner: admin
--

COPY upchieve.volunteer_partner_orgs (id, key, name, receive_weekly_hour_summary_email, created_at, updated_at) FROM stdin;
0182fef4-d02d-50a9-b47b-fc4ad926fc2f	big-telecom	Big Telecom	t	2022-09-02 16:07:13.197947+00	2022-09-02 16:07:13.197947+00
0182fef4-d02d-f121-26fe-2060c34ac495	health-co	Health Co	f	2022-09-02 16:07:13.199313+00	2022-09-02 16:07:13.199313+00
\.


--
-- Data for Name: associated_partners; Type: TABLE DATA; Schema: upchieve; Owner: admin
--

COPY upchieve.associated_partners (id, key, volunteer_partner_org_id, student_partner_org_id, student_sponsor_org_id, created_at, updated_at) FROM stdin;
0182fef4-d049-ecb9-c8d8-4d1f1cd1b339	associatedWithSponsorOrg	0182fef4-d02d-50a9-b47b-fc4ad926fc2f	\N	0182fef4-d03b-ec8d-f57b-71b2031ee46c	2022-09-02 16:07:13.225872+00	2022-09-02 16:07:13.225872+00
0182fef4-d049-73ca-a12b-a4bf3d7eaee5	associatedWithPartnerOrg	0182fef4-d02d-50a9-b47b-fc4ad926fc2f	0182fef4-cfe7-1d3a-295f-89f1fc695dc1	\N	2022-09-02 16:07:13.227214+00	2022-09-02 16:07:13.227214+00
\.


--
-- Data for Name: weekdays; Type: TABLE DATA; Schema: upchieve; Owner: admin
--

COPY upchieve.weekdays (id, day, created_at, updated_at) FROM stdin;
1	Sunday	2022-09-02 16:07:10.099823+00	2022-09-02 16:07:10.099823+00
2	Monday	2022-09-02 16:07:10.100971+00	2022-09-02 16:07:10.100971+00
3	Tuesday	2022-09-02 16:07:10.101878+00	2022-09-02 16:07:10.101878+00
4	Wednesday	2022-09-02 16:07:10.102757+00	2022-09-02 16:07:10.102757+00
5	Thursday	2022-09-02 16:07:10.103592+00	2022-09-02 16:07:10.103592+00
6	Friday	2022-09-02 16:07:10.104438+00	2022-09-02 16:07:10.104438+00
7	Saturday	2022-09-02 16:07:10.105259+00	2022-09-02 16:07:10.105259+00
\.


--
-- Data for Name: availabilities; Type: TABLE DATA; Schema: upchieve; Owner: admin
--

COPY upchieve.availabilities (id, user_id, weekday_id, available_start, available_end, timezone, created_at, updated_at) FROM stdin;
\.


--
-- Data for Name: availability_histories; Type: TABLE DATA; Schema: upchieve; Owner: admin
--

COPY upchieve.availability_histories (id, user_id, weekday_id, available_start, available_end, timezone, recorded_at, created_at, updated_at) FROM stdin;
\.


--
-- Data for Name: certifications; Type: TABLE DATA; Schema: upchieve; Owner: admin
--

COPY upchieve.certifications (id, name, created_at, updated_at) FROM stdin;
1	prealgebra	2022-09-02 16:07:10.482862+00	2022-09-02 16:07:10.482862+00
2	statistics	2022-09-02 16:07:10.483954+00	2022-09-02 16:07:10.483954+00
3	geometry	2022-09-02 16:07:10.484953+00	2022-09-02 16:07:10.484953+00
4	biology	2022-09-02 16:07:10.485966+00	2022-09-02 16:07:10.485966+00
5	chemistry	2022-09-02 16:07:10.4868+00	2022-09-02 16:07:10.4868+00
6	physicsOne	2022-09-02 16:07:10.487582+00	2022-09-02 16:07:10.487582+00
7	physicsTwo	2022-09-02 16:07:10.488353+00	2022-09-02 16:07:10.488353+00
8	environmentalScience	2022-09-02 16:07:10.489176+00	2022-09-02 16:07:10.489176+00
9	essays	2022-09-02 16:07:10.489942+00	2022-09-02 16:07:10.489942+00
10	applications	2022-09-02 16:07:10.490725+00	2022-09-02 16:07:10.490725+00
11	planning	2022-09-02 16:07:10.49148+00	2022-09-02 16:07:10.49148+00
12	satMath	2022-09-02 16:07:10.492329+00	2022-09-02 16:07:10.492329+00
13	satReading	2022-09-02 16:07:10.493133+00	2022-09-02 16:07:10.493133+00
14	collegeCounseling	2022-09-02 16:07:10.493924+00	2022-09-02 16:07:10.493924+00
15	humanitiesEssays	2022-09-02 16:07:10.494701+00	2022-09-02 16:07:10.494701+00
16	algebraOne	2022-09-02 16:07:10.495448+00	2022-09-02 16:07:10.495448+00
17	algebraTwo	2022-09-02 16:07:10.49632+00	2022-09-02 16:07:10.49632+00
18	trigonometry	2022-09-02 16:07:10.497348+00	2022-09-02 16:07:10.497348+00
19	precalculus	2022-09-02 16:07:10.498203+00	2022-09-02 16:07:10.498203+00
20	calculusAB	2022-09-02 16:07:10.499071+00	2022-09-02 16:07:10.499071+00
21	calculusBC	2022-09-02 16:07:10.499923+00	2022-09-02 16:07:10.499923+00
22	reading	2022-09-02 16:07:10.690103+00	2022-09-02 16:07:10.690103+00
23	usHistory	2022-09-02 16:07:10.741038+00	2022-09-02 16:07:10.741038+00
\.


--
-- Data for Name: certification_subject_unlocks; Type: TABLE DATA; Schema: upchieve; Owner: admin
--

COPY upchieve.certification_subject_unlocks (subject_id, certification_id, created_at, updated_at) FROM stdin;
21	16	2022-09-02 16:07:10.540543+00	2022-09-02 16:07:10.540543+00
21	3	2022-09-02 16:07:10.541903+00	2022-09-02 16:07:10.541903+00
21	2	2022-09-02 16:07:10.542849+00	2022-09-02 16:07:10.542849+00
22	16	2022-09-02 16:07:10.543745+00	2022-09-02 16:07:10.543745+00
22	3	2022-09-02 16:07:10.544655+00	2022-09-02 16:07:10.544655+00
22	2	2022-09-02 16:07:10.545893+00	2022-09-02 16:07:10.545893+00
22	18	2022-09-02 16:07:10.546906+00	2022-09-02 16:07:10.546906+00
23	19	2022-09-02 16:07:10.547824+00	2022-09-02 16:07:10.547824+00
23	2	2022-09-02 16:07:10.548737+00	2022-09-02 16:07:10.548737+00
24	19	2022-09-02 16:07:10.549619+00	2022-09-02 16:07:10.549619+00
1	1	2022-09-02 16:07:10.550531+00	2022-09-02 16:07:10.550531+00
9	2	2022-09-02 16:07:10.551556+00	2022-09-02 16:07:10.551556+00
4	3	2022-09-02 16:07:10.552544+00	2022-09-02 16:07:10.552544+00
10	4	2022-09-02 16:07:10.558855+00	2022-09-02 16:07:10.558855+00
11	5	2022-09-02 16:07:10.55983+00	2022-09-02 16:07:10.55983+00
12	6	2022-09-02 16:07:10.56077+00	2022-09-02 16:07:10.56077+00
13	7	2022-09-02 16:07:10.561652+00	2022-09-02 16:07:10.561652+00
14	8	2022-09-02 16:07:10.562507+00	2022-09-02 16:07:10.562507+00
17	9	2022-09-02 16:07:10.563432+00	2022-09-02 16:07:10.563432+00
19	10	2022-09-02 16:07:10.564383+00	2022-09-02 16:07:10.564383+00
18	11	2022-09-02 16:07:10.56535+00	2022-09-02 16:07:10.56535+00
15	12	2022-09-02 16:07:10.566214+00	2022-09-02 16:07:10.566214+00
16	13	2022-09-02 16:07:10.567185+00	2022-09-02 16:07:10.567185+00
20	15	2022-09-02 16:07:10.568103+00	2022-09-02 16:07:10.568103+00
2	16	2022-09-02 16:07:10.56892+00	2022-09-02 16:07:10.56892+00
3	17	2022-09-02 16:07:10.569809+00	2022-09-02 16:07:10.569809+00
5	18	2022-09-02 16:07:10.570721+00	2022-09-02 16:07:10.570721+00
6	19	2022-09-02 16:07:10.571727+00	2022-09-02 16:07:10.571727+00
7	20	2022-09-02 16:07:10.572693+00	2022-09-02 16:07:10.572693+00
8	21	2022-09-02 16:07:10.573623+00	2022-09-02 16:07:10.573623+00
25	22	2022-09-02 16:07:10.690103+00	2022-09-02 16:07:10.690103+00
26	23	2022-09-02 16:07:10.741038+00	2022-09-02 16:07:10.741038+00
\.


--
-- Data for Name: us_states; Type: TABLE DATA; Schema: upchieve; Owner: admin
--

COPY upchieve.us_states (code, name, created_at, updated_at) FROM stdin;
AL	Alabama	2022-09-02 16:07:09.798557+00	2022-09-02 16:07:09.798557+00
AK	Alaska	2022-09-02 16:07:09.80159+00	2022-09-02 16:07:09.80159+00
AR	Arkansas	2022-09-02 16:07:09.802802+00	2022-09-02 16:07:09.802802+00
AZ	Arizona	2022-09-02 16:07:09.803803+00	2022-09-02 16:07:09.803803+00
CA	California	2022-09-02 16:07:09.804888+00	2022-09-02 16:07:09.804888+00
CO	Colorado	2022-09-02 16:07:09.805836+00	2022-09-02 16:07:09.805836+00
CT	Connecticut	2022-09-02 16:07:09.806857+00	2022-09-02 16:07:09.806857+00
DE	Delaware	2022-09-02 16:07:09.807924+00	2022-09-02 16:07:09.807924+00
DC	District of Columbia	2022-09-02 16:07:09.808885+00	2022-09-02 16:07:09.808885+00
FL	Florida	2022-09-02 16:07:09.809945+00	2022-09-02 16:07:09.809945+00
GA	Georgia	2022-09-02 16:07:09.810998+00	2022-09-02 16:07:09.810998+00
HI	Hawaii	2022-09-02 16:07:09.812012+00	2022-09-02 16:07:09.812012+00
ID	Idaho	2022-09-02 16:07:09.812983+00	2022-09-02 16:07:09.812983+00
IL	Illinois	2022-09-02 16:07:09.813939+00	2022-09-02 16:07:09.813939+00
IN	Indiana	2022-09-02 16:07:09.814895+00	2022-09-02 16:07:09.814895+00
IA	Iowa	2022-09-02 16:07:09.815854+00	2022-09-02 16:07:09.815854+00
KS	Kansas	2022-09-02 16:07:09.816812+00	2022-09-02 16:07:09.816812+00
KY	Kentucky	2022-09-02 16:07:09.817715+00	2022-09-02 16:07:09.817715+00
LA	Louisiana	2022-09-02 16:07:09.818584+00	2022-09-02 16:07:09.818584+00
ME	Maine	2022-09-02 16:07:09.81948+00	2022-09-02 16:07:09.81948+00
MD	Maryland	2022-09-02 16:07:09.820306+00	2022-09-02 16:07:09.820306+00
MA	Massachusetts	2022-09-02 16:07:09.82117+00	2022-09-02 16:07:09.82117+00
MI	Michigan	2022-09-02 16:07:09.822012+00	2022-09-02 16:07:09.822012+00
MN	Minnesota	2022-09-02 16:07:09.822809+00	2022-09-02 16:07:09.822809+00
MS	Mississippi	2022-09-02 16:07:09.823716+00	2022-09-02 16:07:09.823716+00
MO	Missouri	2022-09-02 16:07:09.824566+00	2022-09-02 16:07:09.824566+00
MT	Montana	2022-09-02 16:07:09.82541+00	2022-09-02 16:07:09.82541+00
NE	Nebraska	2022-09-02 16:07:09.82627+00	2022-09-02 16:07:09.82627+00
NV	Nevada	2022-09-02 16:07:09.827156+00	2022-09-02 16:07:09.827156+00
NH	New Hampshire	2022-09-02 16:07:09.828025+00	2022-09-02 16:07:09.828025+00
NJ	New Jersey	2022-09-02 16:07:09.828961+00	2022-09-02 16:07:09.828961+00
NM	New Mexico	2022-09-02 16:07:09.829828+00	2022-09-02 16:07:09.829828+00
NY	New York	2022-09-02 16:07:09.83077+00	2022-09-02 16:07:09.83077+00
NC	North Carolina	2022-09-02 16:07:09.831685+00	2022-09-02 16:07:09.831685+00
ND	North Dakota	2022-09-02 16:07:09.832665+00	2022-09-02 16:07:09.832665+00
OH	Ohio	2022-09-02 16:07:09.833729+00	2022-09-02 16:07:09.833729+00
OK	Oklahoma	2022-09-02 16:07:09.834697+00	2022-09-02 16:07:09.834697+00
OR	Oregon	2022-09-02 16:07:09.835515+00	2022-09-02 16:07:09.835515+00
PA	Pennsylvania	2022-09-02 16:07:09.836473+00	2022-09-02 16:07:09.836473+00
RI	Rhode Island	2022-09-02 16:07:09.837309+00	2022-09-02 16:07:09.837309+00
SC	South Carolina	2022-09-02 16:07:09.838189+00	2022-09-02 16:07:09.838189+00
SD	South Dakota	2022-09-02 16:07:09.839118+00	2022-09-02 16:07:09.839118+00
TN	Tennessee	2022-09-02 16:07:09.839946+00	2022-09-02 16:07:09.839946+00
TX	Texas	2022-09-02 16:07:09.840881+00	2022-09-02 16:07:09.840881+00
UT	Utah	2022-09-02 16:07:09.841942+00	2022-09-02 16:07:09.841942+00
VT	Vermont	2022-09-02 16:07:09.842855+00	2022-09-02 16:07:09.842855+00
VA	Virginia	2022-09-02 16:07:09.843718+00	2022-09-02 16:07:09.843718+00
WA	Washington	2022-09-02 16:07:09.845144+00	2022-09-02 16:07:09.845144+00
WV	West Virginia	2022-09-02 16:07:09.846037+00	2022-09-02 16:07:09.846037+00
WI	Wisconsin	2022-09-02 16:07:09.846937+00	2022-09-02 16:07:09.846937+00
WY	Wyoming	2022-09-02 16:07:09.84778+00	2022-09-02 16:07:09.84778+00
PR	Puerto Rico	2022-09-02 16:07:09.848665+00	2022-09-02 16:07:09.848665+00
GU	Guam	2022-09-02 16:07:09.849512+00	2022-09-02 16:07:09.849512+00
VI	Virgin Islands	2022-09-02 16:07:09.850348+00	2022-09-02 16:07:09.850348+00
AS	American Samoa	2022-09-02 16:07:09.851333+00	2022-09-02 16:07:09.851333+00
BI	Bureau of Indian Education	2022-09-02 16:07:09.852228+00	2022-09-02 16:07:09.852228+00
NA	NA	2022-09-02 16:07:09.853107+00	2022-09-02 16:07:09.853107+00
AE	U.S. Armed Forced - Europe	2022-09-02 16:07:10.696166+00	2022-09-02 16:07:10.696166+00
AA	U.S. Armed Forced - Americas	2022-09-02 16:07:10.696166+00	2022-09-02 16:07:10.696166+00
AP	U.S. Armed Forced - Pacific	2022-09-02 16:07:10.696166+00	2022-09-02 16:07:10.696166+00
PW	Palau	2022-09-02 16:07:10.696166+00	2022-09-02 16:07:10.696166+00
FM	Micronesia	2022-09-02 16:07:10.696166+00	2022-09-02 16:07:10.696166+00
MP	Norther Mariana Islands	2022-09-02 16:07:10.696166+00	2022-09-02 16:07:10.696166+00
MH	Marshall Islands	2022-09-02 16:07:10.696166+00	2022-09-02 16:07:10.696166+00
\.


--
-- Data for Name: cities; Type: TABLE DATA; Schema: upchieve; Owner: admin
--

COPY upchieve.cities (id, name, us_state_code, created_at, updated_at) FROM stdin;
1	Denver	CO	2022-09-02 16:07:13.203712+00	2022-09-02 16:07:13.203712+00
2	Brooklyn	NY	2022-09-02 16:07:13.205236+00	2022-09-02 16:07:13.205236+00
\.


--
-- Data for Name: contact_form_submissions; Type: TABLE DATA; Schema: upchieve; Owner: admin
--

COPY upchieve.contact_form_submissions (id, user_id, user_email, message, topic, created_at, updated_at) FROM stdin;
\.


--
-- Data for Name: feedbacks; Type: TABLE DATA; Schema: upchieve; Owner: admin
--

COPY upchieve.feedbacks (id, topic_id, subject_id, user_role_id, session_id, student_tutoring_feedback, student_counseling_feedback, volunteer_feedback, comment, user_id, legacy_feedbacks, created_at, updated_at, mongo_id) FROM stdin;
\.


--
-- Data for Name: grade_levels; Type: TABLE DATA; Schema: upchieve; Owner: admin
--

COPY upchieve.grade_levels (id, name, created_at, updated_at) FROM stdin;
1	8th	2022-09-02 16:07:10.120099+00	2022-09-02 16:07:10.120099+00
2	9th	2022-09-02 16:07:10.121199+00	2022-09-02 16:07:10.121199+00
3	10th	2022-09-02 16:07:10.122099+00	2022-09-02 16:07:10.122099+00
4	11th	2022-09-02 16:07:10.122938+00	2022-09-02 16:07:10.122938+00
5	12th	2022-09-02 16:07:10.123928+00	2022-09-02 16:07:10.123928+00
6	College	2022-09-02 16:07:10.124821+00	2022-09-02 16:07:10.124821+00
\.


--
-- Data for Name: ip_addresses; Type: TABLE DATA; Schema: upchieve; Owner: admin
--

COPY upchieve.ip_addresses (id, ip, status, created_at, updated_at, mongo_id) FROM stdin;
\.


--
-- Data for Name: postal_codes; Type: TABLE DATA; Schema: upchieve; Owner: admin
--

COPY upchieve.postal_codes (code, us_state_code, income, location, created_at, updated_at) FROM stdin;
00501	NY	1000000	(40.81,-73.04)	2022-09-02 16:07:09.9543+00	2022-09-02 16:07:09.9543+00
01010	MA	100038	(42.11,-72.2)	2022-09-02 16:07:09.957211+00	2022-09-02 16:07:09.957211+00
01011	MA	77656	(42.28,-72.98)	2022-09-02 16:07:09.979204+00	2022-09-02 16:07:09.979204+00
01012	MA	76500	(42.4,-72.85)	2022-09-02 16:07:10.018074+00	2022-09-02 16:07:10.018074+00
01001	MA	88816	(42.06,-72.61)	2022-09-02 16:07:10.018516+00	2022-09-02 16:07:10.018516+00
01013	MA	56117	(42.15,-72.6)	2022-09-02 16:07:10.075002+00	2022-09-02 16:07:10.075002+00
01014	MA	1000000	(42.17,-72.57)	2022-09-02 16:07:10.075228+00	2022-09-02 16:07:10.075228+00
01003	MA	1000000	(42.39,-72.52)	2022-09-02 16:07:10.075365+00	2022-09-02 16:07:10.075365+00
01005	MA	103825	(42.42,-72.1)	2022-09-02 16:07:10.076194+00	2022-09-02 16:07:10.076194+00
01007	MA	105997	(42.27,-72.4)	2022-09-02 16:07:10.075802+00	2022-09-02 16:07:10.075802+00
01020	MA	70955	(42.17,-72.57)	2022-09-02 16:07:10.077028+00	2022-09-02 16:07:10.077028+00
01021	MA	1000000	(42.17,-72.57)	2022-09-02 16:07:10.077305+00	2022-09-02 16:07:10.077305+00
01002	MA	97319	(42.37,-72.52)	2022-09-02 16:07:10.076998+00	2022-09-02 16:07:10.076998+00
01008	MA	90417	(42.18,-72.93)	2022-09-02 16:07:10.074661+00	2022-09-02 16:07:10.074661+00
01022	MA	54023	(42.2,-72.54)	2022-09-02 16:07:10.07796+00	2022-09-02 16:07:10.07796+00
01009	MA	1000000	(42.2,-72.34)	2022-09-02 16:07:10.076094+00	2022-09-02 16:07:10.076094+00
00544	NY	1000000	(40.81,-73.04)	2022-09-02 16:07:10.078242+00	2022-09-02 16:07:10.078242+00
01026	MA	73333	(42.46,-72.9)	2022-09-02 16:07:10.078965+00	2022-09-02 16:07:10.078965+00
01004	MA	1000000	(42.37,-72.52)	2022-09-02 16:07:10.075668+00	2022-09-02 16:07:10.075668+00
01028	MA	106591	(42.06,-72.51)	2022-09-02 16:07:10.079185+00	2022-09-02 16:07:10.079185+00
01027	MA	87883	(42.26,-72.68)	2022-09-02 16:07:10.079182+00	2022-09-02 16:07:10.079182+00
01030	MA	96719	(42.06,-72.67)	2022-09-02 16:07:10.080195+00	2022-09-02 16:07:10.080195+00
01033	MA	114279	(42.26,-72.52)	2022-09-02 16:07:10.080732+00	2022-09-02 16:07:10.080732+00
01031	MA	86000	(42.33,-72.2)	2022-09-02 16:07:10.08053+00	2022-09-02 16:07:10.08053+00
01034	MA	100000	(42.06,-72.86)	2022-09-02 16:07:10.081024+00	2022-09-02 16:07:10.081024+00
01032	MA	110714	(42.46,-72.81)	2022-09-02 16:07:10.081213+00	2022-09-02 16:07:10.081213+00
01029	MA	1000000	(42.17,-73.03)	2022-09-02 16:07:10.079998+00	2022-09-02 16:07:10.079998+00
01035	MA	102083	(42.35,-72.58)	2022-09-02 16:07:10.081416+00	2022-09-02 16:07:10.081416+00
01037	MA	106691	(42.35,-72.2)	2022-09-02 16:07:10.081697+00	2022-09-02 16:07:10.081697+00
01038	MA	94408	(42.37,-72.6)	2022-09-02 16:07:10.082046+00	2022-09-02 16:07:10.082046+00
01036	MA	109886	(42.06,-72.41)	2022-09-02 16:07:10.08237+00	2022-09-02 16:07:10.08237+00
01039	MA	117143	(42.39,-72.7)	2022-09-02 16:07:10.08254+00	2022-09-02 16:07:10.08254+00
01041	MA	1000000	(42.21,-72.64)	2022-09-02 16:07:10.082843+00	2022-09-02 16:07:10.082843+00
01050	MA	84625	(42.23,-72.88)	2022-09-02 16:07:10.082769+00	2022-09-02 16:07:10.082769+00
01053	MA	89286	(42.35,-72.71)	2022-09-02 16:07:10.083021+00	2022-09-02 16:07:10.083021+00
01054	MA	98942	(42.45,-72.5)	2022-09-02 16:07:10.083189+00	2022-09-02 16:07:10.083189+00
01056	MA	86864	(42.16,-72.48)	2022-09-02 16:07:10.083202+00	2022-09-02 16:07:10.083202+00
01040	MA	49481	(42.21,-72.64)	2022-09-02 16:07:10.08275+00	2022-09-02 16:07:10.08275+00
01057	MA	104514	(42.09,-72.31)	2022-09-02 16:07:10.083595+00	2022-09-02 16:07:10.083595+00
01060	MA	99420	(42.32,-72.63)	2022-09-02 16:07:10.084365+00	2022-09-02 16:07:10.084365+00
01059	MA	1000000	(42.4,-72.52)	2022-09-02 16:07:10.084389+00	2022-09-02 16:07:10.084389+00
01061	MA	1000000	(42.32,-72.67)	2022-09-02 16:07:10.084905+00	2022-09-02 16:07:10.084905+00
01062	MA	96455	(42.32,-72.67)	2022-09-02 16:07:10.08512+00	2022-09-02 16:07:10.08512+00
01066	MA	1000000	(42.41,-72.66)	2022-09-02 16:07:10.085188+00	2022-09-02 16:07:10.085188+00
01068	MA	95104	(42.35,-72.05)	2022-09-02 16:07:10.085388+00	2022-09-02 16:07:10.085388+00
01063	MA	1000000	(42.32,-72.64)	2022-09-02 16:07:10.085115+00	2022-09-02 16:07:10.085115+00
01069	MA	91395	(42.16,-72.32)	2022-09-02 16:07:10.085843+00	2022-09-02 16:07:10.085843+00
01071	MA	80208	(42.18,-72.85)	2022-09-02 16:07:10.086528+00	2022-09-02 16:07:10.086528+00
01070	MA	73333	(42.51,-72.91)	2022-09-02 16:07:10.086363+00	2022-09-02 16:07:10.086363+00
01073	MA	132333	(42.23,-72.73)	2022-09-02 16:07:10.087118+00	2022-09-02 16:07:10.087118+00
01074	MA	56414	(42.39,-72.09)	2022-09-02 16:07:10.087272+00	2022-09-02 16:07:10.087272+00
01072	MA	95000	(42.45,-72.4)	2022-09-02 16:07:10.087278+00	2022-09-02 16:07:10.087278+00
01080	MA	68375	(42.18,-72.37)	2022-09-02 16:07:10.087755+00	2022-09-02 16:07:10.087755+00
01081	MA	75078	(42.06,-72.21)	2022-09-02 16:07:10.087732+00	2022-09-02 16:07:10.087732+00
01075	MA	92183	(42.26,-72.56)	2022-09-02 16:07:10.087502+00	2022-09-02 16:07:10.087502+00
01079	MA	1000000	(42.2,-72.33)	2022-09-02 16:07:10.088226+00	2022-09-02 16:07:10.088226+00
01077	MA	95882	(42.05,-72.76)	2022-09-02 16:07:10.088442+00	2022-09-02 16:07:10.088442+00
01083	MA	91271	(42.21,-72.19)	2022-09-02 16:07:10.088724+00	2022-09-02 16:07:10.088724+00
01084	MA	76250	(42.39,-72.88)	2022-09-02 16:07:10.08899+00	2022-09-02 16:07:10.08899+00
01086	MA	1000000	(42.13,-72.79)	2022-09-02 16:07:10.089097+00	2022-09-02 16:07:10.089097+00
01088	MA	59922	(42.39,-72.64)	2022-09-02 16:07:10.089193+00	2022-09-02 16:07:10.089193+00
01089	MA	73658	(42.12,-72.65)	2022-09-02 16:07:10.089298+00	2022-09-02 16:07:10.089298+00
01085	MA	87144	(42.13,-72.75)	2022-09-02 16:07:10.089461+00	2022-09-02 16:07:10.089461+00
01090	MA	1000000	(42.12,-72.65)	2022-09-02 16:07:10.089434+00	2022-09-02 16:07:10.089434+00
01082	MA	78563	(42.25,-72.24)	2022-09-02 16:07:10.088647+00	2022-09-02 16:07:10.088647+00
01092	MA	90509	(42.19,-72.24)	2022-09-02 16:07:10.090294+00	2022-09-02 16:07:10.090294+00
01094	MA	1000000	(42.35,-72.14)	2022-09-02 16:07:10.090517+00	2022-09-02 16:07:10.090517+00
01098	MA	96607	(42.41,-72.93)	2022-09-02 16:07:10.090924+00	2022-09-02 16:07:10.090924+00
01096	MA	100556	(42.4,-72.76)	2022-09-02 16:07:10.090864+00	2022-09-02 16:07:10.090864+00
01095	MA	121547	(42.13,-72.43)	2022-09-02 16:07:10.091159+00	2022-09-02 16:07:10.091159+00
01097	MA	1000000	(42.18,-72.83)	2022-09-02 16:07:10.09077+00	2022-09-02 16:07:10.09077+00
01102	MA	1000000	(42.11,-72.53)	2022-09-02 16:07:10.091315+00	2022-09-02 16:07:10.091315+00
01093	MA	107813	(42.44,-72.65)	2022-09-02 16:07:10.0913+00	2022-09-02 16:07:10.0913+00
01101	MA	1000000	(42.11,-72.53)	2022-09-02 16:07:10.091529+00	2022-09-02 16:07:10.091529+00
01103	MA	31071	(42.1,-72.59)	2022-09-02 16:07:10.092283+00	2022-09-02 16:07:10.092283+00
01106	MA	141886	(42.04,-72.57)	2022-09-02 16:07:10.092768+00	2022-09-02 16:07:10.092768+00
01107	MA	34904	(42.12,-72.61)	2022-09-02 16:07:10.09275+00	2022-09-02 16:07:10.09275+00
01108	MA	48065	(42.08,-72.56)	2022-09-02 16:07:10.09296+00	2022-09-02 16:07:10.09296+00
01105	MA	25322	(42.1,-72.58)	2022-09-02 16:07:10.092686+00	2022-09-02 16:07:10.092686+00
01111	MA	1000000	(42.11,-72.53)	2022-09-02 16:07:10.092934+00	2022-09-02 16:07:10.092934+00
01109	MA	39954	(42.11,-72.53)	2022-09-02 16:07:10.093261+00	2022-09-02 16:07:10.093261+00
01116	MA	1000000	(42.04,-72.57)	2022-09-02 16:07:10.09338+00	2022-09-02 16:07:10.09338+00
01104	MA	43384	(42.13,-72.57)	2022-09-02 16:07:10.092631+00	2022-09-02 16:07:10.092631+00
01118	MA	74258	(42.09,-72.53)	2022-09-02 16:07:10.093872+00	2022-09-02 16:07:10.093872+00
01115	MA	1000000	(42.11,-72.53)	2022-09-02 16:07:10.09358+00	2022-09-02 16:07:10.09358+00
01119	MA	55224	(42.12,-72.51)	2022-09-02 16:07:10.094429+00	2022-09-02 16:07:10.094429+00
01129	MA	75574	(42.12,-72.49)	2022-09-02 16:07:10.094438+00	2022-09-02 16:07:10.094438+00
01138	MA	1000000	(42.11,-72.53)	2022-09-02 16:07:10.094753+00	2022-09-02 16:07:10.094753+00
01128	MA	93194	(42.09,-72.49)	2022-09-02 16:07:10.094531+00	2022-09-02 16:07:10.094531+00
01139	MA	1000000	(42.11,-72.53)	2022-09-02 16:07:10.09488+00	2022-09-02 16:07:10.09488+00
01144	MA	1000000	(42.11,-72.53)	2022-09-02 16:07:10.094941+00	2022-09-02 16:07:10.094941+00
01151	MA	43988	(42.15,-72.51)	2022-09-02 16:07:10.095295+00	2022-09-02 16:07:10.095295+00
01201	MA	71969	(42.45,-73.26)	2022-09-02 16:07:10.096471+00	2022-09-02 16:07:10.096471+00
01202	MA	1000000	(42.45,-73.26)	2022-09-02 16:07:10.096616+00	2022-09-02 16:07:10.096616+00
01203	MA	1000000	(42.45,-73.26)	2022-09-02 16:07:10.096738+00	2022-09-02 16:07:10.096738+00
01199	MA	1000000	(42.12,-72.6)	2022-09-02 16:07:10.096831+00	2022-09-02 16:07:10.096831+00
01220	MA	71845	(42.62,-73.11)	2022-09-02 16:07:10.097088+00	2022-09-02 16:07:10.097088+00
01223	MA	86122	(42.33,-73.07)	2022-09-02 16:07:10.097233+00	2022-09-02 16:07:10.097233+00
01222	MA	81944	(42.05,-73.33)	2022-09-02 16:07:10.097127+00	2022-09-02 16:07:10.097127+00
01152	MA	1000000	(42.11,-72.53)	2022-09-02 16:07:10.096418+00	2022-09-02 16:07:10.096418+00
00000	NA	0	(0,0)	2022-09-02 16:07:10.098801+00	2022-09-02 16:07:10.098801+00
9001	AE	1000000	(0,0)	2022-09-02 16:07:10.696166+00	2022-09-02 16:07:10.696166+00
9002	AE	1000000	(0,0)	2022-09-02 16:07:10.696166+00	2022-09-02 16:07:10.696166+00
9003	AE	1000000	(0,0)	2022-09-02 16:07:10.696166+00	2022-09-02 16:07:10.696166+00
9004	AE	1000000	(0,0)	2022-09-02 16:07:10.696166+00	2022-09-02 16:07:10.696166+00
9005	AE	1000000	(0,0)	2022-09-02 16:07:10.696166+00	2022-09-02 16:07:10.696166+00
9006	AE	1000000	(0,0)	2022-09-02 16:07:10.696166+00	2022-09-02 16:07:10.696166+00
9008	AE	1000000	(0,0)	2022-09-02 16:07:10.696166+00	2022-09-02 16:07:10.696166+00
9009	AE	1000000	(0,0)	2022-09-02 16:07:10.696166+00	2022-09-02 16:07:10.696166+00
9010	AE	1000000	(0,0)	2022-09-02 16:07:10.696166+00	2022-09-02 16:07:10.696166+00
9011	AE	1000000	(0,0)	2022-09-02 16:07:10.696166+00	2022-09-02 16:07:10.696166+00
9012	AE	1000000	(0,0)	2022-09-02 16:07:10.696166+00	2022-09-02 16:07:10.696166+00
9013	AE	1000000	(0,0)	2022-09-02 16:07:10.696166+00	2022-09-02 16:07:10.696166+00
9014	AE	1000000	(0,0)	2022-09-02 16:07:10.696166+00	2022-09-02 16:07:10.696166+00
9015	AE	1000000	(0,0)	2022-09-02 16:07:10.696166+00	2022-09-02 16:07:10.696166+00
9016	AE	1000000	(0,0)	2022-09-02 16:07:10.696166+00	2022-09-02 16:07:10.696166+00
9017	AE	1000000	(0,0)	2022-09-02 16:07:10.696166+00	2022-09-02 16:07:10.696166+00
9018	AE	1000000	(0,0)	2022-09-02 16:07:10.696166+00	2022-09-02 16:07:10.696166+00
9020	AE	1000000	(0,0)	2022-09-02 16:07:10.696166+00	2022-09-02 16:07:10.696166+00
9021	AE	1000000	(0,0)	2022-09-02 16:07:10.696166+00	2022-09-02 16:07:10.696166+00
9034	AE	1000000	(0,0)	2022-09-02 16:07:10.696166+00	2022-09-02 16:07:10.696166+00
9044	AE	1000000	(0,0)	2022-09-02 16:07:10.696166+00	2022-09-02 16:07:10.696166+00
9046	AE	1000000	(0,0)	2022-09-02 16:07:10.696166+00	2022-09-02 16:07:10.696166+00
9049	AE	1000000	(0,0)	2022-09-02 16:07:10.696166+00	2022-09-02 16:07:10.696166+00
9053	AE	1000000	(0,0)	2022-09-02 16:07:10.696166+00	2022-09-02 16:07:10.696166+00
9055	AE	1000000	(0,0)	2022-09-02 16:07:10.696166+00	2022-09-02 16:07:10.696166+00
9060	AE	1000000	(0,0)	2022-09-02 16:07:10.696166+00	2022-09-02 16:07:10.696166+00
9067	AE	1000000	(0,0)	2022-09-02 16:07:10.696166+00	2022-09-02 16:07:10.696166+00
9068	AE	1000000	(0,0)	2022-09-02 16:07:10.696166+00	2022-09-02 16:07:10.696166+00
9069	AE	1000000	(0,0)	2022-09-02 16:07:10.696166+00	2022-09-02 16:07:10.696166+00
9079	AE	1000000	(0,0)	2022-09-02 16:07:10.696166+00	2022-09-02 16:07:10.696166+00
9094	AE	1000000	(0,0)	2022-09-02 16:07:10.696166+00	2022-09-02 16:07:10.696166+00
9095	AE	1000000	(0,0)	2022-09-02 16:07:10.696166+00	2022-09-02 16:07:10.696166+00
9096	AE	1000000	(0,0)	2022-09-02 16:07:10.696166+00	2022-09-02 16:07:10.696166+00
9103	AE	1000000	(0,0)	2022-09-02 16:07:10.696166+00	2022-09-02 16:07:10.696166+00
9104	AE	1000000	(0,0)	2022-09-02 16:07:10.696166+00	2022-09-02 16:07:10.696166+00
9107	AE	1000000	(0,0)	2022-09-02 16:07:10.696166+00	2022-09-02 16:07:10.696166+00
9112	AE	1000000	(0,0)	2022-09-02 16:07:10.696166+00	2022-09-02 16:07:10.696166+00
9113	AE	1000000	(0,0)	2022-09-02 16:07:10.696166+00	2022-09-02 16:07:10.696166+00
9114	AE	1000000	(0,0)	2022-09-02 16:07:10.696166+00	2022-09-02 16:07:10.696166+00
9115	AE	1000000	(0,0)	2022-09-02 16:07:10.696166+00	2022-09-02 16:07:10.696166+00
9116	AE	1000000	(0,0)	2022-09-02 16:07:10.696166+00	2022-09-02 16:07:10.696166+00
9123	AE	1000000	(0,0)	2022-09-02 16:07:10.696166+00	2022-09-02 16:07:10.696166+00
9125	AE	1000000	(0,0)	2022-09-02 16:07:10.696166+00	2022-09-02 16:07:10.696166+00
9126	AE	1000000	(0,0)	2022-09-02 16:07:10.696166+00	2022-09-02 16:07:10.696166+00
9128	AE	1000000	(0,0)	2022-09-02 16:07:10.696166+00	2022-09-02 16:07:10.696166+00
9131	AE	1000000	(0,0)	2022-09-02 16:07:10.696166+00	2022-09-02 16:07:10.696166+00
9135	AE	1000000	(0,0)	2022-09-02 16:07:10.696166+00	2022-09-02 16:07:10.696166+00
9136	AE	1000000	(0,0)	2022-09-02 16:07:10.696166+00	2022-09-02 16:07:10.696166+00
9138	AE	1000000	(0,0)	2022-09-02 16:07:10.696166+00	2022-09-02 16:07:10.696166+00
9139	AE	1000000	(0,0)	2022-09-02 16:07:10.696166+00	2022-09-02 16:07:10.696166+00
9140	AE	1000000	(0,0)	2022-09-02 16:07:10.696166+00	2022-09-02 16:07:10.696166+00
9142	AE	1000000	(0,0)	2022-09-02 16:07:10.696166+00	2022-09-02 16:07:10.696166+00
9154	AE	1000000	(0,0)	2022-09-02 16:07:10.696166+00	2022-09-02 16:07:10.696166+00
9160	AE	1000000	(0,0)	2022-09-02 16:07:10.696166+00	2022-09-02 16:07:10.696166+00
9170	AE	1000000	(0,0)	2022-09-02 16:07:10.696166+00	2022-09-02 16:07:10.696166+00
9171	AE	1000000	(0,0)	2022-09-02 16:07:10.696166+00	2022-09-02 16:07:10.696166+00
9172	AE	1000000	(0,0)	2022-09-02 16:07:10.696166+00	2022-09-02 16:07:10.696166+00
9173	AE	1000000	(0,0)	2022-09-02 16:07:10.696166+00	2022-09-02 16:07:10.696166+00
9174	AE	1000000	(0,0)	2022-09-02 16:07:10.696166+00	2022-09-02 16:07:10.696166+00
9175	AE	1000000	(0,0)	2022-09-02 16:07:10.696166+00	2022-09-02 16:07:10.696166+00
9176	AE	1000000	(0,0)	2022-09-02 16:07:10.696166+00	2022-09-02 16:07:10.696166+00
9177	AE	1000000	(0,0)	2022-09-02 16:07:10.696166+00	2022-09-02 16:07:10.696166+00
9178	AE	1000000	(0,0)	2022-09-02 16:07:10.696166+00	2022-09-02 16:07:10.696166+00
9180	AE	1000000	(0,0)	2022-09-02 16:07:10.696166+00	2022-09-02 16:07:10.696166+00
9186	AE	1000000	(0,0)	2022-09-02 16:07:10.696166+00	2022-09-02 16:07:10.696166+00
9203	AE	1000000	(0,0)	2022-09-02 16:07:10.696166+00	2022-09-02 16:07:10.696166+00
9204	AE	1000000	(0,0)	2022-09-02 16:07:10.696166+00	2022-09-02 16:07:10.696166+00
9211	AE	1000000	(0,0)	2022-09-02 16:07:10.696166+00	2022-09-02 16:07:10.696166+00
9213	AE	1000000	(0,0)	2022-09-02 16:07:10.696166+00	2022-09-02 16:07:10.696166+00
9214	AE	1000000	(0,0)	2022-09-02 16:07:10.696166+00	2022-09-02 16:07:10.696166+00
9216	AE	1000000	(0,0)	2022-09-02 16:07:10.696166+00	2022-09-02 16:07:10.696166+00
9226	AE	1000000	(0,0)	2022-09-02 16:07:10.696166+00	2022-09-02 16:07:10.696166+00
9227	AE	1000000	(0,0)	2022-09-02 16:07:10.696166+00	2022-09-02 16:07:10.696166+00
9240	AE	1000000	(0,0)	2022-09-02 16:07:10.696166+00	2022-09-02 16:07:10.696166+00
9241	AE	1000000	(0,0)	2022-09-02 16:07:10.696166+00	2022-09-02 16:07:10.696166+00
9242	AE	1000000	(0,0)	2022-09-02 16:07:10.696166+00	2022-09-02 16:07:10.696166+00
9250	AE	1000000	(0,0)	2022-09-02 16:07:10.696166+00	2022-09-02 16:07:10.696166+00
9261	AE	1000000	(0,0)	2022-09-02 16:07:10.696166+00	2022-09-02 16:07:10.696166+00
9263	AE	1000000	(0,0)	2022-09-02 16:07:10.696166+00	2022-09-02 16:07:10.696166+00
9264	AE	1000000	(0,0)	2022-09-02 16:07:10.696166+00	2022-09-02 16:07:10.696166+00
9265	AE	1000000	(0,0)	2022-09-02 16:07:10.696166+00	2022-09-02 16:07:10.696166+00
9266	AE	1000000	(0,0)	2022-09-02 16:07:10.696166+00	2022-09-02 16:07:10.696166+00
9276	AE	1000000	(0,0)	2022-09-02 16:07:10.696166+00	2022-09-02 16:07:10.696166+00
9277	AE	1000000	(0,0)	2022-09-02 16:07:10.696166+00	2022-09-02 16:07:10.696166+00
9278	AE	1000000	(0,0)	2022-09-02 16:07:10.696166+00	2022-09-02 16:07:10.696166+00
9279	AE	1000000	(0,0)	2022-09-02 16:07:10.696166+00	2022-09-02 16:07:10.696166+00
9283	AE	1000000	(0,0)	2022-09-02 16:07:10.696166+00	2022-09-02 16:07:10.696166+00
9285	AE	1000000	(0,0)	2022-09-02 16:07:10.696166+00	2022-09-02 16:07:10.696166+00
9287	AE	1000000	(0,0)	2022-09-02 16:07:10.696166+00	2022-09-02 16:07:10.696166+00
9289	AE	1000000	(0,0)	2022-09-02 16:07:10.696166+00	2022-09-02 16:07:10.696166+00
9290	AE	1000000	(0,0)	2022-09-02 16:07:10.696166+00	2022-09-02 16:07:10.696166+00
9291	AE	1000000	(0,0)	2022-09-02 16:07:10.696166+00	2022-09-02 16:07:10.696166+00
9292	AE	1000000	(0,0)	2022-09-02 16:07:10.696166+00	2022-09-02 16:07:10.696166+00
9301	AE	1000000	(0,0)	2022-09-02 16:07:10.696166+00	2022-09-02 16:07:10.696166+00
9302	AE	1000000	(0,0)	2022-09-02 16:07:10.696166+00	2022-09-02 16:07:10.696166+00
9304	AE	1000000	(0,0)	2022-09-02 16:07:10.696166+00	2022-09-02 16:07:10.696166+00
9305	AE	1000000	(0,0)	2022-09-02 16:07:10.696166+00	2022-09-02 16:07:10.696166+00
9306	AE	1000000	(0,0)	2022-09-02 16:07:10.696166+00	2022-09-02 16:07:10.696166+00
9307	AE	1000000	(0,0)	2022-09-02 16:07:10.696166+00	2022-09-02 16:07:10.696166+00
9309	AE	1000000	(0,0)	2022-09-02 16:07:10.696166+00	2022-09-02 16:07:10.696166+00
9310	AE	1000000	(0,0)	2022-09-02 16:07:10.696166+00	2022-09-02 16:07:10.696166+00
9311	AE	1000000	(0,0)	2022-09-02 16:07:10.696166+00	2022-09-02 16:07:10.696166+00
9312	AE	1000000	(0,0)	2022-09-02 16:07:10.696166+00	2022-09-02 16:07:10.696166+00
9313	AE	1000000	(0,0)	2022-09-02 16:07:10.696166+00	2022-09-02 16:07:10.696166+00
9315	AE	1000000	(0,0)	2022-09-02 16:07:10.696166+00	2022-09-02 16:07:10.696166+00
9316	AE	1000000	(0,0)	2022-09-02 16:07:10.696166+00	2022-09-02 16:07:10.696166+00
9317	AE	1000000	(0,0)	2022-09-02 16:07:10.696166+00	2022-09-02 16:07:10.696166+00
9318	AE	1000000	(0,0)	2022-09-02 16:07:10.696166+00	2022-09-02 16:07:10.696166+00
9319	AE	1000000	(0,0)	2022-09-02 16:07:10.696166+00	2022-09-02 16:07:10.696166+00
9320	AE	1000000	(0,0)	2022-09-02 16:07:10.696166+00	2022-09-02 16:07:10.696166+00
9321	AE	1000000	(0,0)	2022-09-02 16:07:10.696166+00	2022-09-02 16:07:10.696166+00
9322	AE	1000000	(0,0)	2022-09-02 16:07:10.696166+00	2022-09-02 16:07:10.696166+00
9323	AE	1000000	(-44.25,33.53)	2022-09-02 16:07:10.696166+00	2022-09-02 16:07:10.696166+00
9330	AE	1000000	(0,0)	2022-09-02 16:07:10.696166+00	2022-09-02 16:07:10.696166+00
9333	AE	1000000	(0,0)	2022-09-02 16:07:10.696166+00	2022-09-02 16:07:10.696166+00
9337	AE	1000000	(0,0)	2022-09-02 16:07:10.696166+00	2022-09-02 16:07:10.696166+00
9340	AE	1000000	(0,0)	2022-09-02 16:07:10.696166+00	2022-09-02 16:07:10.696166+00
9343	AE	1000000	(0,0)	2022-09-02 16:07:10.696166+00	2022-09-02 16:07:10.696166+00
9347	AE	1000000	(0,0)	2022-09-02 16:07:10.696166+00	2022-09-02 16:07:10.696166+00
9348	AE	1000000	(0,0)	2022-09-02 16:07:10.696166+00	2022-09-02 16:07:10.696166+00
9351	AE	1000000	(0,0)	2022-09-02 16:07:10.696166+00	2022-09-02 16:07:10.696166+00
9352	AE	1000000	(0,0)	2022-09-02 16:07:10.696166+00	2022-09-02 16:07:10.696166+00
9354	AE	1000000	(0,0)	2022-09-02 16:07:10.696166+00	2022-09-02 16:07:10.696166+00
9355	AE	1000000	(0,0)	2022-09-02 16:07:10.696166+00	2022-09-02 16:07:10.696166+00
9356	AE	1000000	(0,0)	2022-09-02 16:07:10.696166+00	2022-09-02 16:07:10.696166+00
9357	AE	1000000	(0,0)	2022-09-02 16:07:10.696166+00	2022-09-02 16:07:10.696166+00
9363	AE	1000000	(0,0)	2022-09-02 16:07:10.696166+00	2022-09-02 16:07:10.696166+00
9365	AE	1000000	(0,0)	2022-09-02 16:07:10.696166+00	2022-09-02 16:07:10.696166+00
9366	AE	1000000	(0,0)	2022-09-02 16:07:10.696166+00	2022-09-02 16:07:10.696166+00
9378	AE	1000000	(0,0)	2022-09-02 16:07:10.696166+00	2022-09-02 16:07:10.696166+00
9381	AE	1000000	(0,0)	2022-09-02 16:07:10.696166+00	2022-09-02 16:07:10.696166+00
9401	AE	1000000	(0,0)	2022-09-02 16:07:10.696166+00	2022-09-02 16:07:10.696166+00
9403	AE	1000000	(0,0)	2022-09-02 16:07:10.696166+00	2022-09-02 16:07:10.696166+00
9410	AE	1000000	(0,0)	2022-09-02 16:07:10.696166+00	2022-09-02 16:07:10.696166+00
9421	AE	1000000	(0,0)	2022-09-02 16:07:10.696166+00	2022-09-02 16:07:10.696166+00
9447	AE	1000000	(0,0)	2022-09-02 16:07:10.696166+00	2022-09-02 16:07:10.696166+00
9454	AE	1000000	(0,0)	2022-09-02 16:07:10.696166+00	2022-09-02 16:07:10.696166+00
9456	AE	1000000	(0,0)	2022-09-02 16:07:10.696166+00	2022-09-02 16:07:10.696166+00
9459	AE	1000000	(0,0)	2022-09-02 16:07:10.696166+00	2022-09-02 16:07:10.696166+00
9461	AE	1000000	(0,0)	2022-09-02 16:07:10.696166+00	2022-09-02 16:07:10.696166+00
9463	AE	1000000	(0,0)	2022-09-02 16:07:10.696166+00	2022-09-02 16:07:10.696166+00
9464	AE	1000000	(0,0)	2022-09-02 16:07:10.696166+00	2022-09-02 16:07:10.696166+00
9467	AE	1000000	(0,0)	2022-09-02 16:07:10.696166+00	2022-09-02 16:07:10.696166+00
9468	AE	1000000	(0,0)	2022-09-02 16:07:10.696166+00	2022-09-02 16:07:10.696166+00
9469	AE	1000000	(0,0)	2022-09-02 16:07:10.696166+00	2022-09-02 16:07:10.696166+00
9470	AE	1000000	(0,0)	2022-09-02 16:07:10.696166+00	2022-09-02 16:07:10.696166+00
9487	AE	1000000	(0,0)	2022-09-02 16:07:10.696166+00	2022-09-02 16:07:10.696166+00
9488	AE	1000000	(0,0)	2022-09-02 16:07:10.696166+00	2022-09-02 16:07:10.696166+00
9489	AE	1000000	(0,0)	2022-09-02 16:07:10.696166+00	2022-09-02 16:07:10.696166+00
9490	AE	1000000	(0,0)	2022-09-02 16:07:10.696166+00	2022-09-02 16:07:10.696166+00
9491	AE	1000000	(0,0)	2022-09-02 16:07:10.696166+00	2022-09-02 16:07:10.696166+00
9494	AE	1000000	(0,0)	2022-09-02 16:07:10.696166+00	2022-09-02 16:07:10.696166+00
9496	AE	1000000	(0,0)	2022-09-02 16:07:10.696166+00	2022-09-02 16:07:10.696166+00
9497	AE	1000000	(0,0)	2022-09-02 16:07:10.696166+00	2022-09-02 16:07:10.696166+00
9498	AE	1000000	(0,0)	2022-09-02 16:07:10.696166+00	2022-09-02 16:07:10.696166+00
9501	AE	1000000	(0,0)	2022-09-02 16:07:10.696166+00	2022-09-02 16:07:10.696166+00
9502	AE	1000000	(0,0)	2022-09-02 16:07:10.696166+00	2022-09-02 16:07:10.696166+00
9503	AE	1000000	(0,0)	2022-09-02 16:07:10.696166+00	2022-09-02 16:07:10.696166+00
9504	AE	1000000	(0,0)	2022-09-02 16:07:10.696166+00	2022-09-02 16:07:10.696166+00
9505	AE	1000000	(0,0)	2022-09-02 16:07:10.696166+00	2022-09-02 16:07:10.696166+00
9506	AE	1000000	(0,0)	2022-09-02 16:07:10.696166+00	2022-09-02 16:07:10.696166+00
9507	AE	1000000	(0,0)	2022-09-02 16:07:10.696166+00	2022-09-02 16:07:10.696166+00
9508	AE	1000000	(0,0)	2022-09-02 16:07:10.696166+00	2022-09-02 16:07:10.696166+00
9509	AE	1000000	(0,0)	2022-09-02 16:07:10.696166+00	2022-09-02 16:07:10.696166+00
9510	AE	1000000	(0,0)	2022-09-02 16:07:10.696166+00	2022-09-02 16:07:10.696166+00
9511	AE	1000000	(0,0)	2022-09-02 16:07:10.696166+00	2022-09-02 16:07:10.696166+00
9512	AE	1000000	(0,0)	2022-09-02 16:07:10.696166+00	2022-09-02 16:07:10.696166+00
9513	AE	1000000	(0,0)	2022-09-02 16:07:10.696166+00	2022-09-02 16:07:10.696166+00
9514	AE	1000000	(0,0)	2022-09-02 16:07:10.696166+00	2022-09-02 16:07:10.696166+00
9517	AE	1000000	(0,0)	2022-09-02 16:07:10.696166+00	2022-09-02 16:07:10.696166+00
9520	AE	1000000	(0,0)	2022-09-02 16:07:10.696166+00	2022-09-02 16:07:10.696166+00
9522	AE	1000000	(0,0)	2022-09-02 16:07:10.696166+00	2022-09-02 16:07:10.696166+00
9523	AE	1000000	(0,0)	2022-09-02 16:07:10.696166+00	2022-09-02 16:07:10.696166+00
9524	AE	1000000	(0,0)	2022-09-02 16:07:10.696166+00	2022-09-02 16:07:10.696166+00
9532	AE	1000000	(0,0)	2022-09-02 16:07:10.696166+00	2022-09-02 16:07:10.696166+00
9533	AE	1000000	(0,0)	2022-09-02 16:07:10.696166+00	2022-09-02 16:07:10.696166+00
9534	AE	1000000	(0,0)	2022-09-02 16:07:10.696166+00	2022-09-02 16:07:10.696166+00
9541	AE	1000000	(0,0)	2022-09-02 16:07:10.696166+00	2022-09-02 16:07:10.696166+00
9542	AE	1000000	(0,0)	2022-09-02 16:07:10.696166+00	2022-09-02 16:07:10.696166+00
9543	AE	1000000	(0,0)	2022-09-02 16:07:10.696166+00	2022-09-02 16:07:10.696166+00
9544	AE	1000000	(0,0)	2022-09-02 16:07:10.696166+00	2022-09-02 16:07:10.696166+00
9545	AE	1000000	(0,0)	2022-09-02 16:07:10.696166+00	2022-09-02 16:07:10.696166+00
9550	AE	1000000	(0,0)	2022-09-02 16:07:10.696166+00	2022-09-02 16:07:10.696166+00
9554	AE	1000000	(0,0)	2022-09-02 16:07:10.696166+00	2022-09-02 16:07:10.696166+00
9556	AE	1000000	(0,0)	2022-09-02 16:07:10.696166+00	2022-09-02 16:07:10.696166+00
9564	AE	1000000	(0,0)	2022-09-02 16:07:10.696166+00	2022-09-02 16:07:10.696166+00
9565	AE	1000000	(0,0)	2022-09-02 16:07:10.696166+00	2022-09-02 16:07:10.696166+00
9566	AE	1000000	(0,0)	2022-09-02 16:07:10.696166+00	2022-09-02 16:07:10.696166+00
9567	AE	1000000	(0,0)	2022-09-02 16:07:10.696166+00	2022-09-02 16:07:10.696166+00
9568	AE	1000000	(0,0)	2022-09-02 16:07:10.696166+00	2022-09-02 16:07:10.696166+00
9569	AE	1000000	(0,0)	2022-09-02 16:07:10.696166+00	2022-09-02 16:07:10.696166+00
9570	AE	1000000	(0,0)	2022-09-02 16:07:10.696166+00	2022-09-02 16:07:10.696166+00
9573	AE	1000000	(0,0)	2022-09-02 16:07:10.696166+00	2022-09-02 16:07:10.696166+00
9574	AE	1000000	(0,0)	2022-09-02 16:07:10.696166+00	2022-09-02 16:07:10.696166+00
9575	AE	1000000	(0,0)	2022-09-02 16:07:10.696166+00	2022-09-02 16:07:10.696166+00
9576	AE	1000000	(0,0)	2022-09-02 16:07:10.696166+00	2022-09-02 16:07:10.696166+00
9577	AE	1000000	(0,0)	2022-09-02 16:07:10.696166+00	2022-09-02 16:07:10.696166+00
9578	AE	1000000	(0,0)	2022-09-02 16:07:10.696166+00	2022-09-02 16:07:10.696166+00
9579	AE	1000000	(0,0)	2022-09-02 16:07:10.696166+00	2022-09-02 16:07:10.696166+00
9581	AE	1000000	(0,0)	2022-09-02 16:07:10.696166+00	2022-09-02 16:07:10.696166+00
9582	AE	1000000	(0,0)	2022-09-02 16:07:10.696166+00	2022-09-02 16:07:10.696166+00
9583	AE	1000000	(0,0)	2022-09-02 16:07:10.696166+00	2022-09-02 16:07:10.696166+00
9586	AE	1000000	(0,0)	2022-09-02 16:07:10.696166+00	2022-09-02 16:07:10.696166+00
9587	AE	1000000	(0,0)	2022-09-02 16:07:10.696166+00	2022-09-02 16:07:10.696166+00
9588	AE	1000000	(0,0)	2022-09-02 16:07:10.696166+00	2022-09-02 16:07:10.696166+00
9589	AE	1000000	(0,0)	2022-09-02 16:07:10.696166+00	2022-09-02 16:07:10.696166+00
9590	AE	1000000	(0,0)	2022-09-02 16:07:10.696166+00	2022-09-02 16:07:10.696166+00
9591	AE	1000000	(0,0)	2022-09-02 16:07:10.696166+00	2022-09-02 16:07:10.696166+00
9592	AE	1000000	(0,0)	2022-09-02 16:07:10.696166+00	2022-09-02 16:07:10.696166+00
9593	AE	1000000	(0,0)	2022-09-02 16:07:10.696166+00	2022-09-02 16:07:10.696166+00
9594	AE	1000000	(0,0)	2022-09-02 16:07:10.696166+00	2022-09-02 16:07:10.696166+00
9595	AE	1000000	(0,0)	2022-09-02 16:07:10.696166+00	2022-09-02 16:07:10.696166+00
9596	AE	1000000	(0,0)	2022-09-02 16:07:10.696166+00	2022-09-02 16:07:10.696166+00
9599	AE	1000000	(0,0)	2022-09-02 16:07:10.696166+00	2022-09-02 16:07:10.696166+00
9600	AE	1000000	(0,0)	2022-09-02 16:07:10.696166+00	2022-09-02 16:07:10.696166+00
9601	AE	1000000	(0,0)	2022-09-02 16:07:10.696166+00	2022-09-02 16:07:10.696166+00
9602	AE	1000000	(0,0)	2022-09-02 16:07:10.696166+00	2022-09-02 16:07:10.696166+00
9603	AE	1000000	(0,0)	2022-09-02 16:07:10.696166+00	2022-09-02 16:07:10.696166+00
9604	AE	1000000	(0,0)	2022-09-02 16:07:10.696166+00	2022-09-02 16:07:10.696166+00
9605	AE	1000000	(0,0)	2022-09-02 16:07:10.696166+00	2022-09-02 16:07:10.696166+00
9606	AE	1000000	(0,0)	2022-09-02 16:07:10.696166+00	2022-09-02 16:07:10.696166+00
9607	AE	1000000	(0,0)	2022-09-02 16:07:10.696166+00	2022-09-02 16:07:10.696166+00
9608	AE	1000000	(0,0)	2022-09-02 16:07:10.696166+00	2022-09-02 16:07:10.696166+00
9609	AE	1000000	(0,0)	2022-09-02 16:07:10.696166+00	2022-09-02 16:07:10.696166+00
9610	AE	1000000	(0,0)	2022-09-02 16:07:10.696166+00	2022-09-02 16:07:10.696166+00
9613	AE	1000000	(0,0)	2022-09-02 16:07:10.696166+00	2022-09-02 16:07:10.696166+00
9614	AE	1000000	(0,0)	2022-09-02 16:07:10.696166+00	2022-09-02 16:07:10.696166+00
9617	AE	1000000	(0,0)	2022-09-02 16:07:10.696166+00	2022-09-02 16:07:10.696166+00
9618	AE	1000000	(0,0)	2022-09-02 16:07:10.696166+00	2022-09-02 16:07:10.696166+00
9620	AE	1000000	(0,0)	2022-09-02 16:07:10.696166+00	2022-09-02 16:07:10.696166+00
9621	AE	1000000	(0,0)	2022-09-02 16:07:10.696166+00	2022-09-02 16:07:10.696166+00
9622	AE	1000000	(0,0)	2022-09-02 16:07:10.696166+00	2022-09-02 16:07:10.696166+00
9623	AE	1000000	(0,0)	2022-09-02 16:07:10.696166+00	2022-09-02 16:07:10.696166+00
9624	AE	1000000	(0,0)	2022-09-02 16:07:10.696166+00	2022-09-02 16:07:10.696166+00
9625	AE	1000000	(0,0)	2022-09-02 16:07:10.696166+00	2022-09-02 16:07:10.696166+00
9626	AE	1000000	(0,0)	2022-09-02 16:07:10.696166+00	2022-09-02 16:07:10.696166+00
9627	AE	1000000	(0,0)	2022-09-02 16:07:10.696166+00	2022-09-02 16:07:10.696166+00
9630	AE	1000000	(0,0)	2022-09-02 16:07:10.696166+00	2022-09-02 16:07:10.696166+00
9631	AE	1000000	(0,0)	2022-09-02 16:07:10.696166+00	2022-09-02 16:07:10.696166+00
9633	AE	1000000	(0,0)	2022-09-02 16:07:10.696166+00	2022-09-02 16:07:10.696166+00
9634	AE	1000000	(0,0)	2022-09-02 16:07:10.696166+00	2022-09-02 16:07:10.696166+00
9636	AE	1000000	(0,0)	2022-09-02 16:07:10.696166+00	2022-09-02 16:07:10.696166+00
9642	AE	1000000	(0,0)	2022-09-02 16:07:10.696166+00	2022-09-02 16:07:10.696166+00
9643	AE	1000000	(0,0)	2022-09-02 16:07:10.696166+00	2022-09-02 16:07:10.696166+00
9645	AE	1000000	(0,0)	2022-09-02 16:07:10.696166+00	2022-09-02 16:07:10.696166+00
9647	AE	1000000	(0,0)	2022-09-02 16:07:10.696166+00	2022-09-02 16:07:10.696166+00
9648	AE	1000000	(0,0)	2022-09-02 16:07:10.696166+00	2022-09-02 16:07:10.696166+00
9649	AE	1000000	(0,0)	2022-09-02 16:07:10.696166+00	2022-09-02 16:07:10.696166+00
9701	AE	1000000	(0,0)	2022-09-02 16:07:10.696166+00	2022-09-02 16:07:10.696166+00
9702	AE	1000000	(0,0)	2022-09-02 16:07:10.696166+00	2022-09-02 16:07:10.696166+00
9703	AE	1000000	(0,0)	2022-09-02 16:07:10.696166+00	2022-09-02 16:07:10.696166+00
9704	AE	1000000	(0,0)	2022-09-02 16:07:10.696166+00	2022-09-02 16:07:10.696166+00
9705	AE	1000000	(0,0)	2022-09-02 16:07:10.696166+00	2022-09-02 16:07:10.696166+00
9706	AE	1000000	(0,0)	2022-09-02 16:07:10.696166+00	2022-09-02 16:07:10.696166+00
9707	AE	1000000	(0,0)	2022-09-02 16:07:10.696166+00	2022-09-02 16:07:10.696166+00
9708	AE	1000000	(0,0)	2022-09-02 16:07:10.696166+00	2022-09-02 16:07:10.696166+00
9709	AE	1000000	(0,0)	2022-09-02 16:07:10.696166+00	2022-09-02 16:07:10.696166+00
9710	AE	1000000	(0,0)	2022-09-02 16:07:10.696166+00	2022-09-02 16:07:10.696166+00
9711	AE	1000000	(0,0)	2022-09-02 16:07:10.696166+00	2022-09-02 16:07:10.696166+00
9712	AE	1000000	(0,0)	2022-09-02 16:07:10.696166+00	2022-09-02 16:07:10.696166+00
9714	AE	1000000	(0,0)	2022-09-02 16:07:10.696166+00	2022-09-02 16:07:10.696166+00
9715	AE	1000000	(0,0)	2022-09-02 16:07:10.696166+00	2022-09-02 16:07:10.696166+00
9716	AE	1000000	(0,0)	2022-09-02 16:07:10.696166+00	2022-09-02 16:07:10.696166+00
9717	AE	1000000	(0,0)	2022-09-02 16:07:10.696166+00	2022-09-02 16:07:10.696166+00
9718	AE	1000000	(0,0)	2022-09-02 16:07:10.696166+00	2022-09-02 16:07:10.696166+00
9719	AE	1000000	(0,0)	2022-09-02 16:07:10.696166+00	2022-09-02 16:07:10.696166+00
9720	AE	1000000	(0,0)	2022-09-02 16:07:10.696166+00	2022-09-02 16:07:10.696166+00
9722	AE	1000000	(0,0)	2022-09-02 16:07:10.696166+00	2022-09-02 16:07:10.696166+00
9723	AE	1000000	(0,0)	2022-09-02 16:07:10.696166+00	2022-09-02 16:07:10.696166+00
9724	AE	1000000	(0,0)	2022-09-02 16:07:10.696166+00	2022-09-02 16:07:10.696166+00
9725	AE	1000000	(0,0)	2022-09-02 16:07:10.696166+00	2022-09-02 16:07:10.696166+00
9726	AE	1000000	(0,0)	2022-09-02 16:07:10.696166+00	2022-09-02 16:07:10.696166+00
9727	AE	1000000	(0,0)	2022-09-02 16:07:10.696166+00	2022-09-02 16:07:10.696166+00
9728	AE	1000000	(0,0)	2022-09-02 16:07:10.696166+00	2022-09-02 16:07:10.696166+00
9729	AE	1000000	(0,0)	2022-09-02 16:07:10.696166+00	2022-09-02 16:07:10.696166+00
9730	AE	1000000	(0,0)	2022-09-02 16:07:10.696166+00	2022-09-02 16:07:10.696166+00
9731	AE	1000000	(0,0)	2022-09-02 16:07:10.696166+00	2022-09-02 16:07:10.696166+00
9732	AE	1000000	(0,0)	2022-09-02 16:07:10.696166+00	2022-09-02 16:07:10.696166+00
9733	AE	1000000	(0,0)	2022-09-02 16:07:10.696166+00	2022-09-02 16:07:10.696166+00
9734	AE	1000000	(0,0)	2022-09-02 16:07:10.696166+00	2022-09-02 16:07:10.696166+00
9735	AE	1000000	(0,0)	2022-09-02 16:07:10.696166+00	2022-09-02 16:07:10.696166+00
9736	AE	1000000	(0,0)	2022-09-02 16:07:10.696166+00	2022-09-02 16:07:10.696166+00
9737	AE	1000000	(0,0)	2022-09-02 16:07:10.696166+00	2022-09-02 16:07:10.696166+00
9738	AE	1000000	(0,0)	2022-09-02 16:07:10.696166+00	2022-09-02 16:07:10.696166+00
9739	AE	1000000	(0,0)	2022-09-02 16:07:10.696166+00	2022-09-02 16:07:10.696166+00
9741	AE	1000000	(0,0)	2022-09-02 16:07:10.696166+00	2022-09-02 16:07:10.696166+00
9742	AE	1000000	(0,0)	2022-09-02 16:07:10.696166+00	2022-09-02 16:07:10.696166+00
9743	AE	1000000	(0,0)	2022-09-02 16:07:10.696166+00	2022-09-02 16:07:10.696166+00
9744	AE	1000000	(0,0)	2022-09-02 16:07:10.696166+00	2022-09-02 16:07:10.696166+00
9745	AE	1000000	(0,0)	2022-09-02 16:07:10.696166+00	2022-09-02 16:07:10.696166+00
9748	AE	1000000	(0,0)	2022-09-02 16:07:10.696166+00	2022-09-02 16:07:10.696166+00
9749	AE	1000000	(0,0)	2022-09-02 16:07:10.696166+00	2022-09-02 16:07:10.696166+00
9750	AE	1000000	(0,0)	2022-09-02 16:07:10.696166+00	2022-09-02 16:07:10.696166+00
9751	AE	1000000	(0,0)	2022-09-02 16:07:10.696166+00	2022-09-02 16:07:10.696166+00
9752	AE	1000000	(0,0)	2022-09-02 16:07:10.696166+00	2022-09-02 16:07:10.696166+00
9753	AE	1000000	(0,0)	2022-09-02 16:07:10.696166+00	2022-09-02 16:07:10.696166+00
9754	AE	1000000	(0,0)	2022-09-02 16:07:10.696166+00	2022-09-02 16:07:10.696166+00
9755	AE	1000000	(0,0)	2022-09-02 16:07:10.696166+00	2022-09-02 16:07:10.696166+00
9756	AE	1000000	(0,0)	2022-09-02 16:07:10.696166+00	2022-09-02 16:07:10.696166+00
9758	AE	1000000	(0,0)	2022-09-02 16:07:10.696166+00	2022-09-02 16:07:10.696166+00
9759	AE	1000000	(0,0)	2022-09-02 16:07:10.696166+00	2022-09-02 16:07:10.696166+00
9760	AE	1000000	(0,0)	2022-09-02 16:07:10.696166+00	2022-09-02 16:07:10.696166+00
9761	AE	1000000	(0,0)	2022-09-02 16:07:10.696166+00	2022-09-02 16:07:10.696166+00
9762	AE	1000000	(0,0)	2022-09-02 16:07:10.696166+00	2022-09-02 16:07:10.696166+00
9769	AE	1000000	(0,0)	2022-09-02 16:07:10.696166+00	2022-09-02 16:07:10.696166+00
9777	AE	1000000	(0,0)	2022-09-02 16:07:10.696166+00	2022-09-02 16:07:10.696166+00
9780	AE	1000000	(0,0)	2022-09-02 16:07:10.696166+00	2022-09-02 16:07:10.696166+00
9789	AE	1000000	(0,0)	2022-09-02 16:07:10.696166+00	2022-09-02 16:07:10.696166+00
9800	AE	1000000	(0,0)	2022-09-02 16:07:10.696166+00	2022-09-02 16:07:10.696166+00
9801	AE	1000000	(0,0)	2022-09-02 16:07:10.696166+00	2022-09-02 16:07:10.696166+00
9802	AE	1000000	(0,0)	2022-09-02 16:07:10.696166+00	2022-09-02 16:07:10.696166+00
9803	AE	1000000	(0,0)	2022-09-02 16:07:10.696166+00	2022-09-02 16:07:10.696166+00
9804	AE	1000000	(0,0)	2022-09-02 16:07:10.696166+00	2022-09-02 16:07:10.696166+00
9805	AE	1000000	(0,0)	2022-09-02 16:07:10.696166+00	2022-09-02 16:07:10.696166+00
9806	AE	1000000	(0,0)	2022-09-02 16:07:10.696166+00	2022-09-02 16:07:10.696166+00
9807	AE	1000000	(0,0)	2022-09-02 16:07:10.696166+00	2022-09-02 16:07:10.696166+00
9808	AE	1000000	(0,0)	2022-09-02 16:07:10.696166+00	2022-09-02 16:07:10.696166+00
9809	AE	1000000	(0,0)	2022-09-02 16:07:10.696166+00	2022-09-02 16:07:10.696166+00
9810	AE	1000000	(0,0)	2022-09-02 16:07:10.696166+00	2022-09-02 16:07:10.696166+00
9811	AE	1000000	(0,0)	2022-09-02 16:07:10.696166+00	2022-09-02 16:07:10.696166+00
9812	AE	1000000	(0,0)	2022-09-02 16:07:10.696166+00	2022-09-02 16:07:10.696166+00
9813	AE	1000000	(0,0)	2022-09-02 16:07:10.696166+00	2022-09-02 16:07:10.696166+00
9814	AE	1000000	(0,0)	2022-09-02 16:07:10.696166+00	2022-09-02 16:07:10.696166+00
9815	AE	1000000	(0,0)	2022-09-02 16:07:10.696166+00	2022-09-02 16:07:10.696166+00
9816	AE	1000000	(0,0)	2022-09-02 16:07:10.696166+00	2022-09-02 16:07:10.696166+00
9817	AE	1000000	(0,0)	2022-09-02 16:07:10.696166+00	2022-09-02 16:07:10.696166+00
9818	AE	1000000	(0,0)	2022-09-02 16:07:10.696166+00	2022-09-02 16:07:10.696166+00
9820	AE	1000000	(0,0)	2022-09-02 16:07:10.696166+00	2022-09-02 16:07:10.696166+00
9821	AE	1000000	(0,0)	2022-09-02 16:07:10.696166+00	2022-09-02 16:07:10.696166+00
9822	AE	1000000	(0,0)	2022-09-02 16:07:10.696166+00	2022-09-02 16:07:10.696166+00
9823	AE	1000000	(0,0)	2022-09-02 16:07:10.696166+00	2022-09-02 16:07:10.696166+00
9824	AE	1000000	(0,0)	2022-09-02 16:07:10.696166+00	2022-09-02 16:07:10.696166+00
9825	AE	1000000	(0,0)	2022-09-02 16:07:10.696166+00	2022-09-02 16:07:10.696166+00
9826	AE	1000000	(0,0)	2022-09-02 16:07:10.696166+00	2022-09-02 16:07:10.696166+00
9827	AE	1000000	(0,0)	2022-09-02 16:07:10.696166+00	2022-09-02 16:07:10.696166+00
9828	AE	1000000	(0,0)	2022-09-02 16:07:10.696166+00	2022-09-02 16:07:10.696166+00
9829	AE	1000000	(0,0)	2022-09-02 16:07:10.696166+00	2022-09-02 16:07:10.696166+00
9830	AE	1000000	(0,0)	2022-09-02 16:07:10.696166+00	2022-09-02 16:07:10.696166+00
9831	AE	1000000	(0,0)	2022-09-02 16:07:10.696166+00	2022-09-02 16:07:10.696166+00
9832	AE	1000000	(0,0)	2022-09-02 16:07:10.696166+00	2022-09-02 16:07:10.696166+00
9833	AE	1000000	(0,0)	2022-09-02 16:07:10.696166+00	2022-09-02 16:07:10.696166+00
9834	AE	1000000	(0,0)	2022-09-02 16:07:10.696166+00	2022-09-02 16:07:10.696166+00
9836	AE	1000000	(0,0)	2022-09-02 16:07:10.696166+00	2022-09-02 16:07:10.696166+00
9837	AE	1000000	(0,0)	2022-09-02 16:07:10.696166+00	2022-09-02 16:07:10.696166+00
9838	AE	1000000	(0,0)	2022-09-02 16:07:10.696166+00	2022-09-02 16:07:10.696166+00
9839	AE	1000000	(0,0)	2022-09-02 16:07:10.696166+00	2022-09-02 16:07:10.696166+00
9841	AE	1000000	(0,0)	2022-09-02 16:07:10.696166+00	2022-09-02 16:07:10.696166+00
9842	AE	1000000	(0,0)	2022-09-02 16:07:10.696166+00	2022-09-02 16:07:10.696166+00
9844	AE	1000000	(0,0)	2022-09-02 16:07:10.696166+00	2022-09-02 16:07:10.696166+00
9845	AE	1000000	(0,0)	2022-09-02 16:07:10.696166+00	2022-09-02 16:07:10.696166+00
9846	AE	1000000	(0,0)	2022-09-02 16:07:10.696166+00	2022-09-02 16:07:10.696166+00
9847	AE	1000000	(0,0)	2022-09-02 16:07:10.696166+00	2022-09-02 16:07:10.696166+00
9848	AE	1000000	(0,0)	2022-09-02 16:07:10.696166+00	2022-09-02 16:07:10.696166+00
9851	AE	1000000	(0,0)	2022-09-02 16:07:10.696166+00	2022-09-02 16:07:10.696166+00
9852	AE	1000000	(0,0)	2022-09-02 16:07:10.696166+00	2022-09-02 16:07:10.696166+00
9853	AE	1000000	(0,0)	2022-09-02 16:07:10.696166+00	2022-09-02 16:07:10.696166+00
9854	AE	1000000	(0,0)	2022-09-02 16:07:10.696166+00	2022-09-02 16:07:10.696166+00
9855	AE	1000000	(0,0)	2022-09-02 16:07:10.696166+00	2022-09-02 16:07:10.696166+00
9856	AE	1000000	(0,0)	2022-09-02 16:07:10.696166+00	2022-09-02 16:07:10.696166+00
9857	AE	1000000	(0,0)	2022-09-02 16:07:10.696166+00	2022-09-02 16:07:10.696166+00
9858	AE	1000000	(0,0)	2022-09-02 16:07:10.696166+00	2022-09-02 16:07:10.696166+00
9859	AE	1000000	(0,0)	2022-09-02 16:07:10.696166+00	2022-09-02 16:07:10.696166+00
9860	AE	1000000	(0,0)	2022-09-02 16:07:10.696166+00	2022-09-02 16:07:10.696166+00
9861	AE	1000000	(0,0)	2022-09-02 16:07:10.696166+00	2022-09-02 16:07:10.696166+00
9862	AE	1000000	(0,0)	2022-09-02 16:07:10.696166+00	2022-09-02 16:07:10.696166+00
9863	AE	1000000	(0,0)	2022-09-02 16:07:10.696166+00	2022-09-02 16:07:10.696166+00
9864	AE	1000000	(0,0)	2022-09-02 16:07:10.696166+00	2022-09-02 16:07:10.696166+00
9865	AE	1000000	(0,0)	2022-09-02 16:07:10.696166+00	2022-09-02 16:07:10.696166+00
9867	AE	1000000	(0,0)	2022-09-02 16:07:10.696166+00	2022-09-02 16:07:10.696166+00
9868	AE	1000000	(0,0)	2022-09-02 16:07:10.696166+00	2022-09-02 16:07:10.696166+00
9869	AE	1000000	(0,0)	2022-09-02 16:07:10.696166+00	2022-09-02 16:07:10.696166+00
9870	AE	1000000	(0,0)	2022-09-02 16:07:10.696166+00	2022-09-02 16:07:10.696166+00
9873	AE	1000000	(0,0)	2022-09-02 16:07:10.696166+00	2022-09-02 16:07:10.696166+00
9874	AE	1000000	(0,0)	2022-09-02 16:07:10.696166+00	2022-09-02 16:07:10.696166+00
9875	AE	1000000	(0,0)	2022-09-02 16:07:10.696166+00	2022-09-02 16:07:10.696166+00
9876	AE	1000000	(0,0)	2022-09-02 16:07:10.696166+00	2022-09-02 16:07:10.696166+00
9877	AE	1000000	(0,0)	2022-09-02 16:07:10.696166+00	2022-09-02 16:07:10.696166+00
9880	AE	1000000	(0,0)	2022-09-02 16:07:10.696166+00	2022-09-02 16:07:10.696166+00
9890	AE	1000000	(0,0)	2022-09-02 16:07:10.696166+00	2022-09-02 16:07:10.696166+00
9892	AE	1000000	(0,0)	2022-09-02 16:07:10.696166+00	2022-09-02 16:07:10.696166+00
9895	AE	1000000	(0,0)	2022-09-02 16:07:10.696166+00	2022-09-02 16:07:10.696166+00
9898	AE	1000000	(0,0)	2022-09-02 16:07:10.696166+00	2022-09-02 16:07:10.696166+00
9901	AE	1000000	(0,0)	2022-09-02 16:07:10.696166+00	2022-09-02 16:07:10.696166+00
9902	AE	1000000	(0,0)	2022-09-02 16:07:10.696166+00	2022-09-02 16:07:10.696166+00
9903	AE	1000000	(0,0)	2022-09-02 16:07:10.696166+00	2022-09-02 16:07:10.696166+00
9904	AE	1000000	(0,0)	2022-09-02 16:07:10.696166+00	2022-09-02 16:07:10.696166+00
9908	AE	1000000	(0,0)	2022-09-02 16:07:10.696166+00	2022-09-02 16:07:10.696166+00
9909	AE	1000000	(0,0)	2022-09-02 16:07:10.696166+00	2022-09-02 16:07:10.696166+00
9910	AE	1000000	(0,0)	2022-09-02 16:07:10.696166+00	2022-09-02 16:07:10.696166+00
9974	AE	1000000	(0,0)	2022-09-02 16:07:10.696166+00	2022-09-02 16:07:10.696166+00
9975	AE	1000000	(0,0)	2022-09-02 16:07:10.696166+00	2022-09-02 16:07:10.696166+00
9976	AE	1000000	(0,0)	2022-09-02 16:07:10.696166+00	2022-09-02 16:07:10.696166+00
9977	AE	1000000	(0,0)	2022-09-02 16:07:10.696166+00	2022-09-02 16:07:10.696166+00
34001	AA	1000000	(0,0)	2022-09-02 16:07:10.696166+00	2022-09-02 16:07:10.696166+00
34002	AA	1000000	(0,0)	2022-09-02 16:07:10.696166+00	2022-09-02 16:07:10.696166+00
34004	AA	1000000	(0,0)	2022-09-02 16:07:10.696166+00	2022-09-02 16:07:10.696166+00
34007	AA	1000000	(0,0)	2022-09-02 16:07:10.696166+00	2022-09-02 16:07:10.696166+00
34008	AA	1000000	(0,0)	2022-09-02 16:07:10.696166+00	2022-09-02 16:07:10.696166+00
34011	AA	1000000	(0,0)	2022-09-02 16:07:10.696166+00	2022-09-02 16:07:10.696166+00
34020	AA	1000000	(0,0)	2022-09-02 16:07:10.696166+00	2022-09-02 16:07:10.696166+00
34021	AA	1000000	(0,0)	2022-09-02 16:07:10.696166+00	2022-09-02 16:07:10.696166+00
34022	AA	1000000	(0,0)	2022-09-02 16:07:10.696166+00	2022-09-02 16:07:10.696166+00
34023	AA	1000000	(0,0)	2022-09-02 16:07:10.696166+00	2022-09-02 16:07:10.696166+00
34024	AA	1000000	(0,0)	2022-09-02 16:07:10.696166+00	2022-09-02 16:07:10.696166+00
34025	AA	1000000	(0,0)	2022-09-02 16:07:10.696166+00	2022-09-02 16:07:10.696166+00
34030	AA	1000000	(0,0)	2022-09-02 16:07:10.696166+00	2022-09-02 16:07:10.696166+00
34031	AA	1000000	(0,0)	2022-09-02 16:07:10.696166+00	2022-09-02 16:07:10.696166+00
34032	AA	1000000	(0,0)	2022-09-02 16:07:10.696166+00	2022-09-02 16:07:10.696166+00
34033	AA	1000000	(0,0)	2022-09-02 16:07:10.696166+00	2022-09-02 16:07:10.696166+00
34034	AA	1000000	(0,0)	2022-09-02 16:07:10.696166+00	2022-09-02 16:07:10.696166+00
34035	AA	1000000	(0,0)	2022-09-02 16:07:10.696166+00	2022-09-02 16:07:10.696166+00
34036	AA	1000000	(0,0)	2022-09-02 16:07:10.696166+00	2022-09-02 16:07:10.696166+00
34037	AA	1000000	(0,0)	2022-09-02 16:07:10.696166+00	2022-09-02 16:07:10.696166+00
34038	AA	1000000	(0,0)	2022-09-02 16:07:10.696166+00	2022-09-02 16:07:10.696166+00
34039	AA	1000000	(0,0)	2022-09-02 16:07:10.696166+00	2022-09-02 16:07:10.696166+00
34041	AA	1000000	(0,0)	2022-09-02 16:07:10.696166+00	2022-09-02 16:07:10.696166+00
34042	AA	1000000	(0,0)	2022-09-02 16:07:10.696166+00	2022-09-02 16:07:10.696166+00
34044	AA	1000000	(0,0)	2022-09-02 16:07:10.696166+00	2022-09-02 16:07:10.696166+00
34050	AA	1000000	(0,0)	2022-09-02 16:07:10.696166+00	2022-09-02 16:07:10.696166+00
34051	AA	1000000	(0,0)	2022-09-02 16:07:10.696166+00	2022-09-02 16:07:10.696166+00
34052	AA	1000000	(0,0)	2022-09-02 16:07:10.696166+00	2022-09-02 16:07:10.696166+00
34053	AA	1000000	(0,0)	2022-09-02 16:07:10.696166+00	2022-09-02 16:07:10.696166+00
34054	AA	1000000	(0,0)	2022-09-02 16:07:10.696166+00	2022-09-02 16:07:10.696166+00
34055	AA	1000000	(0,0)	2022-09-02 16:07:10.696166+00	2022-09-02 16:07:10.696166+00
34058	AA	1000000	(0,0)	2022-09-02 16:07:10.696166+00	2022-09-02 16:07:10.696166+00
34060	AA	1000000	(0,0)	2022-09-02 16:07:10.696166+00	2022-09-02 16:07:10.696166+00
34066	AA	1000000	(0,0)	2022-09-02 16:07:10.696166+00	2022-09-02 16:07:10.696166+00
34067	AA	1000000	(0,0)	2022-09-02 16:07:10.696166+00	2022-09-02 16:07:10.696166+00
34068	AA	1000000	(0,0)	2022-09-02 16:07:10.696166+00	2022-09-02 16:07:10.696166+00
34069	AA	1000000	(0,0)	2022-09-02 16:07:10.696166+00	2022-09-02 16:07:10.696166+00
34078	AA	1000000	(0,0)	2022-09-02 16:07:10.696166+00	2022-09-02 16:07:10.696166+00
34080	AA	1000000	(0,0)	2022-09-02 16:07:10.696166+00	2022-09-02 16:07:10.696166+00
34081	AA	1000000	(0,0)	2022-09-02 16:07:10.696166+00	2022-09-02 16:07:10.696166+00
34082	AA	1000000	(0,0)	2022-09-02 16:07:10.696166+00	2022-09-02 16:07:10.696166+00
34083	AA	1000000	(0,0)	2022-09-02 16:07:10.696166+00	2022-09-02 16:07:10.696166+00
34084	AA	1000000	(0,0)	2022-09-02 16:07:10.696166+00	2022-09-02 16:07:10.696166+00
34085	AA	1000000	(0,0)	2022-09-02 16:07:10.696166+00	2022-09-02 16:07:10.696166+00
34086	AA	1000000	(0,0)	2022-09-02 16:07:10.696166+00	2022-09-02 16:07:10.696166+00
34087	AA	1000000	(0,0)	2022-09-02 16:07:10.696166+00	2022-09-02 16:07:10.696166+00
34088	AA	1000000	(0,0)	2022-09-02 16:07:10.696166+00	2022-09-02 16:07:10.696166+00
34089	AA	1000000	(0,0)	2022-09-02 16:07:10.696166+00	2022-09-02 16:07:10.696166+00
34090	AA	1000000	(0,0)	2022-09-02 16:07:10.696166+00	2022-09-02 16:07:10.696166+00
34091	AA	1000000	(0,0)	2022-09-02 16:07:10.696166+00	2022-09-02 16:07:10.696166+00
34092	AA	1000000	(0,0)	2022-09-02 16:07:10.696166+00	2022-09-02 16:07:10.696166+00
34093	AA	1000000	(0,0)	2022-09-02 16:07:10.696166+00	2022-09-02 16:07:10.696166+00
34094	AA	1000000	(0,0)	2022-09-02 16:07:10.696166+00	2022-09-02 16:07:10.696166+00
34095	AA	1000000	(0,0)	2022-09-02 16:07:10.696166+00	2022-09-02 16:07:10.696166+00
96201	AP	1000000	(0,0)	2022-09-02 16:07:10.696166+00	2022-09-02 16:07:10.696166+00
96202	AP	1000000	(0,0)	2022-09-02 16:07:10.696166+00	2022-09-02 16:07:10.696166+00
96203	AP	1000000	(0,0)	2022-09-02 16:07:10.696166+00	2022-09-02 16:07:10.696166+00
96204	AP	1000000	(0,0)	2022-09-02 16:07:10.696166+00	2022-09-02 16:07:10.696166+00
96205	AP	1000000	(0,0)	2022-09-02 16:07:10.696166+00	2022-09-02 16:07:10.696166+00
96206	AP	1000000	(0,0)	2022-09-02 16:07:10.696166+00	2022-09-02 16:07:10.696166+00
96207	AP	1000000	(0,0)	2022-09-02 16:07:10.696166+00	2022-09-02 16:07:10.696166+00
96208	AP	1000000	(0,0)	2022-09-02 16:07:10.696166+00	2022-09-02 16:07:10.696166+00
96209	AP	1000000	(0,0)	2022-09-02 16:07:10.696166+00	2022-09-02 16:07:10.696166+00
96210	AP	1000000	(0,0)	2022-09-02 16:07:10.696166+00	2022-09-02 16:07:10.696166+00
96212	AP	1000000	(0,0)	2022-09-02 16:07:10.696166+00	2022-09-02 16:07:10.696166+00
96213	AP	1000000	(0,0)	2022-09-02 16:07:10.696166+00	2022-09-02 16:07:10.696166+00
96214	AP	1000000	(0,0)	2022-09-02 16:07:10.696166+00	2022-09-02 16:07:10.696166+00
96218	AP	1000000	(0,0)	2022-09-02 16:07:10.696166+00	2022-09-02 16:07:10.696166+00
96224	AP	1000000	(0,0)	2022-09-02 16:07:10.696166+00	2022-09-02 16:07:10.696166+00
96251	AP	1000000	(0,0)	2022-09-02 16:07:10.696166+00	2022-09-02 16:07:10.696166+00
96257	AP	1000000	(0,0)	2022-09-02 16:07:10.696166+00	2022-09-02 16:07:10.696166+00
96258	AP	1000000	(0,0)	2022-09-02 16:07:10.696166+00	2022-09-02 16:07:10.696166+00
96260	AP	1000000	(0,0)	2022-09-02 16:07:10.696166+00	2022-09-02 16:07:10.696166+00
96262	AP	1000000	(0,0)	2022-09-02 16:07:10.696166+00	2022-09-02 16:07:10.696166+00
96264	AP	1000000	(0,0)	2022-09-02 16:07:10.696166+00	2022-09-02 16:07:10.696166+00
96266	AP	1000000	(0,0)	2022-09-02 16:07:10.696166+00	2022-09-02 16:07:10.696166+00
96267	AP	1000000	(0,0)	2022-09-02 16:07:10.696166+00	2022-09-02 16:07:10.696166+00
96269	AP	1000000	(0,0)	2022-09-02 16:07:10.696166+00	2022-09-02 16:07:10.696166+00
96271	AP	1000000	(0,0)	2022-09-02 16:07:10.696166+00	2022-09-02 16:07:10.696166+00
96273	AP	1000000	(0,0)	2022-09-02 16:07:10.696166+00	2022-09-02 16:07:10.696166+00
96275	AP	1000000	(0,0)	2022-09-02 16:07:10.696166+00	2022-09-02 16:07:10.696166+00
96276	AP	1000000	(0,0)	2022-09-02 16:07:10.696166+00	2022-09-02 16:07:10.696166+00
96278	AP	1000000	(0,0)	2022-09-02 16:07:10.696166+00	2022-09-02 16:07:10.696166+00
96283	AP	1000000	(0,0)	2022-09-02 16:07:10.696166+00	2022-09-02 16:07:10.696166+00
96284	AP	1000000	(0,0)	2022-09-02 16:07:10.696166+00	2022-09-02 16:07:10.696166+00
96297	AP	1000000	(0,0)	2022-09-02 16:07:10.696166+00	2022-09-02 16:07:10.696166+00
96301	AP	1000000	(0,0)	2022-09-02 16:07:10.696166+00	2022-09-02 16:07:10.696166+00
96303	AP	1000000	(0,0)	2022-09-02 16:07:10.696166+00	2022-09-02 16:07:10.696166+00
96306	AP	1000000	(0,0)	2022-09-02 16:07:10.696166+00	2022-09-02 16:07:10.696166+00
96309	AP	1000000	(0,0)	2022-09-02 16:07:10.696166+00	2022-09-02 16:07:10.696166+00
96310	AP	1000000	(0,0)	2022-09-02 16:07:10.696166+00	2022-09-02 16:07:10.696166+00
96311	AP	1000000	(0,0)	2022-09-02 16:07:10.696166+00	2022-09-02 16:07:10.696166+00
96315	AP	1000000	(0,0)	2022-09-02 16:07:10.696166+00	2022-09-02 16:07:10.696166+00
96319	AP	1000000	(0,0)	2022-09-02 16:07:10.696166+00	2022-09-02 16:07:10.696166+00
96321	AP	1000000	(0,0)	2022-09-02 16:07:10.696166+00	2022-09-02 16:07:10.696166+00
96322	AP	1000000	(0,0)	2022-09-02 16:07:10.696166+00	2022-09-02 16:07:10.696166+00
96323	AP	1000000	(0,0)	2022-09-02 16:07:10.696166+00	2022-09-02 16:07:10.696166+00
96326	AP	1000000	(0,0)	2022-09-02 16:07:10.696166+00	2022-09-02 16:07:10.696166+00
96328	AP	1000000	(0,0)	2022-09-02 16:07:10.696166+00	2022-09-02 16:07:10.696166+00
96330	AP	1000000	(0,0)	2022-09-02 16:07:10.696166+00	2022-09-02 16:07:10.696166+00
96331	AP	1000000	(0,0)	2022-09-02 16:07:10.696166+00	2022-09-02 16:07:10.696166+00
96336	AP	1000000	(0,0)	2022-09-02 16:07:10.696166+00	2022-09-02 16:07:10.696166+00
96337	AP	1000000	(0,0)	2022-09-02 16:07:10.696166+00	2022-09-02 16:07:10.696166+00
96338	AP	1000000	(0,0)	2022-09-02 16:07:10.696166+00	2022-09-02 16:07:10.696166+00
96339	AP	1000000	(0,0)	2022-09-02 16:07:10.696166+00	2022-09-02 16:07:10.696166+00
96343	AP	1000000	(0,0)	2022-09-02 16:07:10.696166+00	2022-09-02 16:07:10.696166+00
96346	AP	1000000	(0,0)	2022-09-02 16:07:10.696166+00	2022-09-02 16:07:10.696166+00
96347	AP	1000000	(0,0)	2022-09-02 16:07:10.696166+00	2022-09-02 16:07:10.696166+00
96349	AP	1000000	(0,0)	2022-09-02 16:07:10.696166+00	2022-09-02 16:07:10.696166+00
96350	AP	1000000	(0,0)	2022-09-02 16:07:10.696166+00	2022-09-02 16:07:10.696166+00
96351	AP	1000000	(0,0)	2022-09-02 16:07:10.696166+00	2022-09-02 16:07:10.696166+00
96362	AP	1000000	(0,0)	2022-09-02 16:07:10.696166+00	2022-09-02 16:07:10.696166+00
96365	AP	1000000	(0,0)	2022-09-02 16:07:10.696166+00	2022-09-02 16:07:10.696166+00
96367	AP	1000000	(0,0)	2022-09-02 16:07:10.696166+00	2022-09-02 16:07:10.696166+00
96368	AP	1000000	(0,0)	2022-09-02 16:07:10.696166+00	2022-09-02 16:07:10.696166+00
96370	AP	1000000	(0,0)	2022-09-02 16:07:10.696166+00	2022-09-02 16:07:10.696166+00
96371	AP	1000000	(0,0)	2022-09-02 16:07:10.696166+00	2022-09-02 16:07:10.696166+00
96372	AP	1000000	(0,0)	2022-09-02 16:07:10.696166+00	2022-09-02 16:07:10.696166+00
96373	AP	1000000	(0,0)	2022-09-02 16:07:10.696166+00	2022-09-02 16:07:10.696166+00
96374	AP	1000000	(0,0)	2022-09-02 16:07:10.696166+00	2022-09-02 16:07:10.696166+00
96375	AP	1000000	(0,0)	2022-09-02 16:07:10.696166+00	2022-09-02 16:07:10.696166+00
96376	AP	1000000	(0,0)	2022-09-02 16:07:10.696166+00	2022-09-02 16:07:10.696166+00
96377	AP	1000000	(0,0)	2022-09-02 16:07:10.696166+00	2022-09-02 16:07:10.696166+00
96378	AP	1000000	(0,0)	2022-09-02 16:07:10.696166+00	2022-09-02 16:07:10.696166+00
96379	AP	1000000	(0,0)	2022-09-02 16:07:10.696166+00	2022-09-02 16:07:10.696166+00
96380	AP	1000000	(0,0)	2022-09-02 16:07:10.696166+00	2022-09-02 16:07:10.696166+00
96382	AP	1000000	(0,0)	2022-09-02 16:07:10.696166+00	2022-09-02 16:07:10.696166+00
96384	AP	1000000	(0,0)	2022-09-02 16:07:10.696166+00	2022-09-02 16:07:10.696166+00
96385	AP	1000000	(0,0)	2022-09-02 16:07:10.696166+00	2022-09-02 16:07:10.696166+00
96386	AP	1000000	(0,0)	2022-09-02 16:07:10.696166+00	2022-09-02 16:07:10.696166+00
96387	AP	1000000	(0,0)	2022-09-02 16:07:10.696166+00	2022-09-02 16:07:10.696166+00
96388	AP	1000000	(0,0)	2022-09-02 16:07:10.696166+00	2022-09-02 16:07:10.696166+00
96389	AP	1000000	(0,0)	2022-09-02 16:07:10.696166+00	2022-09-02 16:07:10.696166+00
96401	AP	1000000	(0,0)	2022-09-02 16:07:10.696166+00	2022-09-02 16:07:10.696166+00
96502	AP	1000000	(0,0)	2022-09-02 16:07:10.696166+00	2022-09-02 16:07:10.696166+00
96504	AP	1000000	(0,0)	2022-09-02 16:07:10.696166+00	2022-09-02 16:07:10.696166+00
96505	AP	1000000	(0,0)	2022-09-02 16:07:10.696166+00	2022-09-02 16:07:10.696166+00
96507	AP	1000000	(0,0)	2022-09-02 16:07:10.696166+00	2022-09-02 16:07:10.696166+00
96510	AP	1000000	(0,0)	2022-09-02 16:07:10.696166+00	2022-09-02 16:07:10.696166+00
96511	AP	1000000	(0,0)	2022-09-02 16:07:10.696166+00	2022-09-02 16:07:10.696166+00
96515	AP	1000000	(0,0)	2022-09-02 16:07:10.696166+00	2022-09-02 16:07:10.696166+00
96516	AP	1000000	(0,0)	2022-09-02 16:07:10.696166+00	2022-09-02 16:07:10.696166+00
96517	AP	1000000	(0,0)	2022-09-02 16:07:10.696166+00	2022-09-02 16:07:10.696166+00
96520	AP	1000000	(0,0)	2022-09-02 16:07:10.696166+00	2022-09-02 16:07:10.696166+00
96521	AP	1000000	(0,0)	2022-09-02 16:07:10.696166+00	2022-09-02 16:07:10.696166+00
96522	AP	1000000	(0,0)	2022-09-02 16:07:10.696166+00	2022-09-02 16:07:10.696166+00
96530	AP	1000000	(0,0)	2022-09-02 16:07:10.696166+00	2022-09-02 16:07:10.696166+00
96531	AP	1000000	(0,0)	2022-09-02 16:07:10.696166+00	2022-09-02 16:07:10.696166+00
96532	AP	1000000	(0,0)	2022-09-02 16:07:10.696166+00	2022-09-02 16:07:10.696166+00
96534	AP	1000000	(0,0)	2022-09-02 16:07:10.696166+00	2022-09-02 16:07:10.696166+00
96535	AP	1000000	(0,0)	2022-09-02 16:07:10.696166+00	2022-09-02 16:07:10.696166+00
96537	AP	1000000	(0,0)	2022-09-02 16:07:10.696166+00	2022-09-02 16:07:10.696166+00
96539	AP	1000000	(0,0)	2022-09-02 16:07:10.696166+00	2022-09-02 16:07:10.696166+00
96540	AP	1000000	(0,0)	2022-09-02 16:07:10.696166+00	2022-09-02 16:07:10.696166+00
96542	AP	1000000	(0,0)	2022-09-02 16:07:10.696166+00	2022-09-02 16:07:10.696166+00
96543	AP	1000000	(0,0)	2022-09-02 16:07:10.696166+00	2022-09-02 16:07:10.696166+00
96546	AP	1000000	(0,0)	2022-09-02 16:07:10.696166+00	2022-09-02 16:07:10.696166+00
96548	AP	1000000	(0,0)	2022-09-02 16:07:10.696166+00	2022-09-02 16:07:10.696166+00
96549	AP	1000000	(0,0)	2022-09-02 16:07:10.696166+00	2022-09-02 16:07:10.696166+00
96550	AP	1000000	(0,0)	2022-09-02 16:07:10.696166+00	2022-09-02 16:07:10.696166+00
96551	AP	1000000	(0,0)	2022-09-02 16:07:10.696166+00	2022-09-02 16:07:10.696166+00
96552	AP	1000000	(0,0)	2022-09-02 16:07:10.696166+00	2022-09-02 16:07:10.696166+00
96553	AP	1000000	(0,0)	2022-09-02 16:07:10.696166+00	2022-09-02 16:07:10.696166+00
96554	AP	1000000	(0,0)	2022-09-02 16:07:10.696166+00	2022-09-02 16:07:10.696166+00
96555	AP	1000000	(0,0)	2022-09-02 16:07:10.696166+00	2022-09-02 16:07:10.696166+00
96557	AP	1000000	(0,0)	2022-09-02 16:07:10.696166+00	2022-09-02 16:07:10.696166+00
96562	AP	1000000	(0,0)	2022-09-02 16:07:10.696166+00	2022-09-02 16:07:10.696166+00
96577	AP	1000000	(0,0)	2022-09-02 16:07:10.696166+00	2022-09-02 16:07:10.696166+00
96578	AP	1000000	(0,0)	2022-09-02 16:07:10.696166+00	2022-09-02 16:07:10.696166+00
96595	AP	1000000	(0,0)	2022-09-02 16:07:10.696166+00	2022-09-02 16:07:10.696166+00
96598	AP	1000000	(0,0)	2022-09-02 16:07:10.696166+00	2022-09-02 16:07:10.696166+00
96599	AP	1000000	(0,0)	2022-09-02 16:07:10.696166+00	2022-09-02 16:07:10.696166+00
96601	AP	1000000	(0,0)	2022-09-02 16:07:10.696166+00	2022-09-02 16:07:10.696166+00
96602	AP	1000000	(0,0)	2022-09-02 16:07:10.696166+00	2022-09-02 16:07:10.696166+00
96603	AP	1000000	(0,0)	2022-09-02 16:07:10.696166+00	2022-09-02 16:07:10.696166+00
96604	AP	1000000	(0,0)	2022-09-02 16:07:10.696166+00	2022-09-02 16:07:10.696166+00
96605	AP	1000000	(0,0)	2022-09-02 16:07:10.696166+00	2022-09-02 16:07:10.696166+00
96606	AP	1000000	(0,0)	2022-09-02 16:07:10.696166+00	2022-09-02 16:07:10.696166+00
96607	AP	1000000	(0,0)	2022-09-02 16:07:10.696166+00	2022-09-02 16:07:10.696166+00
96608	AP	1000000	(0,0)	2022-09-02 16:07:10.696166+00	2022-09-02 16:07:10.696166+00
96609	AP	1000000	(0,0)	2022-09-02 16:07:10.696166+00	2022-09-02 16:07:10.696166+00
96610	AP	1000000	(0,0)	2022-09-02 16:07:10.696166+00	2022-09-02 16:07:10.696166+00
96611	AP	1000000	(0,0)	2022-09-02 16:07:10.696166+00	2022-09-02 16:07:10.696166+00
96612	AP	1000000	(0,0)	2022-09-02 16:07:10.696166+00	2022-09-02 16:07:10.696166+00
96613	AP	1000000	(0,0)	2022-09-02 16:07:10.696166+00	2022-09-02 16:07:10.696166+00
96615	AP	1000000	(0,0)	2022-09-02 16:07:10.696166+00	2022-09-02 16:07:10.696166+00
96616	AP	1000000	(0,0)	2022-09-02 16:07:10.696166+00	2022-09-02 16:07:10.696166+00
96617	AP	1000000	(0,0)	2022-09-02 16:07:10.696166+00	2022-09-02 16:07:10.696166+00
96619	AP	1000000	(0,0)	2022-09-02 16:07:10.696166+00	2022-09-02 16:07:10.696166+00
96620	AP	1000000	(0,0)	2022-09-02 16:07:10.696166+00	2022-09-02 16:07:10.696166+00
96628	AP	1000000	(0,0)	2022-09-02 16:07:10.696166+00	2022-09-02 16:07:10.696166+00
96629	AP	1000000	(0,0)	2022-09-02 16:07:10.696166+00	2022-09-02 16:07:10.696166+00
96632	AP	1000000	(0,0)	2022-09-02 16:07:10.696166+00	2022-09-02 16:07:10.696166+00
96633	AP	1000000	(0,0)	2022-09-02 16:07:10.696166+00	2022-09-02 16:07:10.696166+00
96641	AP	1000000	(0,0)	2022-09-02 16:07:10.696166+00	2022-09-02 16:07:10.696166+00
96642	AP	1000000	(0,0)	2022-09-02 16:07:10.696166+00	2022-09-02 16:07:10.696166+00
96643	AP	1000000	(0,0)	2022-09-02 16:07:10.696166+00	2022-09-02 16:07:10.696166+00
96644	AP	1000000	(0,0)	2022-09-02 16:07:10.696166+00	2022-09-02 16:07:10.696166+00
96645	AP	1000000	(0,0)	2022-09-02 16:07:10.696166+00	2022-09-02 16:07:10.696166+00
96649	AP	1000000	(0,0)	2022-09-02 16:07:10.696166+00	2022-09-02 16:07:10.696166+00
96650	AP	1000000	(0,0)	2022-09-02 16:07:10.696166+00	2022-09-02 16:07:10.696166+00
96657	AP	1000000	(0,0)	2022-09-02 16:07:10.696166+00	2022-09-02 16:07:10.696166+00
96660	AP	1000000	(0,0)	2022-09-02 16:07:10.696166+00	2022-09-02 16:07:10.696166+00
96661	AP	1000000	(0,0)	2022-09-02 16:07:10.696166+00	2022-09-02 16:07:10.696166+00
96662	AP	1000000	(0,0)	2022-09-02 16:07:10.696166+00	2022-09-02 16:07:10.696166+00
96663	AP	1000000	(0,0)	2022-09-02 16:07:10.696166+00	2022-09-02 16:07:10.696166+00
96664	AP	1000000	(0,0)	2022-09-02 16:07:10.696166+00	2022-09-02 16:07:10.696166+00
96665	AP	1000000	(0,0)	2022-09-02 16:07:10.696166+00	2022-09-02 16:07:10.696166+00
96666	AP	1000000	(0,0)	2022-09-02 16:07:10.696166+00	2022-09-02 16:07:10.696166+00
96667	AP	1000000	(0,0)	2022-09-02 16:07:10.696166+00	2022-09-02 16:07:10.696166+00
96668	AP	1000000	(0,0)	2022-09-02 16:07:10.696166+00	2022-09-02 16:07:10.696166+00
96669	AP	1000000	(0,0)	2022-09-02 16:07:10.696166+00	2022-09-02 16:07:10.696166+00
96670	AP	1000000	(0,0)	2022-09-02 16:07:10.696166+00	2022-09-02 16:07:10.696166+00
96671	AP	1000000	(0,0)	2022-09-02 16:07:10.696166+00	2022-09-02 16:07:10.696166+00
96672	AP	1000000	(0,0)	2022-09-02 16:07:10.696166+00	2022-09-02 16:07:10.696166+00
96673	AP	1000000	(0,0)	2022-09-02 16:07:10.696166+00	2022-09-02 16:07:10.696166+00
96674	AP	1000000	(0,0)	2022-09-02 16:07:10.696166+00	2022-09-02 16:07:10.696166+00
96675	AP	1000000	(0,0)	2022-09-02 16:07:10.696166+00	2022-09-02 16:07:10.696166+00
96677	AP	1000000	(0,0)	2022-09-02 16:07:10.696166+00	2022-09-02 16:07:10.696166+00
96678	AP	1000000	(0,0)	2022-09-02 16:07:10.696166+00	2022-09-02 16:07:10.696166+00
96679	AP	1000000	(0,0)	2022-09-02 16:07:10.696166+00	2022-09-02 16:07:10.696166+00
96681	AP	1000000	(0,0)	2022-09-02 16:07:10.696166+00	2022-09-02 16:07:10.696166+00
96682	AP	1000000	(0,0)	2022-09-02 16:07:10.696166+00	2022-09-02 16:07:10.696166+00
96683	AP	1000000	(0,0)	2022-09-02 16:07:10.696166+00	2022-09-02 16:07:10.696166+00
96686	AP	1000000	(0,0)	2022-09-02 16:07:10.696166+00	2022-09-02 16:07:10.696166+00
96691	AP	1000000	(0,0)	2022-09-02 16:07:10.696166+00	2022-09-02 16:07:10.696166+00
96692	AP	1000000	(0,0)	2022-09-02 16:07:10.696166+00	2022-09-02 16:07:10.696166+00
96693	AP	1000000	(0,0)	2022-09-02 16:07:10.696166+00	2022-09-02 16:07:10.696166+00
96694	AP	1000000	(0,0)	2022-09-02 16:07:10.696166+00	2022-09-02 16:07:10.696166+00
96695	AP	1000000	(0,0)	2022-09-02 16:07:10.696166+00	2022-09-02 16:07:10.696166+00
96696	AP	1000000	(0,0)	2022-09-02 16:07:10.696166+00	2022-09-02 16:07:10.696166+00
96698	AP	1000000	(0,0)	2022-09-02 16:07:10.696166+00	2022-09-02 16:07:10.696166+00
601	PR	16001	(18.16,-66.72)	2022-09-02 16:07:10.696166+00	2022-09-02 16:07:10.696166+00
602	PR	19801	(18.38,-67.18)	2022-09-02 16:07:10.696166+00	2022-09-02 16:07:10.696166+00
603	PR	18973	(18.43,-67.15)	2022-09-02 16:07:10.696166+00	2022-09-02 16:07:10.696166+00
604	PR	0	(18.43,-67.15)	2022-09-02 16:07:10.696166+00	2022-09-02 16:07:10.696166+00
605	PR	0	(18.43,-67.15)	2022-09-02 16:07:10.696166+00	2022-09-02 16:07:10.696166+00
606	PR	15298	(18.18,-66.98)	2022-09-02 16:07:10.696166+00	2022-09-02 16:07:10.696166+00
610	PR	23612	(18.28,-67.14)	2022-09-02 16:07:10.696166+00	2022-09-02 16:07:10.696166+00
611	PR	0	(18.28,-66.79)	2022-09-02 16:07:10.696166+00	2022-09-02 16:07:10.696166+00
612	PR	24339	(18.45,-66.73)	2022-09-02 16:07:10.696166+00	2022-09-02 16:07:10.696166+00
613	PR	0	(18.45,-66.73)	2022-09-02 16:07:10.696166+00	2022-09-02 16:07:10.696166+00
614	PR	0	(18.45,-66.73)	2022-09-02 16:07:10.696166+00	2022-09-02 16:07:10.696166+00
616	PR	20805	(18.42,-66.67)	2022-09-02 16:07:10.696166+00	2022-09-02 16:07:10.696166+00
617	PR	19838	(18.45,-66.56)	2022-09-02 16:07:10.696166+00	2022-09-02 16:07:10.696166+00
622	PR	17290	(17.99,-67.15)	2022-09-02 16:07:10.696166+00	2022-09-02 16:07:10.696166+00
623	PR	20448	(18.08,-67.14)	2022-09-02 16:07:10.696166+00	2022-09-02 16:07:10.696166+00
624	PR	19342	(18.06,-66.72)	2022-09-02 16:07:10.696166+00	2022-09-02 16:07:10.696166+00
627	PR	20616	(18.48,-66.84)	2022-09-02 16:07:10.696166+00	2022-09-02 16:07:10.696166+00
631	PR	12188	(18.19,-66.82)	2022-09-02 16:07:10.696166+00	2022-09-02 16:07:10.696166+00
636	PR	0	(18.15,-67.06)	2022-09-02 16:07:10.696166+00	2022-09-02 16:07:10.696166+00
637	PR	22106	(18.08,-66.96)	2022-09-02 16:07:10.696166+00	2022-09-02 16:07:10.696166+00
638	PR	18914	(18.33,-66.47)	2022-09-02 16:07:10.696166+00	2022-09-02 16:07:10.696166+00
641	PR	19972	(18.27,-66.7)	2022-09-02 16:07:10.696166+00	2022-09-02 16:07:10.696166+00
646	PR	37357	(18.47,-66.27)	2022-09-02 16:07:10.696166+00	2022-09-02 16:07:10.696166+00
647	PR	17659	(17.96,-66.94)	2022-09-02 16:07:10.696166+00	2022-09-02 16:07:10.696166+00
650	PR	22310	(18.36,-66.56)	2022-09-02 16:07:10.696166+00	2022-09-02 16:07:10.696166+00
652	PR	24154	(18.45,-66.6)	2022-09-02 16:07:10.696166+00	2022-09-02 16:07:10.696166+00
653	PR	15234	(17.99,-66.89)	2022-09-02 16:07:10.696166+00	2022-09-02 16:07:10.696166+00
656	PR	19699	(18.02,-66.79)	2022-09-02 16:07:10.696166+00	2022-09-02 16:07:10.696166+00
659	PR	23679	(18.48,-66.82)	2022-09-02 16:07:10.696166+00	2022-09-02 16:07:10.696166+00
660	PR	23658	(18.14,-67.12)	2022-09-02 16:07:10.696166+00	2022-09-02 16:07:10.696166+00
662	PR	18840	(18.5,-67.02)	2022-09-02 16:07:10.696166+00	2022-09-02 16:07:10.696166+00
664	PR	17403	(18.22,-66.59)	2022-09-02 16:07:10.696166+00	2022-09-02 16:07:10.696166+00
667	PR	16166	(18.04,-67.06)	2022-09-02 16:07:10.696166+00	2022-09-02 16:07:10.696166+00
669	PR	19540	(18.29,-66.88)	2022-09-02 16:07:10.696166+00	2022-09-02 16:07:10.696166+00
670	PR	17861	(18.27,-67.06)	2022-09-02 16:07:10.696166+00	2022-09-02 16:07:10.696166+00
674	PR	23424	(18.43,-66.48)	2022-09-02 16:07:10.696166+00	2022-09-02 16:07:10.696166+00
676	PR	18630	(18.39,-67.11)	2022-09-02 16:07:10.696166+00	2022-09-02 16:07:10.696166+00
677	PR	29440	(18.34,-67.25)	2022-09-02 16:07:10.696166+00	2022-09-02 16:07:10.696166+00
678	PR	20992	(18.47,-66.93)	2022-09-02 16:07:10.696166+00	2022-09-02 16:07:10.696166+00
680	PR	20674	(18.2,-67.14)	2022-09-02 16:07:10.696166+00	2022-09-02 16:07:10.696166+00
681	PR	0	(18.2,-67.14)	2022-09-02 16:07:10.696166+00	2022-09-02 16:07:10.696166+00
682	PR	20240	(18.22,-67.16)	2022-09-02 16:07:10.696166+00	2022-09-02 16:07:10.696166+00
683	PR	21870	(18.08,-67.04)	2022-09-02 16:07:10.696166+00	2022-09-02 16:07:10.696166+00
685	PR	18690	(18.33,-66.99)	2022-09-02 16:07:10.696166+00	2022-09-02 16:07:10.696166+00
687	PR	22147	(18.32,-66.4)	2022-09-02 16:07:10.696166+00	2022-09-02 16:07:10.696166+00
688	PR	20520	(18.38,-66.62)	2022-09-02 16:07:10.696166+00	2022-09-02 16:07:10.696166+00
690	PR	22042	(18.49,-67.09)	2022-09-02 16:07:10.696166+00	2022-09-02 16:07:10.696166+00
692	PR	23253	(18.41,-66.32)	2022-09-02 16:07:10.696166+00	2022-09-02 16:07:10.696166+00
693	PR	24677	(18.44,-66.39)	2022-09-02 16:07:10.696166+00	2022-09-02 16:07:10.696166+00
694	PR	0	(18.48,-66.39)	2022-09-02 16:07:10.696166+00	2022-09-02 16:07:10.696166+00
698	PR	20794	(18.03,-66.86)	2022-09-02 16:07:10.696166+00	2022-09-02 16:07:10.696166+00
703	PR	21940	(18.25,-66.1)	2022-09-02 16:07:10.696166+00	2022-09-02 16:07:10.696166+00
704	PR	20742	(17.96,-66.22)	2022-09-02 16:07:10.696166+00	2022-09-02 16:07:10.696166+00
705	PR	23627	(18.14,-66.26)	2022-09-02 16:07:10.696166+00	2022-09-02 16:07:10.696166+00
707	PR	23232	(18,-65.9)	2022-09-02 16:07:10.696166+00	2022-09-02 16:07:10.696166+00
714	PR	19524	(17.97,-66.06)	2022-09-02 16:07:10.696166+00	2022-09-02 16:07:10.696166+00
715	PR	13750	(18.01,-66.56)	2022-09-02 16:07:10.696166+00	2022-09-02 16:07:10.696166+00
716	PR	21350	(17.98,-66.6)	2022-09-02 16:07:10.696166+00	2022-09-02 16:07:10.696166+00
717	PR	16926	(18,-66.61)	2022-09-02 16:07:10.696166+00	2022-09-02 16:07:10.696166+00
718	PR	21011	(18.21,-65.73)	2022-09-02 16:07:10.696166+00	2022-09-02 16:07:10.696166+00
719	PR	23625	(18.3,-66.24)	2022-09-02 16:07:10.696166+00	2022-09-02 16:07:10.696166+00
720	PR	16709	(18.22,-66.39)	2022-09-02 16:07:10.696166+00	2022-09-02 16:07:10.696166+00
721	PR	0	(18.37,-65.77)	2022-09-02 16:07:10.696166+00	2022-09-02 16:07:10.696166+00
723	PR	19915	(18,-66.01)	2022-09-02 16:07:10.696166+00	2022-09-02 16:07:10.696166+00
725	PR	26273	(18.23,-66.03)	2022-09-02 16:07:10.696166+00	2022-09-02 16:07:10.696166+00
726	PR	0	(18.23,-66.03)	2022-09-02 16:07:10.696166+00	2022-09-02 16:07:10.696166+00
727	PR	37017	(18.22,-66.07)	2022-09-02 16:07:10.696166+00	2022-09-02 16:07:10.696166+00
728	PR	22100	(17.99,-66.66)	2022-09-02 16:07:10.696166+00	2022-09-02 16:07:10.696166+00
729	PR	26701	(18.37,-65.9)	2022-09-02 16:07:10.696166+00	2022-09-02 16:07:10.696166+00
730	PR	19328	(18.03,-66.62)	2022-09-02 16:07:10.696166+00	2022-09-02 16:07:10.696166+00
731	PR	19853	(18.11,-66.63)	2022-09-02 16:07:10.696166+00	2022-09-02 16:07:10.696166+00
732	PR	0	(17.98,-66.6)	2022-09-02 16:07:10.696166+00	2022-09-02 16:07:10.696166+00
733	PR	0	(17.98,-66.6)	2022-09-02 16:07:10.696166+00	2022-09-02 16:07:10.696166+00
734	PR	0	(17.98,-66.6)	2022-09-02 16:07:10.696166+00	2022-09-02 16:07:10.696166+00
735	PR	22403	(18.25,-65.68)	2022-09-02 16:07:10.696166+00	2022-09-02 16:07:10.696166+00
736	PR	25507	(18.11,-66.16)	2022-09-02 16:07:10.696166+00	2022-09-02 16:07:10.696166+00
737	PR	0	(18.11,-66.16)	2022-09-02 16:07:10.696166+00	2022-09-02 16:07:10.696166+00
738	PR	24045	(18.33,-65.65)	2022-09-02 16:07:10.696166+00	2022-09-02 16:07:10.696166+00
739	PR	22474	(18.17,-66.15)	2022-09-02 16:07:10.696166+00	2022-09-02 16:07:10.696166+00
740	PR	15061	(18.33,-65.63)	2022-09-02 16:07:10.696166+00	2022-09-02 16:07:10.696166+00
741	PR	25750	(18.16,-65.75)	2022-09-02 16:07:10.696166+00	2022-09-02 16:07:10.696166+00
742	PR	0	(18.27,-65.65)	2022-09-02 16:07:10.696166+00	2022-09-02 16:07:10.696166+00
744	PR	0	(18.22,-65.79)	2022-09-02 16:07:10.696166+00	2022-09-02 16:07:10.696166+00
745	PR	27260	(18.38,-65.83)	2022-09-02 16:07:10.696166+00	2022-09-02 16:07:10.696166+00
751	PR	21315	(17.97,-66.29)	2022-09-02 16:07:10.696166+00	2022-09-02 16:07:10.696166+00
754	PR	23476	(18.19,-65.96)	2022-09-02 16:07:10.696166+00	2022-09-02 16:07:10.696166+00
757	PR	23965	(17.97,-66.4)	2022-09-02 16:07:10.696166+00	2022-09-02 16:07:10.696166+00
765	PR	22301	(18.13,-65.44)	2022-09-02 16:07:10.696166+00	2022-09-02 16:07:10.696166+00
766	PR	23195	(18.13,-66.48)	2022-09-02 16:07:10.696166+00	2022-09-02 16:07:10.696166+00
767	PR	20785	(18.04,-65.87)	2022-09-02 16:07:10.696166+00	2022-09-02 16:07:10.696166+00
769	PR	24221	(18.08,-66.36)	2022-09-02 16:07:10.696166+00	2022-09-02 16:07:10.696166+00
771	PR	25175	(18.18,-65.86)	2022-09-02 16:07:10.696166+00	2022-09-02 16:07:10.696166+00
772	PR	20101	(18.43,-65.88)	2022-09-02 16:07:10.696166+00	2022-09-02 16:07:10.696166+00
773	PR	25135	(18.37,-65.71)	2022-09-02 16:07:10.696166+00	2022-09-02 16:07:10.696166+00
775	PR	33625	(18.33,-65.3)	2022-09-02 16:07:10.696166+00	2022-09-02 16:07:10.696166+00
777	PR	21426	(18.22,-65.91)	2022-09-02 16:07:10.696166+00	2022-09-02 16:07:10.696166+00
778	PR	39044	(18.25,-65.97)	2022-09-02 16:07:10.696166+00	2022-09-02 16:07:10.696166+00
780	PR	23592	(18.09,-66.57)	2022-09-02 16:07:10.696166+00	2022-09-02 16:07:10.696166+00
782	PR	16700	(18.22,-66.22)	2022-09-02 16:07:10.696166+00	2022-09-02 16:07:10.696166+00
783	PR	17808	(18.34,-66.31)	2022-09-02 16:07:10.696166+00	2022-09-02 16:07:10.696166+00
784	PR	21116	(17.97,-66.11)	2022-09-02 16:07:10.696166+00	2022-09-02 16:07:10.696166+00
785	PR	0	(17.97,-66.11)	2022-09-02 16:07:10.696166+00	2022-09-02 16:07:10.696166+00
786	PR	37552	(18.16,-66.23)	2022-09-02 16:07:10.696166+00	2022-09-02 16:07:10.696166+00
791	PR	25582	(18.15,-65.81)	2022-09-02 16:07:10.696166+00	2022-09-02 16:07:10.696166+00
792	PR	0	(18.15,-65.81)	2022-09-02 16:07:10.696166+00	2022-09-02 16:07:10.696166+00
794	PR	19682	(18.18,-66.3)	2022-09-02 16:07:10.696166+00	2022-09-02 16:07:10.696166+00
795	PR	23528	(18.05,-66.5)	2022-09-02 16:07:10.696166+00	2022-09-02 16:07:10.696166+00
801	VI	0	(18.35,-64.93)	2022-09-02 16:07:10.696166+00	2022-09-02 16:07:10.696166+00
802	VI	0	(18.35,-64.93)	2022-09-02 16:07:10.696166+00	2022-09-02 16:07:10.696166+00
803	VI	0	(18.35,-64.93)	2022-09-02 16:07:10.696166+00	2022-09-02 16:07:10.696166+00
804	VI	0	(18.35,-64.93)	2022-09-02 16:07:10.696166+00	2022-09-02 16:07:10.696166+00
805	VI	0	(18.34,-64.93)	2022-09-02 16:07:10.696166+00	2022-09-02 16:07:10.696166+00
820	VI	0	(17.74,-64.7)	2022-09-02 16:07:10.696166+00	2022-09-02 16:07:10.696166+00
821	VI	0	(17.74,-64.7)	2022-09-02 16:07:10.696166+00	2022-09-02 16:07:10.696166+00
822	VI	0	(17.74,-64.7)	2022-09-02 16:07:10.696166+00	2022-09-02 16:07:10.696166+00
823	VI	0	(17.74,-64.7)	2022-09-02 16:07:10.696166+00	2022-09-02 16:07:10.696166+00
824	VI	0	(17.74,-64.7)	2022-09-02 16:07:10.696166+00	2022-09-02 16:07:10.696166+00
830	VI	0	(18.33,-64.79)	2022-09-02 16:07:10.696166+00	2022-09-02 16:07:10.696166+00
831	VI	0	(18.33,-64.79)	2022-09-02 16:07:10.696166+00	2022-09-02 16:07:10.696166+00
840	VI	0	(17.71,-64.88)	2022-09-02 16:07:10.696166+00	2022-09-02 16:07:10.696166+00
841	VI	0	(17.71,-64.88)	2022-09-02 16:07:10.696166+00	2022-09-02 16:07:10.696166+00
850	VI	0	(17.76,-64.82)	2022-09-02 16:07:10.696166+00	2022-09-02 16:07:10.696166+00
851	VI	0	(17.73,-64.8)	2022-09-02 16:07:10.696166+00	2022-09-02 16:07:10.696166+00
901	PR	40839	(18.47,-66.1)	2022-09-02 16:07:10.696166+00	2022-09-02 16:07:10.696166+00
902	PR	0	(18.4,-66.06)	2022-09-02 16:07:10.696166+00	2022-09-02 16:07:10.696166+00
906	PR	0	(18.46,-66.09)	2022-09-02 16:07:10.696166+00	2022-09-02 16:07:10.696166+00
907	PR	54813	(18.45,-66.08)	2022-09-02 16:07:10.696166+00	2022-09-02 16:07:10.696166+00
908	PR	0	(18.4,-66.06)	2022-09-02 16:07:10.696166+00	2022-09-02 16:07:10.696166+00
909	PR	24201	(18.44,-66.07)	2022-09-02 16:07:10.696166+00	2022-09-02 16:07:10.696166+00
910	PR	0	(18.4,-66.06)	2022-09-02 16:07:10.696166+00	2022-09-02 16:07:10.696166+00
911	PR	52912	(18.45,-66.06)	2022-09-02 16:07:10.696166+00	2022-09-02 16:07:10.696166+00
912	PR	28107	(18.45,-66.06)	2022-09-02 16:07:10.696166+00	2022-09-02 16:07:10.696166+00
913	PR	4506	(18.45,-66.04)	2022-09-02 16:07:10.696166+00	2022-09-02 16:07:10.696166+00
914	PR	0	(18.4,-66.06)	2022-09-02 16:07:10.696166+00	2022-09-02 16:07:10.696166+00
915	PR	15508	(18.44,-66.05)	2022-09-02 16:07:10.696166+00	2022-09-02 16:07:10.696166+00
916	PR	0	(18.4,-66.06)	2022-09-02 16:07:10.696166+00	2022-09-02 16:07:10.696166+00
917	PR	21911	(18.42,-66.05)	2022-09-02 16:07:10.696166+00	2022-09-02 16:07:10.696166+00
918	PR	43022	(18.42,-66.07)	2022-09-02 16:07:10.696166+00	2022-09-02 16:07:10.696166+00
919	PR	0	(18.4,-66.06)	2022-09-02 16:07:10.696166+00	2022-09-02 16:07:10.696166+00
920	PR	33612	(18.41,-66.09)	2022-09-02 16:07:10.696166+00	2022-09-02 16:07:10.696166+00
921	PR	23803	(18.39,-66.09)	2022-09-02 16:07:10.696166+00	2022-09-02 16:07:10.696166+00
922	PR	0	(18.4,-66.06)	2022-09-02 16:07:10.696166+00	2022-09-02 16:07:10.696166+00
923	PR	18466	(18.41,-66.04)	2022-09-02 16:07:10.696166+00	2022-09-02 16:07:10.696166+00
924	PR	20848	(18.4,-66.01)	2022-09-02 16:07:10.696166+00	2022-09-02 16:07:10.696166+00
925	PR	17024	(18.4,-66.05)	2022-09-02 16:07:10.696166+00	2022-09-02 16:07:10.696166+00
926	PR	45197	(18.35,-66.05)	2022-09-02 16:07:10.696166+00	2022-09-02 16:07:10.696166+00
927	PR	51667	(18.4,-66.06)	2022-09-02 16:07:10.696166+00	2022-09-02 16:07:10.696166+00
928	PR	0	(18.4,-66.06)	2022-09-02 16:07:10.696166+00	2022-09-02 16:07:10.696166+00
929	PR	0	(18.4,-66.06)	2022-09-02 16:07:10.696166+00	2022-09-02 16:07:10.696166+00
930	PR	0	(18.4,-66.06)	2022-09-02 16:07:10.696166+00	2022-09-02 16:07:10.696166+00
931	PR	0	(18.4,-66.06)	2022-09-02 16:07:10.696166+00	2022-09-02 16:07:10.696166+00
933	PR	0	(18.4,-66.06)	2022-09-02 16:07:10.696166+00	2022-09-02 16:07:10.696166+00
934	PR	0	(18.41,-66.12)	2022-09-02 16:07:10.696166+00	2022-09-02 16:07:10.696166+00
935	PR	0	(18.4,-66.06)	2022-09-02 16:07:10.696166+00	2022-09-02 16:07:10.696166+00
936	PR	0	(18.4,-66.07)	2022-09-02 16:07:10.696166+00	2022-09-02 16:07:10.696166+00
937	PR	0	(18.4,-66.06)	2022-09-02 16:07:10.696166+00	2022-09-02 16:07:10.696166+00
939	PR	0	(18.4,-66.06)	2022-09-02 16:07:10.696166+00	2022-09-02 16:07:10.696166+00
940	PR	0	(18.4,-66.06)	2022-09-02 16:07:10.696166+00	2022-09-02 16:07:10.696166+00
949	PR	32175	(18.44,-66.25)	2022-09-02 16:07:10.696166+00	2022-09-02 16:07:10.696166+00
950	PR	0	(18.46,-66.23)	2022-09-02 16:07:10.696166+00	2022-09-02 16:07:10.696166+00
951	PR	0	(18.43,-66.25)	2022-09-02 16:07:10.696166+00	2022-09-02 16:07:10.696166+00
952	PR	18679	(18.42,-66.19)	2022-09-02 16:07:10.696166+00	2022-09-02 16:07:10.696166+00
953	PR	34545	(18.39,-66.25)	2022-09-02 16:07:10.696166+00	2022-09-02 16:07:10.696166+00
954	PR	0	(18.39,-66.25)	2022-09-02 16:07:10.696166+00	2022-09-02 16:07:10.696166+00
955	PR	0	(18.4,-66.06)	2022-09-02 16:07:10.696166+00	2022-09-02 16:07:10.696166+00
956	PR	27862	(18.32,-66.17)	2022-09-02 16:07:10.696166+00	2022-09-02 16:07:10.696166+00
957	PR	30522	(18.37,-66.19)	2022-09-02 16:07:10.696166+00	2022-09-02 16:07:10.696166+00
958	PR	0	(18.28,-66.13)	2022-09-02 16:07:10.696166+00	2022-09-02 16:07:10.696166+00
959	PR	36643	(18.39,-66.15)	2022-09-02 16:07:10.696166+00	2022-09-02 16:07:10.696166+00
960	PR	0	(18.42,-66.15)	2022-09-02 16:07:10.696166+00	2022-09-02 16:07:10.696166+00
961	PR	36292	(18.41,-66.17)	2022-09-02 16:07:10.696166+00	2022-09-02 16:07:10.696166+00
962	PR	18520	(18.44,-66.15)	2022-09-02 16:07:10.696166+00	2022-09-02 16:07:10.696166+00
963	PR	0	(18.43,-66.11)	2022-09-02 16:07:10.696166+00	2022-09-02 16:07:10.696166+00
965	PR	19460	(18.43,-66.11)	2022-09-02 16:07:10.696166+00	2022-09-02 16:07:10.696166+00
966	PR	65114	(18.4,-66.12)	2022-09-02 16:07:10.696166+00	2022-09-02 16:07:10.696166+00
968	PR	88869	(18.41,-66.1)	2022-09-02 16:07:10.696166+00	2022-09-02 16:07:10.696166+00
969	PR	58539	(18.38,-66.11)	2022-09-02 16:07:10.696166+00	2022-09-02 16:07:10.696166+00
970	PR	0	(18.38,-66.11)	2022-09-02 16:07:10.696166+00	2022-09-02 16:07:10.696166+00
971	PR	29418	(18.32,-66.12)	2022-09-02 16:07:10.696166+00	2022-09-02 16:07:10.696166+00
975	PR	0	(18.4,-66.06)	2022-09-02 16:07:10.696166+00	2022-09-02 16:07:10.696166+00
976	PR	39346	(18.36,-66.01)	2022-09-02 16:07:10.696166+00	2022-09-02 16:07:10.696166+00
977	PR	0	(18.36,-66.01)	2022-09-02 16:07:10.696166+00	2022-09-02 16:07:10.696166+00
978	PR	0	(18.37,-66.01)	2022-09-02 16:07:10.696166+00	2022-09-02 16:07:10.696166+00
979	PR	47639	(18.44,-66.03)	2022-09-02 16:07:10.696166+00	2022-09-02 16:07:10.696166+00
981	PR	0	(18.4,-65.98)	2022-09-02 16:07:10.696166+00	2022-09-02 16:07:10.696166+00
982	PR	28143	(18.41,-65.99)	2022-09-02 16:07:10.696166+00	2022-09-02 16:07:10.696166+00
983	PR	30010	(18.4,-65.98)	2022-09-02 16:07:10.696166+00	2022-09-02 16:07:10.696166+00
984	PR	0	(18.4,-65.98)	2022-09-02 16:07:10.696166+00	2022-09-02 16:07:10.696166+00
985	PR	31349	(18.41,-65.95)	2022-09-02 16:07:10.696166+00	2022-09-02 16:07:10.696166+00
986	PR	0	(18.4,-65.98)	2022-09-02 16:07:10.696166+00	2022-09-02 16:07:10.696166+00
987	PR	37438	(18.34,-65.94)	2022-09-02 16:07:10.696166+00	2022-09-02 16:07:10.696166+00
988	PR	0	(18.4,-65.98)	2022-09-02 16:07:10.696166+00	2022-09-02 16:07:10.696166+00
96799	AS	0	(-14.27,-170.7)	2022-09-02 16:07:10.696166+00	2022-09-02 16:07:10.696166+00
96910	GU	0	(13.47,144.74)	2022-09-02 16:07:10.696166+00	2022-09-02 16:07:10.696166+00
96912	GU	0	(13.51,144.83)	2022-09-02 16:07:10.696166+00	2022-09-02 16:07:10.696166+00
96913	GU	0	(13.46,144.79)	2022-09-02 16:07:10.696166+00	2022-09-02 16:07:10.696166+00
96915	GU	0	(13.38,144.66)	2022-09-02 16:07:10.696166+00	2022-09-02 16:07:10.696166+00
96916	GU	0	(13.26,144.66)	2022-09-02 16:07:10.696166+00	2022-09-02 16:07:10.696166+00
96917	GU	0	(13.27,144.74)	2022-09-02 16:07:10.696166+00	2022-09-02 16:07:10.696166+00
96919	GU	0	(13.46,144.74)	2022-09-02 16:07:10.696166+00	2022-09-02 16:07:10.696166+00
96921	GU	0	(13.46,144.79)	2022-09-02 16:07:10.696166+00	2022-09-02 16:07:10.696166+00
96923	GU	0	(13.43,144.79)	2022-09-02 16:07:10.696166+00	2022-09-02 16:07:10.696166+00
96928	GU	0	(13.38,144.65)	2022-09-02 16:07:10.696166+00	2022-09-02 16:07:10.696166+00
96929	GU	0	(13.53,144.88)	2022-09-02 16:07:10.696166+00	2022-09-02 16:07:10.696166+00
96931	GU	0	(13.48,144.77)	2022-09-02 16:07:10.696166+00	2022-09-02 16:07:10.696166+00
96932	GU	0	(13.47,144.74)	2022-09-02 16:07:10.696166+00	2022-09-02 16:07:10.696166+00
96939	PW	0	(7.51,134.58)	2022-09-02 16:07:10.696166+00	2022-09-02 16:07:10.696166+00
96940	PW	0	(7.5,134.5)	2022-09-02 16:07:10.696166+00	2022-09-02 16:07:10.696166+00
96941	FM	0	(6.85,158.26)	2022-09-02 16:07:10.696166+00	2022-09-02 16:07:10.696166+00
96942	FM	0	(7.33,151.8)	2022-09-02 16:07:10.696166+00	2022-09-02 16:07:10.696166+00
96943	FM	0	(9.5,138.14)	2022-09-02 16:07:10.696166+00	2022-09-02 16:07:10.696166+00
96944	FM	0	(5.29,162.97)	2022-09-02 16:07:10.696166+00	2022-09-02 16:07:10.696166+00
96950	MP	0	(15.17,145.75)	2022-09-02 16:07:10.696166+00	2022-09-02 16:07:10.696166+00
96951	MP	0	(14.15,145.21)	2022-09-02 16:07:10.696166+00	2022-09-02 16:07:10.696166+00
96952	MP	0	(15,145.63)	2022-09-02 16:07:10.696166+00	2022-09-02 16:07:10.696166+00
96960	MH	0	(7.11,171.18)	2022-09-02 16:07:10.696166+00	2022-09-02 16:07:10.696166+00
96970	MH	0	(8.78,167.73)	2022-09-02 16:07:10.696166+00	2022-09-02 16:07:10.696166+00
\.


--
-- Data for Name: schools; Type: TABLE DATA; Schema: upchieve; Owner: admin
--

COPY upchieve.schools (id, name, approved, partner, city_id, created_at, updated_at, mongo_id, legacy_city_name) FROM stdin;
0182fef4-d035-228f-757a-5f6dabe780e5	Unapproved School	f	f	1	2022-09-02 16:07:13.206449+00	2022-09-02 16:07:13.206449+00	\N	\N
0182fef4-d035-2e9e-f0e3-55d88b92a20e	Approved School	t	f	1	2022-09-02 16:07:13.208489+00	2022-09-02 16:07:13.208489+00	\N	\N
0182fef4-d035-9e67-3e3d-e031b96ac7fb	Approved Partner School	t	t	2	2022-09-02 16:07:13.209647+00	2022-09-02 16:07:13.209647+00	\N	\N
0182fef4-d035-631f-f43b-3c191f267796	Another Approved Partner School	t	t	2	2022-09-02 16:07:13.210703+00	2022-09-02 16:07:13.210703+00	\N	\N
\.


--
-- Data for Name: ineligible_students; Type: TABLE DATA; Schema: upchieve; Owner: admin
--

COPY upchieve.ineligible_students (id, email, postal_code, ip_address_id, school_id, grade_level_id, created_at, updated_at, mongo_id, referred_by) FROM stdin;
\.


--
-- Data for Name: legacy_availability_histories; Type: TABLE DATA; Schema: upchieve; Owner: admin
--

COPY upchieve.legacy_availability_histories (id, mongo_id, user_id, timezone, recorded_at, legacy_availability, created_at, updated_at) FROM stdin;
\.


--
-- Data for Name: notification_methods; Type: TABLE DATA; Schema: upchieve; Owner: admin
--

COPY upchieve.notification_methods (id, method, created_at, updated_at) FROM stdin;
1	sms	2022-09-02 16:07:10.591975+00	2022-09-02 16:07:10.591975+00
2	push	2022-09-02 16:07:10.593005+00	2022-09-02 16:07:10.593005+00
3	voice	2022-09-02 16:07:10.593853+00	2022-09-02 16:07:10.593853+00
4	email	2022-09-02 16:07:10.594719+00	2022-09-02 16:07:10.594719+00
\.


--
-- Data for Name: notification_priority_groups; Type: TABLE DATA; Schema: upchieve; Owner: admin
--

COPY upchieve.notification_priority_groups (id, name, priority, created_at, updated_at) FROM stdin;
1	follow-up	-1	2022-09-02 16:07:10.59595+00	2022-09-02 16:07:10.59595+00
11	LEGACY: Regular volunteers - not notified in the last 7 days	-1	2022-09-02 16:07:10.605126+00	2022-09-02 16:07:10.605126+00
12	LEGACY: Partner volunteers - not notified in the last 7 days	-1	2022-09-02 16:07:10.606025+00	2022-09-02 16:07:10.606025+00
13	LEGACY: Partner volunteers - not notified in the last 3 days	-1	2022-09-02 16:07:10.60717+00	2022-09-02 16:07:10.60717+00
14	LEGACY: All volunteers - not notified in the last 15 mins who don't have "high level subjects"	-1	2022-09-02 16:07:10.607955+00	2022-09-02 16:07:10.607955+00
15	LEGACY: Mizuho and Atlassian volunteers - Not notified in last 3 days	-1	2022-09-02 16:07:10.60875+00	2022-09-02 16:07:10.60875+00
16	LEGACY: null	-1	2022-09-02 16:07:10.609705+00	2022-09-02 16:07:10.609705+00
2	Partner volunteers - not notified in the last 3 days AND they don't have "high level subjects"	20	2022-09-02 16:07:10.597095+00	2022-09-02 16:07:10.683465+00
3	Regular volunteers - not notified in the last 3 days AND they don't have "high level subjects"	30	2022-09-02 16:07:10.598006+00	2022-09-02 16:07:10.683465+00
4	Partner volunteers - not notified in the last 24 hours AND they don't have "high level subjects"	40	2022-09-02 16:07:10.598946+00	2022-09-02 16:07:10.683465+00
5	Regular volunteers - not notified in the last 24 hours AND they don't have "high level subjects"	50	2022-09-02 16:07:10.599862+00	2022-09-02 16:07:10.683465+00
6	All volunteers - not notified in the last 24 hours	60	2022-09-02 16:07:10.600754+00	2022-09-02 16:07:10.683465+00
7	All volunteers - not notified in the last 60 mins	70	2022-09-02 16:07:10.601615+00	2022-09-02 16:07:10.683465+00
8	All volunteers - not notified in the last 15 mins	80	2022-09-02 16:07:10.602497+00	2022-09-02 16:07:10.683465+00
9	Verizon volunteers - not notified in the last 24 hours AND they don't have "high level subjects"	90	2022-09-02 16:07:10.603406+00	2022-09-02 16:07:10.683465+00
10	Verizon volunteers - not notified in the last 3 days AND they don't have "high level subjects"	100	2022-09-02 16:07:10.604216+00	2022-09-02 16:07:10.683465+00
17	Favorite volunteers - not notified in the last 15 mins	10	2022-09-02 16:07:10.683465+00	2022-09-02 16:07:10.683465+00
18	Associated partner volunteers - not notified in the last 24 hours AND they don't have "high level subjects"	85	2022-09-02 16:07:10.7162+00	2022-09-02 16:07:10.7162+00
19	Associated partner volunteers - not notified in the last 3 days AND they don't have "high level subjects"	95	2022-09-02 16:07:10.7162+00	2022-09-02 16:07:10.7162+00
\.


--
-- Data for Name: notification_types; Type: TABLE DATA; Schema: upchieve; Owner: admin
--

COPY upchieve.notification_types (id, type, created_at, updated_at) FROM stdin;
1	initial	2022-09-02 16:07:10.590021+00	2022-09-02 16:07:10.590021+00
2	followup	2022-09-02 16:07:10.591093+00	2022-09-02 16:07:10.591093+00
\.


--
-- Data for Name: notifications; Type: TABLE DATA; Schema: upchieve; Owner: admin
--

COPY upchieve.notifications (id, user_id, sent_at, type_id, method_id, priority_group_id, successful, session_id, message_carrier_id, created_at, updated_at, mongo_id) FROM stdin;
\.


--
-- Data for Name: photo_id_statuses; Type: TABLE DATA; Schema: upchieve; Owner: admin
--

COPY upchieve.photo_id_statuses (id, name, created_at, updated_at) FROM stdin;
1	approved	2022-09-02 16:07:10.125705+00	2022-09-02 16:07:10.125705+00
2	submitted	2022-09-02 16:07:10.126989+00	2022-09-02 16:07:10.126989+00
3	rejected	2022-09-02 16:07:10.128027+00	2022-09-02 16:07:10.128027+00
4	empty	2022-09-02 16:07:10.129237+00	2022-09-02 16:07:10.129237+00
\.


--
-- Data for Name: pre_session_surveys; Type: TABLE DATA; Schema: upchieve; Owner: admin
--

COPY upchieve.pre_session_surveys (id, response_data, session_id, user_id, created_at, updated_at, mongo_id) FROM stdin;
\.


--
-- Data for Name: push_tokens; Type: TABLE DATA; Schema: upchieve; Owner: admin
--

COPY upchieve.push_tokens (id, user_id, token, created_at, updated_at) FROM stdin;
\.


--
-- Data for Name: question_tags; Type: TABLE DATA; Schema: upchieve; Owner: admin
--

COPY upchieve.question_tags (id, name, created_at, updated_at) FROM stdin;
\.


--
-- Data for Name: question_types; Type: TABLE DATA; Schema: upchieve; Owner: admin
--

COPY upchieve.question_types (id, name, created_at, updated_at) FROM stdin;
1	multiple choice	2022-09-02 16:07:10.721088+00	2022-09-02 16:07:10.721088+00
2	check box	2022-09-02 16:07:10.721088+00	2022-09-02 16:07:10.721088+00
3	free response	2022-09-02 16:07:10.721088+00	2022-09-02 16:07:10.721088+00
\.


--
-- Data for Name: quizzes; Type: TABLE DATA; Schema: upchieve; Owner: admin
--

COPY upchieve.quizzes (id, name, created_at, updated_at) FROM stdin;
1	prealgebra	2022-09-02 16:07:10.168374+00	2022-09-02 16:07:10.168374+00
2	statistics	2022-09-02 16:07:10.169579+00	2022-09-02 16:07:10.169579+00
3	geometry	2022-09-02 16:07:10.172361+00	2022-09-02 16:07:10.172361+00
4	biology	2022-09-02 16:07:10.173471+00	2022-09-02 16:07:10.173471+00
5	chemistry	2022-09-02 16:07:10.174371+00	2022-09-02 16:07:10.174371+00
6	physicsOne	2022-09-02 16:07:10.17523+00	2022-09-02 16:07:10.17523+00
7	physicsTwo	2022-09-02 16:07:10.17609+00	2022-09-02 16:07:10.17609+00
8	environmentalScience	2022-09-02 16:07:10.176991+00	2022-09-02 16:07:10.176991+00
9	essays	2022-09-02 16:07:10.178012+00	2022-09-02 16:07:10.178012+00
10	applications	2022-09-02 16:07:10.178935+00	2022-09-02 16:07:10.178935+00
11	planning	2022-09-02 16:07:10.179901+00	2022-09-02 16:07:10.179901+00
12	satMath	2022-09-02 16:07:10.180851+00	2022-09-02 16:07:10.180851+00
13	satReading	2022-09-02 16:07:10.181771+00	2022-09-02 16:07:10.181771+00
14	collegeCounseling	2022-09-02 16:07:10.182761+00	2022-09-02 16:07:10.182761+00
15	humanitiesEssays	2022-09-02 16:07:10.183751+00	2022-09-02 16:07:10.183751+00
16	algebraOne	2022-09-02 16:07:10.184682+00	2022-09-02 16:07:10.184682+00
17	algebraTwo	2022-09-02 16:07:10.185664+00	2022-09-02 16:07:10.185664+00
18	trigonometry	2022-09-02 16:07:10.18701+00	2022-09-02 16:07:10.18701+00
19	precalculus	2022-09-02 16:07:10.187906+00	2022-09-02 16:07:10.187906+00
20	calculusAB	2022-09-02 16:07:10.188817+00	2022-09-02 16:07:10.188817+00
21	calculusBC	2022-09-02 16:07:10.189749+00	2022-09-02 16:07:10.189749+00
22	upchieve101	2022-09-02 16:07:10.190655+00	2022-09-02 16:07:10.190655+00
23	reading	2022-09-02 16:07:10.19163+00	2022-09-02 16:07:10.19163+00
24	anatomy	2022-09-02 16:07:10.192547+00	2022-09-02 16:07:10.192547+00
25	usHistory	2022-09-02 16:07:10.741038+00	2022-09-02 16:07:10.741038+00
\.


--
-- Data for Name: quiz_certification_grants; Type: TABLE DATA; Schema: upchieve; Owner: admin
--

COPY upchieve.quiz_certification_grants (quiz_id, certification_id, created_at, updated_at) FROM stdin;
1	1	2022-09-02 16:07:10.501656+00	2022-09-02 16:07:10.501656+00
2	2	2022-09-02 16:07:10.502997+00	2022-09-02 16:07:10.502997+00
3	3	2022-09-02 16:07:10.50408+00	2022-09-02 16:07:10.50408+00
4	4	2022-09-02 16:07:10.504971+00	2022-09-02 16:07:10.504971+00
5	5	2022-09-02 16:07:10.50592+00	2022-09-02 16:07:10.50592+00
6	6	2022-09-02 16:07:10.507014+00	2022-09-02 16:07:10.507014+00
7	7	2022-09-02 16:07:10.507967+00	2022-09-02 16:07:10.507967+00
8	8	2022-09-02 16:07:10.508956+00	2022-09-02 16:07:10.508956+00
9	9	2022-09-02 16:07:10.510188+00	2022-09-02 16:07:10.510188+00
10	10	2022-09-02 16:07:10.511139+00	2022-09-02 16:07:10.511139+00
11	11	2022-09-02 16:07:10.512072+00	2022-09-02 16:07:10.512072+00
12	12	2022-09-02 16:07:10.513321+00	2022-09-02 16:07:10.513321+00
13	13	2022-09-02 16:07:10.51437+00	2022-09-02 16:07:10.51437+00
14	11	2022-09-02 16:07:10.515254+00	2022-09-02 16:07:10.515254+00
14	10	2022-09-02 16:07:10.516068+00	2022-09-02 16:07:10.516068+00
15	15	2022-09-02 16:07:10.516866+00	2022-09-02 16:07:10.516866+00
17	16	2022-09-02 16:07:10.517669+00	2022-09-02 16:07:10.517669+00
17	17	2022-09-02 16:07:10.518614+00	2022-09-02 16:07:10.518614+00
17	1	2022-09-02 16:07:10.519494+00	2022-09-02 16:07:10.519494+00
16	16	2022-09-02 16:07:10.520497+00	2022-09-02 16:07:10.520497+00
16	1	2022-09-02 16:07:10.521631+00	2022-09-02 16:07:10.521631+00
18	18	2022-09-02 16:07:10.522633+00	2022-09-02 16:07:10.522633+00
19	16	2022-09-02 16:07:10.523617+00	2022-09-02 16:07:10.523617+00
19	17	2022-09-02 16:07:10.524534+00	2022-09-02 16:07:10.524534+00
19	1	2022-09-02 16:07:10.525573+00	2022-09-02 16:07:10.525573+00
19	18	2022-09-02 16:07:10.526543+00	2022-09-02 16:07:10.526543+00
19	19	2022-09-02 16:07:10.528126+00	2022-09-02 16:07:10.528126+00
20	16	2022-09-02 16:07:10.529155+00	2022-09-02 16:07:10.529155+00
20	17	2022-09-02 16:07:10.530173+00	2022-09-02 16:07:10.530173+00
20	1	2022-09-02 16:07:10.531214+00	2022-09-02 16:07:10.531214+00
20	18	2022-09-02 16:07:10.532063+00	2022-09-02 16:07:10.532063+00
20	19	2022-09-02 16:07:10.532921+00	2022-09-02 16:07:10.532921+00
20	20	2022-09-02 16:07:10.533739+00	2022-09-02 16:07:10.533739+00
21	16	2022-09-02 16:07:10.534657+00	2022-09-02 16:07:10.534657+00
21	17	2022-09-02 16:07:10.535559+00	2022-09-02 16:07:10.535559+00
21	1	2022-09-02 16:07:10.536363+00	2022-09-02 16:07:10.536363+00
21	18	2022-09-02 16:07:10.537185+00	2022-09-02 16:07:10.537185+00
21	19	2022-09-02 16:07:10.537976+00	2022-09-02 16:07:10.537976+00
21	20	2022-09-02 16:07:10.538814+00	2022-09-02 16:07:10.538814+00
21	21	2022-09-02 16:07:10.539573+00	2022-09-02 16:07:10.539573+00
23	22	2022-09-02 16:07:10.690103+00	2022-09-02 16:07:10.690103+00
25	23	2022-09-02 16:07:10.741038+00	2022-09-02 16:07:10.741038+00
\.


--
-- Data for Name: quiz_subcategories; Type: TABLE DATA; Schema: upchieve; Owner: admin
--

COPY upchieve.quiz_subcategories (id, name, quiz_id, created_at, updated_at) FROM stdin;
1	numbers	1	2022-09-02 16:07:10.194864+00	2022-09-02 16:07:10.194864+00
2	arithmetic properties	1	2022-09-02 16:07:10.196206+00	2022-09-02 16:07:10.196206+00
3	exponents	1	2022-09-02 16:07:10.197173+00	2022-09-02 16:07:10.197173+00
4	exponents and radicals	1	2022-09-02 16:07:10.198163+00	2022-09-02 16:07:10.198163+00
5	polynomials	1	2022-09-02 16:07:10.199183+00	2022-09-02 16:07:10.199183+00
6	fractions	1	2022-09-02 16:07:10.200138+00	2022-09-02 16:07:10.200138+00
7	linear equations	16	2022-09-02 16:07:10.201129+00	2022-09-02 16:07:10.201129+00
8	rational exponents and radicals	16	2022-09-02 16:07:10.202124+00	2022-09-02 16:07:10.202124+00
9	application of linear equations	16	2022-09-02 16:07:10.203049+00	2022-09-02 16:07:10.203049+00
10	two variable equations	16	2022-09-02 16:07:10.203967+00	2022-09-02 16:07:10.203967+00
11	rational expressions	16	2022-09-02 16:07:10.204925+00	2022-09-02 16:07:10.204925+00
12	complex numbers	16	2022-09-02 16:07:10.20586+00	2022-09-02 16:07:10.20586+00
13	functions_domain_range	17	2022-09-02 16:07:10.206818+00	2022-09-02 16:07:10.206818+00
14	higher_degree_polynomials	17	2022-09-02 16:07:10.207849+00	2022-09-02 16:07:10.207849+00
15	square_root_equations	17	2022-09-02 16:07:10.208773+00	2022-09-02 16:07:10.208773+00
16	roots_of_polynomials	17	2022-09-02 16:07:10.209725+00	2022-09-02 16:07:10.209725+00
17	multiply_polynomials_binomial	17	2022-09-02 16:07:10.210683+00	2022-09-02 16:07:10.210683+00
18	rational_radical_absolute	17	2022-09-02 16:07:10.211535+00	2022-09-02 16:07:10.211535+00
19	logarithms_properties	17	2022-09-02 16:07:10.212553+00	2022-09-02 16:07:10.212553+00
20	rational_expressions	17	2022-09-02 16:07:10.213596+00	2022-09-02 16:07:10.213596+00
21	systems_of_linear_equations	17	2022-09-02 16:07:10.214513+00	2022-09-02 16:07:10.214513+00
22	arithmetic_and_geometric_sequences	17	2022-09-02 16:07:10.215477+00	2022-09-02 16:07:10.215477+00
23	functions_domain	17	2022-09-02 16:07:10.216351+00	2022-09-02 16:07:10.216351+00
24	solving_linear_equations	17	2022-09-02 16:07:10.217256+00	2022-09-02 16:07:10.217256+00
25	function_transformations_shifts	17	2022-09-02 16:07:10.218331+00	2022-09-02 16:07:10.218331+00
26	graphing_quadratic_functions	17	2022-09-02 16:07:10.219291+00	2022-09-02 16:07:10.219291+00
27	exponential_functions_growth	17	2022-09-02 16:07:10.220277+00	2022-09-02 16:07:10.220277+00
28	rounding_and_scientific_notation	17	2022-09-02 16:07:10.221177+00	2022-09-02 16:07:10.221177+00
29	square root_equations_quadratic	17	2022-09-02 16:07:10.222158+00	2022-09-02 16:07:10.222158+00
30	advanced_factoring_techniques	17	2022-09-02 16:07:10.223147+00	2022-09-02 16:07:10.223147+00
31	congruence and similarity	3	2022-09-02 16:07:10.2241+00	2022-09-02 16:07:10.2241+00
32	vertices	3	2022-09-02 16:07:10.224994+00	2022-09-02 16:07:10.224994+00
33	angles	3	2022-09-02 16:07:10.225902+00	2022-09-02 16:07:10.225902+00
34	circles	3	2022-09-02 16:07:10.226891+00	2022-09-02 16:07:10.226891+00
35	triangles	3	2022-09-02 16:07:10.228046+00	2022-09-02 16:07:10.228046+00
36	rectangles	3	2022-09-02 16:07:10.229051+00	2022-09-02 16:07:10.229051+00
37	angles	18	2022-09-02 16:07:10.230111+00	2022-09-02 16:07:10.230111+00
38	triangles	18	2022-09-02 16:07:10.231128+00	2022-09-02 16:07:10.231128+00
39	right triangles	18	2022-09-02 16:07:10.232078+00	2022-09-02 16:07:10.232078+00
40	quadrants	18	2022-09-02 16:07:10.233024+00	2022-09-02 16:07:10.233024+00
41	radians	18	2022-09-02 16:07:10.233997+00	2022-09-02 16:07:10.233997+00
42	unit circles	18	2022-09-02 16:07:10.234993+00	2022-09-02 16:07:10.234993+00
43	inequalities	18	2022-09-02 16:07:10.236021+00	2022-09-02 16:07:10.236021+00
44	representing data numerically	2	2022-09-02 16:07:10.237114+00	2022-09-02 16:07:10.237114+00
45	representing data graphically	2	2022-09-02 16:07:10.238249+00	2022-09-02 16:07:10.238249+00
46	two means	2	2022-09-02 16:07:10.239199+00	2022-09-02 16:07:10.239199+00
47	two proportions	2	2022-09-02 16:07:10.240072+00	2022-09-02 16:07:10.240072+00
48	levels of measurement	2	2022-09-02 16:07:10.240951+00	2022-09-02 16:07:10.240951+00
49	types of sampling	2	2022-09-02 16:07:10.241881+00	2022-09-02 16:07:10.241881+00
50	finding probability	2	2022-09-02 16:07:10.242798+00	2022-09-02 16:07:10.242798+00
51	finding x from z score	2	2022-09-02 16:07:10.243658+00	2022-09-02 16:07:10.243658+00
52	z score	2	2022-09-02 16:07:10.244499+00	2022-09-02 16:07:10.244499+00
53	basic set operations	2	2022-09-02 16:07:10.245344+00	2022-09-02 16:07:10.245344+00
54	compound events	2	2022-09-02 16:07:10.24624+00	2022-09-02 16:07:10.24624+00
55	conditional probability	2	2022-09-02 16:07:10.24707+00	2022-09-02 16:07:10.24707+00
56	independent probability	2	2022-09-02 16:07:10.247994+00	2022-09-02 16:07:10.247994+00
57	permutations and combinations	2	2022-09-02 16:07:10.248973+00	2022-09-02 16:07:10.248973+00
58	random variables distributions	2	2022-09-02 16:07:10.249886+00	2022-09-02 16:07:10.249886+00
59	relationships between variables	2	2022-09-02 16:07:10.250887+00	2022-09-02 16:07:10.250887+00
60	confidence intervals	2	2022-09-02 16:07:10.251905+00	2022-09-02 16:07:10.251905+00
61	interpreting pvalue	2	2022-09-02 16:07:10.252799+00	2022-09-02 16:07:10.252799+00
62	finding the test statistic	2	2022-09-02 16:07:10.253754+00	2022-09-02 16:07:10.253754+00
63	rectangular coordinates	19	2022-09-02 16:07:10.254707+00	2022-09-02 16:07:10.254707+00
64	linear inequalities	19	2022-09-02 16:07:10.255608+00	2022-09-02 16:07:10.255608+00
65	functions	19	2022-09-02 16:07:10.256517+00	2022-09-02 16:07:10.256517+00
66	rational exponents	19	2022-09-02 16:07:10.257396+00	2022-09-02 16:07:10.257396+00
67	quadratic functions	19	2022-09-02 16:07:10.258582+00	2022-09-02 16:07:10.258582+00
68	logarithms and exponents	19	2022-09-02 16:07:10.259669+00	2022-09-02 16:07:10.259669+00
69	absolute extrema	20	2022-09-02 16:07:10.26056+00	2022-09-02 16:07:10.26056+00
70	antiderivatives	20	2022-09-02 16:07:10.261523+00	2022-09-02 16:07:10.261523+00
71	area between curves	20	2022-09-02 16:07:10.262441+00	2022-09-02 16:07:10.262441+00
72	chain rule	20	2022-09-02 16:07:10.263898+00	2022-09-02 16:07:10.263898+00
73	concavity	20	2022-09-02 16:07:10.264978+00	2022-09-02 16:07:10.264978+00
74	continuity	20	2022-09-02 16:07:10.265997+00	2022-09-02 16:07:10.265997+00
75	derivatives	20	2022-09-02 16:07:10.267024+00	2022-09-02 16:07:10.267024+00
76	differential equations	20	2022-09-02 16:07:10.267988+00	2022-09-02 16:07:10.267988+00
77	fundamental theorem	20	2022-09-02 16:07:10.268917+00	2022-09-02 16:07:10.268917+00
78	lhopitals rule	20	2022-09-02 16:07:10.269968+00	2022-09-02 16:07:10.269968+00
79	implicit differentiation	20	2022-09-02 16:07:10.270951+00	2022-09-02 16:07:10.270951+00
80	mean value theorem	20	2022-09-02 16:07:10.271847+00	2022-09-02 16:07:10.271847+00
81	optimization	20	2022-09-02 16:07:10.272916+00	2022-09-02 16:07:10.272916+00
82	reimann sums	20	2022-09-02 16:07:10.27389+00	2022-09-02 16:07:10.27389+00
83	related rates	20	2022-09-02 16:07:10.274886+00	2022-09-02 16:07:10.274886+00
84	relative extrema	20	2022-09-02 16:07:10.275769+00	2022-09-02 16:07:10.275769+00
85	absolute extrema	21	2022-09-02 16:07:10.27667+00	2022-09-02 16:07:10.27667+00
86	antiderivatives	21	2022-09-02 16:07:10.27756+00	2022-09-02 16:07:10.27756+00
87	area between curves	21	2022-09-02 16:07:10.278522+00	2022-09-02 16:07:10.278522+00
88	chain rule	21	2022-09-02 16:07:10.279449+00	2022-09-02 16:07:10.279449+00
89	derivatives	21	2022-09-02 16:07:10.280292+00	2022-09-02 16:07:10.280292+00
90	differential equations	21	2022-09-02 16:07:10.281227+00	2022-09-02 16:07:10.281227+00
91	fundamental theorem of calculus	21	2022-09-02 16:07:10.282148+00	2022-09-02 16:07:10.282148+00
92	implicit differentiation	21	2022-09-02 16:07:10.283013+00	2022-09-02 16:07:10.283013+00
93	infinite sequences	21	2022-09-02 16:07:10.28387+00	2022-09-02 16:07:10.28387+00
94	limits	21	2022-09-02 16:07:10.28473+00	2022-09-02 16:07:10.28473+00
95	integration by parts	21	2022-09-02 16:07:10.285601+00	2022-09-02 16:07:10.285601+00
96	mean value theorem	21	2022-09-02 16:07:10.286393+00	2022-09-02 16:07:10.286393+00
97	optimization	21	2022-09-02 16:07:10.287219+00	2022-09-02 16:07:10.287219+00
98	parametric	21	2022-09-02 16:07:10.28795+00	2022-09-02 16:07:10.28795+00
99	reimann sums	21	2022-09-02 16:07:10.288708+00	2022-09-02 16:07:10.288708+00
100	relative extrema	21	2022-09-02 16:07:10.289544+00	2022-09-02 16:07:10.289544+00
101	taylor polynomials	21	2022-09-02 16:07:10.290297+00	2022-09-02 16:07:10.290297+00
102	basic	9	2022-09-02 16:07:10.291087+00	2022-09-02 16:07:10.291087+00
103	commonapp	9	2022-09-02 16:07:10.291849+00	2022-09-02 16:07:10.291849+00
104	answer	9	2022-09-02 16:07:10.292926+00	2022-09-02 16:07:10.292926+00
105	dhistory	9	2022-09-02 16:07:10.293824+00	2022-09-02 16:07:10.293824+00
106	optional	9	2022-09-02 16:07:10.294819+00	2022-09-02 16:07:10.294819+00
107	supplemental	9	2022-09-02 16:07:10.295878+00	2022-09-02 16:07:10.295878+00
108	exam	11	2022-09-02 16:07:10.296856+00	2022-09-02 16:07:10.296856+00
109	type	11	2022-09-02 16:07:10.297729+00	2022-09-02 16:07:10.297729+00
110	LOR	11	2022-09-02 16:07:10.298591+00	2022-09-02 16:07:10.298591+00
111	basic	11	2022-09-02 16:07:10.299408+00	2022-09-02 16:07:10.299408+00
112	timeline	10	2022-09-02 16:07:10.30027+00	2022-09-02 16:07:10.30027+00
113	resume	10	2022-09-02 16:07:10.302192+00	2022-09-02 16:07:10.302192+00
114	schools	10	2022-09-02 16:07:10.30328+00	2022-09-02 16:07:10.30328+00
115	fees	10	2022-09-02 16:07:10.304345+00	2022-09-02 16:07:10.304345+00
116	FinAid	10	2022-09-02 16:07:10.30533+00	2022-09-02 16:07:10.30533+00
117	LOR	10	2022-09-02 16:07:10.30628+00	2022-09-02 16:07:10.30628+00
118	basic	10	2022-09-02 16:07:10.307284+00	2022-09-02 16:07:10.307284+00
119	biochemistry	4	2022-09-02 16:07:10.308214+00	2022-09-02 16:07:10.308214+00
120	the cell	4	2022-09-02 16:07:10.309081+00	2022-09-02 16:07:10.309081+00
121	cell division	4	2022-09-02 16:07:10.309924+00	2022-09-02 16:07:10.309924+00
122	cellular respiration	4	2022-09-02 16:07:10.313275+00	2022-09-02 16:07:10.313275+00
123	photosynthesis and plants	4	2022-09-02 16:07:10.314202+00	2022-09-02 16:07:10.314202+00
124	classical genetics	4	2022-09-02 16:07:10.31518+00	2022-09-02 16:07:10.31518+00
125	molecular genetics	4	2022-09-02 16:07:10.316092+00	2022-09-02 16:07:10.316092+00
126	animal behavior and physiology	4	2022-09-02 16:07:10.317049+00	2022-09-02 16:07:10.317049+00
127	ecology	4	2022-09-02 16:07:10.318007+00	2022-09-02 16:07:10.318007+00
128	human physiology and anatomy	4	2022-09-02 16:07:10.31893+00	2022-09-02 16:07:10.31893+00
129	evolution and taxonomy	4	2022-09-02 16:07:10.319808+00	2022-09-02 16:07:10.319808+00
130	chemical reactions	5	2022-09-02 16:07:10.320897+00	2022-09-02 16:07:10.320897+00
131	atoms, compounds, and ions	5	2022-09-02 16:07:10.321817+00	2022-09-02 16:07:10.321817+00
132	stoichiometry	5	2022-09-02 16:07:10.322762+00	2022-09-02 16:07:10.322762+00
133	electron structure of atoms	5	2022-09-02 16:07:10.323695+00	2022-09-02 16:07:10.323695+00
134	periodic table	5	2022-09-02 16:07:10.324601+00	2022-09-02 16:07:10.324601+00
135	chemical bonds	5	2022-09-02 16:07:10.32555+00	2022-09-02 16:07:10.32555+00
136	gases	5	2022-09-02 16:07:10.326455+00	2022-09-02 16:07:10.326455+00
137	states of matter and intermolecular forces	5	2022-09-02 16:07:10.327224+00	2022-09-02 16:07:10.327224+00
138	chemical equilibrium	5	2022-09-02 16:07:10.32805+00	2022-09-02 16:07:10.32805+00
139	acids and bases	5	2022-09-02 16:07:10.328855+00	2022-09-02 16:07:10.328855+00
140	buffers, titrations, and solubility equilibria	5	2022-09-02 16:07:10.329702+00	2022-09-02 16:07:10.329702+00
141	thermodynamics	5	2022-09-02 16:07:10.330515+00	2022-09-02 16:07:10.330515+00
142	redox reactions and electrochemistry	5	2022-09-02 16:07:10.331308+00	2022-09-02 16:07:10.331308+00
143	kinetics	5	2022-09-02 16:07:10.332074+00	2022-09-02 16:07:10.332074+00
144	nuclear chemistry	5	2022-09-02 16:07:10.332967+00	2022-09-02 16:07:10.332967+00
145	kinematics	5	2022-09-02 16:07:10.333799+00	2022-09-02 16:07:10.333799+00
146	kinematics	6	2022-09-02 16:07:10.334752+00	2022-09-02 16:07:10.334752+00
147	newton's laws	6	2022-09-02 16:07:10.335678+00	2022-09-02 16:07:10.335678+00
148	rotational mechanics	6	2022-09-02 16:07:10.336669+00	2022-09-02 16:07:10.336669+00
149	work and energy	6	2022-09-02 16:07:10.337616+00	2022-09-02 16:07:10.337616+00
150	momentum and collisions	6	2022-09-02 16:07:10.338614+00	2022-09-02 16:07:10.338614+00
151	thermodynamics	6	2022-09-02 16:07:10.339578+00	2022-09-02 16:07:10.339578+00
152	electrostatics	6	2022-09-02 16:07:10.340563+00	2022-09-02 16:07:10.340563+00
153	magnetism	6	2022-09-02 16:07:10.341551+00	2022-09-02 16:07:10.341551+00
154	waves and sound	6	2022-09-02 16:07:10.342458+00	2022-09-02 16:07:10.342458+00
155	refraction and reflection	6	2022-09-02 16:07:10.343413+00	2022-09-02 16:07:10.343413+00
156	gravity/gen relativity	6	2022-09-02 16:07:10.344739+00	2022-09-02 16:07:10.344739+00
157	Fluids - density and pressure	7	2022-09-02 16:07:10.345696+00	2022-09-02 16:07:10.345696+00
158	Fluids - dynamics	7	2022-09-02 16:07:10.34672+00	2022-09-02 16:07:10.34672+00
159	THD - Ideal Gases	7	2022-09-02 16:07:10.3478+00	2022-09-02 16:07:10.3478+00
160	thermodynamics	7	2022-09-02 16:07:10.348825+00	2022-09-02 16:07:10.348825+00
161	Electric Field	7	2022-09-02 16:07:10.3497+00	2022-09-02 16:07:10.3497+00
162	Electric Potential	7	2022-09-02 16:07:10.350681+00	2022-09-02 16:07:10.350681+00
163	Magnetic Fields	7	2022-09-02 16:07:10.351499+00	2022-09-02 16:07:10.351499+00
164	Magnetic Induction	7	2022-09-02 16:07:10.352394+00	2022-09-02 16:07:10.352394+00
165	Electromagnetic Waves	7	2022-09-02 16:07:10.353279+00	2022-09-02 16:07:10.353279+00
166	Optics - refraction and reflection	7	2022-09-02 16:07:10.354173+00	2022-09-02 16:07:10.354173+00
167	Quantum & Atomic Physics	7	2022-09-02 16:07:10.355049+00	2022-09-02 16:07:10.355049+00
168	dynamics 2	7	2022-09-02 16:07:10.355876+00	2022-09-02 16:07:10.355876+00
169	Electric Circuits	7	2022-09-02 16:07:10.356736+00	2022-09-02 16:07:10.356736+00
170	earth systems and resources	8	2022-09-02 16:07:10.357566+00	2022-09-02 16:07:10.357566+00
171	ecology	8	2022-09-02 16:07:10.358426+00	2022-09-02 16:07:10.358426+00
172	energy resources and consumption	8	2022-09-02 16:07:10.359274+00	2022-09-02 16:07:10.359274+00
173	global change	8	2022-09-02 16:07:10.360128+00	2022-09-02 16:07:10.360128+00
174	impact of human health and environment	8	2022-09-02 16:07:10.361491+00	2022-09-02 16:07:10.361491+00
175	interdependence of organisms	8	2022-09-02 16:07:10.362634+00	2022-09-02 16:07:10.362634+00
176	land and water resources and use	8	2022-09-02 16:07:10.363544+00	2022-09-02 16:07:10.363544+00
177	introduction to environmental science	8	2022-09-02 16:07:10.364503+00	2022-09-02 16:07:10.364503+00
178	natural biogeochemical cycles	8	2022-09-02 16:07:10.365417+00	2022-09-02 16:07:10.365417+00
179	pollution	8	2022-09-02 16:07:10.366418+00	2022-09-02 16:07:10.366418+00
180	populations	8	2022-09-02 16:07:10.367474+00	2022-09-02 16:07:10.367474+00
181	the atmosphere	8	2022-09-02 16:07:10.368405+00	2022-09-02 16:07:10.368405+00
182	upchieve	22	2022-09-02 16:07:10.369547+00	2022-09-02 16:07:10.369547+00
183	linear_equations	12	2022-09-02 16:07:10.370494+00	2022-09-02 16:07:10.370494+00
184	linear_inequalities	12	2022-09-02 16:07:10.371417+00	2022-09-02 16:07:10.371417+00
185	linear_functions	12	2022-09-02 16:07:10.372357+00	2022-09-02 16:07:10.372357+00
186	quadratic_problems	12	2022-09-02 16:07:10.373292+00	2022-09-02 16:07:10.373292+00
187	nonlinear_equations	12	2022-09-02 16:07:10.374196+00	2022-09-02 16:07:10.374196+00
188	rational_expressions	12	2022-09-02 16:07:10.375008+00	2022-09-02 16:07:10.375008+00
189	isolating_quantities	12	2022-09-02 16:07:10.375983+00	2022-09-02 16:07:10.375983+00
190	linear_systems	12	2022-09-02 16:07:10.376971+00	2022-09-02 16:07:10.376971+00
191	ratios_rates	12	2022-09-02 16:07:10.377859+00	2022-09-02 16:07:10.377859+00
192	units	12	2022-09-02 16:07:10.378697+00	2022-09-02 16:07:10.378697+00
193	percentages	12	2022-09-02 16:07:10.379654+00	2022-09-02 16:07:10.379654+00
194	linear_and_exponential	12	2022-09-02 16:07:10.380529+00	2022-09-02 16:07:10.380529+00
195	data_inferences	12	2022-09-02 16:07:10.381396+00	2022-09-02 16:07:10.381396+00
196	volume_word_problems	12	2022-09-02 16:07:10.382344+00	2022-09-02 16:07:10.382344+00
197	complex_numbers	12	2022-09-02 16:07:10.383475+00	2022-09-02 16:07:10.383475+00
198	circle_equations	12	2022-09-02 16:07:10.384443+00	2022-09-02 16:07:10.384443+00
199	table_data	12	2022-09-02 16:07:10.385333+00	2022-09-02 16:07:10.385333+00
200	scatterplots	12	2022-09-02 16:07:10.38642+00	2022-09-02 16:07:10.38642+00
201	graphs	12	2022-09-02 16:07:10.387479+00	2022-09-02 16:07:10.387479+00
202	shape_of_distributions	12	2022-09-02 16:07:10.388425+00	2022-09-02 16:07:10.388425+00
203	right_triangle_problems	12	2022-09-02 16:07:10.389292+00	2022-09-02 16:07:10.389292+00
204	congruence_and_similarity	12	2022-09-02 16:07:10.390157+00	2022-09-02 16:07:10.390157+00
205	explict_v_implicit	13	2022-09-02 16:07:10.391042+00	2022-09-02 16:07:10.391042+00
206	point_of_view	13	2022-09-02 16:07:10.391997+00	2022-09-02 16:07:10.391997+00
207	analyzing_relationships	13	2022-09-02 16:07:10.392945+00	2022-09-02 16:07:10.392945+00
208	citing_evidence	13	2022-09-02 16:07:10.393809+00	2022-09-02 16:07:10.393809+00
209	summarizing	13	2022-09-02 16:07:10.39468+00	2022-09-02 16:07:10.39468+00
210	analogical_reasoning	13	2022-09-02 16:07:10.395535+00	2022-09-02 16:07:10.395535+00
211	structure_passage	13	2022-09-02 16:07:10.396357+00	2022-09-02 16:07:10.396357+00
212	word_choice	13	2022-09-02 16:07:10.397231+00	2022-09-02 16:07:10.397231+00
213	graphs_and_data	13	2022-09-02 16:07:10.398068+00	2022-09-02 16:07:10.398068+00
214	purpose_of_text	13	2022-09-02 16:07:10.39916+00	2022-09-02 16:07:10.39916+00
215	analyzing_arguments	13	2022-09-02 16:07:10.400161+00	2022-09-02 16:07:10.400161+00
216	connecting_texts	13	2022-09-02 16:07:10.401282+00	2022-09-02 16:07:10.401282+00
217	history_passages	13	2022-09-02 16:07:10.402238+00	2022-09-02 16:07:10.402238+00
218	strategies	13	2022-09-02 16:07:10.403203+00	2022-09-02 16:07:10.403203+00
219	types_of_essays	15	2022-09-02 16:07:10.404031+00	2022-09-02 16:07:10.404031+00
220	essay_structure	15	2022-09-02 16:07:10.405004+00	2022-09-02 16:07:10.405004+00
221	point_of_view	15	2022-09-02 16:07:10.405943+00	2022-09-02 16:07:10.405943+00
222	persuasive_techniques	15	2022-09-02 16:07:10.406866+00	2022-09-02 16:07:10.406866+00
223	citations	15	2022-09-02 16:07:10.407782+00	2022-09-02 16:07:10.407782+00
224	independent_and_dependent_clauses	15	2022-09-02 16:07:10.408791+00	2022-09-02 16:07:10.408791+00
225	punctuation	15	2022-09-02 16:07:10.409725+00	2022-09-02 16:07:10.409725+00
226	verb_tense	15	2022-09-02 16:07:10.410729+00	2022-09-02 16:07:10.410729+00
227	subject_verb_agreement	15	2022-09-02 16:07:10.411638+00	2022-09-02 16:07:10.411638+00
228	specificity_and_coherence	15	2022-09-02 16:07:10.412494+00	2022-09-02 16:07:10.412494+00
229	plagiarism	15	2022-09-02 16:07:10.413343+00	2022-09-02 16:07:10.413343+00
230	nonnvarying_sentence_length	15	2022-09-02 16:07:10.4142+00	2022-09-02 16:07:10.4142+00
231	wordiness	15	2022-09-02 16:07:10.415023+00	2022-09-02 16:07:10.415023+00
232	grammatical_errors	15	2022-09-02 16:07:10.415826+00	2022-09-02 16:07:10.415826+00
233	common_requests	15	2022-09-02 16:07:10.416743+00	2022-09-02 16:07:10.416743+00
234	inference	13	2022-09-02 16:07:10.417579+00	2022-09-02 16:07:10.417579+00
235	integumentary	24	2022-09-02 16:07:10.418428+00	2022-09-02 16:07:10.418428+00
236	little_detail	13	2022-09-02 16:07:10.419288+00	2022-09-02 16:07:10.419288+00
237	lymphatic	24	2022-09-02 16:07:10.420124+00	2022-09-02 16:07:10.420124+00
238	muscular	24	2022-09-02 16:07:10.420944+00	2022-09-02 16:07:10.420944+00
239	nervous	24	2022-09-02 16:07:10.421809+00	2022-09-02 16:07:10.421809+00
240	probingqs	23	2022-09-02 16:07:10.422629+00	2022-09-02 16:07:10.422629+00
241	questions	23	2022-09-02 16:07:10.423542+00	2022-09-02 16:07:10.423542+00
242	reproductive	24	2022-09-02 16:07:10.424479+00	2022-09-02 16:07:10.424479+00
243	respiratory	24	2022-09-02 16:07:10.425443+00	2022-09-02 16:07:10.425443+00
244	sense_organs	24	2022-09-02 16:07:10.426419+00	2022-09-02 16:07:10.426419+00
245	skeletal	24	2022-09-02 16:07:10.427682+00	2022-09-02 16:07:10.427682+00
246	texttype	23	2022-09-02 16:07:10.428684+00	2022-09-02 16:07:10.428684+00
247	tissues	24	2022-09-02 16:07:10.429583+00	2022-09-02 16:07:10.429583+00
248	urinary	24	2022-09-02 16:07:10.430571+00	2022-09-02 16:07:10.430571+00
249	vocab_in_context	13	2022-09-02 16:07:10.431499+00	2022-09-02 16:07:10.431499+00
250	vocabulary	23	2022-09-02 16:07:10.43237+00	2022-09-02 16:07:10.43237+00
251	activatebk	23	2022-09-02 16:07:10.433279+00	2022-09-02 16:07:10.433279+00
252	author_technique	13	2022-09-02 16:07:10.434256+00	2022-09-02 16:07:10.434256+00
253	backgroundknowledge	23	2022-09-02 16:07:10.435239+00	2022-09-02 16:07:10.435239+00
254	big_picture	13	2022-09-02 16:07:10.436222+00	2022-09-02 16:07:10.436222+00
255	cells	24	2022-09-02 16:07:10.437122+00	2022-09-02 16:07:10.437122+00
256	circulatory_system	24	2022-09-02 16:07:10.438015+00	2022-09-02 16:07:10.438015+00
257	comprehensionsupport	23	2022-09-02 16:07:10.438977+00	2022-09-02 16:07:10.438977+00
258	context	23	2022-09-02 16:07:10.440247+00	2022-09-02 16:07:10.440247+00
259	corrections	23	2022-09-02 16:07:10.441189+00	2022-09-02 16:07:10.441189+00
260	digestive	24	2022-09-02 16:07:10.442735+00	2022-09-02 16:07:10.442735+00
261	editing	23	2022-09-02 16:07:10.443939+00	2022-09-02 16:07:10.443939+00
262	endocrine	24	2022-09-02 16:07:10.444986+00	2022-09-02 16:07:10.444986+00
263	evidence_support	13	2022-09-02 16:07:10.445994+00	2022-09-02 16:07:10.445994+00
264	function	13	2022-09-02 16:07:10.447003+00	2022-09-02 16:07:10.447003+00
265	strategies	12	2022-09-02 16:07:10.448014+00	2022-09-02 16:07:10.448014+00
266	unit circle	18	2022-09-02 16:07:10.449001+00	2022-09-02 16:07:10.449001+00
267	dynamics 1	6	2022-09-02 16:07:10.449902+00	2022-09-02 16:07:10.449902+00
268	energy 1	6	2022-09-02 16:07:10.450887+00	2022-09-02 16:07:10.450887+00
269	dynamics 2	6	2022-09-02 16:07:10.45198+00	2022-09-02 16:07:10.45198+00
270	energy 2	6	2022-09-02 16:07:10.452912+00	2022-09-02 16:07:10.452912+00
271	pythagorean theorem	18	2022-09-02 16:07:10.453858+00	2022-09-02 16:07:10.453858+00
272	degrees and radians	18	2022-09-02 16:07:10.454822+00	2022-09-02 16:07:10.454822+00
273	graphing trig functions	18	2022-09-02 16:07:10.456148+00	2022-09-02 16:07:10.456148+00
274	inverse trig functions	18	2022-09-02 16:07:10.457171+00	2022-09-02 16:07:10.457171+00
275	trigonometric identities	18	2022-09-02 16:07:10.457995+00	2022-09-02 16:07:10.457995+00
276	complex numbers	19	2022-09-02 16:07:10.458888+00	2022-09-02 16:07:10.458888+00
277	conic sections	19	2022-09-02 16:07:10.459745+00	2022-09-02 16:07:10.459745+00
278	graphing exponential functions	19	2022-09-02 16:07:10.460689+00	2022-09-02 16:07:10.460689+00
279	graphing polynomials	19	2022-09-02 16:07:10.461559+00	2022-09-02 16:07:10.461559+00
280	graphing rational functions	19	2022-09-02 16:07:10.462692+00	2022-09-02 16:07:10.462692+00
281	logarithms	19	2022-09-02 16:07:10.463593+00	2022-09-02 16:07:10.463593+00
282	inverse functions	19	2022-09-02 16:07:10.464464+00	2022-09-02 16:07:10.464464+00
283	polynomial division	19	2022-09-02 16:07:10.465409+00	2022-09-02 16:07:10.465409+00
284	rational expressions	19	2022-09-02 16:07:10.466373+00	2022-09-02 16:07:10.466373+00
285	sequences series	19	2022-09-02 16:07:10.467472+00	2022-09-02 16:07:10.467472+00
286	exponential logarithmic equations	19	2022-09-02 16:07:10.468469+00	2022-09-02 16:07:10.468469+00
287	other equations	19	2022-09-02 16:07:10.469398+00	2022-09-02 16:07:10.469398+00
288	quadratic and absolute	19	2022-09-02 16:07:10.470212+00	2022-09-02 16:07:10.470212+00
289	solving quadratic equations	19	2022-09-02 16:07:10.471162+00	2022-09-02 16:07:10.471162+00
290	transformations functions	19	2022-09-02 16:07:10.472122+00	2022-09-02 16:07:10.472122+00
291	vectors	19	2022-09-02 16:07:10.473135+00	2022-09-02 16:07:10.473135+00
292	trig functions	18	2022-09-02 16:07:10.474889+00	2022-09-02 16:07:10.474889+00
293	random variables and distributions	2	2022-09-02 16:07:10.476008+00	2022-09-02 16:07:10.476008+00
294	kinematics 2	6	2022-09-02 16:07:10.477172+00	2022-09-02 16:07:10.477172+00
295	DC Circuits	6	2022-09-02 16:07:10.478072+00	2022-09-02 16:07:10.478072+00
296	rotational motion	6	2022-09-02 16:07:10.479145+00	2022-09-02 16:07:10.479145+00
297	polynomials	12	2022-09-02 16:07:10.480041+00	2022-09-02 16:07:10.480041+00
298	functions	12	2022-09-02 16:07:10.480847+00	2022-09-02 16:07:10.480847+00
299	angles	12	2022-09-02 16:07:10.481675+00	2022-09-02 16:07:10.481675+00
\.


--
-- Data for Name: quiz_questions; Type: TABLE DATA; Schema: upchieve; Owner: admin
--

COPY upchieve.quiz_questions (id, question_text, possible_answers, correct_answer, quiz_subcategory_id, image_source, created_at, updated_at, mongo_id) FROM stdin;
\.


--
-- Data for Name: report_reasons; Type: TABLE DATA; Schema: upchieve; Owner: admin
--

COPY upchieve.report_reasons (id, reason, created_at, updated_at) FROM stdin;
1	This student was extremely rude or inappropriate	2022-09-02 16:07:10.585132+00	2022-09-02 16:07:10.585132+00
2	I am worried for the immediate safety of this student	2022-09-02 16:07:10.586157+00	2022-09-02 16:07:10.586157+00
3	LEGACY: Student was unresponsive	2022-09-02 16:07:10.587065+00	2022-09-02 16:07:10.587065+00
4	LEGACY: Technical issue	2022-09-02 16:07:10.588075+00	2022-09-02 16:07:10.588075+00
5	LEGACY: Other	2022-09-02 16:07:10.588987+00	2022-09-02 16:07:10.588987+00
\.


--
-- Data for Name: required_email_domains; Type: TABLE DATA; Schema: upchieve; Owner: admin
--

COPY upchieve.required_email_domains (id, domain, volunteer_partner_org_id, created_at, updated_at) FROM stdin;
0182fef4-d02f-e447-0c66-e3fa2def71b5	mailtrap.com	0182fef4-d02d-50a9-b47b-fc4ad926fc2f	2022-09-02 16:07:13.200353+00	2022-09-02 16:07:13.200353+00
\.


--
-- Data for Name: school_nces_metadata; Type: TABLE DATA; Schema: upchieve; Owner: admin
--

COPY upchieve.school_nces_metadata (school_id, created_at, updated_at, school_year, fipst, statename, st, sch_name, lea_name, state_agency_no, "union", st_leaid, leaid, st_schid, ncessch, schid, mstreet1, mstreet2, mstreet3, mcity, mstate, mzip, mzip4, lstreet1, lstreet2, lstreet3, lcity, lzip, lzip4, phone, website, sy_status, sy_status_text, updated_status, updated_status_text, effective_date, sch_type, sch_type_text, recon_status, out_of_state_flag, charter_text, chartauth1, chartauthn1, chartauth2, chartauthn2, nogrades, g_pk_offered, g_kg_offered, g_1_offered, g_2_offered, g_3_offered, g_4_offered, g_5_offered, g_6_offered, g_7_offered, g_8_offered, g_9_offered, g_10_offered, g_11_offered, g_12_offered, g_13_offered, g_ug_offered, g_ae_offered, gslo, gshi, level, igoffered) FROM stdin;
\.


--
-- Data for Name: schools_sponsor_orgs; Type: TABLE DATA; Schema: upchieve; Owner: admin
--

COPY upchieve.schools_sponsor_orgs (school_id, sponsor_org_id, created_at, updated_at) FROM stdin;
0182fef4-d035-9e67-3e3d-e031b96ac7fb	0182fef4-d03b-ec8d-f57b-71b2031ee46c	2022-09-02 16:07:13.215353+00	2022-09-02 16:07:13.215353+00
0182fef4-d035-631f-f43b-3c191f267796	0182fef4-d03b-328d-96e7-99b984790f6e	2022-09-02 16:07:13.216631+00	2022-09-02 16:07:13.216631+00
\.


--
-- Data for Name: schools_sponsor_orgs_instances; Type: TABLE DATA; Schema: upchieve; Owner: admin
--

COPY upchieve.schools_sponsor_orgs_instances (school_id, sponsor_org_id, deactivated_on, created_at, updated_at) FROM stdin;
\.


--
-- Data for Name: session_failed_joins; Type: TABLE DATA; Schema: upchieve; Owner: admin
--

COPY upchieve.session_failed_joins (session_id, user_id, created_at, updated_at) FROM stdin;
\.


--
-- Data for Name: session_flags; Type: TABLE DATA; Schema: upchieve; Owner: admin
--

COPY upchieve.session_flags (id, name, created_at, updated_at) FROM stdin;
1	Absent student	2022-09-02 16:07:10.574551+00	2022-09-02 16:07:10.574551+00
2	Absent volunteer	2022-09-02 16:07:10.575696+00	2022-09-02 16:07:10.575696+00
3	Low session rating from coach	2022-09-02 16:07:10.576557+00	2022-09-02 16:07:10.576557+00
4	Low session rating from student	2022-09-02 16:07:10.577378+00	2022-09-02 16:07:10.577378+00
5	Low coach rating from student	2022-09-02 16:07:10.578222+00	2022-09-02 16:07:10.578222+00
6	Reported	2022-09-02 16:07:10.579005+00	2022-09-02 16:07:10.579005+00
7	Only looking for answers	2022-09-02 16:07:10.57983+00	2022-09-02 16:07:10.57983+00
8	Rude or inappropriate	2022-09-02 16:07:10.58061+00	2022-09-02 16:07:10.58061+00
9	Comment from student	2022-09-02 16:07:10.581391+00	2022-09-02 16:07:10.581391+00
10	Comment from volunteer	2022-09-02 16:07:10.582166+00	2022-09-02 16:07:10.582166+00
11	Has been unmatched	2022-09-02 16:07:10.583242+00	2022-09-02 16:07:10.583242+00
12	Has had technical issues	2022-09-02 16:07:10.584194+00	2022-09-02 16:07:10.584194+00
\.


--
-- Data for Name: session_messages; Type: TABLE DATA; Schema: upchieve; Owner: admin
--

COPY upchieve.session_messages (id, sender_id, contents, session_id, created_at, updated_at, mongo_id) FROM stdin;
\.


--
-- Data for Name: session_photos; Type: TABLE DATA; Schema: upchieve; Owner: admin
--

COPY upchieve.session_photos (session_id, photo_key, created_at, updated_at) FROM stdin;
\.


--
-- Data for Name: session_reports; Type: TABLE DATA; Schema: upchieve; Owner: admin
--

COPY upchieve.session_reports (id, report_reason_id, report_message, reporting_user_id, session_id, reported_user_id, created_at, updated_at) FROM stdin;
\.


--
-- Data for Name: session_review_reasons; Type: TABLE DATA; Schema: upchieve; Owner: admin
--

COPY upchieve.session_review_reasons (session_id, session_flag_id, created_at, updated_at) FROM stdin;
\.


--
-- Data for Name: sessions_session_flags; Type: TABLE DATA; Schema: upchieve; Owner: admin
--

COPY upchieve.sessions_session_flags (session_id, session_flag_id, created_at, updated_at) FROM stdin;
\.


--
-- Data for Name: sponsor_orgs_upchieve_instances; Type: TABLE DATA; Schema: upchieve; Owner: admin
--

COPY upchieve.sponsor_orgs_upchieve_instances (id, sponsor_org_id, deactivated_on, created_at, updated_at) FROM stdin;
\.


--
-- Data for Name: sponsor_orgs_volunteer_partner_orgs_instances; Type: TABLE DATA; Schema: upchieve; Owner: admin
--

COPY upchieve.sponsor_orgs_volunteer_partner_orgs_instances (sponsor_org_id, volunteer_partner_org_id, deactivated_on, created_at, updated_at) FROM stdin;
\.


--
-- Data for Name: student_favorite_volunteers; Type: TABLE DATA; Schema: upchieve; Owner: admin
--

COPY upchieve.student_favorite_volunteers (student_id, volunteer_id, created_at, updated_at) FROM stdin;
\.


--
-- Data for Name: student_partner_org_sites; Type: TABLE DATA; Schema: upchieve; Owner: admin
--

COPY upchieve.student_partner_org_sites (id, name, student_partner_org_id, created_at, updated_at) FROM stdin;
0182fef4-d029-d1cf-50ce-9f41a8d17e40	Brooklyn	0182fef4-cfe7-1d3a-295f-89f1fc695dc1	2022-09-02 16:07:13.193794+00	2022-09-02 16:07:13.193794+00
0182fef4-d029-2b60-6b45-a2e2c19a2144	Denver	0182fef4-cfe7-1d3a-295f-89f1fc695dc1	2022-09-02 16:07:13.195651+00	2022-09-02 16:07:13.195651+00
0182fef4-d029-1a1f-980e-f02ab9148822	Oakland	0182fef4-cfe7-1d3a-295f-89f1fc695dc1	2022-09-02 16:07:13.196803+00	2022-09-02 16:07:13.196803+00
\.


--
-- Data for Name: student_partner_orgs_sponsor_orgs; Type: TABLE DATA; Schema: upchieve; Owner: admin
--

COPY upchieve.student_partner_orgs_sponsor_orgs (student_partner_org_id, sponsor_org_id, created_at, updated_at) FROM stdin;
0182fef4-cfe7-2e48-efea-cb41038ae037	0182fef4-d03b-a9dd-97cf-e5a26a803057	2022-09-02 16:07:13.223107+00	2022-09-02 16:07:13.223107+00
0182fef4-cfe7-355a-c806-4f97512117e9	0182fef4-d03b-328d-96e7-99b984790f6e	2022-09-02 16:07:13.224607+00	2022-09-02 16:07:13.224607+00
\.


--
-- Data for Name: student_partner_orgs_sponsor_orgs_instances; Type: TABLE DATA; Schema: upchieve; Owner: admin
--

COPY upchieve.student_partner_orgs_sponsor_orgs_instances (student_partner_org_id, sponsor_org_id, deactivated_on, created_at, updated_at) FROM stdin;
\.


--
-- Data for Name: student_partner_orgs_upchieve_instances; Type: TABLE DATA; Schema: upchieve; Owner: admin
--

COPY upchieve.student_partner_orgs_upchieve_instances (id, student_partner_org_id, deactivated_on, created_at, updated_at) FROM stdin;
\.


--
-- Data for Name: student_partner_orgs_volunteer_partner_orgs_instances; Type: TABLE DATA; Schema: upchieve; Owner: admin
--

COPY upchieve.student_partner_orgs_volunteer_partner_orgs_instances (student_partner_org_id, volunteer_partner_org_id, deactivated_on, created_at, updated_at) FROM stdin;
\.


--
-- Data for Name: student_profiles; Type: TABLE DATA; Schema: upchieve; Owner: admin
--

COPY upchieve.student_profiles (user_id, college, school_id, postal_code, grade_level_id, student_partner_org_user_id, student_partner_org_id, student_partner_org_site_id, created_at, updated_at) FROM stdin;
0182fef4-d109-5a14-1cd9-e0b9c8a567d0	\N	0182fef4-d035-2e9e-f0e3-55d88b92a20e	\N	\N	\N	\N	\N	2022-09-02 16:07:13.425295+00	2022-09-02 16:07:13.425295+00
0182fef4-d109-b455-f364-118dcff63943	\N	0182fef4-d035-9e67-3e3d-e031b96ac7fb	\N	\N	\N	0182fef4-cfe7-1d3a-295f-89f1fc695dc1	\N	2022-09-02 16:07:13.426552+00	2022-09-02 16:07:13.426552+00
0182fef4-d109-126d-984e-777dc35af57f	\N	\N	\N	\N	\N	0182fef4-cfe7-355a-c806-4f97512117e9	\N	2022-09-02 16:07:13.427539+00	2022-09-02 16:07:13.427539+00
\.


--
-- Data for Name: survey_questions; Type: TABLE DATA; Schema: upchieve; Owner: admin
--

COPY upchieve.survey_questions (id, question_type_id, question_text, created_at, updated_at, response_display_text) FROM stdin;
6	1	Your goal for this session was to %s. Did UPchieve help you achieve your goal?	2022-09-02 16:07:10.755857+00	2022-09-02 16:07:10.755857+00	\N
7	1	Sorry to hear that, what happened?	2022-09-02 16:07:10.755857+00	2022-09-02 16:07:10.755857+00	\N
8	1	Would you like to favorite your coach %s?	2022-09-02 16:07:10.755857+00	2022-09-02 16:07:10.755857+00	\N
9	1	Overall, how supportive was your coach today?	2022-09-02 16:07:10.755857+00	2022-09-02 16:07:10.755857+00	\N
10	1	Overall, how much did your coach push you to do your best work today?	2022-09-02 16:07:10.755857+00	2022-09-02 16:07:10.755857+00	\N
11	3	This can be about the web app, the Academic Coach who helped you, the services UPchieve offers, etc.	2022-09-02 16:07:10.755857+00	2022-09-02 16:07:10.755857+00	\N
1	1	What is your primary goal for today's session?	2022-09-02 16:07:10.721088+00	2022-09-02 16:07:10.777425+00	Their goal for the session:
2	1	Where are you in the process of reaching your goal?	2022-09-02 16:07:10.721088+00	2022-09-02 16:07:10.777425+00	How much progress they've made towards their goal:
3	1	Overall, how do you feel about applying to college?	2022-09-02 16:07:10.721088+00	2022-09-02 16:07:10.777425+00	How they feel about applying to college:
4	1	How well do you understand the topic you want to talk about today?	2022-09-02 16:07:10.721088+00	2022-09-02 16:07:10.777425+00	How well they understand the topic:
12	1	Overall, how do you feel about the %s section?	2022-09-02 16:07:10.777425+00	2022-09-02 16:07:10.777425+00	How they feel about %s:
5	1	Overall, how do you feel about %s?	2022-09-02 16:07:10.721088+00	2022-09-02 16:07:10.777425+00	How they feel about %s:
13	1	%s's goal for this session was to %s. Were you able to help them achieve their goal?	2022-09-02 16:07:10.784626+00	2022-09-02 16:07:10.784626+00	\N
14	1	How do you think %s feels about %s at the end of this session?	2022-09-02 16:07:10.784626+00	2022-09-02 16:07:10.784626+00	\N
15	1	How do you think %s feels about the %s at the end of this session?	2022-09-02 16:07:10.784626+00	2022-09-02 16:07:10.784626+00	\N
16	1	How do you think %s feels about applying to college at the end of this session?	2022-09-02 16:07:10.784626+00	2022-09-02 16:07:10.784626+00	\N
17	1	Were there any student safety, academic integrity, or community guideline issues during this session?	2022-09-02 16:07:10.784626+00	2022-09-02 16:07:10.784626+00	\N
18	1	Please select all that apply	2022-09-02 16:07:10.784626+00	2022-09-02 16:07:10.784626+00	\N
19	3	This can be about the web app, the student you helped, technical issues, etc.	2022-09-02 16:07:10.784626+00	2022-09-02 16:07:10.784626+00	\N
\.


--
-- Data for Name: survey_questions_question_tags; Type: TABLE DATA; Schema: upchieve; Owner: admin
--

COPY upchieve.survey_questions_question_tags (id, survey_question_id, question_tag_id, created_at, updated_at) FROM stdin;
\.


--
-- Data for Name: survey_response_choices; Type: TABLE DATA; Schema: upchieve; Owner: admin
--

COPY upchieve.survey_response_choices (id, score, choice_text, created_at, updated_at, display_image) FROM stdin;
1	0	Solve a specific question	2022-09-02 16:07:10.721088+00	2022-09-02 16:07:10.721088+00	\N
2	0	Complete a homework assignment	2022-09-02 16:07:10.721088+00	2022-09-02 16:07:10.721088+00	\N
3	0	Prepare for a quiz/test	2022-09-02 16:07:10.721088+00	2022-09-02 16:07:10.721088+00	\N
4	0	Check my answers	2022-09-02 16:07:10.721088+00	2022-09-02 16:07:10.721088+00	\N
7	0	Brainstorm or research an essay topic	2022-09-02 16:07:10.721088+00	2022-09-02 16:07:10.721088+00	\N
8	0	Develop a thesis statement	2022-09-02 16:07:10.721088+00	2022-09-02 16:07:10.721088+00	\N
9	0	Create an essay outline	2022-09-02 16:07:10.721088+00	2022-09-02 16:07:10.721088+00	\N
10	0	Revise essay structure and ideas	2022-09-02 16:07:10.721088+00	2022-09-02 16:07:10.721088+00	\N
11	0	Edit grammar	2022-09-02 16:07:10.721088+00	2022-09-02 16:07:10.721088+00	\N
12	0	Improve my understanding of a text	2022-09-02 16:07:10.721088+00	2022-09-02 16:07:10.721088+00	\N
13	0	Answer questions based on a text	2022-09-02 16:07:10.721088+00	2022-09-02 16:07:10.721088+00	\N
14	0	Revise my response(s) to reading questions	2022-09-02 16:07:10.721088+00	2022-09-02 16:07:10.721088+00	\N
15	0	Understand college requirements	2022-09-02 16:07:10.721088+00	2022-09-02 16:07:10.721088+00	\N
16	0	Pick classes or extracurricular activities	2022-09-02 16:07:10.721088+00	2022-09-02 16:07:10.721088+00	\N
17	0	Research majors or careers	2022-09-02 16:07:10.721088+00	2022-09-02 16:07:10.721088+00	\N
18	0	Select colleges to apply to	2022-09-02 16:07:10.721088+00	2022-09-02 16:07:10.721088+00	\N
19	0	Learn about financial aid and scholarships	2022-09-02 16:07:10.721088+00	2022-09-02 16:07:10.721088+00	\N
20	0	Select a prompt and brainstorm topics	2022-09-02 16:07:10.721088+00	2022-09-02 16:07:10.721088+00	\N
21	0	Create an outline	2022-09-02 16:07:10.721088+00	2022-09-02 16:07:10.721088+00	\N
22	0	Understand the parts of an application	2022-09-02 16:07:10.721088+00	2022-09-02 16:07:10.721088+00	\N
23	0	Create an application timeline	2022-09-02 16:07:10.721088+00	2022-09-02 16:07:10.721088+00	\N
24	0	Work on an application	2022-09-02 16:07:10.721088+00	2022-09-02 16:07:10.721088+00	\N
25	0	Prepare for an interview	2022-09-02 16:07:10.721088+00	2022-09-02 16:07:10.721088+00	\N
26	0	Complete financial aid applications	2022-09-02 16:07:10.721088+00	2022-09-02 16:07:10.721088+00	\N
27	0	Learn more about the exam	2022-09-02 16:07:10.721088+00	2022-09-02 16:07:10.721088+00	\N
28	0	Work on a practice question(s)	2022-09-02 16:07:10.721088+00	2022-09-02 16:07:10.721088+00	\N
29	0	Learn test taking strategies	2022-09-02 16:07:10.721088+00	2022-09-02 16:07:10.721088+00	\N
31	1	I haven't started on this yet	2022-09-02 16:07:10.721088+00	2022-09-02 16:07:10.721088+00	\N
32	2	I've done some work on this	2022-09-02 16:07:10.721088+00	2022-09-02 16:07:10.721088+00	\N
44	2	Sorta but not really	2022-09-02 16:07:10.755857+00	2022-09-02 16:07:10.755857+00	\N
45	3	I guess so	2022-09-02 16:07:10.755857+00	2022-09-02 16:07:10.755857+00	\N
46	4	I'm def closer to my goal	2022-09-02 16:07:10.755857+00	2022-09-02 16:07:10.755857+00	\N
47	5	GOAL ACHIEVED	2022-09-02 16:07:10.755857+00	2022-09-02 16:07:10.755857+00	\N
48	3	Somewhat	2022-09-02 16:07:10.755857+00	2022-09-02 16:07:10.755857+00	\N
49	4	Mostly	2022-09-02 16:07:10.755857+00	2022-09-02 16:07:10.755857+00	\N
50	5	Extremely	2022-09-02 16:07:10.755857+00	2022-09-02 16:07:10.755857+00	\N
51	5	A lot	2022-09-02 16:07:10.755857+00	2022-09-02 16:07:10.755857+00	\N
52	0	Rude coach	2022-09-02 16:07:10.755857+00	2022-09-02 16:07:10.755857+00	\N
53	0	Coach didn't know topic	2022-09-02 16:07:10.755857+00	2022-09-02 16:07:10.755857+00	\N
54	0	Coach slow to respond	2022-09-02 16:07:10.755857+00	2022-09-02 16:07:10.755857+00	\N
55	0	Ran out of time	2022-09-02 16:07:10.755857+00	2022-09-02 16:07:10.755857+00	\N
56	0	Tech issue	2022-09-02 16:07:10.755857+00	2022-09-02 16:07:10.755857+00	\N
58	0	Yes	2022-09-02 16:07:10.755857+00	2022-09-02 16:07:10.755857+00	\N
59	0	Maybe later	2022-09-02 16:07:10.755857+00	2022-09-02 16:07:10.755857+00	\N
5	0	Deepen my understanding of a topic	2022-09-02 16:07:10.721088+00	2022-09-02 16:07:10.76316+00	\N
30	0	Deepen my understanding of a concept	2022-09-02 16:07:10.721088+00	2022-09-02 16:07:10.76316+00	\N
60	0	I'm curious and want to learn something new	2022-09-02 16:07:10.767566+00	2022-09-02 16:07:10.767566+00	\N
61	3	Neutral	2022-09-02 16:07:10.772287+00	2022-09-02 16:07:10.772287+00	https://cdn.upchieve.org/site-images/emojis/neutral-emoji.svg
35	1	Stressed	2022-09-02 16:07:10.721088+00	2022-09-02 16:07:10.772287+00	https://cdn.upchieve.org/site-images/emojis/stressed-emoji.svg
36	2	Nervous	2022-09-02 16:07:10.721088+00	2022-09-02 16:07:10.772287+00	https://cdn.upchieve.org/site-images/emojis/nervous-emoji.svg
37	4	Optimistic	2022-09-02 16:07:10.721088+00	2022-09-02 16:07:10.772287+00	https://cdn.upchieve.org/site-images/emojis/optimistic-emoji.svg
38	5	Confident	2022-09-02 16:07:10.721088+00	2022-09-02 16:07:10.772287+00	https://cdn.upchieve.org/site-images/emojis/confident-emoji.svg
40	2	A little	2022-09-02 16:07:10.721088+00	2022-09-02 16:07:10.777425+00	\N
41	3	A medium amount	2022-09-02 16:07:10.721088+00	2022-09-02 16:07:10.777425+00	\N
42	4	Really well	2022-09-02 16:07:10.721088+00	2022-09-02 16:07:10.777425+00	\N
62	5	Almost perfectly	2022-09-02 16:07:10.777425+00	2022-09-02 16:07:10.777425+00	\N
33	3	I'm finishing this up	2022-09-02 16:07:10.721088+00	2022-09-02 16:07:10.777425+00	\N
34	4	I've completed this	2022-09-02 16:07:10.721088+00	2022-09-02 16:07:10.777425+00	\N
63	0	Yes	2022-09-02 16:07:10.784626+00	2022-09-02 16:07:10.784626+00	\N
64	0	No	2022-09-02 16:07:10.784626+00	2022-09-02 16:07:10.784626+00	\N
65	0	I didn't know topic	2022-09-02 16:07:10.784626+00	2022-09-02 16:07:10.784626+00	\N
66	0	Wrong subject	2022-09-02 16:07:10.784626+00	2022-09-02 16:07:10.784626+00	\N
67	0	Student participation	2022-09-02 16:07:10.784626+00	2022-09-02 16:07:10.784626+00	\N
68	0	Other	2022-09-02 16:07:10.794364+00	2022-09-02 16:07:10.794364+00	\N
69	1	Not at all	2022-09-02 16:07:10.794364+00	2022-09-02 16:07:10.794364+00	\N
70	0	Answer US History text questions	2022-09-02 16:07:10.794364+00	2022-09-02 16:07:10.794364+00	\N
71	0	Develop a thesis statement or essay topic	2022-09-02 16:07:10.794364+00	2022-09-02 16:07:10.794364+00	\N
\.


--
-- Data for Name: surveys; Type: TABLE DATA; Schema: upchieve; Owner: admin
--

COPY upchieve.surveys (id, name, created_at, updated_at) FROM stdin;
1	STEM Pre-Session Survey	2022-09-02 16:07:10.721088+00	2022-09-02 16:07:10.721088+00
2	Humanities Essays Pre-Session Survey	2022-09-02 16:07:10.721088+00	2022-09-02 16:07:10.721088+00
3	Reading Pre-Session Survey	2022-09-02 16:07:10.721088+00	2022-09-02 16:07:10.721088+00
4	College Planning Pre-Session Survey	2022-09-02 16:07:10.721088+00	2022-09-02 16:07:10.721088+00
5	College Essays Pre-Session Survey	2022-09-02 16:07:10.721088+00	2022-09-02 16:07:10.721088+00
6	College Applications Pre-Session Survey	2022-09-02 16:07:10.721088+00	2022-09-02 16:07:10.721088+00
7	SAT Prep Pre-Session Survey	2022-09-02 16:07:10.721088+00	2022-09-02 16:07:10.721088+00
8	Student Post-Session Survey	2022-09-02 16:07:10.755857+00	2022-09-02 16:07:10.755857+00
9	General Volunteer Post-Session Survey	2022-09-02 16:07:10.784626+00	2022-09-02 16:07:10.784626+00
10	SAT Prep Volunteer Post-Session Survey	2022-09-02 16:07:10.784626+00	2022-09-02 16:07:10.784626+00
11	College Counseling Post-Session Survey	2022-09-02 16:07:10.784626+00	2022-09-02 16:07:10.784626+00
12	U.S. History Pre-Session Survey	2022-09-02 16:07:10.794364+00	2022-09-02 16:07:10.794364+00
\.


--
-- Data for Name: surveys_survey_questions; Type: TABLE DATA; Schema: upchieve; Owner: admin
--

COPY upchieve.surveys_survey_questions (id, survey_id, survey_question_id, display_priority, created_at, updated_at) FROM stdin;
1	1	1	10	2022-09-02 16:07:10.721088+00	2022-09-02 16:07:10.721088+00
2	2	1	10	2022-09-02 16:07:10.721088+00	2022-09-02 16:07:10.721088+00
3	3	1	10	2022-09-02 16:07:10.721088+00	2022-09-02 16:07:10.721088+00
4	4	1	10	2022-09-02 16:07:10.721088+00	2022-09-02 16:07:10.721088+00
5	5	1	10	2022-09-02 16:07:10.721088+00	2022-09-02 16:07:10.721088+00
6	6	1	10	2022-09-02 16:07:10.721088+00	2022-09-02 16:07:10.721088+00
7	7	1	10	2022-09-02 16:07:10.721088+00	2022-09-02 16:07:10.721088+00
8	4	2	20	2022-09-02 16:07:10.721088+00	2022-09-02 16:07:10.721088+00
9	5	2	20	2022-09-02 16:07:10.721088+00	2022-09-02 16:07:10.721088+00
10	6	2	20	2022-09-02 16:07:10.721088+00	2022-09-02 16:07:10.721088+00
11	4	3	30	2022-09-02 16:07:10.721088+00	2022-09-02 16:07:10.721088+00
12	5	3	30	2022-09-02 16:07:10.721088+00	2022-09-02 16:07:10.721088+00
13	6	3	30	2022-09-02 16:07:10.721088+00	2022-09-02 16:07:10.721088+00
14	1	4	20	2022-09-02 16:07:10.721088+00	2022-09-02 16:07:10.721088+00
15	2	4	20	2022-09-02 16:07:10.721088+00	2022-09-02 16:07:10.721088+00
16	3	4	20	2022-09-02 16:07:10.721088+00	2022-09-02 16:07:10.721088+00
17	7	4	20	2022-09-02 16:07:10.721088+00	2022-09-02 16:07:10.721088+00
18	1	5	30	2022-09-02 16:07:10.721088+00	2022-09-02 16:07:10.721088+00
19	2	5	30	2022-09-02 16:07:10.721088+00	2022-09-02 16:07:10.721088+00
20	3	5	30	2022-09-02 16:07:10.721088+00	2022-09-02 16:07:10.721088+00
22	8	6	10	2022-09-02 16:07:10.755857+00	2022-09-02 16:07:10.755857+00
23	8	7	20	2022-09-02 16:07:10.755857+00	2022-09-02 16:07:10.755857+00
24	8	8	30	2022-09-02 16:07:10.755857+00	2022-09-02 16:07:10.755857+00
25	8	9	40	2022-09-02 16:07:10.755857+00	2022-09-02 16:07:10.755857+00
26	8	10	50	2022-09-02 16:07:10.755857+00	2022-09-02 16:07:10.755857+00
27	8	11	60	2022-09-02 16:07:10.755857+00	2022-09-02 16:07:10.755857+00
21	7	12	30	2022-09-02 16:07:10.721088+00	2022-09-02 16:07:10.777425+00
28	9	13	10	2022-09-02 16:07:10.784626+00	2022-09-02 16:07:10.784626+00
29	10	13	10	2022-09-02 16:07:10.784626+00	2022-09-02 16:07:10.784626+00
30	9	14	20	2022-09-02 16:07:10.784626+00	2022-09-02 16:07:10.784626+00
31	10	15	20	2022-09-02 16:07:10.784626+00	2022-09-02 16:07:10.784626+00
32	9	17	30	2022-09-02 16:07:10.784626+00	2022-09-02 16:07:10.784626+00
33	10	17	30	2022-09-02 16:07:10.784626+00	2022-09-02 16:07:10.784626+00
34	9	18	40	2022-09-02 16:07:10.784626+00	2022-09-02 16:07:10.784626+00
35	10	18	40	2022-09-02 16:07:10.784626+00	2022-09-02 16:07:10.784626+00
36	9	19	50	2022-09-02 16:07:10.784626+00	2022-09-02 16:07:10.784626+00
37	10	19	50	2022-09-02 16:07:10.784626+00	2022-09-02 16:07:10.784626+00
38	12	1	10	2022-09-02 16:07:10.794364+00	2022-09-02 16:07:10.794364+00
39	12	4	20	2022-09-02 16:07:10.794364+00	2022-09-02 16:07:10.794364+00
40	12	5	30	2022-09-02 16:07:10.794364+00	2022-09-02 16:07:10.794364+00
\.


--
-- Data for Name: survey_questions_response_choices; Type: TABLE DATA; Schema: upchieve; Owner: admin
--

COPY upchieve.survey_questions_response_choices (response_choice_id, display_priority, created_at, updated_at, surveys_survey_question_id) FROM stdin;
1	10	2022-09-02 16:07:10.721088+00	2022-09-02 16:07:10.721088+00	1
7	10	2022-09-02 16:07:10.721088+00	2022-09-02 16:07:10.721088+00	2
12	10	2022-09-02 16:07:10.721088+00	2022-09-02 16:07:10.721088+00	3
15	10	2022-09-02 16:07:10.721088+00	2022-09-02 16:07:10.721088+00	4
20	10	2022-09-02 16:07:10.721088+00	2022-09-02 16:07:10.721088+00	5
22	10	2022-09-02 16:07:10.721088+00	2022-09-02 16:07:10.721088+00	6
27	10	2022-09-02 16:07:10.721088+00	2022-09-02 16:07:10.721088+00	7
31	10	2022-09-02 16:07:10.721088+00	2022-09-02 16:07:10.721088+00	8
31	10	2022-09-02 16:07:10.721088+00	2022-09-02 16:07:10.721088+00	9
31	10	2022-09-02 16:07:10.721088+00	2022-09-02 16:07:10.721088+00	10
35	10	2022-09-02 16:07:10.721088+00	2022-09-02 16:07:10.721088+00	11
35	10	2022-09-02 16:07:10.721088+00	2022-09-02 16:07:10.721088+00	12
35	10	2022-09-02 16:07:10.721088+00	2022-09-02 16:07:10.721088+00	13
35	10	2022-09-02 16:07:10.721088+00	2022-09-02 16:07:10.721088+00	18
35	10	2022-09-02 16:07:10.721088+00	2022-09-02 16:07:10.721088+00	19
35	10	2022-09-02 16:07:10.721088+00	2022-09-02 16:07:10.721088+00	20
35	10	2022-09-02 16:07:10.721088+00	2022-09-02 16:07:10.721088+00	21
2	20	2022-09-02 16:07:10.721088+00	2022-09-02 16:07:10.721088+00	1
8	20	2022-09-02 16:07:10.721088+00	2022-09-02 16:07:10.721088+00	2
13	20	2022-09-02 16:07:10.721088+00	2022-09-02 16:07:10.721088+00	3
16	20	2022-09-02 16:07:10.721088+00	2022-09-02 16:07:10.721088+00	4
21	20	2022-09-02 16:07:10.721088+00	2022-09-02 16:07:10.721088+00	5
23	20	2022-09-02 16:07:10.721088+00	2022-09-02 16:07:10.721088+00	6
29	20	2022-09-02 16:07:10.721088+00	2022-09-02 16:07:10.721088+00	7
36	20	2022-09-02 16:07:10.721088+00	2022-09-02 16:07:10.721088+00	11
36	20	2022-09-02 16:07:10.721088+00	2022-09-02 16:07:10.721088+00	12
36	20	2022-09-02 16:07:10.721088+00	2022-09-02 16:07:10.721088+00	13
40	20	2022-09-02 16:07:10.721088+00	2022-09-02 16:07:10.721088+00	14
40	20	2022-09-02 16:07:10.721088+00	2022-09-02 16:07:10.721088+00	15
40	20	2022-09-02 16:07:10.721088+00	2022-09-02 16:07:10.721088+00	16
40	20	2022-09-02 16:07:10.721088+00	2022-09-02 16:07:10.721088+00	17
36	20	2022-09-02 16:07:10.721088+00	2022-09-02 16:07:10.721088+00	18
36	20	2022-09-02 16:07:10.721088+00	2022-09-02 16:07:10.721088+00	19
36	20	2022-09-02 16:07:10.721088+00	2022-09-02 16:07:10.721088+00	20
36	20	2022-09-02 16:07:10.721088+00	2022-09-02 16:07:10.721088+00	21
3	30	2022-09-02 16:07:10.721088+00	2022-09-02 16:07:10.721088+00	1
9	30	2022-09-02 16:07:10.721088+00	2022-09-02 16:07:10.721088+00	2
14	30	2022-09-02 16:07:10.721088+00	2022-09-02 16:07:10.721088+00	3
17	30	2022-09-02 16:07:10.721088+00	2022-09-02 16:07:10.721088+00	4
10	30	2022-09-02 16:07:10.721088+00	2022-09-02 16:07:10.721088+00	5
24	30	2022-09-02 16:07:10.721088+00	2022-09-02 16:07:10.721088+00	6
28	30	2022-09-02 16:07:10.721088+00	2022-09-02 16:07:10.721088+00	7
33	30	2022-09-02 16:07:10.721088+00	2022-09-02 16:07:10.721088+00	8
33	30	2022-09-02 16:07:10.721088+00	2022-09-02 16:07:10.721088+00	9
33	30	2022-09-02 16:07:10.721088+00	2022-09-02 16:07:10.721088+00	10
41	30	2022-09-02 16:07:10.721088+00	2022-09-02 16:07:10.721088+00	14
41	30	2022-09-02 16:07:10.721088+00	2022-09-02 16:07:10.721088+00	15
41	30	2022-09-02 16:07:10.721088+00	2022-09-02 16:07:10.721088+00	16
41	30	2022-09-02 16:07:10.721088+00	2022-09-02 16:07:10.721088+00	17
4	40	2022-09-02 16:07:10.721088+00	2022-09-02 16:07:10.721088+00	1
10	40	2022-09-02 16:07:10.721088+00	2022-09-02 16:07:10.721088+00	2
18	40	2022-09-02 16:07:10.721088+00	2022-09-02 16:07:10.721088+00	4
11	40	2022-09-02 16:07:10.721088+00	2022-09-02 16:07:10.721088+00	5
25	40	2022-09-02 16:07:10.721088+00	2022-09-02 16:07:10.721088+00	6
4	40	2022-09-02 16:07:10.721088+00	2022-09-02 16:07:10.721088+00	7
42	40	2022-09-02 16:07:10.721088+00	2022-09-02 16:07:10.721088+00	14
42	40	2022-09-02 16:07:10.721088+00	2022-09-02 16:07:10.721088+00	15
42	40	2022-09-02 16:07:10.721088+00	2022-09-02 16:07:10.721088+00	16
42	40	2022-09-02 16:07:10.721088+00	2022-09-02 16:07:10.721088+00	17
5	50	2022-09-02 16:07:10.721088+00	2022-09-02 16:07:10.721088+00	1
11	50	2022-09-02 16:07:10.721088+00	2022-09-02 16:07:10.721088+00	2
19	50	2022-09-02 16:07:10.721088+00	2022-09-02 16:07:10.721088+00	4
26	50	2022-09-02 16:07:10.721088+00	2022-09-02 16:07:10.721088+00	6
30	50	2022-09-02 16:07:10.721088+00	2022-09-02 16:07:10.721088+00	7
44	20	2022-09-02 16:07:10.755857+00	2022-09-02 16:07:10.755857+00	22
45	30	2022-09-02 16:07:10.755857+00	2022-09-02 16:07:10.755857+00	22
46	40	2022-09-02 16:07:10.755857+00	2022-09-02 16:07:10.755857+00	22
47	50	2022-09-02 16:07:10.755857+00	2022-09-02 16:07:10.755857+00	22
52	10	2022-09-02 16:07:10.755857+00	2022-09-02 16:07:10.755857+00	23
53	20	2022-09-02 16:07:10.755857+00	2022-09-02 16:07:10.755857+00	23
54	30	2022-09-02 16:07:10.755857+00	2022-09-02 16:07:10.755857+00	23
55	40	2022-09-02 16:07:10.755857+00	2022-09-02 16:07:10.755857+00	23
56	50	2022-09-02 16:07:10.755857+00	2022-09-02 16:07:10.755857+00	23
58	10	2022-09-02 16:07:10.755857+00	2022-09-02 16:07:10.755857+00	24
59	20	2022-09-02 16:07:10.755857+00	2022-09-02 16:07:10.755857+00	24
44	20	2022-09-02 16:07:10.755857+00	2022-09-02 16:07:10.755857+00	25
48	30	2022-09-02 16:07:10.755857+00	2022-09-02 16:07:10.755857+00	25
49	40	2022-09-02 16:07:10.755857+00	2022-09-02 16:07:10.755857+00	25
50	50	2022-09-02 16:07:10.755857+00	2022-09-02 16:07:10.755857+00	25
44	20	2022-09-02 16:07:10.755857+00	2022-09-02 16:07:10.755857+00	26
48	30	2022-09-02 16:07:10.755857+00	2022-09-02 16:07:10.755857+00	26
49	40	2022-09-02 16:07:10.755857+00	2022-09-02 16:07:10.755857+00	26
51	50	2022-09-02 16:07:10.755857+00	2022-09-02 16:07:10.755857+00	26
60	60	2022-09-02 16:07:10.767566+00	2022-09-02 16:07:10.767566+00	1
61	30	2022-09-02 16:07:10.772287+00	2022-09-02 16:07:10.772287+00	11
61	30	2022-09-02 16:07:10.772287+00	2022-09-02 16:07:10.772287+00	12
61	30	2022-09-02 16:07:10.772287+00	2022-09-02 16:07:10.772287+00	13
61	30	2022-09-02 16:07:10.772287+00	2022-09-02 16:07:10.772287+00	18
61	30	2022-09-02 16:07:10.772287+00	2022-09-02 16:07:10.772287+00	19
61	30	2022-09-02 16:07:10.772287+00	2022-09-02 16:07:10.772287+00	20
61	30	2022-09-02 16:07:10.772287+00	2022-09-02 16:07:10.772287+00	21
37	40	2022-09-02 16:07:10.721088+00	2022-09-02 16:07:10.772287+00	11
37	40	2022-09-02 16:07:10.721088+00	2022-09-02 16:07:10.772287+00	12
37	40	2022-09-02 16:07:10.721088+00	2022-09-02 16:07:10.772287+00	13
37	40	2022-09-02 16:07:10.721088+00	2022-09-02 16:07:10.772287+00	18
37	40	2022-09-02 16:07:10.721088+00	2022-09-02 16:07:10.772287+00	19
37	40	2022-09-02 16:07:10.721088+00	2022-09-02 16:07:10.772287+00	20
37	40	2022-09-02 16:07:10.721088+00	2022-09-02 16:07:10.772287+00	21
38	50	2022-09-02 16:07:10.721088+00	2022-09-02 16:07:10.772287+00	11
38	50	2022-09-02 16:07:10.721088+00	2022-09-02 16:07:10.772287+00	12
38	50	2022-09-02 16:07:10.721088+00	2022-09-02 16:07:10.772287+00	13
38	50	2022-09-02 16:07:10.721088+00	2022-09-02 16:07:10.772287+00	18
38	50	2022-09-02 16:07:10.721088+00	2022-09-02 16:07:10.772287+00	19
38	50	2022-09-02 16:07:10.721088+00	2022-09-02 16:07:10.772287+00	20
38	50	2022-09-02 16:07:10.721088+00	2022-09-02 16:07:10.772287+00	21
62	50	2022-09-02 16:07:10.777425+00	2022-09-02 16:07:10.777425+00	14
62	50	2022-09-02 16:07:10.777425+00	2022-09-02 16:07:10.777425+00	15
62	50	2022-09-02 16:07:10.777425+00	2022-09-02 16:07:10.777425+00	16
62	50	2022-09-02 16:07:10.777425+00	2022-09-02 16:07:10.777425+00	17
32	20	2022-09-02 16:07:10.777425+00	2022-09-02 16:07:10.777425+00	8
32	20	2022-09-02 16:07:10.777425+00	2022-09-02 16:07:10.777425+00	9
32	20	2022-09-02 16:07:10.777425+00	2022-09-02 16:07:10.777425+00	10
34	40	2022-09-02 16:07:10.777425+00	2022-09-02 16:07:10.777425+00	8
34	40	2022-09-02 16:07:10.777425+00	2022-09-02 16:07:10.777425+00	9
34	40	2022-09-02 16:07:10.777425+00	2022-09-02 16:07:10.777425+00	10
44	20	2022-09-02 16:07:10.784626+00	2022-09-02 16:07:10.784626+00	28
44	20	2022-09-02 16:07:10.784626+00	2022-09-02 16:07:10.784626+00	29
48	30	2022-09-02 16:07:10.784626+00	2022-09-02 16:07:10.784626+00	28
48	30	2022-09-02 16:07:10.784626+00	2022-09-02 16:07:10.784626+00	29
49	40	2022-09-02 16:07:10.784626+00	2022-09-02 16:07:10.784626+00	28
49	40	2022-09-02 16:07:10.784626+00	2022-09-02 16:07:10.784626+00	29
51	50	2022-09-02 16:07:10.784626+00	2022-09-02 16:07:10.784626+00	28
51	50	2022-09-02 16:07:10.784626+00	2022-09-02 16:07:10.784626+00	29
55	20	2022-09-02 16:07:10.784626+00	2022-09-02 16:07:10.784626+00	34
55	20	2022-09-02 16:07:10.784626+00	2022-09-02 16:07:10.784626+00	35
58	10	2022-09-02 16:07:10.784626+00	2022-09-02 16:07:10.784626+00	32
58	10	2022-09-02 16:07:10.784626+00	2022-09-02 16:07:10.784626+00	33
61	30	2022-09-02 16:07:10.784626+00	2022-09-02 16:07:10.784626+00	30
35	10	2022-09-02 16:07:10.784626+00	2022-09-02 16:07:10.784626+00	30
36	20	2022-09-02 16:07:10.784626+00	2022-09-02 16:07:10.784626+00	30
37	40	2022-09-02 16:07:10.784626+00	2022-09-02 16:07:10.784626+00	30
38	50	2022-09-02 16:07:10.784626+00	2022-09-02 16:07:10.784626+00	30
63	10	2022-09-02 16:07:10.784626+00	2022-09-02 16:07:10.784626+00	32
63	10	2022-09-02 16:07:10.784626+00	2022-09-02 16:07:10.784626+00	33
64	20	2022-09-02 16:07:10.784626+00	2022-09-02 16:07:10.784626+00	32
64	20	2022-09-02 16:07:10.784626+00	2022-09-02 16:07:10.784626+00	33
65	30	2022-09-02 16:07:10.784626+00	2022-09-02 16:07:10.784626+00	34
65	30	2022-09-02 16:07:10.784626+00	2022-09-02 16:07:10.784626+00	35
66	40	2022-09-02 16:07:10.784626+00	2022-09-02 16:07:10.784626+00	34
66	40	2022-09-02 16:07:10.784626+00	2022-09-02 16:07:10.784626+00	35
67	50	2022-09-02 16:07:10.784626+00	2022-09-02 16:07:10.784626+00	34
67	50	2022-09-02 16:07:10.784626+00	2022-09-02 16:07:10.784626+00	35
3	30	2022-09-02 16:07:10.794364+00	2022-09-02 16:07:10.794364+00	38
4	20	2022-09-02 16:07:10.794364+00	2022-09-02 16:07:10.794364+00	38
30	50	2022-09-02 16:07:10.794364+00	2022-09-02 16:07:10.794364+00	38
60	60	2022-09-02 16:07:10.794364+00	2022-09-02 16:07:10.794364+00	38
61	30	2022-09-02 16:07:10.794364+00	2022-09-02 16:07:10.794364+00	40
35	10	2022-09-02 16:07:10.794364+00	2022-09-02 16:07:10.794364+00	40
36	20	2022-09-02 16:07:10.794364+00	2022-09-02 16:07:10.794364+00	40
37	40	2022-09-02 16:07:10.794364+00	2022-09-02 16:07:10.794364+00	40
38	50	2022-09-02 16:07:10.794364+00	2022-09-02 16:07:10.794364+00	40
40	20	2022-09-02 16:07:10.794364+00	2022-09-02 16:07:10.794364+00	39
41	30	2022-09-02 16:07:10.794364+00	2022-09-02 16:07:10.794364+00	39
42	40	2022-09-02 16:07:10.794364+00	2022-09-02 16:07:10.794364+00	39
62	50	2022-09-02 16:07:10.794364+00	2022-09-02 16:07:10.794364+00	39
68	40	2022-09-02 16:07:10.794364+00	2022-09-02 16:07:10.794364+00	3
68	50	2022-09-02 16:07:10.794364+00	2022-09-02 16:07:10.794364+00	5
68	60	2022-09-02 16:07:10.794364+00	2022-09-02 16:07:10.794364+00	2
68	60	2022-09-02 16:07:10.794364+00	2022-09-02 16:07:10.794364+00	4
68	60	2022-09-02 16:07:10.794364+00	2022-09-02 16:07:10.794364+00	6
68	60	2022-09-02 16:07:10.794364+00	2022-09-02 16:07:10.794364+00	7
68	60	2022-09-02 16:07:10.794364+00	2022-09-02 16:07:10.794364+00	23
68	60	2022-09-02 16:07:10.794364+00	2022-09-02 16:07:10.794364+00	34
68	60	2022-09-02 16:07:10.794364+00	2022-09-02 16:07:10.794364+00	35
68	70	2022-09-02 16:07:10.794364+00	2022-09-02 16:07:10.794364+00	1
68	70	2022-09-02 16:07:10.794364+00	2022-09-02 16:07:10.794364+00	38
69	10	2022-09-02 16:07:10.794364+00	2022-09-02 16:07:10.794364+00	14
69	10	2022-09-02 16:07:10.794364+00	2022-09-02 16:07:10.794364+00	15
69	10	2022-09-02 16:07:10.794364+00	2022-09-02 16:07:10.794364+00	16
69	10	2022-09-02 16:07:10.794364+00	2022-09-02 16:07:10.794364+00	17
69	10	2022-09-02 16:07:10.794364+00	2022-09-02 16:07:10.794364+00	22
69	10	2022-09-02 16:07:10.794364+00	2022-09-02 16:07:10.794364+00	25
69	10	2022-09-02 16:07:10.794364+00	2022-09-02 16:07:10.794364+00	26
69	10	2022-09-02 16:07:10.794364+00	2022-09-02 16:07:10.794364+00	28
69	10	2022-09-02 16:07:10.794364+00	2022-09-02 16:07:10.794364+00	29
69	10	2022-09-02 16:07:10.794364+00	2022-09-02 16:07:10.794364+00	33
69	10	2022-09-02 16:07:10.794364+00	2022-09-02 16:07:10.794364+00	39
70	10	2022-09-02 16:07:10.794364+00	2022-09-02 16:07:10.794364+00	38
71	40	2022-09-02 16:07:10.794364+00	2022-09-02 16:07:10.794364+00	38
\.


--
-- Data for Name: survey_types; Type: TABLE DATA; Schema: upchieve; Owner: admin
--

COPY upchieve.survey_types (id, name, created_at, updated_at) FROM stdin;
1	presession	2022-09-02 16:07:10.746092+00	2022-09-02 16:07:10.746092+00
2	postsession	2022-09-02 16:07:10.746092+00	2022-09-02 16:07:10.746092+00
\.


--
-- Data for Name: surveys_context; Type: TABLE DATA; Schema: upchieve; Owner: admin
--

COPY upchieve.surveys_context (survey_id, subject_id, survey_type_id, created_at, updated_at) FROM stdin;
1	1	1	2022-09-02 16:07:10.746092+00	2022-09-02 16:07:10.746092+00
1	2	1	2022-09-02 16:07:10.746092+00	2022-09-02 16:07:10.746092+00
1	3	1	2022-09-02 16:07:10.746092+00	2022-09-02 16:07:10.746092+00
1	4	1	2022-09-02 16:07:10.746092+00	2022-09-02 16:07:10.746092+00
1	5	1	2022-09-02 16:07:10.746092+00	2022-09-02 16:07:10.746092+00
1	6	1	2022-09-02 16:07:10.746092+00	2022-09-02 16:07:10.746092+00
1	7	1	2022-09-02 16:07:10.746092+00	2022-09-02 16:07:10.746092+00
1	8	1	2022-09-02 16:07:10.746092+00	2022-09-02 16:07:10.746092+00
1	9	1	2022-09-02 16:07:10.746092+00	2022-09-02 16:07:10.746092+00
1	10	1	2022-09-02 16:07:10.746092+00	2022-09-02 16:07:10.746092+00
1	11	1	2022-09-02 16:07:10.746092+00	2022-09-02 16:07:10.746092+00
1	12	1	2022-09-02 16:07:10.746092+00	2022-09-02 16:07:10.746092+00
1	13	1	2022-09-02 16:07:10.746092+00	2022-09-02 16:07:10.746092+00
1	14	1	2022-09-02 16:07:10.746092+00	2022-09-02 16:07:10.746092+00
1	21	1	2022-09-02 16:07:10.746092+00	2022-09-02 16:07:10.746092+00
1	22	1	2022-09-02 16:07:10.746092+00	2022-09-02 16:07:10.746092+00
1	23	1	2022-09-02 16:07:10.746092+00	2022-09-02 16:07:10.746092+00
1	24	1	2022-09-02 16:07:10.746092+00	2022-09-02 16:07:10.746092+00
2	20	1	2022-09-02 16:07:10.746092+00	2022-09-02 16:07:10.746092+00
3	25	1	2022-09-02 16:07:10.746092+00	2022-09-02 16:07:10.746092+00
4	18	1	2022-09-02 16:07:10.746092+00	2022-09-02 16:07:10.746092+00
6	19	1	2022-09-02 16:07:10.746092+00	2022-09-02 16:07:10.746092+00
7	15	1	2022-09-02 16:07:10.746092+00	2022-09-02 16:07:10.746092+00
7	16	1	2022-09-02 16:07:10.746092+00	2022-09-02 16:07:10.746092+00
8	1	2	2022-09-02 16:07:10.755857+00	2022-09-02 16:07:10.755857+00
8	2	2	2022-09-02 16:07:10.755857+00	2022-09-02 16:07:10.755857+00
8	3	2	2022-09-02 16:07:10.755857+00	2022-09-02 16:07:10.755857+00
8	4	2	2022-09-02 16:07:10.755857+00	2022-09-02 16:07:10.755857+00
8	5	2	2022-09-02 16:07:10.755857+00	2022-09-02 16:07:10.755857+00
8	6	2	2022-09-02 16:07:10.755857+00	2022-09-02 16:07:10.755857+00
8	7	2	2022-09-02 16:07:10.755857+00	2022-09-02 16:07:10.755857+00
8	8	2	2022-09-02 16:07:10.755857+00	2022-09-02 16:07:10.755857+00
8	9	2	2022-09-02 16:07:10.755857+00	2022-09-02 16:07:10.755857+00
8	10	2	2022-09-02 16:07:10.755857+00	2022-09-02 16:07:10.755857+00
8	11	2	2022-09-02 16:07:10.755857+00	2022-09-02 16:07:10.755857+00
8	12	2	2022-09-02 16:07:10.755857+00	2022-09-02 16:07:10.755857+00
8	13	2	2022-09-02 16:07:10.755857+00	2022-09-02 16:07:10.755857+00
8	14	2	2022-09-02 16:07:10.755857+00	2022-09-02 16:07:10.755857+00
8	15	2	2022-09-02 16:07:10.755857+00	2022-09-02 16:07:10.755857+00
8	16	2	2022-09-02 16:07:10.755857+00	2022-09-02 16:07:10.755857+00
8	17	2	2022-09-02 16:07:10.755857+00	2022-09-02 16:07:10.755857+00
8	18	2	2022-09-02 16:07:10.755857+00	2022-09-02 16:07:10.755857+00
8	19	2	2022-09-02 16:07:10.755857+00	2022-09-02 16:07:10.755857+00
8	20	2	2022-09-02 16:07:10.755857+00	2022-09-02 16:07:10.755857+00
8	21	2	2022-09-02 16:07:10.755857+00	2022-09-02 16:07:10.755857+00
8	22	2	2022-09-02 16:07:10.755857+00	2022-09-02 16:07:10.755857+00
8	23	2	2022-09-02 16:07:10.755857+00	2022-09-02 16:07:10.755857+00
8	24	2	2022-09-02 16:07:10.755857+00	2022-09-02 16:07:10.755857+00
8	25	2	2022-09-02 16:07:10.755857+00	2022-09-02 16:07:10.755857+00
5	17	1	2022-09-02 16:07:10.777425+00	2022-09-02 16:07:10.777425+00
9	1	2	2022-09-02 16:07:10.784626+00	2022-09-02 16:07:10.784626+00
9	2	2	2022-09-02 16:07:10.784626+00	2022-09-02 16:07:10.784626+00
9	3	2	2022-09-02 16:07:10.784626+00	2022-09-02 16:07:10.784626+00
9	4	2	2022-09-02 16:07:10.784626+00	2022-09-02 16:07:10.784626+00
9	5	2	2022-09-02 16:07:10.784626+00	2022-09-02 16:07:10.784626+00
9	6	2	2022-09-02 16:07:10.784626+00	2022-09-02 16:07:10.784626+00
9	7	2	2022-09-02 16:07:10.784626+00	2022-09-02 16:07:10.784626+00
9	8	2	2022-09-02 16:07:10.784626+00	2022-09-02 16:07:10.784626+00
9	9	2	2022-09-02 16:07:10.784626+00	2022-09-02 16:07:10.784626+00
9	10	2	2022-09-02 16:07:10.784626+00	2022-09-02 16:07:10.784626+00
9	11	2	2022-09-02 16:07:10.784626+00	2022-09-02 16:07:10.784626+00
9	12	2	2022-09-02 16:07:10.784626+00	2022-09-02 16:07:10.784626+00
9	13	2	2022-09-02 16:07:10.784626+00	2022-09-02 16:07:10.784626+00
9	14	2	2022-09-02 16:07:10.784626+00	2022-09-02 16:07:10.784626+00
9	20	2	2022-09-02 16:07:10.784626+00	2022-09-02 16:07:10.784626+00
9	21	2	2022-09-02 16:07:10.784626+00	2022-09-02 16:07:10.784626+00
9	22	2	2022-09-02 16:07:10.784626+00	2022-09-02 16:07:10.784626+00
9	23	2	2022-09-02 16:07:10.784626+00	2022-09-02 16:07:10.784626+00
9	24	2	2022-09-02 16:07:10.784626+00	2022-09-02 16:07:10.784626+00
9	25	2	2022-09-02 16:07:10.784626+00	2022-09-02 16:07:10.784626+00
10	15	2	2022-09-02 16:07:10.784626+00	2022-09-02 16:07:10.784626+00
10	16	2	2022-09-02 16:07:10.784626+00	2022-09-02 16:07:10.784626+00
12	26	1	2022-09-02 16:07:10.794364+00	2022-09-02 16:07:10.794364+00
\.


--
-- Data for Name: training_courses; Type: TABLE DATA; Schema: upchieve; Owner: admin
--

COPY upchieve.training_courses (id, name, created_at, updated_at) FROM stdin;
1	upchieve101	2022-09-02 16:07:10.130279+00	2022-09-02 16:07:10.130279+00
\.


--
-- Data for Name: user_actions; Type: TABLE DATA; Schema: upchieve; Owner: admin
--

COPY upchieve.user_actions (id, user_id, session_id, action_type, action, ip_address_id, device, browser, browser_version, operating_system, operating_system_version, quiz_subcategory, quiz_category, created_at, updated_at, mongo_id, reference_email, volunteer_id, ban_reason) FROM stdin;
\.


--
-- Data for Name: user_product_flags; Type: TABLE DATA; Schema: upchieve; Owner: admin
--

COPY upchieve.user_product_flags (user_id, sent_ready_to_coach_email, sent_hour_summary_intro_email, sent_inactive_thirty_day_email, sent_inactive_sixty_day_email, sent_inactive_ninety_day_email, gates_qualified, created_at, updated_at, in_gates_study) FROM stdin;
\.


--
-- Data for Name: user_session_metrics; Type: TABLE DATA; Schema: upchieve; Owner: admin
--

COPY upchieve.user_session_metrics (user_id, absent_student, absent_volunteer, low_session_rating_from_coach, low_session_rating_from_student, low_coach_rating_from_student, reported, only_looking_for_answers, rude_or_inappropriate, comment_from_student, comment_from_volunteer, has_been_unmatched, has_had_technical_issues, created_at, updated_at) FROM stdin;
0182fef4-d04c-a5e5-4ab3-46195febd486	0	0	0	0	0	0	0	0	0	0	0	0	2022-09-02 16:07:13.230337+00	2022-09-02 16:07:13.230337+00
0182fef4-d04c-1085-cd6c-b80e314b9537	0	0	0	0	0	0	0	0	0	0	0	0	2022-09-02 16:07:13.232695+00	2022-09-02 16:07:13.232695+00
0182fef4-d04c-5a34-92d1-75d25b11ded5	0	0	0	0	0	0	0	0	0	0	0	0	2022-09-02 16:07:13.234932+00	2022-09-02 16:07:13.234932+00
0182fef4-d04c-21e0-e6e3-259553467b3c	0	0	0	0	0	0	0	0	0	0	0	0	2022-09-02 16:07:13.237047+00	2022-09-02 16:07:13.237047+00
0182fef4-d04c-7afb-e83e-443c6951bb28	0	0	0	0	0	0	0	0	0	0	0	0	2022-09-02 16:07:13.239027+00	2022-09-02 16:07:13.239027+00
0182fef4-d04c-9d3d-6414-c87acba441b4	0	0	0	0	0	0	0	0	0	0	0	0	2022-09-02 16:07:13.240975+00	2022-09-02 16:07:13.240975+00
0182fef4-d109-5a14-1cd9-e0b9c8a567d0	0	0	0	0	0	0	0	0	0	0	0	0	2022-09-02 16:07:13.419837+00	2022-09-02 16:07:13.419837+00
0182fef4-d109-b455-f364-118dcff63943	0	0	0	0	0	0	0	0	0	0	0	0	2022-09-02 16:07:13.421963+00	2022-09-02 16:07:13.421963+00
0182fef4-d109-126d-984e-777dc35af57f	0	0	0	0	0	0	0	0	0	0	0	0	2022-09-02 16:07:13.424261+00	2022-09-02 16:07:13.424261+00
\.


--
-- Data for Name: users_certifications; Type: TABLE DATA; Schema: upchieve; Owner: admin
--

COPY upchieve.users_certifications (user_id, certification_id, created_at, updated_at) FROM stdin;
0182fef4-d04c-a5e5-4ab3-46195febd486	1	2022-09-02 16:07:13.248675+00	2022-09-02 16:07:13.248675+00
0182fef4-d04c-a5e5-4ab3-46195febd486	16	2022-09-02 16:07:13.254166+00	2022-09-02 16:07:13.254166+00
0182fef4-d04c-a5e5-4ab3-46195febd486	17	2022-09-02 16:07:13.257429+00	2022-09-02 16:07:13.257429+00
0182fef4-d04c-a5e5-4ab3-46195febd486	11	2022-09-02 16:07:13.260328+00	2022-09-02 16:07:13.260328+00
0182fef4-d04c-a5e5-4ab3-46195febd486	4	2022-09-02 16:07:13.263023+00	2022-09-02 16:07:13.263023+00
0182fef4-d04c-a5e5-4ab3-46195febd486	20	2022-09-02 16:07:13.265791+00	2022-09-02 16:07:13.265791+00
0182fef4-d04c-a5e5-4ab3-46195febd486	5	2022-09-02 16:07:13.268464+00	2022-09-02 16:07:13.268464+00
0182fef4-d04c-a5e5-4ab3-46195febd486	9	2022-09-02 16:07:13.270996+00	2022-09-02 16:07:13.270996+00
0182fef4-d04c-a5e5-4ab3-46195febd486	3	2022-09-02 16:07:13.273485+00	2022-09-02 16:07:13.273485+00
0182fef4-d04c-a5e5-4ab3-46195febd486	6	2022-09-02 16:07:13.276328+00	2022-09-02 16:07:13.276328+00
0182fef4-d04c-a5e5-4ab3-46195febd486	19	2022-09-02 16:07:13.279403+00	2022-09-02 16:07:13.279403+00
0182fef4-d04c-a5e5-4ab3-46195febd486	18	2022-09-02 16:07:13.282116+00	2022-09-02 16:07:13.282116+00
0182fef4-d04c-a5e5-4ab3-46195febd486	15	2022-09-02 16:07:13.284957+00	2022-09-02 16:07:13.284957+00
0182fef4-d04c-1085-cd6c-b80e314b9537	1	2022-09-02 16:07:13.28778+00	2022-09-02 16:07:13.28778+00
0182fef4-d04c-1085-cd6c-b80e314b9537	12	2022-09-02 16:07:13.290177+00	2022-09-02 16:07:13.290177+00
0182fef4-d04c-1085-cd6c-b80e314b9537	23	2022-09-02 16:07:13.292801+00	2022-09-02 16:07:13.292801+00
0182fef4-d04c-1085-cd6c-b80e314b9537	16	2022-09-02 16:07:13.295414+00	2022-09-02 16:07:13.295414+00
0182fef4-d04c-1085-cd6c-b80e314b9537	17	2022-09-02 16:07:13.298281+00	2022-09-02 16:07:13.298281+00
0182fef4-d04c-1085-cd6c-b80e314b9537	10	2022-09-02 16:07:13.300975+00	2022-09-02 16:07:13.300975+00
0182fef4-d04c-1085-cd6c-b80e314b9537	4	2022-09-02 16:07:13.303673+00	2022-09-02 16:07:13.303673+00
0182fef4-d04c-1085-cd6c-b80e314b9537	20	2022-09-02 16:07:13.306635+00	2022-09-02 16:07:13.306635+00
0182fef4-d04c-1085-cd6c-b80e314b9537	5	2022-09-02 16:07:13.309181+00	2022-09-02 16:07:13.309181+00
0182fef4-d04c-1085-cd6c-b80e314b9537	9	2022-09-02 16:07:13.312379+00	2022-09-02 16:07:13.312379+00
0182fef4-d04c-1085-cd6c-b80e314b9537	3	2022-09-02 16:07:13.315806+00	2022-09-02 16:07:13.315806+00
0182fef4-d04c-1085-cd6c-b80e314b9537	6	2022-09-02 16:07:13.319034+00	2022-09-02 16:07:13.319034+00
0182fef4-d04c-1085-cd6c-b80e314b9537	11	2022-09-02 16:07:13.322174+00	2022-09-02 16:07:13.322174+00
0182fef4-d04c-1085-cd6c-b80e314b9537	19	2022-09-02 16:07:13.324983+00	2022-09-02 16:07:13.324983+00
0182fef4-d04c-1085-cd6c-b80e314b9537	18	2022-09-02 16:07:13.327827+00	2022-09-02 16:07:13.327827+00
0182fef4-d04c-5a34-92d1-75d25b11ded5	1	2022-09-02 16:07:13.331153+00	2022-09-02 16:07:13.331153+00
0182fef4-d04c-5a34-92d1-75d25b11ded5	16	2022-09-02 16:07:13.337084+00	2022-09-02 16:07:13.337084+00
0182fef4-d04c-5a34-92d1-75d25b11ded5	17	2022-09-02 16:07:13.340081+00	2022-09-02 16:07:13.340081+00
0182fef4-d04c-5a34-92d1-75d25b11ded5	10	2022-09-02 16:07:13.342502+00	2022-09-02 16:07:13.342502+00
0182fef4-d04c-5a34-92d1-75d25b11ded5	4	2022-09-02 16:07:13.345169+00	2022-09-02 16:07:13.345169+00
0182fef4-d04c-5a34-92d1-75d25b11ded5	20	2022-09-02 16:07:13.347888+00	2022-09-02 16:07:13.347888+00
0182fef4-d04c-5a34-92d1-75d25b11ded5	5	2022-09-02 16:07:13.350417+00	2022-09-02 16:07:13.350417+00
0182fef4-d04c-5a34-92d1-75d25b11ded5	9	2022-09-02 16:07:13.354739+00	2022-09-02 16:07:13.354739+00
0182fef4-d04c-5a34-92d1-75d25b11ded5	3	2022-09-02 16:07:13.358106+00	2022-09-02 16:07:13.358106+00
0182fef4-d04c-5a34-92d1-75d25b11ded5	6	2022-09-02 16:07:13.360945+00	2022-09-02 16:07:13.360945+00
0182fef4-d04c-5a34-92d1-75d25b11ded5	11	2022-09-02 16:07:13.363688+00	2022-09-02 16:07:13.363688+00
0182fef4-d04c-5a34-92d1-75d25b11ded5	19	2022-09-02 16:07:13.366404+00	2022-09-02 16:07:13.366404+00
0182fef4-d04c-5a34-92d1-75d25b11ded5	18	2022-09-02 16:07:13.369135+00	2022-09-02 16:07:13.369135+00
\.


--
-- Data for Name: users_ip_addresses; Type: TABLE DATA; Schema: upchieve; Owner: admin
--

COPY upchieve.users_ip_addresses (id, ip_address_id, user_id, created_at, updated_at) FROM stdin;
\.


--
-- Data for Name: users_quizzes; Type: TABLE DATA; Schema: upchieve; Owner: admin
--

COPY upchieve.users_quizzes (user_id, quiz_id, attempts, passed, created_at, updated_at) FROM stdin;
0182fef4-d04c-a5e5-4ab3-46195febd486	1	1	t	2022-09-02 16:07:13.371906+00	2022-09-02 16:07:13.371906+00
0182fef4-d04c-a5e5-4ab3-46195febd486	16	1	t	2022-09-02 16:07:13.373256+00	2022-09-02 16:07:13.373256+00
0182fef4-d04c-a5e5-4ab3-46195febd486	17	1	t	2022-09-02 16:07:13.374359+00	2022-09-02 16:07:13.374359+00
0182fef4-d04c-a5e5-4ab3-46195febd486	10	1	t	2022-09-02 16:07:13.37531+00	2022-09-02 16:07:13.37531+00
0182fef4-d04c-a5e5-4ab3-46195febd486	4	1	t	2022-09-02 16:07:13.376371+00	2022-09-02 16:07:13.376371+00
0182fef4-d04c-a5e5-4ab3-46195febd486	20	1	t	2022-09-02 16:07:13.377526+00	2022-09-02 16:07:13.377526+00
0182fef4-d04c-a5e5-4ab3-46195febd486	5	1	t	2022-09-02 16:07:13.378534+00	2022-09-02 16:07:13.378534+00
0182fef4-d04c-a5e5-4ab3-46195febd486	9	1	t	2022-09-02 16:07:13.37959+00	2022-09-02 16:07:13.37959+00
0182fef4-d04c-a5e5-4ab3-46195febd486	3	1	t	2022-09-02 16:07:13.381108+00	2022-09-02 16:07:13.381108+00
0182fef4-d04c-a5e5-4ab3-46195febd486	6	1	t	2022-09-02 16:07:13.382192+00	2022-09-02 16:07:13.382192+00
0182fef4-d04c-a5e5-4ab3-46195febd486	11	1	t	2022-09-02 16:07:13.383308+00	2022-09-02 16:07:13.383308+00
0182fef4-d04c-a5e5-4ab3-46195febd486	19	1	t	2022-09-02 16:07:13.3844+00	2022-09-02 16:07:13.3844+00
0182fef4-d04c-a5e5-4ab3-46195febd486	18	1	t	2022-09-02 16:07:13.385371+00	2022-09-02 16:07:13.385371+00
0182fef4-d04c-a5e5-4ab3-46195febd486	15	1	t	2022-09-02 16:07:13.386273+00	2022-09-02 16:07:13.386273+00
0182fef4-d04c-a5e5-4ab3-46195febd486	23	1	t	2022-09-02 16:07:13.387165+00	2022-09-02 16:07:13.387165+00
0182fef4-d04c-a5e5-4ab3-46195febd486	22	1	t	2022-09-02 16:07:13.388011+00	2022-09-02 16:07:13.388011+00
0182fef4-d04c-a5e5-4ab3-46195febd486	25	1	t	2022-09-02 16:07:13.388915+00	2022-09-02 16:07:13.388915+00
0182fef4-d04c-a5e5-4ab3-46195febd486	12	1	t	2022-09-02 16:07:13.389913+00	2022-09-02 16:07:13.389913+00
0182fef4-d04c-1085-cd6c-b80e314b9537	1	1	t	2022-09-02 16:07:13.391019+00	2022-09-02 16:07:13.391019+00
0182fef4-d04c-1085-cd6c-b80e314b9537	16	1	t	2022-09-02 16:07:13.392028+00	2022-09-02 16:07:13.392028+00
0182fef4-d04c-1085-cd6c-b80e314b9537	17	1	t	2022-09-02 16:07:13.393427+00	2022-09-02 16:07:13.393427+00
0182fef4-d04c-1085-cd6c-b80e314b9537	10	1	t	2022-09-02 16:07:13.394436+00	2022-09-02 16:07:13.394436+00
0182fef4-d04c-1085-cd6c-b80e314b9537	4	1	t	2022-09-02 16:07:13.395373+00	2022-09-02 16:07:13.395373+00
0182fef4-d04c-1085-cd6c-b80e314b9537	20	1	t	2022-09-02 16:07:13.396414+00	2022-09-02 16:07:13.396414+00
0182fef4-d04c-1085-cd6c-b80e314b9537	5	1	t	2022-09-02 16:07:13.39733+00	2022-09-02 16:07:13.39733+00
0182fef4-d04c-1085-cd6c-b80e314b9537	9	1	t	2022-09-02 16:07:13.398336+00	2022-09-02 16:07:13.398336+00
0182fef4-d04c-1085-cd6c-b80e314b9537	3	1	t	2022-09-02 16:07:13.399339+00	2022-09-02 16:07:13.399339+00
0182fef4-d04c-1085-cd6c-b80e314b9537	6	1	t	2022-09-02 16:07:13.400336+00	2022-09-02 16:07:13.400336+00
0182fef4-d04c-1085-cd6c-b80e314b9537	11	1	t	2022-09-02 16:07:13.401545+00	2022-09-02 16:07:13.401545+00
0182fef4-d04c-1085-cd6c-b80e314b9537	19	1	t	2022-09-02 16:07:13.402546+00	2022-09-02 16:07:13.402546+00
0182fef4-d04c-1085-cd6c-b80e314b9537	18	1	t	2022-09-02 16:07:13.403584+00	2022-09-02 16:07:13.403584+00
0182fef4-d04c-5a34-92d1-75d25b11ded5	1	1	t	2022-09-02 16:07:13.404527+00	2022-09-02 16:07:13.404527+00
0182fef4-d04c-5a34-92d1-75d25b11ded5	16	1	t	2022-09-02 16:07:13.405471+00	2022-09-02 16:07:13.405471+00
0182fef4-d04c-5a34-92d1-75d25b11ded5	17	1	t	2022-09-02 16:07:13.40638+00	2022-09-02 16:07:13.40638+00
0182fef4-d04c-5a34-92d1-75d25b11ded5	10	1	t	2022-09-02 16:07:13.407363+00	2022-09-02 16:07:13.407363+00
0182fef4-d04c-5a34-92d1-75d25b11ded5	4	1	t	2022-09-02 16:07:13.408402+00	2022-09-02 16:07:13.408402+00
0182fef4-d04c-5a34-92d1-75d25b11ded5	20	1	t	2022-09-02 16:07:13.409458+00	2022-09-02 16:07:13.409458+00
0182fef4-d04c-5a34-92d1-75d25b11ded5	5	1	t	2022-09-02 16:07:13.410477+00	2022-09-02 16:07:13.410477+00
0182fef4-d04c-5a34-92d1-75d25b11ded5	9	1	t	2022-09-02 16:07:13.411554+00	2022-09-02 16:07:13.411554+00
0182fef4-d04c-5a34-92d1-75d25b11ded5	3	1	t	2022-09-02 16:07:13.412479+00	2022-09-02 16:07:13.412479+00
0182fef4-d04c-5a34-92d1-75d25b11ded5	6	1	t	2022-09-02 16:07:13.413381+00	2022-09-02 16:07:13.413381+00
0182fef4-d04c-5a34-92d1-75d25b11ded5	11	1	t	2022-09-02 16:07:13.414268+00	2022-09-02 16:07:13.414268+00
0182fef4-d04c-5a34-92d1-75d25b11ded5	19	1	t	2022-09-02 16:07:13.415109+00	2022-09-02 16:07:13.415109+00
0182fef4-d04c-5a34-92d1-75d25b11ded5	18	1	t	2022-09-02 16:07:13.415955+00	2022-09-02 16:07:13.415955+00
\.


--
-- Data for Name: users_roles; Type: TABLE DATA; Schema: upchieve; Owner: admin
--

COPY upchieve.users_roles (user_id, role_id, created_at, updated_at) FROM stdin;
\.


--
-- Data for Name: users_student_partner_orgs_instances; Type: TABLE DATA; Schema: upchieve; Owner: admin
--

COPY upchieve.users_student_partner_orgs_instances (user_id, student_partner_org_id, student_partner_org_site_id, deactivated_on, created_at, updated_at, student_partner_org_user_id) FROM stdin;
\.


--
-- Data for Name: users_surveys; Type: TABLE DATA; Schema: upchieve; Owner: admin
--

COPY upchieve.users_surveys (id, survey_id, user_id, session_id, survey_type_id, created_at, updated_at) FROM stdin;
\.


--
-- Data for Name: users_surveys_submissions; Type: TABLE DATA; Schema: upchieve; Owner: admin
--

COPY upchieve.users_surveys_submissions (user_survey_id, survey_question_id, survey_response_choice_id, open_response, created_at, updated_at) FROM stdin;
\.


--
-- Data for Name: users_training_courses; Type: TABLE DATA; Schema: upchieve; Owner: admin
--

COPY upchieve.users_training_courses (user_id, training_course_id, complete, progress, completed_materials, created_at, updated_at) FROM stdin;
\.


--
-- Data for Name: users_volunteer_partner_orgs_instances; Type: TABLE DATA; Schema: upchieve; Owner: admin
--

COPY upchieve.users_volunteer_partner_orgs_instances (user_id, volunteer_partner_org_id, deactivated_on, created_at, updated_at) FROM stdin;
\.


--
-- Data for Name: volunteer_occupations; Type: TABLE DATA; Schema: upchieve; Owner: admin
--

COPY upchieve.volunteer_occupations (user_id, occupation, created_at, updated_at) FROM stdin;
\.


--
-- Data for Name: volunteer_partner_orgs_upchieve_instances; Type: TABLE DATA; Schema: upchieve; Owner: admin
--

COPY upchieve.volunteer_partner_orgs_upchieve_instances (id, volunteer_partner_org_id, deactivated_on, created_at, updated_at) FROM stdin;
\.


--
-- Data for Name: volunteer_profiles; Type: TABLE DATA; Schema: upchieve; Owner: admin
--

COPY upchieve.volunteer_profiles (user_id, volunteer_partner_org_id, timezone, approved, onboarded, photo_id_s3_key, photo_id_status, linkedin_url, college, company, languages, experience, city, state, country, created_at, updated_at, total_volunteer_hours, elapsed_availability) FROM stdin;
0182fef4-d04c-a5e5-4ab3-46195febd486	0182fef4-d02d-f121-26fe-2060c34ac495	America/New_York	t	t	\N	\N	\N	Volunteer College	\N	\N	\N	\N	\N	\N	2022-09-02 16:07:13.242071+00	2022-09-02 16:07:13.242071+00	\N	\N
0182fef4-d04c-1085-cd6c-b80e314b9537	0182fef4-d02d-50a9-b47b-fc4ad926fc2f	America/New_York	t	t	\N	\N	\N	Volunteer College	\N	\N	\N	\N	\N	\N	2022-09-02 16:07:13.243413+00	2022-09-02 16:07:13.243413+00	\N	\N
0182fef4-d04c-5a34-92d1-75d25b11ded5	\N	America/Denver	t	t	\N	\N	\N	Volunteer College	\N	\N	\N	\N	\N	\N	2022-09-02 16:07:13.244498+00	2022-09-02 16:07:13.244498+00	\N	\N
0182fef4-d04c-21e0-e6e3-259553467b3c	\N	America/New_York	t	f	\N	\N	\N	Volunteer College	\N	\N	\N	\N	\N	\N	2022-09-02 16:07:13.245542+00	2022-09-02 16:07:13.245542+00	\N	\N
0182fef4-d04c-7afb-e83e-443c6951bb28	\N	America/New_York	f	f	\N	\N	\N	Volunteer College	\N	\N	\N	\N	\N	\N	2022-09-02 16:07:13.246623+00	2022-09-02 16:07:13.246623+00	\N	\N
0182fef4-d04c-9d3d-6414-c87acba441b4	\N	America/New_York	t	t	\N	\N	\N		\N	\N	\N	\N	\N	\N	2022-09-02 16:07:13.247633+00	2022-09-02 16:07:13.247633+00	\N	\N
\.


--
-- Data for Name: volunteer_reference_statuses; Type: TABLE DATA; Schema: upchieve; Owner: admin
--

COPY upchieve.volunteer_reference_statuses (id, name, created_at, updated_at) FROM stdin;
1	sent	2022-09-02 16:07:10.131512+00	2022-09-02 16:07:10.131512+00
2	submitted	2022-09-02 16:07:10.132593+00	2022-09-02 16:07:10.132593+00
3	approved	2022-09-02 16:07:10.133589+00	2022-09-02 16:07:10.133589+00
4	rejected	2022-09-02 16:07:10.134559+00	2022-09-02 16:07:10.134559+00
5	removed	2022-09-02 16:07:10.135484+00	2022-09-02 16:07:10.135484+00
6	unsent	2022-09-02 16:07:10.136391+00	2022-09-02 16:07:10.136391+00
\.


--
-- Data for Name: volunteer_references; Type: TABLE DATA; Schema: upchieve; Owner: admin
--

COPY upchieve.volunteer_references (id, user_id, first_name, last_name, email, status_id, sent_at, affiliation, relationship_length, patient, positive_role_model, agreeable_and_approachable, communicates_effectively, rejection_reason, additional_info, created_at, updated_at, trustworthy_with_children) FROM stdin;
\.


--
-- Name: ban_reasons_id_seq; Type: SEQUENCE SET; Schema: upchieve; Owner: admin
--

SELECT pg_catalog.setval('upchieve.ban_reasons_id_seq', 5, true);


--
-- Name: certifications_id_seq; Type: SEQUENCE SET; Schema: upchieve; Owner: admin
--

SELECT pg_catalog.setval('upchieve.certifications_id_seq', 23, true);


--
-- Name: cities_id_seq; Type: SEQUENCE SET; Schema: upchieve; Owner: admin
--

SELECT pg_catalog.setval('upchieve.cities_id_seq', 2, true);


--
-- Name: grade_levels_id_seq; Type: SEQUENCE SET; Schema: upchieve; Owner: admin
--

SELECT pg_catalog.setval('upchieve.grade_levels_id_seq', 6, true);


--
-- Name: ip_addresses_id_seq; Type: SEQUENCE SET; Schema: upchieve; Owner: admin
--

SELECT pg_catalog.setval('upchieve.ip_addresses_id_seq', 1, false);


--
-- Name: notification_methods_id_seq; Type: SEQUENCE SET; Schema: upchieve; Owner: admin
--

SELECT pg_catalog.setval('upchieve.notification_methods_id_seq', 4, true);


--
-- Name: notification_priority_groups_id_seq; Type: SEQUENCE SET; Schema: upchieve; Owner: admin
--

SELECT pg_catalog.setval('upchieve.notification_priority_groups_id_seq', 19, true);


--
-- Name: notification_types_id_seq; Type: SEQUENCE SET; Schema: upchieve; Owner: admin
--

SELECT pg_catalog.setval('upchieve.notification_types_id_seq', 2, true);


--
-- Name: photo_id_statuses_id_seq; Type: SEQUENCE SET; Schema: upchieve; Owner: admin
--

SELECT pg_catalog.setval('upchieve.photo_id_statuses_id_seq', 4, true);


--
-- Name: question_tags_id_seq; Type: SEQUENCE SET; Schema: upchieve; Owner: admin
--

SELECT pg_catalog.setval('upchieve.question_tags_id_seq', 1, false);


--
-- Name: question_types_id_seq; Type: SEQUENCE SET; Schema: upchieve; Owner: admin
--

SELECT pg_catalog.setval('upchieve.question_types_id_seq', 3, true);


--
-- Name: quiz_questions_id_seq; Type: SEQUENCE SET; Schema: upchieve; Owner: admin
--

SELECT pg_catalog.setval('upchieve.quiz_questions_id_seq', 1, false);


--
-- Name: quiz_subcategories_id_seq; Type: SEQUENCE SET; Schema: upchieve; Owner: admin
--

SELECT pg_catalog.setval('upchieve.quiz_subcategories_id_seq', 299, true);


--
-- Name: quizzes_id_seq; Type: SEQUENCE SET; Schema: upchieve; Owner: admin
--

SELECT pg_catalog.setval('upchieve.quizzes_id_seq', 25, true);


--
-- Name: report_reasons_id_seq; Type: SEQUENCE SET; Schema: upchieve; Owner: admin
--

SELECT pg_catalog.setval('upchieve.report_reasons_id_seq', 5, true);


--
-- Name: session_flags_id_seq; Type: SEQUENCE SET; Schema: upchieve; Owner: admin
--

SELECT pg_catalog.setval('upchieve.session_flags_id_seq', 12, true);


--
-- Name: signup_sources_id_seq; Type: SEQUENCE SET; Schema: upchieve; Owner: admin
--

SELECT pg_catalog.setval('upchieve.signup_sources_id_seq', 6, true);


--
-- Name: subjects_id_seq; Type: SEQUENCE SET; Schema: upchieve; Owner: admin
--

SELECT pg_catalog.setval('upchieve.subjects_id_seq', 26, true);


--
-- Name: survey_questions_id_seq; Type: SEQUENCE SET; Schema: upchieve; Owner: admin
--

SELECT pg_catalog.setval('upchieve.survey_questions_id_seq', 20, true);


--
-- Name: survey_questions_question_tags_id_seq; Type: SEQUENCE SET; Schema: upchieve; Owner: admin
--

SELECT pg_catalog.setval('upchieve.survey_questions_question_tags_id_seq', 1, false);


--
-- Name: survey_response_choices_id_seq; Type: SEQUENCE SET; Schema: upchieve; Owner: admin
--

SELECT pg_catalog.setval('upchieve.survey_response_choices_id_seq', 79, true);


--
-- Name: survey_types_id_seq; Type: SEQUENCE SET; Schema: upchieve; Owner: admin
--

SELECT pg_catalog.setval('upchieve.survey_types_id_seq', 3, true);


--
-- Name: surveys_id_seq; Type: SEQUENCE SET; Schema: upchieve; Owner: admin
--

SELECT pg_catalog.setval('upchieve.surveys_id_seq', 12, true);


--
-- Name: surveys_survey_questions_id_seq; Type: SEQUENCE SET; Schema: upchieve; Owner: admin
--

SELECT pg_catalog.setval('upchieve.surveys_survey_questions_id_seq', 46, true);


--
-- Name: tool_types_id_seq; Type: SEQUENCE SET; Schema: upchieve; Owner: admin
--

SELECT pg_catalog.setval('upchieve.tool_types_id_seq', 2, true);


--
-- Name: topics_id_seq; Type: SEQUENCE SET; Schema: upchieve; Owner: admin
--

SELECT pg_catalog.setval('upchieve.topics_id_seq', 6, true);


--
-- Name: training_courses_id_seq; Type: SEQUENCE SET; Schema: upchieve; Owner: admin
--

SELECT pg_catalog.setval('upchieve.training_courses_id_seq', 1, true);


--
-- Name: user_actions_id_seq; Type: SEQUENCE SET; Schema: upchieve; Owner: admin
--

SELECT pg_catalog.setval('upchieve.user_actions_id_seq', 1, false);


--
-- Name: user_roles_id_seq; Type: SEQUENCE SET; Schema: upchieve; Owner: admin
--

SELECT pg_catalog.setval('upchieve.user_roles_id_seq', 3, true);


--
-- Name: volunteer_reference_statuses_id_seq; Type: SEQUENCE SET; Schema: upchieve; Owner: admin
--

SELECT pg_catalog.setval('upchieve.volunteer_reference_statuses_id_seq', 6, true);


--
-- Name: weekdays_id_seq; Type: SEQUENCE SET; Schema: upchieve; Owner: admin
--

SELECT pg_catalog.setval('upchieve.weekdays_id_seq', 1, false);


--
-- PostgreSQL database dump complete
--

