--
-- PostgreSQL database dump
--

-- Dumped from database version 14.1 (Debian 14.1-1.pgdg110+1)
-- Dumped by pg_dump version 14.2

SET statement_timeout = 0;
SET lock_timeout = 0;
SET idle_in_transaction_session_timeout = 0;
SET client_encoding = 'UTF8';
SET standard_conforming_strings = on;
SELECT pg_catalog.set_config('search_path', '', false);
SET check_function_bodies = false;
SET xmloption = content;
SET client_min_messages = warning;
SET row_security = off;

--
-- Data for Name: ban_reasons; Type: TABLE DATA; Schema: upchieve; Owner: admin
--

COPY upchieve.ban_reasons (id, name, created_at, updated_at) FROM stdin;
1	non us signup	2022-05-12 18:00:37.230217+00	2022-05-12 18:00:37.230217+00
2	session reported	2022-05-12 18:00:37.231127+00	2022-05-12 18:00:37.231127+00
3	used banned ip	2022-05-12 18:00:37.231845+00	2022-05-12 18:00:37.231845+00
4	admin	2022-05-12 18:00:37.232588+00	2022-05-12 18:00:37.232588+00
5	banned service provider	2022-05-12 18:00:37.233281+00	2022-05-12 18:00:37.233281+00
\.


--
-- Data for Name: signup_sources; Type: TABLE DATA; Schema: upchieve; Owner: admin
--

COPY upchieve.signup_sources (id, name, created_at, updated_at) FROM stdin;
1	Web search	2022-05-12 18:00:37.234068+00	2022-05-12 18:00:37.234068+00
2	Social media	2022-05-12 18:00:37.234971+00	2022-05-12 18:00:37.234971+00
3	Friend / Classmate	2022-05-12 18:00:37.235652+00	2022-05-12 18:00:37.235652+00
4	School / Teacher	2022-05-12 18:00:37.236311+00	2022-05-12 18:00:37.236311+00
5	Parent / Relative	2022-05-12 18:00:37.236963+00	2022-05-12 18:00:37.236963+00
6	Other	2022-05-12 18:00:37.237646+00	2022-05-12 18:00:37.237646+00
\.


--
-- Data for Name: users; Type: TABLE DATA; Schema: upchieve; Owner: admin
--

COPY upchieve.users (id, verified, email_verified, phone_verified, email, password, password_reset_token, first_name, last_name, deactivated, last_activity_at, referral_code, referred_by, test_user, banned, ban_reason_id, time_tutored, signup_source_id, created_at, updated_at, phone, mongo_id) FROM stdin;
0180b96e-0ff8-9502-b4a4-d417a4083a8e	t	f	f	volunteer1@upchieve.org	$2a$10$z.JMHnbX9IubnNZtqI.FOecTPVY1VTU1DJ6AJGIOT/x/OyAtdw3.y	\N	Partner	UPchieve	f	\N	B	\N	f	f	\N	25200000	\N	2022-05-12 18:00:39.672996+00	2022-05-12 18:00:39.672996+00	+12125551212	\N
0180b96e-0ff8-7287-483a-5e8232f39358	t	f	f	volunteer2@upchieve.org	$2a$10$z.JMHnbX9IubnNZtqI.FOecTPVY1VTU1DJ6AJGIOT/x/OyAtdw3.y	\N	Special Reporting	UPchieve	f	\N	C	\N	f	f	\N	25200000	\N	2022-05-12 18:00:39.674921+00	2022-05-12 18:00:39.674921+00	+12125551213	\N
0180b96e-0ff8-8f77-b453-2ee851cbb44a	t	f	f	volunteer3@upchieve.org	$2a$10$z.JMHnbX9IubnNZtqI.FOecTPVY1VTU1DJ6AJGIOT/x/OyAtdw3.y	\N	Open Sign Up	UPchieve	f	\N	D	\N	f	f	\N	25200000	\N	2022-05-12 18:00:39.676243+00	2022-05-12 18:00:39.676243+00	+12125551214	\N
0180b96e-0ff8-7677-6957-9c30f5b9c564	t	f	f	volunteer4@upchieve.org	$2a$10$z.JMHnbX9IubnNZtqI.FOecTPVY1VTU1DJ6AJGIOT/x/OyAtdw3.y	\N	Needs Onboarding	UPchieve	f	\N	E	\N	f	f	\N	0	\N	2022-05-12 18:00:39.677436+00	2022-05-12 18:00:39.677436+00	+12125551215	\N
0180b96e-0ff8-aed3-c549-ab41a9c0eb91	t	f	f	volunteer5@upchieve.org	$2a$10$z.JMHnbX9IubnNZtqI.FOecTPVY1VTU1DJ6AJGIOT/x/OyAtdw3.y	\N	Needs Approval	UPchieve	f	\N	Z	\N	f	f	\N	0	\N	2022-05-12 18:00:39.678683+00	2022-05-12 18:00:39.678683+00	+12125551216	\N
0180b96e-0ff8-5ee5-b019-b930d60be6e5	t	f	f	volunteer6@upchieve.org	$2a$10$z.JMHnbX9IubnNZtqI.FOecTPVY1VTU1DJ6AJGIOT/x/OyAtdw3.y	\N	Admin	UPchieve	f	\N	Y	\N	f	f	\N	0	\N	2022-05-12 18:00:39.679653+00	2022-05-12 18:00:39.679653+00	+12125551217	\N
0180b96e-1047-27d0-428c-87702270fe87	t	f	f	student1@upchieve.org	$2a$10$z.JMHnbX9IubnNZtqI.FOecTPVY1VTU1DJ6AJGIOT/x/OyAtdw3.y	\N	Student	UPchieve	f	\N	A	\N	f	f	\N	\N	\N	2022-05-12 18:00:39.751744+00	2022-05-12 18:00:39.751744+00	\N	\N
0180b96e-1047-d195-27b4-354b11c9f67c	t	f	f	student2@upchieve.org	$2a$10$z.JMHnbX9IubnNZtqI.FOecTPVY1VTU1DJ6AJGIOT/x/OyAtdw3.y	\N	Student	UPchieve	f	\N	F	\N	f	f	\N	\N	\N	2022-05-12 18:00:39.752712+00	2022-05-12 18:00:39.752712+00	\N	\N
0180b96e-1047-6e43-3a23-46e4af0b4ab4	t	f	f	student3@upchieve.org	$2a$10$z.JMHnbX9IubnNZtqI.FOecTPVY1VTU1DJ6AJGIOT/x/OyAtdw3.y	\N	Student	UPchieve	f	\N	G	\N	f	f	\N	\N	\N	2022-05-12 18:00:39.753598+00	2022-05-12 18:00:39.753598+00	\N	\N
\.


--
-- Data for Name: admin_profiles; Type: TABLE DATA; Schema: upchieve; Owner: admin
--

COPY upchieve.admin_profiles (user_id, created_at, updated_at) FROM stdin;
0180b96e-0ff8-5ee5-b019-b930d60be6e5	2022-05-12 18:00:39.750528+00	2022-05-12 18:00:39.750528+00
\.


--
-- Data for Name: tool_types; Type: TABLE DATA; Schema: upchieve; Owner: admin
--

COPY upchieve.tool_types (id, name, created_at, updated_at) FROM stdin;
1	whiteboard	2022-05-12 18:00:37.256411+00	2022-05-12 18:00:37.256411+00
2	documenteditor	2022-05-12 18:00:37.257739+00	2022-05-12 18:00:37.257739+00
\.


--
-- Data for Name: topics; Type: TABLE DATA; Schema: upchieve; Owner: admin
--

COPY upchieve.topics (id, name, icon_link, color, dashboard_order, display_name, created_at, updated_at) FROM stdin;
1	math	\N	\N	1	Math	2022-05-12 18:00:37.252231+00	2022-05-12 18:00:37.252231+00
2	science	\N	\N	4	Science	2022-05-12 18:00:37.253207+00	2022-05-12 18:00:37.253207+00
3	college	\N	\N	3	College Counseling	2022-05-12 18:00:37.253903+00	2022-05-12 18:00:37.253903+00
4	sat	\N	\N	2	Standardized Testing	2022-05-12 18:00:37.254616+00	2022-05-12 18:00:37.254616+00
5	readingWriting	\N	\N	5	Reading and Writing	2022-05-12 18:00:37.255425+00	2022-05-12 18:00:37.255425+00
\.


--
-- Data for Name: subjects; Type: TABLE DATA; Schema: upchieve; Owner: admin
--

COPY upchieve.subjects (id, name, display_name, display_order, topic_id, tool_type_id, created_at, updated_at) FROM stdin;
1	prealgebra	Prealgebra	1	1	1	2022-05-12 18:00:37.259+00	2022-05-12 18:00:37.259+00
2	algebraOne	Algebra 1	2	1	1	2022-05-12 18:00:37.260258+00	2022-05-12 18:00:37.260258+00
3	algebraTwo	Algebra 2	3	1	1	2022-05-12 18:00:37.261079+00	2022-05-12 18:00:37.261079+00
4	geometry	Geometry	4	1	1	2022-05-12 18:00:37.261951+00	2022-05-12 18:00:37.261951+00
5	trigonometry	Trigonometry	5	1	1	2022-05-12 18:00:37.262727+00	2022-05-12 18:00:37.262727+00
6	precalculus	Precalculus	6	1	1	2022-05-12 18:00:37.263447+00	2022-05-12 18:00:37.263447+00
7	calculusAB	Calculus AB	7	1	1	2022-05-12 18:00:37.264204+00	2022-05-12 18:00:37.264204+00
8	calculusBC	Calculus BC	8	1	1	2022-05-12 18:00:37.265006+00	2022-05-12 18:00:37.265006+00
9	statistics	Statistics	9	1	1	2022-05-12 18:00:37.265774+00	2022-05-12 18:00:37.265774+00
10	biology	Biology	1	2	1	2022-05-12 18:00:37.266521+00	2022-05-12 18:00:37.266521+00
11	chemistry	Chemistry	2	2	1	2022-05-12 18:00:37.267213+00	2022-05-12 18:00:37.267213+00
12	physicsOne	Physics 1	3	2	1	2022-05-12 18:00:37.268023+00	2022-05-12 18:00:37.268023+00
13	physicsTwo	Physics 2	4	2	1	2022-05-12 18:00:37.268892+00	2022-05-12 18:00:37.268892+00
14	environmentalScience	Environmental Science	5	2	1	2022-05-12 18:00:37.269669+00	2022-05-12 18:00:37.269669+00
15	satMath	SAT Math	1	4	1	2022-05-12 18:00:37.270437+00	2022-05-12 18:00:37.270437+00
16	satReading	SAT Reading	2	4	2	2022-05-12 18:00:37.271232+00	2022-05-12 18:00:37.271232+00
17	essays	College Essays	2	3	2	2022-05-12 18:00:37.272027+00	2022-05-12 18:00:37.272027+00
18	planning	Planning	1	3	2	2022-05-12 18:00:37.272774+00	2022-05-12 18:00:37.272774+00
19	applications	Applications	3	3	2	2022-05-12 18:00:37.273613+00	2022-05-12 18:00:37.273613+00
20	humanitiesEssays	Humanities Essays	1	5	2	2022-05-12 18:00:37.27443+00	2022-05-12 18:00:37.27443+00
21	integratedMathOne	Integrated Math One	9	1	1	2022-05-12 18:00:37.275177+00	2022-05-12 18:00:37.275177+00
22	integratedMathTwo	Integrated Math Two	9	1	1	2022-05-12 18:00:37.275885+00	2022-05-12 18:00:37.275885+00
23	integratedMathThree	Integrated Math Three	9	1	1	2022-05-12 18:00:37.276571+00	2022-05-12 18:00:37.276571+00
24	integratedMathFour	Integrated Math Four	9	1	1	2022-05-12 18:00:37.277428+00	2022-05-12 18:00:37.277428+00
25	reading	Reading	2	5	2	2022-05-12 18:00:37.674231+00	2022-05-12 18:00:37.674231+00
\.


--
-- Data for Name: user_roles; Type: TABLE DATA; Schema: upchieve; Owner: admin
--

COPY upchieve.user_roles (id, name, created_at, updated_at) FROM stdin;
1	student	2022-05-12 18:00:37.227779+00	2022-05-12 18:00:37.227779+00
2	volunteer	2022-05-12 18:00:37.228736+00	2022-05-12 18:00:37.228736+00
3	admin	2022-05-12 18:00:37.229446+00	2022-05-12 18:00:37.229446+00
\.


--
-- Data for Name: sessions; Type: TABLE DATA; Schema: upchieve; Owner: admin
--

COPY upchieve.sessions (id, student_id, volunteer_id, subject_id, has_whiteboard_doc, quill_doc, volunteer_joined_at, ended_at, ended_by_role_id, reviewed, to_review, student_banned, time_tutored, created_at, updated_at, mongo_id) FROM stdin;
\.


--
-- Data for Name: assistments_data; Type: TABLE DATA; Schema: upchieve; Owner: admin
--

COPY upchieve.assistments_data (id, problem_id, assignment_id, student_id, session_id, sent, created_at, updated_at, sent_at, mongo_id) FROM stdin;
\.


--
-- Data for Name: sponsor_orgs; Type: TABLE DATA; Schema: upchieve; Owner: admin
--

COPY upchieve.sponsor_orgs (id, name, created_at, updated_at, key) FROM stdin;
0180b96e-0fee-6f7f-32a3-977a35267844	Only Sponsors Schools	2022-05-12 18:00:39.663266+00	2022-05-12 18:00:39.663266+00	onlySponsorsSchools
0180b96e-0fee-121b-0568-0e73106f59f8	Only Sponsors Partner Orgs	2022-05-12 18:00:39.664384+00	2022-05-12 18:00:39.664384+00	onlySponsorsPartnerOrgs
0180b96e-0fee-3224-33af-0ff6562cc59e	Sponsors Both	2022-05-12 18:00:39.665444+00	2022-05-12 18:00:39.665444+00	sponsorsBoth
\.


--
-- Data for Name: student_partner_orgs; Type: TABLE DATA; Schema: upchieve; Owner: admin
--

COPY upchieve.student_partner_orgs (id, key, name, signup_code, high_school_signup, college_signup, school_signup_required, created_at, updated_at) FROM stdin;
0180b96e-0f8c-1ebd-92f4-ad5195e4f6ca	college-mentors	College Mentors	MENTORS	t	f	t	2022-05-12 18:00:39.633559+00	2022-05-12 18:00:39.633559+00
0180b96e-0f8c-5d8d-3d69-6b3aa199866d	community-org	Community Org	COMMUNITY	t	f	f	2022-05-12 18:00:39.640543+00	2022-05-12 18:00:39.640543+00
0180b96e-0f8c-fefb-d2cd-d565a7467abe	school-helpers	School Helpers	SCHOOLHELPERS	f	f	f	2022-05-12 18:00:39.64323+00	2022-05-12 18:00:39.64323+00
\.


--
-- Data for Name: volunteer_partner_orgs; Type: TABLE DATA; Schema: upchieve; Owner: admin
--

COPY upchieve.volunteer_partner_orgs (id, key, name, receive_weekly_hour_summary_email, created_at, updated_at) FROM stdin;
0180b96e-0fe1-9052-8662-af225076643b	big-telecom	Big Telecom	t	2022-05-12 18:00:39.650589+00	2022-05-12 18:00:39.650589+00
0180b96e-0fe1-3a4c-d965-a4db2778e840	health-co	Health Co	f	2022-05-12 18:00:39.651957+00	2022-05-12 18:00:39.651957+00
\.


--
-- Data for Name: associated_partners; Type: TABLE DATA; Schema: upchieve; Owner: admin
--

COPY upchieve.associated_partners (id, key, volunteer_partner_org_id, student_partner_org_id, student_sponsor_org_id, created_at, updated_at) FROM stdin;
0180b96e-0ff5-6ad0-8d04-d0afbdf46a36	associatedWithSponsorOrg	0180b96e-0fe1-9052-8662-af225076643b	\N	0180b96e-0fee-6f7f-32a3-977a35267844	2022-05-12 18:00:39.670545+00	2022-05-12 18:00:39.670545+00
0180b96e-0ff5-9632-d9f4-cacf0b493084	associatedWithPartnerOrg	0180b96e-0fe1-9052-8662-af225076643b	0180b96e-0f8c-1ebd-92f4-ad5195e4f6ca	\N	2022-05-12 18:00:39.67169+00	2022-05-12 18:00:39.67169+00
\.


--
-- Data for Name: weekdays; Type: TABLE DATA; Schema: upchieve; Owner: admin
--

COPY upchieve.weekdays (id, day, created_at, updated_at) FROM stdin;
1	Sunday	2022-05-12 18:00:37.222111+00	2022-05-12 18:00:37.222111+00
2	Monday	2022-05-12 18:00:37.223097+00	2022-05-12 18:00:37.223097+00
3	Tuesday	2022-05-12 18:00:37.223787+00	2022-05-12 18:00:37.223787+00
4	Wednesday	2022-05-12 18:00:37.224506+00	2022-05-12 18:00:37.224506+00
5	Thursday	2022-05-12 18:00:37.225257+00	2022-05-12 18:00:37.225257+00
6	Friday	2022-05-12 18:00:37.225968+00	2022-05-12 18:00:37.225968+00
7	Saturday	2022-05-12 18:00:37.226674+00	2022-05-12 18:00:37.226674+00
\.


--
-- Data for Name: availabilities; Type: TABLE DATA; Schema: upchieve; Owner: admin
--

COPY upchieve.availabilities (id, user_id, weekday_id, available_start, available_end, timezone, created_at, updated_at) FROM stdin;
\.


--
-- Data for Name: availability_histories; Type: TABLE DATA; Schema: upchieve; Owner: admin
--

COPY upchieve.availability_histories (id, user_id, weekday_id, available_start, available_end, timezone, recorded_at, created_at, updated_at) FROM stdin;
\.


--
-- Data for Name: certifications; Type: TABLE DATA; Schema: upchieve; Owner: admin
--

COPY upchieve.certifications (id, name, created_at, updated_at) FROM stdin;
1	prealgebra	2022-05-12 18:00:37.533246+00	2022-05-12 18:00:37.533246+00
2	statistics	2022-05-12 18:00:37.534704+00	2022-05-12 18:00:37.534704+00
3	geometry	2022-05-12 18:00:37.535595+00	2022-05-12 18:00:37.535595+00
4	biology	2022-05-12 18:00:37.536409+00	2022-05-12 18:00:37.536409+00
5	chemistry	2022-05-12 18:00:37.537223+00	2022-05-12 18:00:37.537223+00
6	physicsOne	2022-05-12 18:00:37.538003+00	2022-05-12 18:00:37.538003+00
7	physicsTwo	2022-05-12 18:00:37.538821+00	2022-05-12 18:00:37.538821+00
8	environmentalScience	2022-05-12 18:00:37.539618+00	2022-05-12 18:00:37.539618+00
9	essays	2022-05-12 18:00:37.540441+00	2022-05-12 18:00:37.540441+00
10	applications	2022-05-12 18:00:37.541267+00	2022-05-12 18:00:37.541267+00
11	planning	2022-05-12 18:00:37.542022+00	2022-05-12 18:00:37.542022+00
12	satMath	2022-05-12 18:00:37.542699+00	2022-05-12 18:00:37.542699+00
13	satReading	2022-05-12 18:00:37.543464+00	2022-05-12 18:00:37.543464+00
14	collegeCounseling	2022-05-12 18:00:37.544165+00	2022-05-12 18:00:37.544165+00
15	humanitiesEssays	2022-05-12 18:00:37.544818+00	2022-05-12 18:00:37.544818+00
16	algebraOne	2022-05-12 18:00:37.545443+00	2022-05-12 18:00:37.545443+00
17	algebraTwo	2022-05-12 18:00:37.546167+00	2022-05-12 18:00:37.546167+00
18	trigonometry	2022-05-12 18:00:37.546901+00	2022-05-12 18:00:37.546901+00
19	precalculus	2022-05-12 18:00:37.54755+00	2022-05-12 18:00:37.54755+00
20	calculusAB	2022-05-12 18:00:37.548176+00	2022-05-12 18:00:37.548176+00
21	calculusBC	2022-05-12 18:00:37.548827+00	2022-05-12 18:00:37.548827+00
22	reading	2022-05-12 18:00:37.674231+00	2022-05-12 18:00:37.674231+00
\.


--
-- Data for Name: certification_subject_unlocks; Type: TABLE DATA; Schema: upchieve; Owner: admin
--

COPY upchieve.certification_subject_unlocks (subject_id, certification_id, created_at, updated_at) FROM stdin;
21	16	2022-05-12 18:00:37.583869+00	2022-05-12 18:00:37.583869+00
21	3	2022-05-12 18:00:37.584927+00	2022-05-12 18:00:37.584927+00
21	2	2022-05-12 18:00:37.585634+00	2022-05-12 18:00:37.585634+00
22	16	2022-05-12 18:00:37.586372+00	2022-05-12 18:00:37.586372+00
22	3	2022-05-12 18:00:37.587155+00	2022-05-12 18:00:37.587155+00
22	2	2022-05-12 18:00:37.587907+00	2022-05-12 18:00:37.587907+00
22	18	2022-05-12 18:00:37.588681+00	2022-05-12 18:00:37.588681+00
23	19	2022-05-12 18:00:37.589432+00	2022-05-12 18:00:37.589432+00
23	2	2022-05-12 18:00:37.590099+00	2022-05-12 18:00:37.590099+00
24	19	2022-05-12 18:00:37.590738+00	2022-05-12 18:00:37.590738+00
1	1	2022-05-12 18:00:37.591427+00	2022-05-12 18:00:37.591427+00
9	2	2022-05-12 18:00:37.592133+00	2022-05-12 18:00:37.592133+00
4	3	2022-05-12 18:00:37.592813+00	2022-05-12 18:00:37.592813+00
10	4	2022-05-12 18:00:37.593477+00	2022-05-12 18:00:37.593477+00
11	5	2022-05-12 18:00:37.594109+00	2022-05-12 18:00:37.594109+00
12	6	2022-05-12 18:00:37.59477+00	2022-05-12 18:00:37.59477+00
13	7	2022-05-12 18:00:37.595427+00	2022-05-12 18:00:37.595427+00
14	8	2022-05-12 18:00:37.59608+00	2022-05-12 18:00:37.59608+00
17	9	2022-05-12 18:00:37.596767+00	2022-05-12 18:00:37.596767+00
19	10	2022-05-12 18:00:37.597429+00	2022-05-12 18:00:37.597429+00
18	11	2022-05-12 18:00:37.598149+00	2022-05-12 18:00:37.598149+00
15	12	2022-05-12 18:00:37.598865+00	2022-05-12 18:00:37.598865+00
16	13	2022-05-12 18:00:37.59955+00	2022-05-12 18:00:37.59955+00
20	15	2022-05-12 18:00:37.600189+00	2022-05-12 18:00:37.600189+00
2	16	2022-05-12 18:00:37.60083+00	2022-05-12 18:00:37.60083+00
3	17	2022-05-12 18:00:37.60149+00	2022-05-12 18:00:37.60149+00
5	18	2022-05-12 18:00:37.602136+00	2022-05-12 18:00:37.602136+00
6	19	2022-05-12 18:00:37.602777+00	2022-05-12 18:00:37.602777+00
7	20	2022-05-12 18:00:37.603431+00	2022-05-12 18:00:37.603431+00
8	21	2022-05-12 18:00:37.604136+00	2022-05-12 18:00:37.604136+00
25	22	2022-05-12 18:00:37.674231+00	2022-05-12 18:00:37.674231+00
\.


--
-- Data for Name: us_states; Type: TABLE DATA; Schema: upchieve; Owner: admin
--

COPY upchieve.us_states (code, name, created_at, updated_at) FROM stdin;
AL	Alabama	2022-05-12 18:00:36.953138+00	2022-05-12 18:00:36.953138+00
AK	Alaska	2022-05-12 18:00:36.959779+00	2022-05-12 18:00:36.959779+00
AR	Arkansas	2022-05-12 18:00:36.962539+00	2022-05-12 18:00:36.962539+00
AZ	Arizona	2022-05-12 18:00:36.965865+00	2022-05-12 18:00:36.965865+00
CA	California	2022-05-12 18:00:36.970667+00	2022-05-12 18:00:36.970667+00
CO	Colorado	2022-05-12 18:00:36.974847+00	2022-05-12 18:00:36.974847+00
CT	Connecticut	2022-05-12 18:00:36.976079+00	2022-05-12 18:00:36.976079+00
DE	Delaware	2022-05-12 18:00:36.977146+00	2022-05-12 18:00:36.977146+00
DC	District of Columbia	2022-05-12 18:00:36.978337+00	2022-05-12 18:00:36.978337+00
FL	Florida	2022-05-12 18:00:36.979464+00	2022-05-12 18:00:36.979464+00
GA	Georgia	2022-05-12 18:00:36.980533+00	2022-05-12 18:00:36.980533+00
HI	Hawaii	2022-05-12 18:00:36.981542+00	2022-05-12 18:00:36.981542+00
ID	Idaho	2022-05-12 18:00:36.982541+00	2022-05-12 18:00:36.982541+00
IL	Illinois	2022-05-12 18:00:36.983585+00	2022-05-12 18:00:36.983585+00
IN	Indiana	2022-05-12 18:00:36.984637+00	2022-05-12 18:00:36.984637+00
IA	Iowa	2022-05-12 18:00:36.98551+00	2022-05-12 18:00:36.98551+00
KS	Kansas	2022-05-12 18:00:36.986502+00	2022-05-12 18:00:36.986502+00
KY	Kentucky	2022-05-12 18:00:36.987322+00	2022-05-12 18:00:36.987322+00
LA	Louisiana	2022-05-12 18:00:36.988112+00	2022-05-12 18:00:36.988112+00
ME	Maine	2022-05-12 18:00:36.988979+00	2022-05-12 18:00:36.988979+00
MD	Maryland	2022-05-12 18:00:36.989745+00	2022-05-12 18:00:36.989745+00
MA	Massachusetts	2022-05-12 18:00:36.99055+00	2022-05-12 18:00:36.99055+00
MI	Michigan	2022-05-12 18:00:36.991593+00	2022-05-12 18:00:36.991593+00
MN	Minnesota	2022-05-12 18:00:36.992419+00	2022-05-12 18:00:36.992419+00
MS	Mississippi	2022-05-12 18:00:36.993238+00	2022-05-12 18:00:36.993238+00
MO	Missouri	2022-05-12 18:00:36.993965+00	2022-05-12 18:00:36.993965+00
MT	Montana	2022-05-12 18:00:36.994804+00	2022-05-12 18:00:36.994804+00
NE	Nebraska	2022-05-12 18:00:36.995616+00	2022-05-12 18:00:36.995616+00
NV	Nevada	2022-05-12 18:00:36.996314+00	2022-05-12 18:00:36.996314+00
NH	New Hampshire	2022-05-12 18:00:36.997166+00	2022-05-12 18:00:36.997166+00
NJ	New Jersey	2022-05-12 18:00:36.997908+00	2022-05-12 18:00:36.997908+00
NM	New Mexico	2022-05-12 18:00:36.998613+00	2022-05-12 18:00:36.998613+00
NY	New York	2022-05-12 18:00:36.999326+00	2022-05-12 18:00:36.999326+00
NC	North Carolina	2022-05-12 18:00:37.000106+00	2022-05-12 18:00:37.000106+00
ND	North Dakota	2022-05-12 18:00:37.000942+00	2022-05-12 18:00:37.000942+00
OH	Ohio	2022-05-12 18:00:37.001727+00	2022-05-12 18:00:37.001727+00
OK	Oklahoma	2022-05-12 18:00:37.002567+00	2022-05-12 18:00:37.002567+00
OR	Oregon	2022-05-12 18:00:37.003511+00	2022-05-12 18:00:37.003511+00
PA	Pennsylvania	2022-05-12 18:00:37.004322+00	2022-05-12 18:00:37.004322+00
RI	Rhode Island	2022-05-12 18:00:37.005056+00	2022-05-12 18:00:37.005056+00
SC	South Carolina	2022-05-12 18:00:37.005863+00	2022-05-12 18:00:37.005863+00
SD	South Dakota	2022-05-12 18:00:37.006692+00	2022-05-12 18:00:37.006692+00
TN	Tennessee	2022-05-12 18:00:37.007535+00	2022-05-12 18:00:37.007535+00
TX	Texas	2022-05-12 18:00:37.008266+00	2022-05-12 18:00:37.008266+00
UT	Utah	2022-05-12 18:00:37.00902+00	2022-05-12 18:00:37.00902+00
VT	Vermont	2022-05-12 18:00:37.009785+00	2022-05-12 18:00:37.009785+00
VA	Virginia	2022-05-12 18:00:37.010555+00	2022-05-12 18:00:37.010555+00
WA	Washington	2022-05-12 18:00:37.011362+00	2022-05-12 18:00:37.011362+00
WV	West Virginia	2022-05-12 18:00:37.012232+00	2022-05-12 18:00:37.012232+00
WI	Wisconsin	2022-05-12 18:00:37.012959+00	2022-05-12 18:00:37.012959+00
WY	Wyoming	2022-05-12 18:00:37.013666+00	2022-05-12 18:00:37.013666+00
PR	Puerto Rico	2022-05-12 18:00:37.014575+00	2022-05-12 18:00:37.014575+00
GU	Guam	2022-05-12 18:00:37.015373+00	2022-05-12 18:00:37.015373+00
VI	Virgin Islands	2022-05-12 18:00:37.016207+00	2022-05-12 18:00:37.016207+00
AS	American Samoa	2022-05-12 18:00:37.017014+00	2022-05-12 18:00:37.017014+00
BI	Bureau of Indian Education	2022-05-12 18:00:37.017841+00	2022-05-12 18:00:37.017841+00
NA	NA	2022-05-12 18:00:37.018611+00	2022-05-12 18:00:37.018611+00
AE	U.S. Armed Forced - Europe	2022-05-12 18:00:37.679477+00	2022-05-12 18:00:37.679477+00
AA	U.S. Armed Forced - Americas	2022-05-12 18:00:37.679477+00	2022-05-12 18:00:37.679477+00
AP	U.S. Armed Forced - Pacific	2022-05-12 18:00:37.679477+00	2022-05-12 18:00:37.679477+00
PW	Palau	2022-05-12 18:00:37.679477+00	2022-05-12 18:00:37.679477+00
FM	Micronesia	2022-05-12 18:00:37.679477+00	2022-05-12 18:00:37.679477+00
MP	Norther Mariana Islands	2022-05-12 18:00:37.679477+00	2022-05-12 18:00:37.679477+00
MH	Marshall Islands	2022-05-12 18:00:37.679477+00	2022-05-12 18:00:37.679477+00
\.


--
-- Data for Name: cities; Type: TABLE DATA; Schema: upchieve; Owner: admin
--

COPY upchieve.cities (id, name, us_state_code, created_at, updated_at) FROM stdin;
1	Denver	CO	2022-05-12 18:00:39.655884+00	2022-05-12 18:00:39.655884+00
2	Brooklyn	NY	2022-05-12 18:00:39.657227+00	2022-05-12 18:00:39.657227+00
\.


--
-- Data for Name: contact_form_submissions; Type: TABLE DATA; Schema: upchieve; Owner: admin
--

COPY upchieve.contact_form_submissions (id, user_id, user_email, message, topic, created_at, updated_at) FROM stdin;
\.


--
-- Data for Name: feedbacks; Type: TABLE DATA; Schema: upchieve; Owner: admin
--

COPY upchieve.feedbacks (id, topic_id, subject_id, user_role_id, session_id, student_tutoring_feedback, student_counseling_feedback, volunteer_feedback, comment, user_id, legacy_feedbacks, created_at, updated_at, mongo_id) FROM stdin;
\.


--
-- Data for Name: grade_levels; Type: TABLE DATA; Schema: upchieve; Owner: admin
--

COPY upchieve.grade_levels (id, name, created_at, updated_at) FROM stdin;
1	8th	2022-05-12 18:00:37.23844+00	2022-05-12 18:00:37.23844+00
2	9th	2022-05-12 18:00:37.239378+00	2022-05-12 18:00:37.239378+00
3	10th	2022-05-12 18:00:37.240136+00	2022-05-12 18:00:37.240136+00
4	11th	2022-05-12 18:00:37.240833+00	2022-05-12 18:00:37.240833+00
5	12th	2022-05-12 18:00:37.241598+00	2022-05-12 18:00:37.241598+00
6	College	2022-05-12 18:00:37.242381+00	2022-05-12 18:00:37.242381+00
\.


--
-- Data for Name: ip_addresses; Type: TABLE DATA; Schema: upchieve; Owner: admin
--

COPY upchieve.ip_addresses (id, ip, status, created_at, updated_at, mongo_id) FROM stdin;
\.


--
-- Data for Name: postal_codes; Type: TABLE DATA; Schema: upchieve; Owner: admin
--

COPY upchieve.postal_codes (code, us_state_code, income, location, created_at, updated_at) FROM stdin;
00501	NY	0	(40.81,-73.04)	2022-05-12 18:00:37.097659+00	2022-05-12 18:00:37.097659+00
01010	MA	24915	(42.11,-72.2)	2022-05-12 18:00:37.100856+00	2022-05-12 18:00:37.100856+00
01011	MA	5853	(42.28,-72.98)	2022-05-12 18:00:37.102782+00	2022-05-12 18:00:37.102782+00
00544	NY	0	(40.81,-73.04)	2022-05-12 18:00:37.128412+00	2022-05-12 18:00:37.128412+00
01012	MA	4316	(42.4,-72.85)	2022-05-12 18:00:37.161322+00	2022-05-12 18:00:37.161322+00
01013	MA	79013	(42.15,-72.6)	2022-05-12 18:00:37.173864+00	2022-05-12 18:00:37.173864+00
01001	MA	91129	(42.06,-72.61)	2022-05-12 18:00:37.174144+00	2022-05-12 18:00:37.174144+00
01003	MA	0	(42.39,-72.52)	2022-05-12 18:00:37.174527+00	2022-05-12 18:00:37.174527+00
01014	MA	0	(42.17,-72.57)	2022-05-12 18:00:37.202677+00	2022-05-12 18:00:37.202677+00
01005	MA	24883	(42.42,-72.1)	2022-05-12 18:00:37.202692+00	2022-05-12 18:00:37.202692+00
01020	MA	128543	(42.17,-72.57)	2022-05-12 18:00:37.205142+00	2022-05-12 18:00:37.205142+00
01021	MA	0	(42.17,-72.57)	2022-05-12 18:00:37.20515+00	2022-05-12 18:00:37.20515+00
01022	MA	9070	(42.2,-72.54)	2022-05-12 18:00:37.205235+00	2022-05-12 18:00:37.205235+00
01007	MA	103396	(42.27,-72.4)	2022-05-12 18:00:37.205388+00	2022-05-12 18:00:37.205388+00
01004	MA	0	(42.37,-72.52)	2022-05-12 18:00:37.204957+00	2022-05-12 18:00:37.204957+00
01009	MA	0	(42.2,-72.34)	2022-05-12 18:00:37.205437+00	2022-05-12 18:00:37.205437+00
01002	MA	147482	(42.37,-72.52)	2022-05-12 18:00:37.20517+00	2022-05-12 18:00:37.20517+00
01026	MA	5097	(42.46,-72.9)	2022-05-12 18:00:37.205881+00	2022-05-12 18:00:37.205881+00
01008	MA	7667	(42.18,-72.93)	2022-05-12 18:00:37.205723+00	2022-05-12 18:00:37.205723+00
01029	MA	0	(42.17,-73.03)	2022-05-12 18:00:37.207388+00	2022-05-12 18:00:37.207388+00
01028	MA	129755	(42.06,-72.51)	2022-05-12 18:00:37.207454+00	2022-05-12 18:00:37.207454+00
01030	MA	68409	(42.06,-72.67)	2022-05-12 18:00:37.20745+00	2022-05-12 18:00:37.20745+00
01027	MA	105590	(42.26,-72.68)	2022-05-12 18:00:37.207613+00	2022-05-12 18:00:37.207613+00
01031	MA	4468	(42.33,-72.2)	2022-05-12 18:00:37.207612+00	2022-05-12 18:00:37.207612+00
01032	MA	2498	(42.46,-72.81)	2022-05-12 18:00:37.207422+00	2022-05-12 18:00:37.207422+00
01034	MA	12322	(42.06,-72.86)	2022-05-12 18:00:37.20788+00	2022-05-12 18:00:37.20788+00
01035	MA	36097	(42.35,-72.58)	2022-05-12 18:00:37.207909+00	2022-05-12 18:00:37.207909+00
01033	MA	39338	(42.26,-72.52)	2022-05-12 18:00:37.207841+00	2022-05-12 18:00:37.207841+00
01036	MA	38625	(42.06,-72.41)	2022-05-12 18:00:37.207978+00	2022-05-12 18:00:37.207978+00
01037	MA	0	(42.35,-72.2)	2022-05-12 18:00:37.208509+00	2022-05-12 18:00:37.208509+00
01038	MA	18606	(42.37,-72.6)	2022-05-12 18:00:37.209072+00	2022-05-12 18:00:37.209072+00
01039	MA	11083	(42.39,-72.7)	2022-05-12 18:00:37.20918+00	2022-05-12 18:00:37.20918+00
01040	MA	131177	(42.21,-72.64)	2022-05-12 18:00:37.209337+00	2022-05-12 18:00:37.209337+00
01041	MA	0	(42.21,-72.64)	2022-05-12 18:00:37.209392+00	2022-05-12 18:00:37.209392+00
01050	MA	12978	(42.23,-72.88)	2022-05-12 18:00:37.20965+00	2022-05-12 18:00:37.20965+00
01053	MA	11836	(42.35,-72.71)	2022-05-12 18:00:37.209763+00	2022-05-12 18:00:37.209763+00
01056	MA	115904	(42.16,-72.48)	2022-05-12 18:00:37.209912+00	2022-05-12 18:00:37.209912+00
01054	MA	16023	(42.45,-72.5)	2022-05-12 18:00:37.209889+00	2022-05-12 18:00:37.209889+00
01059	MA	0	(42.4,-72.52)	2022-05-12 18:00:37.209985+00	2022-05-12 18:00:37.209985+00
01057	MA	50505	(42.09,-72.31)	2022-05-12 18:00:37.209991+00	2022-05-12 18:00:37.209991+00
01060	MA	102735	(42.32,-72.63)	2022-05-12 18:00:37.21044+00	2022-05-12 18:00:37.21044+00
01061	MA	0	(42.32,-72.67)	2022-05-12 18:00:37.210723+00	2022-05-12 18:00:37.210723+00
01062	MA	83229	(42.32,-72.67)	2022-05-12 18:00:37.210858+00	2022-05-12 18:00:37.210858+00
01068	MA	12012	(42.35,-72.05)	2022-05-12 18:00:37.211294+00	2022-05-12 18:00:37.211294+00
01066	MA	0	(42.41,-72.66)	2022-05-12 18:00:37.211354+00	2022-05-12 18:00:37.211354+00
01063	MA	0	(42.32,-72.64)	2022-05-12 18:00:37.211497+00	2022-05-12 18:00:37.211497+00
01070	MA	3039	(42.51,-72.91)	2022-05-12 18:00:37.211676+00	2022-05-12 18:00:37.211676+00
01069	MA	45510	(42.16,-72.32)	2022-05-12 18:00:37.211718+00	2022-05-12 18:00:37.211718+00
01074	MA	0	(42.39,-72.09)	2022-05-12 18:00:37.212085+00	2022-05-12 18:00:37.212085+00
01072	MA	9721	(42.45,-72.4)	2022-05-12 18:00:37.212133+00	2022-05-12 18:00:37.212133+00
01071	MA	8377	(42.18,-72.85)	2022-05-12 18:00:37.212103+00	2022-05-12 18:00:37.212103+00
01073	MA	47352	(42.23,-72.73)	2022-05-12 18:00:37.212155+00	2022-05-12 18:00:37.212155+00
01075	MA	107068	(42.26,-72.56)	2022-05-12 18:00:37.212748+00	2022-05-12 18:00:37.212748+00
01081	MA	8097	(42.06,-72.21)	2022-05-12 18:00:37.213052+00	2022-05-12 18:00:37.213052+00
01079	MA	0	(42.2,-72.33)	2022-05-12 18:00:37.213091+00	2022-05-12 18:00:37.213091+00
01080	MA	8946	(42.18,-72.37)	2022-05-12 18:00:37.21318+00	2022-05-12 18:00:37.21318+00
01077	MA	66040	(42.05,-72.76)	2022-05-12 18:00:37.213154+00	2022-05-12 18:00:37.213154+00
01082	MA	46542	(42.25,-72.24)	2022-05-12 18:00:37.213265+00	2022-05-12 18:00:37.213265+00
01083	MA	0	(42.21,-72.19)	2022-05-12 18:00:37.213403+00	2022-05-12 18:00:37.213403+00
01084	MA	0	(42.39,-72.88)	2022-05-12 18:00:37.213704+00	2022-05-12 18:00:37.213704+00
01085	MA	212444	(42.13,-72.75)	2022-05-12 18:00:37.213925+00	2022-05-12 18:00:37.213925+00
01086	MA	0	(42.13,-72.79)	2022-05-12 18:00:37.21402+00	2022-05-12 18:00:37.21402+00
01088	MA	3453	(42.39,-72.64)	2022-05-12 18:00:37.214538+00	2022-05-12 18:00:37.214538+00
01089	MA	143418	(42.12,-72.65)	2022-05-12 18:00:37.214646+00	2022-05-12 18:00:37.214646+00
01094	MA	0	(42.35,-72.14)	2022-05-12 18:00:37.214962+00	2022-05-12 18:00:37.214962+00
01093	MA	0	(42.44,-72.65)	2022-05-12 18:00:37.214975+00	2022-05-12 18:00:37.214975+00
01090	MA	0	(42.12,-72.65)	2022-05-12 18:00:37.214987+00	2022-05-12 18:00:37.214987+00
01095	MA	133898	(42.13,-72.43)	2022-05-12 18:00:37.215065+00	2022-05-12 18:00:37.215065+00
01092	MA	0	(42.19,-72.24)	2022-05-12 18:00:37.215049+00	2022-05-12 18:00:37.215049+00
01096	MA	16411	(42.4,-72.76)	2022-05-12 18:00:37.21513+00	2022-05-12 18:00:37.21513+00
01097	MA	0	(42.18,-72.83)	2022-05-12 18:00:37.215228+00	2022-05-12 18:00:37.215228+00
01098	MA	6990	(42.41,-72.93)	2022-05-12 18:00:37.215544+00	2022-05-12 18:00:37.215544+00
01101	MA	0	(42.11,-72.53)	2022-05-12 18:00:37.216097+00	2022-05-12 18:00:37.216097+00
01103	MA	7500	(42.1,-72.59)	2022-05-12 18:00:37.216295+00	2022-05-12 18:00:37.216295+00
01102	MA	0	(42.11,-72.53)	2022-05-12 18:00:37.216328+00	2022-05-12 18:00:37.216328+00
01106	MA	215209	(42.04,-72.57)	2022-05-12 18:00:37.216621+00	2022-05-12 18:00:37.216621+00
01105	MA	17273	(42.1,-72.58)	2022-05-12 18:00:37.216635+00	2022-05-12 18:00:37.216635+00
01104	MA	64690	(42.13,-72.57)	2022-05-12 18:00:37.216652+00	2022-05-12 18:00:37.216652+00
01108	MA	73942	(42.08,-72.56)	2022-05-12 18:00:37.216744+00	2022-05-12 18:00:37.216744+00
01107	MA	22891	(42.12,-72.61)	2022-05-12 18:00:37.216729+00	2022-05-12 18:00:37.216729+00
01109	MA	66323	(42.11,-72.53)	2022-05-12 18:00:37.216904+00	2022-05-12 18:00:37.216904+00
01111	MA	0	(42.11,-72.53)	2022-05-12 18:00:37.217405+00	2022-05-12 18:00:37.217405+00
01115	MA	0	(42.11,-72.53)	2022-05-12 18:00:37.21764+00	2022-05-12 18:00:37.21764+00
01116	MA	0	(42.04,-72.57)	2022-05-12 18:00:37.217887+00	2022-05-12 18:00:37.217887+00
01119	MA	46384	(42.12,-72.51)	2022-05-12 18:00:37.217952+00	2022-05-12 18:00:37.217952+00
01118	MA	66293	(42.09,-72.53)	2022-05-12 18:00:37.217889+00	2022-05-12 18:00:37.217889+00
01138	MA	0	(42.11,-72.53)	2022-05-12 18:00:37.218229+00	2022-05-12 18:00:37.218229+00
01128	MA	14775	(42.09,-72.49)	2022-05-12 18:00:37.218252+00	2022-05-12 18:00:37.218252+00
01129	MA	32342	(42.12,-72.49)	2022-05-12 18:00:37.218218+00	2022-05-12 18:00:37.218218+00
01139	MA	0	(42.11,-72.53)	2022-05-12 18:00:37.218291+00	2022-05-12 18:00:37.218291+00
01144	MA	0	(42.11,-72.53)	2022-05-12 18:00:37.218531+00	2022-05-12 18:00:37.218531+00
01151	MA	24538	(42.15,-72.51)	2022-05-12 18:00:37.218945+00	2022-05-12 18:00:37.218945+00
01152	MA	0	(42.11,-72.53)	2022-05-12 18:00:37.219329+00	2022-05-12 18:00:37.219329+00
01201	MA	213668	(42.45,-73.26)	2022-05-12 18:00:37.21969+00	2022-05-12 18:00:37.21969+00
01223	MA	14036	(42.33,-73.07)	2022-05-12 18:00:37.219726+00	2022-05-12 18:00:37.219726+00
01220	MA	34513	(42.62,-73.11)	2022-05-12 18:00:37.219737+00	2022-05-12 18:00:37.219737+00
01202	MA	0	(42.45,-73.26)	2022-05-12 18:00:37.219673+00	2022-05-12 18:00:37.219673+00
01199	MA	0	(42.12,-72.6)	2022-05-12 18:00:37.219771+00	2022-05-12 18:00:37.219771+00
01222	MA	3502	(42.05,-73.33)	2022-05-12 18:00:37.219805+00	2022-05-12 18:00:37.219805+00
01203	MA	0	(42.45,-73.26)	2022-05-12 18:00:37.219703+00	2022-05-12 18:00:37.219703+00
00000	NA	0	(0,0)	2022-05-12 18:00:37.221219+00	2022-05-12 18:00:37.221219+00
9001	AE	1000000	(0,0)	2022-05-12 18:00:37.679477+00	2022-05-12 18:00:37.679477+00
9002	AE	1000000	(0,0)	2022-05-12 18:00:37.679477+00	2022-05-12 18:00:37.679477+00
9003	AE	1000000	(0,0)	2022-05-12 18:00:37.679477+00	2022-05-12 18:00:37.679477+00
9004	AE	1000000	(0,0)	2022-05-12 18:00:37.679477+00	2022-05-12 18:00:37.679477+00
9005	AE	1000000	(0,0)	2022-05-12 18:00:37.679477+00	2022-05-12 18:00:37.679477+00
9006	AE	1000000	(0,0)	2022-05-12 18:00:37.679477+00	2022-05-12 18:00:37.679477+00
9008	AE	1000000	(0,0)	2022-05-12 18:00:37.679477+00	2022-05-12 18:00:37.679477+00
9009	AE	1000000	(0,0)	2022-05-12 18:00:37.679477+00	2022-05-12 18:00:37.679477+00
9010	AE	1000000	(0,0)	2022-05-12 18:00:37.679477+00	2022-05-12 18:00:37.679477+00
9011	AE	1000000	(0,0)	2022-05-12 18:00:37.679477+00	2022-05-12 18:00:37.679477+00
9012	AE	1000000	(0,0)	2022-05-12 18:00:37.679477+00	2022-05-12 18:00:37.679477+00
9013	AE	1000000	(0,0)	2022-05-12 18:00:37.679477+00	2022-05-12 18:00:37.679477+00
9014	AE	1000000	(0,0)	2022-05-12 18:00:37.679477+00	2022-05-12 18:00:37.679477+00
9015	AE	1000000	(0,0)	2022-05-12 18:00:37.679477+00	2022-05-12 18:00:37.679477+00
9016	AE	1000000	(0,0)	2022-05-12 18:00:37.679477+00	2022-05-12 18:00:37.679477+00
9017	AE	1000000	(0,0)	2022-05-12 18:00:37.679477+00	2022-05-12 18:00:37.679477+00
9018	AE	1000000	(0,0)	2022-05-12 18:00:37.679477+00	2022-05-12 18:00:37.679477+00
9020	AE	1000000	(0,0)	2022-05-12 18:00:37.679477+00	2022-05-12 18:00:37.679477+00
9021	AE	1000000	(0,0)	2022-05-12 18:00:37.679477+00	2022-05-12 18:00:37.679477+00
9034	AE	1000000	(0,0)	2022-05-12 18:00:37.679477+00	2022-05-12 18:00:37.679477+00
9044	AE	1000000	(0,0)	2022-05-12 18:00:37.679477+00	2022-05-12 18:00:37.679477+00
9046	AE	1000000	(0,0)	2022-05-12 18:00:37.679477+00	2022-05-12 18:00:37.679477+00
9049	AE	1000000	(0,0)	2022-05-12 18:00:37.679477+00	2022-05-12 18:00:37.679477+00
9053	AE	1000000	(0,0)	2022-05-12 18:00:37.679477+00	2022-05-12 18:00:37.679477+00
9055	AE	1000000	(0,0)	2022-05-12 18:00:37.679477+00	2022-05-12 18:00:37.679477+00
9060	AE	1000000	(0,0)	2022-05-12 18:00:37.679477+00	2022-05-12 18:00:37.679477+00
9067	AE	1000000	(0,0)	2022-05-12 18:00:37.679477+00	2022-05-12 18:00:37.679477+00
9068	AE	1000000	(0,0)	2022-05-12 18:00:37.679477+00	2022-05-12 18:00:37.679477+00
9069	AE	1000000	(0,0)	2022-05-12 18:00:37.679477+00	2022-05-12 18:00:37.679477+00
9079	AE	1000000	(0,0)	2022-05-12 18:00:37.679477+00	2022-05-12 18:00:37.679477+00
9094	AE	1000000	(0,0)	2022-05-12 18:00:37.679477+00	2022-05-12 18:00:37.679477+00
9095	AE	1000000	(0,0)	2022-05-12 18:00:37.679477+00	2022-05-12 18:00:37.679477+00
9096	AE	1000000	(0,0)	2022-05-12 18:00:37.679477+00	2022-05-12 18:00:37.679477+00
9103	AE	1000000	(0,0)	2022-05-12 18:00:37.679477+00	2022-05-12 18:00:37.679477+00
9104	AE	1000000	(0,0)	2022-05-12 18:00:37.679477+00	2022-05-12 18:00:37.679477+00
9107	AE	1000000	(0,0)	2022-05-12 18:00:37.679477+00	2022-05-12 18:00:37.679477+00
9112	AE	1000000	(0,0)	2022-05-12 18:00:37.679477+00	2022-05-12 18:00:37.679477+00
9113	AE	1000000	(0,0)	2022-05-12 18:00:37.679477+00	2022-05-12 18:00:37.679477+00
9114	AE	1000000	(0,0)	2022-05-12 18:00:37.679477+00	2022-05-12 18:00:37.679477+00
9115	AE	1000000	(0,0)	2022-05-12 18:00:37.679477+00	2022-05-12 18:00:37.679477+00
9116	AE	1000000	(0,0)	2022-05-12 18:00:37.679477+00	2022-05-12 18:00:37.679477+00
9123	AE	1000000	(0,0)	2022-05-12 18:00:37.679477+00	2022-05-12 18:00:37.679477+00
9125	AE	1000000	(0,0)	2022-05-12 18:00:37.679477+00	2022-05-12 18:00:37.679477+00
9126	AE	1000000	(0,0)	2022-05-12 18:00:37.679477+00	2022-05-12 18:00:37.679477+00
9128	AE	1000000	(0,0)	2022-05-12 18:00:37.679477+00	2022-05-12 18:00:37.679477+00
9131	AE	1000000	(0,0)	2022-05-12 18:00:37.679477+00	2022-05-12 18:00:37.679477+00
9135	AE	1000000	(0,0)	2022-05-12 18:00:37.679477+00	2022-05-12 18:00:37.679477+00
9136	AE	1000000	(0,0)	2022-05-12 18:00:37.679477+00	2022-05-12 18:00:37.679477+00
9138	AE	1000000	(0,0)	2022-05-12 18:00:37.679477+00	2022-05-12 18:00:37.679477+00
9139	AE	1000000	(0,0)	2022-05-12 18:00:37.679477+00	2022-05-12 18:00:37.679477+00
9140	AE	1000000	(0,0)	2022-05-12 18:00:37.679477+00	2022-05-12 18:00:37.679477+00
9142	AE	1000000	(0,0)	2022-05-12 18:00:37.679477+00	2022-05-12 18:00:37.679477+00
9154	AE	1000000	(0,0)	2022-05-12 18:00:37.679477+00	2022-05-12 18:00:37.679477+00
9160	AE	1000000	(0,0)	2022-05-12 18:00:37.679477+00	2022-05-12 18:00:37.679477+00
9170	AE	1000000	(0,0)	2022-05-12 18:00:37.679477+00	2022-05-12 18:00:37.679477+00
9171	AE	1000000	(0,0)	2022-05-12 18:00:37.679477+00	2022-05-12 18:00:37.679477+00
9172	AE	1000000	(0,0)	2022-05-12 18:00:37.679477+00	2022-05-12 18:00:37.679477+00
9173	AE	1000000	(0,0)	2022-05-12 18:00:37.679477+00	2022-05-12 18:00:37.679477+00
9174	AE	1000000	(0,0)	2022-05-12 18:00:37.679477+00	2022-05-12 18:00:37.679477+00
9175	AE	1000000	(0,0)	2022-05-12 18:00:37.679477+00	2022-05-12 18:00:37.679477+00
9176	AE	1000000	(0,0)	2022-05-12 18:00:37.679477+00	2022-05-12 18:00:37.679477+00
9177	AE	1000000	(0,0)	2022-05-12 18:00:37.679477+00	2022-05-12 18:00:37.679477+00
9178	AE	1000000	(0,0)	2022-05-12 18:00:37.679477+00	2022-05-12 18:00:37.679477+00
9180	AE	1000000	(0,0)	2022-05-12 18:00:37.679477+00	2022-05-12 18:00:37.679477+00
9186	AE	1000000	(0,0)	2022-05-12 18:00:37.679477+00	2022-05-12 18:00:37.679477+00
9203	AE	1000000	(0,0)	2022-05-12 18:00:37.679477+00	2022-05-12 18:00:37.679477+00
9204	AE	1000000	(0,0)	2022-05-12 18:00:37.679477+00	2022-05-12 18:00:37.679477+00
9211	AE	1000000	(0,0)	2022-05-12 18:00:37.679477+00	2022-05-12 18:00:37.679477+00
9213	AE	1000000	(0,0)	2022-05-12 18:00:37.679477+00	2022-05-12 18:00:37.679477+00
9214	AE	1000000	(0,0)	2022-05-12 18:00:37.679477+00	2022-05-12 18:00:37.679477+00
9216	AE	1000000	(0,0)	2022-05-12 18:00:37.679477+00	2022-05-12 18:00:37.679477+00
9226	AE	1000000	(0,0)	2022-05-12 18:00:37.679477+00	2022-05-12 18:00:37.679477+00
9227	AE	1000000	(0,0)	2022-05-12 18:00:37.679477+00	2022-05-12 18:00:37.679477+00
9240	AE	1000000	(0,0)	2022-05-12 18:00:37.679477+00	2022-05-12 18:00:37.679477+00
9241	AE	1000000	(0,0)	2022-05-12 18:00:37.679477+00	2022-05-12 18:00:37.679477+00
9242	AE	1000000	(0,0)	2022-05-12 18:00:37.679477+00	2022-05-12 18:00:37.679477+00
9250	AE	1000000	(0,0)	2022-05-12 18:00:37.679477+00	2022-05-12 18:00:37.679477+00
9261	AE	1000000	(0,0)	2022-05-12 18:00:37.679477+00	2022-05-12 18:00:37.679477+00
9263	AE	1000000	(0,0)	2022-05-12 18:00:37.679477+00	2022-05-12 18:00:37.679477+00
9264	AE	1000000	(0,0)	2022-05-12 18:00:37.679477+00	2022-05-12 18:00:37.679477+00
9265	AE	1000000	(0,0)	2022-05-12 18:00:37.679477+00	2022-05-12 18:00:37.679477+00
9266	AE	1000000	(0,0)	2022-05-12 18:00:37.679477+00	2022-05-12 18:00:37.679477+00
9276	AE	1000000	(0,0)	2022-05-12 18:00:37.679477+00	2022-05-12 18:00:37.679477+00
9277	AE	1000000	(0,0)	2022-05-12 18:00:37.679477+00	2022-05-12 18:00:37.679477+00
9278	AE	1000000	(0,0)	2022-05-12 18:00:37.679477+00	2022-05-12 18:00:37.679477+00
9279	AE	1000000	(0,0)	2022-05-12 18:00:37.679477+00	2022-05-12 18:00:37.679477+00
9283	AE	1000000	(0,0)	2022-05-12 18:00:37.679477+00	2022-05-12 18:00:37.679477+00
9285	AE	1000000	(0,0)	2022-05-12 18:00:37.679477+00	2022-05-12 18:00:37.679477+00
9287	AE	1000000	(0,0)	2022-05-12 18:00:37.679477+00	2022-05-12 18:00:37.679477+00
9289	AE	1000000	(0,0)	2022-05-12 18:00:37.679477+00	2022-05-12 18:00:37.679477+00
9290	AE	1000000	(0,0)	2022-05-12 18:00:37.679477+00	2022-05-12 18:00:37.679477+00
9291	AE	1000000	(0,0)	2022-05-12 18:00:37.679477+00	2022-05-12 18:00:37.679477+00
9292	AE	1000000	(0,0)	2022-05-12 18:00:37.679477+00	2022-05-12 18:00:37.679477+00
9301	AE	1000000	(0,0)	2022-05-12 18:00:37.679477+00	2022-05-12 18:00:37.679477+00
9302	AE	1000000	(0,0)	2022-05-12 18:00:37.679477+00	2022-05-12 18:00:37.679477+00
9304	AE	1000000	(0,0)	2022-05-12 18:00:37.679477+00	2022-05-12 18:00:37.679477+00
9305	AE	1000000	(0,0)	2022-05-12 18:00:37.679477+00	2022-05-12 18:00:37.679477+00
9306	AE	1000000	(0,0)	2022-05-12 18:00:37.679477+00	2022-05-12 18:00:37.679477+00
9307	AE	1000000	(0,0)	2022-05-12 18:00:37.679477+00	2022-05-12 18:00:37.679477+00
9309	AE	1000000	(0,0)	2022-05-12 18:00:37.679477+00	2022-05-12 18:00:37.679477+00
9310	AE	1000000	(0,0)	2022-05-12 18:00:37.679477+00	2022-05-12 18:00:37.679477+00
9311	AE	1000000	(0,0)	2022-05-12 18:00:37.679477+00	2022-05-12 18:00:37.679477+00
9312	AE	1000000	(0,0)	2022-05-12 18:00:37.679477+00	2022-05-12 18:00:37.679477+00
9313	AE	1000000	(0,0)	2022-05-12 18:00:37.679477+00	2022-05-12 18:00:37.679477+00
9315	AE	1000000	(0,0)	2022-05-12 18:00:37.679477+00	2022-05-12 18:00:37.679477+00
9316	AE	1000000	(0,0)	2022-05-12 18:00:37.679477+00	2022-05-12 18:00:37.679477+00
9317	AE	1000000	(0,0)	2022-05-12 18:00:37.679477+00	2022-05-12 18:00:37.679477+00
9318	AE	1000000	(0,0)	2022-05-12 18:00:37.679477+00	2022-05-12 18:00:37.679477+00
9319	AE	1000000	(0,0)	2022-05-12 18:00:37.679477+00	2022-05-12 18:00:37.679477+00
9320	AE	1000000	(0,0)	2022-05-12 18:00:37.679477+00	2022-05-12 18:00:37.679477+00
9321	AE	1000000	(0,0)	2022-05-12 18:00:37.679477+00	2022-05-12 18:00:37.679477+00
9322	AE	1000000	(0,0)	2022-05-12 18:00:37.679477+00	2022-05-12 18:00:37.679477+00
9323	AE	1000000	(-44.25,33.53)	2022-05-12 18:00:37.679477+00	2022-05-12 18:00:37.679477+00
9330	AE	1000000	(0,0)	2022-05-12 18:00:37.679477+00	2022-05-12 18:00:37.679477+00
9333	AE	1000000	(0,0)	2022-05-12 18:00:37.679477+00	2022-05-12 18:00:37.679477+00
9337	AE	1000000	(0,0)	2022-05-12 18:00:37.679477+00	2022-05-12 18:00:37.679477+00
9340	AE	1000000	(0,0)	2022-05-12 18:00:37.679477+00	2022-05-12 18:00:37.679477+00
9343	AE	1000000	(0,0)	2022-05-12 18:00:37.679477+00	2022-05-12 18:00:37.679477+00
9347	AE	1000000	(0,0)	2022-05-12 18:00:37.679477+00	2022-05-12 18:00:37.679477+00
9348	AE	1000000	(0,0)	2022-05-12 18:00:37.679477+00	2022-05-12 18:00:37.679477+00
9351	AE	1000000	(0,0)	2022-05-12 18:00:37.679477+00	2022-05-12 18:00:37.679477+00
9352	AE	1000000	(0,0)	2022-05-12 18:00:37.679477+00	2022-05-12 18:00:37.679477+00
9354	AE	1000000	(0,0)	2022-05-12 18:00:37.679477+00	2022-05-12 18:00:37.679477+00
9355	AE	1000000	(0,0)	2022-05-12 18:00:37.679477+00	2022-05-12 18:00:37.679477+00
9356	AE	1000000	(0,0)	2022-05-12 18:00:37.679477+00	2022-05-12 18:00:37.679477+00
9357	AE	1000000	(0,0)	2022-05-12 18:00:37.679477+00	2022-05-12 18:00:37.679477+00
9363	AE	1000000	(0,0)	2022-05-12 18:00:37.679477+00	2022-05-12 18:00:37.679477+00
9365	AE	1000000	(0,0)	2022-05-12 18:00:37.679477+00	2022-05-12 18:00:37.679477+00
9366	AE	1000000	(0,0)	2022-05-12 18:00:37.679477+00	2022-05-12 18:00:37.679477+00
9378	AE	1000000	(0,0)	2022-05-12 18:00:37.679477+00	2022-05-12 18:00:37.679477+00
9381	AE	1000000	(0,0)	2022-05-12 18:00:37.679477+00	2022-05-12 18:00:37.679477+00
9401	AE	1000000	(0,0)	2022-05-12 18:00:37.679477+00	2022-05-12 18:00:37.679477+00
9403	AE	1000000	(0,0)	2022-05-12 18:00:37.679477+00	2022-05-12 18:00:37.679477+00
9410	AE	1000000	(0,0)	2022-05-12 18:00:37.679477+00	2022-05-12 18:00:37.679477+00
9421	AE	1000000	(0,0)	2022-05-12 18:00:37.679477+00	2022-05-12 18:00:37.679477+00
9447	AE	1000000	(0,0)	2022-05-12 18:00:37.679477+00	2022-05-12 18:00:37.679477+00
9454	AE	1000000	(0,0)	2022-05-12 18:00:37.679477+00	2022-05-12 18:00:37.679477+00
9456	AE	1000000	(0,0)	2022-05-12 18:00:37.679477+00	2022-05-12 18:00:37.679477+00
9459	AE	1000000	(0,0)	2022-05-12 18:00:37.679477+00	2022-05-12 18:00:37.679477+00
9461	AE	1000000	(0,0)	2022-05-12 18:00:37.679477+00	2022-05-12 18:00:37.679477+00
9463	AE	1000000	(0,0)	2022-05-12 18:00:37.679477+00	2022-05-12 18:00:37.679477+00
9464	AE	1000000	(0,0)	2022-05-12 18:00:37.679477+00	2022-05-12 18:00:37.679477+00
9467	AE	1000000	(0,0)	2022-05-12 18:00:37.679477+00	2022-05-12 18:00:37.679477+00
9468	AE	1000000	(0,0)	2022-05-12 18:00:37.679477+00	2022-05-12 18:00:37.679477+00
9469	AE	1000000	(0,0)	2022-05-12 18:00:37.679477+00	2022-05-12 18:00:37.679477+00
9470	AE	1000000	(0,0)	2022-05-12 18:00:37.679477+00	2022-05-12 18:00:37.679477+00
9487	AE	1000000	(0,0)	2022-05-12 18:00:37.679477+00	2022-05-12 18:00:37.679477+00
9488	AE	1000000	(0,0)	2022-05-12 18:00:37.679477+00	2022-05-12 18:00:37.679477+00
9489	AE	1000000	(0,0)	2022-05-12 18:00:37.679477+00	2022-05-12 18:00:37.679477+00
9490	AE	1000000	(0,0)	2022-05-12 18:00:37.679477+00	2022-05-12 18:00:37.679477+00
9491	AE	1000000	(0,0)	2022-05-12 18:00:37.679477+00	2022-05-12 18:00:37.679477+00
9494	AE	1000000	(0,0)	2022-05-12 18:00:37.679477+00	2022-05-12 18:00:37.679477+00
9496	AE	1000000	(0,0)	2022-05-12 18:00:37.679477+00	2022-05-12 18:00:37.679477+00
9497	AE	1000000	(0,0)	2022-05-12 18:00:37.679477+00	2022-05-12 18:00:37.679477+00
9498	AE	1000000	(0,0)	2022-05-12 18:00:37.679477+00	2022-05-12 18:00:37.679477+00
9501	AE	1000000	(0,0)	2022-05-12 18:00:37.679477+00	2022-05-12 18:00:37.679477+00
9502	AE	1000000	(0,0)	2022-05-12 18:00:37.679477+00	2022-05-12 18:00:37.679477+00
9503	AE	1000000	(0,0)	2022-05-12 18:00:37.679477+00	2022-05-12 18:00:37.679477+00
9504	AE	1000000	(0,0)	2022-05-12 18:00:37.679477+00	2022-05-12 18:00:37.679477+00
9505	AE	1000000	(0,0)	2022-05-12 18:00:37.679477+00	2022-05-12 18:00:37.679477+00
9506	AE	1000000	(0,0)	2022-05-12 18:00:37.679477+00	2022-05-12 18:00:37.679477+00
9507	AE	1000000	(0,0)	2022-05-12 18:00:37.679477+00	2022-05-12 18:00:37.679477+00
9508	AE	1000000	(0,0)	2022-05-12 18:00:37.679477+00	2022-05-12 18:00:37.679477+00
9509	AE	1000000	(0,0)	2022-05-12 18:00:37.679477+00	2022-05-12 18:00:37.679477+00
9510	AE	1000000	(0,0)	2022-05-12 18:00:37.679477+00	2022-05-12 18:00:37.679477+00
9511	AE	1000000	(0,0)	2022-05-12 18:00:37.679477+00	2022-05-12 18:00:37.679477+00
9512	AE	1000000	(0,0)	2022-05-12 18:00:37.679477+00	2022-05-12 18:00:37.679477+00
9513	AE	1000000	(0,0)	2022-05-12 18:00:37.679477+00	2022-05-12 18:00:37.679477+00
9514	AE	1000000	(0,0)	2022-05-12 18:00:37.679477+00	2022-05-12 18:00:37.679477+00
9517	AE	1000000	(0,0)	2022-05-12 18:00:37.679477+00	2022-05-12 18:00:37.679477+00
9520	AE	1000000	(0,0)	2022-05-12 18:00:37.679477+00	2022-05-12 18:00:37.679477+00
9522	AE	1000000	(0,0)	2022-05-12 18:00:37.679477+00	2022-05-12 18:00:37.679477+00
9523	AE	1000000	(0,0)	2022-05-12 18:00:37.679477+00	2022-05-12 18:00:37.679477+00
9524	AE	1000000	(0,0)	2022-05-12 18:00:37.679477+00	2022-05-12 18:00:37.679477+00
9532	AE	1000000	(0,0)	2022-05-12 18:00:37.679477+00	2022-05-12 18:00:37.679477+00
9533	AE	1000000	(0,0)	2022-05-12 18:00:37.679477+00	2022-05-12 18:00:37.679477+00
9534	AE	1000000	(0,0)	2022-05-12 18:00:37.679477+00	2022-05-12 18:00:37.679477+00
9541	AE	1000000	(0,0)	2022-05-12 18:00:37.679477+00	2022-05-12 18:00:37.679477+00
9542	AE	1000000	(0,0)	2022-05-12 18:00:37.679477+00	2022-05-12 18:00:37.679477+00
9543	AE	1000000	(0,0)	2022-05-12 18:00:37.679477+00	2022-05-12 18:00:37.679477+00
9544	AE	1000000	(0,0)	2022-05-12 18:00:37.679477+00	2022-05-12 18:00:37.679477+00
9545	AE	1000000	(0,0)	2022-05-12 18:00:37.679477+00	2022-05-12 18:00:37.679477+00
9550	AE	1000000	(0,0)	2022-05-12 18:00:37.679477+00	2022-05-12 18:00:37.679477+00
9554	AE	1000000	(0,0)	2022-05-12 18:00:37.679477+00	2022-05-12 18:00:37.679477+00
9556	AE	1000000	(0,0)	2022-05-12 18:00:37.679477+00	2022-05-12 18:00:37.679477+00
9564	AE	1000000	(0,0)	2022-05-12 18:00:37.679477+00	2022-05-12 18:00:37.679477+00
9565	AE	1000000	(0,0)	2022-05-12 18:00:37.679477+00	2022-05-12 18:00:37.679477+00
9566	AE	1000000	(0,0)	2022-05-12 18:00:37.679477+00	2022-05-12 18:00:37.679477+00
9567	AE	1000000	(0,0)	2022-05-12 18:00:37.679477+00	2022-05-12 18:00:37.679477+00
9568	AE	1000000	(0,0)	2022-05-12 18:00:37.679477+00	2022-05-12 18:00:37.679477+00
9569	AE	1000000	(0,0)	2022-05-12 18:00:37.679477+00	2022-05-12 18:00:37.679477+00
9570	AE	1000000	(0,0)	2022-05-12 18:00:37.679477+00	2022-05-12 18:00:37.679477+00
9573	AE	1000000	(0,0)	2022-05-12 18:00:37.679477+00	2022-05-12 18:00:37.679477+00
9574	AE	1000000	(0,0)	2022-05-12 18:00:37.679477+00	2022-05-12 18:00:37.679477+00
9575	AE	1000000	(0,0)	2022-05-12 18:00:37.679477+00	2022-05-12 18:00:37.679477+00
9576	AE	1000000	(0,0)	2022-05-12 18:00:37.679477+00	2022-05-12 18:00:37.679477+00
9577	AE	1000000	(0,0)	2022-05-12 18:00:37.679477+00	2022-05-12 18:00:37.679477+00
9578	AE	1000000	(0,0)	2022-05-12 18:00:37.679477+00	2022-05-12 18:00:37.679477+00
9579	AE	1000000	(0,0)	2022-05-12 18:00:37.679477+00	2022-05-12 18:00:37.679477+00
9581	AE	1000000	(0,0)	2022-05-12 18:00:37.679477+00	2022-05-12 18:00:37.679477+00
9582	AE	1000000	(0,0)	2022-05-12 18:00:37.679477+00	2022-05-12 18:00:37.679477+00
9583	AE	1000000	(0,0)	2022-05-12 18:00:37.679477+00	2022-05-12 18:00:37.679477+00
9586	AE	1000000	(0,0)	2022-05-12 18:00:37.679477+00	2022-05-12 18:00:37.679477+00
9587	AE	1000000	(0,0)	2022-05-12 18:00:37.679477+00	2022-05-12 18:00:37.679477+00
9588	AE	1000000	(0,0)	2022-05-12 18:00:37.679477+00	2022-05-12 18:00:37.679477+00
9589	AE	1000000	(0,0)	2022-05-12 18:00:37.679477+00	2022-05-12 18:00:37.679477+00
9590	AE	1000000	(0,0)	2022-05-12 18:00:37.679477+00	2022-05-12 18:00:37.679477+00
9591	AE	1000000	(0,0)	2022-05-12 18:00:37.679477+00	2022-05-12 18:00:37.679477+00
9592	AE	1000000	(0,0)	2022-05-12 18:00:37.679477+00	2022-05-12 18:00:37.679477+00
9593	AE	1000000	(0,0)	2022-05-12 18:00:37.679477+00	2022-05-12 18:00:37.679477+00
9594	AE	1000000	(0,0)	2022-05-12 18:00:37.679477+00	2022-05-12 18:00:37.679477+00
9595	AE	1000000	(0,0)	2022-05-12 18:00:37.679477+00	2022-05-12 18:00:37.679477+00
9596	AE	1000000	(0,0)	2022-05-12 18:00:37.679477+00	2022-05-12 18:00:37.679477+00
9599	AE	1000000	(0,0)	2022-05-12 18:00:37.679477+00	2022-05-12 18:00:37.679477+00
9600	AE	1000000	(0,0)	2022-05-12 18:00:37.679477+00	2022-05-12 18:00:37.679477+00
9601	AE	1000000	(0,0)	2022-05-12 18:00:37.679477+00	2022-05-12 18:00:37.679477+00
9602	AE	1000000	(0,0)	2022-05-12 18:00:37.679477+00	2022-05-12 18:00:37.679477+00
9603	AE	1000000	(0,0)	2022-05-12 18:00:37.679477+00	2022-05-12 18:00:37.679477+00
9604	AE	1000000	(0,0)	2022-05-12 18:00:37.679477+00	2022-05-12 18:00:37.679477+00
9605	AE	1000000	(0,0)	2022-05-12 18:00:37.679477+00	2022-05-12 18:00:37.679477+00
9606	AE	1000000	(0,0)	2022-05-12 18:00:37.679477+00	2022-05-12 18:00:37.679477+00
9607	AE	1000000	(0,0)	2022-05-12 18:00:37.679477+00	2022-05-12 18:00:37.679477+00
9608	AE	1000000	(0,0)	2022-05-12 18:00:37.679477+00	2022-05-12 18:00:37.679477+00
9609	AE	1000000	(0,0)	2022-05-12 18:00:37.679477+00	2022-05-12 18:00:37.679477+00
9610	AE	1000000	(0,0)	2022-05-12 18:00:37.679477+00	2022-05-12 18:00:37.679477+00
9613	AE	1000000	(0,0)	2022-05-12 18:00:37.679477+00	2022-05-12 18:00:37.679477+00
9614	AE	1000000	(0,0)	2022-05-12 18:00:37.679477+00	2022-05-12 18:00:37.679477+00
9617	AE	1000000	(0,0)	2022-05-12 18:00:37.679477+00	2022-05-12 18:00:37.679477+00
9618	AE	1000000	(0,0)	2022-05-12 18:00:37.679477+00	2022-05-12 18:00:37.679477+00
9620	AE	1000000	(0,0)	2022-05-12 18:00:37.679477+00	2022-05-12 18:00:37.679477+00
9621	AE	1000000	(0,0)	2022-05-12 18:00:37.679477+00	2022-05-12 18:00:37.679477+00
9622	AE	1000000	(0,0)	2022-05-12 18:00:37.679477+00	2022-05-12 18:00:37.679477+00
9623	AE	1000000	(0,0)	2022-05-12 18:00:37.679477+00	2022-05-12 18:00:37.679477+00
9624	AE	1000000	(0,0)	2022-05-12 18:00:37.679477+00	2022-05-12 18:00:37.679477+00
9625	AE	1000000	(0,0)	2022-05-12 18:00:37.679477+00	2022-05-12 18:00:37.679477+00
9626	AE	1000000	(0,0)	2022-05-12 18:00:37.679477+00	2022-05-12 18:00:37.679477+00
9627	AE	1000000	(0,0)	2022-05-12 18:00:37.679477+00	2022-05-12 18:00:37.679477+00
9630	AE	1000000	(0,0)	2022-05-12 18:00:37.679477+00	2022-05-12 18:00:37.679477+00
9631	AE	1000000	(0,0)	2022-05-12 18:00:37.679477+00	2022-05-12 18:00:37.679477+00
9633	AE	1000000	(0,0)	2022-05-12 18:00:37.679477+00	2022-05-12 18:00:37.679477+00
9634	AE	1000000	(0,0)	2022-05-12 18:00:37.679477+00	2022-05-12 18:00:37.679477+00
9636	AE	1000000	(0,0)	2022-05-12 18:00:37.679477+00	2022-05-12 18:00:37.679477+00
9642	AE	1000000	(0,0)	2022-05-12 18:00:37.679477+00	2022-05-12 18:00:37.679477+00
9643	AE	1000000	(0,0)	2022-05-12 18:00:37.679477+00	2022-05-12 18:00:37.679477+00
9645	AE	1000000	(0,0)	2022-05-12 18:00:37.679477+00	2022-05-12 18:00:37.679477+00
9647	AE	1000000	(0,0)	2022-05-12 18:00:37.679477+00	2022-05-12 18:00:37.679477+00
9648	AE	1000000	(0,0)	2022-05-12 18:00:37.679477+00	2022-05-12 18:00:37.679477+00
9649	AE	1000000	(0,0)	2022-05-12 18:00:37.679477+00	2022-05-12 18:00:37.679477+00
9701	AE	1000000	(0,0)	2022-05-12 18:00:37.679477+00	2022-05-12 18:00:37.679477+00
9702	AE	1000000	(0,0)	2022-05-12 18:00:37.679477+00	2022-05-12 18:00:37.679477+00
9703	AE	1000000	(0,0)	2022-05-12 18:00:37.679477+00	2022-05-12 18:00:37.679477+00
9704	AE	1000000	(0,0)	2022-05-12 18:00:37.679477+00	2022-05-12 18:00:37.679477+00
9705	AE	1000000	(0,0)	2022-05-12 18:00:37.679477+00	2022-05-12 18:00:37.679477+00
9706	AE	1000000	(0,0)	2022-05-12 18:00:37.679477+00	2022-05-12 18:00:37.679477+00
9707	AE	1000000	(0,0)	2022-05-12 18:00:37.679477+00	2022-05-12 18:00:37.679477+00
9708	AE	1000000	(0,0)	2022-05-12 18:00:37.679477+00	2022-05-12 18:00:37.679477+00
9709	AE	1000000	(0,0)	2022-05-12 18:00:37.679477+00	2022-05-12 18:00:37.679477+00
9710	AE	1000000	(0,0)	2022-05-12 18:00:37.679477+00	2022-05-12 18:00:37.679477+00
9711	AE	1000000	(0,0)	2022-05-12 18:00:37.679477+00	2022-05-12 18:00:37.679477+00
9712	AE	1000000	(0,0)	2022-05-12 18:00:37.679477+00	2022-05-12 18:00:37.679477+00
9714	AE	1000000	(0,0)	2022-05-12 18:00:37.679477+00	2022-05-12 18:00:37.679477+00
9715	AE	1000000	(0,0)	2022-05-12 18:00:37.679477+00	2022-05-12 18:00:37.679477+00
9716	AE	1000000	(0,0)	2022-05-12 18:00:37.679477+00	2022-05-12 18:00:37.679477+00
9717	AE	1000000	(0,0)	2022-05-12 18:00:37.679477+00	2022-05-12 18:00:37.679477+00
9718	AE	1000000	(0,0)	2022-05-12 18:00:37.679477+00	2022-05-12 18:00:37.679477+00
9719	AE	1000000	(0,0)	2022-05-12 18:00:37.679477+00	2022-05-12 18:00:37.679477+00
9720	AE	1000000	(0,0)	2022-05-12 18:00:37.679477+00	2022-05-12 18:00:37.679477+00
9722	AE	1000000	(0,0)	2022-05-12 18:00:37.679477+00	2022-05-12 18:00:37.679477+00
9723	AE	1000000	(0,0)	2022-05-12 18:00:37.679477+00	2022-05-12 18:00:37.679477+00
9724	AE	1000000	(0,0)	2022-05-12 18:00:37.679477+00	2022-05-12 18:00:37.679477+00
9725	AE	1000000	(0,0)	2022-05-12 18:00:37.679477+00	2022-05-12 18:00:37.679477+00
9726	AE	1000000	(0,0)	2022-05-12 18:00:37.679477+00	2022-05-12 18:00:37.679477+00
9727	AE	1000000	(0,0)	2022-05-12 18:00:37.679477+00	2022-05-12 18:00:37.679477+00
9728	AE	1000000	(0,0)	2022-05-12 18:00:37.679477+00	2022-05-12 18:00:37.679477+00
9729	AE	1000000	(0,0)	2022-05-12 18:00:37.679477+00	2022-05-12 18:00:37.679477+00
9730	AE	1000000	(0,0)	2022-05-12 18:00:37.679477+00	2022-05-12 18:00:37.679477+00
9731	AE	1000000	(0,0)	2022-05-12 18:00:37.679477+00	2022-05-12 18:00:37.679477+00
9732	AE	1000000	(0,0)	2022-05-12 18:00:37.679477+00	2022-05-12 18:00:37.679477+00
9733	AE	1000000	(0,0)	2022-05-12 18:00:37.679477+00	2022-05-12 18:00:37.679477+00
9734	AE	1000000	(0,0)	2022-05-12 18:00:37.679477+00	2022-05-12 18:00:37.679477+00
9735	AE	1000000	(0,0)	2022-05-12 18:00:37.679477+00	2022-05-12 18:00:37.679477+00
9736	AE	1000000	(0,0)	2022-05-12 18:00:37.679477+00	2022-05-12 18:00:37.679477+00
9737	AE	1000000	(0,0)	2022-05-12 18:00:37.679477+00	2022-05-12 18:00:37.679477+00
9738	AE	1000000	(0,0)	2022-05-12 18:00:37.679477+00	2022-05-12 18:00:37.679477+00
9739	AE	1000000	(0,0)	2022-05-12 18:00:37.679477+00	2022-05-12 18:00:37.679477+00
9741	AE	1000000	(0,0)	2022-05-12 18:00:37.679477+00	2022-05-12 18:00:37.679477+00
9742	AE	1000000	(0,0)	2022-05-12 18:00:37.679477+00	2022-05-12 18:00:37.679477+00
9743	AE	1000000	(0,0)	2022-05-12 18:00:37.679477+00	2022-05-12 18:00:37.679477+00
9744	AE	1000000	(0,0)	2022-05-12 18:00:37.679477+00	2022-05-12 18:00:37.679477+00
9745	AE	1000000	(0,0)	2022-05-12 18:00:37.679477+00	2022-05-12 18:00:37.679477+00
9748	AE	1000000	(0,0)	2022-05-12 18:00:37.679477+00	2022-05-12 18:00:37.679477+00
9749	AE	1000000	(0,0)	2022-05-12 18:00:37.679477+00	2022-05-12 18:00:37.679477+00
9750	AE	1000000	(0,0)	2022-05-12 18:00:37.679477+00	2022-05-12 18:00:37.679477+00
9751	AE	1000000	(0,0)	2022-05-12 18:00:37.679477+00	2022-05-12 18:00:37.679477+00
9752	AE	1000000	(0,0)	2022-05-12 18:00:37.679477+00	2022-05-12 18:00:37.679477+00
9753	AE	1000000	(0,0)	2022-05-12 18:00:37.679477+00	2022-05-12 18:00:37.679477+00
9754	AE	1000000	(0,0)	2022-05-12 18:00:37.679477+00	2022-05-12 18:00:37.679477+00
9755	AE	1000000	(0,0)	2022-05-12 18:00:37.679477+00	2022-05-12 18:00:37.679477+00
9756	AE	1000000	(0,0)	2022-05-12 18:00:37.679477+00	2022-05-12 18:00:37.679477+00
9758	AE	1000000	(0,0)	2022-05-12 18:00:37.679477+00	2022-05-12 18:00:37.679477+00
9759	AE	1000000	(0,0)	2022-05-12 18:00:37.679477+00	2022-05-12 18:00:37.679477+00
9760	AE	1000000	(0,0)	2022-05-12 18:00:37.679477+00	2022-05-12 18:00:37.679477+00
9761	AE	1000000	(0,0)	2022-05-12 18:00:37.679477+00	2022-05-12 18:00:37.679477+00
9762	AE	1000000	(0,0)	2022-05-12 18:00:37.679477+00	2022-05-12 18:00:37.679477+00
9769	AE	1000000	(0,0)	2022-05-12 18:00:37.679477+00	2022-05-12 18:00:37.679477+00
9777	AE	1000000	(0,0)	2022-05-12 18:00:37.679477+00	2022-05-12 18:00:37.679477+00
9780	AE	1000000	(0,0)	2022-05-12 18:00:37.679477+00	2022-05-12 18:00:37.679477+00
9789	AE	1000000	(0,0)	2022-05-12 18:00:37.679477+00	2022-05-12 18:00:37.679477+00
9800	AE	1000000	(0,0)	2022-05-12 18:00:37.679477+00	2022-05-12 18:00:37.679477+00
9801	AE	1000000	(0,0)	2022-05-12 18:00:37.679477+00	2022-05-12 18:00:37.679477+00
9802	AE	1000000	(0,0)	2022-05-12 18:00:37.679477+00	2022-05-12 18:00:37.679477+00
9803	AE	1000000	(0,0)	2022-05-12 18:00:37.679477+00	2022-05-12 18:00:37.679477+00
9804	AE	1000000	(0,0)	2022-05-12 18:00:37.679477+00	2022-05-12 18:00:37.679477+00
9805	AE	1000000	(0,0)	2022-05-12 18:00:37.679477+00	2022-05-12 18:00:37.679477+00
9806	AE	1000000	(0,0)	2022-05-12 18:00:37.679477+00	2022-05-12 18:00:37.679477+00
9807	AE	1000000	(0,0)	2022-05-12 18:00:37.679477+00	2022-05-12 18:00:37.679477+00
9808	AE	1000000	(0,0)	2022-05-12 18:00:37.679477+00	2022-05-12 18:00:37.679477+00
9809	AE	1000000	(0,0)	2022-05-12 18:00:37.679477+00	2022-05-12 18:00:37.679477+00
9810	AE	1000000	(0,0)	2022-05-12 18:00:37.679477+00	2022-05-12 18:00:37.679477+00
9811	AE	1000000	(0,0)	2022-05-12 18:00:37.679477+00	2022-05-12 18:00:37.679477+00
9812	AE	1000000	(0,0)	2022-05-12 18:00:37.679477+00	2022-05-12 18:00:37.679477+00
9813	AE	1000000	(0,0)	2022-05-12 18:00:37.679477+00	2022-05-12 18:00:37.679477+00
9814	AE	1000000	(0,0)	2022-05-12 18:00:37.679477+00	2022-05-12 18:00:37.679477+00
9815	AE	1000000	(0,0)	2022-05-12 18:00:37.679477+00	2022-05-12 18:00:37.679477+00
9816	AE	1000000	(0,0)	2022-05-12 18:00:37.679477+00	2022-05-12 18:00:37.679477+00
9817	AE	1000000	(0,0)	2022-05-12 18:00:37.679477+00	2022-05-12 18:00:37.679477+00
9818	AE	1000000	(0,0)	2022-05-12 18:00:37.679477+00	2022-05-12 18:00:37.679477+00
9820	AE	1000000	(0,0)	2022-05-12 18:00:37.679477+00	2022-05-12 18:00:37.679477+00
9821	AE	1000000	(0,0)	2022-05-12 18:00:37.679477+00	2022-05-12 18:00:37.679477+00
9822	AE	1000000	(0,0)	2022-05-12 18:00:37.679477+00	2022-05-12 18:00:37.679477+00
9823	AE	1000000	(0,0)	2022-05-12 18:00:37.679477+00	2022-05-12 18:00:37.679477+00
9824	AE	1000000	(0,0)	2022-05-12 18:00:37.679477+00	2022-05-12 18:00:37.679477+00
9825	AE	1000000	(0,0)	2022-05-12 18:00:37.679477+00	2022-05-12 18:00:37.679477+00
9826	AE	1000000	(0,0)	2022-05-12 18:00:37.679477+00	2022-05-12 18:00:37.679477+00
9827	AE	1000000	(0,0)	2022-05-12 18:00:37.679477+00	2022-05-12 18:00:37.679477+00
9828	AE	1000000	(0,0)	2022-05-12 18:00:37.679477+00	2022-05-12 18:00:37.679477+00
9829	AE	1000000	(0,0)	2022-05-12 18:00:37.679477+00	2022-05-12 18:00:37.679477+00
9830	AE	1000000	(0,0)	2022-05-12 18:00:37.679477+00	2022-05-12 18:00:37.679477+00
9831	AE	1000000	(0,0)	2022-05-12 18:00:37.679477+00	2022-05-12 18:00:37.679477+00
9832	AE	1000000	(0,0)	2022-05-12 18:00:37.679477+00	2022-05-12 18:00:37.679477+00
9833	AE	1000000	(0,0)	2022-05-12 18:00:37.679477+00	2022-05-12 18:00:37.679477+00
9834	AE	1000000	(0,0)	2022-05-12 18:00:37.679477+00	2022-05-12 18:00:37.679477+00
9836	AE	1000000	(0,0)	2022-05-12 18:00:37.679477+00	2022-05-12 18:00:37.679477+00
9837	AE	1000000	(0,0)	2022-05-12 18:00:37.679477+00	2022-05-12 18:00:37.679477+00
9838	AE	1000000	(0,0)	2022-05-12 18:00:37.679477+00	2022-05-12 18:00:37.679477+00
9839	AE	1000000	(0,0)	2022-05-12 18:00:37.679477+00	2022-05-12 18:00:37.679477+00
9841	AE	1000000	(0,0)	2022-05-12 18:00:37.679477+00	2022-05-12 18:00:37.679477+00
9842	AE	1000000	(0,0)	2022-05-12 18:00:37.679477+00	2022-05-12 18:00:37.679477+00
9844	AE	1000000	(0,0)	2022-05-12 18:00:37.679477+00	2022-05-12 18:00:37.679477+00
9845	AE	1000000	(0,0)	2022-05-12 18:00:37.679477+00	2022-05-12 18:00:37.679477+00
9846	AE	1000000	(0,0)	2022-05-12 18:00:37.679477+00	2022-05-12 18:00:37.679477+00
9847	AE	1000000	(0,0)	2022-05-12 18:00:37.679477+00	2022-05-12 18:00:37.679477+00
9848	AE	1000000	(0,0)	2022-05-12 18:00:37.679477+00	2022-05-12 18:00:37.679477+00
9851	AE	1000000	(0,0)	2022-05-12 18:00:37.679477+00	2022-05-12 18:00:37.679477+00
9852	AE	1000000	(0,0)	2022-05-12 18:00:37.679477+00	2022-05-12 18:00:37.679477+00
9853	AE	1000000	(0,0)	2022-05-12 18:00:37.679477+00	2022-05-12 18:00:37.679477+00
9854	AE	1000000	(0,0)	2022-05-12 18:00:37.679477+00	2022-05-12 18:00:37.679477+00
9855	AE	1000000	(0,0)	2022-05-12 18:00:37.679477+00	2022-05-12 18:00:37.679477+00
9856	AE	1000000	(0,0)	2022-05-12 18:00:37.679477+00	2022-05-12 18:00:37.679477+00
9857	AE	1000000	(0,0)	2022-05-12 18:00:37.679477+00	2022-05-12 18:00:37.679477+00
9858	AE	1000000	(0,0)	2022-05-12 18:00:37.679477+00	2022-05-12 18:00:37.679477+00
9859	AE	1000000	(0,0)	2022-05-12 18:00:37.679477+00	2022-05-12 18:00:37.679477+00
9860	AE	1000000	(0,0)	2022-05-12 18:00:37.679477+00	2022-05-12 18:00:37.679477+00
9861	AE	1000000	(0,0)	2022-05-12 18:00:37.679477+00	2022-05-12 18:00:37.679477+00
9862	AE	1000000	(0,0)	2022-05-12 18:00:37.679477+00	2022-05-12 18:00:37.679477+00
9863	AE	1000000	(0,0)	2022-05-12 18:00:37.679477+00	2022-05-12 18:00:37.679477+00
9864	AE	1000000	(0,0)	2022-05-12 18:00:37.679477+00	2022-05-12 18:00:37.679477+00
9865	AE	1000000	(0,0)	2022-05-12 18:00:37.679477+00	2022-05-12 18:00:37.679477+00
9867	AE	1000000	(0,0)	2022-05-12 18:00:37.679477+00	2022-05-12 18:00:37.679477+00
9868	AE	1000000	(0,0)	2022-05-12 18:00:37.679477+00	2022-05-12 18:00:37.679477+00
9869	AE	1000000	(0,0)	2022-05-12 18:00:37.679477+00	2022-05-12 18:00:37.679477+00
9870	AE	1000000	(0,0)	2022-05-12 18:00:37.679477+00	2022-05-12 18:00:37.679477+00
9873	AE	1000000	(0,0)	2022-05-12 18:00:37.679477+00	2022-05-12 18:00:37.679477+00
9874	AE	1000000	(0,0)	2022-05-12 18:00:37.679477+00	2022-05-12 18:00:37.679477+00
9875	AE	1000000	(0,0)	2022-05-12 18:00:37.679477+00	2022-05-12 18:00:37.679477+00
9876	AE	1000000	(0,0)	2022-05-12 18:00:37.679477+00	2022-05-12 18:00:37.679477+00
9877	AE	1000000	(0,0)	2022-05-12 18:00:37.679477+00	2022-05-12 18:00:37.679477+00
9880	AE	1000000	(0,0)	2022-05-12 18:00:37.679477+00	2022-05-12 18:00:37.679477+00
9890	AE	1000000	(0,0)	2022-05-12 18:00:37.679477+00	2022-05-12 18:00:37.679477+00
9892	AE	1000000	(0,0)	2022-05-12 18:00:37.679477+00	2022-05-12 18:00:37.679477+00
9895	AE	1000000	(0,0)	2022-05-12 18:00:37.679477+00	2022-05-12 18:00:37.679477+00
9898	AE	1000000	(0,0)	2022-05-12 18:00:37.679477+00	2022-05-12 18:00:37.679477+00
9901	AE	1000000	(0,0)	2022-05-12 18:00:37.679477+00	2022-05-12 18:00:37.679477+00
9902	AE	1000000	(0,0)	2022-05-12 18:00:37.679477+00	2022-05-12 18:00:37.679477+00
9903	AE	1000000	(0,0)	2022-05-12 18:00:37.679477+00	2022-05-12 18:00:37.679477+00
9904	AE	1000000	(0,0)	2022-05-12 18:00:37.679477+00	2022-05-12 18:00:37.679477+00
9908	AE	1000000	(0,0)	2022-05-12 18:00:37.679477+00	2022-05-12 18:00:37.679477+00
9909	AE	1000000	(0,0)	2022-05-12 18:00:37.679477+00	2022-05-12 18:00:37.679477+00
9910	AE	1000000	(0,0)	2022-05-12 18:00:37.679477+00	2022-05-12 18:00:37.679477+00
9974	AE	1000000	(0,0)	2022-05-12 18:00:37.679477+00	2022-05-12 18:00:37.679477+00
9975	AE	1000000	(0,0)	2022-05-12 18:00:37.679477+00	2022-05-12 18:00:37.679477+00
9976	AE	1000000	(0,0)	2022-05-12 18:00:37.679477+00	2022-05-12 18:00:37.679477+00
9977	AE	1000000	(0,0)	2022-05-12 18:00:37.679477+00	2022-05-12 18:00:37.679477+00
34001	AA	1000000	(0,0)	2022-05-12 18:00:37.679477+00	2022-05-12 18:00:37.679477+00
34002	AA	1000000	(0,0)	2022-05-12 18:00:37.679477+00	2022-05-12 18:00:37.679477+00
34004	AA	1000000	(0,0)	2022-05-12 18:00:37.679477+00	2022-05-12 18:00:37.679477+00
34007	AA	1000000	(0,0)	2022-05-12 18:00:37.679477+00	2022-05-12 18:00:37.679477+00
34008	AA	1000000	(0,0)	2022-05-12 18:00:37.679477+00	2022-05-12 18:00:37.679477+00
34011	AA	1000000	(0,0)	2022-05-12 18:00:37.679477+00	2022-05-12 18:00:37.679477+00
34020	AA	1000000	(0,0)	2022-05-12 18:00:37.679477+00	2022-05-12 18:00:37.679477+00
34021	AA	1000000	(0,0)	2022-05-12 18:00:37.679477+00	2022-05-12 18:00:37.679477+00
34022	AA	1000000	(0,0)	2022-05-12 18:00:37.679477+00	2022-05-12 18:00:37.679477+00
34023	AA	1000000	(0,0)	2022-05-12 18:00:37.679477+00	2022-05-12 18:00:37.679477+00
34024	AA	1000000	(0,0)	2022-05-12 18:00:37.679477+00	2022-05-12 18:00:37.679477+00
34025	AA	1000000	(0,0)	2022-05-12 18:00:37.679477+00	2022-05-12 18:00:37.679477+00
34030	AA	1000000	(0,0)	2022-05-12 18:00:37.679477+00	2022-05-12 18:00:37.679477+00
34031	AA	1000000	(0,0)	2022-05-12 18:00:37.679477+00	2022-05-12 18:00:37.679477+00
34032	AA	1000000	(0,0)	2022-05-12 18:00:37.679477+00	2022-05-12 18:00:37.679477+00
34033	AA	1000000	(0,0)	2022-05-12 18:00:37.679477+00	2022-05-12 18:00:37.679477+00
34034	AA	1000000	(0,0)	2022-05-12 18:00:37.679477+00	2022-05-12 18:00:37.679477+00
34035	AA	1000000	(0,0)	2022-05-12 18:00:37.679477+00	2022-05-12 18:00:37.679477+00
34036	AA	1000000	(0,0)	2022-05-12 18:00:37.679477+00	2022-05-12 18:00:37.679477+00
34037	AA	1000000	(0,0)	2022-05-12 18:00:37.679477+00	2022-05-12 18:00:37.679477+00
34038	AA	1000000	(0,0)	2022-05-12 18:00:37.679477+00	2022-05-12 18:00:37.679477+00
34039	AA	1000000	(0,0)	2022-05-12 18:00:37.679477+00	2022-05-12 18:00:37.679477+00
34041	AA	1000000	(0,0)	2022-05-12 18:00:37.679477+00	2022-05-12 18:00:37.679477+00
34042	AA	1000000	(0,0)	2022-05-12 18:00:37.679477+00	2022-05-12 18:00:37.679477+00
34044	AA	1000000	(0,0)	2022-05-12 18:00:37.679477+00	2022-05-12 18:00:37.679477+00
34050	AA	1000000	(0,0)	2022-05-12 18:00:37.679477+00	2022-05-12 18:00:37.679477+00
34051	AA	1000000	(0,0)	2022-05-12 18:00:37.679477+00	2022-05-12 18:00:37.679477+00
34052	AA	1000000	(0,0)	2022-05-12 18:00:37.679477+00	2022-05-12 18:00:37.679477+00
34053	AA	1000000	(0,0)	2022-05-12 18:00:37.679477+00	2022-05-12 18:00:37.679477+00
34054	AA	1000000	(0,0)	2022-05-12 18:00:37.679477+00	2022-05-12 18:00:37.679477+00
34055	AA	1000000	(0,0)	2022-05-12 18:00:37.679477+00	2022-05-12 18:00:37.679477+00
34058	AA	1000000	(0,0)	2022-05-12 18:00:37.679477+00	2022-05-12 18:00:37.679477+00
34060	AA	1000000	(0,0)	2022-05-12 18:00:37.679477+00	2022-05-12 18:00:37.679477+00
34066	AA	1000000	(0,0)	2022-05-12 18:00:37.679477+00	2022-05-12 18:00:37.679477+00
34067	AA	1000000	(0,0)	2022-05-12 18:00:37.679477+00	2022-05-12 18:00:37.679477+00
34068	AA	1000000	(0,0)	2022-05-12 18:00:37.679477+00	2022-05-12 18:00:37.679477+00
34069	AA	1000000	(0,0)	2022-05-12 18:00:37.679477+00	2022-05-12 18:00:37.679477+00
34078	AA	1000000	(0,0)	2022-05-12 18:00:37.679477+00	2022-05-12 18:00:37.679477+00
34080	AA	1000000	(0,0)	2022-05-12 18:00:37.679477+00	2022-05-12 18:00:37.679477+00
34081	AA	1000000	(0,0)	2022-05-12 18:00:37.679477+00	2022-05-12 18:00:37.679477+00
34082	AA	1000000	(0,0)	2022-05-12 18:00:37.679477+00	2022-05-12 18:00:37.679477+00
34083	AA	1000000	(0,0)	2022-05-12 18:00:37.679477+00	2022-05-12 18:00:37.679477+00
34084	AA	1000000	(0,0)	2022-05-12 18:00:37.679477+00	2022-05-12 18:00:37.679477+00
34085	AA	1000000	(0,0)	2022-05-12 18:00:37.679477+00	2022-05-12 18:00:37.679477+00
34086	AA	1000000	(0,0)	2022-05-12 18:00:37.679477+00	2022-05-12 18:00:37.679477+00
34087	AA	1000000	(0,0)	2022-05-12 18:00:37.679477+00	2022-05-12 18:00:37.679477+00
34088	AA	1000000	(0,0)	2022-05-12 18:00:37.679477+00	2022-05-12 18:00:37.679477+00
34089	AA	1000000	(0,0)	2022-05-12 18:00:37.679477+00	2022-05-12 18:00:37.679477+00
34090	AA	1000000	(0,0)	2022-05-12 18:00:37.679477+00	2022-05-12 18:00:37.679477+00
34091	AA	1000000	(0,0)	2022-05-12 18:00:37.679477+00	2022-05-12 18:00:37.679477+00
34092	AA	1000000	(0,0)	2022-05-12 18:00:37.679477+00	2022-05-12 18:00:37.679477+00
34093	AA	1000000	(0,0)	2022-05-12 18:00:37.679477+00	2022-05-12 18:00:37.679477+00
34094	AA	1000000	(0,0)	2022-05-12 18:00:37.679477+00	2022-05-12 18:00:37.679477+00
34095	AA	1000000	(0,0)	2022-05-12 18:00:37.679477+00	2022-05-12 18:00:37.679477+00
96201	AP	1000000	(0,0)	2022-05-12 18:00:37.679477+00	2022-05-12 18:00:37.679477+00
96202	AP	1000000	(0,0)	2022-05-12 18:00:37.679477+00	2022-05-12 18:00:37.679477+00
96203	AP	1000000	(0,0)	2022-05-12 18:00:37.679477+00	2022-05-12 18:00:37.679477+00
96204	AP	1000000	(0,0)	2022-05-12 18:00:37.679477+00	2022-05-12 18:00:37.679477+00
96205	AP	1000000	(0,0)	2022-05-12 18:00:37.679477+00	2022-05-12 18:00:37.679477+00
96206	AP	1000000	(0,0)	2022-05-12 18:00:37.679477+00	2022-05-12 18:00:37.679477+00
96207	AP	1000000	(0,0)	2022-05-12 18:00:37.679477+00	2022-05-12 18:00:37.679477+00
96208	AP	1000000	(0,0)	2022-05-12 18:00:37.679477+00	2022-05-12 18:00:37.679477+00
96209	AP	1000000	(0,0)	2022-05-12 18:00:37.679477+00	2022-05-12 18:00:37.679477+00
96210	AP	1000000	(0,0)	2022-05-12 18:00:37.679477+00	2022-05-12 18:00:37.679477+00
96212	AP	1000000	(0,0)	2022-05-12 18:00:37.679477+00	2022-05-12 18:00:37.679477+00
96213	AP	1000000	(0,0)	2022-05-12 18:00:37.679477+00	2022-05-12 18:00:37.679477+00
96214	AP	1000000	(0,0)	2022-05-12 18:00:37.679477+00	2022-05-12 18:00:37.679477+00
96218	AP	1000000	(0,0)	2022-05-12 18:00:37.679477+00	2022-05-12 18:00:37.679477+00
96224	AP	1000000	(0,0)	2022-05-12 18:00:37.679477+00	2022-05-12 18:00:37.679477+00
96251	AP	1000000	(0,0)	2022-05-12 18:00:37.679477+00	2022-05-12 18:00:37.679477+00
96257	AP	1000000	(0,0)	2022-05-12 18:00:37.679477+00	2022-05-12 18:00:37.679477+00
96258	AP	1000000	(0,0)	2022-05-12 18:00:37.679477+00	2022-05-12 18:00:37.679477+00
96260	AP	1000000	(0,0)	2022-05-12 18:00:37.679477+00	2022-05-12 18:00:37.679477+00
96262	AP	1000000	(0,0)	2022-05-12 18:00:37.679477+00	2022-05-12 18:00:37.679477+00
96264	AP	1000000	(0,0)	2022-05-12 18:00:37.679477+00	2022-05-12 18:00:37.679477+00
96266	AP	1000000	(0,0)	2022-05-12 18:00:37.679477+00	2022-05-12 18:00:37.679477+00
96267	AP	1000000	(0,0)	2022-05-12 18:00:37.679477+00	2022-05-12 18:00:37.679477+00
96269	AP	1000000	(0,0)	2022-05-12 18:00:37.679477+00	2022-05-12 18:00:37.679477+00
96271	AP	1000000	(0,0)	2022-05-12 18:00:37.679477+00	2022-05-12 18:00:37.679477+00
96273	AP	1000000	(0,0)	2022-05-12 18:00:37.679477+00	2022-05-12 18:00:37.679477+00
96275	AP	1000000	(0,0)	2022-05-12 18:00:37.679477+00	2022-05-12 18:00:37.679477+00
96276	AP	1000000	(0,0)	2022-05-12 18:00:37.679477+00	2022-05-12 18:00:37.679477+00
96278	AP	1000000	(0,0)	2022-05-12 18:00:37.679477+00	2022-05-12 18:00:37.679477+00
96283	AP	1000000	(0,0)	2022-05-12 18:00:37.679477+00	2022-05-12 18:00:37.679477+00
96284	AP	1000000	(0,0)	2022-05-12 18:00:37.679477+00	2022-05-12 18:00:37.679477+00
96297	AP	1000000	(0,0)	2022-05-12 18:00:37.679477+00	2022-05-12 18:00:37.679477+00
96301	AP	1000000	(0,0)	2022-05-12 18:00:37.679477+00	2022-05-12 18:00:37.679477+00
96303	AP	1000000	(0,0)	2022-05-12 18:00:37.679477+00	2022-05-12 18:00:37.679477+00
96306	AP	1000000	(0,0)	2022-05-12 18:00:37.679477+00	2022-05-12 18:00:37.679477+00
96309	AP	1000000	(0,0)	2022-05-12 18:00:37.679477+00	2022-05-12 18:00:37.679477+00
96310	AP	1000000	(0,0)	2022-05-12 18:00:37.679477+00	2022-05-12 18:00:37.679477+00
96311	AP	1000000	(0,0)	2022-05-12 18:00:37.679477+00	2022-05-12 18:00:37.679477+00
96315	AP	1000000	(0,0)	2022-05-12 18:00:37.679477+00	2022-05-12 18:00:37.679477+00
96319	AP	1000000	(0,0)	2022-05-12 18:00:37.679477+00	2022-05-12 18:00:37.679477+00
96321	AP	1000000	(0,0)	2022-05-12 18:00:37.679477+00	2022-05-12 18:00:37.679477+00
96322	AP	1000000	(0,0)	2022-05-12 18:00:37.679477+00	2022-05-12 18:00:37.679477+00
96323	AP	1000000	(0,0)	2022-05-12 18:00:37.679477+00	2022-05-12 18:00:37.679477+00
96326	AP	1000000	(0,0)	2022-05-12 18:00:37.679477+00	2022-05-12 18:00:37.679477+00
96328	AP	1000000	(0,0)	2022-05-12 18:00:37.679477+00	2022-05-12 18:00:37.679477+00
96330	AP	1000000	(0,0)	2022-05-12 18:00:37.679477+00	2022-05-12 18:00:37.679477+00
96331	AP	1000000	(0,0)	2022-05-12 18:00:37.679477+00	2022-05-12 18:00:37.679477+00
96336	AP	1000000	(0,0)	2022-05-12 18:00:37.679477+00	2022-05-12 18:00:37.679477+00
96337	AP	1000000	(0,0)	2022-05-12 18:00:37.679477+00	2022-05-12 18:00:37.679477+00
96338	AP	1000000	(0,0)	2022-05-12 18:00:37.679477+00	2022-05-12 18:00:37.679477+00
96339	AP	1000000	(0,0)	2022-05-12 18:00:37.679477+00	2022-05-12 18:00:37.679477+00
96343	AP	1000000	(0,0)	2022-05-12 18:00:37.679477+00	2022-05-12 18:00:37.679477+00
96346	AP	1000000	(0,0)	2022-05-12 18:00:37.679477+00	2022-05-12 18:00:37.679477+00
96347	AP	1000000	(0,0)	2022-05-12 18:00:37.679477+00	2022-05-12 18:00:37.679477+00
96349	AP	1000000	(0,0)	2022-05-12 18:00:37.679477+00	2022-05-12 18:00:37.679477+00
96350	AP	1000000	(0,0)	2022-05-12 18:00:37.679477+00	2022-05-12 18:00:37.679477+00
96351	AP	1000000	(0,0)	2022-05-12 18:00:37.679477+00	2022-05-12 18:00:37.679477+00
96362	AP	1000000	(0,0)	2022-05-12 18:00:37.679477+00	2022-05-12 18:00:37.679477+00
96365	AP	1000000	(0,0)	2022-05-12 18:00:37.679477+00	2022-05-12 18:00:37.679477+00
96367	AP	1000000	(0,0)	2022-05-12 18:00:37.679477+00	2022-05-12 18:00:37.679477+00
96368	AP	1000000	(0,0)	2022-05-12 18:00:37.679477+00	2022-05-12 18:00:37.679477+00
96370	AP	1000000	(0,0)	2022-05-12 18:00:37.679477+00	2022-05-12 18:00:37.679477+00
96371	AP	1000000	(0,0)	2022-05-12 18:00:37.679477+00	2022-05-12 18:00:37.679477+00
96372	AP	1000000	(0,0)	2022-05-12 18:00:37.679477+00	2022-05-12 18:00:37.679477+00
96373	AP	1000000	(0,0)	2022-05-12 18:00:37.679477+00	2022-05-12 18:00:37.679477+00
96374	AP	1000000	(0,0)	2022-05-12 18:00:37.679477+00	2022-05-12 18:00:37.679477+00
96375	AP	1000000	(0,0)	2022-05-12 18:00:37.679477+00	2022-05-12 18:00:37.679477+00
96376	AP	1000000	(0,0)	2022-05-12 18:00:37.679477+00	2022-05-12 18:00:37.679477+00
96377	AP	1000000	(0,0)	2022-05-12 18:00:37.679477+00	2022-05-12 18:00:37.679477+00
96378	AP	1000000	(0,0)	2022-05-12 18:00:37.679477+00	2022-05-12 18:00:37.679477+00
96379	AP	1000000	(0,0)	2022-05-12 18:00:37.679477+00	2022-05-12 18:00:37.679477+00
96380	AP	1000000	(0,0)	2022-05-12 18:00:37.679477+00	2022-05-12 18:00:37.679477+00
96382	AP	1000000	(0,0)	2022-05-12 18:00:37.679477+00	2022-05-12 18:00:37.679477+00
96384	AP	1000000	(0,0)	2022-05-12 18:00:37.679477+00	2022-05-12 18:00:37.679477+00
96385	AP	1000000	(0,0)	2022-05-12 18:00:37.679477+00	2022-05-12 18:00:37.679477+00
96386	AP	1000000	(0,0)	2022-05-12 18:00:37.679477+00	2022-05-12 18:00:37.679477+00
96387	AP	1000000	(0,0)	2022-05-12 18:00:37.679477+00	2022-05-12 18:00:37.679477+00
96388	AP	1000000	(0,0)	2022-05-12 18:00:37.679477+00	2022-05-12 18:00:37.679477+00
96389	AP	1000000	(0,0)	2022-05-12 18:00:37.679477+00	2022-05-12 18:00:37.679477+00
96401	AP	1000000	(0,0)	2022-05-12 18:00:37.679477+00	2022-05-12 18:00:37.679477+00
96502	AP	1000000	(0,0)	2022-05-12 18:00:37.679477+00	2022-05-12 18:00:37.679477+00
96504	AP	1000000	(0,0)	2022-05-12 18:00:37.679477+00	2022-05-12 18:00:37.679477+00
96505	AP	1000000	(0,0)	2022-05-12 18:00:37.679477+00	2022-05-12 18:00:37.679477+00
96507	AP	1000000	(0,0)	2022-05-12 18:00:37.679477+00	2022-05-12 18:00:37.679477+00
96510	AP	1000000	(0,0)	2022-05-12 18:00:37.679477+00	2022-05-12 18:00:37.679477+00
96511	AP	1000000	(0,0)	2022-05-12 18:00:37.679477+00	2022-05-12 18:00:37.679477+00
96515	AP	1000000	(0,0)	2022-05-12 18:00:37.679477+00	2022-05-12 18:00:37.679477+00
96516	AP	1000000	(0,0)	2022-05-12 18:00:37.679477+00	2022-05-12 18:00:37.679477+00
96517	AP	1000000	(0,0)	2022-05-12 18:00:37.679477+00	2022-05-12 18:00:37.679477+00
96520	AP	1000000	(0,0)	2022-05-12 18:00:37.679477+00	2022-05-12 18:00:37.679477+00
96521	AP	1000000	(0,0)	2022-05-12 18:00:37.679477+00	2022-05-12 18:00:37.679477+00
96522	AP	1000000	(0,0)	2022-05-12 18:00:37.679477+00	2022-05-12 18:00:37.679477+00
96530	AP	1000000	(0,0)	2022-05-12 18:00:37.679477+00	2022-05-12 18:00:37.679477+00
96531	AP	1000000	(0,0)	2022-05-12 18:00:37.679477+00	2022-05-12 18:00:37.679477+00
96532	AP	1000000	(0,0)	2022-05-12 18:00:37.679477+00	2022-05-12 18:00:37.679477+00
96534	AP	1000000	(0,0)	2022-05-12 18:00:37.679477+00	2022-05-12 18:00:37.679477+00
96535	AP	1000000	(0,0)	2022-05-12 18:00:37.679477+00	2022-05-12 18:00:37.679477+00
96537	AP	1000000	(0,0)	2022-05-12 18:00:37.679477+00	2022-05-12 18:00:37.679477+00
96539	AP	1000000	(0,0)	2022-05-12 18:00:37.679477+00	2022-05-12 18:00:37.679477+00
96540	AP	1000000	(0,0)	2022-05-12 18:00:37.679477+00	2022-05-12 18:00:37.679477+00
96542	AP	1000000	(0,0)	2022-05-12 18:00:37.679477+00	2022-05-12 18:00:37.679477+00
96543	AP	1000000	(0,0)	2022-05-12 18:00:37.679477+00	2022-05-12 18:00:37.679477+00
96546	AP	1000000	(0,0)	2022-05-12 18:00:37.679477+00	2022-05-12 18:00:37.679477+00
96548	AP	1000000	(0,0)	2022-05-12 18:00:37.679477+00	2022-05-12 18:00:37.679477+00
96549	AP	1000000	(0,0)	2022-05-12 18:00:37.679477+00	2022-05-12 18:00:37.679477+00
96550	AP	1000000	(0,0)	2022-05-12 18:00:37.679477+00	2022-05-12 18:00:37.679477+00
96551	AP	1000000	(0,0)	2022-05-12 18:00:37.679477+00	2022-05-12 18:00:37.679477+00
96552	AP	1000000	(0,0)	2022-05-12 18:00:37.679477+00	2022-05-12 18:00:37.679477+00
96553	AP	1000000	(0,0)	2022-05-12 18:00:37.679477+00	2022-05-12 18:00:37.679477+00
96554	AP	1000000	(0,0)	2022-05-12 18:00:37.679477+00	2022-05-12 18:00:37.679477+00
96555	AP	1000000	(0,0)	2022-05-12 18:00:37.679477+00	2022-05-12 18:00:37.679477+00
96557	AP	1000000	(0,0)	2022-05-12 18:00:37.679477+00	2022-05-12 18:00:37.679477+00
96562	AP	1000000	(0,0)	2022-05-12 18:00:37.679477+00	2022-05-12 18:00:37.679477+00
96577	AP	1000000	(0,0)	2022-05-12 18:00:37.679477+00	2022-05-12 18:00:37.679477+00
96578	AP	1000000	(0,0)	2022-05-12 18:00:37.679477+00	2022-05-12 18:00:37.679477+00
96595	AP	1000000	(0,0)	2022-05-12 18:00:37.679477+00	2022-05-12 18:00:37.679477+00
96598	AP	1000000	(0,0)	2022-05-12 18:00:37.679477+00	2022-05-12 18:00:37.679477+00
96599	AP	1000000	(0,0)	2022-05-12 18:00:37.679477+00	2022-05-12 18:00:37.679477+00
96601	AP	1000000	(0,0)	2022-05-12 18:00:37.679477+00	2022-05-12 18:00:37.679477+00
96602	AP	1000000	(0,0)	2022-05-12 18:00:37.679477+00	2022-05-12 18:00:37.679477+00
96603	AP	1000000	(0,0)	2022-05-12 18:00:37.679477+00	2022-05-12 18:00:37.679477+00
96604	AP	1000000	(0,0)	2022-05-12 18:00:37.679477+00	2022-05-12 18:00:37.679477+00
96605	AP	1000000	(0,0)	2022-05-12 18:00:37.679477+00	2022-05-12 18:00:37.679477+00
96606	AP	1000000	(0,0)	2022-05-12 18:00:37.679477+00	2022-05-12 18:00:37.679477+00
96607	AP	1000000	(0,0)	2022-05-12 18:00:37.679477+00	2022-05-12 18:00:37.679477+00
96608	AP	1000000	(0,0)	2022-05-12 18:00:37.679477+00	2022-05-12 18:00:37.679477+00
96609	AP	1000000	(0,0)	2022-05-12 18:00:37.679477+00	2022-05-12 18:00:37.679477+00
96610	AP	1000000	(0,0)	2022-05-12 18:00:37.679477+00	2022-05-12 18:00:37.679477+00
96611	AP	1000000	(0,0)	2022-05-12 18:00:37.679477+00	2022-05-12 18:00:37.679477+00
96612	AP	1000000	(0,0)	2022-05-12 18:00:37.679477+00	2022-05-12 18:00:37.679477+00
96613	AP	1000000	(0,0)	2022-05-12 18:00:37.679477+00	2022-05-12 18:00:37.679477+00
96615	AP	1000000	(0,0)	2022-05-12 18:00:37.679477+00	2022-05-12 18:00:37.679477+00
96616	AP	1000000	(0,0)	2022-05-12 18:00:37.679477+00	2022-05-12 18:00:37.679477+00
96617	AP	1000000	(0,0)	2022-05-12 18:00:37.679477+00	2022-05-12 18:00:37.679477+00
96619	AP	1000000	(0,0)	2022-05-12 18:00:37.679477+00	2022-05-12 18:00:37.679477+00
96620	AP	1000000	(0,0)	2022-05-12 18:00:37.679477+00	2022-05-12 18:00:37.679477+00
96628	AP	1000000	(0,0)	2022-05-12 18:00:37.679477+00	2022-05-12 18:00:37.679477+00
96629	AP	1000000	(0,0)	2022-05-12 18:00:37.679477+00	2022-05-12 18:00:37.679477+00
96632	AP	1000000	(0,0)	2022-05-12 18:00:37.679477+00	2022-05-12 18:00:37.679477+00
96633	AP	1000000	(0,0)	2022-05-12 18:00:37.679477+00	2022-05-12 18:00:37.679477+00
96641	AP	1000000	(0,0)	2022-05-12 18:00:37.679477+00	2022-05-12 18:00:37.679477+00
96642	AP	1000000	(0,0)	2022-05-12 18:00:37.679477+00	2022-05-12 18:00:37.679477+00
96643	AP	1000000	(0,0)	2022-05-12 18:00:37.679477+00	2022-05-12 18:00:37.679477+00
96644	AP	1000000	(0,0)	2022-05-12 18:00:37.679477+00	2022-05-12 18:00:37.679477+00
96645	AP	1000000	(0,0)	2022-05-12 18:00:37.679477+00	2022-05-12 18:00:37.679477+00
96649	AP	1000000	(0,0)	2022-05-12 18:00:37.679477+00	2022-05-12 18:00:37.679477+00
96650	AP	1000000	(0,0)	2022-05-12 18:00:37.679477+00	2022-05-12 18:00:37.679477+00
96657	AP	1000000	(0,0)	2022-05-12 18:00:37.679477+00	2022-05-12 18:00:37.679477+00
96660	AP	1000000	(0,0)	2022-05-12 18:00:37.679477+00	2022-05-12 18:00:37.679477+00
96661	AP	1000000	(0,0)	2022-05-12 18:00:37.679477+00	2022-05-12 18:00:37.679477+00
96662	AP	1000000	(0,0)	2022-05-12 18:00:37.679477+00	2022-05-12 18:00:37.679477+00
96663	AP	1000000	(0,0)	2022-05-12 18:00:37.679477+00	2022-05-12 18:00:37.679477+00
96664	AP	1000000	(0,0)	2022-05-12 18:00:37.679477+00	2022-05-12 18:00:37.679477+00
96665	AP	1000000	(0,0)	2022-05-12 18:00:37.679477+00	2022-05-12 18:00:37.679477+00
96666	AP	1000000	(0,0)	2022-05-12 18:00:37.679477+00	2022-05-12 18:00:37.679477+00
96667	AP	1000000	(0,0)	2022-05-12 18:00:37.679477+00	2022-05-12 18:00:37.679477+00
96668	AP	1000000	(0,0)	2022-05-12 18:00:37.679477+00	2022-05-12 18:00:37.679477+00
96669	AP	1000000	(0,0)	2022-05-12 18:00:37.679477+00	2022-05-12 18:00:37.679477+00
96670	AP	1000000	(0,0)	2022-05-12 18:00:37.679477+00	2022-05-12 18:00:37.679477+00
96671	AP	1000000	(0,0)	2022-05-12 18:00:37.679477+00	2022-05-12 18:00:37.679477+00
96672	AP	1000000	(0,0)	2022-05-12 18:00:37.679477+00	2022-05-12 18:00:37.679477+00
96673	AP	1000000	(0,0)	2022-05-12 18:00:37.679477+00	2022-05-12 18:00:37.679477+00
96674	AP	1000000	(0,0)	2022-05-12 18:00:37.679477+00	2022-05-12 18:00:37.679477+00
96675	AP	1000000	(0,0)	2022-05-12 18:00:37.679477+00	2022-05-12 18:00:37.679477+00
96677	AP	1000000	(0,0)	2022-05-12 18:00:37.679477+00	2022-05-12 18:00:37.679477+00
96678	AP	1000000	(0,0)	2022-05-12 18:00:37.679477+00	2022-05-12 18:00:37.679477+00
96679	AP	1000000	(0,0)	2022-05-12 18:00:37.679477+00	2022-05-12 18:00:37.679477+00
96681	AP	1000000	(0,0)	2022-05-12 18:00:37.679477+00	2022-05-12 18:00:37.679477+00
96682	AP	1000000	(0,0)	2022-05-12 18:00:37.679477+00	2022-05-12 18:00:37.679477+00
96683	AP	1000000	(0,0)	2022-05-12 18:00:37.679477+00	2022-05-12 18:00:37.679477+00
96686	AP	1000000	(0,0)	2022-05-12 18:00:37.679477+00	2022-05-12 18:00:37.679477+00
96691	AP	1000000	(0,0)	2022-05-12 18:00:37.679477+00	2022-05-12 18:00:37.679477+00
96692	AP	1000000	(0,0)	2022-05-12 18:00:37.679477+00	2022-05-12 18:00:37.679477+00
96693	AP	1000000	(0,0)	2022-05-12 18:00:37.679477+00	2022-05-12 18:00:37.679477+00
96694	AP	1000000	(0,0)	2022-05-12 18:00:37.679477+00	2022-05-12 18:00:37.679477+00
96695	AP	1000000	(0,0)	2022-05-12 18:00:37.679477+00	2022-05-12 18:00:37.679477+00
96696	AP	1000000	(0,0)	2022-05-12 18:00:37.679477+00	2022-05-12 18:00:37.679477+00
96698	AP	1000000	(0,0)	2022-05-12 18:00:37.679477+00	2022-05-12 18:00:37.679477+00
601	PR	16001	(18.16,-66.72)	2022-05-12 18:00:37.679477+00	2022-05-12 18:00:37.679477+00
602	PR	19801	(18.38,-67.18)	2022-05-12 18:00:37.679477+00	2022-05-12 18:00:37.679477+00
603	PR	18973	(18.43,-67.15)	2022-05-12 18:00:37.679477+00	2022-05-12 18:00:37.679477+00
604	PR	0	(18.43,-67.15)	2022-05-12 18:00:37.679477+00	2022-05-12 18:00:37.679477+00
605	PR	0	(18.43,-67.15)	2022-05-12 18:00:37.679477+00	2022-05-12 18:00:37.679477+00
606	PR	15298	(18.18,-66.98)	2022-05-12 18:00:37.679477+00	2022-05-12 18:00:37.679477+00
610	PR	23612	(18.28,-67.14)	2022-05-12 18:00:37.679477+00	2022-05-12 18:00:37.679477+00
611	PR	0	(18.28,-66.79)	2022-05-12 18:00:37.679477+00	2022-05-12 18:00:37.679477+00
612	PR	24339	(18.45,-66.73)	2022-05-12 18:00:37.679477+00	2022-05-12 18:00:37.679477+00
613	PR	0	(18.45,-66.73)	2022-05-12 18:00:37.679477+00	2022-05-12 18:00:37.679477+00
614	PR	0	(18.45,-66.73)	2022-05-12 18:00:37.679477+00	2022-05-12 18:00:37.679477+00
616	PR	20805	(18.42,-66.67)	2022-05-12 18:00:37.679477+00	2022-05-12 18:00:37.679477+00
617	PR	19838	(18.45,-66.56)	2022-05-12 18:00:37.679477+00	2022-05-12 18:00:37.679477+00
622	PR	17290	(17.99,-67.15)	2022-05-12 18:00:37.679477+00	2022-05-12 18:00:37.679477+00
623	PR	20448	(18.08,-67.14)	2022-05-12 18:00:37.679477+00	2022-05-12 18:00:37.679477+00
624	PR	19342	(18.06,-66.72)	2022-05-12 18:00:37.679477+00	2022-05-12 18:00:37.679477+00
627	PR	20616	(18.48,-66.84)	2022-05-12 18:00:37.679477+00	2022-05-12 18:00:37.679477+00
631	PR	12188	(18.19,-66.82)	2022-05-12 18:00:37.679477+00	2022-05-12 18:00:37.679477+00
636	PR	0	(18.15,-67.06)	2022-05-12 18:00:37.679477+00	2022-05-12 18:00:37.679477+00
637	PR	22106	(18.08,-66.96)	2022-05-12 18:00:37.679477+00	2022-05-12 18:00:37.679477+00
638	PR	18914	(18.33,-66.47)	2022-05-12 18:00:37.679477+00	2022-05-12 18:00:37.679477+00
641	PR	19972	(18.27,-66.7)	2022-05-12 18:00:37.679477+00	2022-05-12 18:00:37.679477+00
646	PR	37357	(18.47,-66.27)	2022-05-12 18:00:37.679477+00	2022-05-12 18:00:37.679477+00
647	PR	17659	(17.96,-66.94)	2022-05-12 18:00:37.679477+00	2022-05-12 18:00:37.679477+00
650	PR	22310	(18.36,-66.56)	2022-05-12 18:00:37.679477+00	2022-05-12 18:00:37.679477+00
652	PR	24154	(18.45,-66.6)	2022-05-12 18:00:37.679477+00	2022-05-12 18:00:37.679477+00
653	PR	15234	(17.99,-66.89)	2022-05-12 18:00:37.679477+00	2022-05-12 18:00:37.679477+00
656	PR	19699	(18.02,-66.79)	2022-05-12 18:00:37.679477+00	2022-05-12 18:00:37.679477+00
659	PR	23679	(18.48,-66.82)	2022-05-12 18:00:37.679477+00	2022-05-12 18:00:37.679477+00
660	PR	23658	(18.14,-67.12)	2022-05-12 18:00:37.679477+00	2022-05-12 18:00:37.679477+00
662	PR	18840	(18.5,-67.02)	2022-05-12 18:00:37.679477+00	2022-05-12 18:00:37.679477+00
664	PR	17403	(18.22,-66.59)	2022-05-12 18:00:37.679477+00	2022-05-12 18:00:37.679477+00
667	PR	16166	(18.04,-67.06)	2022-05-12 18:00:37.679477+00	2022-05-12 18:00:37.679477+00
669	PR	19540	(18.29,-66.88)	2022-05-12 18:00:37.679477+00	2022-05-12 18:00:37.679477+00
670	PR	17861	(18.27,-67.06)	2022-05-12 18:00:37.679477+00	2022-05-12 18:00:37.679477+00
674	PR	23424	(18.43,-66.48)	2022-05-12 18:00:37.679477+00	2022-05-12 18:00:37.679477+00
676	PR	18630	(18.39,-67.11)	2022-05-12 18:00:37.679477+00	2022-05-12 18:00:37.679477+00
677	PR	29440	(18.34,-67.25)	2022-05-12 18:00:37.679477+00	2022-05-12 18:00:37.679477+00
678	PR	20992	(18.47,-66.93)	2022-05-12 18:00:37.679477+00	2022-05-12 18:00:37.679477+00
680	PR	20674	(18.2,-67.14)	2022-05-12 18:00:37.679477+00	2022-05-12 18:00:37.679477+00
681	PR	0	(18.2,-67.14)	2022-05-12 18:00:37.679477+00	2022-05-12 18:00:37.679477+00
682	PR	20240	(18.22,-67.16)	2022-05-12 18:00:37.679477+00	2022-05-12 18:00:37.679477+00
683	PR	21870	(18.08,-67.04)	2022-05-12 18:00:37.679477+00	2022-05-12 18:00:37.679477+00
685	PR	18690	(18.33,-66.99)	2022-05-12 18:00:37.679477+00	2022-05-12 18:00:37.679477+00
687	PR	22147	(18.32,-66.4)	2022-05-12 18:00:37.679477+00	2022-05-12 18:00:37.679477+00
688	PR	20520	(18.38,-66.62)	2022-05-12 18:00:37.679477+00	2022-05-12 18:00:37.679477+00
690	PR	22042	(18.49,-67.09)	2022-05-12 18:00:37.679477+00	2022-05-12 18:00:37.679477+00
692	PR	23253	(18.41,-66.32)	2022-05-12 18:00:37.679477+00	2022-05-12 18:00:37.679477+00
693	PR	24677	(18.44,-66.39)	2022-05-12 18:00:37.679477+00	2022-05-12 18:00:37.679477+00
694	PR	0	(18.48,-66.39)	2022-05-12 18:00:37.679477+00	2022-05-12 18:00:37.679477+00
698	PR	20794	(18.03,-66.86)	2022-05-12 18:00:37.679477+00	2022-05-12 18:00:37.679477+00
703	PR	21940	(18.25,-66.1)	2022-05-12 18:00:37.679477+00	2022-05-12 18:00:37.679477+00
704	PR	20742	(17.96,-66.22)	2022-05-12 18:00:37.679477+00	2022-05-12 18:00:37.679477+00
705	PR	23627	(18.14,-66.26)	2022-05-12 18:00:37.679477+00	2022-05-12 18:00:37.679477+00
707	PR	23232	(18,-65.9)	2022-05-12 18:00:37.679477+00	2022-05-12 18:00:37.679477+00
714	PR	19524	(17.97,-66.06)	2022-05-12 18:00:37.679477+00	2022-05-12 18:00:37.679477+00
715	PR	13750	(18.01,-66.56)	2022-05-12 18:00:37.679477+00	2022-05-12 18:00:37.679477+00
716	PR	21350	(17.98,-66.6)	2022-05-12 18:00:37.679477+00	2022-05-12 18:00:37.679477+00
717	PR	16926	(18,-66.61)	2022-05-12 18:00:37.679477+00	2022-05-12 18:00:37.679477+00
718	PR	21011	(18.21,-65.73)	2022-05-12 18:00:37.679477+00	2022-05-12 18:00:37.679477+00
719	PR	23625	(18.3,-66.24)	2022-05-12 18:00:37.679477+00	2022-05-12 18:00:37.679477+00
720	PR	16709	(18.22,-66.39)	2022-05-12 18:00:37.679477+00	2022-05-12 18:00:37.679477+00
721	PR	0	(18.37,-65.77)	2022-05-12 18:00:37.679477+00	2022-05-12 18:00:37.679477+00
723	PR	19915	(18,-66.01)	2022-05-12 18:00:37.679477+00	2022-05-12 18:00:37.679477+00
725	PR	26273	(18.23,-66.03)	2022-05-12 18:00:37.679477+00	2022-05-12 18:00:37.679477+00
726	PR	0	(18.23,-66.03)	2022-05-12 18:00:37.679477+00	2022-05-12 18:00:37.679477+00
727	PR	37017	(18.22,-66.07)	2022-05-12 18:00:37.679477+00	2022-05-12 18:00:37.679477+00
728	PR	22100	(17.99,-66.66)	2022-05-12 18:00:37.679477+00	2022-05-12 18:00:37.679477+00
729	PR	26701	(18.37,-65.9)	2022-05-12 18:00:37.679477+00	2022-05-12 18:00:37.679477+00
730	PR	19328	(18.03,-66.62)	2022-05-12 18:00:37.679477+00	2022-05-12 18:00:37.679477+00
731	PR	19853	(18.11,-66.63)	2022-05-12 18:00:37.679477+00	2022-05-12 18:00:37.679477+00
732	PR	0	(17.98,-66.6)	2022-05-12 18:00:37.679477+00	2022-05-12 18:00:37.679477+00
733	PR	0	(17.98,-66.6)	2022-05-12 18:00:37.679477+00	2022-05-12 18:00:37.679477+00
734	PR	0	(17.98,-66.6)	2022-05-12 18:00:37.679477+00	2022-05-12 18:00:37.679477+00
735	PR	22403	(18.25,-65.68)	2022-05-12 18:00:37.679477+00	2022-05-12 18:00:37.679477+00
736	PR	25507	(18.11,-66.16)	2022-05-12 18:00:37.679477+00	2022-05-12 18:00:37.679477+00
737	PR	0	(18.11,-66.16)	2022-05-12 18:00:37.679477+00	2022-05-12 18:00:37.679477+00
738	PR	24045	(18.33,-65.65)	2022-05-12 18:00:37.679477+00	2022-05-12 18:00:37.679477+00
739	PR	22474	(18.17,-66.15)	2022-05-12 18:00:37.679477+00	2022-05-12 18:00:37.679477+00
740	PR	15061	(18.33,-65.63)	2022-05-12 18:00:37.679477+00	2022-05-12 18:00:37.679477+00
741	PR	25750	(18.16,-65.75)	2022-05-12 18:00:37.679477+00	2022-05-12 18:00:37.679477+00
742	PR	0	(18.27,-65.65)	2022-05-12 18:00:37.679477+00	2022-05-12 18:00:37.679477+00
744	PR	0	(18.22,-65.79)	2022-05-12 18:00:37.679477+00	2022-05-12 18:00:37.679477+00
745	PR	27260	(18.38,-65.83)	2022-05-12 18:00:37.679477+00	2022-05-12 18:00:37.679477+00
751	PR	21315	(17.97,-66.29)	2022-05-12 18:00:37.679477+00	2022-05-12 18:00:37.679477+00
754	PR	23476	(18.19,-65.96)	2022-05-12 18:00:37.679477+00	2022-05-12 18:00:37.679477+00
757	PR	23965	(17.97,-66.4)	2022-05-12 18:00:37.679477+00	2022-05-12 18:00:37.679477+00
765	PR	22301	(18.13,-65.44)	2022-05-12 18:00:37.679477+00	2022-05-12 18:00:37.679477+00
766	PR	23195	(18.13,-66.48)	2022-05-12 18:00:37.679477+00	2022-05-12 18:00:37.679477+00
767	PR	20785	(18.04,-65.87)	2022-05-12 18:00:37.679477+00	2022-05-12 18:00:37.679477+00
769	PR	24221	(18.08,-66.36)	2022-05-12 18:00:37.679477+00	2022-05-12 18:00:37.679477+00
771	PR	25175	(18.18,-65.86)	2022-05-12 18:00:37.679477+00	2022-05-12 18:00:37.679477+00
772	PR	20101	(18.43,-65.88)	2022-05-12 18:00:37.679477+00	2022-05-12 18:00:37.679477+00
773	PR	25135	(18.37,-65.71)	2022-05-12 18:00:37.679477+00	2022-05-12 18:00:37.679477+00
775	PR	33625	(18.33,-65.3)	2022-05-12 18:00:37.679477+00	2022-05-12 18:00:37.679477+00
777	PR	21426	(18.22,-65.91)	2022-05-12 18:00:37.679477+00	2022-05-12 18:00:37.679477+00
778	PR	39044	(18.25,-65.97)	2022-05-12 18:00:37.679477+00	2022-05-12 18:00:37.679477+00
780	PR	23592	(18.09,-66.57)	2022-05-12 18:00:37.679477+00	2022-05-12 18:00:37.679477+00
782	PR	16700	(18.22,-66.22)	2022-05-12 18:00:37.679477+00	2022-05-12 18:00:37.679477+00
783	PR	17808	(18.34,-66.31)	2022-05-12 18:00:37.679477+00	2022-05-12 18:00:37.679477+00
784	PR	21116	(17.97,-66.11)	2022-05-12 18:00:37.679477+00	2022-05-12 18:00:37.679477+00
785	PR	0	(17.97,-66.11)	2022-05-12 18:00:37.679477+00	2022-05-12 18:00:37.679477+00
786	PR	37552	(18.16,-66.23)	2022-05-12 18:00:37.679477+00	2022-05-12 18:00:37.679477+00
791	PR	25582	(18.15,-65.81)	2022-05-12 18:00:37.679477+00	2022-05-12 18:00:37.679477+00
792	PR	0	(18.15,-65.81)	2022-05-12 18:00:37.679477+00	2022-05-12 18:00:37.679477+00
794	PR	19682	(18.18,-66.3)	2022-05-12 18:00:37.679477+00	2022-05-12 18:00:37.679477+00
795	PR	23528	(18.05,-66.5)	2022-05-12 18:00:37.679477+00	2022-05-12 18:00:37.679477+00
801	VI	0	(18.35,-64.93)	2022-05-12 18:00:37.679477+00	2022-05-12 18:00:37.679477+00
802	VI	0	(18.35,-64.93)	2022-05-12 18:00:37.679477+00	2022-05-12 18:00:37.679477+00
803	VI	0	(18.35,-64.93)	2022-05-12 18:00:37.679477+00	2022-05-12 18:00:37.679477+00
804	VI	0	(18.35,-64.93)	2022-05-12 18:00:37.679477+00	2022-05-12 18:00:37.679477+00
805	VI	0	(18.34,-64.93)	2022-05-12 18:00:37.679477+00	2022-05-12 18:00:37.679477+00
820	VI	0	(17.74,-64.7)	2022-05-12 18:00:37.679477+00	2022-05-12 18:00:37.679477+00
821	VI	0	(17.74,-64.7)	2022-05-12 18:00:37.679477+00	2022-05-12 18:00:37.679477+00
822	VI	0	(17.74,-64.7)	2022-05-12 18:00:37.679477+00	2022-05-12 18:00:37.679477+00
823	VI	0	(17.74,-64.7)	2022-05-12 18:00:37.679477+00	2022-05-12 18:00:37.679477+00
824	VI	0	(17.74,-64.7)	2022-05-12 18:00:37.679477+00	2022-05-12 18:00:37.679477+00
830	VI	0	(18.33,-64.79)	2022-05-12 18:00:37.679477+00	2022-05-12 18:00:37.679477+00
831	VI	0	(18.33,-64.79)	2022-05-12 18:00:37.679477+00	2022-05-12 18:00:37.679477+00
840	VI	0	(17.71,-64.88)	2022-05-12 18:00:37.679477+00	2022-05-12 18:00:37.679477+00
841	VI	0	(17.71,-64.88)	2022-05-12 18:00:37.679477+00	2022-05-12 18:00:37.679477+00
850	VI	0	(17.76,-64.82)	2022-05-12 18:00:37.679477+00	2022-05-12 18:00:37.679477+00
851	VI	0	(17.73,-64.8)	2022-05-12 18:00:37.679477+00	2022-05-12 18:00:37.679477+00
901	PR	40839	(18.47,-66.1)	2022-05-12 18:00:37.679477+00	2022-05-12 18:00:37.679477+00
902	PR	0	(18.4,-66.06)	2022-05-12 18:00:37.679477+00	2022-05-12 18:00:37.679477+00
906	PR	0	(18.46,-66.09)	2022-05-12 18:00:37.679477+00	2022-05-12 18:00:37.679477+00
907	PR	54813	(18.45,-66.08)	2022-05-12 18:00:37.679477+00	2022-05-12 18:00:37.679477+00
908	PR	0	(18.4,-66.06)	2022-05-12 18:00:37.679477+00	2022-05-12 18:00:37.679477+00
909	PR	24201	(18.44,-66.07)	2022-05-12 18:00:37.679477+00	2022-05-12 18:00:37.679477+00
910	PR	0	(18.4,-66.06)	2022-05-12 18:00:37.679477+00	2022-05-12 18:00:37.679477+00
911	PR	52912	(18.45,-66.06)	2022-05-12 18:00:37.679477+00	2022-05-12 18:00:37.679477+00
912	PR	28107	(18.45,-66.06)	2022-05-12 18:00:37.679477+00	2022-05-12 18:00:37.679477+00
913	PR	4506	(18.45,-66.04)	2022-05-12 18:00:37.679477+00	2022-05-12 18:00:37.679477+00
914	PR	0	(18.4,-66.06)	2022-05-12 18:00:37.679477+00	2022-05-12 18:00:37.679477+00
915	PR	15508	(18.44,-66.05)	2022-05-12 18:00:37.679477+00	2022-05-12 18:00:37.679477+00
916	PR	0	(18.4,-66.06)	2022-05-12 18:00:37.679477+00	2022-05-12 18:00:37.679477+00
917	PR	21911	(18.42,-66.05)	2022-05-12 18:00:37.679477+00	2022-05-12 18:00:37.679477+00
918	PR	43022	(18.42,-66.07)	2022-05-12 18:00:37.679477+00	2022-05-12 18:00:37.679477+00
919	PR	0	(18.4,-66.06)	2022-05-12 18:00:37.679477+00	2022-05-12 18:00:37.679477+00
920	PR	33612	(18.41,-66.09)	2022-05-12 18:00:37.679477+00	2022-05-12 18:00:37.679477+00
921	PR	23803	(18.39,-66.09)	2022-05-12 18:00:37.679477+00	2022-05-12 18:00:37.679477+00
922	PR	0	(18.4,-66.06)	2022-05-12 18:00:37.679477+00	2022-05-12 18:00:37.679477+00
923	PR	18466	(18.41,-66.04)	2022-05-12 18:00:37.679477+00	2022-05-12 18:00:37.679477+00
924	PR	20848	(18.4,-66.01)	2022-05-12 18:00:37.679477+00	2022-05-12 18:00:37.679477+00
925	PR	17024	(18.4,-66.05)	2022-05-12 18:00:37.679477+00	2022-05-12 18:00:37.679477+00
926	PR	45197	(18.35,-66.05)	2022-05-12 18:00:37.679477+00	2022-05-12 18:00:37.679477+00
927	PR	51667	(18.4,-66.06)	2022-05-12 18:00:37.679477+00	2022-05-12 18:00:37.679477+00
928	PR	0	(18.4,-66.06)	2022-05-12 18:00:37.679477+00	2022-05-12 18:00:37.679477+00
929	PR	0	(18.4,-66.06)	2022-05-12 18:00:37.679477+00	2022-05-12 18:00:37.679477+00
930	PR	0	(18.4,-66.06)	2022-05-12 18:00:37.679477+00	2022-05-12 18:00:37.679477+00
931	PR	0	(18.4,-66.06)	2022-05-12 18:00:37.679477+00	2022-05-12 18:00:37.679477+00
933	PR	0	(18.4,-66.06)	2022-05-12 18:00:37.679477+00	2022-05-12 18:00:37.679477+00
934	PR	0	(18.41,-66.12)	2022-05-12 18:00:37.679477+00	2022-05-12 18:00:37.679477+00
935	PR	0	(18.4,-66.06)	2022-05-12 18:00:37.679477+00	2022-05-12 18:00:37.679477+00
936	PR	0	(18.4,-66.07)	2022-05-12 18:00:37.679477+00	2022-05-12 18:00:37.679477+00
937	PR	0	(18.4,-66.06)	2022-05-12 18:00:37.679477+00	2022-05-12 18:00:37.679477+00
939	PR	0	(18.4,-66.06)	2022-05-12 18:00:37.679477+00	2022-05-12 18:00:37.679477+00
940	PR	0	(18.4,-66.06)	2022-05-12 18:00:37.679477+00	2022-05-12 18:00:37.679477+00
949	PR	32175	(18.44,-66.25)	2022-05-12 18:00:37.679477+00	2022-05-12 18:00:37.679477+00
950	PR	0	(18.46,-66.23)	2022-05-12 18:00:37.679477+00	2022-05-12 18:00:37.679477+00
951	PR	0	(18.43,-66.25)	2022-05-12 18:00:37.679477+00	2022-05-12 18:00:37.679477+00
952	PR	18679	(18.42,-66.19)	2022-05-12 18:00:37.679477+00	2022-05-12 18:00:37.679477+00
953	PR	34545	(18.39,-66.25)	2022-05-12 18:00:37.679477+00	2022-05-12 18:00:37.679477+00
954	PR	0	(18.39,-66.25)	2022-05-12 18:00:37.679477+00	2022-05-12 18:00:37.679477+00
955	PR	0	(18.4,-66.06)	2022-05-12 18:00:37.679477+00	2022-05-12 18:00:37.679477+00
956	PR	27862	(18.32,-66.17)	2022-05-12 18:00:37.679477+00	2022-05-12 18:00:37.679477+00
957	PR	30522	(18.37,-66.19)	2022-05-12 18:00:37.679477+00	2022-05-12 18:00:37.679477+00
958	PR	0	(18.28,-66.13)	2022-05-12 18:00:37.679477+00	2022-05-12 18:00:37.679477+00
959	PR	36643	(18.39,-66.15)	2022-05-12 18:00:37.679477+00	2022-05-12 18:00:37.679477+00
960	PR	0	(18.42,-66.15)	2022-05-12 18:00:37.679477+00	2022-05-12 18:00:37.679477+00
961	PR	36292	(18.41,-66.17)	2022-05-12 18:00:37.679477+00	2022-05-12 18:00:37.679477+00
962	PR	18520	(18.44,-66.15)	2022-05-12 18:00:37.679477+00	2022-05-12 18:00:37.679477+00
963	PR	0	(18.43,-66.11)	2022-05-12 18:00:37.679477+00	2022-05-12 18:00:37.679477+00
965	PR	19460	(18.43,-66.11)	2022-05-12 18:00:37.679477+00	2022-05-12 18:00:37.679477+00
966	PR	65114	(18.4,-66.12)	2022-05-12 18:00:37.679477+00	2022-05-12 18:00:37.679477+00
968	PR	88869	(18.41,-66.1)	2022-05-12 18:00:37.679477+00	2022-05-12 18:00:37.679477+00
969	PR	58539	(18.38,-66.11)	2022-05-12 18:00:37.679477+00	2022-05-12 18:00:37.679477+00
970	PR	0	(18.38,-66.11)	2022-05-12 18:00:37.679477+00	2022-05-12 18:00:37.679477+00
971	PR	29418	(18.32,-66.12)	2022-05-12 18:00:37.679477+00	2022-05-12 18:00:37.679477+00
975	PR	0	(18.4,-66.06)	2022-05-12 18:00:37.679477+00	2022-05-12 18:00:37.679477+00
976	PR	39346	(18.36,-66.01)	2022-05-12 18:00:37.679477+00	2022-05-12 18:00:37.679477+00
977	PR	0	(18.36,-66.01)	2022-05-12 18:00:37.679477+00	2022-05-12 18:00:37.679477+00
978	PR	0	(18.37,-66.01)	2022-05-12 18:00:37.679477+00	2022-05-12 18:00:37.679477+00
979	PR	47639	(18.44,-66.03)	2022-05-12 18:00:37.679477+00	2022-05-12 18:00:37.679477+00
981	PR	0	(18.4,-65.98)	2022-05-12 18:00:37.679477+00	2022-05-12 18:00:37.679477+00
982	PR	28143	(18.41,-65.99)	2022-05-12 18:00:37.679477+00	2022-05-12 18:00:37.679477+00
983	PR	30010	(18.4,-65.98)	2022-05-12 18:00:37.679477+00	2022-05-12 18:00:37.679477+00
984	PR	0	(18.4,-65.98)	2022-05-12 18:00:37.679477+00	2022-05-12 18:00:37.679477+00
985	PR	31349	(18.41,-65.95)	2022-05-12 18:00:37.679477+00	2022-05-12 18:00:37.679477+00
986	PR	0	(18.4,-65.98)	2022-05-12 18:00:37.679477+00	2022-05-12 18:00:37.679477+00
987	PR	37438	(18.34,-65.94)	2022-05-12 18:00:37.679477+00	2022-05-12 18:00:37.679477+00
988	PR	0	(18.4,-65.98)	2022-05-12 18:00:37.679477+00	2022-05-12 18:00:37.679477+00
96799	AS	0	(-14.27,-170.7)	2022-05-12 18:00:37.679477+00	2022-05-12 18:00:37.679477+00
96910	GU	0	(13.47,144.74)	2022-05-12 18:00:37.679477+00	2022-05-12 18:00:37.679477+00
96912	GU	0	(13.51,144.83)	2022-05-12 18:00:37.679477+00	2022-05-12 18:00:37.679477+00
96913	GU	0	(13.46,144.79)	2022-05-12 18:00:37.679477+00	2022-05-12 18:00:37.679477+00
96915	GU	0	(13.38,144.66)	2022-05-12 18:00:37.679477+00	2022-05-12 18:00:37.679477+00
96916	GU	0	(13.26,144.66)	2022-05-12 18:00:37.679477+00	2022-05-12 18:00:37.679477+00
96917	GU	0	(13.27,144.74)	2022-05-12 18:00:37.679477+00	2022-05-12 18:00:37.679477+00
96919	GU	0	(13.46,144.74)	2022-05-12 18:00:37.679477+00	2022-05-12 18:00:37.679477+00
96921	GU	0	(13.46,144.79)	2022-05-12 18:00:37.679477+00	2022-05-12 18:00:37.679477+00
96923	GU	0	(13.43,144.79)	2022-05-12 18:00:37.679477+00	2022-05-12 18:00:37.679477+00
96928	GU	0	(13.38,144.65)	2022-05-12 18:00:37.679477+00	2022-05-12 18:00:37.679477+00
96929	GU	0	(13.53,144.88)	2022-05-12 18:00:37.679477+00	2022-05-12 18:00:37.679477+00
96931	GU	0	(13.48,144.77)	2022-05-12 18:00:37.679477+00	2022-05-12 18:00:37.679477+00
96932	GU	0	(13.47,144.74)	2022-05-12 18:00:37.679477+00	2022-05-12 18:00:37.679477+00
96939	PW	0	(7.51,134.58)	2022-05-12 18:00:37.679477+00	2022-05-12 18:00:37.679477+00
96940	PW	0	(7.5,134.5)	2022-05-12 18:00:37.679477+00	2022-05-12 18:00:37.679477+00
96941	FM	0	(6.85,158.26)	2022-05-12 18:00:37.679477+00	2022-05-12 18:00:37.679477+00
96942	FM	0	(7.33,151.8)	2022-05-12 18:00:37.679477+00	2022-05-12 18:00:37.679477+00
96943	FM	0	(9.5,138.14)	2022-05-12 18:00:37.679477+00	2022-05-12 18:00:37.679477+00
96944	FM	0	(5.29,162.97)	2022-05-12 18:00:37.679477+00	2022-05-12 18:00:37.679477+00
96950	MP	0	(15.17,145.75)	2022-05-12 18:00:37.679477+00	2022-05-12 18:00:37.679477+00
96951	MP	0	(14.15,145.21)	2022-05-12 18:00:37.679477+00	2022-05-12 18:00:37.679477+00
96952	MP	0	(15,145.63)	2022-05-12 18:00:37.679477+00	2022-05-12 18:00:37.679477+00
96960	MH	0	(7.11,171.18)	2022-05-12 18:00:37.679477+00	2022-05-12 18:00:37.679477+00
96970	MH	0	(8.78,167.73)	2022-05-12 18:00:37.679477+00	2022-05-12 18:00:37.679477+00
\.


--
-- Data for Name: schools; Type: TABLE DATA; Schema: upchieve; Owner: admin
--

COPY upchieve.schools (id, name, approved, partner, city_id, created_at, updated_at, mongo_id, legacy_city_name) FROM stdin;
0180b96e-0fe9-be8b-020c-5c6375afda17	Unapproved School	f	f	1	2022-05-12 18:00:39.658314+00	2022-05-12 18:00:39.658314+00	\N	\N
0180b96e-0fe9-e7ec-df77-d64d1862ba24	Approved School	t	f	1	2022-05-12 18:00:39.660077+00	2022-05-12 18:00:39.660077+00	\N	\N
0180b96e-0fe9-2a80-24d8-fb5c3322324e	Approved Partner School	t	t	2	2022-05-12 18:00:39.661151+00	2022-05-12 18:00:39.661151+00	\N	\N
0180b96e-0fe9-1534-5d02-756b4e686fad	Another Approved Partner School	t	t	2	2022-05-12 18:00:39.662096+00	2022-05-12 18:00:39.662096+00	\N	\N
\.


--
-- Data for Name: ineligible_students; Type: TABLE DATA; Schema: upchieve; Owner: admin
--

COPY upchieve.ineligible_students (id, email, postal_code, ip_address_id, school_id, grade_level_id, created_at, updated_at, mongo_id, referred_by) FROM stdin;
\.


--
-- Data for Name: legacy_availability_histories; Type: TABLE DATA; Schema: upchieve; Owner: admin
--

COPY upchieve.legacy_availability_histories (id, mongo_id, user_id, timezone, recorded_at, legacy_availability, created_at, updated_at) FROM stdin;
\.


--
-- Data for Name: notification_methods; Type: TABLE DATA; Schema: upchieve; Owner: admin
--

COPY upchieve.notification_methods (id, method, created_at, updated_at) FROM stdin;
1	sms	2022-05-12 18:00:37.618318+00	2022-05-12 18:00:37.618318+00
2	push	2022-05-12 18:00:37.619103+00	2022-05-12 18:00:37.619103+00
3	voice	2022-05-12 18:00:37.619782+00	2022-05-12 18:00:37.619782+00
4	email	2022-05-12 18:00:37.620417+00	2022-05-12 18:00:37.620417+00
\.


--
-- Data for Name: notification_priority_groups; Type: TABLE DATA; Schema: upchieve; Owner: admin
--

COPY upchieve.notification_priority_groups (id, name, priority, created_at, updated_at) FROM stdin;
1	follow-up	-1	2022-05-12 18:00:37.621144+00	2022-05-12 18:00:37.621144+00
11	LEGACY: Regular volunteers - not notified in the last 7 days	-1	2022-05-12 18:00:37.627808+00	2022-05-12 18:00:37.627808+00
12	LEGACY: Partner volunteers - not notified in the last 7 days	-1	2022-05-12 18:00:37.628421+00	2022-05-12 18:00:37.628421+00
13	LEGACY: Partner volunteers - not notified in the last 3 days	-1	2022-05-12 18:00:37.629382+00	2022-05-12 18:00:37.629382+00
14	LEGACY: All volunteers - not notified in the last 15 mins who don't have "high level subjects"	-1	2022-05-12 18:00:37.630122+00	2022-05-12 18:00:37.630122+00
15	LEGACY: Mizuho and Atlassian volunteers - Not notified in last 3 days	-1	2022-05-12 18:00:37.630802+00	2022-05-12 18:00:37.630802+00
16	LEGACY: null	-1	2022-05-12 18:00:37.631475+00	2022-05-12 18:00:37.631475+00
2	Partner volunteers - not notified in the last 3 days AND they don't have "high level subjects"	20	2022-05-12 18:00:37.622081+00	2022-05-12 18:00:37.668993+00
3	Regular volunteers - not notified in the last 3 days AND they don't have "high level subjects"	30	2022-05-12 18:00:37.622744+00	2022-05-12 18:00:37.668993+00
4	Partner volunteers - not notified in the last 24 hours AND they don't have "high level subjects"	40	2022-05-12 18:00:37.623407+00	2022-05-12 18:00:37.668993+00
5	Regular volunteers - not notified in the last 24 hours AND they don't have "high level subjects"	50	2022-05-12 18:00:37.624045+00	2022-05-12 18:00:37.668993+00
6	All volunteers - not notified in the last 24 hours	60	2022-05-12 18:00:37.624681+00	2022-05-12 18:00:37.668993+00
7	All volunteers - not notified in the last 60 mins	70	2022-05-12 18:00:37.625278+00	2022-05-12 18:00:37.668993+00
8	All volunteers - not notified in the last 15 mins	80	2022-05-12 18:00:37.625945+00	2022-05-12 18:00:37.668993+00
9	Verizon volunteers - not notified in the last 24 hours AND they don't have "high level subjects"	90	2022-05-12 18:00:37.626559+00	2022-05-12 18:00:37.668993+00
10	Verizon volunteers - not notified in the last 3 days AND they don't have "high level subjects"	100	2022-05-12 18:00:37.627167+00	2022-05-12 18:00:37.668993+00
17	Favorite volunteers - not notified in the last 15 mins	10	2022-05-12 18:00:37.668993+00	2022-05-12 18:00:37.668993+00
18	Associated partner volunteers - not notified in the last 24 hours AND they don't have "high level subjects"	85	2022-05-12 18:00:37.694533+00	2022-05-12 18:00:37.694533+00
19	Associated partner volunteers - not notified in the last 3 days AND they don't have "high level subjects"	95	2022-05-12 18:00:37.694533+00	2022-05-12 18:00:37.694533+00
\.


--
-- Data for Name: notification_types; Type: TABLE DATA; Schema: upchieve; Owner: admin
--

COPY upchieve.notification_types (id, type, created_at, updated_at) FROM stdin;
1	initial	2022-05-12 18:00:37.616777+00	2022-05-12 18:00:37.616777+00
2	followup	2022-05-12 18:00:37.61762+00	2022-05-12 18:00:37.61762+00
\.


--
-- Data for Name: notifications; Type: TABLE DATA; Schema: upchieve; Owner: admin
--

COPY upchieve.notifications (id, user_id, sent_at, type_id, method_id, priority_group_id, successful, session_id, message_carrier_id, created_at, updated_at, mongo_id) FROM stdin;
\.


--
-- Data for Name: photo_id_statuses; Type: TABLE DATA; Schema: upchieve; Owner: admin
--

COPY upchieve.photo_id_statuses (id, name, created_at, updated_at) FROM stdin;
1	approved	2022-05-12 18:00:37.243201+00	2022-05-12 18:00:37.243201+00
2	submitted	2022-05-12 18:00:37.244203+00	2022-05-12 18:00:37.244203+00
3	rejected	2022-05-12 18:00:37.244963+00	2022-05-12 18:00:37.244963+00
4	empty	2022-05-12 18:00:37.245785+00	2022-05-12 18:00:37.245785+00
\.


--
-- Data for Name: pre_session_surveys; Type: TABLE DATA; Schema: upchieve; Owner: admin
--

COPY upchieve.pre_session_surveys (id, response_data, session_id, user_id, created_at, updated_at, mongo_id) FROM stdin;
\.


--
-- Data for Name: push_tokens; Type: TABLE DATA; Schema: upchieve; Owner: admin
--

COPY upchieve.push_tokens (id, user_id, token, created_at, updated_at) FROM stdin;
\.


--
-- Data for Name: quizzes; Type: TABLE DATA; Schema: upchieve; Owner: admin
--

COPY upchieve.quizzes (id, name, created_at, updated_at) FROM stdin;
1	prealgebra	2022-05-12 18:00:37.278205+00	2022-05-12 18:00:37.278205+00
2	statistics	2022-05-12 18:00:37.279178+00	2022-05-12 18:00:37.279178+00
3	geometry	2022-05-12 18:00:37.279901+00	2022-05-12 18:00:37.279901+00
4	biology	2022-05-12 18:00:37.280593+00	2022-05-12 18:00:37.280593+00
5	chemistry	2022-05-12 18:00:37.281293+00	2022-05-12 18:00:37.281293+00
6	physicsOne	2022-05-12 18:00:37.281989+00	2022-05-12 18:00:37.281989+00
7	physicsTwo	2022-05-12 18:00:37.282833+00	2022-05-12 18:00:37.282833+00
8	environmentalScience	2022-05-12 18:00:37.283548+00	2022-05-12 18:00:37.283548+00
9	essays	2022-05-12 18:00:37.284264+00	2022-05-12 18:00:37.284264+00
10	applications	2022-05-12 18:00:37.285033+00	2022-05-12 18:00:37.285033+00
11	planning	2022-05-12 18:00:37.285733+00	2022-05-12 18:00:37.285733+00
12	satMath	2022-05-12 18:00:37.286424+00	2022-05-12 18:00:37.286424+00
13	satReading	2022-05-12 18:00:37.287097+00	2022-05-12 18:00:37.287097+00
14	collegeCounseling	2022-05-12 18:00:37.2878+00	2022-05-12 18:00:37.2878+00
15	humanitiesEssays	2022-05-12 18:00:37.288503+00	2022-05-12 18:00:37.288503+00
16	algebraOne	2022-05-12 18:00:37.289172+00	2022-05-12 18:00:37.289172+00
17	algebraTwo	2022-05-12 18:00:37.289845+00	2022-05-12 18:00:37.289845+00
18	trigonometry	2022-05-12 18:00:37.29057+00	2022-05-12 18:00:37.29057+00
19	precalculus	2022-05-12 18:00:37.291312+00	2022-05-12 18:00:37.291312+00
20	calculusAB	2022-05-12 18:00:37.291983+00	2022-05-12 18:00:37.291983+00
21	calculusBC	2022-05-12 18:00:37.292625+00	2022-05-12 18:00:37.292625+00
22	upchieve101	2022-05-12 18:00:37.293309+00	2022-05-12 18:00:37.293309+00
23	reading	2022-05-12 18:00:37.293968+00	2022-05-12 18:00:37.293968+00
24	anatomy	2022-05-12 18:00:37.294656+00	2022-05-12 18:00:37.294656+00
\.


--
-- Data for Name: quiz_certification_grants; Type: TABLE DATA; Schema: upchieve; Owner: admin
--

COPY upchieve.quiz_certification_grants (quiz_id, certification_id, created_at, updated_at) FROM stdin;
1	1	2022-05-12 18:00:37.550291+00	2022-05-12 18:00:37.550291+00
2	2	2022-05-12 18:00:37.551485+00	2022-05-12 18:00:37.551485+00
3	3	2022-05-12 18:00:37.552498+00	2022-05-12 18:00:37.552498+00
4	4	2022-05-12 18:00:37.553316+00	2022-05-12 18:00:37.553316+00
5	5	2022-05-12 18:00:37.553998+00	2022-05-12 18:00:37.553998+00
6	6	2022-05-12 18:00:37.554718+00	2022-05-12 18:00:37.554718+00
7	7	2022-05-12 18:00:37.555396+00	2022-05-12 18:00:37.555396+00
8	8	2022-05-12 18:00:37.556059+00	2022-05-12 18:00:37.556059+00
9	9	2022-05-12 18:00:37.556773+00	2022-05-12 18:00:37.556773+00
10	10	2022-05-12 18:00:37.559274+00	2022-05-12 18:00:37.559274+00
11	11	2022-05-12 18:00:37.560052+00	2022-05-12 18:00:37.560052+00
12	12	2022-05-12 18:00:37.560926+00	2022-05-12 18:00:37.560926+00
13	13	2022-05-12 18:00:37.561615+00	2022-05-12 18:00:37.561615+00
14	11	2022-05-12 18:00:37.562349+00	2022-05-12 18:00:37.562349+00
14	10	2022-05-12 18:00:37.563191+00	2022-05-12 18:00:37.563191+00
15	15	2022-05-12 18:00:37.56393+00	2022-05-12 18:00:37.56393+00
17	16	2022-05-12 18:00:37.564639+00	2022-05-12 18:00:37.564639+00
17	17	2022-05-12 18:00:37.565366+00	2022-05-12 18:00:37.565366+00
17	1	2022-05-12 18:00:37.566332+00	2022-05-12 18:00:37.566332+00
16	16	2022-05-12 18:00:37.56713+00	2022-05-12 18:00:37.56713+00
16	1	2022-05-12 18:00:37.567903+00	2022-05-12 18:00:37.567903+00
18	18	2022-05-12 18:00:37.56874+00	2022-05-12 18:00:37.56874+00
19	16	2022-05-12 18:00:37.569511+00	2022-05-12 18:00:37.569511+00
19	17	2022-05-12 18:00:37.570216+00	2022-05-12 18:00:37.570216+00
19	1	2022-05-12 18:00:37.570894+00	2022-05-12 18:00:37.570894+00
19	18	2022-05-12 18:00:37.571545+00	2022-05-12 18:00:37.571545+00
19	19	2022-05-12 18:00:37.572271+00	2022-05-12 18:00:37.572271+00
20	16	2022-05-12 18:00:37.5736+00	2022-05-12 18:00:37.5736+00
20	17	2022-05-12 18:00:37.574358+00	2022-05-12 18:00:37.574358+00
20	1	2022-05-12 18:00:37.575212+00	2022-05-12 18:00:37.575212+00
20	18	2022-05-12 18:00:37.576059+00	2022-05-12 18:00:37.576059+00
20	19	2022-05-12 18:00:37.576822+00	2022-05-12 18:00:37.576822+00
20	20	2022-05-12 18:00:37.577579+00	2022-05-12 18:00:37.577579+00
21	16	2022-05-12 18:00:37.578394+00	2022-05-12 18:00:37.578394+00
21	17	2022-05-12 18:00:37.57922+00	2022-05-12 18:00:37.57922+00
21	1	2022-05-12 18:00:37.580028+00	2022-05-12 18:00:37.580028+00
21	18	2022-05-12 18:00:37.580769+00	2022-05-12 18:00:37.580769+00
21	19	2022-05-12 18:00:37.581563+00	2022-05-12 18:00:37.581563+00
21	20	2022-05-12 18:00:37.5823+00	2022-05-12 18:00:37.5823+00
21	21	2022-05-12 18:00:37.583+00	2022-05-12 18:00:37.583+00
23	22	2022-05-12 18:00:37.674231+00	2022-05-12 18:00:37.674231+00
\.


--
-- Data for Name: quiz_subcategories; Type: TABLE DATA; Schema: upchieve; Owner: admin
--

COPY upchieve.quiz_subcategories (id, name, quiz_id, created_at, updated_at) FROM stdin;
1	numbers	1	2022-05-12 18:00:37.29652+00	2022-05-12 18:00:37.29652+00
2	arithmetic properties	1	2022-05-12 18:00:37.297648+00	2022-05-12 18:00:37.297648+00
3	exponents	1	2022-05-12 18:00:37.298416+00	2022-05-12 18:00:37.298416+00
4	exponents and radicals	1	2022-05-12 18:00:37.299151+00	2022-05-12 18:00:37.299151+00
5	polynomials	1	2022-05-12 18:00:37.299841+00	2022-05-12 18:00:37.299841+00
6	fractions	1	2022-05-12 18:00:37.300497+00	2022-05-12 18:00:37.300497+00
7	linear equations	16	2022-05-12 18:00:37.301205+00	2022-05-12 18:00:37.301205+00
8	rational exponents and radicals	16	2022-05-12 18:00:37.301955+00	2022-05-12 18:00:37.301955+00
9	application of linear equations	16	2022-05-12 18:00:37.302918+00	2022-05-12 18:00:37.302918+00
10	two variable equations	16	2022-05-12 18:00:37.303707+00	2022-05-12 18:00:37.303707+00
11	rational expressions	16	2022-05-12 18:00:37.304772+00	2022-05-12 18:00:37.304772+00
12	complex numbers	16	2022-05-12 18:00:37.305751+00	2022-05-12 18:00:37.305751+00
13	functions_domain_range	17	2022-05-12 18:00:37.306638+00	2022-05-12 18:00:37.306638+00
14	higher_degree_polynomials	17	2022-05-12 18:00:37.309153+00	2022-05-12 18:00:37.309153+00
15	square_root_equations	17	2022-05-12 18:00:37.310251+00	2022-05-12 18:00:37.310251+00
16	roots_of_polynomials	17	2022-05-12 18:00:37.311274+00	2022-05-12 18:00:37.311274+00
17	multiply_polynomials_binomial	17	2022-05-12 18:00:37.312191+00	2022-05-12 18:00:37.312191+00
18	rational_radical_absolute	17	2022-05-12 18:00:37.31315+00	2022-05-12 18:00:37.31315+00
19	logarithms_properties	17	2022-05-12 18:00:37.314055+00	2022-05-12 18:00:37.314055+00
20	rational_expressions	17	2022-05-12 18:00:37.314884+00	2022-05-12 18:00:37.314884+00
21	systems_of_linear_equations	17	2022-05-12 18:00:37.315814+00	2022-05-12 18:00:37.315814+00
22	arithmetic_and_geometric_sequences	17	2022-05-12 18:00:37.316548+00	2022-05-12 18:00:37.316548+00
23	functions_domain	17	2022-05-12 18:00:37.317486+00	2022-05-12 18:00:37.317486+00
24	solving_linear_equations	17	2022-05-12 18:00:37.31845+00	2022-05-12 18:00:37.31845+00
25	function_transformations_shifts	17	2022-05-12 18:00:37.319297+00	2022-05-12 18:00:37.319297+00
26	graphing_quadratic_functions	17	2022-05-12 18:00:37.320139+00	2022-05-12 18:00:37.320139+00
27	exponential_functions_growth	17	2022-05-12 18:00:37.320902+00	2022-05-12 18:00:37.320902+00
28	rounding_and_scientific_notation	17	2022-05-12 18:00:37.321733+00	2022-05-12 18:00:37.321733+00
29	square root_equations_quadratic	17	2022-05-12 18:00:37.322506+00	2022-05-12 18:00:37.322506+00
30	advanced_factoring_techniques	17	2022-05-12 18:00:37.323186+00	2022-05-12 18:00:37.323186+00
31	congruence and similarity	3	2022-05-12 18:00:37.323968+00	2022-05-12 18:00:37.323968+00
32	vertices	3	2022-05-12 18:00:37.324679+00	2022-05-12 18:00:37.324679+00
33	angles	3	2022-05-12 18:00:37.325477+00	2022-05-12 18:00:37.325477+00
34	circles	3	2022-05-12 18:00:37.326185+00	2022-05-12 18:00:37.326185+00
35	triangles	3	2022-05-12 18:00:37.326904+00	2022-05-12 18:00:37.326904+00
36	rectangles	3	2022-05-12 18:00:37.327565+00	2022-05-12 18:00:37.327565+00
37	angles	18	2022-05-12 18:00:37.328215+00	2022-05-12 18:00:37.328215+00
38	triangles	18	2022-05-12 18:00:37.328893+00	2022-05-12 18:00:37.328893+00
39	right triangles	18	2022-05-12 18:00:37.329596+00	2022-05-12 18:00:37.329596+00
40	quadrants	18	2022-05-12 18:00:37.330269+00	2022-05-12 18:00:37.330269+00
41	radians	18	2022-05-12 18:00:37.331005+00	2022-05-12 18:00:37.331005+00
42	unit circles	18	2022-05-12 18:00:37.331779+00	2022-05-12 18:00:37.331779+00
43	inequalities	18	2022-05-12 18:00:37.332803+00	2022-05-12 18:00:37.332803+00
44	representing data numerically	2	2022-05-12 18:00:37.333592+00	2022-05-12 18:00:37.333592+00
45	representing data graphically	2	2022-05-12 18:00:37.334394+00	2022-05-12 18:00:37.334394+00
46	two means	2	2022-05-12 18:00:37.335113+00	2022-05-12 18:00:37.335113+00
47	two proportions	2	2022-05-12 18:00:37.335799+00	2022-05-12 18:00:37.335799+00
48	levels of measurement	2	2022-05-12 18:00:37.336558+00	2022-05-12 18:00:37.336558+00
49	types of sampling	2	2022-05-12 18:00:37.337332+00	2022-05-12 18:00:37.337332+00
50	finding probability	2	2022-05-12 18:00:37.338032+00	2022-05-12 18:00:37.338032+00
51	finding x from z score	2	2022-05-12 18:00:37.338708+00	2022-05-12 18:00:37.338708+00
52	z score	2	2022-05-12 18:00:37.339378+00	2022-05-12 18:00:37.339378+00
53	basic set operations	2	2022-05-12 18:00:37.340068+00	2022-05-12 18:00:37.340068+00
54	compound events	2	2022-05-12 18:00:37.340782+00	2022-05-12 18:00:37.340782+00
55	conditional probability	2	2022-05-12 18:00:37.341497+00	2022-05-12 18:00:37.341497+00
56	independent probability	2	2022-05-12 18:00:37.342203+00	2022-05-12 18:00:37.342203+00
57	permutations and combinations	2	2022-05-12 18:00:37.342925+00	2022-05-12 18:00:37.342925+00
58	random variables distributions	2	2022-05-12 18:00:37.343632+00	2022-05-12 18:00:37.343632+00
59	relationships between variables	2	2022-05-12 18:00:37.344329+00	2022-05-12 18:00:37.344329+00
60	confidence intervals	2	2022-05-12 18:00:37.344972+00	2022-05-12 18:00:37.344972+00
61	interpreting pvalue	2	2022-05-12 18:00:37.345614+00	2022-05-12 18:00:37.345614+00
62	finding the test statistic	2	2022-05-12 18:00:37.346384+00	2022-05-12 18:00:37.346384+00
63	rectangular coordinates	19	2022-05-12 18:00:37.347038+00	2022-05-12 18:00:37.347038+00
64	linear inequalities	19	2022-05-12 18:00:37.347988+00	2022-05-12 18:00:37.347988+00
65	functions	19	2022-05-12 18:00:37.348742+00	2022-05-12 18:00:37.348742+00
66	rational exponents	19	2022-05-12 18:00:37.349468+00	2022-05-12 18:00:37.349468+00
67	quadratic functions	19	2022-05-12 18:00:37.350136+00	2022-05-12 18:00:37.350136+00
68	logarithms and exponents	19	2022-05-12 18:00:37.350814+00	2022-05-12 18:00:37.350814+00
69	absolute extrema	20	2022-05-12 18:00:37.351529+00	2022-05-12 18:00:37.351529+00
70	antiderivatives	20	2022-05-12 18:00:37.352204+00	2022-05-12 18:00:37.352204+00
71	area between curves	20	2022-05-12 18:00:37.352883+00	2022-05-12 18:00:37.352883+00
72	chain rule	20	2022-05-12 18:00:37.353599+00	2022-05-12 18:00:37.353599+00
73	concavity	20	2022-05-12 18:00:37.35429+00	2022-05-12 18:00:37.35429+00
74	continuity	20	2022-05-12 18:00:37.355036+00	2022-05-12 18:00:37.355036+00
75	derivatives	20	2022-05-12 18:00:37.356135+00	2022-05-12 18:00:37.356135+00
76	differential equations	20	2022-05-12 18:00:37.357162+00	2022-05-12 18:00:37.357162+00
77	fundamental theorem	20	2022-05-12 18:00:37.358246+00	2022-05-12 18:00:37.358246+00
78	lhopitals rule	20	2022-05-12 18:00:37.359347+00	2022-05-12 18:00:37.359347+00
79	implicit differentiation	20	2022-05-12 18:00:37.360395+00	2022-05-12 18:00:37.360395+00
80	mean value theorem	20	2022-05-12 18:00:37.361207+00	2022-05-12 18:00:37.361207+00
81	optimization	20	2022-05-12 18:00:37.361996+00	2022-05-12 18:00:37.361996+00
82	reimann sums	20	2022-05-12 18:00:37.362768+00	2022-05-12 18:00:37.362768+00
83	related rates	20	2022-05-12 18:00:37.363546+00	2022-05-12 18:00:37.363546+00
84	relative extrema	20	2022-05-12 18:00:37.364283+00	2022-05-12 18:00:37.364283+00
85	absolute extrema	21	2022-05-12 18:00:37.365063+00	2022-05-12 18:00:37.365063+00
86	antiderivatives	21	2022-05-12 18:00:37.365835+00	2022-05-12 18:00:37.365835+00
87	area between curves	21	2022-05-12 18:00:37.366968+00	2022-05-12 18:00:37.366968+00
88	chain rule	21	2022-05-12 18:00:37.367808+00	2022-05-12 18:00:37.367808+00
89	derivatives	21	2022-05-12 18:00:37.368704+00	2022-05-12 18:00:37.368704+00
90	differential equations	21	2022-05-12 18:00:37.369396+00	2022-05-12 18:00:37.369396+00
91	fundamental theorem of calculus	21	2022-05-12 18:00:37.370141+00	2022-05-12 18:00:37.370141+00
92	implicit differentiation	21	2022-05-12 18:00:37.37087+00	2022-05-12 18:00:37.37087+00
93	infinite sequences	21	2022-05-12 18:00:37.371656+00	2022-05-12 18:00:37.371656+00
94	limits	21	2022-05-12 18:00:37.372383+00	2022-05-12 18:00:37.372383+00
95	integration by parts	21	2022-05-12 18:00:37.373097+00	2022-05-12 18:00:37.373097+00
96	mean value theorem	21	2022-05-12 18:00:37.373777+00	2022-05-12 18:00:37.373777+00
97	optimization	21	2022-05-12 18:00:37.374451+00	2022-05-12 18:00:37.374451+00
98	parametric	21	2022-05-12 18:00:37.375177+00	2022-05-12 18:00:37.375177+00
99	reimann sums	21	2022-05-12 18:00:37.375867+00	2022-05-12 18:00:37.375867+00
100	relative extrema	21	2022-05-12 18:00:37.376531+00	2022-05-12 18:00:37.376531+00
101	taylor polynomials	21	2022-05-12 18:00:37.377228+00	2022-05-12 18:00:37.377228+00
102	basic	9	2022-05-12 18:00:37.377989+00	2022-05-12 18:00:37.377989+00
103	commonapp	9	2022-05-12 18:00:37.378863+00	2022-05-12 18:00:37.378863+00
104	answer	9	2022-05-12 18:00:37.379562+00	2022-05-12 18:00:37.379562+00
105	dhistory	9	2022-05-12 18:00:37.380264+00	2022-05-12 18:00:37.380264+00
106	optional	9	2022-05-12 18:00:37.38113+00	2022-05-12 18:00:37.38113+00
107	supplemental	9	2022-05-12 18:00:37.381957+00	2022-05-12 18:00:37.381957+00
108	exam	11	2022-05-12 18:00:37.382743+00	2022-05-12 18:00:37.382743+00
109	type	11	2022-05-12 18:00:37.383567+00	2022-05-12 18:00:37.383567+00
110	LOR	11	2022-05-12 18:00:37.384311+00	2022-05-12 18:00:37.384311+00
111	basic	11	2022-05-12 18:00:37.385092+00	2022-05-12 18:00:37.385092+00
112	timeline	10	2022-05-12 18:00:37.385881+00	2022-05-12 18:00:37.385881+00
113	resume	10	2022-05-12 18:00:37.386788+00	2022-05-12 18:00:37.386788+00
114	schools	10	2022-05-12 18:00:37.387525+00	2022-05-12 18:00:37.387525+00
115	fees	10	2022-05-12 18:00:37.388313+00	2022-05-12 18:00:37.388313+00
116	FinAid	10	2022-05-12 18:00:37.389195+00	2022-05-12 18:00:37.389195+00
117	LOR	10	2022-05-12 18:00:37.389975+00	2022-05-12 18:00:37.389975+00
118	basic	10	2022-05-12 18:00:37.390719+00	2022-05-12 18:00:37.390719+00
119	biochemistry	4	2022-05-12 18:00:37.391426+00	2022-05-12 18:00:37.391426+00
120	the cell	4	2022-05-12 18:00:37.39212+00	2022-05-12 18:00:37.39212+00
121	cell division	4	2022-05-12 18:00:37.392861+00	2022-05-12 18:00:37.392861+00
122	cellular respiration	4	2022-05-12 18:00:37.39362+00	2022-05-12 18:00:37.39362+00
123	photosynthesis and plants	4	2022-05-12 18:00:37.3943+00	2022-05-12 18:00:37.3943+00
124	classical genetics	4	2022-05-12 18:00:37.395074+00	2022-05-12 18:00:37.395074+00
125	molecular genetics	4	2022-05-12 18:00:37.395783+00	2022-05-12 18:00:37.395783+00
126	animal behavior and physiology	4	2022-05-12 18:00:37.396456+00	2022-05-12 18:00:37.396456+00
127	ecology	4	2022-05-12 18:00:37.397154+00	2022-05-12 18:00:37.397154+00
128	human physiology and anatomy	4	2022-05-12 18:00:37.397874+00	2022-05-12 18:00:37.397874+00
129	evolution and taxonomy	4	2022-05-12 18:00:37.398568+00	2022-05-12 18:00:37.398568+00
130	chemical reactions	5	2022-05-12 18:00:37.399262+00	2022-05-12 18:00:37.399262+00
131	atoms, compounds, and ions	5	2022-05-12 18:00:37.4+00	2022-05-12 18:00:37.4+00
132	stoichiometry	5	2022-05-12 18:00:37.400708+00	2022-05-12 18:00:37.400708+00
133	electron structure of atoms	5	2022-05-12 18:00:37.401546+00	2022-05-12 18:00:37.401546+00
134	periodic table	5	2022-05-12 18:00:37.402235+00	2022-05-12 18:00:37.402235+00
135	chemical bonds	5	2022-05-12 18:00:37.402923+00	2022-05-12 18:00:37.402923+00
136	gases	5	2022-05-12 18:00:37.403608+00	2022-05-12 18:00:37.403608+00
137	states of matter and intermolecular forces	5	2022-05-12 18:00:37.404316+00	2022-05-12 18:00:37.404316+00
138	chemical equilibrium	5	2022-05-12 18:00:37.404957+00	2022-05-12 18:00:37.404957+00
139	acids and bases	5	2022-05-12 18:00:37.405607+00	2022-05-12 18:00:37.405607+00
140	buffers, titrations, and solubility equilibria	5	2022-05-12 18:00:37.406288+00	2022-05-12 18:00:37.406288+00
141	thermodynamics	5	2022-05-12 18:00:37.407036+00	2022-05-12 18:00:37.407036+00
142	redox reactions and electrochemistry	5	2022-05-12 18:00:37.407665+00	2022-05-12 18:00:37.407665+00
143	kinetics	5	2022-05-12 18:00:37.408404+00	2022-05-12 18:00:37.408404+00
144	nuclear chemistry	5	2022-05-12 18:00:37.409076+00	2022-05-12 18:00:37.409076+00
145	kinematics	5	2022-05-12 18:00:37.409854+00	2022-05-12 18:00:37.409854+00
146	kinematics	6	2022-05-12 18:00:37.410537+00	2022-05-12 18:00:37.410537+00
147	newton's laws	6	2022-05-12 18:00:37.411239+00	2022-05-12 18:00:37.411239+00
148	rotational mechanics	6	2022-05-12 18:00:37.411931+00	2022-05-12 18:00:37.411931+00
149	work and energy	6	2022-05-12 18:00:37.412662+00	2022-05-12 18:00:37.412662+00
150	momentum and collisions	6	2022-05-12 18:00:37.413356+00	2022-05-12 18:00:37.413356+00
151	thermodynamics	6	2022-05-12 18:00:37.414029+00	2022-05-12 18:00:37.414029+00
152	electrostatics	6	2022-05-12 18:00:37.414754+00	2022-05-12 18:00:37.414754+00
153	magnetism	6	2022-05-12 18:00:37.415541+00	2022-05-12 18:00:37.415541+00
154	waves and sound	6	2022-05-12 18:00:37.416255+00	2022-05-12 18:00:37.416255+00
155	refraction and reflection	6	2022-05-12 18:00:37.416906+00	2022-05-12 18:00:37.416906+00
156	gravity/gen relativity	6	2022-05-12 18:00:37.417908+00	2022-05-12 18:00:37.417908+00
157	Fluids - density and pressure	7	2022-05-12 18:00:37.418828+00	2022-05-12 18:00:37.418828+00
158	Fluids - dynamics	7	2022-05-12 18:00:37.419915+00	2022-05-12 18:00:37.419915+00
159	THD - Ideal Gases	7	2022-05-12 18:00:37.420662+00	2022-05-12 18:00:37.420662+00
160	thermodynamics	7	2022-05-12 18:00:37.421476+00	2022-05-12 18:00:37.421476+00
161	Electric Field	7	2022-05-12 18:00:37.422237+00	2022-05-12 18:00:37.422237+00
162	Electric Potential	7	2022-05-12 18:00:37.422995+00	2022-05-12 18:00:37.422995+00
163	Magnetic Fields	7	2022-05-12 18:00:37.423756+00	2022-05-12 18:00:37.423756+00
164	Magnetic Induction	7	2022-05-12 18:00:37.424533+00	2022-05-12 18:00:37.424533+00
165	Electromagnetic Waves	7	2022-05-12 18:00:37.425296+00	2022-05-12 18:00:37.425296+00
166	Optics - refraction and reflection	7	2022-05-12 18:00:37.426074+00	2022-05-12 18:00:37.426074+00
167	Quantum & Atomic Physics	7	2022-05-12 18:00:37.426811+00	2022-05-12 18:00:37.426811+00
168	dynamics 2	7	2022-05-12 18:00:37.427566+00	2022-05-12 18:00:37.427566+00
169	Electric Circuits	7	2022-05-12 18:00:37.42823+00	2022-05-12 18:00:37.42823+00
170	earth systems and resources	8	2022-05-12 18:00:37.428895+00	2022-05-12 18:00:37.428895+00
171	ecology	8	2022-05-12 18:00:37.429621+00	2022-05-12 18:00:37.429621+00
172	energy resources and consumption	8	2022-05-12 18:00:37.430315+00	2022-05-12 18:00:37.430315+00
173	global change	8	2022-05-12 18:00:37.430977+00	2022-05-12 18:00:37.430977+00
174	impact of human health and environment	8	2022-05-12 18:00:37.432094+00	2022-05-12 18:00:37.432094+00
175	interdependence of organisms	8	2022-05-12 18:00:37.43292+00	2022-05-12 18:00:37.43292+00
176	land and water resources and use	8	2022-05-12 18:00:37.433728+00	2022-05-12 18:00:37.433728+00
177	introduction to environmental science	8	2022-05-12 18:00:37.434501+00	2022-05-12 18:00:37.434501+00
178	natural biogeochemical cycles	8	2022-05-12 18:00:37.435231+00	2022-05-12 18:00:37.435231+00
179	pollution	8	2022-05-12 18:00:37.436115+00	2022-05-12 18:00:37.436115+00
180	populations	8	2022-05-12 18:00:37.436994+00	2022-05-12 18:00:37.436994+00
181	the atmosphere	8	2022-05-12 18:00:37.437858+00	2022-05-12 18:00:37.437858+00
182	upchieve	22	2022-05-12 18:00:37.438639+00	2022-05-12 18:00:37.438639+00
183	linear_equations	12	2022-05-12 18:00:37.439433+00	2022-05-12 18:00:37.439433+00
184	linear_inequalities	12	2022-05-12 18:00:37.440293+00	2022-05-12 18:00:37.440293+00
185	linear_functions	12	2022-05-12 18:00:37.441071+00	2022-05-12 18:00:37.441071+00
186	quadratic_problems	12	2022-05-12 18:00:37.442056+00	2022-05-12 18:00:37.442056+00
187	nonlinear_equations	12	2022-05-12 18:00:37.442807+00	2022-05-12 18:00:37.442807+00
188	rational_expressions	12	2022-05-12 18:00:37.44354+00	2022-05-12 18:00:37.44354+00
189	isolating_quantities	12	2022-05-12 18:00:37.444318+00	2022-05-12 18:00:37.444318+00
190	linear_systems	12	2022-05-12 18:00:37.445093+00	2022-05-12 18:00:37.445093+00
191	ratios_rates	12	2022-05-12 18:00:37.445801+00	2022-05-12 18:00:37.445801+00
192	units	12	2022-05-12 18:00:37.446542+00	2022-05-12 18:00:37.446542+00
193	percentages	12	2022-05-12 18:00:37.447283+00	2022-05-12 18:00:37.447283+00
194	linear_and_exponential	12	2022-05-12 18:00:37.448031+00	2022-05-12 18:00:37.448031+00
195	data_inferences	12	2022-05-12 18:00:37.448727+00	2022-05-12 18:00:37.448727+00
196	volume_word_problems	12	2022-05-12 18:00:37.449413+00	2022-05-12 18:00:37.449413+00
197	complex_numbers	12	2022-05-12 18:00:37.450083+00	2022-05-12 18:00:37.450083+00
198	circle_equations	12	2022-05-12 18:00:37.450766+00	2022-05-12 18:00:37.450766+00
199	table_data	12	2022-05-12 18:00:37.451452+00	2022-05-12 18:00:37.451452+00
200	scatterplots	12	2022-05-12 18:00:37.452126+00	2022-05-12 18:00:37.452126+00
201	graphs	12	2022-05-12 18:00:37.452827+00	2022-05-12 18:00:37.452827+00
202	shape_of_distributions	12	2022-05-12 18:00:37.453531+00	2022-05-12 18:00:37.453531+00
203	right_triangle_problems	12	2022-05-12 18:00:37.454206+00	2022-05-12 18:00:37.454206+00
204	congruence_and_similarity	12	2022-05-12 18:00:37.454856+00	2022-05-12 18:00:37.454856+00
205	explict_v_implicit	13	2022-05-12 18:00:37.455509+00	2022-05-12 18:00:37.455509+00
206	point_of_view	13	2022-05-12 18:00:37.456176+00	2022-05-12 18:00:37.456176+00
207	analyzing_relationships	13	2022-05-12 18:00:37.457324+00	2022-05-12 18:00:37.457324+00
208	citing_evidence	13	2022-05-12 18:00:37.459045+00	2022-05-12 18:00:37.459045+00
209	summarizing	13	2022-05-12 18:00:37.45981+00	2022-05-12 18:00:37.45981+00
210	analogical_reasoning	13	2022-05-12 18:00:37.460538+00	2022-05-12 18:00:37.460538+00
211	structure_passage	13	2022-05-12 18:00:37.461219+00	2022-05-12 18:00:37.461219+00
212	word_choice	13	2022-05-12 18:00:37.461935+00	2022-05-12 18:00:37.461935+00
213	graphs_and_data	13	2022-05-12 18:00:37.462619+00	2022-05-12 18:00:37.462619+00
214	purpose_of_text	13	2022-05-12 18:00:37.463278+00	2022-05-12 18:00:37.463278+00
215	analyzing_arguments	13	2022-05-12 18:00:37.464051+00	2022-05-12 18:00:37.464051+00
216	connecting_texts	13	2022-05-12 18:00:37.464961+00	2022-05-12 18:00:37.464961+00
217	history_passages	13	2022-05-12 18:00:37.465659+00	2022-05-12 18:00:37.465659+00
218	strategies	13	2022-05-12 18:00:37.466318+00	2022-05-12 18:00:37.466318+00
219	types_of_essays	15	2022-05-12 18:00:37.466964+00	2022-05-12 18:00:37.466964+00
220	essay_structure	15	2022-05-12 18:00:37.467623+00	2022-05-12 18:00:37.467623+00
221	point_of_view	15	2022-05-12 18:00:37.468313+00	2022-05-12 18:00:37.468313+00
222	persuasive_techniques	15	2022-05-12 18:00:37.469017+00	2022-05-12 18:00:37.469017+00
223	citations	15	2022-05-12 18:00:37.469709+00	2022-05-12 18:00:37.469709+00
224	independent_and_dependent_clauses	15	2022-05-12 18:00:37.470449+00	2022-05-12 18:00:37.470449+00
225	punctuation	15	2022-05-12 18:00:37.471293+00	2022-05-12 18:00:37.471293+00
226	verb_tense	15	2022-05-12 18:00:37.471955+00	2022-05-12 18:00:37.471955+00
227	subject_verb_agreement	15	2022-05-12 18:00:37.472602+00	2022-05-12 18:00:37.472602+00
228	specificity_and_coherence	15	2022-05-12 18:00:37.473263+00	2022-05-12 18:00:37.473263+00
229	plagiarism	15	2022-05-12 18:00:37.473926+00	2022-05-12 18:00:37.473926+00
230	nonnvarying_sentence_length	15	2022-05-12 18:00:37.474605+00	2022-05-12 18:00:37.474605+00
231	wordiness	15	2022-05-12 18:00:37.475293+00	2022-05-12 18:00:37.475293+00
232	grammatical_errors	15	2022-05-12 18:00:37.475981+00	2022-05-12 18:00:37.475981+00
233	common_requests	15	2022-05-12 18:00:37.476724+00	2022-05-12 18:00:37.476724+00
234	inference	13	2022-05-12 18:00:37.477432+00	2022-05-12 18:00:37.477432+00
235	integumentary	24	2022-05-12 18:00:37.478122+00	2022-05-12 18:00:37.478122+00
236	little_detail	13	2022-05-12 18:00:37.478782+00	2022-05-12 18:00:37.478782+00
237	lymphatic	24	2022-05-12 18:00:37.47943+00	2022-05-12 18:00:37.47943+00
238	muscular	24	2022-05-12 18:00:37.480082+00	2022-05-12 18:00:37.480082+00
239	nervous	24	2022-05-12 18:00:37.480751+00	2022-05-12 18:00:37.480751+00
240	probingqs	23	2022-05-12 18:00:37.481408+00	2022-05-12 18:00:37.481408+00
241	questions	23	2022-05-12 18:00:37.482092+00	2022-05-12 18:00:37.482092+00
242	reproductive	24	2022-05-12 18:00:37.482774+00	2022-05-12 18:00:37.482774+00
243	respiratory	24	2022-05-12 18:00:37.483512+00	2022-05-12 18:00:37.483512+00
244	sense_organs	24	2022-05-12 18:00:37.484171+00	2022-05-12 18:00:37.484171+00
245	skeletal	24	2022-05-12 18:00:37.48481+00	2022-05-12 18:00:37.48481+00
246	texttype	23	2022-05-12 18:00:37.485839+00	2022-05-12 18:00:37.485839+00
247	tissues	24	2022-05-12 18:00:37.486606+00	2022-05-12 18:00:37.486606+00
248	urinary	24	2022-05-12 18:00:37.487298+00	2022-05-12 18:00:37.487298+00
249	vocab_in_context	13	2022-05-12 18:00:37.488023+00	2022-05-12 18:00:37.488023+00
250	vocabulary	23	2022-05-12 18:00:37.488837+00	2022-05-12 18:00:37.488837+00
251	activatebk	23	2022-05-12 18:00:37.489616+00	2022-05-12 18:00:37.489616+00
252	author_technique	13	2022-05-12 18:00:37.49032+00	2022-05-12 18:00:37.49032+00
253	backgroundknowledge	23	2022-05-12 18:00:37.491002+00	2022-05-12 18:00:37.491002+00
254	big_picture	13	2022-05-12 18:00:37.49167+00	2022-05-12 18:00:37.49167+00
255	cells	24	2022-05-12 18:00:37.492371+00	2022-05-12 18:00:37.492371+00
256	circulatory_system	24	2022-05-12 18:00:37.493081+00	2022-05-12 18:00:37.493081+00
257	comprehensionsupport	23	2022-05-12 18:00:37.49383+00	2022-05-12 18:00:37.49383+00
258	context	23	2022-05-12 18:00:37.494682+00	2022-05-12 18:00:37.494682+00
259	corrections	23	2022-05-12 18:00:37.495322+00	2022-05-12 18:00:37.495322+00
260	digestive	24	2022-05-12 18:00:37.497214+00	2022-05-12 18:00:37.497214+00
261	editing	23	2022-05-12 18:00:37.49803+00	2022-05-12 18:00:37.49803+00
262	endocrine	24	2022-05-12 18:00:37.498792+00	2022-05-12 18:00:37.498792+00
263	evidence_support	13	2022-05-12 18:00:37.499628+00	2022-05-12 18:00:37.499628+00
264	function	13	2022-05-12 18:00:37.50038+00	2022-05-12 18:00:37.50038+00
265	strategies	12	2022-05-12 18:00:37.501064+00	2022-05-12 18:00:37.501064+00
266	unit circle	18	2022-05-12 18:00:37.502122+00	2022-05-12 18:00:37.502122+00
267	dynamics 1	6	2022-05-12 18:00:37.502978+00	2022-05-12 18:00:37.502978+00
268	energy 1	6	2022-05-12 18:00:37.503781+00	2022-05-12 18:00:37.503781+00
269	dynamics 2	6	2022-05-12 18:00:37.504539+00	2022-05-12 18:00:37.504539+00
270	energy 2	6	2022-05-12 18:00:37.505314+00	2022-05-12 18:00:37.505314+00
271	pythagorean theorem	18	2022-05-12 18:00:37.506357+00	2022-05-12 18:00:37.506357+00
272	degrees and radians	18	2022-05-12 18:00:37.507174+00	2022-05-12 18:00:37.507174+00
273	graphing trig functions	18	2022-05-12 18:00:37.507869+00	2022-05-12 18:00:37.507869+00
274	inverse trig functions	18	2022-05-12 18:00:37.509322+00	2022-05-12 18:00:37.509322+00
275	trigonometric identities	18	2022-05-12 18:00:37.510147+00	2022-05-12 18:00:37.510147+00
276	complex numbers	19	2022-05-12 18:00:37.51093+00	2022-05-12 18:00:37.51093+00
277	conic sections	19	2022-05-12 18:00:37.511714+00	2022-05-12 18:00:37.511714+00
278	graphing exponential functions	19	2022-05-12 18:00:37.513024+00	2022-05-12 18:00:37.513024+00
279	graphing polynomials	19	2022-05-12 18:00:37.51378+00	2022-05-12 18:00:37.51378+00
280	graphing rational functions	19	2022-05-12 18:00:37.514711+00	2022-05-12 18:00:37.514711+00
281	logarithms	19	2022-05-12 18:00:37.515471+00	2022-05-12 18:00:37.515471+00
282	inverse functions	19	2022-05-12 18:00:37.516329+00	2022-05-12 18:00:37.516329+00
283	polynomial division	19	2022-05-12 18:00:37.517159+00	2022-05-12 18:00:37.517159+00
284	rational expressions	19	2022-05-12 18:00:37.517954+00	2022-05-12 18:00:37.517954+00
285	sequences series	19	2022-05-12 18:00:37.518701+00	2022-05-12 18:00:37.518701+00
286	exponential logarithmic equations	19	2022-05-12 18:00:37.519462+00	2022-05-12 18:00:37.519462+00
287	other equations	19	2022-05-12 18:00:37.520214+00	2022-05-12 18:00:37.520214+00
288	quadratic and absolute	19	2022-05-12 18:00:37.520926+00	2022-05-12 18:00:37.520926+00
289	solving quadratic equations	19	2022-05-12 18:00:37.521622+00	2022-05-12 18:00:37.521622+00
290	transformations functions	19	2022-05-12 18:00:37.522551+00	2022-05-12 18:00:37.522551+00
291	vectors	19	2022-05-12 18:00:37.523517+00	2022-05-12 18:00:37.523517+00
292	trig functions	18	2022-05-12 18:00:37.525186+00	2022-05-12 18:00:37.525186+00
293	random variables and distributions	2	2022-05-12 18:00:37.526135+00	2022-05-12 18:00:37.526135+00
294	kinematics 2	6	2022-05-12 18:00:37.527134+00	2022-05-12 18:00:37.527134+00
295	DC Circuits	6	2022-05-12 18:00:37.528172+00	2022-05-12 18:00:37.528172+00
296	rotational motion	6	2022-05-12 18:00:37.529175+00	2022-05-12 18:00:37.529175+00
297	polynomials	12	2022-05-12 18:00:37.530339+00	2022-05-12 18:00:37.530339+00
298	functions	12	2022-05-12 18:00:37.531253+00	2022-05-12 18:00:37.531253+00
299	angles	12	2022-05-12 18:00:37.532181+00	2022-05-12 18:00:37.532181+00
\.


--
-- Data for Name: quiz_questions; Type: TABLE DATA; Schema: upchieve; Owner: admin
--

COPY upchieve.quiz_questions (id, question_text, possible_answers, correct_answer, quiz_subcategory_id, image_source, created_at, updated_at, mongo_id) FROM stdin;
\.


--
-- Data for Name: report_reasons; Type: TABLE DATA; Schema: upchieve; Owner: admin
--

COPY upchieve.report_reasons (id, reason, created_at, updated_at) FROM stdin;
1	This student was extremely rude or inappropriate	2022-05-12 18:00:37.613374+00	2022-05-12 18:00:37.613374+00
2	I am worried for the immediate safety of this student	2022-05-12 18:00:37.614142+00	2022-05-12 18:00:37.614142+00
3	LEGACY: Student was unresponsive	2022-05-12 18:00:37.614798+00	2022-05-12 18:00:37.614798+00
4	LEGACY: Technical issue	2022-05-12 18:00:37.615451+00	2022-05-12 18:00:37.615451+00
5	LEGACY: Other	2022-05-12 18:00:37.616063+00	2022-05-12 18:00:37.616063+00
\.


--
-- Data for Name: required_email_domains; Type: TABLE DATA; Schema: upchieve; Owner: admin
--

COPY upchieve.required_email_domains (id, domain, volunteer_partner_org_id, created_at, updated_at) FROM stdin;
0180b96e-0fe4-5b9d-8a0e-1e68ba8d4239	mailtrap.com	0180b96e-0fe1-9052-8662-af225076643b	2022-05-12 18:00:39.652972+00	2022-05-12 18:00:39.652972+00
\.


--
-- Data for Name: school_nces_metadata; Type: TABLE DATA; Schema: upchieve; Owner: admin
--

COPY upchieve.school_nces_metadata (school_id, created_at, updated_at, school_year, fipst, statename, st, sch_name, lea_name, state_agency_no, "union", st_leaid, leaid, st_schid, ncessch, schid, mstreet1, mstreet2, mstreet3, mcity, mstate, mzip, mzip4, lstreet1, lstreet2, lstreet3, lcity, lzip, lzip4, phone, website, sy_status, sy_status_text, updated_status, updated_status_text, effective_date, sch_type, sch_type_text, recon_status, out_of_state_flag, charter_text, chartauth1, chartauthn1, chartauth2, chartauthn2, nogrades, g_pk_offered, g_kg_offered, g_1_offered, g_2_offered, g_3_offered, g_4_offered, g_5_offered, g_6_offered, g_7_offered, g_8_offered, g_9_offered, g_10_offered, g_11_offered, g_12_offered, g_13_offered, g_ug_offered, g_ae_offered, gslo, gshi, level, igoffered) FROM stdin;
\.


--
-- Data for Name: schools_sponsor_orgs; Type: TABLE DATA; Schema: upchieve; Owner: admin
--

COPY upchieve.schools_sponsor_orgs (school_id, sponsor_org_id, created_at, updated_at) FROM stdin;
0180b96e-0fe9-2a80-24d8-fb5c3322324e	0180b96e-0fee-6f7f-32a3-977a35267844	2022-05-12 18:00:39.666375+00	2022-05-12 18:00:39.666375+00
0180b96e-0fe9-1534-5d02-756b4e686fad	0180b96e-0fee-3224-33af-0ff6562cc59e	2022-05-12 18:00:39.667456+00	2022-05-12 18:00:39.667456+00
\.


--
-- Data for Name: session_failed_joins; Type: TABLE DATA; Schema: upchieve; Owner: admin
--

COPY upchieve.session_failed_joins (session_id, user_id, created_at, updated_at) FROM stdin;
\.


--
-- Data for Name: session_flags; Type: TABLE DATA; Schema: upchieve; Owner: admin
--

COPY upchieve.session_flags (id, name, created_at, updated_at) FROM stdin;
1	Absent student	2022-05-12 18:00:37.604958+00	2022-05-12 18:00:37.604958+00
2	Absent volunteer	2022-05-12 18:00:37.605889+00	2022-05-12 18:00:37.605889+00
3	Low session rating from coach	2022-05-12 18:00:37.606548+00	2022-05-12 18:00:37.606548+00
4	Low session rating from student	2022-05-12 18:00:37.60741+00	2022-05-12 18:00:37.60741+00
5	Low coach rating from student	2022-05-12 18:00:37.60815+00	2022-05-12 18:00:37.60815+00
6	Reported	2022-05-12 18:00:37.60886+00	2022-05-12 18:00:37.60886+00
7	Only looking for answers	2022-05-12 18:00:37.609481+00	2022-05-12 18:00:37.609481+00
8	Rude or inappropriate	2022-05-12 18:00:37.610156+00	2022-05-12 18:00:37.610156+00
9	Comment from student	2022-05-12 18:00:37.610786+00	2022-05-12 18:00:37.610786+00
10	Comment from volunteer	2022-05-12 18:00:37.611415+00	2022-05-12 18:00:37.611415+00
11	Has been unmatched	2022-05-12 18:00:37.612056+00	2022-05-12 18:00:37.612056+00
12	Has had technical issues	2022-05-12 18:00:37.612661+00	2022-05-12 18:00:37.612661+00
\.


--
-- Data for Name: session_messages; Type: TABLE DATA; Schema: upchieve; Owner: admin
--

COPY upchieve.session_messages (id, sender_id, contents, session_id, created_at, updated_at, mongo_id) FROM stdin;
\.


--
-- Data for Name: session_photos; Type: TABLE DATA; Schema: upchieve; Owner: admin
--

COPY upchieve.session_photos (session_id, photo_key, created_at, updated_at) FROM stdin;
\.


--
-- Data for Name: session_reports; Type: TABLE DATA; Schema: upchieve; Owner: admin
--

COPY upchieve.session_reports (id, report_reason_id, report_message, reporting_user_id, session_id, reported_user_id, created_at, updated_at) FROM stdin;
\.


--
-- Data for Name: session_review_reasons; Type: TABLE DATA; Schema: upchieve; Owner: admin
--

COPY upchieve.session_review_reasons (session_id, session_flag_id, created_at, updated_at) FROM stdin;
\.


--
-- Data for Name: sessions_session_flags; Type: TABLE DATA; Schema: upchieve; Owner: admin
--

COPY upchieve.sessions_session_flags (session_id, session_flag_id, created_at, updated_at) FROM stdin;
\.


--
-- Data for Name: student_favorite_volunteers; Type: TABLE DATA; Schema: upchieve; Owner: admin
--

COPY upchieve.student_favorite_volunteers (student_id, volunteer_id, created_at, updated_at) FROM stdin;
\.


--
-- Data for Name: student_partner_org_sites; Type: TABLE DATA; Schema: upchieve; Owner: admin
--

COPY upchieve.student_partner_org_sites (id, name, student_partner_org_id, created_at, updated_at) FROM stdin;
0180b96e-0fdc-a5b6-ecf7-89b2055c6d2a	Brooklyn	0180b96e-0f8c-1ebd-92f4-ad5195e4f6ca	2022-05-12 18:00:39.645216+00	2022-05-12 18:00:39.645216+00
0180b96e-0fdc-0607-008b-88d8ebd407ca	Denver	0180b96e-0f8c-1ebd-92f4-ad5195e4f6ca	2022-05-12 18:00:39.648065+00	2022-05-12 18:00:39.648065+00
0180b96e-0fdc-470b-8e55-bfbf971d20a2	Oakland	0180b96e-0f8c-1ebd-92f4-ad5195e4f6ca	2022-05-12 18:00:39.649402+00	2022-05-12 18:00:39.649402+00
\.


--
-- Data for Name: student_partner_orgs_sponsor_orgs; Type: TABLE DATA; Schema: upchieve; Owner: admin
--

COPY upchieve.student_partner_orgs_sponsor_orgs (student_partner_org_id, sponsor_org_id, created_at, updated_at) FROM stdin;
0180b96e-0f8c-5d8d-3d69-6b3aa199866d	0180b96e-0fee-121b-0568-0e73106f59f8	2022-05-12 18:00:39.668347+00	2022-05-12 18:00:39.668347+00
0180b96e-0f8c-fefb-d2cd-d565a7467abe	0180b96e-0fee-3224-33af-0ff6562cc59e	2022-05-12 18:00:39.669488+00	2022-05-12 18:00:39.669488+00
\.


--
-- Data for Name: student_profiles; Type: TABLE DATA; Schema: upchieve; Owner: admin
--

COPY upchieve.student_profiles (user_id, college, school_id, postal_code, grade_level_id, student_partner_org_user_id, student_partner_org_id, student_partner_org_site_id, created_at, updated_at) FROM stdin;
0180b96e-1047-27d0-428c-87702270fe87	\N	0180b96e-0fe9-e7ec-df77-d64d1862ba24	\N	\N	\N	\N	\N	2022-05-12 18:00:39.754473+00	2022-05-12 18:00:39.754473+00
0180b96e-1047-d195-27b4-354b11c9f67c	\N	0180b96e-0fe9-2a80-24d8-fb5c3322324e	\N	\N	\N	0180b96e-0f8c-1ebd-92f4-ad5195e4f6ca	\N	2022-05-12 18:00:39.755465+00	2022-05-12 18:00:39.755465+00
0180b96e-1047-6e43-3a23-46e4af0b4ab4	\N	\N	\N	\N	\N	0180b96e-0f8c-fefb-d2cd-d565a7467abe	\N	2022-05-12 18:00:39.756317+00	2022-05-12 18:00:39.756317+00
\.


--
-- Data for Name: training_courses; Type: TABLE DATA; Schema: upchieve; Owner: admin
--

COPY upchieve.training_courses (id, name, created_at, updated_at) FROM stdin;
1	upchieve101	2022-05-12 18:00:37.24657+00	2022-05-12 18:00:37.24657+00
\.


--
-- Data for Name: user_actions; Type: TABLE DATA; Schema: upchieve; Owner: admin
--

COPY upchieve.user_actions (id, user_id, session_id, action_type, action, ip_address_id, device, browser, browser_version, operating_system, operating_system_version, quiz_subcategory, quiz_category, created_at, updated_at, mongo_id, reference_email, volunteer_id, ban_reason) FROM stdin;
\.


--
-- Data for Name: user_product_flags; Type: TABLE DATA; Schema: upchieve; Owner: admin
--

COPY upchieve.user_product_flags (user_id, sent_ready_to_coach_email, sent_hour_summary_intro_email, sent_inactive_thirty_day_email, sent_inactive_sixty_day_email, sent_inactive_ninety_day_email, gates_qualified, created_at, updated_at, in_gates_study) FROM stdin;
\.


--
-- Data for Name: user_session_metrics; Type: TABLE DATA; Schema: upchieve; Owner: admin
--

COPY upchieve.user_session_metrics (user_id, absent_student, absent_volunteer, low_session_rating_from_coach, low_session_rating_from_student, low_coach_rating_from_student, reported, only_looking_for_answers, rude_or_inappropriate, comment_from_student, comment_from_volunteer, has_been_unmatched, has_had_technical_issues, created_at, updated_at) FROM stdin;
\.


--
-- Data for Name: users_certifications; Type: TABLE DATA; Schema: upchieve; Owner: admin
--

COPY upchieve.users_certifications (user_id, certification_id, created_at, updated_at) FROM stdin;
0180b96e-0ff8-9502-b4a4-d417a4083a8e	1	2022-05-12 18:00:39.686139+00	2022-05-12 18:00:39.686139+00
0180b96e-0ff8-9502-b4a4-d417a4083a8e	16	2022-05-12 18:00:39.68733+00	2022-05-12 18:00:39.68733+00
0180b96e-0ff8-9502-b4a4-d417a4083a8e	17	2022-05-12 18:00:39.688328+00	2022-05-12 18:00:39.688328+00
0180b96e-0ff8-9502-b4a4-d417a4083a8e	11	2022-05-12 18:00:39.689266+00	2022-05-12 18:00:39.689266+00
0180b96e-0ff8-9502-b4a4-d417a4083a8e	4	2022-05-12 18:00:39.690207+00	2022-05-12 18:00:39.690207+00
0180b96e-0ff8-9502-b4a4-d417a4083a8e	20	2022-05-12 18:00:39.691086+00	2022-05-12 18:00:39.691086+00
0180b96e-0ff8-9502-b4a4-d417a4083a8e	5	2022-05-12 18:00:39.691913+00	2022-05-12 18:00:39.691913+00
0180b96e-0ff8-9502-b4a4-d417a4083a8e	9	2022-05-12 18:00:39.692776+00	2022-05-12 18:00:39.692776+00
0180b96e-0ff8-9502-b4a4-d417a4083a8e	3	2022-05-12 18:00:39.693661+00	2022-05-12 18:00:39.693661+00
0180b96e-0ff8-9502-b4a4-d417a4083a8e	6	2022-05-12 18:00:39.694521+00	2022-05-12 18:00:39.694521+00
0180b96e-0ff8-9502-b4a4-d417a4083a8e	19	2022-05-12 18:00:39.695422+00	2022-05-12 18:00:39.695422+00
0180b96e-0ff8-9502-b4a4-d417a4083a8e	18	2022-05-12 18:00:39.696216+00	2022-05-12 18:00:39.696216+00
0180b96e-0ff8-9502-b4a4-d417a4083a8e	15	2022-05-12 18:00:39.696937+00	2022-05-12 18:00:39.696937+00
0180b96e-0ff8-7287-483a-5e8232f39358	1	2022-05-12 18:00:39.697712+00	2022-05-12 18:00:39.697712+00
0180b96e-0ff8-7287-483a-5e8232f39358	16	2022-05-12 18:00:39.698506+00	2022-05-12 18:00:39.698506+00
0180b96e-0ff8-7287-483a-5e8232f39358	17	2022-05-12 18:00:39.699445+00	2022-05-12 18:00:39.699445+00
0180b96e-0ff8-7287-483a-5e8232f39358	10	2022-05-12 18:00:39.700185+00	2022-05-12 18:00:39.700185+00
0180b96e-0ff8-7287-483a-5e8232f39358	4	2022-05-12 18:00:39.70096+00	2022-05-12 18:00:39.70096+00
0180b96e-0ff8-7287-483a-5e8232f39358	20	2022-05-12 18:00:39.701718+00	2022-05-12 18:00:39.701718+00
0180b96e-0ff8-7287-483a-5e8232f39358	5	2022-05-12 18:00:39.702448+00	2022-05-12 18:00:39.702448+00
0180b96e-0ff8-7287-483a-5e8232f39358	9	2022-05-12 18:00:39.703163+00	2022-05-12 18:00:39.703163+00
0180b96e-0ff8-7287-483a-5e8232f39358	3	2022-05-12 18:00:39.7039+00	2022-05-12 18:00:39.7039+00
0180b96e-0ff8-7287-483a-5e8232f39358	6	2022-05-12 18:00:39.704579+00	2022-05-12 18:00:39.704579+00
0180b96e-0ff8-7287-483a-5e8232f39358	11	2022-05-12 18:00:39.705312+00	2022-05-12 18:00:39.705312+00
0180b96e-0ff8-7287-483a-5e8232f39358	19	2022-05-12 18:00:39.706094+00	2022-05-12 18:00:39.706094+00
0180b96e-0ff8-7287-483a-5e8232f39358	18	2022-05-12 18:00:39.706819+00	2022-05-12 18:00:39.706819+00
0180b96e-0ff8-8f77-b453-2ee851cbb44a	1	2022-05-12 18:00:39.707643+00	2022-05-12 18:00:39.707643+00
0180b96e-0ff8-8f77-b453-2ee851cbb44a	16	2022-05-12 18:00:39.708414+00	2022-05-12 18:00:39.708414+00
0180b96e-0ff8-8f77-b453-2ee851cbb44a	17	2022-05-12 18:00:39.709196+00	2022-05-12 18:00:39.709196+00
0180b96e-0ff8-8f77-b453-2ee851cbb44a	10	2022-05-12 18:00:39.709965+00	2022-05-12 18:00:39.709965+00
0180b96e-0ff8-8f77-b453-2ee851cbb44a	4	2022-05-12 18:00:39.710707+00	2022-05-12 18:00:39.710707+00
0180b96e-0ff8-8f77-b453-2ee851cbb44a	20	2022-05-12 18:00:39.711496+00	2022-05-12 18:00:39.711496+00
0180b96e-0ff8-8f77-b453-2ee851cbb44a	5	2022-05-12 18:00:39.712285+00	2022-05-12 18:00:39.712285+00
0180b96e-0ff8-8f77-b453-2ee851cbb44a	9	2022-05-12 18:00:39.713039+00	2022-05-12 18:00:39.713039+00
0180b96e-0ff8-8f77-b453-2ee851cbb44a	3	2022-05-12 18:00:39.713844+00	2022-05-12 18:00:39.713844+00
0180b96e-0ff8-8f77-b453-2ee851cbb44a	6	2022-05-12 18:00:39.714576+00	2022-05-12 18:00:39.714576+00
0180b96e-0ff8-8f77-b453-2ee851cbb44a	11	2022-05-12 18:00:39.715326+00	2022-05-12 18:00:39.715326+00
0180b96e-0ff8-8f77-b453-2ee851cbb44a	19	2022-05-12 18:00:39.716365+00	2022-05-12 18:00:39.716365+00
0180b96e-0ff8-8f77-b453-2ee851cbb44a	18	2022-05-12 18:00:39.717166+00	2022-05-12 18:00:39.717166+00
\.


--
-- Data for Name: users_ip_addresses; Type: TABLE DATA; Schema: upchieve; Owner: admin
--

COPY upchieve.users_ip_addresses (id, ip_address_id, user_id, created_at, updated_at) FROM stdin;
\.


--
-- Data for Name: users_quizzes; Type: TABLE DATA; Schema: upchieve; Owner: admin
--

COPY upchieve.users_quizzes (user_id, quiz_id, attempts, passed, created_at, updated_at) FROM stdin;
0180b96e-0ff8-9502-b4a4-d417a4083a8e	1	1	t	2022-05-12 18:00:39.717968+00	2022-05-12 18:00:39.717968+00
0180b96e-0ff8-9502-b4a4-d417a4083a8e	16	1	t	2022-05-12 18:00:39.718986+00	2022-05-12 18:00:39.718986+00
0180b96e-0ff8-9502-b4a4-d417a4083a8e	17	1	t	2022-05-12 18:00:39.719877+00	2022-05-12 18:00:39.719877+00
0180b96e-0ff8-9502-b4a4-d417a4083a8e	10	1	t	2022-05-12 18:00:39.720719+00	2022-05-12 18:00:39.720719+00
0180b96e-0ff8-9502-b4a4-d417a4083a8e	4	1	t	2022-05-12 18:00:39.721562+00	2022-05-12 18:00:39.721562+00
0180b96e-0ff8-9502-b4a4-d417a4083a8e	20	1	t	2022-05-12 18:00:39.722327+00	2022-05-12 18:00:39.722327+00
0180b96e-0ff8-9502-b4a4-d417a4083a8e	5	1	t	2022-05-12 18:00:39.723183+00	2022-05-12 18:00:39.723183+00
0180b96e-0ff8-9502-b4a4-d417a4083a8e	9	1	t	2022-05-12 18:00:39.72394+00	2022-05-12 18:00:39.72394+00
0180b96e-0ff8-9502-b4a4-d417a4083a8e	3	1	t	2022-05-12 18:00:39.724728+00	2022-05-12 18:00:39.724728+00
0180b96e-0ff8-9502-b4a4-d417a4083a8e	6	1	t	2022-05-12 18:00:39.72576+00	2022-05-12 18:00:39.72576+00
0180b96e-0ff8-9502-b4a4-d417a4083a8e	11	1	t	2022-05-12 18:00:39.726545+00	2022-05-12 18:00:39.726545+00
0180b96e-0ff8-9502-b4a4-d417a4083a8e	19	1	t	2022-05-12 18:00:39.727325+00	2022-05-12 18:00:39.727325+00
0180b96e-0ff8-9502-b4a4-d417a4083a8e	18	1	t	2022-05-12 18:00:39.728132+00	2022-05-12 18:00:39.728132+00
0180b96e-0ff8-9502-b4a4-d417a4083a8e	15	1	t	2022-05-12 18:00:39.72892+00	2022-05-12 18:00:39.72892+00
0180b96e-0ff8-9502-b4a4-d417a4083a8e	23	1	t	2022-05-12 18:00:39.729766+00	2022-05-12 18:00:39.729766+00
0180b96e-0ff8-7287-483a-5e8232f39358	1	1	t	2022-05-12 18:00:39.730535+00	2022-05-12 18:00:39.730535+00
0180b96e-0ff8-7287-483a-5e8232f39358	16	1	t	2022-05-12 18:00:39.731279+00	2022-05-12 18:00:39.731279+00
0180b96e-0ff8-7287-483a-5e8232f39358	17	1	t	2022-05-12 18:00:39.732039+00	2022-05-12 18:00:39.732039+00
0180b96e-0ff8-7287-483a-5e8232f39358	10	1	t	2022-05-12 18:00:39.732788+00	2022-05-12 18:00:39.732788+00
0180b96e-0ff8-7287-483a-5e8232f39358	4	1	t	2022-05-12 18:00:39.733652+00	2022-05-12 18:00:39.733652+00
0180b96e-0ff8-7287-483a-5e8232f39358	20	1	t	2022-05-12 18:00:39.734462+00	2022-05-12 18:00:39.734462+00
0180b96e-0ff8-7287-483a-5e8232f39358	5	1	t	2022-05-12 18:00:39.735208+00	2022-05-12 18:00:39.735208+00
0180b96e-0ff8-7287-483a-5e8232f39358	9	1	t	2022-05-12 18:00:39.735938+00	2022-05-12 18:00:39.735938+00
0180b96e-0ff8-7287-483a-5e8232f39358	3	1	t	2022-05-12 18:00:39.736694+00	2022-05-12 18:00:39.736694+00
0180b96e-0ff8-7287-483a-5e8232f39358	6	1	t	2022-05-12 18:00:39.737473+00	2022-05-12 18:00:39.737473+00
0180b96e-0ff8-7287-483a-5e8232f39358	11	1	t	2022-05-12 18:00:39.738234+00	2022-05-12 18:00:39.738234+00
0180b96e-0ff8-7287-483a-5e8232f39358	19	1	t	2022-05-12 18:00:39.739051+00	2022-05-12 18:00:39.739051+00
0180b96e-0ff8-7287-483a-5e8232f39358	18	1	t	2022-05-12 18:00:39.739831+00	2022-05-12 18:00:39.739831+00
0180b96e-0ff8-8f77-b453-2ee851cbb44a	1	1	t	2022-05-12 18:00:39.740669+00	2022-05-12 18:00:39.740669+00
0180b96e-0ff8-8f77-b453-2ee851cbb44a	16	1	t	2022-05-12 18:00:39.741504+00	2022-05-12 18:00:39.741504+00
0180b96e-0ff8-8f77-b453-2ee851cbb44a	17	1	t	2022-05-12 18:00:39.742229+00	2022-05-12 18:00:39.742229+00
0180b96e-0ff8-8f77-b453-2ee851cbb44a	10	1	t	2022-05-12 18:00:39.743003+00	2022-05-12 18:00:39.743003+00
0180b96e-0ff8-8f77-b453-2ee851cbb44a	4	1	t	2022-05-12 18:00:39.743734+00	2022-05-12 18:00:39.743734+00
0180b96e-0ff8-8f77-b453-2ee851cbb44a	20	1	t	2022-05-12 18:00:39.744461+00	2022-05-12 18:00:39.744461+00
0180b96e-0ff8-8f77-b453-2ee851cbb44a	5	1	t	2022-05-12 18:00:39.745233+00	2022-05-12 18:00:39.745233+00
0180b96e-0ff8-8f77-b453-2ee851cbb44a	9	1	t	2022-05-12 18:00:39.745989+00	2022-05-12 18:00:39.745989+00
0180b96e-0ff8-8f77-b453-2ee851cbb44a	3	1	t	2022-05-12 18:00:39.746791+00	2022-05-12 18:00:39.746791+00
0180b96e-0ff8-8f77-b453-2ee851cbb44a	6	1	t	2022-05-12 18:00:39.747483+00	2022-05-12 18:00:39.747483+00
0180b96e-0ff8-8f77-b453-2ee851cbb44a	11	1	t	2022-05-12 18:00:39.748277+00	2022-05-12 18:00:39.748277+00
0180b96e-0ff8-8f77-b453-2ee851cbb44a	19	1	t	2022-05-12 18:00:39.749078+00	2022-05-12 18:00:39.749078+00
0180b96e-0ff8-8f77-b453-2ee851cbb44a	18	1	t	2022-05-12 18:00:39.749806+00	2022-05-12 18:00:39.749806+00
\.


--
-- Data for Name: users_roles; Type: TABLE DATA; Schema: upchieve; Owner: admin
--

COPY upchieve.users_roles (user_id, role_id, created_at, updated_at) FROM stdin;
\.


--
-- Data for Name: users_training_courses; Type: TABLE DATA; Schema: upchieve; Owner: admin
--

COPY upchieve.users_training_courses (user_id, training_course_id, complete, progress, completed_materials, created_at, updated_at) FROM stdin;
\.


--
-- Data for Name: volunteer_occupations; Type: TABLE DATA; Schema: upchieve; Owner: admin
--

COPY upchieve.volunteer_occupations (user_id, occupation, created_at, updated_at) FROM stdin;
\.


--
-- Data for Name: volunteer_profiles; Type: TABLE DATA; Schema: upchieve; Owner: admin
--

COPY upchieve.volunteer_profiles (user_id, volunteer_partner_org_id, timezone, approved, onboarded, photo_id_s3_key, photo_id_status, linkedin_url, college, company, languages, experience, city, state, country, created_at, updated_at, total_volunteer_hours, elapsed_availability) FROM stdin;
0180b96e-0ff8-9502-b4a4-d417a4083a8e	0180b96e-0fe1-3a4c-d965-a4db2778e840	America/New_York	t	t	\N	\N	\N	Volunteer College	\N	\N	\N	\N	\N	\N	2022-05-12 18:00:39.680596+00	2022-05-12 18:00:39.680596+00	\N	\N
0180b96e-0ff8-7287-483a-5e8232f39358	0180b96e-0fe1-9052-8662-af225076643b	America/New_York	t	t	\N	\N	\N	Volunteer College	\N	\N	\N	\N	\N	\N	2022-05-12 18:00:39.681693+00	2022-05-12 18:00:39.681693+00	\N	\N
0180b96e-0ff8-8f77-b453-2ee851cbb44a	\N	America/Denver	t	t	\N	\N	\N	Volunteer College	\N	\N	\N	\N	\N	\N	2022-05-12 18:00:39.682628+00	2022-05-12 18:00:39.682628+00	\N	\N
0180b96e-0ff8-7677-6957-9c30f5b9c564	\N	America/New_York	t	f	\N	\N	\N	Volunteer College	\N	\N	\N	\N	\N	\N	2022-05-12 18:00:39.683496+00	2022-05-12 18:00:39.683496+00	\N	\N
0180b96e-0ff8-aed3-c549-ab41a9c0eb91	\N	America/New_York	f	f	\N	\N	\N	Volunteer College	\N	\N	\N	\N	\N	\N	2022-05-12 18:00:39.684389+00	2022-05-12 18:00:39.684389+00	\N	\N
0180b96e-0ff8-5ee5-b019-b930d60be6e5	\N	America/New_York	t	t	\N	\N	\N		\N	\N	\N	\N	\N	\N	2022-05-12 18:00:39.685215+00	2022-05-12 18:00:39.685215+00	\N	\N
\.


--
-- Data for Name: volunteer_reference_statuses; Type: TABLE DATA; Schema: upchieve; Owner: admin
--

COPY upchieve.volunteer_reference_statuses (id, name, created_at, updated_at) FROM stdin;
1	sent	2022-05-12 18:00:37.247482+00	2022-05-12 18:00:37.247482+00
2	submitted	2022-05-12 18:00:37.248366+00	2022-05-12 18:00:37.248366+00
3	approved	2022-05-12 18:00:37.249079+00	2022-05-12 18:00:37.249079+00
4	rejected	2022-05-12 18:00:37.249918+00	2022-05-12 18:00:37.249918+00
5	removed	2022-05-12 18:00:37.250637+00	2022-05-12 18:00:37.250637+00
6	unsent	2022-05-12 18:00:37.251471+00	2022-05-12 18:00:37.251471+00
\.


--
-- Data for Name: volunteer_references; Type: TABLE DATA; Schema: upchieve; Owner: admin
--

COPY upchieve.volunteer_references (id, user_id, first_name, last_name, email, status_id, sent_at, affiliation, relationship_length, patient, positive_role_model, agreeable_and_approachable, communicates_effectively, rejection_reason, additional_info, created_at, updated_at, trustworthy_with_children) FROM stdin;
\.


--
-- Name: ban_reasons_id_seq; Type: SEQUENCE SET; Schema: upchieve; Owner: admin
--

SELECT pg_catalog.setval('upchieve.ban_reasons_id_seq', 5, true);


--
-- Name: certifications_id_seq; Type: SEQUENCE SET; Schema: upchieve; Owner: admin
--

SELECT pg_catalog.setval('upchieve.certifications_id_seq', 22, true);


--
-- Name: cities_id_seq; Type: SEQUENCE SET; Schema: upchieve; Owner: admin
--

SELECT pg_catalog.setval('upchieve.cities_id_seq', 2, true);


--
-- Name: grade_levels_id_seq; Type: SEQUENCE SET; Schema: upchieve; Owner: admin
--

SELECT pg_catalog.setval('upchieve.grade_levels_id_seq', 6, true);


--
-- Name: ip_addresses_id_seq; Type: SEQUENCE SET; Schema: upchieve; Owner: admin
--

SELECT pg_catalog.setval('upchieve.ip_addresses_id_seq', 1, false);


--
-- Name: notification_methods_id_seq; Type: SEQUENCE SET; Schema: upchieve; Owner: admin
--

SELECT pg_catalog.setval('upchieve.notification_methods_id_seq', 4, true);


--
-- Name: notification_priority_groups_id_seq; Type: SEQUENCE SET; Schema: upchieve; Owner: admin
--

SELECT pg_catalog.setval('upchieve.notification_priority_groups_id_seq', 19, true);


--
-- Name: notification_types_id_seq; Type: SEQUENCE SET; Schema: upchieve; Owner: admin
--

SELECT pg_catalog.setval('upchieve.notification_types_id_seq', 2, true);


--
-- Name: photo_id_statuses_id_seq; Type: SEQUENCE SET; Schema: upchieve; Owner: admin
--

SELECT pg_catalog.setval('upchieve.photo_id_statuses_id_seq', 4, true);


--
-- Name: quiz_questions_id_seq; Type: SEQUENCE SET; Schema: upchieve; Owner: admin
--

SELECT pg_catalog.setval('upchieve.quiz_questions_id_seq', 1, false);


--
-- Name: quiz_subcategories_id_seq; Type: SEQUENCE SET; Schema: upchieve; Owner: admin
--

SELECT pg_catalog.setval('upchieve.quiz_subcategories_id_seq', 299, true);


--
-- Name: quizzes_id_seq; Type: SEQUENCE SET; Schema: upchieve; Owner: admin
--

SELECT pg_catalog.setval('upchieve.quizzes_id_seq', 24, true);


--
-- Name: report_reasons_id_seq; Type: SEQUENCE SET; Schema: upchieve; Owner: admin
--

SELECT pg_catalog.setval('upchieve.report_reasons_id_seq', 5, true);


--
-- Name: session_flags_id_seq; Type: SEQUENCE SET; Schema: upchieve; Owner: admin
--

SELECT pg_catalog.setval('upchieve.session_flags_id_seq', 12, true);


--
-- Name: signup_sources_id_seq; Type: SEQUENCE SET; Schema: upchieve; Owner: admin
--

SELECT pg_catalog.setval('upchieve.signup_sources_id_seq', 6, true);


--
-- Name: subjects_id_seq; Type: SEQUENCE SET; Schema: upchieve; Owner: admin
--

SELECT pg_catalog.setval('upchieve.subjects_id_seq', 25, true);


--
-- Name: tool_types_id_seq; Type: SEQUENCE SET; Schema: upchieve; Owner: admin
--

SELECT pg_catalog.setval('upchieve.tool_types_id_seq', 2, true);


--
-- Name: topics_id_seq; Type: SEQUENCE SET; Schema: upchieve; Owner: admin
--

SELECT pg_catalog.setval('upchieve.topics_id_seq', 5, true);


--
-- Name: training_courses_id_seq; Type: SEQUENCE SET; Schema: upchieve; Owner: admin
--

SELECT pg_catalog.setval('upchieve.training_courses_id_seq', 1, true);


--
-- Name: user_actions_id_seq; Type: SEQUENCE SET; Schema: upchieve; Owner: admin
--

SELECT pg_catalog.setval('upchieve.user_actions_id_seq', 1, false);


--
-- Name: user_roles_id_seq; Type: SEQUENCE SET; Schema: upchieve; Owner: admin
--

SELECT pg_catalog.setval('upchieve.user_roles_id_seq', 3, true);


--
-- Name: volunteer_reference_statuses_id_seq; Type: SEQUENCE SET; Schema: upchieve; Owner: admin
--

SELECT pg_catalog.setval('upchieve.volunteer_reference_statuses_id_seq', 6, true);


--
-- Name: weekdays_id_seq; Type: SEQUENCE SET; Schema: upchieve; Owner: admin
--

SELECT pg_catalog.setval('upchieve.weekdays_id_seq', 1, false);


--
-- PostgreSQL database dump complete
--

